,time,dust,sia,pm2p5,pans,nmvoc,nh3,pm10
0,2018-01-01 00:00:00+02:00,0.027574409,3.3499212,6.0891843,0.40731317,2.3982885,0.016826775,7.808134
1,2018-01-02 00:00:00+02:00,0.027977744,3.154068,6.762302,0.6712198,2.569455,0.063430406,9.598956
2,2018-01-03 00:00:00+02:00,0.02873496,3.81116,5.8809886,0.7017579,4.6568046,0.011970483,7.64966
3,2018-01-04 00:00:00+02:00,0.0044597047,4.2341876,7.021877,0.6778299,5.965854,0.0087016625,10.568492
4,2018-01-05 00:00:00+02:00,0.0017640655,3.8856173,7.8765407,0.63080513,4.9459996,0.023549603,13.3545065
5,2018-01-06 00:00:00+02:00,0.0052552535,3.4114246,5.4974957,0.6219598,5.160245,0.020109775,8.556184
6,2018-01-07 00:00:00+02:00,0.0165254,0.8686533,2.4460685,0.8277862,2.9708261,0.08086678,4.1535635
7,2018-01-08 00:00:00+02:00,0.024140397,0.47613487,2.1294868,0.8608093,0.97732407,0.08881702,4.7827263
8,2018-01-09 00:00:00+02:00,0.03026633,0.58960795,2.5629406,0.76175123,1.1312685,0.06733025,5.8635345
9,2018-01-10 00:00:00+02:00,0.012182095,0.38370618,1.7922255,0.70308906,1.1837966,0.13941348,3.2861147
10,2018-01-11 00:00:00+02:00,0.015019019,1.2030544,3.6186514,0.7470344,1.591754,0.13980721,6.2233815
11,2018-01-12 00:00:00+02:00,0.018019114,1.8356199,3.5471117,0.8163212,3.0950527,0.073648505,5.0240436
12,2018-01-13 00:00:00+02:00,0.037103582,3.0115175,5.5852084,0.925853,2.9437878,0.08437124,7.104779
13,2018-01-14 00:00:00+02:00,0.33108798,3.7601805,6.5068927,1.1310543,3.3758414,0.06496882,7.7345243
14,2018-01-15 00:00:00+02:00,0.2439819,3.9097435,6.5534577,1.1829032,3.19199,0.13563429,7.616636
15,2018-01-16 00:00:00+02:00,0.1780624,3.846732,6.23526,1.1436085,2.8219135,0.1432645,6.8599334
16,2018-01-17 00:00:00+02:00,0.062190965,2.8174238,5.6805477,1.1967641,5.5558543,0.07989664,6.420345
17,2018-01-18 00:00:00+02:00,0.003889678,3.5727627,7.6707497,0.80991703,5.233866,0.025131783,9.897483
18,2018-01-19 00:00:00+02:00,0.0022198064,3.524352,6.756706,0.81180996,5.6862893,0.057039578,9.183732
19,2018-01-20 00:00:00+02:00,0.0048303646,2.2584667,5.378568,0.9480353,6.406477,0.06956053,6.4058723
20,2018-01-21 00:00:00+02:00,0.0048148776,1.4843286,4.397475,1.0893301,4.3044796,0.093061686,5.9700303
21,2018-01-22 00:00:00+02:00,0.019636014,1.3588928,4.5128093,1.1167753,2.9635503,0.07010823,6.1925387
22,2018-01-23 00:00:00+02:00,0.00985941,2.31973,8.032931,1.2774318,1.998868,0.03759552,10.033988
23,2018-01-24 00:00:00+02:00,0.005038155,6.1245418,11.316917,1.1412416,5.6838717,0.009222637,14.398792
24,2018-01-25 00:00:00+02:00,0.049379375,7.90988,13.081485,0.44344795,6.70928,0.0087361615,18.207487
25,2018-01-26 00:00:00+02:00,0.05818051,8.835596,14.432038,1.0700547,7.0752587,0.021499021,17.144941
26,2018-01-27 00:00:00+02:00,0.024450285,7.6051297,15.3081665,1.0212297,8.509639,0.0091587,20.046848
27,2018-01-28 00:00:00+02:00,0.0055700485,3.4670603,7.621931,0.727124,4.832117,0.0129178325,10.537099
28,2018-01-29 00:00:00+02:00,0.0025092696,0.6165473,2.9373438,0.58890516,1.5227741,0.025131837,9.960533
29,2018-01-30 00:00:00+02:00,0.002222376,0.7413315,2.0310366,0.7242594,3.9797304,0.048531685,3.3313615
30,2018-01-31 00:00:00+02:00,0.0033580137,1.1176052,3.1671731,0.8455164,2.9972503,0.092104316,4.971833
31,2018-02-01 00:00:00+02:00,0.0030834144,5.960449,8.844564,0.7136129,4.3349066,0.02966155,17.16569
32,2018-02-02 00:00:00+02:00,0.0043193256,2.0635505,4.7777996,0.80011016,4.238465,0.063907824,6.3048053
33,2018-02-03 00:00:00+02:00,0.0010024065,2.8626802,6.0580773,0.85859513,2.4005158,0.14265364,8.628553
34,2018-02-04 00:00:00+02:00,0.011880108,1.3158764,3.8994055,1.0304452,3.7534854,0.07759332,5.2416377
35,2018-02-05 00:00:00+02:00,0.08896622,1.0110065,2.6211112,1.2221335,0.95966846,0.21117128,3.703696
36,2018-02-06 00:00:00+02:00,0.07391155,1.2006086,3.2064164,1.110457,1.6588396,0.23249508,4.042157
37,2018-02-07 00:00:00+02:00,0.06476071,6.241768,9.669972,1.2937385,3.3872855,0.38781312,11.005642
38,2018-02-08 00:00:00+02:00,0.049002677,5.9546623,10.569406,2.0968401,6.7245526,0.13792343,11.493402
39,2018-02-09 00:00:00+02:00,0.2060043,5.169308,9.48208,2.2058473,6.4496937,0.06908419,10.99042
40,2018-02-10 00:00:00+02:00,1.1746141,3.6727946,8.340678,1.8534704,3.9898422,0.09751495,9.925329
41,2018-02-11 00:00:00+02:00,0.89914936,4.472818,9.111237,2.017617,5.026048,0.27817735,10.673126
42,2018-02-12 00:00:00+02:00,0.7820732,4.492249,10.238329,2.2111428,3.481252,0.16729127,12.17027
43,2018-02-13 00:00:00+02:00,0.4222629,10.454453,18.983511,2.2229342,8.414645,0.19291653,21.069332
44,2018-02-14 00:00:00+02:00,0.81843525,4.999086,10.226924,1.8670677,4.0374923,0.14569616,11.282863
45,2018-02-15 00:00:00+02:00,0.22624429,3.3866284,6.9054317,1.9449525,4.2146277,0.28120425,7.6228347
46,2018-02-16 00:00:00+02:00,0.33285022,6.974657,13.334145,2.5693014,6.2411513,0.0751101,14.76326
47,2018-02-17 00:00:00+02:00,0.045995828,4.386719,10.121364,1.401215,8.000092,0.08753776,12.763719
48,2018-02-18 00:00:00+02:00,0.12162623,3.0246284,7.5784955,2.8120081,7.553593,0.10019066,8.334918
49,2018-02-19 00:00:00+02:00,0.04198801,2.747654,5.529123,1.75937,4.3246293,0.15430482,7.3415527
50,2018-02-20 00:00:00+02:00,0.069490656,4.0959077,8.387935,1.6069398,4.7825665,0.2650678,10.616198
51,2018-02-21 00:00:00+02:00,0.06830978,4.0103927,8.014995,2.47124,6.451692,0.3461615,9.221599
52,2018-02-22 00:00:00+02:00,0.034484632,1.8288337,5.1763473,1.479582,2.6193216,0.082373485,6.195593
53,2018-02-23 00:00:00+02:00,0.023356153,1.8576666,5.6908975,1.288308,1.5964007,0.31969178,6.6220803
54,2018-02-24 00:00:00+02:00,0.0076797535,1.7055174,4.7592654,1.3718052,2.2158277,0.08596081,5.40521
55,2018-02-25 00:00:00+02:00,0.02538324,1.5535499,4.3076897,1.3293321,2.1135743,0.11281196,4.881065
56,2018-02-26 00:00:00+02:00,0.013599187,1.2476634,4.4387355,1.1758801,2.0547512,0.31682882,5.26465
57,2018-02-27 00:00:00+02:00,0.011970513,2.7808616,6.4036083,1.3776594,3.5774565,0.4745228,7.0251374
58,2018-02-28 00:00:00+02:00,0.017916644,2.6493258,5.624237,1.4461206,3.5214415,0.14487952,6.23535
59,2018-03-01 00:00:00+02:00,0.0152094625,1.4974263,3.875773,1.2916598,3.3000896,0.21684265,4.1421847
60,2018-03-02 00:00:00+02:00,0.04504247,2.8308089,6.624939,2.0811698,4.670355,0.3269636,7.4311194
61,2018-03-03 00:00:00+02:00,0.020093253,5.3803687,9.80502,3.017004,6.176344,0.30618322,10.604261
62,2018-03-04 00:00:00+02:00,0.07518091,4.5601525,9.899613,3.2985907,3.8426244,0.05556314,11.286086
63,2018-03-05 00:00:00+02:00,0.09234628,4.1936088,7.3472857,3.3638859,3.0692894,0.06372156,8.289065
64,2018-03-06 00:00:00+02:00,0.14338818,9.971782,15.547951,4.10811,4.8059297,0.7398463,16.616848
65,2018-03-07 00:00:00+02:00,0.1232835,6.1109805,9.75713,3.4569092,5.2961345,0.22249095,11.461873
66,2018-03-08 00:00:00+02:00,0.2320203,11.486197,16.467455,3.4539196,8.483021,0.12140427,17.840794
67,2018-03-09 00:00:00+02:00,0.03491156,14.269855,19.154337,2.8100157,9.744149,0.5186074,20.89039
68,2018-03-10 00:00:00+02:00,0.0024858522,5.6034656,7.9514637,1.2659553,5.052897,0.19845892,9.703084
69,2018-03-11 00:00:00+02:00,0.0059434636,6.9752445,10.190393,2.1214163,5.795731,0.23711623,11.912328
70,2018-03-12 00:00:00+02:00,0.088849,9.822223,14.945493,2.2316854,4.2280025,0.38822773,17.485418
71,2018-03-13 00:00:00+02:00,0.3362529,7.0765357,10.52115,1.5698286,5.4847093,0.30715474,12.567914
72,2018-03-14 00:00:00+02:00,0.020189144,4.478205,6.4572377,2.1831756,7.040581,0.3422853,7.9619184
73,2018-03-15 00:00:00+02:00,0.03634466,1.5660001,3.10748,2.342354,4.1677437,0.3853264,3.823926
74,2018-03-16 00:00:00+02:00,0.08686856,0.89836264,2.2514005,1.2406057,1.1606774,0.5067391,2.9034111
75,2018-03-17 00:00:00+02:00,0.08185422,1.0336831,2.5383759,1.42862,0.9276839,0.30226055,3.4607275
76,2018-03-18 00:00:00+02:00,0.07267804,0.8432757,3.0651667,1.3350118,1.2313975,0.4734981,5.170585
77,2018-03-19 00:00:00+02:00,0.054118033,1.2881888,3.7615287,1.3706608,1.6252311,0.86493134,5.3306465
78,2018-03-20 00:00:00+02:00,0.18205668,2.2579634,4.8002625,1.4652535,2.41028,1.5559763,6.218845
79,2018-03-21 00:00:00+02:00,0.15750153,1.3345269,3.78563,1.2039298,1.6218458,0.41667986,5.6079407
80,2018-03-22 00:00:00+02:00,0.088237286,3.3815687,6.9978085,1.3391995,3.0885098,0.81150484,9.539403
81,2018-03-23 00:00:00+02:00,0.07781663,7.3390365,11.488033,1.3276757,4.773955,0.7135673,14.104916
82,2018-03-24 00:00:00+02:00,0.063469954,1.0234177,2.8756523,1.1370353,1.2045258,0.5802846,4.1979966
83,2018-03-25 00:00:00+02:00,0.21072091,12.276886,18.772503,2.4689765,4.0728965,0.98707175,21.944845
84,2018-03-26 00:00:00+03:00,0.42989847,16.591368,23.991081,2.8539288,5.6600165,0.2962842,28.477522
85,2018-03-27 00:00:00+03:00,0.05760618,1.7860074,4.0029273,1.3228873,1.9259052,0.27514097,6.114179
86,2018-03-28 00:00:00+03:00,0.07526947,1.1692544,4.2792416,1.3994718,1.2975453,0.5718799,7.153044
87,2018-03-29 00:00:00+03:00,0.06379082,2.609596,5.563955,1.7194796,2.3426592,0.97867507,7.24023
88,2018-03-30 00:00:00+03:00,0.013974525,6.692793,11.217616,2.2496033,5.6661773,0.29808795,12.803704
89,2018-03-31 00:00:00+03:00,0.021744363,8.032222,11.919834,2.7706378,6.066879,0.3269945,13.793137
90,2018-04-01 00:00:00+03:00,0.04169489,7.7977157,12.026114,3.2111728,3.668561,0.17235947,14.851888
91,2018-04-02 00:00:00+03:00,0.21116757,3.1210327,5.5176215,3.053057,4.66746,0.07469583,6.733683
92,2018-04-03 00:00:00+03:00,0.056909304,6.239486,9.666321,3.4806926,3.724807,0.3747666,12.064679
93,2018-04-04 00:00:00+03:00,0.3294952,10.58093,15.546273,2.7671814,4.930966,0.44265506,18.817429
94,2018-04-05 00:00:00+03:00,2.6987174,8.112782,15.773723,1.9220915,4.945611,0.71679264,21.354376
95,2018-04-06 00:00:00+03:00,0.25673464,3.7001836,6.579102,1.9134759,3.213729,0.41051123,9.655129
96,2018-04-07 00:00:00+03:00,0.051490705,0.5253491,1.706704,1.6293713,1.6997217,0.44448653,3.5312912
97,2018-04-08 00:00:00+03:00,0.7578223,3.2689316,6.476993,1.903677,2.2722654,1.2145241,8.707318
98,2018-04-09 00:00:00+03:00,2.9829295,4.987952,10.513839,1.5612558,2.78761,1.3257867,14.01171
99,2018-04-10 00:00:00+03:00,1.6910728,11.180973,16.7133,2.647857,4.401184,0.37109444,21.391996
100,2018-04-11 00:00:00+03:00,0.20398651,1.0361961,2.0923874,2.27199,2.0610616,0.46908653,2.706803
101,2018-04-12 00:00:00+03:00,0.5931768,2.9985063,5.9399357,2.4201615,3.8074305,0.7139442,7.578718
102,2018-04-13 00:00:00+03:00,1.0675753,4.950228,9.19021,2.3682334,3.3429182,1.0014251,11.639373
103,2018-04-14 00:00:00+03:00,1.353552,4.660137,9.687726,2.0792096,3.058691,1.1471385,11.993913
104,2018-04-15 00:00:00+03:00,1.3260579,7.596901,13.013007,3.058284,4.733333,0.681045,15.573582
105,2018-04-16 00:00:00+03:00,2.5651512,5.2166123,10.8492775,2.114638,3.3060913,1.4275784,16.943228
106,2018-04-17 00:00:00+03:00,6.505348,6.1989646,16.005537,2.117037,3.8864238,0.6180697,21.011023
107,2018-04-18 00:00:00+03:00,0.4923875,5.3916736,9.488692,2.6007414,3.3675022,0.37782553,12.800645
108,2018-04-19 00:00:00+03:00,0.48976687,3.232294,6.4141574,2.0136092,2.5973432,0.31082562,10.922702
109,2018-04-20 00:00:00+03:00,1.1335238,1.8952655,5.44298,1.5180246,1.9027292,0.44143605,9.858109
110,2018-04-21 00:00:00+03:00,0.39123932,5.896257,10.771656,2.0030153,3.165018,0.85270166,16.077631
111,2018-04-22 00:00:00+03:00,0.13627894,0.6174241,2.5404692,1.704482,1.5580935,0.5030666,6.066014
112,2018-04-23 00:00:00+03:00,0.045967404,0.5108318,1.9807535,1.2863419,1.3836085,0.6213618,3.8429348
113,2018-04-24 00:00:00+03:00,0.18778528,2.7197702,4.893723,1.8489183,2.4473164,0.45858887,7.487469
114,2018-04-25 00:00:00+03:00,0.059154525,4.090776,7.0753627,1.8821174,3.501509,0.41597155,10.192351
115,2018-04-26 00:00:00+03:00,0.029472671,1.6236731,3.8795078,1.8857378,2.5994375,0.24428679,5.727864
116,2018-04-27 00:00:00+03:00,0.012227945,2.229051,5.0431232,1.9208069,2.3439019,0.25655267,8.673177
117,2018-04-28 00:00:00+03:00,0.026238224,4.842836,7.469992,2.3145063,2.7312899,0.5791526,11.635268
118,2018-04-29 00:00:00+03:00,0.5019773,7.5845513,10.772243,3.00156,3.3287716,1.2388275,15.182884
119,2018-04-30 00:00:00+03:00,3.556659,8.476411,16.198328,2.1211,2.8899887,1.1597744,20.484669
120,2018-05-01 00:00:00+03:00,2.2439387,6.6309857,12.063187,1.3435737,2.261913,1.0664108,15.565647
121,2018-05-02 00:00:00+03:00,1.3067772,3.3977392,6.7471185,2.4942796,3.1803458,0.63579106,8.73886
122,2018-05-03 00:00:00+03:00,1.2481788,3.1363418,6.704222,2.0110877,3.544794,1.0302017,9.2495
123,2018-05-04 00:00:00+03:00,1.9321893,4.3162417,9.100903,1.6932926,4.2057037,0.48932555,11.435242
124,2018-05-05 00:00:00+03:00,0.27803972,0.64683306,2.0967667,2.004871,1.9134082,0.28198573,3.7279482
125,2018-05-06 00:00:00+03:00,0.111605145,0.72758144,2.2384157,2.4185226,2.3205657,0.32055932,3.1932213
126,2018-05-07 00:00:00+03:00,0.07771116,0.69783074,2.0095735,1.5246753,2.3335412,0.31531963,2.7006924
127,2018-05-08 00:00:00+03:00,0.14375784,0.94232774,3.5907853,1.2087868,2.6396818,0.5175214,5.5307693
128,2018-05-09 00:00:00+03:00,0.20214975,1.7100972,4.779533,1.507381,3.1371105,0.6150818,7.310816
129,2018-05-10 00:00:00+03:00,0.1530483,1.4287854,4.446472,2.3295944,4.5279336,0.4480853,5.6170945
130,2018-05-11 00:00:00+03:00,0.0506727,0.8090343,3.3112094,2.1040373,2.899273,0.48129782,4.2304697
131,2018-05-12 00:00:00+03:00,0.13556899,1.1687088,4.067679,1.7615577,2.4668357,0.5182495,5.39844
132,2018-05-13 00:00:00+03:00,0.61999923,1.3243431,4.323482,1.5523801,2.6702268,0.29361087,6.2432995
133,2018-05-14 00:00:00+03:00,0.31541207,1.6282977,3.459895,1.7655741,2.0785263,0.3300594,3.8887284
134,2018-05-15 00:00:00+03:00,0.3990462,2.0689647,4.1078534,2.0934823,3.497779,0.29300523,4.664372
135,2018-05-16 00:00:00+03:00,0.2666808,4.0165315,6.778698,2.0733044,3.5856411,0.11396543,7.3289256
136,2018-05-17 00:00:00+03:00,0.21183325,2.9650285,5.224102,2.508688,4.5144777,0.14702411,5.6267757
137,2018-05-18 00:00:00+03:00,0.049005095,2.8154418,4.8185954,3.6037686,5.2960734,0.25099224,5.3231587
138,2018-05-19 00:00:00+03:00,0.06296999,0.974356,2.6033337,1.8609296,2.9210842,0.122266196,3.2900317
139,2018-05-20 00:00:00+03:00,0.047508445,0.54756546,2.0915895,1.2577238,1.2046396,0.16905433,3.1781006
140,2018-05-21 00:00:00+03:00,0.07572611,0.55659384,2.3362448,1.2799214,1.6874684,0.28072372,3.3833618
141,2018-05-22 00:00:00+03:00,0.08156645,1.6107312,4.311605,2.5206118,3.813741,0.37320566,4.951288
142,2018-05-23 00:00:00+03:00,0.036270488,1.9004828,4.0518155,2.6430404,4.4726677,0.24757451,4.5258846
143,2018-05-24 00:00:00+03:00,0.11667631,1.6481284,4.7167134,2.1333008,3.5830643,0.20608144,5.382894
144,2018-05-25 00:00:00+03:00,0.11855349,2.09153,5.247113,2.197584,4.0022087,0.2369649,5.8645496
145,2018-05-26 00:00:00+03:00,0.10517252,1.1276804,3.774484,1.6671818,3.8760319,0.503652,4.7039084
146,2018-05-27 00:00:00+03:00,0.0991775,0.8929785,2.7637444,1.6270212,3.2128317,0.60549283,3.9807603
147,2018-05-28 00:00:00+03:00,0.123340644,1.1062071,3.2156124,1.290963,3.4013786,0.8400951,4.279506
148,2018-05-29 00:00:00+03:00,0.18499166,1.341411,3.91424,1.4228563,4.081515,1.1699815,4.899943
149,2018-05-30 00:00:00+03:00,0.18724413,1.6097633,5.2036147,1.1799881,3.744958,0.9562604,6.3604026
150,2018-05-31 00:00:00+03:00,0.18783619,0.58154255,2.479936,0.8939939,2.2301388,0.2856533,3.7703326
151,2018-06-01 00:00:00+03:00,0.08970127,0.408098,1.5333027,1.2461954,2.0729077,0.3476472,2.072252
152,2018-06-02 00:00:00+03:00,0.22068529,2.2172842,5.7395287,1.9433942,4.209985,0.6574076,6.730123
153,2018-06-03 00:00:00+03:00,0.34169838,1.579576,5.1062984,1.0276989,3.3186843,0.38667402,6.5566688
154,2018-06-04 00:00:00+03:00,0.7490778,2.8758123,6.0847034,0.8809362,2.5154362,0.4035939,8.739906
155,2018-06-05 00:00:00+03:00,0.092228115,0.33546343,1.5170876,0.85347915,1.0589921,0.17143477,4.171927
156,2018-06-06 00:00:00+03:00,0.04596768,0.2786732,1.0978967,0.8152335,1.0580999,0.22486125,2.825983
157,2018-06-07 00:00:00+03:00,0.06886584,0.62510383,1.9117373,1.277181,1.6577917,0.26892316,3.918369
158,2018-06-08 00:00:00+03:00,0.14255993,1.0931453,3.8348875,1.5873475,2.6650226,0.74723214,5.2173924
159,2018-06-09 00:00:00+03:00,0.23327641,1.2020711,4.113531,1.4547032,3.168011,0.42100748,5.51691
160,2018-06-10 00:00:00+03:00,0.36427686,0.775508,2.756889,0.9692979,2.107145,0.30987278,4.532526
161,2018-06-11 00:00:00+03:00,0.34133807,2.2229393,4.7051616,1.471476,3.307313,0.6038005,6.1992164
162,2018-06-12 00:00:00+03:00,0.34812072,1.7945013,4.3918123,1.1430706,2.209862,0.2491848,7.7325916
163,2018-06-13 00:00:00+03:00,0.07321039,0.84865695,2.285292,1.3238522,2.7595537,0.28188375,3.212023
164,2018-06-14 00:00:00+03:00,0.08727641,0.7847586,2.1873689,1.5476459,2.6507318,0.493826,2.6228716
165,2018-06-15 00:00:00+03:00,0.06911305,1.1868334,2.4376917,1.8809961,3.0966966,0.23329024,2.781511
166,2018-06-16 00:00:00+03:00,0.08405089,1.4015394,2.7352102,1.5227938,3.0036519,0.31250766,3.1724527
167,2018-06-17 00:00:00+03:00,0.10729844,1.5540495,3.5659754,1.3765055,2.680815,0.34131286,4.6485305
168,2018-06-18 00:00:00+03:00,0.15332119,2.5837023,5.7981973,1.4755268,3.4547815,0.7692618,7.4908853
169,2018-06-19 00:00:00+03:00,0.08197089,2.1953905,4.9670377,1.358817,2.5221324,0.71564245,8.192414
170,2018-06-20 00:00:00+03:00,0.057750214,1.2537075,3.9473708,1.1850117,1.989437,0.2585658,9.669047
171,2018-06-21 00:00:00+03:00,0.12562622,3.6293123,6.5706964,1.4734302,3.0672877,0.4962742,9.991283
172,2018-06-22 00:00:00+03:00,0.033434015,1.3075035,2.9915946,1.1867884,2.1138012,0.21604234,4.66811
173,2018-06-23 00:00:00+03:00,0.022365265,1.0255386,2.6692111,1.2790211,2.2196639,0.23524004,3.8483412
174,2018-06-24 00:00:00+03:00,0.0070460644,0.70049596,1.9617542,1.5187982,2.605397,0.20454378,2.5094159
175,2018-06-25 00:00:00+03:00,0.02195228,0.6811678,1.7877789,1.2150825,2.1992137,0.2265097,1.9941977
176,2018-06-26 00:00:00+03:00,0.04676045,1.5106481,3.026852,1.6223483,3.2055008,0.398289,3.3749216
177,2018-06-27 00:00:00+03:00,0.060971066,1.9733282,4.1052957,1.7966563,3.121452,0.58233875,4.800508
178,2018-06-28 00:00:00+03:00,0.07622985,1.3952637,3.2090795,1.4323521,2.7746763,0.30586502,3.905383
179,2018-06-29 00:00:00+03:00,0.105580755,1.5988622,3.7081034,1.4966092,3.1911209,0.47752914,4.4453855
180,2018-06-30 00:00:00+03:00,0.02424974,0.49302736,1.2264913,0.8325458,1.6635267,0.1285,1.6756496
181,2018-07-01 00:00:00+03:00,0.02442964,0.45787105,1.1479877,0.7583912,1.285961,0.12159291,1.532014
182,2018-07-02 00:00:00+03:00,0.011452329,0.41233984,1.1278828,1.1747148,2.2921379,0.10597408,1.3381051
183,2018-07-03 00:00:00+03:00,0.011515371,0.94626,1.6099133,1.9354485,3.7929213,0.19842772,1.7523309
184,2018-07-04 00:00:00+03:00,0.044193868,0.67698807,1.5344714,1.7878,2.332084,0.11885885,1.789138
185,2018-07-05 00:00:00+03:00,0.1287276,0.83316064,3.2291296,1.2013196,2.1135378,0.36115697,4.3236375
186,2018-07-06 00:00:00+03:00,0.097649954,0.73748213,2.7687967,1.2067496,2.2676313,0.31653342,3.7189093
187,2018-07-07 00:00:00+03:00,0.0580716,0.9012731,2.4994066,1.3608304,2.7693634,0.16199932,3.0540526
188,2018-07-08 00:00:00+03:00,0.108371235,0.8075444,2.403478,1.0617532,2.1545439,0.13688457,3.2708704
189,2018-07-09 00:00:00+03:00,0.34152249,1.3258727,3.7322605,1.2281404,2.089252,0.14755908,5.3000793
190,2018-07-10 00:00:00+03:00,0.13849609,0.90112084,2.4196043,1.7465187,2.855809,0.3198151,2.8758104
191,2018-07-11 00:00:00+03:00,0.07366047,1.1459588,2.7942235,1.839572,3.3137195,0.63172895,3.1661966
192,2018-07-12 00:00:00+03:00,0.04253021,1.3534931,2.7382348,1.8923911,3.5306227,0.54111403,2.9899733
193,2018-07-13 00:00:00+03:00,0.0067743664,0.8993694,1.9083858,2.303727,3.8054018,0.11466209,1.9871917
194,2018-07-14 00:00:00+03:00,0.011105337,0.5472334,2.033328,2.3578768,4.4185624,0.1466094,2.3620572
195,2018-07-15 00:00:00+03:00,0.017106937,0.3808367,1.7353388,1.6913794,3.8062708,0.090536594,1.9349161
196,2018-07-16 00:00:00+03:00,0.037637997,1.476806,3.460934,1.9934765,5.2561398,0.06750298,3.7987154
197,2018-07-17 00:00:00+03:00,0.33288595,2.0800607,5.0539336,2.3918977,5.193329,0.0366012,5.3406053
198,2018-07-18 00:00:00+03:00,0.8062772,1.6419511,6.432777,1.5029569,3.933102,0.06594013,7.398298
199,2018-07-19 00:00:00+03:00,0.25082627,0.94727045,3.4705474,1.3491098,3.662014,0.0649491,4.0849614
200,2018-07-20 00:00:00+03:00,0.5183274,2.102845,5.887909,1.5419077,3.3593242,0.04464758,6.22996
201,2018-07-21 00:00:00+03:00,0.24160983,2.1468158,5.5546412,1.5740018,3.4680698,0.10547891,6.401783
202,2018-07-22 00:00:00+03:00,0.160495,1.233662,4.3142757,1.0256438,3.0033863,0.28694493,5.1447225
203,2018-07-23 00:00:00+03:00,0.0784921,0.5899461,2.331967,1.3171245,4.092729,0.10600402,3.0804358
204,2018-07-24 00:00:00+03:00,0.338359,2.5607488,5.5258565,2.2568963,5.362559,0.050892323,6.162775
205,2018-07-25 00:00:00+03:00,0.35137966,2.801694,5.767738,2.2191694,4.153195,0.06014585,6.428156
206,2018-07-26 00:00:00+03:00,0.87834245,2.3004823,5.4636674,2.091142,4.4703965,0.09804051,6.179346
207,2018-07-27 00:00:00+03:00,3.6102865,2.42836,8.058635,1.6186131,4.2566447,0.07612688,9.967792
208,2018-07-28 00:00:00+03:00,9.527871,2.425322,12.620925,1.2919806,3.6496356,0.1265926,16.927883
209,2018-07-29 00:00:00+03:00,11.930301,3.1471434,14.032247,1.2616435,3.691499,0.32876375,22.275625
210,2018-07-30 00:00:00+03:00,0.6771075,2.9194403,8.40651,1.500794,4.105402,0.280502,9.2695675
211,2018-07-31 00:00:00+03:00,0.7567537,1.8110391,4.9116616,1.4479889,3.1774054,0.38571545,6.154188
212,2018-08-01 00:00:00+03:00,0.29455456,2.3886087,5.329988,1.756958,3.4871237,0.26598248,6.19128
213,2018-08-02 00:00:00+03:00,0.41501,2.2311418,5.204947,1.5916963,3.335067,0.74143887,6.327926
214,2018-08-03 00:00:00+03:00,0.8374223,3.257043,6.8412013,1.3870991,3.5842705,0.5789718,8.050784
215,2018-08-04 00:00:00+03:00,0.17694385,1.5662073,4.319716,0.87659603,2.7838433,0.4880588,6.6300006
216,2018-08-05 00:00:00+03:00,0.3147724,1.9206729,4.687909,0.7013099,2.3299012,0.41244957,6.9593945
217,2018-08-06 00:00:00+03:00,0.03838319,0.6813695,2.6821268,0.6381144,1.4675273,0.18579023,6.944485
218,2018-08-07 00:00:00+03:00,0.032764304,0.69477683,2.7707512,0.89560485,1.745243,0.25016347,5.994459
219,2018-08-08 00:00:00+03:00,0.044958178,1.949921,5.095709,1.1620681,2.7369196,0.55507165,6.4536424
220,2018-08-09 00:00:00+03:00,0.12807499,1.933019,5.096989,1.2418538,2.4548867,0.9796154,6.7068305
221,2018-08-10 00:00:00+03:00,0.13559861,1.4682931,4.3098245,1.2975155,2.2149518,0.72910875,5.3849664
222,2018-08-11 00:00:00+03:00,0.06970036,1.485927,3.0760212,1.765613,3.6571407,0.15821007,3.4640396
223,2018-08-12 00:00:00+03:00,0.018161973,1.1540519,2.6506336,1.1987814,2.1807783,0.37415066,3.9693768
224,2018-08-13 00:00:00+03:00,0.023271255,3.603342,6.28653,1.7777742,2.7352002,0.7830863,8.405013
225,2018-08-14 00:00:00+03:00,0.08201216,5.387054,9.200721,2.2063825,3.5558274,0.7421965,10.759065
226,2018-08-15 00:00:00+03:00,0.02667503,2.6782024,4.650368,2.3999245,4.684501,0.2484181,5.6104217
227,2018-08-16 00:00:00+03:00,0.0075963666,2.080053,3.6807184,1.5667019,3.3260498,0.16186039,4.4202633
228,2018-08-17 00:00:00+03:00,0.005473009,1.6640607,3.9717271,2.0835335,3.7000065,0.5886688,4.6080446
229,2018-08-18 00:00:00+03:00,0.00897174,2.128465,3.7573977,1.768691,4.144967,1.0386914,4.9130883
230,2018-08-19 00:00:00+03:00,0.033748996,2.869687,5.608397,1.3462771,2.9273732,0.5778676,7.9594455
231,2018-08-20 00:00:00+03:00,0.107132316,4.973565,9.245739,1.8105359,4.4422913,1.4458185,11.507595
232,2018-08-21 00:00:00+03:00,0.057704344,0.78039646,2.5490563,0.89903456,2.1423943,0.24357487,4.7599893
233,2018-08-22 00:00:00+03:00,0.02165468,0.31418654,1.6426004,0.7089615,1.3628263,0.279141,2.8859107
234,2018-08-23 00:00:00+03:00,0.03092902,0.794425,2.8880694,1.4137489,2.0054128,0.6798052,3.8586414
235,2018-08-24 00:00:00+03:00,0.10818747,3.8786142,6.844729,1.6913791,2.6202726,0.4879806,8.883106
236,2018-08-25 00:00:00+03:00,0.021932721,2.380971,4.2268276,2.6643276,5.302092,0.07436152,4.559
237,2018-08-26 00:00:00+03:00,0.013156135,0.70405173,1.7440001,1.501876,2.682217,0.216154,2.0177224
238,2018-08-27 00:00:00+03:00,0.0024359883,1.0974596,2.535447,1.4408423,2.9511833,0.22981991,3.1325438
239,2018-08-28 00:00:00+03:00,0.0045342795,1.4459952,3.571555,1.8559552,3.5356548,0.58360934,4.428739
240,2018-08-29 00:00:00+03:00,0.007742537,2.1418545,4.886451,2.2855818,3.6428516,0.53286743,6.5124016
241,2018-08-30 00:00:00+03:00,0.012432256,3.0190327,6.2958894,2.2232163,3.466829,0.37364116,8.382329
242,2018-08-31 00:00:00+03:00,0.07305093,5.2534676,9.585713,2.452058,3.4878948,0.6369504,11.338467
243,2018-09-01 00:00:00+03:00,0.030538276,4.463741,8.853931,3.2754357,6.4674478,0.730211,10.945674
244,2018-09-02 00:00:00+03:00,0.03700656,3.6341393,6.1746216,2.202223,4.109383,0.462299,7.6443887
245,2018-09-03 00:00:00+03:00,0.112730294,2.849209,6.241672,2.0639937,3.866421,0.414259,7.7020035
246,2018-09-04 00:00:00+03:00,1.5407242,2.8626297,7.1958413,1.982606,4.9477067,0.15831107,8.13511
247,2018-09-05 00:00:00+03:00,10.4684725,3.6514294,11.712868,1.4133716,4.1365256,0.43046498,19.297598
248,2018-09-06 00:00:00+03:00,31.245836,2.403682,18.179276,0.99921685,3.7803898,0.85192233,45.230804
249,2018-09-07 00:00:00+03:00,11.850226,2.6201742,11.997384,0.8633997,3.1875422,0.63765913,22.743332
250,2018-09-08 00:00:00+03:00,3.3116999,2.3412192,8.304244,1.1501207,3.8916857,0.91982174,10.666532
251,2018-09-09 00:00:00+03:00,2.6462064,3.1225245,10.312545,1.3776735,4.222214,1.0751679,12.467227
252,2018-09-10 00:00:00+03:00,1.4850513,4.254632,11.124507,2.0952759,4.657413,0.27896884,12.8173685
253,2018-09-11 00:00:00+03:00,2.3101888,5.909592,14.439198,2.656041,5.150828,0.6501184,16.19934
254,2018-09-12 00:00:00+03:00,0.18795441,4.61263,7.8245964,1.4860334,4.622289,1.0044321,11.078091
255,2018-09-13 00:00:00+03:00,0.013947829,0.61798775,2.8371627,0.8741424,1.6647931,0.3814969,7.1658244
256,2018-09-14 00:00:00+03:00,0.010528766,0.907909,3.4125738,1.0749254,1.8603066,0.5076019,8.92382
257,2018-09-15 00:00:00+03:00,0.0134510435,1.3715178,3.9563801,1.3516814,2.0337157,0.5818558,7.6374893
258,2018-09-16 00:00:00+03:00,0.041112307,1.1371919,2.7427785,1.0462667,1.7270155,0.26619813,5.061293
259,2018-09-17 00:00:00+03:00,0.045706216,3.0525217,5.433822,1.3294082,2.5963686,0.73324925,8.393785
260,2018-09-18 00:00:00+03:00,0.07098608,6.2795525,9.742959,1.8201566,4.2814274,0.92349696,14.260181
261,2018-09-19 00:00:00+03:00,0.14934918,10.775538,18.114202,2.8674688,7.4819565,1.028791,21.234407
262,2018-09-20 00:00:00+03:00,0.37336278,5.013085,10.493863,1.6484798,3.9175727,1.2637935,15.946286
263,2018-09-21 00:00:00+03:00,0.52490455,10.018555,17.481745,2.5316517,6.103045,1.35136,21.973093
264,2018-09-22 00:00:00+03:00,0.09154465,4.778338,7.5434556,1.5189582,3.3585422,0.5321306,10.093637
265,2018-09-23 00:00:00+03:00,0.028419875,2.0650551,3.8299878,1.1253572,2.405214,0.720815,7.676701
266,2018-09-24 00:00:00+03:00,0.016625348,1.2382594,2.684265,1.0095676,2.4370625,0.30671293,4.1564555
267,2018-09-25 00:00:00+03:00,0.048287924,0.19606788,1.5998445,0.7343835,0.9545882,0.174821,5.3219457
268,2018-09-26 00:00:00+03:00,0.03713505,0.8620092,2.0342727,0.8031772,1.6194172,0.3590835,4.1562457
269,2018-09-27 00:00:00+03:00,0.039966557,1.0620272,3.0836675,0.62716675,1.9173948,0.17968561,7.1333346
270,2018-09-28 00:00:00+03:00,0.1581088,1.8542218,3.4889724,0.62507784,2.6132946,0.37466475,6.5187345
271,2018-09-29 00:00:00+03:00,0.013078616,0.38417014,0.99049324,0.8125271,1.0583968,0.24033289,1.8825898
272,2018-09-30 00:00:00+03:00,0.028756203,2.5348275,4.036139,1.1482515,1.8860313,0.6257767,5.7363153
273,2018-10-01 00:00:00+03:00,0.032530997,1.6081136,3.7184064,1.2098163,1.3707004,0.65829355,5.1476235
274,2018-10-02 00:00:00+03:00,0.054905713,6.711927,11.093339,1.6129249,4.2089458,0.28801242,14.311444
275,2018-10-03 00:00:00+03:00,0.022097016,1.3496084,3.2477744,0.7511218,2.4245849,0.13105701,6.029306
276,2018-10-04 00:00:00+03:00,0.031619463,0.29398975,1.1046971,0.86331886,1.1109036,0.18753757,2.3957734
277,2018-10-05 00:00:00+03:00,0.1826305,4.0295615,5.8863063,0.9560171,3.60161,0.23963861,10.983449
278,2018-10-06 00:00:00+03:00,0.23808967,5.6772,9.137173,1.589964,4.2441936,0.35908225,13.558829
279,2018-10-07 00:00:00+03:00,0.7036049,8.925921,15.896941,1.9812361,5.776543,0.24228089,18.971903
280,2018-10-08 00:00:00+03:00,0.025836995,0.37014124,1.2427577,0.9132131,1.552091,0.24525243,1.6823254
281,2018-10-09 00:00:00+03:00,0.049808074,1.7289715,3.0411336,1.0611409,1.9053454,0.60053235,3.8251083
282,2018-10-10 00:00:00+03:00,0.30891025,4.5957484,7.418739,1.0468156,3.237395,0.54347605,9.894581
283,2018-10-11 00:00:00+03:00,0.1648608,3.1259308,7.1940117,0.94480586,3.5348294,0.53020996,10.522547
284,2018-10-12 00:00:00+03:00,0.16715957,3.163415,6.3658595,1.2394642,4.11587,0.5380676,9.34679
285,2018-10-13 00:00:00+03:00,0.29617593,3.0159883,7.255222,1.0234307,2.854468,0.52902603,9.253985
286,2018-10-14 00:00:00+03:00,0.1386021,2.3446262,5.5165973,0.9066027,2.0473335,0.40833843,7.1165657
287,2018-10-15 00:00:00+03:00,0.0826848,1.7409269,3.984782,0.7208154,1.5376431,0.39546958,5.142302
288,2018-10-16 00:00:00+03:00,0.16690195,2.7841988,5.9590993,0.79690915,1.9605647,0.5997444,7.3972707
289,2018-10-17 00:00:00+03:00,0.48788115,6.039452,11.055824,1.24446,3.3710248,0.46360812,13.317746
290,2018-10-18 00:00:00+03:00,0.6591857,7.7288795,13.853351,1.3321849,3.9417703,0.3388333,16.59801
291,2018-10-19 00:00:00+03:00,0.495043,8.343289,14.882122,1.669146,5.704582,0.12224571,19.525478
292,2018-10-20 00:00:00+03:00,0.013178513,2.405012,4.434489,1.461206,3.5662987,0.2616674,6.4746017
293,2018-10-21 00:00:00+03:00,0.015383408,2.1911225,4.2526426,1.4414701,2.5496266,0.24762708,7.120161
294,2018-10-22 00:00:00+03:00,0.009225794,2.3889163,4.7460284,0.9887419,2.408615,0.16011666,7.8879623
295,2018-10-23 00:00:00+03:00,0.0046725995,0.42799267,2.8597107,0.7236517,1.6765984,0.087548636,6.561071
296,2018-10-24 00:00:00+03:00,0.004712896,0.38965178,1.4138274,0.7578495,2.1592305,0.054971147,2.4528482
297,2018-10-25 00:00:00+03:00,0.0116055915,0.63484365,2.21243,0.7668906,1.8343102,0.08149416,3.586425
298,2018-10-26 00:00:00+03:00,0.012366979,0.76993006,1.8219978,0.7287436,1.807684,0.13770805,3.0157712
299,2018-10-27 00:00:00+03:00,0.0119006,5.1168857,9.36084,0.7506171,6.1183114,0.19045351,13.5786085
300,2018-10-28 00:00:00+03:00,0.0042812545,0.93711966,1.814926,0.7263585,2.731566,0.1189679,2.867207
301,2018-10-29 00:00:00+02:00,0.017716678,0.7027057,1.7947439,0.9018631,4.210238,0.049596522,2.0763018
302,2018-10-30 00:00:00+02:00,1.165722,4.765163,8.646451,0.88854504,4.2559566,0.053341653,11.873455
303,2018-10-31 00:00:00+02:00,2.0503228,3.191471,7.297807,0.8958791,4.086588,0.29283357,10.414146
304,2018-11-01 00:00:00+02:00,1.5182563,4.6489525,8.735731,1.0276285,4.5839167,0.5948707,11.615831
305,2018-11-02 00:00:00+02:00,7.596197,8.37132,17.59398,1.0088905,4.3310466,0.10432947,25.137922
306,2018-11-03 00:00:00+02:00,3.4812028,6.019821,11.602511,1.0113983,4.8401856,0.11454541,15.685493
307,2018-11-04 00:00:00+02:00,0.075581126,0.57613486,1.6201411,0.8998537,0.9519351,0.15715943,3.2675302
308,2018-11-05 00:00:00+02:00,4.542086,5.4074483,10.564894,0.9387767,4.0785856,0.06155007,14.694443
309,2018-11-06 00:00:00+02:00,7.009119,5.8726125,12.849202,0.6693649,2.4828374,0.051091027,17.171053
310,2018-11-07 00:00:00+02:00,5.458383,5.767116,12.124035,0.761643,2.3230598,0.0362859,15.805438
311,2018-11-08 00:00:00+02:00,5.2726083,9.616424,16.879684,1.1262374,3.9359086,0.028909722,22.79466
312,2018-11-09 00:00:00+02:00,3.2116144,9.062416,15.609837,1.3968811,4.748282,0.01406344,19.462574
313,2018-11-10 00:00:00+02:00,0.85511667,10.119482,16.048475,1.598353,6.7913136,0.0036250595,18.653337
314,2018-11-11 00:00:00+02:00,1.306849,12.067328,17.77978,1.5666599,5.8489246,0.002178645,20.784296
315,2018-11-12 00:00:00+02:00,0.91336864,13.704563,20.187717,1.582775,6.165577,0.002346033,23.703604
316,2018-11-13 00:00:00+02:00,0.7085948,10.685847,17.002708,1.3736609,5.794348,0.007720392,19.707731
317,2018-11-14 00:00:00+02:00,0.016556174,1.2446594,3.2458553,0.8817226,3.771781,0.029560365,4.242816
318,2018-11-15 00:00:00+02:00,0.0053881067,1.4242307,3.4215405,1.0144292,3.2282798,0.054672655,4.519849
319,2018-11-16 00:00:00+02:00,1.9311019,3.3068607,6.296025,1.0264913,3.51425,0.05748542,7.3705297
320,2018-11-17 00:00:00+02:00,1.3569555,1.8663327,4.7986646,0.9966329,2.238531,0.14395781,5.818403
321,2018-11-18 00:00:00+02:00,0.18580951,1.6139723,3.7548497,0.82248855,3.1503308,0.040361483,6.366839
322,2018-11-19 00:00:00+02:00,0.0090509225,0.84066576,1.7389984,0.80028564,1.9559326,0.0823072,3.3311777
323,2018-11-20 00:00:00+02:00,0.017451096,0.75169206,1.8927703,0.894581,1.832429,0.1305778,3.3767378
324,2018-11-21 00:00:00+02:00,0.08299479,1.2580047,2.5072358,0.89289945,1.9239603,0.1777029,3.4114544
325,2018-11-22 00:00:00+02:00,0.07608957,1.8787087,4.197039,0.8392269,2.0767426,0.13925852,6.308403
326,2018-11-23 00:00:00+02:00,0.043302786,2.5331929,4.5099373,0.7596902,2.4131215,0.07696808,6.31033
327,2018-11-24 00:00:00+02:00,0.32352248,7.5156593,10.846293,1.1615275,4.1626167,0.015510893,12.246143
328,2018-11-25 00:00:00+02:00,0.14578171,6.610931,11.534865,1.3163438,8.851199,0.004912255,12.669018
329,2018-11-26 00:00:00+02:00,0.01334097,0.7885516,2.7520626,0.8577053,1.4075513,0.104391426,4.36332
330,2018-11-27 00:00:00+02:00,0.004149972,0.5738382,1.8239022,0.8335168,1.2578357,0.103572905,3.3021355
331,2018-11-28 00:00:00+02:00,0.001499158,0.62082165,2.0961144,0.8591049,1.4454498,0.09818402,3.9437335
332,2018-11-29 00:00:00+02:00,0.001993676,1.4446673,2.6298094,0.91644764,1.9048676,0.23217331,3.7221725
333,2018-11-30 00:00:00+02:00,0.0068287835,1.9335966,3.7522118,1.0192611,2.2685344,0.1502103,4.571314
334,2018-12-01 00:00:00+02:00,0.0028535458,0.9029405,2.309645,1.0407579,1.8215399,0.060573258,2.6899414
335,2018-12-02 00:00:00+02:00,0.03465827,7.3604026,10.965592,1.04001,5.629458,0.042515878,13.677006
336,2018-12-03 00:00:00+02:00,0.011258868,5.2424917,9.547228,1.1055485,5.8001666,0.01385269,11.045157
337,2018-12-04 00:00:00+02:00,0.0035770938,3.5511246,6.8774896,0.62927896,6.2535815,0.007461569,9.16494
338,2018-12-05 00:00:00+02:00,0.0030480723,0.43282446,2.5091825,0.77014446,1.630003,0.10146442,6.7002335
339,2018-12-06 00:00:00+02:00,0.00616988,0.40370023,1.5523453,0.8117854,1.1120201,0.07801757,3.7011006
340,2018-12-07 00:00:00+02:00,0.0033642985,2.1412394,5.142326,0.7516659,5.384868,0.031063339,6.5269017
341,2018-12-08 00:00:00+02:00,0.0017919316,2.2134445,4.412574,0.5745298,7.1400356,0.03235405,6.12944
342,2018-12-09 00:00:00+02:00,0.001237433,3.0160544,6.666273,0.6733822,3.4495456,0.04631795,11.156384
343,2018-12-10 00:00:00+02:00,0.0006986209,1.3775772,3.2187662,0.68983006,4.0319066,0.018580308,4.4258757
344,2018-12-11 00:00:00+02:00,0.003937414,1.3360243,3.283801,0.82449174,4.319719,0.04963681,4.7678084
345,2018-12-12 00:00:00+02:00,0.0023737294,1.6462106,4.492362,0.8744071,6.0014052,0.009814386,5.531115
346,2018-12-13 00:00:00+02:00,0.008789351,1.496972,3.427662,1.1132578,6.301645,0.009394905,4.2239165
347,2018-12-14 00:00:00+02:00,0.18434203,2.4464054,4.3035235,1.2527816,5.0860944,0.015996845,5.2028966
348,2018-12-15 00:00:00+02:00,0.17763941,2.6703632,5.396681,1.344348,3.9127152,0.018099183,6.3741
349,2018-12-16 00:00:00+02:00,0.44668102,3.8339193,6.3847103,1.2516428,3.8575933,0.013329235,7.664003
350,2018-12-17 00:00:00+02:00,0.050826326,1.7130166,4.198918,1.2887901,4.3633037,0.023222854,4.829271
351,2018-12-18 00:00:00+02:00,0.02646528,3.5028307,6.0252576,1.4492754,5.807303,0.010887235,6.7738786
352,2018-12-19 00:00:00+02:00,0.03358152,5.4517083,8.755416,1.6035224,5.3785195,0.0052616275,9.922444
353,2018-12-20 00:00:00+02:00,0.08460685,4.4691277,8.410672,1.3529223,4.2683263,0.00661017,9.693617
354,2018-12-21 00:00:00+02:00,0.022073286,4.360081,8.66071,1.338622,8.673256,0.010506112,10.262494
355,2018-12-22 00:00:00+02:00,0.0050594653,2.94397,6.3682194,1.2237052,7.191241,0.0106037,7.763949
356,2018-12-23 00:00:00+02:00,0.007534001,1.6913859,4.108455,1.3022941,6.800528,0.019637678,4.8462358
357,2018-12-24 00:00:00+02:00,0.0049880454,1.4435681,3.0903597,1.4169267,8.100249,0.0187995,3.6111562
358,2018-12-25 00:00:00+02:00,0.012405969,1.3782511,2.3798225,1.3246604,4.9177814,0.015171311,2.8396652
359,2018-12-26 00:00:00+02:00,0.023995556,0.43337998,1.888456,0.71364504,1.7170843,0.050393205,4.5721955
360,2018-12-27 00:00:00+02:00,0.017364569,0.61788577,1.6988703,0.62264776,2.203291,0.024305582,3.6878836
361,2018-12-28 00:00:00+02:00,0.092408866,0.78551865,1.9601469,0.47410047,3.226041,0.01869632,2.831069
362,2018-12-29 00:00:00+02:00,0.023467297,1.0507098,2.5380874,0.60478324,1.678881,0.011141044,3.5331762
363,2018-12-30 00:00:00+02:00,0.056826085,1.9714999,3.875513,0.51903266,3.918537,0.011386905,4.69428
364,2018-12-31 00:00:00+02:00,0.026373586,0.8231444,1.8049645,0.6656657,4.3854203,0.030597374,2.5257602
365,2019-01-01 00:00:00+02:00,0.012906896,0.8489584,2.526903,0.7601081,1.1254272,0.036554974,3.434713
366,2019-01-02 00:00:00+02:00,0.014744185,0.4319104,1.9139944,0.64972574,1.7697092,0.015257348,3.0603173
367,2019-01-03 00:00:00+02:00,0.0021820406,0.32644752,1.6525788,0.800998,1.7156943,0.017206814,2.5746093
368,2019-01-04 00:00:00+02:00,0.0103881825,0.87190753,2.2838814,0.8277721,2.8475983,0.017761286,2.5211952
369,2019-01-05 00:00:00+02:00,0.030139819,0.982347,2.6387284,0.6853111,3.5472057,0.01197634,3.0987463
370,2019-01-06 00:00:00+02:00,0.018660845,0.69869655,4.6316752,0.91023874,5.359047,0.005220849,7.527191
371,2019-01-07 00:00:00+02:00,0.029906096,1.5277224,5.275785,0.9006565,4.015121,0.008592669,6.5851207
372,2019-01-08 00:00:00+02:00,0.089672476,3.6147223,9.710532,0.94721955,5.361839,0.009217608,12.479382
373,2019-01-09 00:00:00+02:00,0.0493415,3.0681837,9.800464,1.1558644,7.405115,0.00821353,10.328147
374,2019-01-10 00:00:00+02:00,0.044766407,1.5200356,7.3055496,1.7012205,4.7541585,0.0026734814,7.8366427
375,2019-01-11 00:00:00+02:00,0.068911605,2.445731,7.1558194,1.34508,5.3014207,0.006796604,7.714084
376,2019-01-12 00:00:00+02:00,0.078778535,0.76330805,3.676933,0.7219247,1.8866687,0.046481404,7.440065
377,2019-01-13 00:00:00+02:00,0.037506457,1.9355327,3.9036343,0.47971514,3.293439,0.004337795,5.3687034
378,2019-01-14 00:00:00+02:00,0.008221026,0.9266085,2.3867264,0.6244015,3.2641027,0.020422738,3.146825
379,2019-01-15 00:00:00+02:00,0.0036019469,0.3423057,1.7581191,0.82637984,1.5370331,0.06699296,3.596344
380,2019-01-16 00:00:00+02:00,0.0072242953,0.6600099,1.9647584,0.8757977,1.4405917,0.030057767,4.589862
381,2019-01-17 00:00:00+02:00,0.04097456,4.550016,7.8139186,0.5309629,6.7303443,0.003196195,10.560076
382,2019-01-18 00:00:00+02:00,0.005082763,2.1838367,4.766292,0.79261494,3.8113773,0.033052206,6.6506267
383,2019-01-19 00:00:00+02:00,0.001144904,1.0825771,3.2610257,0.92608696,2.2503746,0.0339912,4.8714004
384,2019-01-20 00:00:00+02:00,0.00085596525,1.7909807,4.304407,0.9150269,2.7788324,0.023734605,5.636931
385,2019-01-21 00:00:00+02:00,0.0003278059,0.6743842,2.1156414,0.9884183,1.4745833,0.05379736,3.636551
386,2019-01-22 00:00:00+02:00,0.0056507424,3.3913248,8.086553,1.1517695,5.204368,0.008883442,10.924763
387,2019-01-23 00:00:00+02:00,0.0049309433,3.3549879,7.717699,1.2080383,4.1281257,0.009704913,10.796211
388,2019-01-24 00:00:00+02:00,0.0083225,1.0745853,2.8785772,1.1733178,2.7476254,0.014392427,3.6352863
389,2019-01-25 00:00:00+02:00,0.027541889,1.6938361,4.168555,1.4112283,5.1627173,0.010579184,4.9405155
390,2019-01-26 00:00:00+02:00,0.04873166,3.0568142,9.323846,1.4903564,6.055757,0.007891196,9.573333
391,2019-01-27 00:00:00+02:00,0.037251767,2.398836,7.2336745,1.5170702,4.5375524,0.007416202,7.6704025
392,2019-01-28 00:00:00+02:00,0.08618895,4.7392244,14.321701,1.7181125,6.3079967,0.0040432266,15.886135
393,2019-01-29 00:00:00+02:00,0.1775884,7.5934463,15.331005,1.383593,8.04076,0.0021918025,17.741238
394,2019-01-30 00:00:00+02:00,0.012643192,3.8265412,11.5888405,1.1950954,9.407066,0.006310636,12.479065
395,2019-01-31 00:00:00+02:00,0.64054453,2.352437,7.289282,1.5424895,6.659652,0.0037480772,7.8827744
396,2019-02-01 00:00:00+02:00,3.6782093,4.8616943,12.012532,1.4932793,3.9556477,0.0005076161,16.098362
397,2019-02-02 00:00:00+02:00,0.31949353,4.995948,10.663269,1.2135428,4.620912,0.020702666,12.711742
398,2019-02-03 00:00:00+02:00,1.7528248,9.183341,17.263342,0.6948239,4.258704,0.03822398,19.372879
399,2019-02-04 00:00:00+02:00,1.4982071,3.1104877,7.5034366,0.9720034,4.282336,0.042023525,9.309756
400,2019-02-05 00:00:00+02:00,0.082357794,3.2206097,9.675212,1.4497422,4.983049,0.03446923,11.649682
401,2019-02-06 00:00:00+02:00,0.064569995,3.9974222,8.741904,1.1422511,5.641014,0.03990755,9.596294
402,2019-02-07 00:00:00+02:00,0.05214821,3.8193438,8.331207,1.0774866,4.3522353,0.097227395,9.328352
403,2019-02-08 00:00:00+02:00,0.25839597,9.398183,16.581377,1.3057064,6.7091327,0.0607729,22.702127
404,2019-02-09 00:00:00+02:00,0.11986092,7.4494834,16.780972,1.3102762,5.26226,0.106517605,22.586172
405,2019-02-10 00:00:00+02:00,0.09819352,6.4949994,13.248288,0.9731169,4.212017,0.21045677,19.103083
406,2019-02-11 00:00:00+02:00,0.365296,7.807527,17.118402,1.3044993,5.533602,0.056423012,18.1339
407,2019-02-12 00:00:00+02:00,0.008504254,0.66235197,2.3349082,0.97230476,2.345134,0.07665888,3.9778154
408,2019-02-13 00:00:00+02:00,0.13035107,0.7974054,3.093633,0.8480982,2.5395327,0.066001095,5.8084407
409,2019-02-14 00:00:00+02:00,0.11211157,0.7701681,3.2973907,0.770585,1.357354,0.11322122,6.6958547
410,2019-02-15 00:00:00+02:00,1.2296258,4.256161,9.839954,0.6291607,3.808305,0.03396911,13.697175
411,2019-02-16 00:00:00+02:00,1.9458395,3.2411664,8.252381,0.61624926,3.2176142,0.29498437,10.592122
412,2019-02-17 00:00:00+02:00,1.2793726,8.479888,13.646866,0.95551443,6.0872645,0.14982514,18.363625
413,2019-02-18 00:00:00+02:00,0.14275046,1.160683,3.330137,0.9077739,1.819636,0.11167887,4.7933946
414,2019-02-19 00:00:00+02:00,1.9492027,12.030155,22.458235,1.4787973,8.52694,0.16748022,26.762316
415,2019-02-20 00:00:00+02:00,0.0916351,2.9161415,5.6660676,0.8708222,3.8755486,0.0933517,9.424888
416,2019-02-21 00:00:00+02:00,0.035862498,0.71505314,2.0288155,1.0740305,1.2544764,0.14245975,3.5243492
417,2019-02-22 00:00:00+02:00,0.002946704,0.45506123,1.5285803,1.170665,1.1600369,0.12731618,3.0023754
418,2019-02-23 00:00:00+02:00,0.031056235,0.6943114,2.5778275,1.1380948,1.4888873,0.10946157,3.9084246
419,2019-02-24 00:00:00+02:00,1.3970541,4.877567,9.494235,0.98722416,3.2082412,0.07693863,14.040321
420,2019-02-25 00:00:00+02:00,0.6990032,2.0957444,5.769095,0.87048703,2.6213806,0.19504768,9.086744
421,2019-02-26 00:00:00+02:00,0.07782358,0.88030314,3.2482135,0.7292876,1.7887802,0.08646753,6.685678
422,2019-02-27 00:00:00+02:00,0.6502294,3.270799,6.723759,0.7544301,2.6275146,0.0911828,9.27552
423,2019-02-28 00:00:00+02:00,3.0377643,3.6369698,9.60602,0.747456,3.6283977,0.13384369,15.185924
424,2019-03-01 00:00:00+02:00,0.035172567,0.6846262,1.5539551,0.76878864,1.5726182,0.02628798,2.8232422
425,2019-03-02 00:00:00+02:00,0.005616341,0.99852353,2.7819643,1.1621693,1.5248752,0.35804644,4.939468
426,2019-03-03 00:00:00+02:00,0.32839045,5.3001666,10.966901,1.0433389,4.5197845,0.980793,14.777253
427,2019-03-04 00:00:00+02:00,0.05786371,3.971264,6.4271064,0.79132515,2.9953043,0.55466574,8.8433275
428,2019-03-05 00:00:00+02:00,0.026881382,3.2535725,6.176704,0.9042816,4.221462,1.0795268,8.4620695
429,2019-03-06 00:00:00+02:00,0.055904444,2.095864,4.5332847,1.2169806,2.7449443,0.27910182,6.392584
430,2019-03-07 00:00:00+02:00,0.03313625,5.8859806,9.275483,1.4178281,4.047882,0.91257477,12.700997
431,2019-03-08 00:00:00+02:00,0.09701141,7.323297,11.500903,1.3269566,5.0635285,1.175148,15.11438
432,2019-03-09 00:00:00+02:00,0.026029417,2.2384858,5.338501,1.0959209,2.8599818,0.65374416,8.732433
433,2019-03-10 00:00:00+02:00,0.012941241,2.0697463,5.142361,1.0499206,2.531533,0.6337362,8.242492
434,2019-03-11 00:00:00+02:00,0.003956218,1.0104107,2.6037157,1.1984562,1.9566945,0.2932944,3.8198786
435,2019-03-12 00:00:00+02:00,0.0023102702,0.8492593,2.056827,1.2370894,1.649427,0.33842215,3.5217974
436,2019-03-13 00:00:00+02:00,0.0019656203,4.483293,9.070377,1.3912767,3.7751732,0.7536821,12.184402
437,2019-03-14 00:00:00+02:00,0.009558351,7.5856366,13.177531,1.3532958,5.3107367,0.8673728,16.365488
438,2019-03-15 00:00:00+02:00,0.0046782685,6.5886054,11.971772,1.3998184,5.269357,0.52807283,15.424235
439,2019-03-16 00:00:00+02:00,0.0038631356,3.0217218,4.7349052,1.0925027,4.4417768,0.40222946,5.498159
440,2019-03-17 00:00:00+02:00,0.07928875,4.546042,7.895329,1.0525843,2.7257357,0.55559134,9.411466
441,2019-03-18 00:00:00+02:00,0.29046398,5.1506815,7.996853,1.205487,3.4629343,1.3596886,9.819447
442,2019-03-19 00:00:00+02:00,0.018629324,3.489711,6.341682,1.371746,3.8342762,0.7778209,9.044192
443,2019-03-20 00:00:00+02:00,0.038845714,2.5329118,4.664805,1.5663153,3.5143795,0.28164515,6.4285755
444,2019-03-21 00:00:00+02:00,0.10662547,4.5209384,8.261727,1.1376044,4.1322484,0.303765,12.373422
445,2019-03-22 00:00:00+02:00,0.3151108,1.6575375,4.5053115,0.9957773,2.2796915,0.33671358,7.991635
446,2019-03-23 00:00:00+02:00,0.2964461,2.2063591,5.420313,1.2263658,1.7049936,0.51571375,7.591001
447,2019-03-24 00:00:00+02:00,0.09961289,2.232688,5.8442235,1.1565944,1.7563118,0.5199159,11.641537
448,2019-03-25 00:00:00+02:00,0.009033839,2.3605726,6.218454,1.0912416,1.8169457,0.2843947,12.983658
449,2019-03-26 00:00:00+02:00,0.004591176,0.8707302,2.7111168,1.0740896,1.517293,0.32103923,4.7870984
450,2019-03-27 00:00:00+02:00,0.01865327,1.1100188,3.145024,1.1545447,1.6219301,0.33002204,5.4135914
451,2019-03-28 00:00:00+02:00,0.040914703,1.9921945,4.38633,1.1928781,2.1289227,0.33379945,5.908228
452,2019-03-29 00:00:00+02:00,0.20413029,3.2493608,5.8921432,0.8501988,2.1585133,0.21692918,8.560663
453,2019-03-30 00:00:00+02:00,0.19850872,8.890833,12.839157,1.3462805,3.6171353,0.9588356,16.718767
454,2019-03-31 00:00:00+02:00,0.10949092,9.529895,14.205529,1.5182215,3.753876,1.3191864,18.626726
455,2019-04-01 00:00:00+03:00,0.01150917,0.6633188,2.8525572,1.0599592,1.4128147,0.2108078,5.5583496
456,2019-04-02 00:00:00+03:00,0.022558885,0.49957058,2.4711838,1.1507257,1.5250312,0.4980819,5.3163877
457,2019-04-03 00:00:00+03:00,0.016925957,1.0941731,3.6064386,1.4955133,2.038104,0.6901696,5.3601933
458,2019-04-04 00:00:00+03:00,0.037025224,2.3120782,5.9757805,2.0872338,2.984041,0.44681278,8.712161
459,2019-04-05 00:00:00+03:00,0.039897,2.6331918,7.2503777,2.024248,3.0492926,0.5239584,10.390304
460,2019-04-06 00:00:00+03:00,0.349331,3.0014422,9.673776,2.4449441,3.249131,0.6608902,14.017406
461,2019-04-07 00:00:00+03:00,0.28785655,6.470902,14.541843,2.1845405,3.7060025,0.6215583,16.63822
462,2019-04-08 00:00:00+03:00,0.4409732,8.835212,19.363697,2.8338768,4.0031333,0.48608363,22.508272
463,2019-04-09 00:00:00+03:00,0.33118334,2.6995022,6.1419144,1.9688269,2.500755,0.37406096,8.548328
464,2019-04-10 00:00:00+03:00,0.17697947,1.4466757,4.1785636,1.6901754,2.4443247,0.37844086,5.7968044
465,2019-04-11 00:00:00+03:00,0.23370443,2.6565235,6.1190505,2.310384,3.2468421,0.33740988,7.21063
466,2019-04-12 00:00:00+03:00,0.12617107,1.7252241,4.022564,1.7492443,1.8787028,0.3303168,5.1075664
467,2019-04-13 00:00:00+03:00,0.16223258,1.6324444,3.971839,1.5361328,2.1462204,0.23401912,5.240101
468,2019-04-14 00:00:00+03:00,0.09503788,0.8828234,3.399431,1.2620188,1.429088,0.29702285,4.945708
469,2019-04-15 00:00:00+03:00,0.034979124,1.1112456,4.3045125,1.2909342,1.8434459,0.63923126,7.1392517
470,2019-04-16 00:00:00+03:00,0.26680955,1.8439503,6.6914005,1.4870538,2.3788135,0.27773958,9.213813
471,2019-04-17 00:00:00+03:00,0.18674238,1.4609457,6.129229,1.9273568,2.8135376,0.54732734,10.309471
472,2019-04-18 00:00:00+03:00,0.100949675,1.5727888,6.6457057,1.7240849,2.6532485,0.5993771,11.445247
473,2019-04-19 00:00:00+03:00,0.18397723,1.4433016,6.3349595,2.20375,3.601575,1.0697054,9.6113825
474,2019-04-20 00:00:00+03:00,0.8416891,3.316286,7.9145665,1.7897044,2.6036365,0.82397026,12.050991
475,2019-04-21 00:00:00+03:00,0.48481432,3.1644146,8.854431,2.1568778,3.4679508,0.4354066,10.346883
476,2019-04-22 00:00:00+03:00,0.1148457,4.532474,10.494984,2.2233598,3.2116125,0.86460215,13.166463
477,2019-04-23 00:00:00+03:00,0.0774143,2.7304957,9.837561,2.0995986,3.2195015,1.1235307,12.338996
478,2019-04-24 00:00:00+03:00,0.29191634,3.2771528,12.698228,2.4048321,4.339952,1.3842134,16.421816
479,2019-04-25 00:00:00+03:00,9.0316,4.2337623,13.101396,1.5158743,2.338519,0.8100328,18.953363
480,2019-04-26 00:00:00+03:00,16.744612,5.659456,20.895327,1.3225607,2.6873226,0.8204866,34.67988
481,2019-04-27 00:00:00+03:00,17.17304,5.2105284,23.88726,1.4106971,3.2485046,0.7575589,40.40909
482,2019-04-28 00:00:00+03:00,10.01138,4.519939,16.668446,1.641987,3.0783749,0.57536995,25.753862
483,2019-04-29 00:00:00+03:00,0.82857245,0.9759243,4.235373,1.7384344,2.6435258,0.5497839,6.753905
484,2019-04-30 00:00:00+03:00,0.3257553,1.224797,4.5592775,1.7356697,2.376904,0.6443601,7.4534707
485,2019-05-01 00:00:00+03:00,0.44007254,1.110234,4.897244,1.5066009,2.4047444,0.6888439,8.352123
486,2019-05-02 00:00:00+03:00,1.2737733,2.5313852,6.8500843,1.825631,3.105224,0.23146038,12.201748
487,2019-05-03 00:00:00+03:00,0.37105402,0.9884538,3.4233828,1.4196886,2.2995503,0.22439723,5.5076833
488,2019-05-04 00:00:00+03:00,0.06302878,1.9371666,4.3960805,1.7844471,2.4200077,0.36802125,7.8023834
489,2019-05-05 00:00:00+03:00,0.12306828,3.6480532,7.0335765,2.2299821,3.0421991,0.3662332,10.718326
490,2019-05-06 00:00:00+03:00,0.07462353,0.5750416,2.3094358,1.8999594,1.8807825,0.25211152,4.1000547
491,2019-05-07 00:00:00+03:00,0.100171916,0.72930294,2.6910102,1.473227,1.6348408,0.33237925,5.426964
492,2019-05-08 00:00:00+03:00,0.0395309,0.8039658,3.3103683,1.5487982,1.7807021,0.29765406,7.0440946
493,2019-05-09 00:00:00+03:00,0.55931836,1.0684441,3.6038907,2.0217912,2.8294764,0.4256731,5.3656077
494,2019-05-10 00:00:00+03:00,0.88208884,2.3318136,5.833179,2.3364704,4.045737,0.49878755,7.4604607
495,2019-05-11 00:00:00+03:00,0.19210494,6.5125804,11.419998,3.0912418,5.528557,0.37862206,13.027916
496,2019-05-12 00:00:00+03:00,0.05315968,5.149932,9.060314,3.2655008,4.1789517,0.15137203,10.493243
497,2019-05-13 00:00:00+03:00,0.07576517,5.036054,9.926159,3.294844,5.932937,0.30090484,11.543545
498,2019-05-14 00:00:00+03:00,0.1067841,2.2100525,6.2067285,2.6491234,5.766578,0.11983722,7.2164598
499,2019-05-15 00:00:00+03:00,0.1520011,1.8367299,5.456326,2.300589,6.6010585,0.18568707,6.697273
500,2019-05-16 00:00:00+03:00,0.42092514,1.1441838,4.1087794,1.9244102,5.4088416,0.27250943,5.1330123
501,2019-05-17 00:00:00+03:00,2.341073,1.6747332,6.4006248,1.9928962,7.8392987,0.32217422,9.326445
502,2019-05-18 00:00:00+03:00,3.182802,2.2572331,7.6618786,1.528994,7.8883843,0.47878873,11.327216
503,2019-05-19 00:00:00+03:00,0.5277727,1.5525699,5.271723,1.2984498,6.0296226,0.5039635,7.561869
504,2019-05-20 00:00:00+03:00,0.63724333,2.1217606,7.4908447,1.1549679,6.881691,0.6333485,9.215154
505,2019-05-21 00:00:00+03:00,2.1824694,3.0462358,8.45551,1.1794747,6.71299,0.3612933,11.061317
506,2019-05-22 00:00:00+03:00,1.4370774,2.9821856,8.563371,1.831859,6.076977,0.35080382,10.703313
507,2019-05-23 00:00:00+03:00,0.743524,2.9346912,7.7954235,2.0480278,5.5445275,0.4765335,9.305131
508,2019-05-24 00:00:00+03:00,1.9048214,4.885753,10.866164,1.7775551,5.4874587,0.18873234,12.339004
509,2019-05-25 00:00:00+03:00,0.48194954,2.5094068,6.3651867,1.9821128,4.278858,0.57752854,9.737341
510,2019-05-26 00:00:00+03:00,0.12355342,1.6849648,4.2496676,1.8729814,3.3059003,0.37110528,5.6906605
511,2019-05-27 00:00:00+03:00,0.3160163,5.4080596,8.7983675,2.4870956,5.2657313,0.92684084,11.982062
512,2019-05-28 00:00:00+03:00,2.4349654,5.2539797,12.941296,2.493289,6.1002636,0.38940564,15.709418
513,2019-05-29 00:00:00+03:00,2.1925774,2.7910573,8.165919,2.0698547,4.9967456,0.2382655,10.961315
514,2019-05-30 00:00:00+03:00,0.11790908,0.45014563,2.3254373,1.2037162,1.6593603,0.33551273,3.9447145
515,2019-05-31 00:00:00+03:00,0.13563876,1.5500466,4.276035,1.657668,2.493203,0.60186285,6.3401475
516,2019-06-01 00:00:00+03:00,0.100769185,2.4276395,5.6403537,2.000981,3.7751553,0.16193658,7.153049
517,2019-06-02 00:00:00+03:00,0.12290216,1.8110284,4.76539,1.0651528,1.8990202,0.37005278,6.712277
518,2019-06-03 00:00:00+03:00,0.038378097,1.1410025,4.262555,1.13787,2.212879,0.4100705,6.9648347
519,2019-06-04 00:00:00+03:00,0.08332016,0.82486886,3.666055,1.1494635,3.3015404,0.679733,5.3657303
520,2019-06-05 00:00:00+03:00,0.38872442,1.206787,5.193192,1.183908,4.3808303,0.6414029,6.8693824
521,2019-06-06 00:00:00+03:00,2.567581,2.1600635,9.0645685,1.1176158,4.8719945,0.22680129,11.430028
522,2019-06-07 00:00:00+03:00,3.0350761,2.8374407,10.046321,1.2138293,4.655391,0.15761739,12.025847
523,2019-06-08 00:00:00+03:00,2.7457314,2.5351584,8.029566,1.1449639,4.4376683,0.2341172,10.109006
524,2019-06-09 00:00:00+03:00,0.40391433,2.0783353,4.8987164,1.5741247,3.9495964,0.42539227,6.515714
525,2019-06-10 00:00:00+03:00,0.19899555,1.1300281,4.308107,1.3443666,3.2050426,0.62821907,7.204985
526,2019-06-11 00:00:00+03:00,2.46974,2.0984898,7.978585,1.2244172,6.1610312,0.53152055,10.445737
527,2019-06-12 00:00:00+03:00,2.9090185,3.1456006,9.771925,1.0319015,6.129566,0.4280232,12.63387
528,2019-06-13 00:00:00+03:00,1.9705633,1.8832544,7.8427444,1.030856,6.905281,0.5926354,9.027748
529,2019-06-14 00:00:00+03:00,2.0693061,2.8606205,9.731884,1.7191006,6.597079,0.4962041,11.353375
530,2019-06-15 00:00:00+03:00,1.4586377,1.4469496,4.6252046,1.2196808,3.0230227,0.2799875,6.4293866
531,2019-06-16 00:00:00+03:00,1.5982085,1.4084162,5.2400527,1.3949113,4.3441978,0.38417545,6.3791275
532,2019-06-17 00:00:00+03:00,2.366478,2.1645448,7.2603116,2.276399,3.6913488,0.08747142,10.030415
533,2019-06-18 00:00:00+03:00,0.29875544,1.3026239,4.3071427,1.1510013,2.579462,0.37501562,6.271126
534,2019-06-19 00:00:00+03:00,0.16256706,0.9777917,4.197202,0.9997869,3.0641625,0.5412869,6.4814773
535,2019-06-20 00:00:00+03:00,1.4883217,1.1511968,5.260447,1.5069958,4.955416,0.44854483,6.5964017
536,2019-06-21 00:00:00+03:00,2.2982128,3.2364626,9.145252,1.9777355,5.971395,0.10639908,11.26439
537,2019-06-22 00:00:00+03:00,0.4953127,1.9412898,6.0546184,1.6011477,3.540929,0.3558024,8.410245
538,2019-06-23 00:00:00+03:00,0.11779887,0.7835234,3.0473983,1.039456,2.4185095,0.33106336,4.1535463
539,2019-06-24 00:00:00+03:00,0.12384823,0.59420466,2.6994798,0.9290116,2.5121787,0.32377645,4.0658545
540,2019-06-25 00:00:00+03:00,0.12689163,0.7514705,3.3609858,0.98766667,2.9728205,0.40733656,5.2629476
541,2019-06-26 00:00:00+03:00,0.54590917,2.5872424,8.471105,1.6601664,6.0316205,0.5426654,10.201851
542,2019-06-27 00:00:00+03:00,0.79807824,3.0072203,8.374675,1.7609535,4.768817,0.14788301,10.291533
543,2019-06-28 00:00:00+03:00,0.086950324,0.6090889,2.867561,0.6050913,1.1786643,0.13310854,4.4763026
544,2019-06-29 00:00:00+03:00,0.115315706,0.70905644,2.7141447,0.6701084,1.3377863,0.23624837,4.5902
545,2019-06-30 00:00:00+03:00,1.3471317,1.4514059,5.5494657,0.7300548,2.5392885,0.4018146,9.462341
546,2019-07-01 00:00:00+03:00,0.78355354,1.6673584,5.8306026,0.8246799,4.0932074,1.0657936,8.340857
547,2019-07-02 00:00:00+03:00,0.11621595,1.2539324,4.04312,0.89935446,1.9540874,0.23718978,6.5248685
548,2019-07-03 00:00:00+03:00,0.03818911,0.40057674,2.189387,0.8273937,1.4471192,0.13059528,4.630331
549,2019-07-04 00:00:00+03:00,0.052466493,0.6661277,2.6218262,0.8305226,1.2408074,0.15791102,6.8243594
550,2019-07-05 00:00:00+03:00,0.056644943,0.62479246,2.4616122,0.7760853,1.8869299,0.1431715,3.4053085
551,2019-07-06 00:00:00+03:00,0.042027432,0.4366902,1.9195336,0.9061737,1.4123179,0.23139028,2.686875
552,2019-07-07 00:00:00+03:00,0.07227406,1.0761954,3.2379448,1.0175472,2.0322502,0.13244022,4.32791
553,2019-07-08 00:00:00+03:00,0.07279688,0.5423316,2.7195299,1.0887657,1.5930108,0.09765821,2.7581012
554,2019-07-09 00:00:00+03:00,0.041345075,1.4317809,3.1567907,2.1029217,2.8555095,0.06826047,3.4584656
555,2019-07-10 00:00:00+03:00,0.03898574,0.6638675,3.2219532,1.5245023,2.384865,0.10552295,3.5690708
556,2019-07-11 00:00:00+03:00,0.11450193,1.0473179,4.957238,1.3996724,2.318632,0.18343557,6.0740457
557,2019-07-12 00:00:00+03:00,0.15964158,1.2813348,4.1660795,1.2580105,2.616515,0.19238503,5.586698
558,2019-07-13 00:00:00+03:00,0.100449495,1.5041467,3.6182578,1.3886471,1.887424,0.25437692,4.892202
559,2019-07-14 00:00:00+03:00,0.094645254,1.3563418,3.8618448,1.4994913,2.6536787,0.2681615,4.981842
560,2019-07-15 00:00:00+03:00,0.16346686,1.040654,4.296019,1.3831892,2.5122495,0.2142458,5.6264877
561,2019-07-16 00:00:00+03:00,0.15493815,1.0945455,4.8118997,1.5747052,2.6772754,0.19919498,6.031667
562,2019-07-17 00:00:00+03:00,0.08373585,1.0314411,3.420618,1.6435357,2.800601,0.07782556,3.791938
563,2019-07-18 00:00:00+03:00,0.058605682,1.5440769,4.959022,2.4390135,4.505456,0.11486072,5.7285256
564,2019-07-19 00:00:00+03:00,0.08970335,1.6811577,4.849691,1.5248162,2.720294,0.17680405,5.511271
565,2019-07-20 00:00:00+03:00,0.10612742,2.3934624,5.450743,1.4176584,2.8868618,0.29513243,6.630759
566,2019-07-21 00:00:00+03:00,0.25386438,5.355877,12.31162,2.3268034,5.8303847,0.3733804,13.773829
567,2019-07-22 00:00:00+03:00,0.105852306,2.0949068,6.2385716,1.5569884,3.7340298,0.10994839,6.5757084
568,2019-07-23 00:00:00+03:00,0.08116823,1.0730071,4.5839596,1.2854948,2.7014115,0.11368925,5.723528
569,2019-07-24 00:00:00+03:00,0.20993318,1.7574013,6.0700507,1.8071002,5.031795,0.13359505,6.701746
570,2019-07-25 00:00:00+03:00,0.1765875,1.1542076,4.682044,1.0767426,3.1112146,0.16953148,5.535412
571,2019-07-26 00:00:00+03:00,0.18630664,1.0924762,4.0143447,2.3412702,6.035418,0.15123916,4.905704
572,2019-07-27 00:00:00+03:00,0.8364899,2.2049267,10.817554,1.9380504,4.844574,0.058376282,11.846195
573,2019-07-28 00:00:00+03:00,2.5650032,2.8511295,16.846214,1.3115181,3.9133255,0.14872086,19.078514
574,2019-07-29 00:00:00+03:00,0.9829219,1.7686673,8.6920805,1.1529753,6.8291783,0.19450028,10.197074
575,2019-07-30 00:00:00+03:00,0.31400523,0.69950956,3.323562,1.0994908,3.2580216,0.3184179,4.738147
576,2019-07-31 00:00:00+03:00,0.099045806,0.75611454,3.4303515,0.97648257,1.8398026,0.20247859,5.357968
577,2019-08-01 00:00:00+03:00,0.26875475,1.0618535,3.9354022,0.85652214,1.332203,0.12742728,6.1279836
578,2019-08-02 00:00:00+03:00,0.46611488,1.4677593,7.1387444,1.1710042,1.9317899,0.15596673,8.142326
579,2019-08-03 00:00:00+03:00,0.6217095,1.2817541,5.728825,1.2417167,2.1273453,0.21774705,7.9015274
580,2019-08-04 00:00:00+03:00,0.39730737,0.87874603,4.481852,1.117194,1.9456154,0.26145765,6.0382156
581,2019-08-05 00:00:00+03:00,0.23747386,1.0502981,4.9255133,0.9724774,1.4725748,0.22824752,7.1835647
582,2019-08-06 00:00:00+03:00,0.48076394,2.021621,6.5410085,1.3488218,2.503229,0.34131286,8.221456
583,2019-08-07 00:00:00+03:00,0.26730058,3.1511424,8.023632,2.2041795,4.8351054,0.34879723,9.112989
584,2019-08-08 00:00:00+03:00,0.1250634,1.8235803,5.228097,2.1375628,4.769139,0.09102311,5.4439316
585,2019-08-09 00:00:00+03:00,0.09632626,1.2546726,4.231681,1.4041392,2.9254417,0.13778475,5.2932363
586,2019-08-10 00:00:00+03:00,0.073168755,1.6732417,4.925493,1.4643704,2.6484687,0.250323,5.071619
587,2019-08-11 00:00:00+03:00,0.1515787,1.8350474,6.2589326,1.5332118,3.7042563,0.39021173,7.6910324
588,2019-08-12 00:00:00+03:00,0.18717158,2.3367524,6.2705307,1.3447832,3.1270154,0.7100785,9.155267
589,2019-08-13 00:00:00+03:00,0.2351805,2.4807694,6.616215,1.5825509,4.025464,0.33062926,7.994179
590,2019-08-14 00:00:00+03:00,0.20507163,3.3360016,7.4133277,2.3098722,3.7856767,0.28076372,8.832517
591,2019-08-15 00:00:00+03:00,0.087070346,1.3816913,3.973625,1.3841844,2.7675464,0.27984062,5.077517
592,2019-08-16 00:00:00+03:00,0.0866411,1.7867275,4.969394,1.5985652,3.04949,0.41173625,6.0243793
593,2019-08-17 00:00:00+03:00,0.07824848,1.7326275,5.1328983,1.3753964,2.6205332,0.5129307,6.410588
594,2019-08-18 00:00:00+03:00,0.08707344,4.305789,8.874623,1.8717171,4.075989,0.8050299,11.233369
595,2019-08-19 00:00:00+03:00,0.84994626,3.4660962,9.803211,1.9194212,5.0585814,0.75441986,11.225578
596,2019-08-20 00:00:00+03:00,0.43077138,1.6077771,4.6392612,1.3134139,2.7820673,0.30761433,6.1038156
597,2019-08-21 00:00:00+03:00,0.27460566,1.4513966,4.952804,1.6565253,4.05593,0.16928065,5.331221
598,2019-08-22 00:00:00+03:00,0.071016006,1.5864015,5.1075664,1.1214478,2.2408392,0.32944044,7.328428
599,2019-08-23 00:00:00+03:00,0.034792583,1.5515877,4.5452394,1.1660625,2.3562531,0.4121705,7.088388
600,2019-08-24 00:00:00+03:00,0.08570396,2.7974722,8.357935,1.6367345,3.0116768,0.7385771,11.356689
601,2019-08-25 00:00:00+03:00,0.15479183,1.8444796,6.407619,0.99609405,3.0548518,0.5356036,8.971996
602,2019-08-26 00:00:00+03:00,0.1868708,2.7755024,8.169585,1.411892,4.618084,0.905519,10.590238
603,2019-08-27 00:00:00+03:00,0.25996166,2.5181382,8.423806,1.226278,3.849467,0.7462657,11.9239235
604,2019-08-28 00:00:00+03:00,0.14086272,2.9471881,8.017024,1.2098883,4.0810866,0.75379604,11.323333
605,2019-08-29 00:00:00+03:00,0.15313986,1.9144112,6.112585,1.2417464,4.4686775,0.89997834,8.266999
606,2019-08-30 00:00:00+03:00,1.0582055,5.085031,12.473031,2.2597306,6.689745,0.4887247,14.010978
607,2019-08-31 00:00:00+03:00,0.52619976,2.801607,8.015153,1.5864444,4.8267837,0.33602417,9.159838
608,2019-09-01 00:00:00+03:00,0.34480906,1.791427,5.689507,0.87189394,2.473244,0.3905894,6.320783
609,2019-09-02 00:00:00+03:00,0.5037247,2.537991,7.3271747,1.7473532,5.0109725,0.6966657,8.574464
610,2019-09-03 00:00:00+03:00,0.04554534,0.63270724,3.14767,0.6751829,1.3664432,0.1490128,3.450366
611,2019-09-04 00:00:00+03:00,0.048173975,1.8520933,4.6762347,1.5068048,3.1762507,0.45927593,7.329638
612,2019-09-05 00:00:00+03:00,0.10477591,3.5381157,7.2236485,1.8960255,3.591337,0.74594337,9.7610655
613,2019-09-06 00:00:00+03:00,0.06881336,3.1110141,7.184213,1.4908518,3.5225372,0.40075365,10.991046
614,2019-09-07 00:00:00+03:00,0.028217122,1.5357963,4.6896553,1.0685521,2.2054923,0.45802426,7.8591385
615,2019-09-08 00:00:00+03:00,0.26337346,3.9853725,10.3032675,1.3140129,4.188399,0.8100348,11.730306
616,2019-09-09 00:00:00+03:00,0.3341597,6.2708015,12.937145,1.0343764,3.1305017,0.29229212,14.282567
617,2019-09-10 00:00:00+03:00,0.23764443,2.8666935,8.2917595,1.2515043,3.0704527,0.52553177,10.367917
618,2019-09-11 00:00:00+03:00,0.050444227,4.4109592,9.176398,2.4800465,4.2440505,0.52818614,10.783206
619,2019-09-12 00:00:00+03:00,0.06665235,6.178158,11.64174,3.0516825,6.247952,0.60412633,15.734947
620,2019-09-13 00:00:00+03:00,0.053566102,3.0776596,6.5334034,1.1788378,3.950079,0.4296241,9.336125
621,2019-09-14 00:00:00+03:00,0.03293599,0.44246563,3.4858348,0.5805082,1.2356118,0.23124717,6.165411
622,2019-09-15 00:00:00+03:00,0.06208195,1.4265338,5.1135335,0.86237955,1.6175709,0.48510304,9.320443
623,2019-09-16 00:00:00+03:00,0.040657274,0.6099122,4.192487,0.5974565,1.5171362,0.19203931,10.28444
624,2019-09-17 00:00:00+03:00,0.04325645,0.4980276,3.229908,0.6217832,1.4145948,0.16707252,5.522906
625,2019-09-18 00:00:00+03:00,0.024890786,1.0643646,3.700899,0.7312961,1.7508076,0.1254931,4.896081
626,2019-09-19 00:00:00+03:00,0.014222249,0.86897874,2.7560265,0.9709368,1.7418896,0.1555704,3.0185003
627,2019-09-20 00:00:00+03:00,0.01067924,0.5525998,1.7449788,0.85317063,1.4201578,0.18458743,2.8485515
628,2019-09-21 00:00:00+03:00,0.5126908,1.1137701,3.0013971,0.5849703,1.6227957,0.15700851,4.4982896
629,2019-09-22 00:00:00+03:00,0.78042865,1.0087166,3.1385593,0.52925223,1.4882246,0.13492142,5.0850587
630,2019-09-23 00:00:00+03:00,0.029936835,0.4275622,1.5392399,0.808392,1.1528122,0.21874283,2.1395
631,2019-09-24 00:00:00+03:00,0.040928178,1.3043276,3.1171396,1.0602001,2.0012076,0.5578499,4.342963
632,2019-09-25 00:00:00+03:00,0.08327042,1.4128327,3.197013,1.1541251,2.0008602,0.618464,4.4013433
633,2019-09-26 00:00:00+03:00,0.7298059,3.7147558,7.4274673,1.1516672,2.6642032,0.4832157,9.767664
634,2019-09-27 00:00:00+03:00,0.8288718,3.2577298,7.012563,1.2105546,3.0306635,0.5546714,9.863101
635,2019-09-28 00:00:00+03:00,0.47555903,2.9850597,7.8047996,1.5144039,3.9570138,0.12177824,8.946272
636,2019-09-29 00:00:00+03:00,0.051652227,3.0084193,6.1088696,1.1751319,3.2958543,0.18199567,6.847502
637,2019-09-30 00:00:00+03:00,0.19415386,1.7098193,5.5157866,1.1031333,3.557636,0.1022084,5.897268
638,2019-10-01 00:00:00+03:00,0.06519996,0.9791191,3.2917662,0.80520064,2.8034306,0.030217102,2.905269
639,2019-10-02 00:00:00+03:00,0.3210702,2.0209727,5.6507144,0.99470687,4.469234,0.052483533,5.8237767
640,2019-10-03 00:00:00+03:00,0.04071789,0.7698946,2.7090018,0.8014781,2.5900195,0.11500592,4.05462
641,2019-10-04 00:00:00+03:00,0.02649361,0.9274021,2.407893,1.0053055,2.2421834,0.08490866,3.1485255
642,2019-10-05 00:00:00+03:00,0.027503422,1.0240618,3.0645525,1.1746346,2.1078613,0.09613767,3.4670038
643,2019-10-06 00:00:00+03:00,0.020776536,0.55414283,1.9815273,0.97476,1.2426252,0.12480668,2.298297
644,2019-10-07 00:00:00+03:00,0.018268282,0.8551798,2.1365323,0.8533037,1.7175837,0.071081355,2.4736564
645,2019-10-08 00:00:00+03:00,0.022497088,2.8154638,5.6836505,0.92709184,3.0139368,0.03304731,6.5278335
646,2019-10-09 00:00:00+03:00,0.043704297,3.7946866,7.227243,1.03813,6.3604054,0.12506923,9.457194
647,2019-10-10 00:00:00+03:00,0.059176307,2.8858082,6.5576854,0.8949828,5.1606636,0.08460274,6.032213
648,2019-10-11 00:00:00+03:00,0.01845275,3.994774,6.676437,0.84530807,4.8771195,0.15079115,8.683187
649,2019-10-12 00:00:00+03:00,0.12151238,3.0998573,5.7206798,0.95995754,4.3174534,0.18442447,7.4371834
650,2019-10-13 00:00:00+03:00,0.19066246,1.1893519,2.9250736,0.8739452,2.0862443,0.11514913,3.4252443
651,2019-10-14 00:00:00+03:00,1.8209543,5.049016,10.986432,1.4227066,4.3665557,0.37281743,13.537084
652,2019-10-15 00:00:00+03:00,0.6601472,2.021689,5.181469,0.8399146,2.2686303,0.36108866,7.4843197
653,2019-10-16 00:00:00+03:00,2.187434,8.797725,18.251871,1.6987871,4.8267865,0.5141657,20.332949
654,2019-10-17 00:00:00+03:00,0.3870902,3.9510782,6.6415925,0.9992676,4.7677317,0.13505633,8.242461
655,2019-10-18 00:00:00+03:00,0.34950963,5.3891015,9.920344,1.2957863,4.648813,0.17353882,12.157735
656,2019-10-19 00:00:00+03:00,0.85328364,9.52369,16.981215,1.8766141,5.62991,0.13160379,18.537851
657,2019-10-20 00:00:00+03:00,0.68805224,10.97236,18.619728,1.9485277,5.3276896,0.15534048,21.001656
658,2019-10-21 00:00:00+03:00,0.35841978,9.893123,16.27007,1.5924767,4.8139853,0.17543983,18.687233
659,2019-10-22 00:00:00+03:00,0.82471436,9.058501,16.951548,1.4320031,5.3683662,0.20226519,17.973627
660,2019-10-23 00:00:00+03:00,0.18859924,4.3458796,6.7254796,1.073692,5.3835683,0.11594554,7.905294
661,2019-10-24 00:00:00+03:00,0.99274856,6.4482613,9.777497,1.0352756,4.570604,0.11058369,12.197533
662,2019-10-25 00:00:00+03:00,3.977989,12.911586,24.040201,1.7667462,6.582176,0.15372428,27.645723
663,2019-10-26 00:00:00+03:00,1.0465938,5.9840813,10.370267,1.156654,5.758674,0.17274408,11.698739
664,2019-10-27 00:00:00+03:00,1.0490234,4.362631,8.296902,0.84464544,3.9539096,0.221234,10.154126
665,2019-10-28 00:00:00+02:00,0.013354807,1.4354471,3.3224175,0.6498037,1.9600315,0.15399928,8.079986
666,2019-10-29 00:00:00+02:00,0.014573753,0.9383541,1.890985,0.71023303,1.778252,0.119559504,2.4928763
667,2019-10-30 00:00:00+02:00,0.009566476,0.69809437,1.8625139,0.74067974,1.3302022,0.08540454,2.6759045
668,2019-10-31 00:00:00+02:00,0.012336235,1.0792243,2.3934371,0.75892276,1.5959724,0.063541666,3.4551833
669,2019-11-01 00:00:00+02:00,0.0108042825,0.9372897,1.8804661,0.6366543,2.0729237,0.016478486,4.2928333
670,2019-11-02 00:00:00+02:00,0.10215356,5.4805546,10.642257,1.3061961,3.9965572,0.04312293,12.126965
671,2019-11-03 00:00:00+02:00,0.3484782,4.5072055,10.569196,0.9594526,4.6766315,0.039800677,11.928055
672,2019-11-04 00:00:00+02:00,1.1488165,3.032502,8.7431345,0.83539635,3.8233745,0.04844418,9.626099
673,2019-11-05 00:00:00+02:00,0.10666541,4.264266,7.9400067,0.78849083,5.8576083,0.07087996,9.112508
674,2019-11-06 00:00:00+02:00,0.024382664,4.778953,7.7712493,0.8600046,5.6859665,0.039881464,9.1653805
675,2019-11-07 00:00:00+02:00,0.018338805,4.454587,8.147222,0.9124202,6.366013,0.026082592,11.117919
676,2019-11-08 00:00:00+02:00,0.022221044,6.212603,10.809586,1.2312723,6.4920363,0.03450508,14.153523
677,2019-11-09 00:00:00+02:00,0.61587423,3.0369577,7.676618,0.8870706,4.171828,0.015266764,8.532813
678,2019-11-10 00:00:00+02:00,0.30477357,3.3843536,8.290963,1.0940688,4.9602966,0.03045004,8.871918
679,2019-11-11 00:00:00+02:00,0.024830928,1.3465174,2.7352493,1.2234056,4.2734795,0.020756068,3.6482818
680,2019-11-12 00:00:00+02:00,0.12059435,3.6009216,7.4599857,1.2102051,4.607425,0.02786387,8.617592
681,2019-11-13 00:00:00+02:00,6.7482715,6.5235324,15.476649,0.6665316,3.5958862,0.05471216,20.974455
682,2019-11-14 00:00:00+02:00,4.474641,5.396605,14.107548,0.74440765,4.7681026,0.024111547,16.766056
683,2019-11-15 00:00:00+02:00,3.0164058,5.465292,14.0489645,0.787659,4.2500677,0.007577253,16.122347
684,2019-11-16 00:00:00+02:00,3.645614,7.6657557,15.213067,0.88496256,2.9876573,0.017238133,18.089373
685,2019-11-17 00:00:00+02:00,3.5388453,6.212093,12.024556,0.82228374,3.584634,0.09970015,15.424651
686,2019-11-18 00:00:00+02:00,3.863293,6.8833547,15.019706,0.7537152,2.7352564,0.006910702,18.6311
687,2019-11-19 00:00:00+02:00,2.7286236,7.5511837,15.549484,1.0022207,4.749437,0.019751133,18.26623
688,2019-11-20 00:00:00+02:00,1.8995172,5.18879,13.514178,1.1396977,4.2536283,0.00882062,15.788719
689,2019-11-21 00:00:00+02:00,2.3376021,3.1282117,11.053879,0.8058443,3.2394025,0.0066183484,12.907268
690,2019-11-22 00:00:00+02:00,0.7271221,3.0782616,6.4901757,0.9343304,2.6271017,0.11774679,8.210485
691,2019-11-23 00:00:00+02:00,0.56823313,4.032032,7.5442595,1.0669143,3.0820427,0.060459152,9.47745
692,2019-11-24 00:00:00+02:00,0.78930354,4.436469,7.819015,1.0763801,3.2915504,0.048520263,9.294894
693,2019-11-25 00:00:00+02:00,1.4582571,4.743771,10.416077,1.1514709,3.5646884,0.008374591,12.521871
694,2019-11-26 00:00:00+02:00,1.034588,5.210008,11.474804,1.1135641,3.4843671,0.0010014831,13.031648
695,2019-11-27 00:00:00+02:00,1.1988269,5.562074,10.818473,1.1310462,3.6261663,0.0070253257,12.535548
696,2019-11-28 00:00:00+02:00,0.63261575,7.1677012,14.763454,1.0569328,5.4699006,0.0012779251,15.872685
697,2019-11-29 00:00:00+02:00,0.21546458,5.5129676,9.541068,0.76809746,7.239145,0.016422229,11.2854185
698,2019-11-30 00:00:00+02:00,0.026991189,0.5938849,2.0175583,0.70574045,2.1994183,0.07917686,5.063291
699,2019-12-01 00:00:00+02:00,0.007777797,0.19551426,1.1735297,0.6994493,0.77698433,0.085348554,4.124647
700,2019-12-02 00:00:00+02:00,0.0031755113,3.3793507,6.638024,0.63209563,3.726401,0.009921798,8.120408
701,2019-12-03 00:00:00+02:00,0.0069942772,0.40251526,2.0245986,0.6895091,1.2919086,0.06880806,4.139816
702,2019-12-04 00:00:00+02:00,0.018497987,1.9164324,4.0888247,0.48520264,3.7780073,0.015198226,5.8089166
703,2019-12-05 00:00:00+02:00,0.020275908,6.1904106,10.523565,0.6461149,6.867653,0.013252658,13.631513
704,2019-12-06 00:00:00+02:00,0.014989574,7.205911,13.050906,0.9761104,6.9118767,0.038821887,17.207008
705,2019-12-07 00:00:00+02:00,0.09848142,6.354693,12.251664,0.78276783,8.051594,0.011837341,14.709916
706,2019-12-08 00:00:00+02:00,0.0071784374,2.298653,4.93458,0.6425894,3.1626549,0.031541646,8.864211
707,2019-12-09 00:00:00+02:00,0.039525922,4.9251323,7.8390007,0.48918507,4.9601274,0.0319684,11.321736
708,2019-12-10 00:00:00+02:00,0.020417996,4.1253486,8.532397,0.6486446,4.803234,0.01820842,13.502796
709,2019-12-11 00:00:00+02:00,0.00419172,1.261813,2.7193108,0.6719849,2.5033236,0.027820142,3.9819396
710,2019-12-12 00:00:00+02:00,0.5123172,4.982264,10.244567,0.91431373,5.658998,0.012411829,11.775555
711,2019-12-13 00:00:00+02:00,0.9011369,6.815624,17.292286,0.9666488,4.8573594,0.0015182933,19.088745
712,2019-12-14 00:00:00+02:00,0.9591902,5.182835,12.431923,1.0607011,4.7665696,0.0017610124,14.451053
713,2019-12-15 00:00:00+02:00,0.04989709,2.7203827,7.533939,0.7642786,4.222146,0.013359607,10.780349
714,2019-12-16 00:00:00+02:00,0.0005339659,2.2428744,5.855761,0.68524903,2.7736905,0.09767299,15.585705
715,2019-12-17 00:00:00+02:00,0.01700444,6.3235397,13.348557,0.6305771,5.558615,0.043332607,18.571487
716,2019-12-18 00:00:00+02:00,0.7693376,4.312176,9.473029,0.54951733,5.0553727,0.113275,12.657837
717,2019-12-19 00:00:00+02:00,0.022214195,2.9084294,5.2569375,0.7713165,4.5002646,0.029628066,9.689014
718,2019-12-20 00:00:00+02:00,2.4235065,5.938587,13.068821,0.62140983,3.8377774,0.030012988,16.60696
719,2019-12-21 00:00:00+02:00,9.032549,6.4970093,20.071556,0.5509782,5.0819077,0.023298183,25.719366
720,2019-12-22 00:00:00+02:00,3.1958,3.2169945,11.59455,0.55854064,4.383119,0.00391397,13.944089
721,2019-12-23 00:00:00+02:00,1.3453187,3.8696594,10.845197,0.58852977,4.251144,0.0008477474,12.013143
722,2019-12-24 00:00:00+02:00,0.663632,1.9161258,5.96196,0.5581377,5.0613246,0.004234331,7.042324
723,2019-12-25 00:00:00+02:00,0.26926258,1.2076703,4.248463,0.63306284,4.3476405,0.00036300172,4.4304585
724,2019-12-26 00:00:00+02:00,0.16950487,0.9496259,3.2165387,0.6872974,3.890838,0.0043058437,4.3925877
725,2019-12-27 00:00:00+02:00,0.3507705,1.0498648,2.6392539,0.6561435,4.6470585,0.0041923295,3.5860121
726,2019-12-28 00:00:00+02:00,0.31288075,0.6822729,1.8573042,0.8111734,2.1930091,0.026542157,3.113948
727,2019-12-29 00:00:00+02:00,0.27706468,0.9155306,2.4539406,0.8257119,1.712768,0.07076768,3.876817
728,2019-12-30 00:00:00+02:00,0.8291063,3.160178,7.2510962,0.61304826,4.2546353,0.15504281,10.269233
729,2019-12-31 00:00:00+02:00,0.7790496,2.2890458,5.5871806,0.49053517,4.063363,0.055855613,9.329027
730,2020-01-01 00:00:00+02:00,0.032079168,0.32649738,1.7525363,0.5814209,1.6247897,0.04093435,3.1390924
731,2020-01-02 00:00:00+02:00,0.5016698,2.220318,7.915333,0.5010906,3.4741275,0.041616544,8.665744
732,2020-01-03 00:00:00+02:00,0.62612265,3.0093012,15.428566,0.58782876,5.7904143,0.08320908,6.6772857
733,2020-01-04 00:00:00+02:00,0.16676526,1.4016751,6.268472,0.6257583,4.413004,0.037816897,7.667546
734,2020-01-05 00:00:00+02:00,0.0027047193,0.2138512,3.0346463,0.793643,1.1811775,0.075897634,5.2180753
735,2020-01-06 00:00:00+02:00,0.006528375,1.4937572,7.2981963,0.7083862,3.611139,0.0385425,6.1237226
736,2020-01-07 00:00:00+02:00,0.026907692,3.142429,16.191195,0.5067482,4.9114213,0.0084001,7.0557704
737,2020-01-08 00:00:00+02:00,0.0487112,3.6325,20.715622,0.75247866,8.431408,0.011389833,9.052203
738,2020-01-09 00:00:00+02:00,0.06430331,1.7724434,7.502231,0.52576375,3.5090992,0.03237014,13.308282
739,2020-01-10 00:00:00+02:00,0.16559859,1.7659184,9.265109,0.44421598,10.455952,0.008434186,5.5192275
740,2020-01-11 00:00:00+02:00,0.066820845,0.6828957,3.5369263,0.54129326,6.348448,0.02583105,3.3438852
741,2020-01-12 00:00:00+02:00,0.101046056,2.419116,6.8844028,0.5999425,4.2269316,0.028852522,7.626742
742,2020-01-13 00:00:00+02:00,0.057774987,2.0664852,7.2345147,0.51095015,5.213511,0.007802509,6.476036
743,2020-01-14 00:00:00+02:00,0.050575282,2.6209452,10.046009,0.6457073,5.0382524,0.011681682,8.395595
744,2020-01-15 00:00:00+02:00,0.1751595,5.5725503,19.247175,0.86668307,8.357417,0.09124615,12.244217
745,2020-01-16 00:00:00+02:00,0.09719998,3.2859943,13.850048,0.8582569,6.710102,0.06615222,12.429009
746,2020-01-17 00:00:00+02:00,0.010924513,1.4389321,9.426852,0.74824214,2.9545977,0.053077605,7.239841
747,2020-01-18 00:00:00+02:00,0.23633741,6.296287,17.828283,0.9419804,8.761256,0.02092054,14.984424
748,2020-01-19 00:00:00+02:00,0.101462685,3.3849409,16.752584,0.8060777,5.4869914,0.012895451,9.586693
749,2020-01-20 00:00:00+02:00,0.005587463,1.1771625,5.5804486,0.5978978,2.5001316,0.015947273,5.188781
750,2020-01-21 00:00:00+02:00,0.0433811,1.9164022,5.5240974,0.46179792,3.6457837,0.011192788,8.661771
751,2020-01-22 00:00:00+02:00,0.026298413,0.47718635,2.8796415,0.56431,1.9072407,0.063251,5.205437
752,2020-01-23 00:00:00+02:00,0.005312182,0.48979524,3.0191927,0.6468037,1.7963752,0.086711906,4.907672
753,2020-01-24 00:00:00+02:00,0.32475358,2.079192,5.4002643,0.3908714,4.7658873,0.0030404937,7.0554066
754,2020-01-25 00:00:00+02:00,0.07117704,1.0102241,3.6194909,0.51327133,3.1563733,0.04904765,8.138919
755,2020-01-26 00:00:00+02:00,0.059545875,1.7754798,5.854935,0.5181321,4.2016816,0.009634609,7.9720078
756,2020-01-27 00:00:00+02:00,0.15220042,3.061429,11.865802,0.7598982,9.157733,0.0057778726,6.8544164
757,2020-01-28 00:00:00+02:00,3.7891066,7.468061,26.136492,1.4724183,10.026014,0.003696274,19.320486
758,2020-01-29 00:00:00+02:00,1.3645936,2.8794181,11.844392,1.0266854,8.424928,0.013799052,10.194219
759,2020-01-30 00:00:00+02:00,0.0134638,1.1848941,5.7004642,0.64061934,4.314993,0.01476451,6.2664456
760,2020-01-31 00:00:00+02:00,0.0021527328,1.6117034,6.855204,0.51292056,6.707861,0.008406171,4.0874095
761,2020-02-01 00:00:00+02:00,0.0046197306,1.6837022,6.068034,0.56629777,6.38029,0.0036700177,3.4440646
762,2020-02-02 00:00:00+02:00,0.037234336,0.96677,3.3748062,0.524468,3.3498862,0.13999392,4.944118
763,2020-02-03 00:00:00+02:00,0.060804773,0.79842013,3.3583002,0.80846405,3.4205244,0.23832715,5.099051
764,2020-02-04 00:00:00+02:00,0.023732552,0.7761299,3.1395786,0.7675047,2.3303568,0.20181908,3.518103
765,2020-02-05 00:00:00+02:00,0.008486586,0.69802594,3.8446894,0.7984614,1.4085213,0.2800425,3.9753294
766,2020-02-06 00:00:00+02:00,0.024043364,1.0000957,3.106496,0.68953085,2.2027233,0.20001854,4.415915
767,2020-02-07 00:00:00+02:00,0.0005819685,0.6223984,3.6047487,0.86991686,1.3603306,0.32010373,4.1059875
768,2020-02-08 00:00:00+02:00,0.31912714,2.2876484,6.6153045,0.71578693,2.6867466,0.17634793,6.231422
769,2020-02-09 00:00:00+02:00,0.6527748,6.7867894,19.344305,0.95034593,5.661497,0.33083913,11.6710615
770,2020-02-10 00:00:00+02:00,0.48657545,4.922655,11.749302,0.9298695,5.7602887,0.24406397,12.573135
771,2020-02-11 00:00:00+02:00,0.0072251814,1.6354618,5.1979594,0.78113776,4.133327,0.10947364,10.460456
772,2020-02-12 00:00:00+02:00,0.009776346,1.1815349,4.912125,0.82723206,3.254216,0.1285731,7.356219
773,2020-02-13 00:00:00+02:00,0.011131592,1.2051541,5.0673423,0.8218482,2.9541895,0.14330277,7.355087
774,2020-02-14 00:00:00+02:00,0.009370522,5.976589,13.030889,1.1144572,4.775845,0.09266633,13.70663
775,2020-02-15 00:00:00+02:00,0.0076474925,5.7181544,12.60762,1.3800372,4.8272285,0.1568498,10.602684
776,2020-02-16 00:00:00+02:00,0.020735875,8.439691,17.270502,1.3974134,8.303679,0.3863462,13.510507
777,2020-02-17 00:00:00+02:00,0.069864966,3.4465075,8.578067,0.84064883,5.260018,0.7875664,11.442154
778,2020-02-18 00:00:00+02:00,0.009545143,3.0491855,8.119891,0.78590614,5.1909485,0.35953084,14.051528
779,2020-02-19 00:00:00+02:00,0.007411292,4.004755,8.721352,0.8944869,6.1341305,0.29845107,13.664863
780,2020-02-20 00:00:00+02:00,0.0033794474,3.2270095,8.215156,0.95009303,5.522417,0.16155617,9.549757
781,2020-02-21 00:00:00+02:00,0.003980765,3.8778684,9.609119,1.0561103,5.083596,0.09994001,11.317374
782,2020-02-22 00:00:00+02:00,0.011454352,3.6035268,10.058083,0.87142324,4.656515,0.20529574,15.496547
783,2020-02-23 00:00:00+02:00,0.011842283,1.0238079,5.317057,0.77642936,2.1440256,0.18964227,11.94901
784,2020-02-24 00:00:00+02:00,0.0035982511,0.77190965,4.5406785,0.8377635,1.904048,0.28043535,7.1289907
785,2020-02-25 00:00:00+02:00,0.0094869025,2.3946064,6.99168,0.823529,4.5073605,0.10529989,6.482353
786,2020-02-26 00:00:00+02:00,0.03486209,4.707782,9.05687,1.0534959,5.6886935,0.24426962,9.242452
787,2020-02-27 00:00:00+02:00,0.011820118,2.5515819,6.5900607,1.1308008,4.294593,0.11947001,6.1121783
788,2020-02-28 00:00:00+02:00,0.0050000846,1.4898928,4.340916,1.1229491,3.4175947,0.1560287,4.038209
789,2020-02-29 00:00:00+02:00,0.011437294,3.265747,7.4084983,1.1652471,4.652319,0.2658966,8.121468
790,2020-03-01 00:00:00+02:00,0.4111345,4.538683,8.403049,1.4020386,6.0649686,0.1601554,11.019693
791,2020-03-02 00:00:00+02:00,0.6341893,7.477253,15.186012,1.1861589,6.930447,0.64440477,13.489719
792,2020-03-03 00:00:00+02:00,0.33452156,5.747841,12.3920355,1.2562047,7.7140317,0.23794441,11.625569
793,2020-03-04 00:00:00+02:00,0.32748225,4.623137,9.945767,1.19499,8.19314,0.4977241,9.559234
794,2020-03-05 00:00:00+02:00,0.010860375,4.8060775,8.411102,1.4297428,6.0939403,0.7037167,11.388354
795,2020-03-06 00:00:00+02:00,0.01711713,7.9715214,11.6784315,1.711944,6.817515,0.9183119,14.467503
796,2020-03-07 00:00:00+02:00,0.078428596,4.2015605,8.716058,1.5185314,6.763346,0.24069701,8.25777
797,2020-03-08 00:00:00+02:00,0.052994728,7.194483,16.390608,1.8078269,16.207958,0.28313652,13.301885
798,2020-03-09 00:00:00+02:00,0.04531387,6.003385,11.487494,2.1116514,11.820199,0.3879327,10.547759
799,2020-03-10 00:00:00+02:00,0.043607254,9.983146,18.060326,2.0596821,9.963544,0.97666234,18.45139
800,2020-03-11 00:00:00+02:00,0.019533949,5.1036773,10.458745,1.0972672,6.6244297,0.5003147,12.978667
801,2020-03-12 00:00:00+02:00,0.051108126,2.3528879,6.151069,0.7439368,4.334273,0.7607445,8.658245
802,2020-03-13 00:00:00+02:00,0.014887284,2.140762,6.175509,1.085792,3.5546558,0.92749494,13.691316
803,2020-03-14 00:00:00+02:00,0.0036747695,1.1399496,3.7131283,1.0175227,2.6597693,0.3733623,5.3916717
804,2020-03-15 00:00:00+02:00,0.0059514847,0.8337331,3.5483725,1.0797983,1.6497363,0.9992824,5.1215153
805,2020-03-16 00:00:00+02:00,0.02532363,2.6365821,8.274298,1.214928,4.430686,1.6578449,7.81893
806,2020-03-17 00:00:00+02:00,0.012487595,2.8900242,6.680631,0.97656506,3.965237,0.6473027,6.144413
807,2020-03-18 00:00:00+02:00,0.046104696,8.941648,14.66314,1.4443899,6.973184,2.3999746,15.099435
808,2020-03-19 00:00:00+02:00,0.08438913,3.4247339,7.457888,0.8582699,3.8746955,0.95284027,10.955255
809,2020-03-20 00:00:00+02:00,0.0024382647,1.3188752,5.8101153,0.9817496,2.2016737,0.69668263,11.508918
810,2020-03-21 00:00:00+02:00,0.000105871884,1.135248,3.9159648,0.9936227,2.049073,0.3756013,5.006488
811,2020-03-22 00:00:00+02:00,1.6984992e-05,0.7740617,3.0056593,1.1073439,1.733057,0.45401093,3.884898
812,2020-03-23 00:00:00+02:00,2.615883e-06,0.779095,2.721488,1.1457723,1.6538329,0.5740448,3.3907602
813,2020-03-24 00:00:00+02:00,0.0013935688,2.0000715,4.5666795,1.2144324,2.5111344,1.3205442,6.502495
814,2020-03-25 00:00:00+02:00,0.093857534,3.652025,8.695462,1.2755364,3.492878,2.2275085,10.549457
815,2020-03-26 00:00:00+02:00,0.16129744,3.9730675,8.546362,1.4087778,4.1662474,1.0807444,10.10114
816,2020-03-27 00:00:00+02:00,0.34745476,4.9521747,13.280658,2.064755,5.713655,1.0645218,12.839086
817,2020-03-28 00:00:00+02:00,0.77222174,6.809715,21.214102,2.727846,5.6526647,1.4636692,20.382483
818,2020-03-29 00:00:00+02:00,0.7284402,5.4214845,12.503343,1.6613007,4.486303,1.1991608,17.676956
819,2020-03-30 00:00:00+03:00,0.008710317,0.63309175,3.0534441,1.027047,1.4950161,0.6635171,4.901984
820,2020-03-31 00:00:00+03:00,0.0011347417,1.2163393,4.19372,1.1888123,2.0779781,0.5424238,6.2551403
821,2020-04-01 00:00:00+03:00,0.006324671,1.7619991,4.805845,1.2088126,2.0295954,0.84963197,6.1771197
822,2020-04-02 00:00:00+03:00,0.15708466,3.550216,7.4519563,0.8460911,4.1199183,0.8280973,11.28432
823,2020-04-03 00:00:00+03:00,0.16862698,3.981922,7.917662,1.0849386,3.8324788,0.90876895,12.902805
824,2020-04-04 00:00:00+03:00,0.008269233,1.0452002,4.1714115,0.956255,1.7785045,0.35995302,7.6295457
825,2020-04-05 00:00:00+03:00,0.016081171,1.9371072,5.2098107,1.0244685,2.0062792,0.5226739,7.379137
826,2020-04-06 00:00:00+03:00,0.017459393,2.9112403,6.900431,1.331665,3.0271149,1.023975,10.731938
827,2020-04-07 00:00:00+03:00,0.15749924,6.528033,15.777514,2.2880595,5.1875734,1.4427872,22.192406
828,2020-04-08 00:00:00+03:00,0.074519135,1.6266354,6.5337176,1.1883867,2.677146,0.7973058,8.672632
829,2020-04-09 00:00:00+03:00,0.20183985,6.4160457,11.507667,1.6029042,4.9467187,1.5018096,16.60119
830,2020-04-10 00:00:00+03:00,0.009453136,0.46001032,2.971163,0.87406045,1.6794281,0.58411086,5.776033
831,2020-04-11 00:00:00+03:00,0.008657269,0.49879774,2.6546173,0.87341815,1.7192193,0.5746996,4.1629195
832,2020-04-12 00:00:00+03:00,0.021449752,1.7577554,4.381388,1.0692288,2.6593385,1.1175665,6.9643683
833,2020-04-13 00:00:00+03:00,0.057727423,4.841553,9.113763,1.5408732,4.3845706,1.6145252,12.141538
834,2020-04-14 00:00:00+03:00,0.0035641205,0.480903,2.7979984,0.9068892,1.617149,0.43877265,5.1312957
835,2020-04-15 00:00:00+03:00,0.018296428,1.1550449,3.6309443,0.8387858,1.9527537,0.35242927,4.4448514
836,2020-04-16 00:00:00+03:00,0.124599956,2.1591036,5.5252976,0.8024931,2.4468875,0.42816713,8.583216
837,2020-04-17 00:00:00+03:00,0.00837523,0.45427406,3.1256359,0.7407108,1.5772691,0.40535793,5.9375024
838,2020-04-18 00:00:00+03:00,0.007584244,0.50083613,2.5817254,0.78544927,1.6203908,0.56538963,5.0835614
839,2020-04-19 00:00:00+03:00,0.07107161,0.78898716,3.5305088,0.89558125,1.849624,0.40984666,4.680187
840,2020-04-20 00:00:00+03:00,0.20609577,1.4043845,5.1498504,1.1797242,2.4095633,0.47004783,6.384626
841,2020-04-21 00:00:00+03:00,0.11808545,1.2715254,4.708069,0.77375484,2.496095,0.5706763,6.8049655
842,2020-04-22 00:00:00+03:00,0.09934535,1.2213736,4.736714,0.9556062,2.635501,0.6164054,6.167521
843,2020-04-23 00:00:00+03:00,0.25251606,2.041454,6.2849965,1.1144007,3.3254316,0.9694844,8.586301
844,2020-04-24 00:00:00+03:00,0.20937479,2.172377,5.6064057,1.081183,2.784877,0.84317106,6.983509
845,2020-04-25 00:00:00+03:00,0.18655765,1.9555086,4.6077743,0.9576959,2.587218,0.8560769,6.800117
846,2020-04-26 00:00:00+03:00,0.05594483,0.6071765,3.167798,0.87959236,1.9723855,0.5829293,3.851333
847,2020-04-27 00:00:00+03:00,0.055841643,0.93667096,3.2333386,0.8516684,2.0284765,0.7403608,5.022455
848,2020-04-28 00:00:00+03:00,0.32404527,7.153787,10.849057,2.0503187,4.9905477,1.733584,16.908962
849,2020-04-29 00:00:00+03:00,0.10818479,2.7890463,6.041937,1.4844717,3.2514772,0.72310734,5.977793
850,2020-04-30 00:00:00+03:00,0.018542647,1.1992894,3.699968,1.461367,2.8518517,0.44178,4.856486
851,2020-05-01 00:00:00+03:00,0.017930172,1.0343243,3.8769712,1.8384151,2.745506,0.4138681,4.266104
852,2020-05-02 00:00:00+03:00,0.24654584,2.220213,7.3651733,2.3889177,6.2070065,0.4434984,6.9356556
853,2020-05-03 00:00:00+03:00,0.053853627,2.773368,7.07473,2.4210956,4.849747,0.3720493,8.154538
854,2020-05-04 00:00:00+03:00,0.035685662,1.6522666,4.8825183,1.9146576,3.5103977,0.41297424,6.802576
855,2020-05-05 00:00:00+03:00,0.04510641,1.3652688,4.629547,1.617331,3.4774997,0.33581546,5.420067
856,2020-05-06 00:00:00+03:00,0.06319822,1.1544594,4.6024475,1.5984694,4.246736,0.16351716,4.8852067
857,2020-05-07 00:00:00+03:00,0.032289743,0.51215345,3.1541893,0.7993308,1.8654051,0.23388577,4.6481085
858,2020-05-08 00:00:00+03:00,0.029207341,0.69029564,3.115486,0.7444418,1.9152571,0.31100836,5.359001
859,2020-05-09 00:00:00+03:00,0.146874,3.0827467,7.0772614,1.4356376,3.290764,0.4284172,10.331147
860,2020-05-10 00:00:00+03:00,0.098922186,2.2966125,6.432312,1.4460951,3.2413816,0.54799765,8.657238
861,2020-05-11 00:00:00+03:00,0.4563901,2.965745,7.4420094,1.8430967,5.9430566,0.49245796,10.848245
862,2020-05-12 00:00:00+03:00,0.02297801,0.3597474,1.6351174,0.9506237,1.8303992,0.14918138,2.2973025
863,2020-05-13 00:00:00+03:00,0.014818904,2.0671184,4.5770555,1.2452743,3.1576645,0.26563975,6.0748506
864,2020-05-14 00:00:00+03:00,0.0071811094,0.6727837,2.4187622,0.9724392,1.7505239,0.27694795,2.9456627
865,2020-05-15 00:00:00+03:00,0.017774986,1.1435304,3.4312418,1.0277644,1.9625684,0.23899329,4.9566917
866,2020-05-16 00:00:00+03:00,0.049126,1.7599403,5.229638,0.90838623,2.4782736,0.18455322,9.022527
867,2020-05-17 00:00:00+03:00,0.058115497,1.6203383,4.505156,0.83248705,2.564637,0.25753978,7.5155563
868,2020-05-18 00:00:00+03:00,0.022827862,0.6138836,2.6868162,0.7964754,2.00161,0.1924506,4.444424
869,2020-05-19 00:00:00+03:00,0.029279448,0.6688268,2.7720816,0.9245996,2.3226311,0.19615372,3.4556026
870,2020-05-20 00:00:00+03:00,0.044518664,0.74606997,3.1750991,0.95433015,2.0223162,0.21725601,3.8145332
871,2020-05-21 00:00:00+03:00,0.024511961,0.9280047,4.138577,1.0430176,1.8211246,0.15531518,4.2072663
872,2020-05-22 00:00:00+03:00,0.055246282,1.0691504,4.202742,1.0979583,2.3039224,0.15842588,4.129571
873,2020-05-23 00:00:00+03:00,0.05404125,0.95107466,3.4302528,1.1093148,2.3287957,0.2980873,4.048862
874,2020-05-24 00:00:00+03:00,0.0623862,1.2427515,4.654212,1.6333128,3.6631606,0.45251977,4.5159316
875,2020-05-25 00:00:00+03:00,0.04772435,1.6094292,5.6014,1.2716621,3.1744652,0.30461577,9.368741
876,2020-05-26 00:00:00+03:00,0.043238502,0.9880111,4.24927,1.7954232,4.6920686,0.35523966,4.6550517
877,2020-05-27 00:00:00+03:00,0.11249482,1.0407441,4.9539084,1.3554349,3.7669916,0.38492048,5.718342
878,2020-05-28 00:00:00+03:00,0.049157117,1.2033721,4.7942595,1.3773589,3.9990017,0.52083087,7.6077404
879,2020-05-29 00:00:00+03:00,0.02985435,0.6454159,3.7146063,0.93317246,2.688741,0.24519199,5.790171
880,2020-05-30 00:00:00+03:00,0.069270656,0.8095394,3.7429876,0.92199254,2.8430946,0.18382873,4.27464
881,2020-05-31 00:00:00+03:00,0.05795895,0.48784438,2.6570609,0.6857073,2.319597,0.17729992,3.0976076
882,2020-06-01 00:00:00+03:00,0.008498192,0.49941453,2.3551524,0.5847507,2.0930946,0.13898411,2.026661
883,2020-06-02 00:00:00+03:00,0.02914687,0.7396603,2.917489,1.0314463,2.126007,0.10103128,3.8268206
884,2020-06-03 00:00:00+03:00,0.04274295,1.3056078,3.9281595,1.8888069,4.1745944,0.25823992,4.5105658
885,2020-06-04 00:00:00+03:00,0.020919474,1.125616,3.8259392,2.249405,5.063741,0.4120448,4.1502767
886,2020-06-05 00:00:00+03:00,0.09215001,1.0829319,4.0178223,2.2520397,5.3881316,0.56121933,4.6347847
887,2020-06-06 00:00:00+03:00,0.3097001,1.7136208,6.139599,2.2689826,6.4646945,0.39768723,7.280983
888,2020-06-07 00:00:00+03:00,0.5435336,1.4521976,5.8644004,1.3438306,6.2858753,0.5221935,7.2134604
889,2020-06-08 00:00:00+03:00,6.3448386,2.8910487,11.793663,1.0028385,5.5977783,0.39047694,18.2386
890,2020-06-09 00:00:00+03:00,2.1366224,2.9312677,9.884642,1.2711161,6.5792994,0.20906718,11.341782
891,2020-06-10 00:00:00+03:00,1.5333475,2.4617965,8.85182,1.0351568,6.7794776,0.27274358,10.07381
892,2020-06-11 00:00:00+03:00,5.8813176,3.4979393,12.714672,0.97093344,7.709692,0.42659867,15.756949
893,2020-06-12 00:00:00+03:00,3.8344822,2.1080315,9.527199,0.96253514,7.1530786,0.31784764,12.465012
894,2020-06-13 00:00:00+03:00,0.65742135,0.8772029,4.129199,1.1186475,4.4195104,0.162916,5.7802167
895,2020-06-14 00:00:00+03:00,0.15748847,0.8815767,3.4386585,1.5069294,3.4418662,0.119238965,3.6540947
896,2020-06-15 00:00:00+03:00,0.4771714,0.9575574,4.4350066,1.3706168,4.708044,0.256431,5.154645
897,2020-06-16 00:00:00+03:00,1.1363386,1.6889154,5.87591,1.45007,5.4827347,0.5016067,8.809681
898,2020-06-17 00:00:00+03:00,3.4709036,2.561957,9.400243,1.1226081,6.6809464,0.19062144,14.079753
899,2020-06-18 00:00:00+03:00,8.481834,3.0810802,12.614938,0.87531996,6.3388133,0.21783286,21.746727
900,2020-06-19 00:00:00+03:00,9.081163,2.2393827,14.270465,0.94291633,6.206934,0.1965397,18.446981
901,2020-06-20 00:00:00+03:00,5.6544642,1.9972433,10.169909,1.0011295,6.0367026,0.22029322,13.84389
902,2020-06-21 00:00:00+03:00,1.3615924,1.2550322,7.8421893,1.1186894,6.7842116,0.10750242,9.24474
903,2020-06-22 00:00:00+03:00,0.70532393,1.6835505,7.232919,1.395379,5.803894,0.21393998,8.746284
904,2020-06-23 00:00:00+03:00,0.49377894,1.4972461,5.653745,1.4523805,4.355888,0.23060717,6.960942
905,2020-06-24 00:00:00+03:00,0.18104775,1.3978577,5.2890806,1.092065,4.065545,0.22010191,5.9374313
906,2020-06-25 00:00:00+03:00,0.2002033,1.2839689,5.152493,0.91976,4.090488,0.43297938,6.071676
907,2020-06-26 00:00:00+03:00,0.36335897,1.0361679,5.3729835,0.95822525,5.522377,0.7856968,6.526722
908,2020-06-27 00:00:00+03:00,0.41795695,1.4201692,5.9966025,0.9391467,5.355575,0.6063453,6.4124417
909,2020-06-28 00:00:00+03:00,0.17024694,1.5547632,5.9352417,2.0007675,7.662661,0.18705873,7.452725
910,2020-06-29 00:00:00+03:00,0.3398968,1.6139188,6.7419724,1.3436657,7.4527774,0.4578742,7.559197
911,2020-06-30 00:00:00+03:00,0.13535844,1.3823806,4.545717,1.1820436,5.864815,0.4629182,6.510502
912,2020-07-01 00:00:00+03:00,0.054296847,2.4247189,5.991319,2.3309553,5.135145,0.7821768,10.279803
913,2020-07-02 00:00:00+03:00,0.28150466,1.4717883,5.1374736,1.6972318,5.293872,0.23929381,5.3795853
914,2020-07-03 00:00:00+03:00,0.13755222,1.3171045,4.5972075,1.1753103,4.395787,0.37931204,5.674549
915,2020-07-04 00:00:00+03:00,0.104275845,1.465612,4.653796,1.2448112,5.9568176,0.38584816,5.22681
916,2020-07-05 00:00:00+03:00,0.20352805,2.0811434,6.5590053,1.6630039,6.60227,0.9347093,8.26532
917,2020-07-06 00:00:00+03:00,0.47498024,1.5463929,5.5771103,1.3028864,6.459448,0.6113667,7.2470226
918,2020-07-07 00:00:00+03:00,0.030983651,1.1787833,4.335489,0.9241511,2.8497727,0.31117144,7.150576
919,2020-07-08 00:00:00+03:00,0.022930572,0.95558476,3.6051512,1.0397124,2.5144513,0.291096,5.598884
920,2020-07-09 00:00:00+03:00,0.019046497,0.8864023,3.0794327,0.9880905,2.7589207,0.29216003,5.314961
921,2020-07-10 00:00:00+03:00,0.24940802,1.8152136,5.3921475,1.862034,5.5192847,0.44216156,6.605982
922,2020-07-11 00:00:00+03:00,0.37729773,1.4222231,4.7218604,1.3791972,4.8502364,0.34492156,6.1333575
923,2020-07-12 00:00:00+03:00,0.054193437,1.0450746,3.5929558,0.64619046,2.1446207,0.34618542,5.4523416
924,2020-07-13 00:00:00+03:00,0.039082456,0.9248912,3.1914282,0.63513565,1.935366,0.34113982,5.6254478
925,2020-07-14 00:00:00+03:00,0.06802065,0.9296019,3.6187756,0.751235,2.5701554,0.39406487,5.603388
926,2020-07-15 00:00:00+03:00,0.059375692,0.68281144,3.2952917,0.84178704,2.5832655,0.3548386,4.818893
927,2020-07-16 00:00:00+03:00,0.0547412,0.6458898,3.0876408,0.9122769,2.7214012,0.4382068,4.2442565
928,2020-07-17 00:00:00+03:00,0.05214737,0.56410176,3.2116508,0.8648202,3.1832275,0.336193,3.7491558
929,2020-07-18 00:00:00+03:00,0.3088694,0.58995056,3.3547342,0.71203303,3.7683468,0.36444747,4.2290163
930,2020-07-19 00:00:00+03:00,0.08790811,0.59778214,3.3998764,0.7922862,4.1355996,0.4718002,3.7001808
931,2020-07-20 00:00:00+03:00,0.16025059,0.978905,4.8011947,1.2555946,5.861233,0.75015146,5.2024064
932,2020-07-21 00:00:00+03:00,0.2866276,1.1011006,4.7240963,1.1177382,5.356524,0.30714932,5.591711
933,2020-07-22 00:00:00+03:00,0.019603584,0.5305303,2.4876144,0.63458806,2.1175199,0.22249974,4.32239
934,2020-07-23 00:00:00+03:00,0.029665262,0.68536156,2.808922,0.76773196,2.2177181,0.2464345,3.9305937
935,2020-07-24 00:00:00+03:00,0.17601715,0.9136674,3.3524563,0.79603773,2.6423867,0.33721054,5.0059137
936,2020-07-25 00:00:00+03:00,0.17606378,2.296513,5.8249555,1.7540506,5.879906,0.6441882,8.458953
937,2020-07-26 00:00:00+03:00,0.099051744,1.2855502,4.7259703,1.2949357,5.3938427,0.4796363,5.6352572
938,2020-07-27 00:00:00+03:00,0.14511433,2.3122666,6.075607,1.4261732,8.782132,0.55601925,7.7183547
939,2020-07-28 00:00:00+03:00,0.16563715,2.341637,6.878567,1.4165014,8.19812,0.63217473,7.4556346
940,2020-07-29 00:00:00+03:00,0.091812015,1.7941298,5.959965,1.308255,6.4910045,0.45044515,7.750129
941,2020-07-30 00:00:00+03:00,0.029762313,1.5257183,4.4103417,1.2135626,3.3746622,0.44032398,7.833284
942,2020-07-31 00:00:00+03:00,0.0146220615,0.85698605,3.225483,0.9039112,3.1558826,0.18467228,5.1729927
943,2020-08-01 00:00:00+03:00,0.018069955,0.48913684,3.3205385,1.0986193,4.1597404,0.20103228,2.8314435
944,2020-08-02 00:00:00+03:00,0.15508793,0.936635,4.212772,0.74852353,2.4491696,0.34021935,5.265139
945,2020-08-03 00:00:00+03:00,0.103343286,1.4110342,5.283312,0.9775772,4.444458,0.87841004,7.03237
946,2020-08-04 00:00:00+03:00,0.057198346,1.8366565,6.8789887,1.1803094,5.755345,0.76493526,7.5856643
947,2020-08-05 00:00:00+03:00,0.06313699,1.2103885,5.3815994,1.2043072,5.8061013,0.2971663,5.5256324
948,2020-08-06 00:00:00+03:00,0.06769378,0.95689756,4.386939,0.7937235,3.4755974,0.6522891,5.6085725
949,2020-08-07 00:00:00+03:00,0.19147198,1.137936,5.044377,0.77061826,4.606416,0.87342256,6.9939837
950,2020-08-08 00:00:00+03:00,0.3095964,1.8804045,6.5678744,0.7474658,5.6398997,0.92662287,9.311971
951,2020-08-09 00:00:00+03:00,0.18256937,0.797651,3.6826963,0.5764821,4.6792364,0.41172585,4.911915
952,2020-08-10 00:00:00+03:00,0.3303708,1.4589869,5.7967324,0.81905365,5.9163184,0.5270434,7.1756883
953,2020-08-11 00:00:00+03:00,0.093031704,0.5778919,3.23332,0.7251498,3.3825424,0.33819535,4.7690406
954,2020-08-12 00:00:00+03:00,0.049923394,0.6459783,3.3705988,0.7050903,2.1547658,0.26357487,3.9683692
955,2020-08-13 00:00:00+03:00,0.077452086,1.0494874,4.259623,0.9360368,2.714835,0.4124191,5.48099
956,2020-08-14 00:00:00+03:00,0.16079985,1.4729061,5.5262113,1.0628052,3.8917315,0.67491645,7.2668457
957,2020-08-15 00:00:00+03:00,0.21501714,1.4143778,6.281241,1.0382227,4.994082,0.92657274,8.603141
958,2020-08-16 00:00:00+03:00,0.4444672,1.7992502,7.6804605,0.91613173,4.8907933,0.8206629,10.9113245
959,2020-08-17 00:00:00+03:00,0.4128507,2.138787,7.7636456,0.7402064,4.8648963,0.74645066,10.404483
960,2020-08-18 00:00:00+03:00,0.23629224,1.2739974,5.420557,0.95796657,5.010733,0.5761857,7.466252
961,2020-08-19 00:00:00+03:00,0.17090313,1.2650607,5.333185,1.6290723,8.070613,0.26830783,5.30075
962,2020-08-20 00:00:00+03:00,0.27804947,2.5374796,6.999199,1.402751,8.281461,0.38892856,7.388387
963,2020-08-21 00:00:00+03:00,0.27947018,2.2164805,6.9031754,1.4933935,7.6793637,0.4087033,8.077695
964,2020-08-22 00:00:00+03:00,0.23734765,2.3261645,6.5245824,1.5277721,7.4282403,0.6272654,8.391999
965,2020-08-23 00:00:00+03:00,0.24378486,1.6825137,5.830652,1.4578086,7.485417,0.32316312,6.983189
966,2020-08-24 00:00:00+03:00,0.1449545,1.8350762,6.166893,1.4506236,5.5777745,0.7655743,8.7886715
967,2020-08-25 00:00:00+03:00,0.05008797,1.72461,5.5224743,1.7992259,6.0463796,0.66295105,7.1850395
968,2020-08-26 00:00:00+03:00,0.036342997,1.4092902,4.294704,1.4291221,4.691587,0.32866767,4.535629
969,2020-08-27 00:00:00+03:00,0.063748024,1.4113864,4.7785077,1.6519021,5.323855,0.14490344,4.5643826
970,2020-08-28 00:00:00+03:00,0.027496621,0.89562196,3.2879755,1.2572739,3.613866,0.2884836,3.4926212
971,2020-08-29 00:00:00+03:00,0.0668432,2.1897194,5.4450355,1.5705217,5.584856,0.52969897,6.090704
972,2020-08-30 00:00:00+03:00,0.13047548,2.482325,7.105307,1.8474709,4.912205,0.3496556,5.6899123
973,2020-08-31 00:00:00+03:00,0.17859924,0.87609386,2.7173913,1.2516158,6.0745425,0.085710086,3.8062553
974,2020-09-01 00:00:00+03:00,0.017031273,0.5022911,3.1362574,1.1635109,2.2636356,0.15924807,2.061302
975,2020-09-02 00:00:00+03:00,0.29563558,1.8678637,5.4014783,1.2612898,6.7092185,0.4489307,7.0969167
976,2020-09-03 00:00:00+03:00,0.077684365,2.8185787,6.514663,1.7938989,6.62166,0.56823194,7.225695
977,2020-09-04 00:00:00+03:00,0.042524774,1.977513,5.704036,1.9176124,5.613094,0.68061537,5.900766
978,2020-09-05 00:00:00+03:00,0.084391095,2.5267293,7.2420077,1.6992668,5.870758,0.45237598,7.5886016
979,2020-09-06 00:00:00+03:00,0.039085098,1.0889705,4.121219,1.4290885,5.5457473,0.2781904,4.759398
980,2020-09-07 00:00:00+03:00,0.011340494,2.278827,6.3254323,1.2263818,4.6655397,0.7128897,7.768247
981,2020-09-08 00:00:00+03:00,0.021726586,1.9184018,4.1773086,0.84669334,3.6472538,0.4241016,6.7836494
982,2020-09-09 00:00:00+03:00,0.19832326,1.4311632,4.780114,0.84175706,3.627519,0.4527769,7.9269996
983,2020-09-10 00:00:00+03:00,0.23467107,1.580894,4.68942,0.84394455,3.7708855,0.36253944,7.888656
984,2020-09-11 00:00:00+03:00,0.01399865,0.87234944,3.622648,0.7176587,2.0528696,0.35427484,6.3452206
985,2020-09-12 00:00:00+03:00,0.06829315,3.493844,8.2778635,1.5109267,4.5466943,0.83315986,12.982651
986,2020-09-13 00:00:00+03:00,0.2865545,4.039051,8.773622,1.4625415,5.106076,0.56125253,13.928679
987,2020-09-14 00:00:00+03:00,0.4971211,2.299576,6.8569674,0.70782286,3.5169547,0.4468499,11.629706
988,2020-09-15 00:00:00+03:00,0.6709442,2.6376565,8.667946,0.7278586,3.3113823,0.4930834,9.010419
989,2020-09-16 00:00:00+03:00,0.92199486,4.345841,12.956924,1.5500177,7.5700336,1.5765008,16.50316
990,2020-09-17 00:00:00+03:00,0.1780405,2.2902138,6.2547097,1.1832973,4.4485207,0.29954877,8.380973
991,2020-09-18 00:00:00+03:00,0.018777788,0.45114407,1.9933275,0.6334545,1.4917778,0.30615613,3.8502662
992,2020-09-19 00:00:00+03:00,0.124426715,0.91761595,3.3804789,0.7675671,2.2422762,0.41862276,4.5124145
993,2020-09-20 00:00:00+03:00,0.024553524,0.3747387,2.7326367,0.65392584,1.6280438,0.3681475,4.603302
994,2020-09-21 00:00:00+03:00,0.23046416,2.0809772,5.6497726,1.0578817,4.787467,1.0564798,7.5026956
995,2020-09-22 00:00:00+03:00,0.33227864,4.9071684,11.291832,1.7634286,6.717442,1.349483,13.455399
996,2020-09-23 00:00:00+03:00,0.7438729,5.752703,12.92624,2.0266984,6.956473,1.0705572,16.965765
997,2020-09-24 00:00:00+03:00,0.52146035,4.7534633,10.153309,1.4692775,7.116695,0.9068251,14.210101
998,2020-09-25 00:00:00+03:00,0.6239477,4.9536786,10.633113,1.3103386,6.2662377,0.71686953,13.517926
999,2020-09-26 00:00:00+03:00,1.0736024,4.49999,11.949286,0.9375189,5.1645055,0.37664476,14.576321
1000,2020-09-27 00:00:00+03:00,10.750276,3.8047588,17.64304,0.6307335,3.9729128,0.36147436,22.905327
1001,2020-09-28 00:00:00+03:00,0.54460126,2.107039,6.0064144,1.2801303,6.5796323,0.3723558,7.2558303
1002,2020-09-29 00:00:00+03:00,0.073862754,2.3827198,5.621547,1.7349977,5.255395,0.58576286,5.7418575
1003,2020-09-30 00:00:00+03:00,20.54556,3.3569908,18.074163,1.1100913,4.4623017,0.39659843,34.950176
1004,2020-10-01 00:00:00+03:00,15.318142,2.470712,14.780166,0.76047087,3.0561435,0.34521317,26.796875
1005,2020-10-02 00:00:00+03:00,9.072904,4.093787,18.86646,0.94684887,4.750418,0.18445273,20.002785
1006,2020-10-03 00:00:00+03:00,3.7968857,4.0545926,15.363525,1.4683996,6.4514523,0.1141639,13.874154
1007,2020-10-04 00:00:00+03:00,1.2117704,4.564961,11.398655,1.267301,5.9500527,0.23144494,12.222541
1008,2020-10-05 00:00:00+03:00,3.437686,2.682295,9.737321,0.71576834,4.747872,0.23933603,12.855239
1009,2020-10-06 00:00:00+03:00,2.2188082,2.2834377,7.8668838,1.1277369,5.5996547,0.33986893,8.77425
1010,2020-10-07 00:00:00+03:00,0.57190317,2.6827986,7.0355926,1.5409738,5.1074176,0.5264439,7.109911
1011,2020-10-08 00:00:00+03:00,0.13314183,4.795607,11.682683,1.7443062,7.6327786,0.27487794,11.359305
1012,2020-10-09 00:00:00+03:00,0.11923527,3.5595188,9.97902,1.3348951,6.826399,0.29952395,7.863296
1013,2020-10-10 00:00:00+03:00,0.040168718,1.9865284,6.698395,0.87048227,5.558867,0.20944779,5.060584
1014,2020-10-11 00:00:00+03:00,0.10131804,2.0815432,7.362559,1.0131,6.1153464,0.11480034,5.050961
1015,2020-10-12 00:00:00+03:00,0.018537246,0.95963854,3.699156,1.0320414,4.9523787,0.12193092,3.7482069
1016,2020-10-13 00:00:00+03:00,0.095278345,0.5925813,3.0455084,1.037789,6.418785,0.039416682,2.92466
1017,2020-10-14 00:00:00+03:00,0.99586797,2.4661574,6.294691,0.9373432,6.68087,0.08614465,9.3456335
1018,2020-10-15 00:00:00+03:00,0.027014768,2.3942382,5.8082566,1.3870691,7.3410983,0.23411769,5.726353
1019,2020-10-16 00:00:00+03:00,0.033544473,1.0688382,3.7979977,0.93552035,3.7452567,0.13691454,3.7202482
1020,2020-10-17 00:00:00+03:00,0.0153194405,0.7959599,3.123833,0.6914797,2.5109022,0.24391991,2.778364
1021,2020-10-18 00:00:00+03:00,0.013533444,0.9491438,3.6381814,0.65357465,2.4656723,0.18624239,3.2466629
1022,2020-10-19 00:00:00+03:00,0.003338378,0.29598868,2.5671375,0.77248096,1.6777202,0.20322917,4.4525084
1023,2020-10-20 00:00:00+03:00,0.0024581198,0.55891496,3.7251253,0.84795976,1.9113555,0.24171688,6.086975
1024,2020-10-21 00:00:00+03:00,0.30724177,5.935344,13.66187,1.4599236,8.628204,0.12355905,12.826346
1025,2020-10-22 00:00:00+03:00,1.4407967,4.5279803,13.549245,1.4061729,8.065732,0.27831832,12.159856
1026,2020-10-23 00:00:00+03:00,1.4551488,4.039731,11.0767975,1.1171846,7.0929494,0.21927066,10.933175
1027,2020-10-24 00:00:00+03:00,0.10306227,1.9251276,6.3177695,0.9961774,4.7934737,0.14174204,5.3949513
1028,2020-10-25 00:00:00+03:00,0.107543,3.831964,10.157941,1.0462906,6.108327,0.20561728,8.8677
1029,2020-10-26 00:00:00+02:00,1.0855055,4.893881,11.938251,1.2480825,7.045131,0.15650177,12.121455
1030,2020-10-27 00:00:00+02:00,1.611804,7.120852,16.305315,1.4097737,7.593628,0.10121455,18.103453
1031,2020-10-28 00:00:00+02:00,0.6922124,7.5041637,17.567102,1.3838433,9.033931,0.084365845,16.279127
1032,2020-10-29 00:00:00+02:00,0.38616276,7.6840644,16.419031,1.2495326,9.16208,0.072753556,17.013468
1033,2020-10-30 00:00:00+02:00,0.0028713585,2.5738575,9.593367,1.0750761,7.3197155,0.07720084,10.742873
1034,2020-10-31 00:00:00+02:00,0.04186417,1.6235625,6.0050263,1.1823287,7.616304,0.05978896,5.3314605
1035,2020-11-01 00:00:00+02:00,0.16116333,1.6391737,6.036404,1.0566542,6.919949,0.03997167,3.7640245
1036,2020-11-02 00:00:00+02:00,0.5843844,3.7700145,9.710669,1.1252939,5.032023,0.08927821,7.7355328
1037,2020-11-03 00:00:00+02:00,0.09503875,2.4115975,9.564921,0.7566674,6.51374,0.10272926,7.3664627
1038,2020-11-04 00:00:00+02:00,0.030825837,1.8773848,6.5875335,0.72108936,4.0198145,0.103725456,8.255954
1039,2020-11-05 00:00:00+02:00,0.0034413459,1.1210519,5.1861672,0.657621,3.3932698,0.10825849,8.175845
1040,2020-11-06 00:00:00+02:00,0.014420584,0.60643834,3.9588535,0.38734898,2.1663597,0.1120662,5.0214357
1041,2020-11-07 00:00:00+02:00,0.249545,1.2844783,5.148312,0.24588585,2.1302316,0.054160696,4.646645
1042,2020-11-08 00:00:00+02:00,0.098005705,2.1319954,6.4516892,0.52393466,5.3256083,0.06254888,5.9185123
1043,2020-11-09 00:00:00+02:00,0.010402686,0.34438762,3.5881217,0.6583724,1.0776981,0.09679348,5.3772616
1044,2020-11-10 00:00:00+02:00,0.043396328,1.5757302,6.752006,0.6008168,3.3154545,0.06362856,4.4577703
1045,2020-11-11 00:00:00+02:00,0.044245273,2.700347,9.152217,0.63676506,3.4184673,0.07342329,5.7695184
1046,2020-11-12 00:00:00+02:00,0.14806361,4.3055377,9.19316,0.71257496,5.723232,0.20246167,9.266426
1047,2020-11-13 00:00:00+02:00,0.1895247,5.396238,10.994995,0.8147091,7.2769146,0.036117952,11.294709
1048,2020-11-14 00:00:00+02:00,0.26027402,4.43487,11.613438,1.1302499,12.980107,0.011787801,10.518896
1049,2020-11-15 00:00:00+02:00,0.31605184,5.9930854,13.235031,1.179295,10.205316,0.02118591,10.846695
1050,2020-11-16 00:00:00+02:00,0.43991295,5.4739337,12.065688,1.0970544,11.156123,0.037357796,11.594681
1051,2020-11-17 00:00:00+02:00,0.42076865,4.785361,13.876392,0.9565924,11.1177025,0.033493344,11.897609
1052,2020-11-18 00:00:00+02:00,0.013243251,3.7371588,11.048455,0.45966494,8.607019,0.02634771,7.7561874
1053,2020-11-19 00:00:00+02:00,0.09289396,5.2509828,13.167987,0.74821144,10.425738,0.07267244,13.037606
1054,2020-11-20 00:00:00+02:00,0.015709026,0.45077464,2.6298935,0.7830336,2.3912082,0.13862503,5.2330756
1055,2020-11-21 00:00:00+02:00,0.0014883274,0.79567033,4.2519145,0.8190257,1.8278674,0.12712397,5.7666364
1056,2020-11-22 00:00:00+02:00,0.007869109,2.5861413,7.7545414,0.6844463,6.120823,0.033265408,8.093271
1057,2020-11-23 00:00:00+02:00,0.0042274697,0.76102155,4.437838,0.74265033,2.4885108,0.0682792,11.025551
1058,2020-11-24 00:00:00+02:00,0.0028016416,1.1401426,3.7306519,0.666151,3.373366,0.082600884,5.642754
1059,2020-11-25 00:00:00+02:00,0.111679845,3.463734,10.103405,0.4985257,7.622544,0.013989369,7.8735104
1060,2020-11-26 00:00:00+02:00,0.21046585,6.5542545,23.649199,0.8257234,9.482825,0.018065793,9.81325
1061,2020-11-27 00:00:00+02:00,0.07863589,1.8651551,7.0723724,0.7130251,6.552492,0.046364103,5.2897506
1062,2020-11-28 00:00:00+02:00,0.011893012,0.6505701,3.4812126,0.56548774,6.6049123,0.0290369,2.184778
1063,2020-11-29 00:00:00+02:00,0.013004172,1.2077124,4.5156736,0.7096885,7.3012605,0.023990324,3.5103369
1064,2020-11-30 00:00:00+02:00,0.022078842,1.8277951,6.9944615,0.8179485,10.952655,0.018192528,5.1256533
1065,2020-12-01 00:00:00+02:00,0.07147387,2.7514377,13.393066,0.8670553,12.807943,0.012383249,10.428602
1066,2020-12-02 00:00:00+02:00,0.24172963,2.602062,10.376257,1.0636836,6.2389503,0.049340855,7.0905647
1067,2020-12-03 00:00:00+02:00,1.1213303,3.4628274,12.758382,0.7549524,6.1975884,0.021138007,9.25691
1068,2020-12-04 00:00:00+02:00,0.91519254,4.1860147,11.230428,0.9191985,6.0337796,0.0074007236,10.221553
1069,2020-12-05 00:00:00+02:00,1.0346583,5.705562,13.378535,1.0893083,5.4420753,0.002982103,11.992473
1070,2020-12-06 00:00:00+02:00,1.1306306,4.6562276,11.931272,1.1526933,3.7020857,0.039639406,11.316345
1071,2020-12-07 00:00:00+02:00,0.29642367,2.229559,7.7901073,0.86037046,2.3750582,0.12300646,4.884015
1072,2020-12-08 00:00:00+02:00,0.6888284,3.381237,10.755313,1.1732895,3.1889932,0.021153873,9.870072
1073,2020-12-09 00:00:00+02:00,0.7104485,3.8036716,13.192776,1.1363958,3.4921198,0.011798471,11.41546
1074,2020-12-10 00:00:00+02:00,0.8038601,4.3292913,13.907538,1.0172404,4.1624837,0.006813903,12.518552
1075,2020-12-11 00:00:00+02:00,0.4867313,2.8297577,10.599776,0.9152594,5.5502753,0.0060988893,7.6920185
1076,2020-12-12 00:00:00+02:00,0.60722834,4.2729583,11.122943,1.147019,3.9697075,0.011502917,10.329029
1077,2020-12-13 00:00:00+02:00,0.39214316,2.7375805,11.013686,0.99781233,3.7340405,0.0147183575,7.358152
1078,2020-12-14 00:00:00+02:00,0.19399971,2.417495,10.874333,0.9771872,4.391708,0.009760135,6.2448573
1079,2020-12-15 00:00:00+02:00,0.23004334,2.8295295,10.658219,1.077526,5.66181,0.01164781,5.5567703
1080,2020-12-16 00:00:00+02:00,0.18151939,3.4383821,12.24421,0.83315444,8.687232,0.0059821173,8.350844
1081,2020-12-17 00:00:00+02:00,0.005412393,1.875114,7.652624,0.588738,3.6007588,0.004065609,5.4993057
1082,2020-12-18 00:00:00+02:00,0.048571885,2.9272413,10.658969,0.7289805,9.085681,0.0044204067,8.309022
1083,2020-12-19 00:00:00+02:00,0.010064773,2.925068,11.660487,0.7160554,5.250419,0.012366011,6.9865813
1084,2020-12-20 00:00:00+02:00,0.14227001,3.5970523,12.860532,0.95920616,5.3701797,0.009993218,5.072026
1085,2020-12-21 00:00:00+02:00,0.0772657,4.196521,10.185197,0.95094466,5.950454,0.021290943,7.621116
1086,2020-12-22 00:00:00+02:00,0.17718905,6.0030932,11.972032,0.97890216,9.371551,0.0017081919,12.813462
1087,2020-12-23 00:00:00+02:00,0.034014422,1.0085999,3.907611,0.5862805,6.1095657,0.02411221,4.957393
1088,2020-12-24 00:00:00+02:00,0.008642838,1.3738102,5.3889136,0.5411143,6.3122993,0.018701172,4.815893
1089,2020-12-25 00:00:00+02:00,0.015830122,1.0273626,3.6272023,0.6098208,6.247822,0.022132097,3.079263
1090,2020-12-26 00:00:00+02:00,0.0066226157,0.7631429,3.4085455,0.7229631,6.0643516,0.018940706,2.6219013
1091,2020-12-27 00:00:00+02:00,0.010284489,1.6106777,6.7879615,0.6863728,4.074167,0.07574617,4.80792
1092,2020-12-28 00:00:00+02:00,0.23472922,2.089524,6.3335414,0.71877575,5.7475815,0.07925301,6.8199844
1093,2020-12-29 00:00:00+02:00,0.30297813,2.705354,7.574385,0.6876566,6.2878985,0.012899081,7.4744306
1094,2020-12-30 00:00:00+02:00,0.15934014,2.041816,7.3326664,0.72273785,4.888818,0.07377929,8.117517
1095,2020-12-31 00:00:00+02:00,0.07778346,2.0792243,8.227491,0.6924379,4.360174,0.013530764,4.948381
1096,2021-01-01 00:00:00+02:00,0.001455754,1.1354403,6.5383844,0.7840644,3.4497342,0.019357152,3.8014188
1097,2021-01-02 00:00:00+02:00,0.013163154,2.5735092,7.2952094,0.8403385,7.398604,0.0031542715,5.211601
1098,2021-01-03 00:00:00+02:00,0.05448566,3.2400913,8.011193,0.87106013,9.490506,0.009508091,8.286097
1099,2021-01-04 00:00:00+02:00,0.45247248,3.4473257,7.3171544,0.6600251,7.6688595,0.006970784,8.349605
1100,2021-01-05 00:00:00+02:00,1.8226256,4.3234777,9.096458,0.5887911,6.8507485,0.002534176,10.511313
1101,2021-01-06 00:00:00+02:00,1.127465,3.8459728,8.660026,0.89887327,7.6251655,0.0047165197,9.149028
1102,2021-01-07 00:00:00+02:00,0.33772516,2.4443686,6.1765046,0.7734773,11.518796,0.0056847916,5.661589
1103,2021-01-08 00:00:00+02:00,0.3893776,1.5358182,5.7533555,0.87123924,9.787784,0.0019082675,3.5901024
1104,2021-01-09 00:00:00+02:00,0.24031681,2.3328521,7.4720416,0.7686403,11.985072,0.0007512187,5.9082427
1105,2021-01-10 00:00:00+02:00,0.5388168,2.2295012,5.6184964,0.85957736,4.9836392,0.00052511663,4.604462
1106,2021-01-11 00:00:00+02:00,0.298372,3.0699854,8.833995,0.92664117,12.22678,0.0047565117,8.091529
1107,2021-01-12 00:00:00+02:00,0.39167145,4.7931147,11.396792,1.0784999,13.71677,0.011573822,9.739865
1108,2021-01-13 00:00:00+02:00,0.35511383,5.996758,12.567302,1.011569,13.581936,0.0074420893,12.641665
1109,2021-01-14 00:00:00+02:00,0.34265074,2.2510035,5.8651032,0.9226857,8.240239,0.0016528702,4.8579655
1110,2021-01-15 00:00:00+02:00,0.114582606,1.863366,5.0947776,1.181341,7.770206,0.00022261254,4.456613
1111,2021-01-16 00:00:00+02:00,0.045247775,1.5058833,3.9330409,1.5615224,4.9265556,0.00024838184,2.9887428
1112,2021-01-17 00:00:00+02:00,0.055161852,1.0291526,2.7665417,1.1749296,3.652215,0.00041009425,2.4793367
1113,2021-01-18 00:00:00+02:00,0.010911421,0.6956175,1.3896593,0.83754843,2.922612,0.0006529249,1.448887
1114,2021-01-19 00:00:00+02:00,0.011075203,0.6423773,1.3090134,0.7869415,3.2512398,0.0033237815,1.2181834
1115,2021-01-20 00:00:00+02:00,0.023631066,3.5386686,8.8232565,0.7386189,10.737731,0.004444593,7.305718
1116,2021-01-21 00:00:00+02:00,0.028624525,4.6761103,12.276474,0.5815905,9.668516,0.041357666,8.707162
1117,2021-01-22 00:00:00+02:00,0.14143689,3.6703942,8.979325,0.65627116,7.040636,0.05413114,7.8282313
1118,2021-01-23 00:00:00+02:00,0.79096085,3.4654706,9.39161,0.63532764,6.7219977,0.03731175,10.1727295
1119,2021-01-24 00:00:00+02:00,1.3567537,4.0441613,9.910661,0.5565995,6.227674,0.045270104,10.854173
1120,2021-01-25 00:00:00+02:00,0.2373826,2.3274028,6.140003,0.7267764,9.081896,0.0049849967,5.4893417
1121,2021-01-26 00:00:00+02:00,0.05510263,0.5376666,2.9915378,0.55361795,6.9069824,0.0055892784,2.8429158
1122,2021-01-27 00:00:00+02:00,0.042172264,0.5630632,2.310327,0.5894162,6.4597983,0.00620798,2.8397522
1123,2021-01-28 00:00:00+02:00,0.018291218,0.5734752,1.6088314,0.7135244,3.7260945,0.008121681,2.447068
1124,2021-01-29 00:00:00+02:00,0.01602824,1.4578806,3.4130697,0.74935967,8.209104,0.008306758,3.7028322
1125,2021-01-30 00:00:00+02:00,0.02381944,1.0368898,2.848735,0.8191438,5.6325955,0.009091382,2.6716993
1126,2021-01-31 00:00:00+02:00,0.017736938,1.2756453,3.4862444,0.79218405,4.685146,0.012683804,4.263083
1127,2021-02-01 00:00:00+02:00,0.034301758,2.9677598,8.475884,0.8290812,9.459202,0.04877615,9.158936
1128,2021-02-02 00:00:00+02:00,0.02514083,3.3017209,6.3618584,0.92319036,7.8728333,0.024490738,6.936924
1129,2021-02-03 00:00:00+02:00,0.02076019,5.517733,13.566936,1.0097184,13.501422,0.006347902,11.5998125
1130,2021-02-04 00:00:00+02:00,0.014055655,1.2097727,3.4240913,0.94414973,5.375959,0.010950423,2.8153477
1131,2021-02-05 00:00:00+02:00,0.01067705,1.0085958,3.0280135,1.2347288,3.7073772,0.016540237,3.6421726
1132,2021-02-06 00:00:00+02:00,0.0017858437,0.70230263,2.185881,1.0975515,2.9625912,0.012580249,2.7951043
1133,2021-02-07 00:00:00+02:00,0.00013860878,0.4737058,1.4886698,1.0542885,1.478742,0.0023247479,1.3876151
1134,2021-02-08 00:00:00+02:00,0.014088879,0.53287834,1.3953847,1.0777119,2.1449857,0.044989746,1.7531914
1135,2021-02-09 00:00:00+02:00,0.11549309,0.92545265,3.1443503,0.9809757,3.0550957,0.06206797,3.772157
1136,2021-02-10 00:00:00+02:00,0.07389861,1.304883,4.264274,1.0110505,4.918796,0.010454621,4.336186
1137,2021-02-11 00:00:00+02:00,0.07874961,2.091142,4.7469177,0.9814295,6.117565,0.0028227724,4.979602
1138,2021-02-12 00:00:00+02:00,0.019219473,1.1891019,4.36157,1.1062086,3.3900678,0.009362216,4.578595
1139,2021-02-13 00:00:00+02:00,0.0008239439,0.7534732,2.2330797,1.051898,2.734896,0.00969609,2.0177681
1140,2021-02-14 00:00:00+02:00,0.00056149164,0.6391162,1.990275,0.966204,2.543213,0.031278517,2.5689669
1141,2021-02-15 00:00:00+02:00,0.00038808104,0.55700654,1.8549463,0.9736871,2.7431116,0.027879039,1.9992589
1142,2021-02-16 00:00:00+02:00,0.0005683529,0.9038772,2.0103407,1.0295237,3.128084,0.01743565,1.9185123
1143,2021-02-17 00:00:00+02:00,0.0029708408,1.9099455,4.119041,0.9999788,5.5472436,0.020147016,3.5072682
1144,2021-02-18 00:00:00+02:00,0.0011735772,0.5333694,1.623818,1.1399928,2.2667112,0.002300038,1.4565215
1145,2021-02-19 00:00:00+02:00,0.0071377535,1.7825657,3.3866177,1.1857504,3.5431597,0.038655452,2.9493349
1146,2021-02-20 00:00:00+02:00,0.061071906,5.6095357,12.133399,0.96554965,10.654069,0.0043104338,10.9380455
1147,2021-02-21 00:00:00+02:00,1.0566839,3.5153234,7.193634,1.0505198,7.719801,0.07495815,7.4594903
1148,2021-02-22 00:00:00+02:00,5.763024,7.0348115,15.636212,1.1095463,7.666895,0.1558597,19.545595
1149,2021-02-23 00:00:00+02:00,5.2231154,11.612705,24.592295,1.576646,12.853824,0.041083094,30.94552
1150,2021-02-24 00:00:00+02:00,9.56807,5.6188016,15.276555,1.0680104,9.745506,0.057788346,15.690066
1151,2021-02-25 00:00:00+02:00,8.65484,4.431739,13.610215,0.8766398,7.560192,0.2561721,15.914569
1152,2021-02-26 00:00:00+02:00,4.194626,3.4404967,11.995881,0.79511094,5.7716675,0.06499757,16.342756
1153,2021-02-27 00:00:00+02:00,0.0095214965,0.5030992,2.2348058,0.68339795,2.173844,0.052976985,3.7467594
1154,2021-02-28 00:00:00+02:00,0.011846866,0.49541274,2.3958132,0.6516331,2.1888015,0.08798105,4.7651253
1155,2021-03-01 00:00:00+02:00,0.009075695,0.35163713,2.3727756,0.6074897,1.5750935,0.0399065,5.6076117
1156,2021-03-02 00:00:00+02:00,0.011187394,1.3018807,4.393003,0.63040966,3.294233,0.12088275,6.9625783
1157,2021-03-03 00:00:00+02:00,0.012677721,1.1632417,3.8045733,0.8138826,2.6102536,0.0951314,6.030583
1158,2021-03-04 00:00:00+02:00,0.024790062,3.2650588,5.7927165,0.68272305,4.078627,0.06133181,6.296289
1159,2021-03-05 00:00:00+02:00,0.002804636,0.43862024,1.844017,0.99879366,2.11698,0.13682702,3.4368083
1160,2021-03-06 00:00:00+02:00,0.0021197875,0.8650866,2.7214544,1.0079671,2.5855796,0.11986827,4.309033
1161,2021-03-07 00:00:00+02:00,0.02308993,0.92686987,3.0821702,0.8378036,2.138139,0.114310116,5.1689286
1162,2021-03-08 00:00:00+02:00,0.0030846212,0.8548758,2.8406706,0.9725404,2.9032366,0.085116886,3.9076538
1163,2021-03-09 00:00:00+02:00,0.0014347289,1.3695254,3.4623063,1.0719272,3.2678673,0.072427,4.2154236
1164,2021-03-10 00:00:00+02:00,0.0035107667,2.8439245,5.482207,1.1587993,4.0161257,0.20143403,7.9498496
1165,2021-03-11 00:00:00+02:00,0.02443852,3.9098184,7.9206357,1.2845539,4.5355372,0.10061165,10.599797
1166,2021-03-12 00:00:00+02:00,0.08463269,4.6719728,10.557096,1.0516603,6.3912106,0.11440306,12.736075
1167,2021-03-13 00:00:00+02:00,0.018366354,4.2238398,9.359355,1.0046147,7.007792,0.22277586,11.540356
1168,2021-03-14 00:00:00+02:00,0.010737655,2.6302898,6.2961144,0.9124024,6.3488636,0.19783737,8.027995
1169,2021-03-15 00:00:00+02:00,0.008173403,1.9550481,4.6205153,1.1182626,5.5745444,0.11065581,7.0433426
1170,2021-03-16 00:00:00+02:00,0.010675124,2.8399723,5.314356,1.1767722,5.427628,0.19477654,8.746274
1171,2021-03-17 00:00:00+02:00,0.011174928,2.0332901,4.759466,1.2163507,4.9415298,0.0654371,7.3674374
1172,2021-03-18 00:00:00+02:00,0.007995383,1.7877445,4.38889,1.3794669,5.8521695,0.048786964,5.5845923
1173,2021-03-19 00:00:00+02:00,0.0042819357,1.6937002,4.58589,1.3295339,5.7121773,0.05539653,5.5876307
1174,2021-03-20 00:00:00+02:00,0.0041626715,1.2270728,3.6964405,1.105709,3.2802722,0.08087394,6.0512605
1175,2021-03-21 00:00:00+02:00,0.019510234,2.4646032,6.070326,0.8286164,4.4117346,0.20735288,7.8152556
1176,2021-03-22 00:00:00+02:00,0.003887275,0.29523236,2.2066,0.87221384,1.560986,0.11381476,3.672431
1177,2021-03-23 00:00:00+02:00,0.0070701153,0.5684348,2.3370564,0.9030202,1.9720702,0.1442781,3.9996338
1178,2021-03-24 00:00:00+02:00,0.019835679,1.2923094,3.598016,0.85633737,2.6388063,0.23358451,6.410641
1179,2021-03-25 00:00:00+02:00,0.070513144,8.536866,13.037387,0.99620765,6.1607203,0.099155426,16.889349
1180,2021-03-26 00:00:00+02:00,0.078958176,15.060632,22.583055,1.7970773,9.525189,0.2246129,28.657745
1181,2021-03-27 00:00:00+02:00,0.09439123,12.174556,18.735397,1.9245776,6.8316474,0.4071567,25.831963
1182,2021-03-28 00:00:00+02:00,0.016839232,4.474148,9.059981,1.6259185,6.341672,0.16079037,11.627364
1183,2021-03-29 00:00:00+03:00,0.0128677115,4.2269936,8.789318,1.1119746,5.640591,0.27216008,11.709174
1184,2021-03-30 00:00:00+03:00,0.06160435,6.101847,11.7755995,0.7525816,6.6276054,0.08837099,10.818963
1185,2021-03-31 00:00:00+03:00,0.599789,4.7086887,9.352564,0.58356446,3.5480359,0.26686725,10.815667
1186,2021-04-01 00:00:00+03:00,2.9791124,2.0076497,5.7229095,0.26937303,2.955919,0.26036468,9.796006
1187,2021-04-02 00:00:00+03:00,0.007632039,0.8957763,2.9334638,0.79082435,2.7744339,0.36166012,5.172499
1188,2021-04-03 00:00:00+03:00,0.0064305197,1.2293333,3.3689072,0.7886098,2.9464989,0.28173137,4.4550986
1189,2021-04-04 00:00:00+03:00,0.00973886,0.8201962,2.9292247,0.8684986,2.6067867,0.42311168,4.6188164
1190,2021-04-05 00:00:00+03:00,0.6729555,5.2590294,9.888111,1.1160346,6.225197,0.8683525,13.167886
1191,2021-04-06 00:00:00+03:00,0.033082563,1.2632548,4.491409,0.9499944,4.23601,0.3093306,6.925718
1192,2021-04-07 00:00:00+03:00,0.0024970605,2.6348233,7.9825397,1.1780678,4.8800035,0.3166636,12.694427
1193,2021-04-08 00:00:00+03:00,0.0122368885,1.4038934,4.614866,0.91955227,3.3146276,0.2580646,7.641039
1194,2021-04-09 00:00:00+03:00,0.02664166,3.6798744,7.0398064,1.1262809,4.516311,0.49479267,11.337283
1195,2021-04-10 00:00:00+03:00,0.13770135,11.4300585,17.346174,2.1247385,7.881935,0.86054826,21.73913
1196,2021-04-11 00:00:00+03:00,0.31973532,10.934966,16.605469,2.4247646,7.199101,0.9844633,21.918097
1197,2021-04-12 00:00:00+03:00,0.34138444,4.544055,9.994954,1.5036774,4.01782,1.244927,14.412028
1198,2021-04-13 00:00:00+03:00,1.1076516,6.128956,12.75693,1.6351053,6.0088544,0.6976474,19.674547
1199,2021-04-14 00:00:00+03:00,0.22851585,1.8415457,5.079357,1.3919417,4.130343,0.24495225,7.62357
1200,2021-04-15 00:00:00+03:00,0.7213382,2.3047931,7.5359516,1.5673591,5.3019576,0.2503708,9.457414
1201,2021-04-16 00:00:00+03:00,3.305482,2.8987951,10.743333,1.72966,5.5087123,0.16432217,15.019586
1202,2021-04-17 00:00:00+03:00,3.2322605,4.1414795,12.852684,2.2374759,5.7332993,0.16450043,14.809498
1203,2021-04-18 00:00:00+03:00,3.0763237,2.8408191,11.066281,1.5225315,3.7159889,0.30282617,16.479261
1204,2021-04-19 00:00:00+03:00,0.58024997,2.2047927,9.465806,1.6742622,3.5314445,0.3689172,13.251058
1205,2021-04-20 00:00:00+03:00,0.4567884,2.8991635,9.416707,1.5663147,4.2453895,0.26272348,12.237572
1206,2021-04-21 00:00:00+03:00,0.5432613,3.2074802,9.677526,1.7188941,4.5433984,0.6506496,13.577225
1207,2021-04-22 00:00:00+03:00,0.3918642,3.9491456,8.090741,1.3637419,3.4479597,0.4306922,12.100532
1208,2021-04-23 00:00:00+03:00,0.013033728,0.6368584,1.8415545,0.8263864,2.7421243,0.28308123,2.808684
1209,2021-04-24 00:00:00+03:00,0.012154111,0.45188692,1.7929993,0.72857356,2.404245,0.37570205,2.8154862
1210,2021-04-25 00:00:00+03:00,0.04179573,0.45974848,1.616588,0.7885886,2.2787063,0.3740256,2.65491
1211,2021-04-26 00:00:00+03:00,0.041048158,0.85116816,2.1042469,1.0933238,2.8560572,0.297613,3.0919867
1212,2021-04-27 00:00:00+03:00,0.7005172,1.4352719,3.508691,1.2143571,3.2079117,0.39212212,5.0173187
1213,2021-04-28 00:00:00+03:00,1.3280241,2.8569467,6.807604,1.2565302,3.6052551,0.24207939,9.410991
1214,2021-04-29 00:00:00+03:00,0.721194,4.357224,8.993811,1.7964535,3.7297974,0.7309306,11.781941
1215,2021-04-30 00:00:00+03:00,1.1422566,8.326766,13.982285,3.043587,7.2269244,0.2742683,16.665094
1216,2021-05-01 00:00:00+03:00,0.49453393,2.526078,5.9174266,1.795722,3.6075573,0.22660148,7.525517
1217,2021-05-02 00:00:00+03:00,0.30552745,1.7320023,4.7495866,1.3791043,3.2706864,0.5157909,6.256047
1218,2021-05-03 00:00:00+03:00,0.10691119,1.238813,3.3741252,1.4686251,4.9096813,0.14900796,3.8895385
1219,2021-05-04 00:00:00+03:00,0.12202272,3.0605657,5.1958766,1.6384263,3.6241696,0.3381157,6.81173
1220,2021-05-05 00:00:00+03:00,0.13352454,3.9867008,7.460051,2.1899838,5.374538,0.30106202,8.817676
1221,2021-05-06 00:00:00+03:00,0.02522052,2.8025067,5.547357,1.455094,4.1876235,0.3251439,7.7593055
1222,2021-05-07 00:00:00+03:00,0.010753941,4.0266185,6.8303967,1.8453478,5.058121,0.27925324,9.693769
1223,2021-05-08 00:00:00+03:00,0.024728246,1.6010622,3.4026163,1.7148008,3.2907317,0.36048436,3.984176
1224,2021-05-09 00:00:00+03:00,0.04973876,2.152643,4.249107,1.7753793,3.3061771,0.4209391,5.5357814
1225,2021-05-10 00:00:00+03:00,0.046058938,3.0562418,5.7977567,2.2838287,4.421453,1.1116805,9.612557
1226,2021-05-11 00:00:00+03:00,0.0740739,1.411932,4.595746,1.5279665,4.1762433,1.2216054,7.301214
1227,2021-05-12 00:00:00+03:00,1.5997844,2.1932497,7.4815583,1.6186581,4.161419,0.6373154,10.616178
1228,2021-05-13 00:00:00+03:00,0.4055994,1.1066694,4.717838,1.8632507,4.6490026,0.27349576,6.05948
1229,2021-05-14 00:00:00+03:00,0.3472191,2.2267463,5.4113984,2.0503953,5.021213,0.2291583,6.4413204
1230,2021-05-15 00:00:00+03:00,0.36109117,3.7792397,7.7325974,2.7298934,6.0625587,0.47743285,9.21233
1231,2021-05-16 00:00:00+03:00,0.24302687,3.6765268,7.872301,2.3845165,6.0037117,0.8018622,10.183732
1232,2021-05-17 00:00:00+03:00,0.098037906,2.085489,4.9423027,1.7590383,5.328272,0.3520759,5.548029
1233,2021-05-18 00:00:00+03:00,0.2639402,1.4292461,4.0880737,1.6486748,4.7236524,0.15400615,4.31355
1234,2021-05-19 00:00:00+03:00,0.14123015,1.3896456,3.6489687,1.5736688,3.5641263,0.3712416,4.947246
1235,2021-05-20 00:00:00+03:00,0.041567616,2.0344312,4.397348,2.0185542,4.38248,0.5553967,6.4043217
1236,2021-05-21 00:00:00+03:00,0.07729814,2.422383,4.6422234,1.8591477,3.351628,0.45381916,6.696687
1237,2021-05-22 00:00:00+03:00,0.067796,3.059846,6.111155,2.5647244,5.948423,0.5085774,8.068615
1238,2021-05-23 00:00:00+03:00,0.025100082,1.8524007,4.094459,1.9672456,5.120672,0.26120624,5.0836678
1239,2021-05-24 00:00:00+03:00,0.059895605,2.066742,4.138831,1.6976911,3.5862238,0.5545284,6.542129
1240,2021-05-25 00:00:00+03:00,0.3295681,1.5734715,4.0254683,1.714261,4.445412,0.7361813,6.028771
1241,2021-05-26 00:00:00+03:00,0.23339409,2.4831114,5.195457,2.1207864,5.1182623,0.38517484,7.8169627
1242,2021-05-27 00:00:00+03:00,0.029374203,2.8408842,5.986873,2.2624156,5.007815,0.78265435,9.267667
1243,2021-05-28 00:00:00+03:00,0.039276622,4.067692,7.3915825,3.1597254,5.818977,0.5801206,9.951741
1244,2021-05-29 00:00:00+03:00,0.034956727,3.1264658,5.907492,2.9565628,5.4604244,0.4690498,7.1809487
1245,2021-05-30 00:00:00+03:00,0.04069347,0.755297,3.2114258,1.2970265,2.6863177,0.4367179,4.4324327
1246,2021-05-31 00:00:00+03:00,0.02107442,0.73967654,2.8958473,1.010239,2.4283826,0.4688256,4.191663
1247,2021-06-01 00:00:00+03:00,0.014775523,1.008016,3.2629306,1.0589962,2.407109,0.5960637,4.7251515
1248,2021-06-02 00:00:00+03:00,0.022794591,0.83133864,3.349929,1.1476849,3.4789124,0.39498124,5.2635045
1249,2021-06-03 00:00:00+03:00,0.061323643,1.0767492,4.613297,1.1770893,4.0685368,0.28328952,7.209133
1250,2021-06-04 00:00:00+03:00,0.08117578,0.9639104,4.6628532,1.0806252,4.135429,0.2981934,7.260374
1251,2021-06-05 00:00:00+03:00,0.10291877,1.3381585,5.2563286,1.145908,4.26305,0.42621782,7.71488
1252,2021-06-06 00:00:00+03:00,0.10857642,1.3358783,5.946695,1.2941417,5.036838,0.48422566,7.9579964
1253,2021-06-07 00:00:00+03:00,0.14813279,1.601394,6.304154,1.3977079,5.2389402,0.54128605,9.315235
1254,2021-06-08 00:00:00+03:00,0.12703264,1.3624983,6.347627,1.4026942,5.5856166,0.59681803,9.911502
1255,2021-06-09 00:00:00+03:00,0.1865052,1.3297402,5.776129,1.5612001,5.7818775,0.33114752,7.2033005
1256,2021-06-10 00:00:00+03:00,0.058534075,1.1355723,4.228858,1.4267749,5.7890716,0.31305423,6.630777
1257,2021-06-11 00:00:00+03:00,0.08101221,1.274266,4.2521443,1.4656073,5.456578,0.31592053,5.721617
1258,2021-06-12 00:00:00+03:00,0.14689715,1.6897701,5.06187,1.4807038,5.443255,0.42332447,6.289327
1259,2021-06-13 00:00:00+03:00,0.06544951,0.8927307,3.9699242,0.6906533,2.5757158,0.30084822,5.813503
1260,2021-06-14 00:00:00+03:00,0.030562498,0.66055834,3.4587233,0.7025644,2.446705,0.45994738,5.015003
1261,2021-06-15 00:00:00+03:00,0.10575148,1.8305837,5.10902,1.2136053,4.4137406,0.7833543,8.126349
1262,2021-06-16 00:00:00+03:00,0.031870257,0.8452541,4.2011223,0.822464,2.723729,0.46304485,7.7611127
1263,2021-06-17 00:00:00+03:00,0.039726753,0.7365758,3.9479516,1.0343733,3.4498518,0.72762626,5.9738946
1264,2021-06-18 00:00:00+03:00,0.049876552,1.0446825,4.750747,1.0900735,4.560922,0.9612367,7.7576137
1265,2021-06-19 00:00:00+03:00,0.07093373,1.5031713,6.0760136,0.94533014,5.007627,1.0532583,9.122176
1266,2021-06-20 00:00:00+03:00,4.9648743,1.8696159,7.2988644,0.60315686,6.1542983,0.94891906,13.300197
1267,2021-06-21 00:00:00+03:00,5.4284587,1.4534415,6.6209016,0.6333495,6.212273,1.0276656,12.857608
1268,2021-06-22 00:00:00+03:00,7.1958547,3.6367176,12.022431,0.7567215,7.4869995,0.9985072,20.279112
1269,2021-06-23 00:00:00+03:00,17.783314,4.2997174,22.11329,0.91933274,7.9478936,0.66095877,33.42342
1270,2021-06-24 00:00:00+03:00,8.391618,3.3890142,15.111875,0.8664326,8.364335,0.5568606,22.069807
1271,2021-06-25 00:00:00+03:00,7.4857135,2.8762991,12.709987,1.0946664,9.355575,0.708334,18.017736
1272,2021-06-26 00:00:00+03:00,1.1165768,2.189193,7.1040807,1.3407146,7.8320904,0.38771555,9.7655115
1273,2021-06-27 00:00:00+03:00,0.48635074,1.5077639,5.9038873,1.0643088,6.3014455,0.46960393,6.8412013
1274,2021-06-28 00:00:00+03:00,0.32378393,1.0935366,4.898864,1.0022792,5.282482,0.48807588,6.0602345
1275,2021-06-29 00:00:00+03:00,0.3021811,1.122779,4.2737327,0.9474148,4.1779785,0.65506417,5.032595
1276,2021-06-30 00:00:00+03:00,0.42320082,1.2792791,4.720096,0.8626168,4.3340116,0.93931216,7.229603
1277,2021-07-01 00:00:00+03:00,0.38416317,1.8136891,5.582682,0.77031785,4.6675797,1.0758871,9.142651
1278,2021-07-02 00:00:00+03:00,0.3327747,0.8964589,4.4941792,1.0291197,8.1011915,0.7610828,6.071384
1279,2021-07-03 00:00:00+03:00,0.2891975,0.88576794,4.8075156,0.93300265,7.3163114,0.339136,6.3166413
1280,2021-07-04 00:00:00+03:00,0.4686798,1.1205975,5.0502467,1.3427378,8.553197,0.46792963,6.501533
1281,2021-07-05 00:00:00+03:00,0.6245313,2.272542,6.9333,1.6996136,8.364522,0.5667808,9.801724
1282,2021-07-06 00:00:00+03:00,0.49679175,2.0026848,6.5186,1.3193806,8.54378,0.39459848,7.2844963
1283,2021-07-07 00:00:00+03:00,0.8799755,2.0951154,7.1823907,1.2691766,8.140939,0.9829161,9.406171
1284,2021-07-08 00:00:00+03:00,0.85621357,2.185028,7.0086174,0.97950774,8.180951,1.0250102,11.09875
1285,2021-07-09 00:00:00+03:00,0.3621092,1.983581,6.3573475,0.80172545,6.31226,1.1230267,9.845332
1286,2021-07-10 00:00:00+03:00,0.08398029,1.558379,5.3399625,0.70739204,6.3646874,1.1120927,8.735741
1287,2021-07-11 00:00:00+03:00,0.27178574,3.452016,8.661262,1.0127114,7.849987,0.90943855,11.522225
1288,2021-07-12 00:00:00+03:00,0.13248892,2.1334414,7.951138,0.81396395,8.471155,1.1473612,10.839231
1289,2021-07-13 00:00:00+03:00,0.28762308,1.8579909,7.708765,1.0046022,8.412789,1.1060623,9.309521
1290,2021-07-14 00:00:00+03:00,0.46391097,1.8484339,7.4393134,1.2591581,8.655789,0.6835017,9.7099
1291,2021-07-15 00:00:00+03:00,1.6361462,2.5093932,8.832343,1.2539715,8.06543,0.5719787,11.030719
1292,2021-07-16 00:00:00+03:00,2.462726,2.0666425,10.258317,0.93537873,10.78036,0.9421093,12.34568
1293,2021-07-17 00:00:00+03:00,2.3780134,1.3754255,8.803449,1.2387441,11.140254,0.85793835,12.988575
1294,2021-07-18 00:00:00+03:00,2.3879635,1.5786076,8.264201,1.1683503,8.707264,0.42492342,11.316147
1295,2021-07-19 00:00:00+03:00,1.1812922,1.4402599,8.632867,0.81911373,3.816105,0.36132225,15.202357
1296,2021-07-20 00:00:00+03:00,0.15295354,0.6765912,4.660864,0.89937377,5.509501,0.49438152,7.1000247
1297,2021-07-21 00:00:00+03:00,0.05769442,0.64518476,3.419629,0.7212605,3.5129125,0.4252659,5.8160634
1298,2021-07-22 00:00:00+03:00,0.021672571,0.4862144,2.3773587,0.66087353,3.2963686,0.37461078,4.7061057
1299,2021-07-23 00:00:00+03:00,0.19061594,1.1094484,5.935312,0.8913222,4.178244,0.51862735,8.175783
1300,2021-07-24 00:00:00+03:00,0.3284061,0.76317257,4.694876,0.740537,4.674813,0.32460552,7.136172
1301,2021-07-25 00:00:00+03:00,0.29827985,0.91117805,5.816549,0.8174569,6.779245,0.8147409,7.256601
1302,2021-07-26 00:00:00+03:00,0.25965568,2.0960524,8.468904,0.8745165,7.185047,1.5801231,12.353868
1303,2021-07-27 00:00:00+03:00,1.463308,3.4542332,10.349484,1.4290328,8.891263,0.6652033,13.209805
1304,2021-07-28 00:00:00+03:00,0.9148305,4.7463536,11.920733,1.7894698,9.384921,0.64212006,16.305895
1305,2021-07-29 00:00:00+03:00,0.70654297,2.6925094,8.670527,1.6476288,8.775587,0.83175856,11.580136
1306,2021-07-30 00:00:00+03:00,0.20834456,2.4988222,7.0536976,1.7917848,6.810938,1.0707879,11.105781
1307,2021-07-31 00:00:00+03:00,0.30946615,2.2495852,6.654548,1.3521892,6.059627,1.4952155,11.866604
1308,2021-08-01 00:00:00+03:00,0.63281816,3.1216724,7.936053,1.6172824,7.0676537,1.3862079,14.176938
1309,2021-08-02 00:00:00+03:00,0.3785249,1.1196241,4.6340737,1.0381347,6.297997,0.20868112,5.704277
1310,2021-08-03 00:00:00+03:00,0.060717937,0.8802047,3.638552,1.0290037,3.3835325,0.4315053,5.767126
1311,2021-08-04 00:00:00+03:00,0.05470253,1.4765457,4.4241366,1.4955615,4.78116,0.62861675,7.5288796
1312,2021-08-05 00:00:00+03:00,0.08044025,1.2106775,3.6426551,1.8959627,5.354524,0.2318676,4.444944
1313,2021-08-06 00:00:00+03:00,0.3082255,0.9634703,3.4898145,1.4816394,6.651338,0.16010632,4.110954
1314,2021-08-07 00:00:00+03:00,0.102805085,1.0933796,3.2847855,1.4632682,7.4404836,0.2630825,3.5299094
1315,2021-08-08 00:00:00+03:00,0.14875634,2.2642744,6.4635444,1.7820667,6.624871,0.7581416,9.00194
1316,2021-08-09 00:00:00+03:00,0.09230278,2.5057628,6.0068474,1.5729567,6.2109103,0.7368707,7.7407994
1317,2021-08-10 00:00:00+03:00,0.07249938,1.7823882,5.407351,1.5022515,6.817509,0.56563085,7.2470093
1318,2021-08-11 00:00:00+03:00,0.08866817,1.7837085,5.2468524,1.5393478,6.2095017,0.64837736,7.3852673
1319,2021-08-12 00:00:00+03:00,0.034973003,1.951674,5.685608,1.5608487,4.7594895,0.27887857,6.873381
1320,2021-08-13 00:00:00+03:00,0.05833115,0.9864612,4.215238,1.1010756,4.583808,0.5567192,5.844581
1321,2021-08-14 00:00:00+03:00,0.22630791,4.0834956,9.601899,1.9799347,7.9455247,1.3614851,15.182629
1322,2021-08-15 00:00:00+03:00,0.22387183,2.1334646,7.257801,1.1800665,5.048363,0.9816931,12.704705
1323,2021-08-16 00:00:00+03:00,0.32382637,2.1654177,6.8047414,1.1902056,6.12756,1.2452803,10.124225
1324,2021-08-17 00:00:00+03:00,0.79035026,2.480111,7.5643945,1.7041022,7.9707913,0.52197796,9.731468
1325,2021-08-18 00:00:00+03:00,0.030857863,2.8685224,6.379772,1.3661863,5.043873,0.9974176,10.381217
1326,2021-08-19 00:00:00+03:00,0.061632123,2.9497645,7.1192856,1.5149783,6.3945155,0.95417696,9.896258
1327,2021-08-20 00:00:00+03:00,0.073710375,2.1485975,5.5114236,1.1748064,4.728976,0.6391508,8.6942835
1328,2021-08-21 00:00:00+03:00,0.038399253,0.9883666,3.39483,0.88501954,3.9089167,0.4176197,5.091098
1329,2021-08-22 00:00:00+03:00,0.024579277,0.74325055,2.8038228,0.82347053,3.144502,0.48420477,4.576076
1330,2021-08-23 00:00:00+03:00,0.024820292,0.9464636,3.49877,1.062134,4.308883,0.6663757,5.467577
1331,2021-08-24 00:00:00+03:00,0.031612407,0.4537557,2.2413137,0.8415844,3.3226006,0.30171022,3.4291904
1332,2021-08-25 00:00:00+03:00,0.016662324,0.55878514,2.4335463,1.2652435,4.4685273,0.40712795,2.8639717
1333,2021-08-26 00:00:00+03:00,0.027056323,3.8472862,7.622669,1.4978434,5.1577296,0.667032,10.157762
1334,2021-08-27 00:00:00+03:00,0.054013252,2.8062723,5.952465,1.6220268,6.282093,0.71157485,8.042893
1335,2021-08-28 00:00:00+03:00,0.06028263,1.6536245,4.623153,1.8060681,7.907244,0.2886272,5.5939097
1336,2021-08-29 00:00:00+03:00,0.054117527,2.4464228,5.6641064,2.150281,8.240409,0.24089356,6.6445956
1337,2021-08-30 00:00:00+03:00,0.08821493,2.32646,5.657554,1.8679776,6.7927814,0.42869148,6.4476953
1338,2021-08-31 00:00:00+03:00,0.16916378,1.0760229,3.5916014,1.5959185,7.6117463,0.14022645,3.7797997
1339,2021-09-01 00:00:00+03:00,0.09006232,1.2630955,3.243354,2.0210233,5.699291,0.17268966,3.9506295
1340,2021-09-02 00:00:00+03:00,0.021565793,0.44432232,2.534738,0.44629812,1.821466,0.2948695,4.651684
1341,2021-09-03 00:00:00+03:00,0.14489852,0.93527395,3.6277206,0.64321715,2.5367239,0.23406015,5.8930926
1342,2021-09-04 00:00:00+03:00,0.008049978,0.46546355,1.6483268,0.524681,2.0258782,0.27851328,2.315818
1343,2021-09-05 00:00:00+03:00,0.006203307,0.4578226,1.9180417,0.64243543,2.3129272,0.2947506,2.6367188
1344,2021-09-06 00:00:00+03:00,0.008123484,0.6479774,2.457658,0.75226563,2.5826354,0.36014593,3.5764725
1345,2021-09-07 00:00:00+03:00,0.028391184,2.0565643,4.512448,1.0110403,3.3244922,0.6680596,7.450993
1346,2021-09-08 00:00:00+03:00,0.122286,4.187338,8.1418295,1.4565283,5.664112,1.064799,13.867313
1347,2021-09-09 00:00:00+03:00,0.3952744,9.652499,16.499567,2.3630857,9.587834,1.0729125,25.498075
1348,2021-09-10 00:00:00+03:00,0.26518407,6.1382346,13.210309,2.0394642,8.860919,1.2462398,20.633436
1349,2021-09-11 00:00:00+03:00,0.25827226,6.87972,14.238064,1.9744053,9.600543,1.4073356,20.439215
1350,2021-09-12 00:00:00+03:00,0.3879638,6.049847,13.054504,2.1065147,7.7009525,0.90804726,17.354532
1351,2021-09-13 00:00:00+03:00,0.32101843,2.255235,5.7181544,1.576242,5.7936225,0.34996018,7.3952656
1352,2021-09-14 00:00:00+03:00,0.039345767,0.5537975,2.3127248,0.6261441,2.1677992,0.32584235,3.608446
1353,2021-09-15 00:00:00+03:00,0.031967666,0.71566486,2.820338,0.80728656,2.5524514,0.38452017,4.360224
1354,2021-09-16 00:00:00+03:00,0.08457342,1.6244426,4.3705764,1.0969377,4.081058,0.51246697,6.6105914
1355,2021-09-17 00:00:00+03:00,0.09212033,1.0672898,3.3764355,1.4621238,5.8492703,0.18949841,4.874524
1356,2021-09-18 00:00:00+03:00,0.09632174,1.873732,5.109426,1.2900786,5.8899026,0.1253651,5.677713
1357,2021-09-19 00:00:00+03:00,0.03598394,0.56674147,2.9416208,1.1853093,4.3983436,0.03747577,3.2927732
1358,2021-09-20 00:00:00+03:00,0.024972076,0.67375493,2.9507055,1.0169438,3.6346254,0.061766822,3.1965704
1359,2021-09-21 00:00:00+03:00,0.06375956,1.2703775,3.6673563,1.0242965,3.4565237,0.12290571,3.7470872
1360,2021-09-22 00:00:00+03:00,0.18621193,1.6798655,4.886515,1.1618234,3.92047,0.10544601,5.4821143
1361,2021-09-23 00:00:00+03:00,0.7536686,2.9690292,7.455087,1.1335814,4.673089,0.1547927,9.086121
1362,2021-09-24 00:00:00+03:00,0.018142594,0.9938882,2.9695857,0.81757355,4.0928307,0.15041433,3.7074196
1363,2021-09-25 00:00:00+03:00,0.042624023,1.0492424,3.7558062,0.6241377,2.8434181,0.20801176,6.946099
1364,2021-09-26 00:00:00+03:00,0.02477303,0.34680486,2.20889,0.6723068,2.3578193,0.28299114,3.526543
1365,2021-09-27 00:00:00+03:00,0.045053218,0.804866,2.9570138,1.4593978,4.3583274,0.22665735,3.3295882
1366,2021-09-28 00:00:00+03:00,3.2825863,1.8296255,6.576006,1.5416045,4.763083,0.18373014,9.459346
1367,2021-09-29 00:00:00+03:00,11.601846,3.001834,14.595128,1.2483232,4.3183513,0.17056823,23.488836
1368,2021-09-30 00:00:00+03:00,4.2426257,2.920387,10.630282,1.4120698,4.357845,0.3034569,17.876781
1369,2021-10-01 00:00:00+03:00,5.1965966,3.1334724,11.943214,1.4285663,4.6906285,0.36502302,21.049623
1370,2021-10-02 00:00:00+03:00,0.9792953,4.1087623,9.396895,1.3260216,4.736673,0.318762,11.635053
1371,2021-10-03 00:00:00+03:00,0.8331272,4.767794,10.543857,1.3523444,5.42848,0.6109064,13.083428
1372,2021-10-04 00:00:00+03:00,0.62219566,2.8182497,8.227817,0.93594724,4.439345,0.7166217,10.146403
1373,2021-10-05 00:00:00+03:00,0.7803158,2.5127156,7.736979,0.9409428,4.3746314,0.6014065,9.664859
1374,2021-10-06 00:00:00+03:00,1.2227031,3.0226834,9.992122,0.9385314,4.0196824,0.31042534,12.53935
1375,2021-10-07 00:00:00+03:00,0.40887523,2.1462486,6.6417193,0.93072224,3.647521,0.4239286,10.282565
1376,2021-10-08 00:00:00+03:00,0.20408857,1.3020562,4.7506523,0.8879618,3.4827802,0.47643742,7.137951
1377,2021-10-09 00:00:00+03:00,0.17535602,3.7003624,8.230929,1.4403177,6.662662,0.42384663,9.3569
1378,2021-10-10 00:00:00+03:00,0.12836523,4.6908116,8.43558,1.484593,5.6441593,0.36141333,10.228023
1379,2021-10-11 00:00:00+03:00,0.62542135,2.9665844,8.04942,1.0774256,4.3971114,0.560752,10.669187
1380,2021-10-12 00:00:00+03:00,1.0229465,7.4819646,14.163158,1.040124,6.987514,0.3660964,16.63814
1381,2021-10-13 00:00:00+03:00,0.019245874,2.2704566,4.799911,0.6551282,3.921016,0.11205938,6.1618686
1382,2021-10-14 00:00:00+03:00,0.014760655,1.6450557,3.0398705,0.645657,3.251601,0.1760761,4.629944
1383,2021-10-15 00:00:00+03:00,0.04499093,5.9105134,9.686603,0.6583708,11.113365,0.25234538,10.073615
1384,2021-10-16 00:00:00+03:00,0.017938072,1.5783554,3.532653,0.6551761,3.9504101,0.22937727,5.281688
1385,2021-10-17 00:00:00+03:00,0.0040686196,1.878871,4.1313057,0.7028529,3.8503294,0.30052838,6.448473
1386,2021-10-18 00:00:00+03:00,0.004753332,0.9837828,2.3843467,0.68040496,3.1609106,0.31482348,4.1793327
1387,2021-10-19 00:00:00+03:00,0.005924744,0.4380552,2.2123961,0.68390256,2.4723952,0.18478702,5.5360675
1388,2021-10-20 00:00:00+03:00,0.7675416,7.5870476,12.686916,1.2746984,12.061038,0.41960755,14.0753145
1389,2021-10-21 00:00:00+03:00,0.6221557,5.930186,11.001297,1.1633179,9.450293,0.95738363,13.056808
1390,2021-10-22 00:00:00+03:00,0.005775787,1.0787659,3.432626,0.6298659,3.695247,0.4848292,7.617741
1391,2021-10-23 00:00:00+03:00,0.003378208,0.80572075,2.5197122,0.67334944,3.023771,0.16962336,4.0355926
1392,2021-10-24 00:00:00+03:00,0.0044739996,0.5828001,1.6368775,0.7357138,2.4184294,0.22062899,2.7984343
1393,2021-10-25 00:00:00+03:00,0.009906749,2.4807947,4.9041142,0.85505277,4.682133,0.46754766,6.2812557
1394,2021-10-26 00:00:00+03:00,0.045656946,8.961843,14.625983,1.2344044,10.172896,0.32928267,13.506267
1395,2021-10-27 00:00:00+03:00,0.025361292,5.9642944,11.011006,0.9167746,10.920689,0.13397089,12.425503
1396,2021-10-28 00:00:00+03:00,0.055637687,4.105369,7.1296515,0.42081198,7.3326325,0.108504675,8.327332
1397,2021-10-29 00:00:00+03:00,0.16943395,6.396996,9.663683,0.73224276,6.956084,0.3569449,7.993894
1398,2021-10-30 00:00:00+03:00,0.1921167,4.791358,9.427411,0.86903524,5.965233,0.73367363,7.0953097
1399,2021-10-31 00:00:00+03:00,0.64780855,7.5711102,14.537174,1.1541973,6.6221223,0.62315524,13.954952
1400,2021-11-01 00:00:00+02:00,0.333185,5.7407227,10.451822,0.6993137,5.425537,0.4801517,8.319526
1401,2021-11-02 00:00:00+02:00,1.5946983,7.2415586,15.074504,1.2215446,7.124491,0.026264258,14.158145
1402,2021-11-03 00:00:00+02:00,0.54529303,2.356018,7.455597,0.9621226,8.077802,0.022817535,7.7823615
1403,2021-11-04 00:00:00+02:00,0.16830806,3.5998886,7.027662,1.0473573,6.9415717,0.27721474,7.4600086
1404,2021-11-05 00:00:00+02:00,0.10070007,2.122916,5.102552,0.8378013,8.981246,0.16103399,6.162083
1405,2021-11-06 00:00:00+02:00,0.009418027,1.4306536,3.8811505,0.58505106,4.3400903,0.09424915,6.256002
1406,2021-11-07 00:00:00+02:00,0.013831283,3.2423618,6.412922,0.57406926,8.147594,0.06768131,7.257875
1407,2021-11-08 00:00:00+02:00,0.0056788605,0.8808932,3.0535815,0.5743701,3.3719652,0.071895026,4.897314
1408,2021-11-09 00:00:00+02:00,0.0140642105,0.2650167,1.0769447,0.77196103,1.7703608,0.07555433,1.3898181
1409,2021-11-10 00:00:00+02:00,0.049863607,3.6323283,7.3040886,0.7693815,7.546431,0.13828468,7.038927
1410,2021-11-11 00:00:00+02:00,0.22436328,5.8859687,11.777248,0.76280504,10.62695,0.036789548,9.647314
1411,2021-11-12 00:00:00+02:00,0.015214801,1.5448955,4.3385077,0.5269593,5.5814185,0.10267905,6.851958
1412,2021-11-13 00:00:00+02:00,0.0118782,1.0590771,3.189145,0.519492,2.7918255,0.08486965,5.316004
1413,2021-11-14 00:00:00+02:00,0.8794666,3.9722261,8.402043,0.76729256,7.910155,0.023693899,11.111805
1414,2021-11-15 00:00:00+02:00,0.019254979,1.5098869,3.7966506,0.5105728,3.3294938,0.044947866,4.2100053
1415,2021-11-16 00:00:00+02:00,0.6546263,4.843529,9.355591,0.6316243,5.898199,0.013903511,10.856293
1416,2021-11-17 00:00:00+02:00,0.55720973,8.508202,16.869276,0.9501848,9.568036,0.010446356,19.320114
1417,2021-11-18 00:00:00+02:00,0.22322728,4.69777,11.268284,0.83977705,10.833859,0.036633983,14.568138
1418,2021-11-19 00:00:00+02:00,0.012125765,0.8258689,2.637564,0.47396705,3.9741719,0.026194073,4.140119
1419,2021-11-20 00:00:00+02:00,0.008485048,0.26318645,2.1892235,0.5512638,1.8725659,0.13588884,4.5569644
1420,2021-11-21 00:00:00+02:00,0.007138245,0.92427707,2.3052092,0.41033342,3.6812744,0.038255323,3.0675507
1421,2021-11-22 00:00:00+02:00,0.012688876,0.32666475,1.7202805,0.77679044,2.477664,0.052127197,3.2518375
1422,2021-11-23 00:00:00+02:00,0.008379501,0.7080957,2.392318,0.7169902,3.1499102,0.044327687,3.55017
1423,2021-11-24 00:00:00+02:00,0.006809149,1.2751205,3.520333,0.56646293,3.4305732,0.017663345,4.8918805
1424,2021-11-25 00:00:00+02:00,0.016681679,3.0564365,6.676594,0.5596693,6.9226966,0.02556312,7.3848395
1425,2021-11-26 00:00:00+02:00,0.049042884,7.5710635,15.393315,0.8126421,12.566311,0.02023266,14.4502
1426,2021-11-27 00:00:00+02:00,0.054645956,1.5146179,4.751228,0.7568783,7.552775,0.009720274,4.351413
1427,2021-11-28 00:00:00+02:00,0.06552446,2.7771308,6.230341,0.911753,9.802224,0.004988658,5.490951
1428,2021-11-29 00:00:00+02:00,0.04935338,1.3705167,3.837693,0.9643193,10.323608,0.008477787,3.0979054
1429,2021-11-30 00:00:00+02:00,0.011051306,0.8444683,2.3073995,0.73049897,5.0363603,0.04604274,3.012272
1430,2021-12-01 00:00:00+02:00,0.0035008325,1.6421034,2.819987,0.77113855,5.0160046,0.012815978,2.9745278
1431,2021-12-02 00:00:00+02:00,0.002795804,1.5694126,3.9757633,0.60226494,6.7655163,0.080480896,5.261472
1432,2021-12-03 00:00:00+02:00,0.003183633,0.7839506,2.14408,0.7670681,4.2393394,0.03742501,2.9964864
1433,2021-12-04 00:00:00+02:00,0.0056122113,3.5793064,7.7649455,0.76043415,9.591502,0.014635299,7.8407245
1434,2021-12-05 00:00:00+02:00,0.004190956,4.6787333,9.062304,0.90052885,10.460793,0.0049189213,9.260943
1435,2021-12-06 00:00:00+02:00,0.025481649,4.037914,8.091889,0.8547394,9.039914,0.0079882275,7.625981
1436,2021-12-07 00:00:00+02:00,0.006549888,1.9215986,4.6403594,0.8767621,6.4041805,0.002507596,3.6002815
1437,2021-12-08 00:00:00+02:00,0.007677643,0.42869914,1.04563,0.9408484,2.5298693,0.0076668207,0.96272874
1438,2021-12-09 00:00:00+02:00,0.31190005,1.8427191,3.7183177,0.8364752,6.34442,0.008359868,4.08239
1439,2021-12-10 00:00:00+02:00,1.7391275,4.0030756,9.641466,0.80575925,9.814946,0.0015502957,12.357114
1440,2021-12-11 00:00:00+02:00,0.049145177,1.4039344,3.796017,0.619981,8.301591,0.0038007891,3.6819603
1441,2021-12-12 00:00:00+02:00,0.053253453,1.7907454,4.9772735,0.90625507,9.084811,0.0012833242,5.5002894
1442,2021-12-13 00:00:00+02:00,0.03448013,1.8242108,5.9120064,1.0670166,12.639886,0.004311215,4.5161605
1443,2021-12-14 00:00:00+02:00,0.028577566,1.9499015,5.1016154,0.80449563,10.832508,0.016663874,5.5869923
1444,2021-12-15 00:00:00+02:00,0.006394163,1.8929186,4.588185,0.5344066,8.05246,0.010080756,4.9334264
1445,2021-12-16 00:00:00+02:00,0.0066844267,1.556737,4.1902146,0.52786595,5.1586165,0.032886203,7.4691906
1446,2021-12-17 00:00:00+02:00,0.00242016,0.32191488,2.2190073,0.74056023,2.538267,0.033142462,6.051912
1447,2021-12-18 00:00:00+02:00,0.010379009,0.5186127,1.7386336,0.5680632,2.628137,0.0061925906,3.3583438
1448,2021-12-19 00:00:00+02:00,0.19412906,0.6036563,2.0501873,0.4486979,2.864683,0.029144188,3.7995865
1449,2021-12-20 00:00:00+02:00,0.0076920576,0.49252334,1.9032694,0.7714352,4.183089,0.036073547,2.9381092
1450,2021-12-21 00:00:00+02:00,0.007785997,0.5431099,1.9862795,0.8865814,2.588986,0.03992219,2.8564103
1451,2021-12-22 00:00:00+02:00,0.012884705,0.69089454,2.4554732,0.91555166,3.639515,0.0148442425,3.3962154
1452,2021-12-23 00:00:00+02:00,0.028388323,3.1933432,8.5059,0.84673876,8.832549,0.010138229,8.152921
1453,2021-12-24 00:00:00+02:00,0.06044062,5.6031203,14.77889,0.73448944,14.7679405,0.0040807696,14.702235
1454,2021-12-25 00:00:00+02:00,0.002704825,0.255933,1.3832833,0.87820095,1.8162743,0.060557112,1.980586
1455,2021-12-26 00:00:00+02:00,0.0017050212,0.3860302,2.1013925,0.8740396,3.1900911,0.04140459,3.6763933
1456,2021-12-27 00:00:00+02:00,0.0022836956,0.40233132,1.4969449,0.9051435,2.19333,0.01366114,2.1957624
1457,2021-12-28 00:00:00+02:00,0.004457775,0.7737715,1.8637413,0.8973558,3.641734,0.05569287,1.9977733
1458,2021-12-29 00:00:00+02:00,0.037654348,1.1474801,2.4323397,0.862175,4.5588164,0.07626652,1.7620584
1459,2021-12-30 00:00:00+02:00,0.08303029,4.3365693,8.69206,0.6540782,12.225577,0.00852974,7.8970757
1460,2021-12-31 00:00:00+02:00,0.004725328,1.69668,4.107006,0.38022903,6.9694486,0.0013508861,5.2604394
1461,2022-01-01 00:00:00+02:00,0.0043789414,0.53594464,1.7099881,0.28978813,4.0853677,0.0013539216,2.660197
1462,2022-01-02 00:00:00+02:00,0.02018274,0.51450163,2.0319545,0.64350444,4.493628,0.01803994,2.0090358
1463,2022-01-03 00:00:00+02:00,0.18509074,0.7650511,3.061178,0.37717155,6.770246,0.0026163778,3.2636907
1464,2022-01-04 00:00:00+02:00,0.0035807798,2.0988386,5.272388,0.506682,6.424401,0.003186838,7.980062
1465,2022-01-05 00:00:00+02:00,0.0011198145,1.0209914,3.4628093,0.6874606,7.5819397,0.009417353,4.862915
1466,2022-01-06 00:00:00+02:00,0.0020120568,1.4555968,4.274637,0.7899108,6.172268,0.024820969,5.1183453
1467,2022-01-07 00:00:00+02:00,0.0017318958,1.1682476,3.6684167,0.87151647,4.6380386,0.036642466,4.88401
1468,2022-01-08 00:00:00+02:00,0.0033143118,2.6205063,6.78861,0.86349803,8.963268,0.08253554,5.8594604
1469,2022-01-09 00:00:00+02:00,0.0043802527,2.7784574,7.4097123,0.91013914,9.204038,0.011390333,8.9470415
1470,2022-01-10 00:00:00+02:00,0.0042780577,2.358163,6.269779,0.9733278,7.6710124,0.0077984477,9.201209
1471,2022-01-11 00:00:00+02:00,0.0005471028,1.8486055,4.268699,1.0366168,7.7522564,0.008289539,4.5300403
1472,2022-01-12 00:00:00+02:00,0.00082368095,1.1311399,3.2208784,1.0512214,6.0461674,0.013062492,4.915411
1473,2022-01-13 00:00:00+02:00,0.02956638,2.0299642,6.2680774,0.5840666,6.9358954,0.0048234737,8.032919
1474,2022-01-14 00:00:00+02:00,0.020273993,0.43440363,2.7892349,0.59238166,2.4535906,0.047442418,6.1069503
1475,2022-01-15 00:00:00+02:00,0.00018594303,0.19396748,2.6585517,0.8184891,2.0433934,0.06418732,5.5270157
1476,2022-01-16 00:00:00+02:00,0.20158477,1.2621524,4.0549026,0.7456155,4.044287,0.0157623,5.306542
1477,2022-01-17 00:00:00+02:00,0.11788168,1.7768115,4.452265,0.77427536,6.2077355,0.041015524,5.5643773
1478,2022-01-18 00:00:00+02:00,0.001028773,0.19168365,1.8401331,0.9139266,1.8344108,0.07721969,4.4155574
1479,2022-01-19 00:00:00+02:00,0.014398149,1.9097581,4.528312,0.49698237,4.69113,0.01855377,5.7553554
1480,2022-01-20 00:00:00+02:00,0.0082103675,2.2949839,6.7341084,0.71321625,6.7423043,0.033466887,6.949543
1481,2022-01-21 00:00:00+02:00,0.0011633576,0.21654654,2.296075,0.9220991,2.3626974,0.04029649,4.372672
1482,2022-01-22 00:00:00+02:00,0.0021353515,1.036928,2.9952404,0.85617656,4.4111342,0.008730966,4.072355
1483,2022-01-23 00:00:00+02:00,0.0060668346,0.8758588,2.64661,0.922821,5.686985,0.0047950824,3.898999
1484,2022-01-24 00:00:00+02:00,0.4308184,1.7163634,4.810231,0.74972385,6.4155464,0.010440235,4.634794
1485,2022-01-25 00:00:00+02:00,0.6893888,1.6759442,4.675854,0.5169314,6.041733,0.003945458,5.0702295
1486,2022-01-26 00:00:00+02:00,0.050521076,0.57620394,1.6972647,0.78583384,3.7069721,0.0060405745,2.2615027
1487,2022-01-27 00:00:00+02:00,0.30101272,1.6192598,4.8256726,0.62041944,9.142412,0.002914793,7.198933
1488,2022-01-28 00:00:00+02:00,0.063627176,0.74680394,2.745816,0.6316257,4.9879756,0.005181947,3.604764
1489,2022-01-29 00:00:00+02:00,0.00251801,0.58549565,2.1735432,0.83903766,4.026936,0.04431473,3.1012118
1490,2022-01-30 00:00:00+02:00,0.05895783,0.49288473,2.7877674,0.62223,4.285889,0.023830235,4.3516855
1491,2022-01-31 00:00:00+02:00,0.008742168,0.6074737,1.7047367,0.7217426,4.7097554,0.016523961,2.540086
1492,2022-02-01 00:00:00+02:00,0.004893652,0.60262084,1.9589658,0.77615,5.2632637,0.0073242304,1.7239017
1493,2022-02-02 00:00:00+02:00,0.0015095234,3.936305,8.678258,0.9817939,11.62917,0.0062423456,8.472435
1494,2022-02-03 00:00:00+02:00,0.006209238,1.3395628,3.202915,0.99906874,6.235292,0.006167328,3.0478823
1495,2022-02-04 00:00:00+02:00,0.0062505887,2.242382,5.23415,0.8691442,7.9544673,0.0075915516,5.4087453
1496,2022-02-05 00:00:00+02:00,0.10374833,3.2481778,7.8945584,0.65628994,8.890519,0.023556605,9.548241
1497,2022-02-06 00:00:00+02:00,0.0042090355,2.3870199,5.519652,0.801169,5.7419524,0.013777896,6.551472
1498,2022-02-07 00:00:00+02:00,0.0018845034,0.956413,4.4479556,0.7674356,5.1747794,0.03438401,5.3741207
1499,2022-02-08 00:00:00+02:00,0.04287244,0.8118116,3.2875388,0.8188994,4.6091084,0.028830655,4.615278
1500,2022-02-09 00:00:00+02:00,0.08246463,0.7806445,4.4406238,0.6597449,3.9734685,0.042230826,8.675783
1501,2022-02-10 00:00:00+02:00,0.05773756,0.9979184,4.093511,0.7487948,4.3459616,0.064401545,8.437364
1502,2022-02-11 00:00:00+02:00,0.004614737,1.2781795,4.6461263,0.8792203,4.739947,0.030757492,7.797006
1503,2022-02-12 00:00:00+02:00,0.0007388705,0.6323874,2.4918587,1.0938629,2.983863,0.0790468,3.4595363
1504,2022-02-13 00:00:00+02:00,0.006854964,2.8416576,8.34723,1.240419,8.687648,0.06412691,8.335697
1505,2022-02-14 00:00:00+02:00,0.3092191,3.4196615,9.440818,1.3714465,8.423594,0.098282896,8.844981
1506,2022-02-15 00:00:00+02:00,0.8410663,6.5349402,15.244864,1.461876,9.923122,0.03210358,14.804229
1507,2022-02-16 00:00:00+02:00,0.5381067,7.626534,16.822462,1.5297794,12.542965,0.029763376,14.238183
1508,2022-02-17 00:00:00+02:00,0.06533768,1.4318422,5.286768,0.82215625,7.323061,0.029504323,6.3129025
1509,2022-02-18 00:00:00+02:00,0.0021783535,0.8009823,3.3141403,0.89528924,3.6525486,0.07861495,6.008428
1510,2022-02-19 00:00:00+02:00,0.036718655,1.0639838,3.744856,0.86262465,4.9965444,0.07987393,5.514419
1511,2022-02-20 00:00:00+02:00,0.0022992038,2.031031,5.603546,0.9794786,5.4260106,0.038440414,7.3297195
1512,2022-02-21 00:00:00+02:00,0.0025747337,1.3652091,4.893337,0.81573147,5.2283387,0.083790876,5.4913697
1513,2022-02-22 00:00:00+02:00,0.002985366,0.9930611,3.6440208,0.95642775,4.5332327,0.07467499,4.676183
1514,2022-02-23 00:00:00+02:00,0.004288603,1.8768663,4.5944424,1.005631,6.7276845,0.013627737,5.695769
1515,2022-02-24 00:00:00+02:00,0.0024911691,1.510332,3.986818,1.0240886,5.6215,0.054262787,5.151859
1516,2022-02-25 00:00:00+02:00,0.0016789199,2.20332,7.0655923,1.1137131,7.0157127,0.076790705,10.97516
1517,2022-02-26 00:00:00+02:00,0.0010302676,1.7304143,5.406978,1.0644927,5.0217166,0.056168657,8.443172
1518,2022-02-27 00:00:00+02:00,0.00059941347,0.5187005,1.7618748,1.1225833,2.40341,0.041201,2.633702
1519,2022-02-28 00:00:00+02:00,0.0010131852,0.88676935,2.361732,1.1113731,3.3418615,0.06416547,3.2368603
1520,2022-03-01 00:00:00+02:00,0.004856136,1.1626863,2.4696503,1.0469347,3.2689962,0.17857982,3.213935
1521,2022-03-02 00:00:00+02:00,0.027121076,3.0464945,7.405832,1.1107777,5.836153,0.1370442,7.081942
1522,2022-03-03 00:00:00+02:00,0.031627204,4.878872,10.382467,1.3898007,8.057072,0.04582408,12.4144335
1523,2022-03-04 00:00:00+02:00,0.00083320914,1.2991304,3.8147337,1.0021986,3.482189,0.037483152,5.976354
1524,2022-03-05 00:00:00+02:00,0.00013731427,0.6557384,2.3696666,1.0475863,2.3857505,0.10891354,4.3842297
1525,2022-03-06 00:00:00+02:00,0.0007293876,1.8859549,5.0920844,1.0360489,3.3709538,0.13761249,6.7438374
1526,2022-03-07 00:00:00+02:00,0.0005966801,0.9053332,2.5622551,0.9216495,3.1412268,0.08354062,3.6627083
1527,2022-03-08 00:00:00+02:00,0.0015411697,1.0002869,2.5369582,1.0918229,4.09633,0.075903066,3.0302732
1528,2022-03-09 00:00:00+02:00,0.0011762507,1.2276658,2.8945134,1.087216,4.1676154,0.09185627,3.271926
1529,2022-03-10 00:00:00+02:00,0.00011269286,0.8587637,3.1162012,1.1022719,2.9501455,0.06504359,2.9777153
1530,2022-03-11 00:00:00+02:00,0.0005820548,0.866563,2.8524456,1.0770961,2.9985476,0.20204572,3.6394575
1531,2022-03-12 00:00:00+02:00,0.0010546391,3.2515478,7.1057224,1.1190838,5.3224196,0.1673575,7.149854
1532,2022-03-13 00:00:00+02:00,0.004042008,2.8961687,6.4666443,1.16512,5.588898,0.10399539,6.3984866
1533,2022-03-14 00:00:00+02:00,0.005826533,2.956706,6.220625,1.2175485,5.1672654,0.1926652,4.909328
1534,2022-03-15 00:00:00+02:00,0.009852705,3.9458942,8.114002,1.451128,6.468666,0.28265113,8.429355
1535,2022-03-16 00:00:00+02:00,0.008401213,4.733922,9.501851,1.8091205,8.613027,0.2504893,10.661845
1536,2022-03-17 00:00:00+02:00,0.0013709011,2.374582,5.1388125,1.4352487,6.2918835,0.16415235,6.210212
1537,2022-03-18 00:00:00+02:00,0.004311366,3.104847,6.602073,1.6922108,5.1395297,0.10957155,8.674845
1538,2022-03-19 00:00:00+02:00,0.010490944,5.880656,12.38596,1.8522738,6.654471,0.16890143,17.65624
1539,2022-03-20 00:00:00+02:00,0.17080307,6.2765255,12.528164,1.8835372,6.0995593,0.13044061,16.559109
1540,2022-03-21 00:00:00+02:00,0.042622626,1.1919535,4.565823,0.79685384,3.9433708,0.24730538,6.8403096
1541,2022-03-22 00:00:00+02:00,0.07223836,2.4640396,6.212216,0.990117,5.002822,0.38935435,8.906272
1542,2022-03-23 00:00:00+02:00,0.44736576,10.160071,20.655613,2.0546734,9.463943,0.36167726,26.662651
1543,2022-03-24 00:00:00+02:00,0.96135473,4.6001534,9.929449,1.992113,6.350267,0.13737062,15.620827
1544,2022-03-25 00:00:00+02:00,2.7407515,7.315916,14.874761,1.8414613,6.722585,0.26726165,20.322157
1545,2022-03-26 00:00:00+02:00,0.49917534,3.9641707,8.239824,1.1885536,4.195058,0.12714405,10.300129
1546,2022-03-27 00:00:00+02:00,0.0039029252,0.45623335,2.2542913,1.0915879,2.660499,0.16802672,3.8192425
1547,2022-03-28 00:00:00+03:00,0.55459636,3.482107,8.069068,0.8743139,4.1737247,0.2721809,12.47507
1548,2022-03-29 00:00:00+03:00,0.23724681,2.0562222,5.2539,0.99318314,3.3033924,0.16086222,6.9026756
1549,2022-03-30 00:00:00+03:00,0.0025319578,0.48156998,1.5681537,1.0279772,2.5679445,0.12114909,2.7961123
1550,2022-03-31 00:00:00+03:00,0.0042031123,0.8807611,2.6560419,1.0661013,2.5686502,0.13795616,4.421475
1551,2022-04-01 00:00:00+03:00,0.012194894,0.7618105,2.1906197,1.1210667,2.30914,0.07626883,3.9397094
1552,2022-04-02 00:00:00+03:00,0.12899466,2.8516104,5.5024743,1.4651228,4.4480586,0.11309236,7.245333
1553,2022-04-03 00:00:00+03:00,0.012564094,2.0674121,5.170461,1.469957,3.711731,0.32397243,6.678839
1554,2022-04-04 00:00:00+03:00,0.025097018,3.9515278,7.4992027,1.1319553,5.369701,0.5446009,10.49713
1555,2022-04-05 00:00:00+03:00,0.01953153,3.2054784,6.6161027,1.0729953,5.0163846,0.2541112,8.846913
1556,2022-04-06 00:00:00+03:00,0.0050069992,2.0568926,4.5471625,1.08715,4.3701844,0.29273358,5.8309646
1557,2022-04-07 00:00:00+03:00,0.12522362,8.600498,12.853039,1.2581469,8.838014,0.7130664,13.707104
1558,2022-04-08 00:00:00+03:00,0.067055866,3.681989,6.4858017,1.2639872,5.819423,0.46201703,8.986119
1559,2022-04-09 00:00:00+03:00,0.01965234,4.035255,7.039391,1.3679605,5.47907,0.47119796,9.416947
1560,2022-04-10 00:00:00+03:00,0.0088862665,2.5348785,5.5558357,1.3041102,4.634106,0.44635722,8.760805
1561,2022-04-11 00:00:00+03:00,0.007145852,2.2833326,5.0564675,1.1591831,3.543748,0.338923,9.187287
1562,2022-04-12 00:00:00+03:00,0.007101376,2.19193,4.924084,1.2094721,3.792329,0.370923,7.708985
1563,2022-04-13 00:00:00+03:00,0.015839243,1.5856637,3.8955777,1.4995135,3.9138944,0.42686597,7.07539
1564,2022-04-14 00:00:00+03:00,0.08222584,3.182538,6.2922115,1.9921216,4.7021847,0.86107546,10.636377
1565,2022-04-15 00:00:00+03:00,0.14438108,5.5905247,9.969699,2.0168972,7.5139847,0.58320695,13.518506
1566,2022-04-16 00:00:00+03:00,0.025473105,1.5478458,3.267152,1.3095359,3.822977,0.24309182,4.3613515
1567,2022-04-17 00:00:00+03:00,0.02395332,1.0104047,2.3725991,1.1051565,2.66619,0.23776801,3.4088795
1568,2022-04-18 00:00:00+03:00,0.021431206,0.6901789,2.2916358,1.068619,2.5058868,0.23971097,3.339632
1569,2022-04-19 00:00:00+03:00,0.29244864,1.9251615,5.5496273,1.6591023,5.509886,0.15690312,6.9369965
1570,2022-04-20 00:00:00+03:00,1.5334429,2.0933552,7.9019446,1.5542684,5.0235705,0.154772,10.242957
1571,2022-04-21 00:00:00+03:00,1.5044252,1.6884874,6.3850994,1.2122917,4.7012014,0.23455727,11.228016
1572,2022-04-22 00:00:00+03:00,0.2329656,4.60307,8.052214,2.2999046,5.8337035,0.20859908,9.726661
1573,2022-04-23 00:00:00+03:00,0.1280517,2.008783,4.9529552,2.3116248,7.7919564,0.11467963,5.4003234
1574,2022-04-24 00:00:00+03:00,0.17132194,1.7244803,4.3111787,2.182926,7.7119884,0.24107821,4.0140657
1575,2022-04-25 00:00:00+03:00,0.24742888,1.8496591,4.7695293,2.4559183,6.9477096,0.3445675,4.6917386
1576,2022-04-26 00:00:00+03:00,0.24614118,2.0315344,4.620136,1.7550949,4.8325996,0.3787913,6.459324
1577,2022-04-27 00:00:00+03:00,0.02205572,1.2184966,3.071789,0.846646,2.5173328,0.4322485,5.0873284
1578,2022-04-28 00:00:00+03:00,0.0064798878,0.8796261,2.328182,0.94647676,2.5025065,0.4448223,4.524814
1579,2022-04-29 00:00:00+03:00,0.02362107,1.8841294,4.1034436,1.064841,2.937074,0.5689288,6.122906
1580,2022-04-30 00:00:00+03:00,0.022194056,1.0127699,2.9730937,0.9050651,2.3290908,0.5076489,4.893159
1581,2022-05-01 00:00:00+03:00,0.023527803,0.42369652,2.3016436,0.8803418,1.9297498,0.3879492,4.428835
1582,2022-05-02 00:00:00+03:00,0.17126822,6.6881866,10.448012,1.8744966,4.6058803,0.70451087,14.262157
1583,2022-05-03 00:00:00+03:00,0.11572523,2.8875873,5.1174045,1.2606028,3.6093426,0.5599466,8.492499
1584,2022-05-04 00:00:00+03:00,0.01123052,0.65735227,2.1105385,0.83369327,1.9037365,0.45665076,4.182298
1585,2022-05-05 00:00:00+03:00,0.022734908,1.7998524,3.6307936,1.2557799,2.9585037,0.67329526,5.830769
1586,2022-05-06 00:00:00+03:00,0.069012724,2.9018624,5.718905,1.892395,4.6980395,0.70530146,8.936297
1587,2022-05-07 00:00:00+03:00,0.11295137,4.322467,7.747415,1.6756667,4.630609,0.61983544,12.359769
1588,2022-05-08 00:00:00+03:00,0.05015358,2.7398043,4.8317633,0.98919123,3.3995116,0.50431687,6.2454224
1589,2022-05-09 00:00:00+03:00,0.03333634,0.667533,2.6002893,0.85432607,2.079442,0.53421235,4.272809
1590,2022-05-10 00:00:00+03:00,0.053065956,1.0619599,3.3642645,1.0797035,3.1332865,0.722892,5.659518
1591,2022-05-11 00:00:00+03:00,0.07259304,4.4388375,8.27458,2.0119295,5.665483,1.2114432,14.253136
1592,2022-05-12 00:00:00+03:00,0.28043815,5.7638974,10.391222,2.3315306,7.280833,0.6705339,13.872799
1593,2022-05-13 00:00:00+03:00,0.020063542,1.9884439,4.7962685,0.93318504,2.8176596,0.5968171,9.266043
1594,2022-05-14 00:00:00+03:00,0.16218267,3.7172432,7.5096607,1.1612926,3.679683,0.32205522,11.601616
1595,2022-05-15 00:00:00+03:00,0.052079473,1.4292017,4.6176324,0.8111257,2.84989,0.6894025,6.7145505
1596,2022-05-16 00:00:00+03:00,0.012172495,0.81564134,2.6816332,0.94062567,2.730203,0.6459854,4.639604
1597,2022-05-17 00:00:00+03:00,0.009382018,0.6072096,2.00483,0.7832857,2.3573291,0.49412668,3.5715377
1598,2022-05-18 00:00:00+03:00,0.020304538,1.1516975,3.0154274,1.1425034,3.376304,0.8928868,4.4650483
1599,2022-05-19 00:00:00+03:00,0.17969954,2.365729,5.4085426,1.3575988,4.3512588,0.937995,9.203455
1600,2022-05-20 00:00:00+03:00,0.3550503,4.919768,10.006879,2.3841789,7.6245313,1.2442106,16.658598
1601,2022-05-21 00:00:00+03:00,0.2312756,2.3923955,5.2961674,1.9693941,5.3177443,0.14251776,5.423897
1602,2022-05-22 00:00:00+03:00,0.012844202,1.8852454,4.3519244,1.9695662,5.5114174,0.27592453,5.5831203
1603,2022-05-23 00:00:00+03:00,0.026650703,0.83031255,3.1821182,1.3206208,3.7105608,0.57882065,5.71921
1604,2022-05-24 00:00:00+03:00,0.06002711,0.9512872,3.190707,1.2759264,4.159293,0.7108739,5.4302287
1605,2022-05-25 00:00:00+03:00,0.13249572,1.5324067,4.3575644,1.5527477,4.957967,0.9049615,7.0206146
1606,2022-05-26 00:00:00+03:00,0.070318274,2.3716466,4.7410035,2.041804,4.769215,0.34899375,6.7776895
1607,2022-05-27 00:00:00+03:00,0.038080003,1.5451556,4.5464673,0.9171881,2.9019406,0.4762611,10.037349
1608,2022-05-28 00:00:00+03:00,0.012649033,1.6396852,4.4097023,0.8266112,2.8080513,0.4302496,8.184044
1609,2022-05-29 00:00:00+03:00,0.057022616,1.8792337,4.531133,1.3661712,4.5967765,0.43284675,5.489097
1610,2022-05-30 00:00:00+03:00,0.12799762,1.6487168,4.097366,1.856019,5.788774,0.42858586,5.444859
1611,2022-05-31 00:00:00+03:00,0.07118114,2.4777129,5.129006,2.2528718,5.9284644,0.42447284,7.8262534
1612,2022-06-01 00:00:00+03:00,0.047232594,4.7456264,7.0195656,3.0190156,5.76342,0.8075213,12.377109
1613,2022-06-02 00:00:00+03:00,0.091436714,4.977288,9.201751,3.791466,8.219012,0.43622673,10.922231
1614,2022-06-03 00:00:00+03:00,0.31092772,2.7545311,5.3771605,1.9563366,4.882469,0.4778779,9.522197
1615,2022-06-04 00:00:00+03:00,0.3381143,3.8799324,7.5147386,2.4718838,6.4372344,0.94299406,11.214549
1616,2022-06-05 00:00:00+03:00,0.27343765,1.4012794,4.569043,1.4957346,5.0604925,0.52750975,7.088758
1617,2022-06-06 00:00:00+03:00,0.15907362,1.3782868,4.5039344,1.4623036,5.816609,0.619527,6.4952106
1618,2022-06-07 00:00:00+03:00,0.24899077,2.2254496,5.9146314,1.6431336,6.9735146,1.06293,8.699355
1619,2022-06-08 00:00:00+03:00,0.27530548,2.4759839,6.345688,1.7169033,8.319888,0.8832061,7.9183745
1620,2022-06-09 00:00:00+03:00,0.33232424,3.9443026,7.6228585,1.881764,10.206866,0.3937299,8.675414
1621,2022-06-10 00:00:00+03:00,0.31562904,3.853892,8.01984,1.2963549,9.367578,0.6177782,9.723424
1622,2022-06-11 00:00:00+03:00,0.21546115,3.785136,6.7627244,1.7306709,10.136271,0.35723087,8.971379
1623,2022-06-12 00:00:00+03:00,0.12312451,2.578519,6.268711,1.6955624,6.791086,0.65071994,10.509737
1624,2022-06-13 00:00:00+03:00,0.09906754,1.555164,3.8374088,1.156619,4.0551677,0.4183544,7.0220523
1625,2022-06-14 00:00:00+03:00,0.056436095,0.9207693,2.9399416,1.1666318,3.9624884,0.1719591,4.4885707
1626,2022-06-15 00:00:00+03:00,0.031602327,1.2396421,3.6660278,1.0219723,3.6306498,0.4197445,5.4145465
1627,2022-06-16 00:00:00+03:00,0.05179411,1.7600665,4.3663883,1.3766416,4.7926993,0.43189207,6.140766
1628,2022-06-17 00:00:00+03:00,0.0703888,2.2420275,5.0709777,1.4616462,4.7918687,0.47277167,7.8563457
1629,2022-06-18 00:00:00+03:00,0.19491339,1.5252662,4.7039723,1.3073958,5.1540103,0.7574366,7.296186
1630,2022-06-19 00:00:00+03:00,2.1840754,2.2778928,7.701742,1.2971717,7.1523795,1.1948644,13.781819
1631,2022-06-20 00:00:00+03:00,2.311483,1.828962,6.254732,1.37982,7.9949,0.5912027,10.943545
1632,2022-06-21 00:00:00+03:00,0.33680332,0.69780564,3.1063821,1.560277,6.40329,0.04588857,3.4759018
1633,2022-06-22 00:00:00+03:00,0.04079375,1.2506152,3.8353415,1.6465163,6.028494,0.27832964,5.6226945
1634,2022-06-23 00:00:00+03:00,0.07076373,1.2681824,3.5893784,1.2591945,6.2349644,0.40559837,5.143259
1635,2022-06-24 00:00:00+03:00,0.08740275,1.7163023,5.093248,1.2583922,8.928374,0.8099317,7.1817603
1636,2022-06-25 00:00:00+03:00,0.24631321,1.1043128,5.0478034,1.3273252,8.779361,0.7376539,7.2580895
1637,2022-06-26 00:00:00+03:00,0.2955284,2.0721076,6.891094,1.3491474,9.42736,0.7358294,8.959379
1638,2022-06-27 00:00:00+03:00,0.4512967,2.337015,7.4732914,1.0539188,10.518776,0.8560179,10.050464
1639,2022-06-28 00:00:00+03:00,0.54593843,1.8077303,6.468229,1.0763048,10.558062,0.99098986,9.625609
1640,2022-06-29 00:00:00+03:00,0.48488736,2.2096107,7.6830044,1.6747208,11.714012,0.80106467,9.789641
1641,2022-06-30 00:00:00+03:00,0.40749156,2.4647875,5.921951,1.9405438,11.644471,0.7025404,8.568398
1642,2022-07-01 00:00:00+03:00,0.26003078,2.2034152,5.580364,1.4252626,12.924492,1.0325266,7.593659
1643,2022-07-02 00:00:00+03:00,0.17333233,1.9746442,6.820253,1.4231862,10.518301,0.99170905,8.54902
1644,2022-07-03 00:00:00+03:00,0.41158304,2.2000654,5.683994,1.7450309,10.72334,0.3382642,8.3409395
1645,2022-07-04 00:00:00+03:00,0.4324291,3.3673184,7.721702,1.5032988,10.137062,0.47377935,9.219828
1646,2022-07-05 00:00:00+03:00,0.23071809,3.1067703,6.7070365,1.5181994,6.6118207,0.806664,10.187551
1647,2022-07-06 00:00:00+03:00,0.05788641,1.2121572,3.5906696,1.3465174,4.853921,0.33568338,6.099212
1648,2022-07-07 00:00:00+03:00,0.02428986,1.9782759,4.233027,1.1632996,3.8521001,0.4537287,7.7348213
1649,2022-07-08 00:00:00+03:00,0.033065528,3.095753,5.603276,1.9794674,6.0876384,1.1796697,9.818683
1650,2022-07-09 00:00:00+03:00,0.028052615,1.5318006,3.6174877,1.139603,4.756332,0.29047915,5.104195
1651,2022-07-10 00:00:00+03:00,0.06908517,2.0364916,4.8122087,0.7673593,3.283449,0.250338,7.844654
1652,2022-07-11 00:00:00+03:00,0.040916204,2.5589373,5.5762825,1.2999413,5.4358964,0.44730392,7.8728194
1653,2022-07-12 00:00:00+03:00,0.1147362,0.8325484,3.3825026,1.8238597,8.479365,0.13575102,4.0619636
1654,2022-07-13 00:00:00+03:00,0.009984913,0.9979418,3.0793898,1.6501774,6.939775,0.3246999,3.7851593
1655,2022-07-14 00:00:00+03:00,0.20378356,2.7436292,6.2544084,1.3125141,5.0514493,0.36736345,9.523595
1656,2022-07-15 00:00:00+03:00,0.012969063,1.4332098,3.5392516,0.8639278,3.3159468,0.24037623,6.3161736
1657,2022-07-16 00:00:00+03:00,0.013620467,1.5052776,3.3695486,0.90256906,3.5858803,0.35897103,5.4611893
1658,2022-07-17 00:00:00+03:00,0.018184317,1.2759682,3.2951343,1.190154,4.779068,0.32888904,4.3827157
1659,2022-07-18 00:00:00+03:00,0.059432004,1.497448,3.7150505,0.9536968,4.075277,0.41905499,5.950211
1660,2022-07-19 00:00:00+03:00,0.46011066,2.5998058,6.3305836,1.400987,5.9942374,0.509972,9.377025
1661,2022-07-20 00:00:00+03:00,0.2862869,1.4252979,4.6612453,1.0948509,5.2030354,0.46021512,7.9180036
1662,2022-07-21 00:00:00+03:00,1.6312776,1.1051992,5.2900157,0.8725454,6.3854175,0.5651057,9.009423
1663,2022-07-22 00:00:00+03:00,2.6679547,1.5057373,7.518397,1.3352691,12.541032,0.749829,13.846314
1664,2022-07-23 00:00:00+03:00,2.1435695,4.61723,12.697652,1.643261,12.528605,1.2366558,18.45296
1665,2022-07-24 00:00:00+03:00,0.31010443,2.551081,6.18195,1.450015,7.103315,0.3727455,8.925757
1666,2022-07-25 00:00:00+03:00,0.16609596,1.0453975,3.4131868,0.87484217,5.253546,0.47017348,4.800726
1667,2022-07-26 00:00:00+03:00,0.24381697,2.1132174,5.540867,1.309096,6.362026,0.9242468,7.6222568
1668,2022-07-27 00:00:00+03:00,0.0834147,1.666607,4.2508326,1.0929896,4.510456,0.33598566,7.6762023
1669,2022-07-28 00:00:00+03:00,0.014028974,1.5850778,3.830293,1.1772982,4.397349,0.40596637,7.5141864
1670,2022-07-29 00:00:00+03:00,0.0136939725,0.7498452,2.3860042,0.8680827,3.9616747,0.33432308,3.7403526
1671,2022-07-30 00:00:00+03:00,0.017928837,0.45171854,1.9777908,0.97784185,4.1216817,0.48712274,3.392134
1672,2022-07-31 00:00:00+03:00,0.025938096,1.1972497,3.9621632,1.3446325,7.150028,0.5140002,5.4288864
1673,2022-08-01 00:00:00+03:00,0.09147167,1.835187,5.117686,1.4445359,10.695113,0.06693543,7.082903
1674,2022-08-02 00:00:00+03:00,0.029905261,1.5620079,3.8158944,1.4623585,7.03237,0.4775481,5.7874284
1675,2022-08-03 00:00:00+03:00,0.07837261,1.7108339,4.741768,1.29505,5.4642015,0.58736926,7.2844396
1676,2022-08-04 00:00:00+03:00,0.10905445,1.2963568,4.6586547,1.0645158,6.0330234,0.8141783,6.351925
1677,2022-08-05 00:00:00+03:00,0.17902435,2.494414,7.5610948,1.4748011,8.611782,0.6873154,10.768475
1678,2022-08-06 00:00:00+03:00,0.29340062,2.1193974,6.8525167,1.3293775,7.982105,0.6353614,8.909491
1679,2022-08-07 00:00:00+03:00,0.014139589,0.9492734,2.9820662,0.7107682,2.999622,0.49534276,5.097586
1680,2022-08-08 00:00:00+03:00,0.017343173,1.1324494,3.3691018,0.8745257,3.746318,0.57346016,6.7121186
1681,2022-08-09 00:00:00+03:00,0.012403503,1.7306066,4.2617507,1.3519489,4.947062,0.44293216,6.3607235
1682,2022-08-10 00:00:00+03:00,0.013627701,1.5981822,3.9034836,1.5914811,6.587609,0.2715968,5.5211906
1683,2022-08-11 00:00:00+03:00,0.017360894,1.2089375,3.6830673,1.6987988,6.9180274,0.25863162,5.060796
1684,2022-08-12 00:00:00+03:00,0.021099597,0.7633198,3.8160894,1.3601342,7.3200974,0.62520283,4.985463
1685,2022-08-13 00:00:00+03:00,0.023072781,1.0343617,4.8517246,1.408955,7.945165,0.7013287,6.178217
1686,2022-08-14 00:00:00+03:00,1.2811602,2.351291,9.157873,1.0945302,8.549519,0.35308078,12.898525
1687,2022-08-15 00:00:00+03:00,1.6719989,2.508404,8.849091,1.082426,8.414975,0.5317188,12.229138
1688,2022-08-16 00:00:00+03:00,2.1939595,2.4165723,8.123757,1.0605024,8.422525,0.52381736,11.829413
1689,2022-08-17 00:00:00+03:00,2.4640539,1.9710613,7.4294763,1.2403336,9.334996,0.65973043,12.198081
1690,2022-08-18 00:00:00+03:00,2.4389045,2.9061537,8.563636,1.2115914,9.4796,0.5229043,12.378056
1691,2022-08-19 00:00:00+03:00,4.7156606,3.5378425,14.92459,1.5176791,12.434338,3.8159559,20.789616
1692,2022-08-20 00:00:00+03:00,6.485008,3.742138,15.025378,1.938919,10.617227,1.5418965,20.990215
1693,2022-08-21 00:00:00+03:00,11.16952,4.5704074,18.969599,1.2752763,8.773591,0.32510278,26.56572
1694,2022-08-22 00:00:00+03:00,19.84496,4.4069514,24.460281,1.0717529,9.182911,0.51196754,38.80026
1695,2022-08-23 00:00:00+03:00,34.848377,3.0999072,30.22138,1.0190163,10.171863,0.8185823,53.160084
1696,2022-08-24 00:00:00+03:00,8.402383,3.871768,15.137534,0.9135368,9.080403,0.6450345,26.48426
1697,2022-08-25 00:00:00+03:00,6.0602,3.710468,13.765195,1.0068579,10.194188,0.65778166,21.378607
1698,2022-08-26 00:00:00+03:00,2.604567,2.4575138,9.171791,0.99078846,8.063605,0.70984745,12.2044115
1699,2022-08-27 00:00:00+03:00,1.4648477,3.42114,9.416485,0.7443165,8.073233,0.42390165,12.574422
1700,2022-08-28 00:00:00+03:00,1.5854374,3.6959727,8.855164,0.9029558,8.502374,0.36825714,11.865429
1701,2022-08-29 00:00:00+03:00,1.9867271,4.954703,11.848244,1.2344728,10.602344,0.727454,17.154684
1702,2022-08-30 00:00:00+03:00,0.44293353,1.9926286,5.369637,1.5569874,7.487922,0.24981324,7.9908605
1703,2022-08-31 00:00:00+03:00,0.024020554,0.605412,1.9959158,0.9674898,4.1962953,0.33464912,3.520345
1704,2022-09-01 00:00:00+03:00,0.005824972,0.3127296,1.7234645,0.71396285,2.586123,0.19243832,3.1320412
1705,2022-09-02 00:00:00+03:00,0.009813583,0.90859,2.5808976,0.80512637,2.627272,0.32678774,4.1634603
1706,2022-09-03 00:00:00+03:00,0.007533479,1.6217536,3.2337189,1.1125611,3.5581324,0.35340384,4.524629
1707,2022-09-04 00:00:00+03:00,0.0033405724,0.50191677,1.8759812,0.92256635,2.7650092,0.36759338,2.704056
1708,2022-09-05 00:00:00+03:00,0.018985651,0.40477324,1.8675938,0.8911495,2.544419,0.304859,2.9744604
1709,2022-09-06 00:00:00+03:00,0.022669254,0.89573246,2.8106384,1.0879616,2.9393532,0.3429723,4.3598943
1710,2022-09-07 00:00:00+03:00,0.02124055,1.6781944,4.042114,1.2488862,3.6470459,0.44020537,6.3595943
1711,2022-09-08 00:00:00+03:00,0.008327941,0.8714128,2.614968,1.0288144,3.3816087,0.2730561,3.5821126
1712,2022-09-09 00:00:00+03:00,0.0023250047,0.5621018,2.0029078,1.0453123,3.261618,0.55164367,2.9484053
1713,2022-09-10 00:00:00+03:00,0.011415633,1.2199303,3.7550342,1.3993062,4.32131,0.6764652,5.236449
1714,2022-09-11 00:00:00+03:00,0.0055163074,1.0718138,3.2508876,1.3616887,5.8450603,0.3202827,4.0360346
1715,2022-09-12 00:00:00+03:00,0.0050112675,1.5629126,3.2617495,1.6200522,7.246254,0.19630466,3.5870826
1716,2022-09-13 00:00:00+03:00,0.0069293175,1.8404397,3.8006697,1.506791,6.614288,0.19272466,4.8610463
1717,2022-09-14 00:00:00+03:00,0.034421284,3.9381254,7.1547084,1.724544,6.738238,0.28279915,9.121847
1718,2022-09-15 00:00:00+03:00,0.060779154,2.5055559,5.2942066,1.2325598,4.9926486,0.39856875,9.215669
1719,2022-09-16 00:00:00+03:00,0.021047795,1.4897876,4.116128,0.8311956,3.3828773,0.5762994,8.586425
1720,2022-09-17 00:00:00+03:00,0.0053838375,2.3748503,4.8483562,1.1166204,5.2590737,0.72493,8.352611
1721,2022-09-18 00:00:00+03:00,0.021412611,1.3780314,3.5515664,1.6267447,5.5961056,0.22389013,4.899222
1722,2022-09-19 00:00:00+03:00,0.19380759,0.96425223,3.059968,1.2887589,4.132341,0.2510041,4.433887
1723,2022-09-20 00:00:00+03:00,0.22837019,1.2758781,3.3902566,1.001518,4.1152215,0.26790634,4.4923916
1724,2022-09-21 00:00:00+03:00,0.11379676,1.2272307,3.6895058,1.4272562,5.0188026,0.22997431,4.7764916
1725,2022-09-22 00:00:00+03:00,0.06511761,1.4122785,3.5170553,1.6351652,6.476131,0.08043795,4.367689
1726,2022-09-23 00:00:00+03:00,0.07608715,1.3865247,3.5623147,1.6873773,4.8296247,0.12948541,4.671634
1727,2022-09-24 00:00:00+03:00,0.14434908,1.6465527,4.0278964,1.5961941,4.9815326,0.22022001,5.7645535
1728,2022-09-25 00:00:00+03:00,0.14130817,3.4585888,5.7054257,1.4685283,4.731341,0.30307156,8.266048
1729,2022-09-26 00:00:00+03:00,0.168401,5.55765,8.548448,1.8669993,6.1951623,0.41987088,12.072663
1730,2022-09-27 00:00:00+03:00,0.14896967,5.0305743,8.534269,2.5740352,8.682808,0.29604724,10.054339
1731,2022-09-28 00:00:00+03:00,0.06481756,3.1084776,6.2454314,2.081701,7.645323,0.18486995,6.7737308
1732,2022-09-29 00:00:00+03:00,0.003645919,4.48571,7.5807576,1.5521113,9.987401,0.19166888,7.924458
1733,2022-09-30 00:00:00+03:00,0.0017389362,5.424034,8.162581,1.5799724,8.445618,0.23955898,8.519322
1734,2022-10-01 00:00:00+03:00,0.0042285216,5.5599713,8.314329,1.7701496,7.194426,0.29823938,9.124625
1735,2022-10-02 00:00:00+03:00,0.004769377,6.0939236,9.027535,2.0799184,8.020743,0.15425067,10.817212
1736,2022-10-03 00:00:00+03:00,0.014444064,1.496935,3.410669,1.4570154,4.7004075,0.060023237,4.221674
1737,2022-10-04 00:00:00+03:00,0.021108089,1.5870625,3.8169868,1.5175239,4.5338106,0.1409152,5.3289466
1738,2022-10-05 00:00:00+03:00,0.019943012,3.6686056,7.0054984,1.1260451,6.592567,0.393664,9.229611
1739,2022-10-06 00:00:00+03:00,0.14603269,7.030527,11.408301,1.418893,9.650454,0.64745474,12.400204
1740,2022-10-07 00:00:00+03:00,0.014843331,2.7170966,5.860411,0.9962983,4.62443,0.7290372,11.348458
1741,2022-10-08 00:00:00+03:00,2.8382242,7.727303,13.220619,2.3357382,9.36332,0.6499406,19.198315
1742,2022-10-09 00:00:00+03:00,0.31396997,3.1338923,6.346563,1.0976366,5.264126,0.3031659,9.475269
1743,2022-10-10 00:00:00+03:00,0.0011977259,0.82917213,2.387951,0.5739283,2.7158973,0.26562533,3.8406718
1744,2022-10-11 00:00:00+03:00,0.15491371,2.7528284,6.041469,1.0987935,5.4965687,0.4026024,8.421783
1745,2022-10-12 00:00:00+03:00,0.0013211557,1.0396885,3.7947416,0.72707635,2.655795,0.28873888,7.7223935
1746,2022-10-13 00:00:00+03:00,0.005343005,1.1909865,2.915243,0.71110576,2.5807402,0.15989853,5.148272
1747,2022-10-14 00:00:00+03:00,0.16918921,4.0966763,7.0751953,1.2830036,4.960977,0.35489336,9.425078
1748,2022-10-15 00:00:00+03:00,0.87666553,9.472503,15.318889,2.7535436,9.64014,0.24818645,18.813038
1749,2022-10-16 00:00:00+03:00,0.6105422,10.058782,15.852745,2.0327208,8.715041,0.33354,16.196108
1750,2022-10-17 00:00:00+03:00,0.067626506,4.710554,8.226424,0.9529472,6.539187,0.7499227,10.155131
1751,2022-10-18 00:00:00+03:00,0.5600375,5.7334595,9.870168,1.0553813,8.853255,0.46734297,9.375014
1752,2022-10-19 00:00:00+03:00,0.006162193,0.8137246,2.3053386,0.66459394,3.1966534,0.21374644,4.07414
1753,2022-10-20 00:00:00+03:00,0.00040524066,0.6795115,2.1371233,0.72209406,2.4480944,0.31464186,2.9517927
1754,2022-10-21 00:00:00+03:00,0.0019527231,1.9481772,3.5114412,0.82732993,3.606249,0.25246432,3.8034918
1755,2022-10-22 00:00:00+03:00,0.1373133,4.173927,7.8213277,1.3090018,7.1772575,0.3950427,8.689021
1756,2022-10-23 00:00:00+03:00,0.66356874,3.557699,8.204511,1.4976082,11.43682,0.112235345,9.88411
1757,2022-10-24 00:00:00+03:00,0.37274203,2.6920948,5.019081,1.0509382,7.1676064,0.057906624,6.722117
1758,2022-10-25 00:00:00+03:00,1.4024755,4.7906885,9.648907,1.1401895,9.808829,0.09890375,10.178592
1759,2022-10-26 00:00:00+03:00,0.15818742,3.8327312,6.3595715,0.916775,8.182727,0.10946459,8.056618
1760,2022-10-27 00:00:00+03:00,0.32146707,3.5994816,5.729328,0.9442119,6.814009,0.115684,6.47981
1761,2022-10-28 00:00:00+03:00,0.6117067,7.132044,11.087861,0.9777685,9.390795,0.13336577,12.040874
1762,2022-10-29 00:00:00+03:00,6.599974,8.186748,17.068346,1.062985,12.563343,0.2955711,20.035036
1763,2022-10-30 00:00:00+03:00,0.008600148,1.2837166,3.6081772,0.5632744,3.367923,0.2830486,6.177859
1764,2022-10-31 00:00:00+02:00,0.017452938,0.21106274,0.9437947,0.6067169,2.0638335,0.18551956,1.8120815
1765,2022-11-01 00:00:00+02:00,0.1546463,0.44042403,0.9939872,0.5117711,2.534029,0.12322651,2.3879712
1766,2022-11-02 00:00:00+02:00,2.5883863,4.6608987,9.839257,1.2870278,10.788276,0.02554319,12.881432
1767,2022-11-03 00:00:00+02:00,0.21305756,2.8681095,5.7266026,0.8474839,7.6567864,0.050698012,8.135497
1768,2022-11-04 00:00:00+02:00,0.054405626,2.2090828,4.1398406,0.8654111,6.500748,0.051519513,5.6632075
1769,2022-11-05 00:00:00+02:00,0.30387014,3.22268,5.6930466,1.11258,7.6834188,0.075694695,7.4984775
1770,2022-11-06 00:00:00+02:00,0.14336912,1.768329,4.074726,1.0077038,7.5927215,0.024576971,4.932627
1771,2022-11-07 00:00:00+02:00,0.2159424,3.1371782,6.3431163,1.1349441,8.938215,0.037361544,6.3929343
1772,2022-11-08 00:00:00+02:00,0.013265406,4.689914,10.1571665,0.6901675,8.705243,0.05809955,11.741833
1773,2022-11-09 00:00:00+02:00,0.22543143,5.3819222,10.765317,1.0235693,10.310376,0.13724062,9.410625
1774,2022-11-10 00:00:00+02:00,0.16054834,4.4568286,9.692168,0.93530816,11.439807,0.055311337,7.637091
1775,2022-11-11 00:00:00+02:00,0.00639534,3.1977756,7.001941,0.52105415,7.7638226,0.024286387,9.108126
1776,2022-11-12 00:00:00+02:00,0.054721687,2.5622187,6.352192,0.36560476,5.5970306,0.051922068,9.622785
1777,2022-11-13 00:00:00+02:00,0.015932739,0.7061328,2.0167964,0.46759114,2.3894243,0.066636674,2.8689957
1778,2022-11-14 00:00:00+02:00,0.0033100406,0.33647656,1.2814457,0.52794236,2.4305332,0.07803663,2.3677552
1779,2022-11-15 00:00:00+02:00,0.06438018,3.3774655,6.274819,0.70189375,7.2465453,0.017028326,6.279614
1780,2022-11-16 00:00:00+02:00,0.0063986373,0.84356266,2.6506956,0.6511194,6.3045044,0.02291852,2.369377
1781,2022-11-17 00:00:00+02:00,0.0039872797,1.3746371,2.8052003,0.6781092,6.5967736,0.0107291015,2.8326387
1782,2022-11-18 00:00:00+02:00,0.00063491147,1.4975452,3.4438522,0.651748,7.2009873,0.010349411,3.3009012
1783,2022-11-19 00:00:00+02:00,0.002292358,1.7949125,3.8803816,0.80095786,7.4209857,0.0070507373,4.092383
1784,2022-11-20 00:00:00+02:00,0.002902001,2.6554575,5.118636,0.918987,8.004931,0.017424667,4.7433352
1785,2022-11-21 00:00:00+02:00,0.0075068325,2.8348825,4.6148143,1.0270878,9.176762,0.009830552,5.4422398
1786,2022-11-22 00:00:00+02:00,0.022272721,1.9435325,4.0836196,1.0199994,8.535886,0.004613225,2.7605736
1787,2022-11-23 00:00:00+02:00,0.035339043,0.9128658,2.099394,0.87982875,5.600697,0.002951334,1.4308633
1788,2022-11-24 00:00:00+02:00,0.18453646,1.6949406,4.3426385,0.968549,9.395541,0.0035805504,3.7152967
1789,2022-11-25 00:00:00+02:00,0.07484981,1.8877101,4.949925,1.0419922,12.674703,0.0058587487,3.2432938
1790,2022-11-26 00:00:00+02:00,0.044256985,2.1461294,5.3556557,0.9607217,13.117828,0.0041411445,4.229739
1791,2022-11-27 00:00:00+02:00,0.018634021,1.2949148,4.4863114,0.9680359,13.9925165,0.001491821,3.1145113
1792,2022-11-28 00:00:00+02:00,0.024043098,1.3397999,3.970836,1.1164302,13.4763365,0.0042918758,3.1138184
1793,2022-11-29 00:00:00+02:00,0.1947373,2.2283075,5.2177014,1.0395898,10.796535,0.015280119,4.058798
1794,2022-11-30 00:00:00+02:00,1.2910988,1.611998,5.5102897,0.8920221,6.879147,0.007000989,5.5577884
1795,2022-12-01 00:00:00+02:00,2.1924603,1.8669657,6.0347404,0.7994572,6.338102,0.0196742,7.1894474
1796,2022-12-02 00:00:00+02:00,1.0846999,2.7991745,5.5499167,0.80359674,5.0379157,0.010550243,6.846535
1797,2022-12-03 00:00:00+02:00,0.6584782,3.4842968,7.5652976,0.7733961,6.0990047,0.009806313,8.79703
1798,2022-12-04 00:00:00+02:00,0.9971044,4.916411,9.257848,0.832999,6.4775367,0.0041970755,11.3118515
1799,2022-12-05 00:00:00+02:00,0.59588176,4.346971,8.609377,0.8828328,6.7036877,0.0051185456,10.587736
1800,2022-12-06 00:00:00+02:00,0.38858223,4.105541,8.410179,0.84212726,8.376222,0.0012974965,10.076476
1801,2022-12-07 00:00:00+02:00,0.1196335,1.9740878,5.740925,0.8230619,14.255786,0.0024097136,5.2425823
1802,2022-12-08 00:00:00+02:00,0.017911043,2.282389,5.4170303,0.7716091,8.414024,0.0101619745,4.845754
1803,2022-12-09 00:00:00+02:00,0.015203568,3.1069593,9.351256,0.8347204,18.437626,0.002898454,8.916308
1804,2022-12-10 00:00:00+02:00,0.018013261,1.8147312,4.390996,1.2509068,15.113601,0.0021027941,3.7439547
1805,2022-12-11 00:00:00+02:00,0.041703407,0.93068105,3.3170483,1.0564573,9.9014435,0.001156216,2.8307092
1806,2022-12-12 00:00:00+02:00,0.03001886,0.64725924,3.4422944,0.8424005,6.8568096,0.006917913,3.494374
1807,2022-12-13 00:00:00+02:00,0.0129323555,0.53125006,2.0502045,0.87217003,4.606525,0.016626375,2.7130387
1808,2022-12-14 00:00:00+02:00,0.024701292,1.0369071,2.6425607,0.93357205,5.1214104,0.011540428,2.6379058
1809,2022-12-15 00:00:00+02:00,0.02897258,2.7238445,5.996182,1.2736504,11.505352,0.0075386814,5.8406568
1810,2022-12-16 00:00:00+02:00,0.025016546,1.8601435,3.6099834,1.1425706,6.694821,0.011793346,2.6952283
1811,2022-12-17 00:00:00+02:00,0.021446953,1.3513389,2.3567004,1.0549699,6.046694,0.009109416,1.6707417
1812,2022-12-18 00:00:00+02:00,0.010755067,1.2289714,3.1742668,0.9658878,5.625769,0.00877959,3.6593542
1813,2022-12-19 00:00:00+02:00,0.0065850313,0.8139973,2.3674583,0.90103674,3.9475021,0.04119501,1.4385196
1814,2022-12-20 00:00:00+02:00,0.010981063,3.7852592,10.891765,0.88694686,13.704917,0.0105280755,8.458626
1815,2022-12-21 00:00:00+02:00,0.040882953,4.3235755,11.489475,0.73658085,14.251491,0.0208436,7.662148
1816,2022-12-22 00:00:00+02:00,0.014358376,2.8065326,7.244446,0.7029345,13.791958,0.0018292954,4.7309194
1817,2022-12-23 00:00:00+02:00,0.01296991,2.852236,7.2639346,0.7503528,12.957492,0.0016842874,5.861222
1818,2022-12-24 00:00:00+02:00,0.00063115446,0.85764503,1.9514537,0.75686526,5.3487267,0.010323794,2.5289233
1819,2022-12-25 00:00:00+02:00,0.00018590699,0.4368057,1.0936383,0.8483536,4.2430167,0.023543319,1.564005
1820,2022-12-26 00:00:00+02:00,0.0032445074,1.3255341,3.268027,0.71355325,9.376525,0.0098253675,3.607809
1821,2022-12-27 00:00:00+02:00,0.00652607,1.4933585,4.321156,0.6409894,5.746107,0.016697489,6.3731303
1822,2022-12-28 00:00:00+02:00,0.0004542096,1.6022488,4.237407,0.70815945,6.666798,0.009648691,6.391159
1823,2022-12-29 00:00:00+02:00,0.11227628,3.4149454,7.5162244,0.6284777,10.034199,0.02538383,6.531259
1824,2022-12-30 00:00:00+02:00,0.33467117,3.3472703,7.288672,0.6975445,7.7660346,0.026706599,8.321933
1825,2022-12-31 00:00:00+02:00,0.21890225,3.3550828,7.9126353,0.65481806,8.944442,0.039137874,6.46343
1826,2023-01-01 00:00:00+02:00,0.17374894,1.6444651,4.6715307,0.2269598,5.069421,0.040165514,3.5595598
1827,2023-01-02 00:00:00+02:00,1.4278493,1.9534721,7.4357877,0.48679152,5.6987433,0.18281348,10.671802
1828,2023-01-03 00:00:00+02:00,0.6251884,1.4338984,4.3229556,0.4815103,5.3367486,0.081345536,5.9365253
1829,2023-01-04 00:00:00+02:00,0.00425196,0.89251417,2.524377,0.5720766,4.4858823,0.04925402,3.34364
1830,2023-01-05 00:00:00+02:00,0.017471964,0.8205535,3.302558,0.504042,9.000306,0.037664592,3.8310852
1831,2023-01-06 00:00:00+02:00,0.0023758193,0.57848847,1.8800865,1.0480144,3.1350965,0.022744862,1.4863386
1832,2023-01-07 00:00:00+02:00,0.0020641817,1.0510641,2.9926326,0.94701165,6.898495,0.14190628,2.5843947
1833,2023-01-08 00:00:00+02:00,0.0061902986,1.8745831,5.4125867,0.7001731,8.385956,0.05469969,6.0061398
1834,2023-01-09 00:00:00+02:00,0.06156923,3.1785972,7.358656,0.8289862,9.530563,0.01841958,10.474905
1835,2023-01-10 00:00:00+02:00,0.040029388,1.9565994,5.6687007,0.92233914,8.444564,0.027714746,7.9527016
1836,2023-01-11 00:00:00+02:00,0.025502192,1.7440575,4.369527,0.94542414,8.772721,0.01783779,3.3175726
1837,2023-01-12 00:00:00+02:00,0.018780714,3.2116423,8.234267,0.809737,10.463463,0.008840733,7.579138
1838,2023-01-13 00:00:00+02:00,0.0032155346,2.964857,8.357687,0.59923875,11.763787,0.017271372,7.3269095
1839,2023-01-14 00:00:00+02:00,0.0014134707,2.7921526,6.829717,0.60791373,8.586106,0.07086394,7.7391357
1840,2023-01-15 00:00:00+02:00,0.008198388,2.3135417,5.928392,0.77969176,8.447432,0.054723512,6.6866603
1841,2023-01-16 00:00:00+02:00,0.008647395,1.7594231,4.8135056,0.69994545,5.969708,0.056564797,5.9281955
1842,2023-01-17 00:00:00+02:00,0.038583763,2.8123996,7.1314836,1.1667761,8.956858,0.017761188,7.108853
1843,2023-01-18 00:00:00+02:00,0.03605673,1.7004997,4.7061996,0.8386269,8.440687,0.029811352,4.4812465
1844,2023-01-19 00:00:00+02:00,0.0052751713,0.8969522,3.2427366,0.81284404,7.854149,0.015105166,2.9845228
1845,2023-01-20 00:00:00+02:00,0.0045088553,0.5335289,1.8503178,0.792798,7.378443,0.015583082,1.8906084
1846,2023-01-21 00:00:00+02:00,0.6072508,1.6213216,5.3629355,0.8943031,9.940265,0.005655781,9.579276
1847,2023-01-22 00:00:00+02:00,1.6649064,2.3890932,9.859269,0.9837516,7.640774,0.002425616,12.396533
1848,2023-01-23 00:00:00+02:00,1.8841113,2.5548792,9.7938385,1.0682601,6.666983,0.00072786055,10.855156
1849,2023-01-24 00:00:00+02:00,0.844678,1.9993528,5.4734683,0.9750192,6.0997467,0.009873083,6.225849
1850,2023-01-25 00:00:00+02:00,0.35028818,1.9574281,5.222343,0.91593415,6.851295,0.0023008322,5.4990067
1851,2023-01-26 00:00:00+02:00,0.53969496,2.956824,9.004738,0.86173147,7.439614,0.009093886,4.8477464
1852,2023-01-27 00:00:00+02:00,0.16543542,2.1274707,6.121725,0.85166734,9.280023,0.013361049,4.65557
1853,2023-01-28 00:00:00+02:00,0.014585019,0.7858856,2.3964865,0.78798133,5.124151,0.017462768,2.9863164
1854,2023-01-29 00:00:00+02:00,0.0024837654,1.6443113,4.8754954,0.795332,5.247107,0.009900635,7.0658994
1855,2023-01-30 00:00:00+02:00,0.003938353,2.7629292,7.227219,0.651804,7.9349046,0.015013994,8.601735
1856,2023-01-31 00:00:00+02:00,0.0007992578,0.4362878,2.8123713,0.7681559,2.7757556,0.08357332,4.785246
1857,2023-02-01 00:00:00+02:00,0.00042092675,0.86370474,3.7683702,0.7891016,3.593864,0.049487345,3.7049732
1858,2023-02-02 00:00:00+02:00,0.00023464824,0.8120816,3.583889,0.84985304,4.683876,0.020077432,4.7806587
1859,2023-02-03 00:00:00+02:00,0.0008878258,0.6457705,2.07815,0.8504544,4.316252,0.088496976,3.126029
1860,2023-02-04 00:00:00+02:00,0.004921216,0.9073119,2.7166402,0.9855024,5.3464527,0.037390232,3.8954542
1861,2023-02-05 00:00:00+02:00,0.04686706,1.5877095,3.88443,1.3457102,8.318928,0.007428126,4.8847365
1862,2023-02-06 00:00:00+02:00,0.0036112869,0.9013154,2.5418017,0.8697023,4.2504525,0.051187698,4.1638207
1863,2023-02-07 00:00:00+02:00,0.002203171,0.50983065,2.1503139,0.75399643,3.0357573,0.026845919,3.6477737
1864,2023-02-08 00:00:00+02:00,0.0022146085,1.3571544,4.073568,0.82520324,4.774461,0.0843358,6.456392
1865,2023-02-09 00:00:00+02:00,0.04719789,2.8344774,7.9722404,1.1804127,8.22532,0.058830965,6.6781516
1866,2023-02-10 00:00:00+02:00,0.044053886,4.524035,11.873965,1.1329869,8.773399,0.07408356,12.687333
1867,2023-02-11 00:00:00+02:00,0.0018216142,2.069323,5.4736695,0.735756,6.803068,0.031872284,7.0641007
1868,2023-02-12 00:00:00+02:00,0.0024157192,0.49765,1.7327919,0.8219556,2.3703296,0.100166105,2.6200457
1869,2023-02-13 00:00:00+02:00,0.0119523,1.578549,3.7696092,0.56110936,3.9303389,0.027766006,5.2962394
1870,2023-02-14 00:00:00+02:00,0.008674393,0.43377817,1.8902406,0.7712247,2.8388155,0.0857627,3.9831455
1871,2023-02-15 00:00:00+02:00,0.031132808,0.7216513,1.972588,0.8044303,3.3693774,0.039405446,3.4049113
1872,2023-02-16 00:00:00+02:00,0.045694634,4.80534,9.566474,1.1775509,10.453884,0.0025727327,11.345899
1873,2023-02-17 00:00:00+02:00,0.35412148,7.1221046,17.215317,1.782416,21.406517,0.003869732,17.607916
1874,2023-02-18 00:00:00+02:00,0.024115125,0.47121584,2.2208712,0.7555106,4.9857907,0.07420833,3.681556
1875,2023-02-19 00:00:00+02:00,0.0008456248,0.20943029,1.4952812,0.8176648,1.9872559,0.14928725,3.064026
1876,2023-02-20 00:00:00+02:00,0.004356044,0.37442276,1.63577,0.7619517,2.9761999,0.09748872,2.7495534
1877,2023-02-21 00:00:00+02:00,0.0034048476,0.8379411,3.4452372,1.015596,5.1410747,0.07048264,5.6563416
1878,2023-02-22 00:00:00+02:00,0.015055358,2.709274,6.653761,2.0010629,10.093759,0.012850165,7.5268803
1879,2023-02-23 00:00:00+02:00,0.11356491,2.0650136,4.5131097,1.9401361,6.556742,0.11401255,4.8501754
1880,2023-02-24 00:00:00+02:00,0.23606326,3.9101894,10.506028,1.4285394,15.281072,0.022727357,11.544884
1881,2023-02-25 00:00:00+02:00,0.029876968,1.7543298,4.873489,0.9206422,6.375591,0.015584763,4.95454
1882,2023-02-26 00:00:00+02:00,0.07078753,1.0382065,3.3538513,1.346909,6.0850635,0.07803855,4.218568
1883,2023-02-27 00:00:00+02:00,0.05398956,0.8989399,2.5630903,1.159922,4.1273255,0.072649606,3.301505
1884,2023-02-28 00:00:00+02:00,0.0636921,1.0880336,2.6237288,0.97765064,3.403242,0.046485513,3.6312075
1885,2023-03-01 00:00:00+02:00,0.03268195,1.1455444,2.5461226,0.71377134,2.9409318,0.0062269256,3.714123
1886,2023-03-02 00:00:00+02:00,0.06877584,0.97835994,2.2276063,0.6879051,3.283108,0.11183491,3.6136532
1887,2023-03-03 00:00:00+02:00,0.008512342,0.7113094,2.2760327,0.8159706,3.0388105,0.16176362,4.7202106
1888,2023-03-04 00:00:00+02:00,0.0073359585,0.7804184,2.72805,0.83186764,2.5651782,0.1006381,4.465305
1889,2023-03-05 00:00:00+02:00,0.00015064383,0.269603,2.2101371,0.91266423,2.1368318,0.16877139,4.1997538
1890,2023-03-06 00:00:00+02:00,0.00090364093,0.72285753,3.2938392,0.9518988,2.7660694,0.13291946,5.771681
1891,2023-03-07 00:00:00+02:00,0.006076429,2.3363183,5.0143156,1.1144761,4.9902306,0.18591236,8.053147
1892,2023-03-08 00:00:00+02:00,0.01559185,2.7195399,5.601442,1.1627897,5.6019416,0.17936063,7.266089
1893,2023-03-09 00:00:00+02:00,0.001466466,0.92296344,2.4261544,1.2570491,3.5033877,0.09819541,3.931482
1894,2023-03-10 00:00:00+02:00,0.0039278916,1.3177289,2.9170609,1.4004668,5.7426276,0.049815472,3.9467957
1895,2023-03-11 00:00:00+02:00,0.020306705,4.480855,8.874753,1.6783391,9.4191675,0.04970196,10.508849
1896,2023-03-12 00:00:00+02:00,0.0008797306,0.90859765,2.8485577,1.2468846,3.657238,0.09903213,4.5436406
1897,2023-03-13 00:00:00+02:00,0.0038619095,2.9188802,5.880335,1.2501141,5.844071,0.20402998,7.7423873
1898,2023-03-14 00:00:00+02:00,0.40802586,5.1029286,9.611539,1.2308074,7.1725907,0.4521933,11.509086
1899,2023-03-15 00:00:00+02:00,0.029821867,2.2807708,5.0805287,1.18886,5.5763383,0.21050929,6.7146297
1900,2023-03-16 00:00:00+02:00,0.0025652752,1.1701901,3.041221,1.2516836,3.4848526,0.16194925,5.741938
1901,2023-03-17 00:00:00+02:00,0.0020037636,2.1241927,4.286493,1.3670678,4.883128,0.2724241,7.8399773
1902,2023-03-18 00:00:00+02:00,0.016729448,1.6708484,4.135901,1.7544764,4.807114,0.33113453,5.943999
1903,2023-03-19 00:00:00+02:00,0.103471436,4.1695027,8.720868,2.338753,6.6108623,0.42737457,10.519722
1904,2023-03-20 00:00:00+02:00,0.12578936,8.703792,15.387733,2.8379729,8.482562,0.6316223,19.947401
1905,2023-03-21 00:00:00+02:00,0.0020249838,2.0026972,3.5611527,1.3134391,6.161089,0.08625605,5.1975055
1906,2023-03-22 00:00:00+02:00,0.004012289,3.2039135,5.6114545,1.516622,6.341458,0.29589447,7.4185987
1907,2023-03-23 00:00:00+02:00,0.021863611,8.0009775,12.821957,1.8841187,9.285217,0.4257153,14.020817
1908,2023-03-24 00:00:00+02:00,0.015076979,4.0001154,6.973018,1.5237898,6.8814263,0.331314,10.40445
1909,2023-03-25 00:00:00+02:00,0.0049524275,2.611652,5.5756493,1.5701302,4.7453218,0.4430785,8.645432
1910,2023-03-26 00:00:00+02:00,0.0016285136,2.9402416,5.9565086,1.6595076,6.0913644,0.17311542,7.50656
1911,2023-03-27 00:00:00+03:00,0.002658488,1.3392797,3.0770967,1.2430674,4.047582,0.10507092,4.987747
1912,2023-03-28 00:00:00+03:00,0.0015001544,0.45994234,1.5465134,1.1608537,2.2721074,0.16339119,2.8453734
1913,2023-03-29 00:00:00+03:00,0.00066608045,0.5618681,1.728978,1.2167817,2.441551,0.11431352,3.3746798
1914,2023-03-30 00:00:00+03:00,0.094509445,5.0467787,9.449769,1.8344102,6.874012,0.24062032,14.164578
1915,2023-03-31 00:00:00+03:00,0.32430416,4.544749,9.871502,1.9126883,9.916624,0.11313358,12.088966
1916,2023-04-01 00:00:00+03:00,0.16456476,3.0774212,5.836352,1.4057697,7.5433936,0.10903027,8.409736
1917,2023-04-02 00:00:00+03:00,0.018434046,1.514227,4.2171173,1.9985334,6.5106277,0.13532327,5.168741
1918,2023-04-03 00:00:00+03:00,0.004542112,0.6088921,2.473735,1.2056836,2.6604745,0.25239292,5.0977693
1919,2023-04-04 00:00:00+03:00,0.009007319,1.0531709,3.1133187,1.5130882,4.293876,0.22041468,4.440539
1920,2023-04-05 00:00:00+03:00,0.025496377,1.4428436,3.1661475,1.8145486,4.5886464,0.25133422,4.177018
1921,2023-04-06 00:00:00+03:00,7.7838254,4.84926,14.827251,2.6841333,8.501821,0.16913779,21.777578
1922,2023-04-07 00:00:00+03:00,9.911117,4.3399634,16.013876,2.232746,7.9850197,0.49453947,19.824797
1923,2023-04-08 00:00:00+03:00,5.3230624,3.8079212,11.703778,2.472686,8.294384,0.57544583,16.667437
1924,2023-04-09 00:00:00+03:00,6.3687115,2.7531872,11.773013,2.4908588,7.74292,0.4715762,14.49409
1925,2023-04-10 00:00:00+03:00,4.7677455,2.9442475,10.120519,2.515481,6.745791,0.95135236,13.958663
1926,2023-04-11 00:00:00+03:00,2.7038538,2.1222336,7.2371864,1.9450458,5.191667,0.99749213,10.849269
1927,2023-04-12 00:00:00+03:00,1.0292869,1.7466832,6.144757,1.8528198,4.5479035,0.8299468,8.860057
1928,2023-04-13 00:00:00+03:00,2.1696508,2.2505755,7.4393287,1.2499079,5.0401955,0.5662653,9.813851
1929,2023-04-14 00:00:00+03:00,3.2367458,3.1566687,9.831819,1.7243227,5.669206,0.4183943,13.096438
1930,2023-04-15 00:00:00+03:00,1.6829106,2.9180534,11.712039,1.7607929,5.7943263,0.8074929,16.594568
1931,2023-04-16 00:00:00+03:00,2.3481464,2.9613936,8.9223,1.9130667,5.846453,0.505431,10.700273
1932,2023-04-17 00:00:00+03:00,1.2971792,5.441998,10.761773,2.2814076,6.1386547,0.49246112,13.096328
1933,2023-04-18 00:00:00+03:00,1.1257211,4.3986344,10.50192,2.5529978,5.7370796,0.41055396,13.955739
1934,2023-04-19 00:00:00+03:00,0.89558357,3.3678825,9.990508,2.84561,7.0873256,0.62069106,12.933148
1935,2023-04-20 00:00:00+03:00,0.66014975,3.1922607,9.656043,2.7029588,6.3807025,0.552738,12.781476
1936,2023-04-21 00:00:00+03:00,0.95417,1.3928438,5.755778,1.5464754,3.9936373,0.47237694,9.550488
1937,2023-04-22 00:00:00+03:00,2.2827408,2.0360644,6.0423665,1.3659896,4.2540298,0.8257579,11.556422
1938,2023-04-23 00:00:00+03:00,1.5842619,2.2553306,6.2568803,1.3488632,4.1553245,1.5031372,10.325732
1939,2023-04-24 00:00:00+03:00,0.6780568,2.0459106,6.1542363,1.7398705,4.885493,1.357554,10.200698
1940,2023-04-25 00:00:00+03:00,1.2874609,4.3288774,9.54787,2.5184648,5.760922,1.130699,14.051133
1941,2023-04-26 00:00:00+03:00,0.5541869,3.737505,6.7305455,2.25586,5.360594,0.46334016,10.853108
1942,2023-04-27 00:00:00+03:00,0.021828072,1.0697529,2.8080242,1.4333062,2.7653334,0.43310952,6.1342106
1943,2023-04-28 00:00:00+03:00,0.0057966374,1.4880514,3.4250145,1.1356353,2.616719,0.4014193,6.997111
1944,2023-04-29 00:00:00+03:00,0.006866107,2.5099566,5.091821,1.8158449,3.4755409,0.9839968,8.826097
1945,2023-04-30 00:00:00+03:00,0.017026635,2.1375816,4.835077,1.833167,3.930988,0.8484749,7.9504857
1946,2023-05-01 00:00:00+03:00,0.037479315,0.5697531,2.3530073,1.2670726,2.436631,0.46117175,4.383798
1947,2023-05-02 00:00:00+03:00,0.03449355,2.9319518,6.0452614,2.3174834,5.114923,1.1649863,9.715688
1948,2023-05-03 00:00:00+03:00,0.021000208,1.0431503,2.5509117,1.4760453,3.0846748,0.4876195,3.761343
1949,2023-05-04 00:00:00+03:00,0.036283135,1.1272756,3.075694,1.7606806,3.628105,0.52951676,4.9828715
1950,2023-05-05 00:00:00+03:00,0.00806775,0.36018074,1.7484452,1.2665163,2.7707694,0.48070374,3.3543327
1951,2023-05-06 00:00:00+03:00,0.008719844,0.59744596,2.279535,1.4220175,2.5673544,0.53644,3.5790455
1952,2023-05-07 00:00:00+03:00,0.014092501,0.8973014,2.43761,1.599337,2.9434128,0.74776465,4.547437
1953,2023-05-08 00:00:00+03:00,0.021912277,0.8918195,2.574312,1.6633407,3.0778675,0.8191843,4.6319942
1954,2023-05-09 00:00:00+03:00,0.020506438,1.6468048,3.59883,2.0238497,3.9315996,1.0622474,6.547178
1955,2023-05-10 00:00:00+03:00,0.01627765,1.9002131,4.3265767,2.1827514,4.707237,1.4880179,7.617209
1956,2023-05-11 00:00:00+03:00,0.021807805,2.9137037,5.4018664,2.8301308,4.9293942,0.80742025,8.697056
1957,2023-05-12 00:00:00+03:00,0.023499003,2.3879802,5.4179745,2.4851942,5.092522,1.1719348,9.2328825
1958,2023-05-13 00:00:00+03:00,0.029759958,2.7132742,5.968782,1.7707564,6.1148477,1.4368386,12.121314
1959,2023-05-14 00:00:00+03:00,0.038746726,2.9745903,5.9808517,1.5895482,5.444992,1.3068975,11.6406975
1960,2023-05-15 00:00:00+03:00,0.09513127,2.415405,5.8615108,1.3682694,6.0230584,1.627474,11.058537
1961,2023-05-16 00:00:00+03:00,1.0552473,3.8015935,7.889038,2.1890361,6.7638664,0.63128525,12.479511
1962,2023-05-17 00:00:00+03:00,0.48997423,3.6740189,6.2383065,2.4512312,6.587155,0.327531,9.587607
1963,2023-05-18 00:00:00+03:00,0.060319215,1.0772506,3.2708151,1.1415764,2.839256,0.5710811,5.3871837
1964,2023-05-19 00:00:00+03:00,0.029535525,0.4869996,2.507333,1.1195754,3.207616,0.7875256,4.2575574
1965,2023-05-20 00:00:00+03:00,0.031963218,0.6538425,3.0689383,1.6129686,4.719173,0.843738,5.4645715
1966,2023-05-21 00:00:00+03:00,0.035073135,0.6412744,3.384899,1.4750032,4.898463,0.72062445,6.017487
1967,2023-05-22 00:00:00+03:00,0.09540061,0.94532037,4.125264,1.5373653,5.552965,0.7074244,7.131056
1968,2023-05-23 00:00:00+03:00,0.21478285,1.3619852,4.963675,1.8650151,6.4396796,1.5588671,9.424602
1969,2023-05-24 00:00:00+03:00,0.4615035,1.7247229,6.328365,1.9688582,7.361136,1.6486745,11.105014
1970,2023-05-25 00:00:00+03:00,0.7580111,2.9678657,7.8787665,1.7931237,7.8535905,1.557993,13.266262
1971,2023-05-26 00:00:00+03:00,0.33079568,3.5955713,8.230582,1.7635714,5.296401,0.94604445,13.758519
1972,2023-05-27 00:00:00+03:00,0.013147942,0.33574328,2.8672886,0.92948,2.15069,0.3842187,5.805781
1973,2023-05-28 00:00:00+03:00,0.034682643,0.58793527,3.5234632,1.1894351,3.108116,0.5990838,6.612875
1974,2023-05-29 00:00:00+03:00,0.045711115,1.1977645,4.7401643,1.3613218,4.9159293,1.5073581,9.990801
1975,2023-05-30 00:00:00+03:00,0.04557099,1.4688616,4.8567896,1.3072723,3.8010635,0.8785498,9.384526
1976,2023-05-31 00:00:00+03:00,0.079530634,0.84994537,3.6773186,0.9454916,3.1698601,0.63805133,6.4714985
1977,2023-06-01 00:00:00+03:00,0.09275407,1.3236184,5.072414,0.9035606,3.038682,0.590918,8.814449
1978,2023-06-02 00:00:00+03:00,0.05723162,0.6061676,2.8335516,1.1147083,3.4855092,0.3140688,5.167563
1979,2023-06-03 00:00:00+03:00,0.010778976,0.46465912,1.8818679,0.8767197,2.4581983,0.30598,3.6645577
1980,2023-06-04 00:00:00+03:00,0.033575773,0.8801908,2.7586634,1.1672493,3.323719,0.43280983,4.878515
1981,2023-06-05 00:00:00+03:00,0.20343252,1.2970248,4.0273457,1.2891611,3.8046634,0.62334096,7.380077
1982,2023-06-06 00:00:00+03:00,0.42597762,0.9945691,4.2765017,1.191032,4.2967343,0.5775724,7.3077264
1983,2023-06-07 00:00:00+03:00,0.5895912,1.3707032,5.5300384,1.341606,6.4661922,0.9274022,11.454415
1984,2023-06-08 00:00:00+03:00,0.66248995,2.0999756,7.2798057,1.4010538,8.683909,0.9673551,13.505851
1985,2023-06-09 00:00:00+03:00,0.61259323,2.3989203,7.6383567,1.5059952,7.917717,0.89131886,13.5437355
1986,2023-06-10 00:00:00+03:00,0.07555253,0.5346318,2.7259924,1.4702911,4.878261,0.44862127,4.1426053
1987,2023-06-11 00:00:00+03:00,0.021249756,0.4041024,1.9894592,1.1683191,4.5146155,0.48072886,2.8893185
1988,2023-06-12 00:00:00+03:00,0.052120116,0.648938,2.9920452,1.4934479,4.819856,0.5055616,4.99604
1989,2023-06-13 00:00:00+03:00,0.067912854,1.1319293,3.9299953,2.1329725,6.3868275,0.6312275,6.912494
1990,2023-06-14 00:00:00+03:00,3.7543268,2.347726,8.913428,2.231744,7.032675,0.5332871,14.579494
1991,2023-06-15 00:00:00+03:00,3.3586981,2.7262895,9.725304,2.4809363,8.761556,0.668385,16.657528
1992,2023-06-16 00:00:00+03:00,2.5928173,3.4737427,10.761291,2.6102395,8.4766865,0.612603,14.955414
1993,2023-06-17 00:00:00+03:00,1.4290024,2.6203244,8.407363,1.942709,8.33763,0.8385524,12.613914
1994,2023-06-18 00:00:00+03:00,1.214368,2.7096407,9.535718,1.8494177,9.971429,0.52860945,11.71587
1995,2023-06-19 00:00:00+03:00,0.7070964,2.7553084,8.154635,2.0531535,10.5755205,0.5685162,9.748113
1996,2023-06-20 00:00:00+03:00,0.61372775,3.3729084,8.164378,2.0008094,9.816503,0.5713452,10.427186
1997,2023-06-21 00:00:00+03:00,0.24759279,1.8221568,6.3724103,2.1911013,11.985217,0.7950328,8.184296
1998,2023-06-22 00:00:00+03:00,0.59924406,5.095178,11.325831,2.211492,11.224601,1.117253,15.12608
1999,2023-06-23 00:00:00+03:00,0.06330472,1.3071398,5.630423,1.0385842,4.919316,0.596474,8.16104
2000,2023-06-24 00:00:00+03:00,0.12717567,1.6304787,6.9642806,1.2782619,6.419956,0.78189605,9.002765
2001,2023-06-25 00:00:00+03:00,0.06879512,0.68728656,2.9636667,0.82458615,4.7261724,0.31956628,4.1088796
2002,2023-06-26 00:00:00+03:00,0.06231283,1.0785699,4.4253945,1.3363061,6.0940156,0.34952518,5.5843034
2003,2023-06-27 00:00:00+03:00,0.05264822,1.1223172,4.5202203,1.9515136,7.669946,0.5648184,5.930922
2004,2023-06-28 00:00:00+03:00,0.112978734,1.2947732,4.7701516,2.6304777,8.420972,0.21604884,5.532242
2005,2023-06-29 00:00:00+03:00,0.14664528,1.5241557,5.8425274,2.136706,8.94896,0.30498862,7.564625
2006,2023-06-30 00:00:00+03:00,0.09595757,1.862318,7.486176,1.6693406,8.398103,0.5052809,10.1528845
2007,2023-07-01 00:00:00+03:00,0.07775689,1.0855061,5.5072503,1.3898257,8.218801,0.6430542,10.727662
2008,2023-07-02 00:00:00+03:00,0.1009998,2.1344514,6.29155,1.6562996,5.8078256,0.64783794,9.022055
2009,2023-07-03 00:00:00+03:00,0.04890347,1.6957612,7.0384274,1.4219807,4.4809365,0.9888677,13.004069
2010,2023-07-04 00:00:00+03:00,0.07999091,3.4356117,10.709274,2.456937,6.7047925,1.5390086,17.740652
2011,2023-07-05 00:00:00+03:00,0.13863133,2.2147505,9.04317,1.9948937,6.5341067,1.033455,14.713165
2012,2023-07-06 00:00:00+03:00,0.19280863,2.5173352,8.560493,2.1538522,8.141283,1.0176493,12.057364
2013,2023-07-07 00:00:00+03:00,0.042813838,1.1767963,3.551246,1.0296849,3.9843004,0.55402476,6.360452
2014,2023-07-08 00:00:00+03:00,0.06315484,1.763175,4.4883823,1.1550571,4.6282477,0.59401995,8.297011
2015,2023-07-09 00:00:00+03:00,0.07384598,0.994056,4.414378,1.4756197,6.0494723,0.33808398,5.8280177
2016,2023-07-10 00:00:00+03:00,0.12956059,0.66188574,3.6389434,1.6754166,8.042892,0.2642366,4.7370715
2017,2023-07-11 00:00:00+03:00,0.11088201,0.81782,3.0304072,1.1733965,5.419309,0.29555285,5.246501
2018,2023-07-12 00:00:00+03:00,0.10980182,1.2673429,3.893509,1.4075881,6.397677,0.6370749,7.2553754
2019,2023-07-13 00:00:00+03:00,0.19820474,2.2106016,6.8487897,1.6954297,7.2052236,0.79243904,10.198487
2020,2023-07-14 00:00:00+03:00,0.05285092,1.5608444,4.168527,1.214151,4.7315664,0.51963556,6.6858025
2021,2023-07-15 00:00:00+03:00,0.048460737,1.0320526,3.0711768,0.87207156,4.084988,0.45574245,5.1298366
2022,2023-07-16 00:00:00+03:00,0.17450522,3.3493083,7.2782426,1.3662535,8.492892,1.7624768,12.964314
2023,2023-07-17 00:00:00+03:00,0.47247687,2.3601186,7.2025623,1.74847,9.443252,0.8112777,10.900326
2024,2023-07-18 00:00:00+03:00,0.10900763,1.5308003,4.4108963,1.343896,5.268242,0.5207813,7.5395317
2025,2023-07-19 00:00:00+03:00,0.031815786,1.6890067,4.2834764,1.1821486,3.8208888,0.34057704,7.7317243
2026,2023-07-20 00:00:00+03:00,0.14942078,1.3056983,3.768431,1.1023148,3.9405468,0.33619013,6.395664
2027,2023-07-21 00:00:00+03:00,0.26544836,1.4658012,4.23414,1.1091917,3.9943812,0.33454323,7.1172338
2028,2023-07-22 00:00:00+03:00,0.20102578,2.2048378,4.979714,1.9936789,6.479071,0.7322374,7.765282
2029,2023-07-23 00:00:00+03:00,0.08989627,2.159774,4.689138,1.6948448,5.328133,0.8521586,6.988602
2030,2023-07-24 00:00:00+03:00,0.110752106,3.620859,7.941438,2.3278203,8.194697,1.5004653,11.293212
2031,2023-07-25 00:00:00+03:00,0.33180913,2.8511746,8.096613,2.4317775,9.504318,1.0307606,11.629051
2032,2023-07-26 00:00:00+03:00,0.045204457,0.98126835,3.92962,1.3718568,5.262256,0.53198713,6.2319055
2033,2023-07-27 00:00:00+03:00,0.038022667,0.8325405,3.129226,1.0540029,4.6202435,0.39200333,4.9170623
2034,2023-07-28 00:00:00+03:00,0.051846206,1.7933336,4.3742237,1.9541531,5.9139657,0.81938034,7.0501466
2035,2023-07-29 00:00:00+03:00,0.05257147,3.6644633,8.060363,2.8012593,8.629218,0.55370027,9.781843
2036,2023-07-30 00:00:00+03:00,0.07682506,2.0284815,5.4359593,1.9447769,7.5879846,0.6858204,7.971599
2037,2023-07-31 00:00:00+03:00,0.10947213,2.178386,5.696956,1.9152917,6.9604816,0.51239526,7.9325924
2038,2023-08-01 00:00:00+03:00,0.04138916,1.8199424,5.35321,1.8852588,6.8859367,1.2834285,8.684632
2039,2023-08-02 00:00:00+03:00,0.09984932,1.4651699,4.7939277,2.5595076,9.557637,0.5249994,5.918251
2040,2023-08-03 00:00:00+03:00,0.12690185,1.9033781,5.2069287,2.436866,8.87698,1.2990352,8.627617
2041,2023-08-04 00:00:00+03:00,0.053745005,1.8093063,4.944905,2.16618,7.904823,1.3408893,8.918086
2042,2023-08-05 00:00:00+03:00,0.13765107,2.606812,6.914036,1.9395247,9.773704,1.1837841,10.943127
2043,2023-08-06 00:00:00+03:00,0.5005662,4.143046,11.775519,0.8161287,11.42076,0.7757713,15.291886
2044,2023-08-07 00:00:00+03:00,1.0065254,1.7125429,6.4975715,1.2723283,8.880183,0.45563605,8.450564
2045,2023-08-08 00:00:00+03:00,0.0613949,1.2336789,4.438351,1.2670032,4.91592,0.8503737,7.332338
2046,2023-08-09 00:00:00+03:00,0.058527555,3.2944534,5.93191,2.530305,6.8229356,1.107258,9.863979
2047,2023-08-10 00:00:00+03:00,0.046197835,3.2701464,5.4061413,2.9351835,8.098396,0.67123324,8.043288
2048,2023-08-11 00:00:00+03:00,0.039909676,2.878949,4.631498,2.8360546,8.517915,0.4196442,7.977499
2049,2023-08-12 00:00:00+03:00,0.054898288,2.3055363,4.9242444,1.8682166,6.3998528,0.84360474,9.325685
2050,2023-08-13 00:00:00+03:00,0.46149567,1.9458375,5.1289105,1.3548164,7.31449,1.3734369,10.991372
2051,2023-08-14 00:00:00+03:00,0.26195323,1.9989715,6.224279,1.2728204,6.4833813,0.7081733,11.257281
2052,2023-08-15 00:00:00+03:00,0.7777543,3.2422144,7.963064,1.6409742,10.834957,1.3270876,13.522344
2053,2023-08-16 00:00:00+03:00,1.9867457,2.8184662,8.808395,1.1622835,12.791127,1.7219268,14.478549
2054,2023-08-17 00:00:00+03:00,2.3808274,3.3060234,11.987962,1.4596783,15.3208685,1.6935548,17.945818
2055,2023-08-18 00:00:00+03:00,0.5691863,1.923232,7.072727,1.2995969,11.931958,1.3851918,11.510863
2056,2023-08-19 00:00:00+03:00,0.49051818,2.5506294,8.343301,1.6147718,12.307204,1.1514816,12.366725
2057,2023-08-20 00:00:00+03:00,0.48877704,3.4297063,9.894849,1.4799997,12.157436,1.0420905,13.446824
2058,2023-08-21 00:00:00+03:00,0.4750367,4.607326,10.301978,1.7413592,10.832442,0.8786312,13.917447
2059,2023-08-22 00:00:00+03:00,0.3710141,1.6698753,4.697985,0.9896686,5.178309,0.67022794,8.641344
2060,2023-08-23 00:00:00+03:00,0.5290775,2.2912867,5.6210175,1.2134148,5.0254245,0.8058668,11.747464
2061,2023-08-24 00:00:00+03:00,0.26983702,2.0735762,5.1998496,1.2240784,5.2579713,0.5001167,9.500014
2062,2023-08-25 00:00:00+03:00,0.09641137,1.7081985,4.6713343,1.557912,6.6178365,1.1203384,10.90007
2063,2023-08-26 00:00:00+03:00,0.94180244,5.548689,11.833228,2.2917485,11.977745,1.2580572,18.678373
2064,2023-08-27 00:00:00+03:00,1.7194389,5.0547333,11.897811,2.5579116,13.5812235,0.5588309,15.454356
2065,2023-08-28 00:00:00+03:00,0.9759081,2.5673535,6.925692,2.200404,11.987206,0.48794702,9.425905
2066,2023-08-29 00:00:00+03:00,0.8653427,2.0567958,5.2295136,1.8228637,9.133469,0.76039296,9.610467
2067,2023-08-30 00:00:00+03:00,3.1111844,3.5230143,10.692761,1.4533268,13.804353,1.0355514,14.2631445
2068,2023-08-31 00:00:00+03:00,0.6087412,2.6484432,5.5503545,2.9615448,11.728287,0.3508899,6.441908
2069,2023-09-01 00:00:00+03:00,0.10794596,1.9442,4.109592,1.7545786,6.63473,0.68716985,5.6822276
2070,2023-09-02 00:00:00+03:00,0.050973717,1.6868534,4.814391,1.9252027,7.126129,0.9140555,6.968025
2071,2023-09-03 00:00:00+03:00,0.0663835,1.443436,4.8419785,1.3935905,5.77488,0.30582693,6.5685687
2072,2023-09-04 00:00:00+03:00,0.032431826,1.4744878,4.7720094,1.2151467,4.679072,0.54744166,7.825606
2073,2023-09-05 00:00:00+03:00,0.20971972,2.0501692,5.4537416,1.4665457,6.252235,0.8362575,10.196674
2074,2023-09-06 00:00:00+03:00,0.20434825,3.3427966,6.6961174,1.6667572,7.3313885,0.9243925,10.720455
2075,2023-09-07 00:00:00+03:00,0.023474969,0.3157693,2.68785,1.0599523,4.98721,0.47891986,6.259917
2076,2023-09-08 00:00:00+03:00,0.14305554,0.8334126,4.2944674,1.6060858,6.7306447,1.112104,8.253801
2077,2023-09-09 00:00:00+03:00,0.8229267,1.035678,4.10143,1.4851047,6.6705422,1.0652318,10.738315
2078,2023-09-10 00:00:00+03:00,1.0705543,0.9152127,4.431109,1.3306557,6.1972756,1.4037288,10.5621
2079,2023-09-11 00:00:00+03:00,2.0611055,1.5004567,6.408648,1.4297495,8.068857,2.0924025,16.53625
2080,2023-09-12 00:00:00+03:00,2.2470107,3.4643154,9.439757,1.6823688,9.397114,2.11771,22.745264
2081,2023-09-13 00:00:00+03:00,2.4073975,6.1587005,14.4749565,1.584228,10.643609,2.10203,26.722092
2082,2023-09-14 00:00:00+03:00,0.95690626,4.066956,9.846238,2.1669056,10.633704,0.6383037,14.170642
2083,2023-09-15 00:00:00+03:00,0.014941722,0.37703264,2.2883646,1.0647894,4.130572,0.36339116,3.9971945
2084,2023-09-16 00:00:00+03:00,0.0136450315,0.37459603,2.501866,1.3583082,4.689836,0.581028,3.9626026
2085,2023-09-17 00:00:00+03:00,0.20117162,1.9703169,5.296442,1.8485994,8.410819,0.9387403,8.135303
2086,2023-09-18 00:00:00+03:00,0.47269464,5.334376,8.886338,2.048629,10.984516,1.0014409,13.750756
2087,2023-09-19 00:00:00+03:00,1.2282025,6.1895766,11.671162,2.137072,10.911747,0.6739092,16.46939
2088,2023-09-20 00:00:00+03:00,0.32091624,2.2466383,6.00983,1.9342808,7.0152855,1.0730094,11.387489
2089,2023-09-21 00:00:00+03:00,0.16251932,3.271311,6.9063144,2.0184731,7.28077,1.7353886,13.013711
2090,2023-09-22 00:00:00+03:00,0.9421111,2.845393,7.8057084,1.6918474,8.330983,1.1367828,12.104014
2091,2023-09-23 00:00:00+03:00,6.6291256,4.2824554,12.939956,1.7280717,9.2156515,0.6132687,19.278269
2092,2023-09-24 00:00:00+03:00,0.08260915,1.9746219,4.9565654,1.7750365,6.7401147,0.45360878,6.7074485
2093,2023-09-25 00:00:00+03:00,0.011720554,0.4241182,1.8697876,0.9169466,3.6602027,0.50023603,3.447839
2094,2023-09-26 00:00:00+03:00,0.4182078,1.1781704,3.569026,1.5461279,7.4719806,1.3317442,8.083136
2095,2023-09-27 00:00:00+03:00,3.8760746,3.194275,10.69202,1.5259061,9.273211,0.90719223,18.361052
2096,2023-09-28 00:00:00+03:00,2.6565254,2.6405315,9.202352,1.4622908,9.168722,1.0394247,13.545673
2097,2023-09-29 00:00:00+03:00,2.8233697,5.024198,11.758632,1.574881,8.433215,1.2367009,16.51465
2098,2023-09-30 00:00:00+03:00,1.5990845,6.271604,12.300881,1.9565645,9.102067,1.0857033,18.68728
2099,2023-10-01 00:00:00+03:00,0.011013846,0.78769284,4.272676,0.63385034,2.4255574,0.24648201,9.295952
2100,2023-10-02 00:00:00+03:00,0.016971469,1.4757074,3.7209587,0.9631924,3.5519698,0.3247042,6.738546
2101,2023-10-03 00:00:00+03:00,0.3638382,7.1823864,12.18129,2.0004213,9.774753,1.4766717,15.839519
2102,2023-10-04 00:00:00+03:00,0.11444677,1.734285,5.176018,1.4612789,6.563146,0.5827026,9.542142
2103,2023-10-05 00:00:00+03:00,0.029032225,2.5299926,6.0875897,1.1141962,5.878618,0.5048255,8.724973
2104,2023-10-06 00:00:00+03:00,0.0045049405,0.69562656,2.1454165,1.133723,3.4428444,0.4296855,4.253738
2105,2023-10-07 00:00:00+03:00,0.021035923,1.613104,3.9656036,1.0619122,5.468724,0.2997397,6.439837
2106,2023-10-08 00:00:00+03:00,0.001083044,0.10734146,1.0938692,0.9903515,2.3181121,0.21896882,3.406616
2107,2023-10-09 00:00:00+03:00,0.0025622172,0.24973898,1.3555859,1.1832289,3.017722,0.29575238,2.9416864
2108,2023-10-10 00:00:00+03:00,0.006749917,1.1575369,2.4256146,1.5353564,4.1175704,0.32532302,4.3836346
2109,2023-10-11 00:00:00+03:00,2.1312454,6.678614,12.208072,1.6028857,11.211067,0.6843886,15.967994
2110,2023-10-12 00:00:00+03:00,2.5975742,3.131871,8.261489,1.3413486,7.129967,0.6102397,13.359666
2111,2023-10-13 00:00:00+03:00,0.17577022,1.2120343,4.286593,0.9812853,3.4911087,0.54300755,10.155341
2112,2023-10-14 00:00:00+03:00,5.9126554,4.16427,11.557456,1.8675638,10.441264,1.0679643,18.604044
2113,2023-10-15 00:00:00+03:00,0.007619785,0.76793784,3.2342682,0.97697663,3.171477,0.65701205,6.895268
2114,2023-10-16 00:00:00+03:00,0.002337144,0.4453156,1.9264932,0.92453414,2.9320576,0.3863527,3.7603366
2115,2023-10-17 00:00:00+03:00,0.0010157669,0.48834327,1.8721515,0.9326437,3.1353972,0.33120415,3.9034584
2116,2023-10-18 00:00:00+03:00,0.0023912843,1.3251579,3.1393545,0.78132415,4.1424747,0.22627747,3.9395466
2117,2023-10-19 00:00:00+03:00,0.0016046655,0.59382284,1.8873085,1.1051674,4.3039165,0.24805976,3.498264
2118,2023-10-20 00:00:00+03:00,0.002230352,1.2144387,2.84854,1.1846488,5.2619944,0.19197686,4.0427074
2119,2023-10-21 00:00:00+03:00,0.5600819,1.6350937,3.6280606,1.2214664,8.160533,0.10848457,6.0128074
2120,2023-10-22 00:00:00+03:00,3.6134598,3.2479093,9.756274,1.1903112,8.587482,0.10752812,11.452245
2121,2023-10-23 00:00:00+03:00,0.871514,1.5363969,4.058729,1.2715751,9.523876,0.070595786,4.6808867
2122,2023-10-24 00:00:00+03:00,0.006175734,1.5930037,3.7304735,1.1972617,5.9586167,0.124428116,5.064131
2123,2023-10-25 00:00:00+03:00,0.099336594,3.0632508,5.457586,1.4138293,8.573714,0.24894433,7.648745
2124,2023-10-26 00:00:00+03:00,0.055743366,1.1139878,2.8858793,1.5018088,11.830505,0.11447212,3.4134104
2125,2023-10-27 00:00:00+03:00,0.033054005,1.7221345,2.9359474,1.6085685,11.408588,0.041843425,2.6388485
2126,2023-10-28 00:00:00+03:00,0.029191367,1.8777148,3.410991,1.4088392,9.422877,0.06542047,3.105972
2127,2023-10-29 00:00:00+03:00,0.020628966,2.366249,5.0018406,1.3287331,7.069132,0.15393661,5.178229
2128,2023-10-30 00:00:00+02:00,0.010356109,3.9158113,7.46499,1.1900138,7.653763,0.8158869,8.848514
2129,2023-10-31 00:00:00+02:00,0.7038339,3.8764994,7.299642,0.9210727,7.034979,0.9804438,10.48186
2130,2023-11-01 00:00:00+02:00,0.18311608,4.2899494,8.158543,0.9553943,11.161446,0.8894602,8.151152
2131,2023-11-02 00:00:00+02:00,0.0074142683,2.1233487,3.8815765,1.188675,6.3584447,0.29050615,4.995215
2132,2023-11-03 00:00:00+02:00,0.06248867,2.4833016,5.0150833,1.2044634,6.561871,0.33154896,6.118519
2133,2023-11-04 00:00:00+02:00,0.08310171,1.6848394,4.103577,0.9668968,6.695849,0.2997441,5.934836
2134,2023-11-05 00:00:00+02:00,0.025959887,2.3990405,5.319501,1.0009958,6.0937448,0.22837007,6.383953
2135,2023-11-06 00:00:00+02:00,0.0032232518,1.7153544,4.5375605,0.8499872,7.735393,0.07385608,5.1891007
2136,2023-11-07 00:00:00+02:00,0.00222635,3.36946,6.5071716,0.92513806,8.129439,0.23484766,8.574379
2137,2023-11-08 00:00:00+02:00,0.0014975878,4.306412,7.5240974,0.9148338,8.73044,0.116683386,8.999809
2138,2023-11-09 00:00:00+02:00,0.0015809662,3.9017773,7.450806,0.9781344,9.988753,0.11144785,7.205731
2139,2023-11-10 00:00:00+02:00,0.0049422034,4.4036055,7.773312,1.3271188,8.020752,0.20859349,10.24679
2140,2023-11-11 00:00:00+02:00,0.012511075,3.7880538,7.032189,1.1536132,6.719527,0.21064669,8.884321
2141,2023-11-12 00:00:00+02:00,0.0096243685,1.4504929,3.972099,1.2684051,8.174859,0.055985317,3.7315857
2142,2023-11-13 00:00:00+02:00,0.00167927,1.1003847,3.4430428,1.082914,7.8314,0.07493491,4.3859725
2143,2023-11-14 00:00:00+02:00,0.0009084114,3.4479787,7.334146,1.1988405,9.517769,0.039019316,8.480458
2144,2023-11-15 00:00:00+02:00,0.039400097,2.1337698,4.696455,1.122311,9.725529,0.041525025,5.9000583
2145,2023-11-16 00:00:00+02:00,0.047889248,0.9080848,2.3219874,0.9106135,6.086178,0.046001896,2.6481872
2146,2023-11-17 00:00:00+02:00,0.02329853,1.1636469,2.622921,0.9218692,6.6118827,0.117293805,3.563614
2147,2023-11-18 00:00:00+02:00,0.025539981,1.3693643,3.3185472,1.1136972,6.762694,0.14670594,3.1275032
2148,2023-11-19 00:00:00+02:00,0.026873617,2.401576,5.26817,1.2699305,8.542254,0.056917414,5.082851
2149,2023-11-20 00:00:00+02:00,0.029923016,1.7843579,3.7543402,1.0913005,6.377895,0.10995815,3.9285583
2150,2023-11-21 00:00:00+02:00,0.016281283,2.2908423,4.5625644,1.1203729,7.1073575,0.047613915,5.651361
2151,2023-11-22 00:00:00+02:00,0.011278012,1.8448671,4.258106,0.9535826,6.725756,0.04527232,4.8855157
2152,2023-11-23 00:00:00+02:00,0.04592221,2.5558174,6.0380464,0.74010825,7.825916,0.044642378,6.116282
2153,2023-11-24 00:00:00+02:00,0.0010914396,0.25604084,1.3435454,0.6911769,2.5050712,0.107558995,2.5798628
2154,2023-11-25 00:00:00+02:00,0.00041504647,0.79338646,2.6678467,0.73413354,4.747141,0.0520328,3.1072454
2155,2023-11-26 00:00:00+02:00,0.0018674503,1.1787933,3.2475798,0.9799134,10.1756315,0.016093833,3.4156818
2156,2023-11-27 00:00:00+02:00,0.0010519082,2.5186229,5.212387,0.9220941,8.513612,0.011981815,5.399238
2157,2023-11-28 00:00:00+02:00,0.0031946814,1.4290942,3.6789892,0.9658897,7.1970468,0.016905837,3.8131924
2158,2023-11-29 00:00:00+02:00,0.0052393167,0.948977,2.7764819,1.0534467,6.171246,0.020870209,2.4814048
2159,2023-11-30 00:00:00+02:00,0.04245806,3.148893,7.2834644,1.0292068,10.061456,0.010137617,5.3169193
2160,2023-12-01 00:00:00+02:00,0.044976275,7.2637014,14.834923,1.0256338,17.16127,0.004821834,14.384401
2161,2023-12-02 00:00:00+02:00,0.024091532,2.5872962,7.0505548,1.201931,11.0608635,0.003671701,5.567904
2162,2023-12-03 00:00:00+02:00,0.020705214,1.6047202,4.620617,1.3177687,10.508307,0.0038433562,4.0864906
2163,2023-12-04 00:00:00+02:00,0.05447033,1.2783943,3.9338064,1.1535774,8.089242,0.028361103,3.5755775
2164,2023-12-05 00:00:00+02:00,0.068986066,1.3106382,3.8724546,1.087377,8.014629,0.010905632,3.0674942
2165,2023-12-06 00:00:00+02:00,0.051821172,2.6501453,5.8576875,1.6482525,11.763299,0.009717706,6.3978934
2166,2023-12-07 00:00:00+02:00,0.05843026,2.885229,7.378752,1.5046978,11.025825,0.021453658,5.8957887
2167,2023-12-08 00:00:00+02:00,0.15549369,2.800992,7.424637,1.5968903,10.291936,0.0039479374,5.925562
2168,2023-12-09 00:00:00+02:00,0.16261357,2.511162,6.481209,1.535544,9.877541,0.028004987,5.4661384
2169,2023-12-10 00:00:00+02:00,0.11243951,3.5999014,8.25484,1.8069978,10.732226,0.0070183896,7.9608097
2170,2023-12-11 00:00:00+02:00,0.053495865,3.0049417,7.583021,1.215524,12.298274,0.0095028365,8.091955
2171,2023-12-12 00:00:00+02:00,0.0026554598,2.414645,7.367254,0.7484326,14.663257,0.003079734,6.292422
2172,2023-12-13 00:00:00+02:00,0.0158881,1.8733745,5.7528224,0.9665081,13.441437,0.0027756542,3.7293987
2173,2023-12-14 00:00:00+02:00,0.013109744,2.0052497,4.989294,0.934978,12.620561,0.005693875,5.2690907
2174,2023-12-15 00:00:00+02:00,0.09257717,0.945432,2.231548,1.0339416,7.2171955,0.022996513,2.5258536
2175,2023-12-16 00:00:00+02:00,0.030670121,0.9399655,4.38832,0.7536575,6.284765,0.010888197,7.0751
2176,2023-12-17 00:00:00+02:00,0.0069344137,1.3841285,3.5278664,0.31007084,5.2864437,0.030378707,5.207756
2177,2023-12-18 00:00:00+02:00,0.016935635,1.0396658,3.0531356,0.31292817,5.6879444,0.018558146,4.130653
2178,2023-12-19 00:00:00+02:00,0.05175157,1.8093716,4.606046,0.430514,9.068295,0.019176295,4.9651775
2179,2023-12-20 00:00:00+02:00,0.016272923,0.9018672,3.033697,0.591654,8.014926,0.03228768,4.1700463
2180,2023-12-21 00:00:00+02:00,0.0009615596,0.9805619,3.749403,0.65700287,7.209248,0.037236005,4.7237496
2181,2023-12-22 00:00:00+02:00,0.0017464221,0.5499518,2.9464386,0.64494187,5.1413083,0.15759175,4.5772896
2182,2023-12-23 00:00:00+02:00,0.0005778409,0.45742753,1.845828,0.6933203,5.826201,0.037776027,2.6634574
2183,2023-12-24 00:00:00+02:00,0.0012551872,0.6841163,2.3380754,0.73749214,5.7499785,0.046131853,3.084718
2184,2023-12-25 00:00:00+02:00,0.012783877,0.5557812,2.8103874,0.5292794,4.199834,0.05174719,4.7976174
2185,2023-12-26 00:00:00+02:00,0.0018298303,0.52135426,2.7457669,0.59927183,4.5388417,0.052256078,4.202044
2186,2023-12-27 00:00:00+02:00,0.0033372222,0.4227613,2.1184518,0.7294505,4.4830956,0.06858501,3.9911356
2187,2023-12-28 00:00:00+02:00,0.071164556,2.3307748,6.232104,0.75798565,7.4053063,0.03275801,6.8627205
2188,2023-12-29 00:00:00+02:00,0.14000562,3.2575543,7.779781,0.622615,8.15391,0.046227235,10.282935
2189,2023-12-30 00:00:00+02:00,0.015964864,0.96522814,3.6441813,0.63784534,6.345714,0.03951486,5.078594
2190,2023-12-31 00:00:00+02:00,0.0027098982,0.6744676,2.2036557,0.74367744,6.1659884,0.030192798,3.4688733
2191,2024-01-01 00:00:00+02:00,0.0020715254,0.72856486,1.944159,0.7819062,7.734049,0.012727134,2.298981
2192,2024-01-02 00:00:00+02:00,0.04070593,0.961737,2.6639225,0.53926164,4.3675227,0.0143729495,3.6461174
2193,2024-01-03 00:00:00+02:00,0.057137903,2.049464,4.2121153,0.58182794,8.318422,0.006129801,5.85025
2194,2024-01-04 00:00:00+02:00,0.034319457,1.4319614,3.0686338,0.5401959,9.141646,0.0034893837,4.1936913
2195,2024-01-05 00:00:00+02:00,0.027852269,1.2380689,3.0801933,0.5215887,8.092338,0.00340689,3.558998
2196,2024-01-06 00:00:00+02:00,0.03993069,0.7609083,2.0442421,0.4906386,4.538779,0.001135908,2.556402
2197,2024-01-07 00:00:00+02:00,0.03714304,0.88235354,1.8944701,0.6545017,5.7757373,0.0013998384,2.2065542
2198,2024-01-08 00:00:00+02:00,0.045668047,0.31626156,0.6717036,0.4443679,1.8064575,0.0034048269,1.1444522
2199,2024-01-09 00:00:00+02:00,0.035130303,1.1047083,2.3712375,0.37245628,3.1174572,0.002445071,3.0860722
2200,2024-01-10 00:00:00+02:00,0.024026679,0.85941076,2.2528863,0.22163314,2.6809866,0.001140112,3.2714913
2201,2024-01-11 00:00:00+02:00,0.010350257,0.4811844,1.7168413,0.29717687,2.6722841,0.009321629,3.0313008
2202,2024-01-12 00:00:00+02:00,0.009203763,0.336264,1.6649079,0.39600822,2.6374433,0.0074144057,2.9862912
2203,2024-01-13 00:00:00+02:00,0.004552246,1.2115064,2.79348,0.4003196,4.8092866,0.009281719,3.254198
2204,2024-01-14 00:00:00+02:00,0.0029971441,0.857085,2.1846595,0.2703669,4.526695,0.0016101144,2.901418
2205,2024-01-15 00:00:00+02:00,0.003958585,1.5020698,3.944576,0.33942366,5.115991,0.011124962,5.660997
2206,2024-01-16 00:00:00+02:00,0.008057502,0.67375064,2.4292848,0.3654524,3.8275506,0.009314905,3.3791769
2207,2024-01-17 00:00:00+02:00,0.013335318,1.4418741,3.413274,0.43894902,3.707957,0.007503101,5.2962966
2208,2024-01-18 00:00:00+02:00,0.023790307,2.5446079,6.619181,0.5740567,7.3800836,0.017679928,7.935978
2209,2024-01-19 00:00:00+02:00,0.011184707,1.1515161,3.6304786,0.4148459,3.5565798,0.028400883,5.320136
2210,2024-01-20 00:00:00+02:00,0.011231512,2.2033348,5.9447575,0.42502478,6.619763,0.0047916924,7.9583726
2211,2024-01-21 00:00:00+02:00,0.00887065,1.1827537,3.1037695,0.44781157,3.277047,0.012160649,4.27093
2212,2024-01-22 00:00:00+02:00,0.02761373,3.9660063,9.638056,0.48467553,7.452168,0.04376931,11.378052
2213,2024-01-23 00:00:00+02:00,0.016766174,2.5567815,8.373363,0.3852308,6.341944,0.004010823,12.242171
2214,2024-01-24 00:00:00+02:00,0.008428519,1.0576645,4.8526173,0.3499883,4.9295716,0.009408453,7.3553047
2215,2024-01-25 00:00:00+02:00,0.0013180048,0.37401262,1.8057095,0.32821247,5.549045,0.0015478191,2.9222062
2216,2024-01-26 00:00:00+02:00,0.0030286303,0.7122043,2.3030505,0.38929716,5.5371966,0.0018245335,3.199032
2217,2024-01-27 00:00:00+02:00,0.007404163,0.8705797,2.0089278,0.4066688,4.9314575,0.0023887767,2.878805
2218,2024-01-28 00:00:00+02:00,0.006537026,1.029902,3.2033947,0.37858823,4.770696,0.0018833176,5.5560646
2219,2024-01-29 00:00:00+02:00,0.011160226,1.4501568,4.5203557,0.32171503,4.049647,0.040968332,7.210399
2220,2024-01-30 00:00:00+02:00,0.7300053,3.9683664,10.912464,0.65930873,11.593155,0.13125603,13.822945
2221,2024-01-31 00:00:00+02:00,2.06767,6.1203084,13.757602,0.79996943,13.525672,0.03433397,17.973896
2222,2024-02-01 00:00:00+02:00,0.06547975,1.083238,3.4891758,0.37368268,4.5833864,0.0058941827,6.3707275
2223,2024-02-02 00:00:00+02:00,0.0028350705,0.32773584,2.7654612,0.38453737,2.370779,0.043485373,5.081301
2224,2024-02-03 00:00:00+02:00,0.0103908125,0.5696339,2.87796,0.201627,3.0675316,0.020413304,5.440232
2225,2024-02-04 00:00:00+02:00,0.0073401458,0.2138835,2.357368,0.31162992,1.7323076,0.041915026,7.023586
2226,2024-02-05 00:00:00+02:00,0.011455476,0.18626158,1.6334776,0.34160295,1.8679447,0.042264834,3.932737
2227,2024-02-06 00:00:00+02:00,0.0064169876,0.2585514,1.9408585,0.3832183,2.3471382,0.05503879,4.118891
2228,2024-02-07 00:00:00+02:00,0.08542138,0.5206318,2.0772321,0.3188419,4.0234447,0.027054973,3.2232
2229,2024-02-08 00:00:00+02:00,0.0053021745,1.0401756,2.6559463,0.44617304,4.3485856,0.041554023,3.9486551
2230,2024-02-09 00:00:00+02:00,0.008554584,2.8481514,5.6259427,0.5090138,6.152725,0.038070757,7.766928
2231,2024-02-10 00:00:00+02:00,0.15438397,1.8510219,4.40691,0.5377745,6.790129,0.01133243,5.565453
2232,2024-02-11 00:00:00+02:00,2.1838436,3.0340147,8.213378,0.5926413,6.1539226,0.002256293,10.395101
2233,2024-02-12 00:00:00+02:00,3.1807897,3.466367,10.609846,0.54393095,6.265349,0.05821227,14.044094
2234,2024-02-13 00:00:00+02:00,0.14712535,1.661605,5.724806,0.59151894,12.22527,0.003346796,6.5047493
2235,2024-02-14 00:00:00+02:00,0.032407284,1.777769,4.453338,0.5259295,6.4540725,0.011421077,6.855457
2236,2024-02-15 00:00:00+02:00,0.03802736,3.3965454,7.0352836,0.6401619,8.918722,0.03579959,10.665261
2237,2024-02-16 00:00:00+02:00,0.036277823,3.5090482,7.544882,0.7610008,8.409284,0.041616052,9.93056
2238,2024-02-17 00:00:00+02:00,0.11000035,3.050038,7.5749536,0.7598782,9.396178,0.0494523,9.097655
2239,2024-02-18 00:00:00+02:00,0.05239232,0.36472976,1.4091665,0.41124645,2.1728518,0.04696898,3.0456533
2240,2024-02-19 00:00:00+02:00,0.08678308,0.826498,2.4519317,0.44244662,2.5853145,0.1838343,3.2710898
2241,2024-02-20 00:00:00+02:00,0.03035978,1.5987896,4.2093897,0.689615,9.183099,0.008565534,4.7178044
2242,2024-02-21 00:00:00+02:00,0.009876276,1.4726998,4.073131,0.59303147,7.3653026,0.005630948,4.9973187
2243,2024-02-22 00:00:00+02:00,0.027056284,2.9977283,7.127003,0.62986076,8.54555,0.021178229,8.260278
2244,2024-02-23 00:00:00+02:00,0.033210386,3.2682772,7.4464717,1.0108808,7.151751,0.032812886,8.706684
2245,2024-02-24 00:00:00+02:00,0.09126988,3.2136726,7.6858215,0.83022684,6.197321,0.048036505,8.74949
2246,2024-02-25 00:00:00+02:00,0.08166791,1.7594647,4.0530167,0.72227114,4.530454,0.026093274,5.256313
2247,2024-02-26 00:00:00+02:00,0.617838,2.2726936,6.7437234,0.7351206,5.1019354,0.043482173,7.9939175
2248,2024-02-27 00:00:00+02:00,3.0192177,4.646043,11.18478,0.79423285,5.5065875,0.05683015,14.884257
2249,2024-02-28 00:00:00+02:00,4.3170094,5.1544843,14.298896,1.1029133,9.10683,0.061993316,20.54046
2250,2024-02-29 00:00:00+02:00,0.112083696,1.3541107,3.822014,0.7518415,5.8372235,0.03965974,4.9525037
2251,2024-03-01 00:00:00+02:00,0.20359465,1.58617,2.9951138,0.9135432,5.015596,0.05656714,4.3657722
2252,2024-03-02 00:00:00+02:00,3.0105717,5.3884773,12.512483,1.0636648,6.4082055,0.097060256,17.105045
2253,2024-03-03 00:00:00+02:00,1.1048766,4.863192,9.507495,0.94266766,5.197766,0.036783237,12.037681
2254,2024-03-04 00:00:00+02:00,0.91448313,4.4305453,8.55637,0.5446562,4.8471446,0.0112833055,11.478105
2255,2024-03-05 00:00:00+02:00,1.9368811,4.969701,9.524437,0.79155797,4.7289834,0.020164222,12.902036
2256,2024-03-06 00:00:00+02:00,0.33655453,1.8260573,3.9603977,0.62179255,3.5325692,0.042821854,5.0770802
2257,2024-03-07 00:00:00+02:00,0.41464913,1.4445167,3.8387406,0.53630644,3.4163797,0.08512378,5.8773875
2258,2024-03-08 00:00:00+02:00,1.3030847,2.4246519,4.7210975,0.52991885,4.0050755,0.064372994,6.817082
2259,2024-03-09 00:00:00+02:00,2.3620758,3.1139326,7.236383,0.72827095,4.7269254,0.016238267,11.054504
2260,2024-03-10 00:00:00+02:00,0.6397197,1.9636079,4.101815,0.6632584,3.7577848,0.054412037,5.952
2261,2024-03-11 00:00:00+02:00,0.13121498,0.86719775,1.9381407,0.49900147,2.5218043,0.085799225,2.7719252
2262,2024-03-12 00:00:00+02:00,0.7498153,3.6871483,8.139518,0.932462,5.5859833,0.08524994,10.298011
2263,2024-03-13 00:00:00+02:00,0.360417,3.2352755,7.927798,0.8261259,6.2190757,0.004538037,9.318585
2264,2024-03-14 00:00:00+02:00,0.8895362,3.8069198,7.465757,0.88636225,5.7910542,0.017292883,10.028567
2265,2024-03-15 00:00:00+02:00,1.855413,5.212118,10.064712,1.0033728,5.781486,0.08934841,15.961686
2266,2024-03-16 00:00:00+02:00,0.9667193,7.9359493,15.005176,1.699378,8.394205,0.09165127,19.42851
2267,2024-03-17 00:00:00+02:00,0.042876307,2.4268577,5.1968946,0.78341323,5.3529735,0.102419235,7.679207
2268,2024-03-18 00:00:00+02:00,0.02855553,0.97019273,2.4268992,0.8072634,5.2828383,0.06502591,3.41811
2269,2024-03-19 00:00:00+02:00,2.3481944,4.1420517,9.986986,1.4248757,9.002145,0.01092871,13.263368
2270,2024-03-20 00:00:00+02:00,8.759451,6.135241,14.811425,1.746211,10.870664,0.0046616704,22.162104
2271,2024-03-21 00:00:00+02:00,7.6096807,5.343496,11.98856,1.3818645,6.415367,0.055690024,21.026188
2272,2024-03-22 00:00:00+02:00,1.2021154,5.3120437,10.062092,1.3942763,8.307827,0.023388118,12.633077
2273,2024-03-23 00:00:00+02:00,0.041552752,4.055863,7.140676,0.7048661,6.3406525,0.09066576,9.821977
2274,2024-03-24 00:00:00+02:00,0.044971507,1.9724507,4.064179,0.6145863,3.6755688,0.056927744,6.1185927
2275,2024-03-25 00:00:00+02:00,0.03722456,4.0033326,7.078609,0.98740965,5.7038503,0.12379161,10.107734
2276,2024-03-26 00:00:00+02:00,0.02752448,5.190825,8.6429825,1.3574241,7.351328,0.114303626,10.436639
2277,2024-03-27 00:00:00+02:00,0.085256845,3.112584,6.141211,1.219221,5.2284703,0.20828445,9.111961
2278,2024-03-28 00:00:00+02:00,7.250845,3.484843,9.027226,1.094258,4.434633,0.238711,16.281412
2279,2024-03-29 00:00:00+02:00,0.5691524,3.755989,7.352499,1.2009417,6.633302,0.27442214,9.962714
2280,2024-03-30 00:00:00+02:00,0.15360749,3.3348532,6.8789496,1.4000674,6.5074787,0.5401501,10.591024
2281,2024-03-31 00:00:00+02:00,7.69426,3.2758355,12.310463,0.8322868,4.7952013,0.7613985,22.36341
2282,2024-04-01 00:00:00+03:00,45.60278,3.0792143,17.737219,0.6388617,4.278196,0.76399803,57.754166
2283,2024-04-02 00:00:00+03:00,44.754837,2.8850908,26.978867,0.92989737,6.2108445,1.1336534,65.333084
2284,2024-04-03 00:00:00+03:00,0.12268939,1.0233095,2.8447883,1.0717359,5.3460565,0.0925523,4.3786182
2285,2024-04-04 00:00:00+03:00,0.19246256,1.588706,3.3116722,0.7151397,3.6585596,0.26449376,4.7094145
2286,2024-04-05 00:00:00+03:00,0.080151044,3.52304,6.026567,1.1269894,6.4578853,0.34568265,7.2444453
2287,2024-04-06 00:00:00+03:00,0.038515065,3.4935007,6.0346084,1.1260356,5.1566734,0.24362051,8.182198
2288,2024-04-07 00:00:00+03:00,0.14308545,1.5988564,3.4233997,1.147015,4.48453,0.49568662,5.231174
2289,2024-04-08 00:00:00+03:00,2.345702,6.781175,11.807683,1.4800831,7.6974773,2.1900246,18.218336
2290,2024-04-09 00:00:00+03:00,2.885939,5.7097793,11.250623,1.5913407,9.058858,2.1628122,19.08972
2291,2024-04-10 00:00:00+03:00,1.2375072,5.3728156,9.870114,1.341652,7.0081887,1.7593784,15.771375
2292,2024-04-11 00:00:00+03:00,0.199255,1.832694,4.2605114,0.6672108,2.8551512,0.5503103,7.8556895
2293,2024-04-12 00:00:00+03:00,0.07841935,3.3014803,6.036659,0.5752174,4.0013394,0.43718967,9.31061
2294,2024-04-13 00:00:00+03:00,0.04494563,2.6518066,4.609629,0.74621993,4.37808,0.108737834,6.0776095
2295,2024-04-14 00:00:00+03:00,0.20243262,4.334971,7.465012,0.9312299,4.2533994,0.4335364,10.257822
2296,2024-04-15 00:00:00+03:00,0.097735666,1.2821118,3.4697409,0.4843013,2.1331294,0.3228847,7.199761
2297,2024-04-16 00:00:00+03:00,0.13810425,1.8358144,3.360007,0.83444124,3.599906,0.21629387,5.2758875
2298,2024-04-17 00:00:00+03:00,0.14386292,1.628728,2.8276103,0.8724465,3.9284527,0.31292298,4.1516757
2299,2024-04-18 00:00:00+03:00,0.17839277,1.4405903,3.0844383,1.0031303,3.5737991,0.47416225,5.121033
2300,2024-04-19 00:00:00+03:00,0.08028924,1.8596663,3.476158,1.0030054,3.6739101,0.22668825,4.52951
2301,2024-04-20 00:00:00+03:00,0.063955404,5.2138734,8.153083,1.6689752,7.217064,0.25377426,9.089587
2302,2024-04-21 00:00:00+03:00,0.05901048,3.876222,6.4267488,1.9102416,6.476649,0.13841547,7.2179837
2303,2024-04-22 00:00:00+03:00,0.02242387,0.8997194,2.0005097,1.2761161,4.605162,0.013681977,2.7384255
2304,2024-04-23 00:00:00+03:00,0.10833281,1.9753779,3.4190242,0.9009681,3.0636482,0.14514148,4.414152
2305,2024-04-24 00:00:00+03:00,0.07135257,2.6192105,5.0340266,1.4078012,4.672588,0.15491265,6.275271
2306,2024-04-25 00:00:00+03:00,0.03141501,1.727156,3.3108828,1.6446323,5.7891183,0.1018675,3.8554785
2307,2024-04-26 00:00:00+03:00,0.11157205,4.636249,7.762527,1.9793333,5.2780995,0.4299253,10.347189
2308,2024-04-27 00:00:00+03:00,0.09302387,5.00559,8.409567,2.4200754,6.1741467,0.6393928,11.322147
2309,2024-04-28 00:00:00+03:00,0.14266577,5.4625793,8.93399,2.9616766,6.5464873,0.7675929,10.588166
2310,2024-04-29 00:00:00+03:00,0.19786656,3.1108973,6.6972528,1.8418862,5.6039753,0.7580665,8.813472
2311,2024-04-30 00:00:00+03:00,0.28489503,1.946968,5.1329665,1.3046037,4.789963,0.87839717,7.5936675
2312,2024-05-01 00:00:00+03:00,0.3126088,1.3827091,4.5311875,0.7992451,4.2639794,0.7259093,7.7949014
2313,2024-05-02 00:00:00+03:00,0.6203926,1.6377854,5.368028,1.524756,5.8627644,0.9009411,8.714536
2314,2024-05-03 00:00:00+03:00,0.43581858,0.9574469,2.890144,1.451305,4.943465,0.5017999,4.6093597
2315,2024-05-04 00:00:00+03:00,0.62483525,1.5398163,4.5289106,1.4742042,5.7868896,0.84657925,7.4321804
2316,2024-05-05 00:00:00+03:00,4.037691,1.3378805,4.964544,1.0918813,4.5488167,0.8328125,11.56123
2317,2024-05-06 00:00:00+03:00,1.4192125,2.5278904,6.852264,1.6988406,6.601885,0.60693043,10.146156
2318,2024-05-07 00:00:00+03:00,0.23515774,1.986805,3.6979892,1.1395472,3.8441632,0.103430785,4.640676
2319,2024-05-08 00:00:00+03:00,0.30090612,2.164516,3.8511517,0.88806945,2.9138365,0.20472078,5.7743173
2320,2024-05-09 00:00:00+03:00,0.34941086,2.361788,4.3785057,0.9822151,3.2972393,0.29993218,5.861076
2321,2024-05-10 00:00:00+03:00,0.40476835,3.5717592,5.347244,1.5395494,5.0178046,0.19005269,7.0983987
2322,2024-05-11 00:00:00+03:00,0.09279061,0.5779448,1.7140702,0.49689743,2.1139157,0.2447984,3.3300104
2323,2024-05-12 00:00:00+03:00,0.1657783,0.7727609,1.8842338,0.6489907,2.4899647,0.43813708,3.5190372
2324,2024-05-13 00:00:00+03:00,0.25453597,0.9845944,2.8162863,0.94463426,3.4899263,0.55896586,4.845396
2325,2024-05-14 00:00:00+03:00,0.21730745,1.6550908,4.220598,1.2208887,4.795109,0.74870914,7.5163383
2326,2024-05-15 00:00:00+03:00,0.18992336,1.9272532,4.5575376,1.3146465,4.2407317,0.56483394,7.1582775
2327,2024-05-16 00:00:00+03:00,0.20341219,1.9238452,4.3437405,1.3314346,4.3720403,0.5550904,7.0934825
2328,2024-05-17 00:00:00+03:00,0.32129753,2.2939951,5.779163,1.3456906,5.203017,0.7566795,9.739192
2329,2024-05-18 00:00:00+03:00,0.28213236,2.028282,6.409413,1.2658402,6.2578335,0.53990716,8.809461
2330,2024-05-19 00:00:00+03:00,0.1961462,1.7623497,6.039894,1.3532747,5.3446193,0.63114804,8.285479
2331,2024-05-20 00:00:00+03:00,0.5282343,2.4990523,5.550619,0.94801265,5.7585545,0.49341622,7.767778
2332,2024-05-21 00:00:00+03:00,0.46229014,2.0939302,5.7374535,1.3975767,5.8466434,0.29404837,6.985092
2333,2024-05-22 00:00:00+03:00,0.6769712,2.812373,6.4121113,1.116954,5.997135,0.27971232,8.448107
2334,2024-05-23 00:00:00+03:00,0.5361815,3.0673225,6.821518,1.0509474,6.0358386,0.2864791,9.583561
2335,2024-05-24 00:00:00+03:00,0.21478184,2.0552933,5.6072745,1.1650445,6.7608943,0.48237655,7.122799
2336,2024-05-25 00:00:00+03:00,0.18745537,2.177931,5.4993215,0.9368775,5.5885124,0.49465653,6.585039
2337,2024-05-26 00:00:00+03:00,0.23701017,1.9068476,4.5348134,0.63823533,4.7279515,0.7747304,6.1141305
2338,2024-05-27 00:00:00+03:00,0.18776895,1.1911131,3.523033,0.68250895,4.392336,0.8878359,5.0823073
2339,2024-05-28 00:00:00+03:00,0.41149083,1.5924997,5.192694,0.8656947,5.919169,0.6617286,6.816768
2340,2024-05-29 00:00:00+03:00,20.058779,2.6320593,9.5456085,0.7517504,5.3082385,0.47187456,28.745094
2341,2024-05-30 00:00:00+03:00,0.6365233,1.6916062,4.4479866,0.79483205,5.5834007,0.52327275,6.0674167
2342,2024-05-31 00:00:00+03:00,3.887874,2.4537432,8.2707,1.2201363,6.0916247,0.43606254,13.474915
2343,2024-06-01 00:00:00+03:00,2.0915773,2.981757,8.938642,1.3620826,6.336344,0.12915267,12.51999
2344,2024-06-02 00:00:00+03:00,0.37400135,2.341861,6.064201,1.4346014,6.32748,0.31313285,7.6740346
2345,2024-06-03 00:00:00+03:00,0.57562226,2.178345,6.271089,1.6114346,6.3121667,0.2975703,8.522972
2346,2024-06-04 00:00:00+03:00,1.6962026,2.6487477,7.3339744,0.9536364,4.357644,0.32322612,11.192786
2347,2024-06-05 00:00:00+03:00,1.1504047,2.073394,5.6254716,1.0374765,4.605776,0.51865906,9.252138
2348,2024-06-06 00:00:00+03:00,0.46507314,2.6549857,5.6628823,1.313098,5.148939,0.46468532,9.505203
2349,2024-06-07 00:00:00+03:00,0.14271256,2.5566022,5.5522723,1.3790909,4.148194,0.33497977,8.702299
2350,2024-06-08 00:00:00+03:00,0.10504051,3.7518559,6.0826335,1.8543371,4.679175,0.3444955,8.754552
2351,2024-06-09 00:00:00+03:00,0.10934236,3.366682,6.304095,1.7098871,5.1095138,0.3629926,8.578502
2352,2024-06-10 00:00:00+03:00,0.19191031,2.6965065,4.824464,1.216283,4.0710645,0.3529732,7.120931
2353,2024-06-11 00:00:00+03:00,0.20157623,3.8756492,6.566954,1.5954658,4.8865485,0.3898016,10.187278
2354,2024-06-12 00:00:00+03:00,0.048949137,2.056756,3.968785,1.4640378,4.568498,0.32157022,6.3174586
2355,2024-06-13 00:00:00+03:00,0.106345706,2.489048,4.504708,1.2751683,4.167814,0.26969397,7.20137
2356,2024-06-14 00:00:00+03:00,0.045728978,1.2109755,2.921811,1.6199595,4.8211665,0.17724685,4.6202807
2357,2024-06-15 00:00:00+03:00,0.06655118,1.0620203,2.611616,1.6059006,4.3526626,0.31061745,4.449438
2358,2024-06-16 00:00:00+03:00,0.113239296,1.1865615,3.7284088,1.3781971,5.6407967,0.42580715,5.198631
2359,2024-06-17 00:00:00+03:00,0.23988028,1.9176155,5.2485604,1.4230447,7.1693406,0.4583752,7.5326924
2360,2024-06-18 00:00:00+03:00,0.07770721,2.5987277,5.257281,1.5621467,6.9186263,0.44943604,7.736252
2361,2024-06-19 00:00:00+03:00,0.12056791,1.988737,5.2341313,1.742504,7.15813,0.4498601,6.9936123
2362,2024-06-20 00:00:00+03:00,0.024423376,0.9846384,2.8669312,1.3213401,3.9187071,0.26487827,4.711971
2363,2024-06-21 00:00:00+03:00,0.118386954,1.116799,2.9964333,0.67246056,2.895028,0.35990715,5.764038
2364,2024-06-22 00:00:00+03:00,1.6217318,1.720686,4.8307366,1.0275491,5.52056,0.8383593,8.86749
2365,2024-06-23 00:00:00+03:00,0.57716244,1.7238951,4.239644,1.5885509,6.328386,0.1705787,5.9308057
2366,2024-06-24 00:00:00+03:00,0.2026149,0.761692,2.7635715,1.1846522,5.4223056,0.14256759,3.7284014
2367,2024-06-25 00:00:00+03:00,0.20846878,1.1355767,4.0812163,1.1673427,5.1013255,0.2740709,5.4842167
2368,2024-06-26 00:00:00+03:00,0.11693511,0.63558227,2.6523402,0.8391738,4.0423036,0.46675077,4.8128366
2369,2024-06-27 00:00:00+03:00,0.20256501,0.77155894,3.6194785,0.7080524,4.954412,0.73570746,5.565725
2370,2024-06-28 00:00:00+03:00,0.26824507,0.93600273,4.421905,0.849145,7.0843987,0.86878324,6.399198
2371,2024-06-29 00:00:00+03:00,0.5095696,1.8896624,6.190026,1.3220712,8.102284,0.5988361,9.05684
2372,2024-06-30 00:00:00+03:00,0.2671832,1.4063071,4.52676,0.9580409,6.6860733,0.8025066,7.611529
2373,2024-07-01 00:00:00+03:00,1.3795962,3.2842271,9.515485,0.70562965,9.455138,0.66417956,13.400229
2374,2024-07-02 00:00:00+03:00,0.30304134,0.9136212,2.8420556,1.2758819,5.525085,0.3559841,4.388226
2375,2024-07-03 00:00:00+03:00,0.055062186,0.94735616,2.3962743,1.0597907,4.4963307,0.20530921,3.949436
2376,2024-07-04 00:00:00+03:00,0.09429353,1.0550555,3.205713,1.5456406,6.252751,0.2807341,4.467235
2377,2024-07-05 00:00:00+03:00,0.112858735,1.9075712,4.334409,1.455362,5.1299596,0.41147044,7.4747767
2378,2024-07-06 00:00:00+03:00,0.14947899,2.710357,5.919594,1.8121866,6.0545425,1.0237731,10.034699
2379,2024-07-07 00:00:00+03:00,0.16141886,2.1607301,5.666162,1.254084,8.765436,0.74087304,7.9267254
2380,2024-07-08 00:00:00+03:00,0.21122241,0.9907562,2.5258362,1.1901929,5.7873864,0.21203245,4.3455367
2381,2024-07-09 00:00:00+03:00,0.24878757,1.0906097,3.2179375,1.1157956,5.60368,0.5716664,6.202843
2382,2024-07-10 00:00:00+03:00,0.2254958,1.1609653,3.295819,0.99454015,6.5739,0.6361256,5.440104
2383,2024-07-11 00:00:00+03:00,0.5528098,1.5263156,4.788017,0.92142624,8.462411,0.64789677,7.304089
2384,2024-07-12 00:00:00+03:00,0.80763465,2.1100218,7.002726,1.2344393,10.037049,0.28502193,9.080813
2385,2024-07-13 00:00:00+03:00,0.8557721,2.8234224,8.014939,1.2409563,9.800217,0.5376058,10.30641
2386,2024-07-14 00:00:00+03:00,0.120447695,1.3636484,3.5852566,1.1781546,6.682106,0.2663644,5.0225315
2387,2024-07-15 00:00:00+03:00,0.21938373,1.368071,3.6899407,1.2510482,7.613049,0.30018565,5.083489
2388,2024-07-16 00:00:00+03:00,0.27890372,1.4228745,4.480906,1.2037097,8.424886,0.5819426,5.8718276
2389,2024-07-17 00:00:00+03:00,0.30042943,1.9809189,5.6950736,1.3374296,10.401122,0.4807377,7.47756
2390,2024-07-18 00:00:00+03:00,0.050657127,1.9773506,4.803584,1.6932936,7.378181,0.49675012,7.619484
2391,2024-07-19 00:00:00+03:00,0.13418774,1.1781846,3.282451,0.70396256,3.8332303,0.33046147,6.128136
2392,2024-07-20 00:00:00+03:00,0.08727944,0.8791986,2.727846,0.9897912,5.126184,0.3114208,4.351299
2393,2024-07-21 00:00:00+03:00,0.07843381,0.906817,3.152068,1.0686872,5.5649166,0.38206765,5.2830048
2394,2024-07-22 00:00:00+03:00,0.06273862,0.7120972,3.361942,1.1280929,5.987673,0.46587422,5.1797223
2395,2024-07-23 00:00:00+03:00,0.062207147,0.8287158,4.030767,1.1789093,6.845163,0.6349738,5.711291
2396,2024-07-24 00:00:00+03:00,0.064758606,1.2302543,4.3681026,1.544679,9.367678,0.40278837,5.4173627
2397,2024-07-25 00:00:00+03:00,0.22977532,1.4913987,5.0213943,1.5194192,7.7819724,0.23497677,6.343509
2398,2024-07-26 00:00:00+03:00,0.33191785,1.9684461,5.8481355,1.5969795,8.514409,0.33488682,6.987492
2399,2024-07-27 00:00:00+03:00,0.081595615,0.9263262,3.6064885,1.2345035,7.020021,0.44086692,5.428929
2400,2024-07-28 00:00:00+03:00,0.11170063,3.49423,7.7458224,1.677015,9.07758,0.6790411,9.91836
2401,2024-07-29 00:00:00+03:00,0.042207483,0.4311774,1.6882027,0.9100359,4.276094,0.023185613,2.1888807
2402,2024-07-30 00:00:00+03:00,0.062344212,0.80608493,2.9868069,1.0406501,5.36902,0.17158264,4.8405886
2403,2024-07-31 00:00:00+03:00,0.16730739,1.0384784,3.261505,0.75534654,4.163644,0.2876143,5.24163
2404,2024-08-01 00:00:00+03:00,0.24858038,1.8746872,5.0237956,0.7410272,3.7917156,0.6379882,8.645631
2405,2024-08-02 00:00:00+03:00,0.06568609,0.6402054,2.5209768,0.8706982,3.5530427,0.27315992,4.1341705
2406,2024-08-03 00:00:00+03:00,0.09114797,1.0845374,3.1444361,1.1258239,4.4830995,0.48923954,4.920021
2407,2024-08-04 00:00:00+03:00,0.10706493,1.1048607,3.2817628,0.8380255,3.935443,0.38830337,4.978119
2408,2024-08-05 00:00:00+03:00,0.4593928,1.8710341,5.864168,1.4601907,6.505821,0.43520746,9.036252
2409,2024-08-06 00:00:00+03:00,0.123214506,0.64850897,3.4524038,1.5274383,5.5382104,0.3796461,5.0726643
2410,2024-08-07 00:00:00+03:00,0.088240765,0.82864404,3.7091217,1.6392335,5.8824315,0.14065574,5.734859
2411,2024-08-08 00:00:00+03:00,0.27933198,1.4106622,5.110912,1.302242,4.943689,0.2847439,7.414409
2412,2024-08-09 00:00:00+03:00,0.1608784,1.7237757,5.9025116,1.407229,6.443075,0.59362805,8.11426
2413,2024-08-10 00:00:00+03:00,0.10719043,1.6022383,4.2711368,1.1205426,5.0846124,0.27780512,7.8855643
2414,2024-08-11 00:00:00+03:00,0.11719435,1.5441672,4.389849,0.58763987,2.7323563,0.2329408,9.148139
2415,2024-08-12 00:00:00+03:00,0.04518506,0.6219201,2.7789147,0.6060341,2.639362,0.25546697,6.6510253
2416,2024-08-13 00:00:00+03:00,0.0146179935,0.3021032,1.7836828,0.68497485,3.1862633,0.20353518,3.2723515
2417,2024-08-14 00:00:00+03:00,0.016726885,0.35101548,1.8877411,1.0076036,4.3113317,0.29412797,3.8132617
2418,2024-08-15 00:00:00+03:00,0.055412967,0.4615873,2.3487673,1.0357594,4.676685,0.66060984,3.9277313
2419,2024-08-16 00:00:00+03:00,0.17995955,1.5340911,5.517984,1.1716437,7.3804793,1.2268406,7.2149596
2420,2024-08-17 00:00:00+03:00,0.48753396,2.5674226,7.8597894,1.4856209,10.229981,0.8445546,11.251006
2421,2024-08-18 00:00:00+03:00,0.96694326,2.3467867,6.7132363,1.2030298,8.247874,1.031638,9.718987
2422,2024-08-19 00:00:00+03:00,0.6103593,2.2551758,7.5281677,1.1660525,11.0317,0.87130743,9.31797
2423,2024-08-20 00:00:00+03:00,0.3603045,1.1555144,3.790828,1.001995,8.738624,0.29972476,5.032916
2424,2024-08-21 00:00:00+03:00,0.5890085,1.4480811,5.517956,1.573773,11.164588,0.25628853,8.13687
2425,2024-08-22 00:00:00+03:00,0.1002479,1.0399672,3.1925018,1.0155487,5.002517,0.2602121,6.417444
2426,2024-08-23 00:00:00+03:00,0.10973629,3.0819292,6.467488,1.370515,5.3802643,0.6190076,11.630891
2427,2024-08-24 00:00:00+03:00,0.3718373,4.131926,9.7682085,1.9450644,9.787818,1.5416206,15.592368
2428,2024-08-25 00:00:00+03:00,0.34465703,3.9791558,10.1303215,1.1947538,8.416335,1.5222353,14.604519
2429,2024-08-26 00:00:00+03:00,0.1782925,1.7374835,4.7181807,1.0729173,6.9494414,0.6007874,7.802206
2430,2024-08-27 00:00:00+03:00,0.1822511,2.1098478,6.609871,1.2132374,9.138751,0.58622336,9.66258
2431,2024-08-28 00:00:00+03:00,0.19816035,2.3497589,6.113365,0.9659876,6.761537,0.47179642,10.114484
2432,2024-08-29 00:00:00+03:00,0.20071232,2.835951,8.311425,1.2499074,8.627534,0.6768865,12.806343
2433,2024-08-30 00:00:00+03:00,0.5213777,5.6060653,10.555805,0.89990705,7.585895,0.31887165,13.770064
2434,2024-08-31 00:00:00+03:00,0.35186931,3.8837187,8.379788,1.1181008,7.4728026,0.40279007,12.407246
2435,2024-09-01 00:00:00+03:00,0.121802635,1.9154228,3.713432,0.74794894,4.534294,0.06131645,7.7367706
2436,2024-09-02 00:00:00+03:00,1.2017081,2.792408,7.064008,1.1084594,7.3035464,0.34217918,10.281153
2437,2024-09-03 00:00:00+03:00,2.1515286,4.8940244,9.274413,0.6226774,6.1942515,0.12560003,13.767017
2438,2024-09-04 00:00:00+03:00,11.897637,5.351374,9.773236,0.88336116,6.2222104,0.023466319,25.374823
2439,2024-09-05 00:00:00+03:00,0.48055962,3.8936577,7.671429,1.6122307,7.502768,0.102812685,11.427508
2440,2024-09-06 00:00:00+03:00,0.49933314,4.8724313,9.032243,0.87940794,5.566908,0.19084768,11.727452
2441,2024-09-07 00:00:00+03:00,0.32218698,3.9834242,7.63481,0.6377941,4.7206073,0.27628562,11.072456
2442,2024-09-08 00:00:00+03:00,0.16906506,3.7909012,7.9480968,0.68695086,4.995544,0.32961702,12.566777
2443,2024-09-09 00:00:00+03:00,0.19905503,3.293069,6.8766384,0.6273856,4.655024,0.31495613,12.278651
2444,2024-09-10 00:00:00+03:00,6.2461047,3.8812091,10.212825,0.70286274,5.064086,0.43591094,19.038057
2445,2024-09-11 00:00:00+03:00,1.5538692,1.7189566,5.5499377,1.5433041,8.3221445,0.25926593,8.2792425
2446,2024-09-12 00:00:00+03:00,0.8351024,2.4425235,7.104685,1.687142,7.7180285,0.27722216,8.794768
2447,2024-09-13 00:00:00+03:00,0.646741,1.2961627,5.238508,1.1624463,7.3778815,0.042441834,6.987889
2448,2024-09-14 00:00:00+03:00,5.332478,3.0891407,9.646834,0.9806526,6.6714215,0.2023498,15.77221
2449,2024-09-15 00:00:00+03:00,26.426722,5.4979854,14.955242,0.4541231,4.600633,0.11420942,40.5086
2450,2024-09-16 00:00:00+03:00,2.602054,2.7698526,7.85203,0.43328586,4.0236554,0.3129743,13.467328
2451,2024-09-17 00:00:00+03:00,1.0500766,2.1656058,5.371927,0.55305403,4.233047,0.3087218,10.70176
2452,2024-09-18 00:00:00+03:00,1.1208587,3.1729767,6.4881516,0.64833814,4.377768,0.38424286,12.1953125
2453,2024-09-19 00:00:00+03:00,1.1410116,3.9660072,7.059484,0.61300665,4.2335706,0.27895916,12.064631
2454,2024-09-20 00:00:00+03:00,1.1896974,1.9625793,5.595825,0.73551244,4.5471964,0.25153816,11.517845
2455,2024-09-21 00:00:00+03:00,2.1336458,1.9171095,4.7801857,0.6861871,3.8289297,0.27185294,10.6391535
2456,2024-09-22 00:00:00+03:00,1.0037814,2.365985,6.1370864,1.0558351,5.220162,0.4044515,9.989146
2457,2024-09-23 00:00:00+03:00,0.69503623,1.6842928,5.4620814,1.2400092,6.487489,0.9952588,9.700284
2458,2024-09-24 00:00:00+03:00,0.42483386,3.4936523,11.036763,1.2415818,7.4741635,1.0144504,16.373884
2459,2024-09-25 00:00:00+03:00,0.2953411,3.9202251,9.80347,2.0771875,9.112568,0.62424946,13.716755
2460,2024-09-26 00:00:00+03:00,0.26710585,4.392263,8.827707,2.3130102,8.70851,0.5077051,11.935982
2461,2024-09-27 00:00:00+03:00,0.10346225,1.8964214,5.0449533,1.3753147,7.112747,0.45633197,7.7669053
2462,2024-09-28 00:00:00+03:00,0.030115515,1.4988836,3.3440177,1.1055093,6.124531,0.5474178,5.544665
2463,2024-09-29 00:00:00+03:00,0.01497,0.47928545,1.724041,0.5190797,2.2180903,0.30933082,5.0659976
2464,2024-09-30 00:00:00+03:00,0.00930672,0.24434681,1.2146609,0.41513988,2.1823804,0.21379732,3.3363678
2465,2024-10-01 00:00:00+03:00,0.013502327,0.20887639,1.4619166,0.3977065,1.9582119,0.1525652,3.4271648
2466,2024-10-02 00:00:00+03:00,3.0049846,2.3878205,6.3064938,0.8659492,4.8863063,0.1399454,10.800139
2467,2024-10-03 00:00:00+03:00,0.9594286,2.2967436,5.3263936,1.1178881,5.0905433,0.12051537,7.8631034
2468,2024-10-04 00:00:00+03:00,0.5406573,1.0613106,3.8445091,1.2733345,5.8100095,0.034417402,4.987268
2469,2024-10-05 00:00:00+03:00,0.2242348,0.7284016,2.192493,0.9515431,3.7373664,0.07223727,2.975188
2470,2024-10-06 00:00:00+03:00,0.32470575,1.025993,3.355715,1.103637,4.224209,0.036638312,4.707991
2471,2024-10-07 00:00:00+03:00,0.16880262,0.9340326,2.4749234,0.67111915,3.2729018,0.014008748,3.3754253
2472,2024-10-08 00:00:00+03:00,0.17552744,0.9045215,2.1258547,0.589729,3.0054398,0.09735962,3.4217093
2473,2024-10-09 00:00:00+03:00,0.851832,3.4989293,7.2505817,1.6301826,7.2829385,0.50784856,10.153426
2474,2024-10-10 00:00:00+03:00,0.5353728,2.8820744,7.1344624,1.2205743,6.8914223,0.27485627,9.18909
2475,2024-10-11 00:00:00+03:00,0.122211635,1.4903483,3.7885325,0.7800434,5.697265,0.12698558,6.9671206
2476,2024-10-12 00:00:00+03:00,0.052179128,0.58005846,2.270633,0.3868176,2.1993492,0.16304885,8.236215
2477,2024-10-13 00:00:00+03:00,0.093569696,0.834625,2.4809992,0.5438139,2.988761,0.20556049,5.454723
2478,2024-10-14 00:00:00+03:00,0.014318847,1.6152606,3.4493854,0.9047176,6.278856,0.02865559,4.467168
2479,2024-10-15 00:00:00+03:00,0.07652828,1.583322,3.2444704,0.9482157,5.131891,0.06597706,4.586214
2480,2024-10-16 00:00:00+03:00,0.019138949,0.31840807,1.4045664,0.43492034,2.2902677,0.090973936,2.7327607
2481,2024-10-17 00:00:00+03:00,0.02902743,0.47492194,1.4003252,0.4035399,2.3763404,0.045909386,2.710654
2482,2024-10-18 00:00:00+03:00,0.042119686,0.47399005,1.2944714,0.34382382,2.0849912,0.033185303,2.807229
2483,2024-10-19 00:00:00+03:00,0.060448065,1.3472418,3.14102,0.5724315,3.6383293,0.22194481,4.919968
2484,2024-10-20 00:00:00+03:00,0.16695134,1.294159,2.919812,0.77101046,3.3581,0.074451916,4.902049
2485,2024-10-21 00:00:00+03:00,0.33804724,2.9634895,5.8357463,0.8008098,5.038798,0.22071189,8.15511
2486,2024-10-22 00:00:00+03:00,0.2732956,7.319023,11.879092,1.1345042,9.85209,0.21845615,14.551572
2487,2024-10-23 00:00:00+03:00,0.068269245,2.4024549,5.5756245,0.6540855,5.0982194,0.14394864,11.015681
2488,2024-10-24 00:00:00+03:00,0.05776928,1.6521368,4.602812,0.4427171,3.7907782,0.07844744,10.342778
2489,2024-10-25 00:00:00+03:00,0.05551384,2.0107858,3.7339246,0.4629469,4.252091,0.06810585,7.0160003
2490,2024-10-26 00:00:00+03:00,0.4507953,7.4158483,12.628232,1.310171,9.296583,0.16899121,15.228087
2491,2024-10-27 00:00:00+03:00,0.8840313,11.265127,17.657799,1.8247086,11.8323,0.027042847,23.110367
2492,2024-10-28 00:00:00+02:00,0.38432562,3.527889,8.105172,0.78713375,6.0941606,0.09165307,12.919938
2493,2024-10-29 00:00:00+02:00,0.023943806,2.1814256,4.5709205,0.55789787,5.1857333,0.07550524,8.248756
2494,2024-10-30 00:00:00+02:00,0.035614293,2.0456908,3.9709876,0.4032327,8.066819,0.047764327,6.117975
2495,2024-10-31 00:00:00+02:00,0.03381945,0.85116726,3.2780116,0.3346498,2.887643,0.053267106,6.921339
2496,2024-11-01 00:00:00+02:00,0.09826167,1.6525031,3.996636,0.23673677,5.100628,0.02121523,6.692956
2497,2024-11-02 00:00:00+02:00,0.014526765,0.12469553,1.620924,0.3638684,1.3831414,0.082804285,3.9280984
2498,2024-11-03 00:00:00+02:00,0.03241583,0.5718042,2.1854389,0.3866825,2.3186772,0.062268496,4.951111
2499,2024-11-04 00:00:00+02:00,0.035473995,0.17833972,1.0130329,0.366572,1.8247832,0.04765572,1.9700352
2500,2024-11-05 00:00:00+02:00,0.28378633,0.72678417,2.24112,0.35399652,2.860403,0.03147419,4.4191747
2501,2024-11-06 00:00:00+02:00,1.4846872,1.432274,3.745752,0.33769894,4.7144346,0.029563742,7.2194977
2502,2024-11-07 00:00:00+02:00,1.5639416,2.421067,6.5346737,0.4684185,6.431001,0.0052824374,10.121698
2503,2024-11-08 00:00:00+02:00,1.0625831,0.8459811,2.7813556,0.44727278,5.338719,0.015336187,4.668403
2504,2024-11-09 00:00:00+02:00,0.71572655,1.4695269,3.6635349,0.45408538,5.787728,0.02793696,5.058824
2505,2024-11-10 00:00:00+02:00,0.45185664,2.6725686,5.6192093,0.4646221,6.155628,0.026702246,7.0056705
2506,2024-11-11 00:00:00+02:00,0.3731552,3.8963802,7.1376395,0.4923606,5.7896724,0.09463236,9.009786
2507,2024-11-12 00:00:00+02:00,0.4169456,4.4451404,8.854175,0.81454355,7.668608,0.05539699,11.156891
2508,2024-11-13 00:00:00+02:00,0.296712,2.6887445,5.042254,0.8166607,8.553939,0.023786267,6.1084027
2509,2024-11-14 00:00:00+02:00,0.4284685,2.0207195,4.3168154,0.5716378,8.616637,0.0036648905,5.736727
2510,2024-11-15 00:00:00+02:00,0.056498956,0.6000512,2.3252645,0.36734366,2.6765807,0.025359593,4.82439
2511,2024-11-16 00:00:00+02:00,0.48056415,2.197726,5.2902994,0.24273331,5.592319,0.007521709,7.4654655
2512,2024-11-17 00:00:00+02:00,0.3771188,5.2714,9.048337,0.5153432,11.093848,0.005922166,11.053853
2513,2024-11-18 00:00:00+02:00,0.021341376,1.081098,3.695968,0.44300792,4.4006047,0.042078737,4.915144
2514,2024-11-19 00:00:00+02:00,0.01801165,1.6634312,4.7336426,0.5176662,5.274409,0.07603978,6.742571
2515,2024-11-20 00:00:00+02:00,0.1030345,2.1818597,5.7025743,0.6122786,7.013971,0.01060658,6.420063
2516,2024-11-21 00:00:00+02:00,0.011381165,1.3483015,3.5168772,0.47969303,4.763638,0.04455173,4.188238
2517,2024-11-22 00:00:00+02:00,0.016898138,2.905571,6.285194,0.5951105,7.1762943,0.025563493,7.8027873
2518,2024-11-23 00:00:00+02:00,0.025779963,1.5733347,3.83939,0.5433116,4.6142826,0.035076883,5.692426
2519,2024-11-24 00:00:00+02:00,0.02752775,2.2789466,4.753743,0.5377539,4.2060432,0.08166826,6.4306617
2520,2024-11-25 00:00:00+02:00,6.5850754,2.9442503,7.971049,0.39984235,5.9160404,0.19684528,14.67437
2521,2024-11-26 00:00:00+02:00,2.239388,4.2298517,9.853986,0.5499359,7.5930996,0.09152963,15.034196
2522,2024-11-27 00:00:00+02:00,0.0873063,2.765206,5.1707597,0.45707116,6.690888,0.017324815,8.726177
2523,2024-11-28 00:00:00+02:00,0.057112172,4.2121716,7.712891,0.5590383,10.714673,0.0042346385,9.473609
2524,2024-11-29 00:00:00+02:00,0.036960363,1.4372368,3.4373834,0.587325,9.483504,0.0013390076,3.861677
2525,2024-11-30 00:00:00+02:00,0.028155282,1.3640171,2.7735503,0.4525794,4.778421,0.010421761,3.8527925
2526,2024-12-01 00:00:00+02:00,0.030546822,2.4398668,4.0293627,0.39161503,4.2452655,0.059110835,5.6244955
2527,2024-12-02 00:00:00+02:00,0.7699155,4.5940633,8.622325,0.7833476,8.650361,0.01005772,10.570481
2528,2024-12-03 00:00:00+02:00,1.5176557,5.2171164,12.396512,0.75705767,12.301253,0.009449373,15.726394
2529,2024-12-04 00:00:00+02:00,0.797864,4.6663013,10.10656,0.7062045,14.67237,0.0009529988,11.685107
2530,2024-12-05 00:00:00+02:00,0.51526076,4.270954,8.336801,0.70375866,9.186605,0.000673955,8.84017
2531,2024-12-06 00:00:00+02:00,0.28043255,3.9560862,7.90916,0.70254344,7.800097,0.00049948134,9.429675
2532,2024-12-07 00:00:00+02:00,0.32836697,3.9838943,7.535824,0.79407597,7.443788,0.0012829468,8.832025
2533,2024-12-08 00:00:00+02:00,0.19028945,2.5178866,5.2427764,0.88019043,8.1842165,0.00021130755,5.988144
2534,2024-12-09 00:00:00+02:00,0.7834968,3.2122614,6.361693,0.88985056,6.4389052,0.0009954608,7.6750016
2535,2024-12-10 00:00:00+02:00,0.112685055,1.1499444,2.40002,0.6155575,4.2539024,0.0023415072,2.8428392
2536,2024-12-11 00:00:00+02:00,0.044415127,0.79985327,2.338075,0.42007923,2.8482323,0.011517034,3.2986476
2537,2024-12-12 00:00:00+02:00,0.005418978,0.41277468,2.147051,0.50781,2.0428326,0.016316665,3.8343952
2538,2024-12-13 00:00:00+02:00,0.016490957,0.31604505,1.7620488,0.5076672,1.7133378,0.013935879,3.421344
2539,2024-12-14 00:00:00+02:00,0.11561352,3.9291306,11.233193,0.55215484,9.099368,0.0055275275,13.742747
2540,2024-12-15 00:00:00+02:00,0.028635157,1.8345958,4.007773,0.42128158,6.6704636,0.013802878,5.1915545
2541,2024-12-16 00:00:00+02:00,0.0047637355,0.34182143,2.0611668,0.3040163,2.1343606,0.026445061,3.5306718
2542,2024-12-17 00:00:00+02:00,0.002754505,0.30352345,1.8107988,0.4483719,1.842148,0.036339626,3.848134
2543,2024-12-18 00:00:00+02:00,0.0334463,0.8687249,2.8793955,0.45834112,3.667449,0.016734261,4.3561654
2544,2024-12-19 00:00:00+02:00,0.4027349,2.9708784,7.3944817,0.39984873,9.454757,0.030283025,8.320815
2545,2024-12-20 00:00:00+02:00,0.2581814,1.3756914,4.6120605,0.40165034,5.6795487,0.021730721,5.413572
2546,2024-12-21 00:00:00+02:00,0.014122187,1.3511652,4.3800387,0.42503867,4.0077186,0.019776328,6.5955353
2547,2024-12-22 00:00:00+02:00,0.010139333,3.8693473,8.514072,0.5043612,8.586683,0.0058815777,9.789358
2548,2024-12-23 00:00:00+02:00,0.010269028,2.5897105,6.329283,0.47372913,7.8305016,0.002020314,7.0839863
2549,2024-12-24 00:00:00+02:00,0.013953921,2.03346,6.0015244,0.503855,6.636932,0.003779655,7.275486
2550,2024-12-25 00:00:00+02:00,0.012068109,1.0852238,3.9317484,0.50378996,5.0044875,0.016031248,6.2238126
2551,2024-12-26 00:00:00+02:00,0.43047598,2.4774091,5.6574764,0.27654383,8.704167,0.007535958,7.9395638
2552,2024-12-27 00:00:00+02:00,0.34037194,0.8436448,2.1784997,0.13828114,3.9128091,0.009191862,3.2623072
2553,2024-12-28 00:00:00+02:00,0.3291827,1.2278857,2.1769173,0.20958354,6.766823,0.005335867,3.2607987
2554,2024-12-29 00:00:00+02:00,0.5928416,2.5079343,6.880291,0.39032245,13.37548,0.010639411,8.574733
2555,2024-12-30 00:00:00+02:00,0.20831318,3.3131783,6.4142647,0.361429,12.107353,0.003815893,8.522977
2556,2024-12-31 00:00:00+02:00,0.14051734,1.3415226,3.0162067,0.32817927,6.2001324,0.0074145757,3.7576628
2557,2025-01-01 00:00:00+02:00,0.8858038,3.3679206,8.542534,0.24616599,8.76798,0.005184126,11.647901
2558,2025-01-02 00:00:00+02:00,0.20606698,0.9227498,3.4392166,0.4306252,5.232325,0.055860434,4.1207824
2559,2025-01-03 00:00:00+02:00,0.010238905,0.7941571,3.030182,0.46015576,3.990552,0.06892835,3.7935286
2560,2025-01-04 00:00:00+02:00,0.00593379,0.287442,1.8608695,0.5103455,2.0066645,0.07353287,3.2991762
2561,2025-01-05 00:00:00+02:00,0.0077804425,2.777898,6.9796314,0.48451474,5.8108654,0.027151333,9.099161
2562,2025-01-06 00:00:00+02:00,0.15816577,2.5584471,6.0492134,0.54428846,6.9070315,0.028920285,7.147764
2563,2025-01-07 00:00:00+02:00,0.58191043,1.7510351,5.5471745,0.4870653,7.1865315,0.061531138,7.325236
2564,2025-01-08 00:00:00+02:00,0.04575212,1.5039049,5.6343007,0.47578943,8.775826,0.017166689,6.475888
2565,2025-01-09 00:00:00+02:00,0.029991427,1.851262,5.4660926,0.48239923,7.6009502,0.012471035,6.286569
2566,2025-01-10 00:00:00+02:00,0.10508711,1.4844671,4.650595,0.46437785,8.052468,0.018367143,5.113391
2567,2025-01-11 00:00:00+02:00,0.005320724,1.3423843,4.264334,0.48921633,8.701987,0.04129229,4.584007
2568,2025-01-12 00:00:00+02:00,0.005732838,1.4069093,3.782457,0.54115385,8.829213,0.015919307,3.942962
2569,2025-01-13 00:00:00+02:00,0.009313208,0.67346984,1.8382387,0.43819043,4.0632024,0.041702207,2.8494072
2570,2025-01-14 00:00:00+02:00,0.02343224,2.7640343,5.950516,0.38443843,7.3827147,0.0077849557,7.650482
2571,2025-01-15 00:00:00+02:00,0.022935666,0.7877364,2.2818773,0.26298577,4.084657,0.0027142363,2.7669659
2572,2025-01-16 00:00:00+02:00,0.07995142,1.0169677,2.5919964,0.22736377,3.7204397,0.0053033684,3.4593918
2573,2025-01-17 00:00:00+02:00,0.3011767,2.1664658,4.7211967,0.20423514,5.579078,0.013275072,6.6214375
2574,2025-01-18 00:00:00+02:00,0.08622622,2.302343,4.6524854,0.3245053,7.20603,0.043467637,6.9967856
2575,2025-01-19 00:00:00+02:00,0.06874908,1.1793553,2.7059622,0.27569255,3.8943202,0.018528694,3.9825048
2576,2025-01-20 00:00:00+02:00,0.08380092,1.2442739,2.7008898,0.2707414,3.8844812,0.0046167686,3.4047287
2577,2025-01-21 00:00:00+02:00,0.60335374,4.0932665,9.064225,0.7079532,9.991614,0.018591838,10.458865
2578,2025-01-22 00:00:00+02:00,0.9171059,5.1241784,12.320182,0.81919646,13.313254,0.010581712,14.235016
2579,2025-01-23 00:00:00+02:00,1.0870409,6.279545,13.5710945,1.0927442,14.215631,0.003179851,16.35025
2580,2025-01-24 00:00:00+02:00,0.21629769,3.570904,8.7332945,1.0246125,12.582435,0.008424551,10.357041
2581,2025-01-25 00:00:00+02:00,0.12002381,3.151533,8.936487,0.9442976,11.297818,0.036782026,10.659541
2582,2025-01-26 00:00:00+02:00,0.560581,3.2058365,9.014331,0.88829184,9.68644,0.089528315,10.805069
2583,2025-01-27 00:00:00+02:00,0.55174345,3.2312253,10.221761,0.72977704,9.178721,0.028399108,11.540778
2584,2025-01-28 00:00:00+02:00,0.5075498,2.8424501,6.936216,0.74203855,7.5051084,0.07125372,9.161695
2585,2025-01-29 00:00:00+02:00,0.6608961,3.0930262,8.514604,0.6040872,7.916454,0.07021257,10.269328
2586,2025-01-30 00:00:00+02:00,0.005853879,1.745017,5.9239173,0.6277918,9.771287,0.06487745,7.242186
2587,2025-01-31 00:00:00+02:00,0.029625274,3.0909948,8.774194,0.93899703,10.808198,0.08003559,11.635334
2588,2025-02-01 00:00:00+02:00,0.01000867,1.31622,6.3974886,0.6702313,17.398388,0.0051645944,7.9604316
2589,2025-02-02 00:00:00+02:00,0.0073043318,0.4759357,1.6080923,0.4581302,2.612196,0.048750807,2.2549381
2590,2025-02-03 00:00:00+02:00,0.0055262367,0.5903365,1.6851405,0.60565895,6.0826364,0.03037595,2.118157
2591,2025-02-04 00:00:00+02:00,0.011265066,0.731944,1.6491961,0.633113,4.9435577,0.047643695,2.5208132
2592,2025-02-05 00:00:00+02:00,0.04173225,2.2801855,3.856389,0.74945575,6.8985934,0.036897965,5.2333426
2593,2025-02-06 00:00:00+02:00,0.048083693,6.484731,13.658118,1.0568053,14.157104,0.029491477,15.586392
2594,2025-02-07 00:00:00+02:00,0.22864445,3.141985,5.99742,0.9763983,8.659973,0.04264387,6.9287534
2595,2025-02-08 00:00:00+02:00,0.48411182,5.1653886,8.87357,0.8905104,9.272225,0.0029287317,10.946799
2596,2025-02-09 00:00:00+02:00,0.65717524,3.7442217,5.142526,0.6644941,4.3737445,0.010858313,6.600807
2597,2025-02-10 00:00:00+02:00,0.616965,3.881522,5.530911,0.62418574,4.9447646,0.0046524447,6.868212
2598,2025-02-11 00:00:00+02:00,0.55786186,4.407949,7.280249,0.7747833,6.94937,0.00056788843,8.95641
2599,2025-02-12 00:00:00+02:00,1.0580906,3.5682576,5.6035614,0.6229144,4.3385887,0.010563511,7.6339755
2600,2025-02-13 00:00:00+02:00,1.427605,3.7098477,5.883591,0.59949714,3.5286853,0.027737722,8.619685
2601,2025-02-14 00:00:00+02:00,0.49789116,2.6664827,5.2154155,0.67436033,5.2466736,0.022080028,6.634888
2602,2025-02-15 00:00:00+02:00,0.06214297,0.7301517,2.1376042,0.5848413,2.567796,0.057704177,3.2512531
2603,2025-02-16 00:00:00+02:00,0.079494156,0.8006062,2.0627162,0.5867317,2.4493902,0.0639419,3.5240297
2604,2025-02-17 00:00:00+02:00,0.049267296,0.733737,2.4394236,0.5428,2.4781506,0.066278525,3.919919
2605,2025-02-18 00:00:00+02:00,0.02187292,0.8391354,2.690121,0.48379287,2.9066105,0.058078866,3.418759
2606,2025-02-19 00:00:00+02:00,0.048056453,0.58436537,2.0491674,0.4695759,2.2442687,0.042586535,2.9439566
2607,2025-02-20 00:00:00+02:00,0.1264273,0.944254,2.5943496,0.51992375,2.8548977,0.03480215,4.1274514
2608,2025-02-21 00:00:00+02:00,0.08596403,1.4534782,2.9002028,0.566413,3.4733238,0.16076596,4.3611917
2609,2025-02-22 00:00:00+02:00,0.18270291,2.3882658,4.4837275,0.8255856,4.418158,0.21417277,6.4648037
2610,2025-02-23 00:00:00+02:00,0.22468548,2.9023054,5.5693974,0.96212333,4.269134,0.13693264,6.8160515
2611,2025-02-24 00:00:00+02:00,0.17793553,4.8540745,10.621608,1.0807121,6.4610496,0.068952166,13.036077
2612,2025-02-25 00:00:00+02:00,0.31645858,7.3984227,14.487286,1.4802022,8.444747,0.07633931,17.200811
2613,2025-02-26 00:00:00+02:00,0.6247867,8.810815,16.780579,1.913205,13.004533,0.04715243,20.014347
2614,2025-02-27 00:00:00+02:00,0.6333089,10.995037,20.637812,1.8207933,10.575624,0.04605457,23.704172
2615,2025-02-28 00:00:00+02:00,0.3979808,8.954158,16.375587,1.4578524,9.264649,0.025300577,19.478085
2616,2025-03-01 00:00:00+02:00,0.1716497,4.4608865,8.493135,1.2990723,7.8896675,0.0025824406,9.310837
2617,2025-03-02 00:00:00+02:00,0.08345836,3.121847,6.149609,0.7979281,5.7258334,0.041925836,7.87027
2618,2025-03-03 00:00:00+02:00,0.073490806,2.3621309,5.2378483,0.60354924,4.1728997,0.08542844,8.356147
2619,2025-03-04 00:00:00+02:00,0.06445759,2.7679756,5.683491,0.59961176,4.543523,0.052741144,8.645291
2620,2025-03-05 00:00:00+02:00,0.14049959,5.2462425,8.292415,0.67972916,6.883187,0.29828802,11.636932
2621,2025-03-06 00:00:00+02:00,0.85881406,7.0490108,10.733199,0.91634053,8.948951,0.6807434,14.832292
2622,2025-03-07 00:00:00+02:00,1.6126947,13.089161,19.764303,1.6134554,11.487847,1.0035535,25.23541
2623,2025-03-08 00:00:00+02:00,1.5859436,15.798523,22.914946,1.9145967,11.762035,1.1318783,29.094109
2624,2025-03-09 00:00:00+02:00,2.0612907,11.981754,19.635332,1.5446634,9.110883,0.93495697,25.617004
2625,2025-03-10 00:00:00+02:00,0.9288524,7.587994,17.36646,1.2014247,6.990841,0.9025232,21.900442
2626,2025-03-11 00:00:00+02:00,5.535133,14.475075,33.061222,2.4943635,12.057213,0.4628266,45.24445
2627,2025-03-12 00:00:00+02:00,3.5336006,16.30686,35.039272,3.2792652,13.281503,0.13330008,45.919376
2628,2025-03-13 00:00:00+02:00,1.9210263,8.337488,16.28064,1.504241,7.496885,0.3068707,20.088587
2629,2025-03-14 00:00:00+02:00,0.18645793,1.236754,3.403841,1.1172191,5.817633,0.09963789,4.284643
2630,2025-03-15 00:00:00+02:00,0.13934214,0.92631525,1.8433164,0.7373452,2.2950923,0.11063685,2.8984413
2631,2025-03-16 00:00:00+02:00,0.19509666,1.8925833,4.125368,0.7933504,3.0312784,0.15267928,5.5346475
2632,2025-03-17 00:00:00+02:00,0.0568648,0.44197476,1.6807493,0.6656723,1.7040912,0.10494272,2.9122107
2633,2025-03-18 00:00:00+02:00,0.07327229,0.9528083,2.593356,0.57556266,2.456171,0.1206452,4.3979588
2634,2025-03-19 00:00:00+02:00,0.23159905,1.9857708,3.7033927,0.4885497,2.6896398,0.11763289,6.047474
2635,2025-03-20 00:00:00+02:00,0.2948362,4.6766095,7.582625,0.8262616,5.1632276,0.61438113,11.514542
2636,2025-03-21 00:00:00+02:00,0.22949328,11.685215,16.661741,1.8986017,10.010714,0.8523089,22.040047
2637,2025-03-22 00:00:00+02:00,0.24278925,4.333072,8.017446,1.3961564,5.054649,0.28778374,10.668981
2638,2025-03-23 00:00:00+02:00,0.2020166,2.4705353,6.3719773,1.0810995,4.4673295,0.11383114,9.223351
2639,2025-03-24 00:00:00+02:00,0.20106097,1.844978,4.9248734,1.0171643,4.9883122,0.05556794,5.702633
2640,2025-03-25 00:00:00+02:00,0.2555633,2.990961,6.0421624,1.0898635,5.4087625,0.10839064,8.015221
2641,2025-03-26 00:00:00+02:00,0.43073264,7.1009674,12.715793,1.332694,7.1381874,0.10069659,14.911172
2642,2025-03-27 00:00:00+02:00,0.1047752,2.008896,3.579047,1.0575621,5.338978,0.07950158,4.3626437
2643,2025-03-28 00:00:00+02:00,0.4522023,3.0348272,5.9069047,1.0714713,4.9554887,0.20430285,8.277965
2644,2025-03-29 00:00:00+02:00,0.31613106,1.862855,4.3841567,1.1981161,4.685861,0.36396918,5.680155
2645,2025-03-30 00:00:00+02:00,0.6211457,2.3388164,6.0391765,1.3950981,5.367999,0.33975756,8.152045
2646,2025-03-31 00:00:00+03:00,3.834876,2.9070375,7.069271,0.828327,4.1950464,0.16881661,11.401017
2647,2025-04-01 00:00:00+03:00,2.9236834,3.1121662,6.1957164,0.6699872,3.5292466,0.098424464,9.027481
2648,2025-04-02 00:00:00+03:00,0.37183094,1.5200148,4.6225753,0.8874135,4.1272607,0.46836218,7.12618
2649,2025-04-03 00:00:00+03:00,0.23438627,0.82981735,2.0662935,0.51119506,3.2209575,0.71087474,3.6327436
2650,2025-04-04 00:00:00+03:00,0.22337574,1.4270142,3.1415968,0.66211706,3.6572459,0.7630525,5.4591956
2651,2025-04-05 00:00:00+03:00,0.078374036,0.8878258,2.5572145,0.6787884,2.0651472,0.22152276,3.7808228
2652,2025-04-06 00:00:00+03:00,0.43165627,1.8018094,4.040529,0.7729356,3.401654,1.8835028,5.506408
2653,2025-04-07 00:00:00+03:00,0.5438896,1.4428998,3.0134351,0.7485613,2.306772,0.3039585,4.906308
2654,2025-04-08 00:00:00+03:00,0.27021024,1.4873428,2.7658932,0.7597787,2.787777,0.25859022,4.1110697
2655,2025-04-09 00:00:00+03:00,0.48598972,1.4716411,2.9899702,0.73333067,2.5196075,0.33590415,4.54938
2656,2025-04-10 00:00:00+03:00,0.18181314,0.8191626,1.9033885,0.6851739,1.7933689,0.3134372,3.2405984
2657,2025-04-11 00:00:00+03:00,0.2181611,2.0449026,4.1696353,0.782288,2.8485382,0.37657127,5.347179
2658,2025-04-12 00:00:00+03:00,0.27420494,1.5741905,3.132301,0.799377,2.7913666,0.65265685,4.3808107
2659,2025-04-13 00:00:00+03:00,0.40333068,6.2327957,9.321972,0.83009964,4.1407056,0.8892224,11.320178
2660,2025-04-14 00:00:00+03:00,0.76720864,5.8484955,9.220042,1.3164766,5.931849,1.6935095,11.720516
2661,2025-04-15 00:00:00+03:00,1.1099659,6.644507,10.835923,1.5494188,7.04414,1.1685089,13.694686
2662,2025-04-16 00:00:00+03:00,1.8736454,3.4913788,7.497001,1.1185726,5.1536503,0.7203631,9.451955
2663,2025-04-17 00:00:00+03:00,7.981629,4.8403125,10.810856,1.366825,6.424085,1.2135473,19.266796
2664,2025-04-18 00:00:00+03:00,20.277664,3.6043632,11.827927,0.7673785,5.9064007,1.4438642,33.835735
2665,2025-04-19 00:00:00+03:00,13.407178,3.3782616,9.504378,1.1391913,6.112929,0.9216319,23.126932
2666,2025-04-20 00:00:00+03:00,1.1376148,4.4055266,7.8348217,1.8429767,7.2237153,1.1631224,11.330173
2667,2025-04-21 00:00:00+03:00,0.7001865,2.7431562,5.0846963,1.7698468,5.9771385,1.8602053,7.9147453
2668,2025-04-22 00:00:00+03:00,2.4288442,4.0939507,8.114939,1.4042903,6.6900115,1.7390445,11.945136
2669,2025-04-23 00:00:00+03:00,0.9391375,2.9367714,5.3298907,1.5572656,5.6018624,0.8895045,6.985586
2670,2025-04-24 00:00:00+03:00,0.41724786,2.422435,4.2109675,1.4972134,5.349463,1.0723209,6.531079
2671,2025-04-25 00:00:00+03:00,0.4137858,2.0697024,3.9683,1.2582841,4.2563844,0.46248505,5.0756655
2672,2025-04-26 00:00:00+03:00,0.31466365,1.0605952,2.4091642,0.7625231,2.1690805,0.40300217,3.6572514
2673,2025-04-27 00:00:00+03:00,0.33293927,1.1145403,2.3089328,0.7283897,2.006309,0.55677843,3.4876597
2674,2025-04-28 00:00:00+03:00,0.5200553,1.7693008,3.077324,0.7780679,2.6672428,1.0947615,5.3398967
2675,2025-04-29 00:00:00+03:00,0.51654905,4.1547713,6.3449874,1.0436708,4.145227,1.0625435,9.832725
2676,2025-04-30 00:00:00+03:00,0.26593578,0.6211925,1.9071528,0.7388045,2.9399378,0.5360847,3.166316
2677,2025-05-01 00:00:00+03:00,0.18777807,0.7979613,1.7839037,0.6852202,2.644627,0.4163395,2.5497797
2678,2025-05-02 00:00:00+03:00,0.46402553,1.8513788,3.6693003,0.98961496,3.7922947,1.0155742,5.1758914
2679,2025-05-03 00:00:00+03:00,0.46485743,2.584812,5.099362,1.0130321,3.780536,0.8092134,7.400307
2680,2025-05-04 00:00:00+03:00,0.38145876,1.8433698,4.1063113,0.911194,3.7739449,0.4779823,6.038391
2681,2025-05-05 00:00:00+03:00,0.13506027,1.408444,2.4360006,0.8146716,2.5410988,0.44305822,3.2704887
2682,2025-05-06 00:00:00+03:00,0.3117827,1.5685416,2.7446766,0.8899972,2.5032856,0.6563717,4.4364676
2683,2025-05-07 00:00:00+03:00,0.33719337,1.9059443,3.2032692,0.8858622,2.7301223,0.5397381,4.5692973
2684,2025-05-08 00:00:00+03:00,0.2625676,1.7970387,3.0801847,0.9124167,2.6886437,0.48745236,4.6718135
2685,2025-05-09 00:00:00+03:00,0.36110118,1.6480535,2.9209363,0.9875276,2.5645697,0.6208318,4.5844254
2686,2025-05-10 00:00:00+03:00,0.26241535,1.656875,3.0753186,1.3198425,3.1440027,0.5874886,4.676042
2687,2025-05-11 00:00:00+03:00,0.26331285,1.0931492,2.1971502,0.9725392,2.6333716,0.5082088,3.1449845
2688,2025-05-12 00:00:00+03:00,0.45497385,1.6274422,3.0222368,0.98851967,3.038895,0.6066932,4.2615333
2689,2025-05-13 00:00:00+03:00,0.7446844,1.6688986,3.3381376,1.0588285,3.0051491,0.6832712,5.1026134
2690,2025-05-14 00:00:00+03:00,0.5488417,2.513913,4.4828134,1.1819571,3.685217,0.5487512,6.53546
2691,2025-05-15 00:00:00+03:00,0.13213222,1.1313182,2.5587485,0.7075431,2.3492732,0.73739046,3.9198592
2692,2025-05-16 00:00:00+03:00,0.087008804,1.7277346,3.2262619,1.1008377,3.5305016,0.6155516,4.247777
2693,2025-05-17 00:00:00+03:00,0.15994589,1.8249245,3.603575,1.446516,4.528978,0.4094266,4.256225
2694,2025-05-18 00:00:00+03:00,0.14084443,2.653888,4.0773187,1.7299644,4.6044364,0.6664873,5.035113
2695,2025-05-19 00:00:00+03:00,0.14738607,2.8488371,4.691259,2.010249,5.0487566,0.7679525,5.357801
2696,2025-05-20 00:00:00+03:00,0.56507397,1.5900062,4.06972,1.0833691,4.361879,0.78723073,5.3255267
2697,2025-05-21 00:00:00+03:00,0.5489928,1.7272373,3.793154,0.856891,3.4607887,0.84697366,6.4426517
2698,2025-05-22 00:00:00+03:00,0.88105434,4.863856,7.65465,2.85102,7.111147,0.67621803,9.779878
2699,2025-05-23 00:00:00+03:00,0.33209053,3.3775914,5.2557144,2.0858045,5.587644,0.5047132,7.165914
2700,2025-05-24 00:00:00+03:00,0.09145981,0.9454555,1.9310694,1.4677253,4.0998755,0.18228233,2.5305674
2701,2025-05-25 00:00:00+03:00,0.21921791,1.2341186,2.1516635,1.0973313,2.8437996,0.5412828,3.388996
2702,2025-05-26 00:00:00+03:00,0.31082964,1.4207789,3.1604617,1.4632095,4.4634347,0.8343132,4.2429457
2703,2025-05-27 00:00:00+03:00,0.35209274,2.587286,4.5522165,1.0779566,3.8940384,1.1450233,6.959147
2704,2025-05-28 00:00:00+03:00,0.4442704,1.6882063,4.1409917,1.2259982,4.316005,0.4645863,5.8382835
2705,2025-05-29 00:00:00+03:00,0.7119234,1.5007116,4.7203803,1.6134881,6.8451486,0.19728386,6.1077123
2706,2025-05-30 00:00:00+03:00,0.3788871,1.8387427,3.9773467,1.2228423,4.1528106,0.8362301,6.092853
2707,2025-05-31 00:00:00+03:00,0.09793561,2.0330508,3.778238,0.9642957,4.1133933,0.65206265,6.7521305
2708,2025-06-01 00:00:00+03:00,0.15633208,1.3058666,3.0432281,0.70935696,2.376446,0.54804385,4.542195
2709,2025-06-02 00:00:00+03:00,0.57285243,2.6519206,5.9723163,1.4239812,5.0726485,0.6247428,8.381491
2710,2025-06-03 00:00:00+03:00,0.40770188,1.4765196,3.6827457,0.8617286,3.0366993,0.54362816,6.724417
2711,2025-06-04 00:00:00+03:00,0.2765819,2.2515514,4.4667916,1.4427863,4.348848,0.6625186,6.3404064
2712,2025-06-05 00:00:00+03:00,0.9542284,3.5169191,8.146798,1.927966,8.9944725,0.71069485,10.887046
2713,2025-06-06 00:00:00+03:00,0.72275823,2.791191,6.9149456,2.0819347,7.7588143,0.61484736,8.141598
2714,2025-06-07 00:00:00+03:00,0.4092114,1.9679033,4.4119096,1.6422399,5.4960384,0.5883313,5.9769435
2715,2025-06-08 00:00:00+03:00,0.27077255,1.6794485,4.0141997,1.527788,5.5134563,0.5786167,5.1715775
2716,2025-06-09 00:00:00+03:00,0.14846472,1.6412374,3.8281915,1.3101677,4.620047,0.21732664,5.665952
2717,2025-06-10 00:00:00+03:00,0.3942206,2.146979,4.6076193,0.88516325,3.0671682,0.56007046,7.696937
2718,2025-06-11 00:00:00+03:00,0.37517527,2.9904928,6.356125,1.840239,5.2038617,0.5611285,8.076743
2719,2025-06-12 00:00:00+03:00,0.12794514,2.1067262,4.680858,2.1576235,5.3596025,0.15716551,7.1136823
2720,2025-06-13 00:00:00+03:00,0.22017902,1.9201411,5.045451,1.8075957,5.086776,0.2889164,6.2942276
2721,2025-06-14 00:00:00+03:00,0.2458765,0.8523583,3.0074723,0.97440916,3.7068005,0.41092324,3.946625
2722,2025-06-15 00:00:00+03:00,0.73016876,1.0383794,3.0733569,0.75746894,3.6202717,0.61331266,4.4214725
2723,2025-06-16 00:00:00+03:00,1.5669962,1.9485186,5.133077,1.0535977,4.89868,1.0891298,7.8213134
2724,2025-06-17 00:00:00+03:00,0.5757963,1.8398647,5.5810456,1.0568072,4.0808625,0.35622454,8.415292
2725,2025-06-18 00:00:00+03:00,0.868751,3.4171152,7.662708,0.98703,3.869191,0.32798377,11.365106
2726,2025-06-19 00:00:00+03:00,0.3512933,1.5184755,4.186563,0.81661254,2.8929718,0.27735993,6.4477096
2727,2025-06-20 00:00:00+03:00,0.1747513,0.7723736,2.5665612,0.7430897,3.0420444,0.17959447,3.7144306
2728,2025-06-21 00:00:00+03:00,0.42316926,1.2750717,3.3750136,0.7178996,2.9413776,0.45400262,5.369758
2729,2025-06-22 00:00:00+03:00,0.27458492,1.5784651,3.6936347,1.013381,3.4863756,0.39933324,6.039524
2730,2025-06-23 00:00:00+03:00,0.3789786,0.94678277,2.9697526,1.0335578,4.2110305,0.48873237,4.1656485
2731,2025-06-24 00:00:00+03:00,0.29830396,1.4530196,4.1734242,1.0210778,4.1452622,0.32503995,6.7927775
2732,2025-06-25 00:00:00+03:00,0.13145928,1.696186,3.846969,1.2418287,4.1708455,0.19817841,5.0277085
2733,2025-06-26 00:00:00+03:00,0.18527508,0.9498114,3.201793,1.2168509,3.8411257,0.37615147,4.076149
2734,2025-06-27 00:00:00+03:00,0.36729935,1.2150195,3.4217138,1.3839431,5.2160554,0.40247038,4.6549315
2735,2025-06-28 00:00:00+03:00,0.20894577,1.0292349,3.1034992,0.8477405,3.3965683,0.39175913,5.1482368
2736,2025-06-29 00:00:00+03:00,0.277658,2.1279397,4.761414,0.69513655,2.8556843,0.26622903,8.235129
2737,2025-06-30 00:00:00+03:00,0.09474518,0.6835608,3.0146348,0.5158176,2.379277,0.35157788,5.3490987
2738,2025-07-01 00:00:00+03:00,0.0758672,0.36255836,2.1361406,0.26660094,1.8566931,0.16987711,4.3785114
2739,2025-07-02 00:00:00+03:00,0.2986646,0.7518007,2.6086605,0.6401667,4.1189427,0.6347212,4.0440345
2740,2025-07-03 00:00:00+03:00,0.65352505,1.7419991,5.2914786,0.95656234,6.273151,1.4651331,8.267612
2741,2025-07-04 00:00:00+03:00,0.22336017,0.90477663,3.2595336,0.861986,3.4990785,0.47394574,5.724756
2742,2025-07-05 00:00:00+03:00,0.26605755,1.584283,3.7355597,0.7248183,2.8732564,0.6046045,6.442325
2743,2025-07-06 00:00:00+03:00,0.29558492,2.4781759,6.0948577,1.4576803,6.818737,2.1822758,10.098265
2744,2025-07-07 00:00:00+03:00,0.5409791,3.5308988,8.412477,1.4494715,8.795684,1.8386909,12.717563
2745,2025-07-08 00:00:00+03:00,0.25046414,3.6468556,7.204092,2.3747647,7.7645555,0.6130302,8.863088
2746,2025-07-09 00:00:00+03:00,0.13598897,1.6007015,3.8115578,1.6062102,6.920037,0.24297951,4.911472
2747,2025-07-10 00:00:00+03:00,0.16412233,0.8735556,2.8927705,1.8523645,9.162644,0.1055002,3.2033184
2748,2025-07-11 00:00:00+03:00,0.16720949,1.5711149,3.9540634,1.8240994,9.834154,0.3616492,4.449892
2749,2025-07-12 00:00:00+03:00,0.11072492,2.5901148,5.1989074,1.8683391,6.119167,1.0702337,6.8360257
2750,2025-07-13 00:00:00+03:00,0.16671233,1.9397982,5.4488225,1.4661341,6.662657,1.1656181,7.455135
2751,2025-07-14 00:00:00+03:00,0.13438813,2.5518687,5.567362,1.549581,6.9956136,0.69598395,6.922193
2752,2025-07-15 00:00:00+03:00,0.15795644,3.551318,6.545302,1.9483174,7.2155585,0.49929965,7.205902
2753,2025-07-16 00:00:00+03:00,0.13989446,2.988497,6.031027,2.27698,7.2314854,0.46610165,6.858151
2754,2025-07-17 00:00:00+03:00,0.115404256,1.712993,5.060371,2.1964912,7.1759906,0.43261114,6.0884767
2755,2025-07-18 00:00:00+03:00,0.17104332,1.4429822,4.8209934,3.1240952,9.560245,0.19365658,6.1709366
2756,2025-07-19 00:00:00+03:00,0.16212359,1.3310021,4.6259103,2.2083404,10.247132,0.2937598,5.591869
2757,2025-07-20 00:00:00+03:00,0.17650944,1.4320928,4.4574623,1.6738464,9.46135,0.1942137,5.3538933
2758,2025-07-21 00:00:00+03:00,0.10750294,1.0395252,4.1001205,1.8206996,10.067164,0.31963438,5.354794
2759,2025-07-22 00:00:00+03:00,0.10763525,1.7037944,5.85384,1.9891009,11.019866,0.5054453,7.0663896
2760,2025-07-23 00:00:00+03:00,0.085790716,2.262839,5.3409576,2.04265,8.905062,0.47602797,6.020796
2761,2025-07-24 00:00:00+03:00,0.025007466,3.6292553,6.306211,2.630297,8.102532,0.6367727,7.8877196
2762,2025-07-25 00:00:00+03:00,0.026017264,1.9088544,5.1447573,2.9001763,9.287228,0.42429376,6.248029
2763,2025-07-26 00:00:00+03:00,0.032078505,2.8734505,6.045853,1.9434735,7.7034397,0.50379956,7.3384686
2764,2025-07-27 00:00:00+03:00,0.12635101,2.5441704,6.422755,1.4761573,7.995106,0.6463016,7.5572567
2765,2025-07-28 00:00:00+03:00,0.5032785,2.647591,6.358104,1.4623575,9.638665,0.30747345,7.7407327
2766,2025-07-29 00:00:00+03:00,0.47413722,2.6138928,5.9500165,1.5718193,8.978684,0.4585183,7.9025574
2767,2025-07-30 00:00:00+03:00,0.16829096,1.6474403,4.3037825,1.2056085,7.963838,0.13638875,4.5388007
2768,2025-07-31 00:00:00+03:00,0.049539957,0.92570156,2.9486752,0.72562593,4.0449476,0.13421302,3.7415316
2769,2025-08-01 00:00:00+03:00,0.06663091,1.6027508,3.2110732,0.9524288,3.6104298,0.25344744,4.4143386
2770,2025-08-02 00:00:00+03:00,0.0770741,3.6612415,6.975183,2.301475,7.397385,1.0206088,9.042183
2771,2025-08-03 00:00:00+03:00,0.10684687,2.9390469,7.197533,1.5364243,8.824031,0.8581379,8.960687
2772,2025-08-04 00:00:00+03:00,0.09901359,3.3181717,7.7623343,1.4993626,9.057621,0.78763217,9.208601
2773,2025-08-05 00:00:00+03:00,0.09550318,2.8623228,6.073244,1.5371422,6.277691,1.0650278,8.699257
2774,2025-08-06 00:00:00+03:00,0.081654795,1.7330055,4.0656652,1.1340474,4.448722,0.39727506,7.4363847
2775,2025-08-07 00:00:00+03:00,0.08810028,1.6762418,4.3694234,0.8612819,3.569928,0.5252895,8.791497
2776,2025-08-08 00:00:00+03:00,0.12971397,2.8049462,6.354555,1.5914539,5.840182,1.4225003,10.083329
2777,2025-08-09 00:00:00+03:00,0.13197842,4.613816,8.048995,1.986538,6.7504306,0.89429164,11.79519
2778,2025-08-10 00:00:00+03:00,0.16233785,3.2305343,7.323315,1.513031,6.706304,1.2387737,10.69345
2779,2025-08-11 00:00:00+03:00,0.065544166,1.4574666,3.9221299,0.88448095,3.699199,0.6326532,6.5922723
2780,2025-08-12 00:00:00+03:00,0.06305935,1.5471762,3.9704788,0.57513064,2.7852118,0.4417292,6.9702473
2781,2025-08-13 00:00:00+03:00,0.14317785,2.222592,5.1048775,0.7011129,3.2112837,0.716592,8.556621
2782,2025-08-14 00:00:00+03:00,0.12728317,0.9555847,3.138666,0.91308314,3.8043969,0.5433212,5.3093786
2783,2025-08-15 00:00:00+03:00,0.14026284,0.9220176,3.147485,0.9170497,3.8249848,0.88920456,4.4851117
2784,2025-08-16 00:00:00+03:00,1.6811105,2.4087398,6.96942,1.1076823,6.902241,1.1292517,10.389785
2785,2025-08-17 00:00:00+03:00,0.03287612,0.5153898,2.024017,0.419028,2.2991917,0.38886186,3.280536
2786,2025-08-18 00:00:00+03:00,0.088805296,0.675698,2.3540757,0.843395,3.2429435,0.47191465,3.2205923
2787,2025-08-19 00:00:00+03:00,0.20335443,1.1911489,2.961591,0.7940151,3.2667177,0.5036219,4.5245395
2788,2025-08-20 00:00:00+03:00,0.13624011,2.2348049,4.6980443,1.336332,4.9841657,0.7175434,7.0225315
2789,2025-08-21 00:00:00+03:00,0.011631376,0.69409156,1.9520882,0.9079328,2.828634,0.49377677,2.8447495
2790,2025-08-22 00:00:00+03:00,0.031011052,1.625029,3.4472198,1.124322,3.9616776,0.7510024,5.308027
2791,2025-08-23 00:00:00+03:00,0.016019253,1.2483572,2.630572,0.9245649,2.691884,0.36422968,4.7868304
2792,2025-08-24 00:00:00+03:00,0.005692883,0.6018229,1.4070091,0.5726107,2.3866975,0.25438842,1.8933278
2793,2025-08-25 00:00:00+03:00,0.013464648,0.68218535,1.5697371,0.5427838,2.3992703,0.24847822,2.1222951
2794,2025-08-26 00:00:00+03:00,0.0059824497,0.69647235,2.0936282,0.89819884,3.0579002,0.2957305,2.6834154
2795,2025-08-27 00:00:00+03:00,0.021615067,0.9338062,1.9637493,0.92127484,2.905472,0.43930045,2.7044094
2796,2025-08-28 00:00:00+03:00,0.2453413,3.8326461,7.1340547,1.9425883,6.747438,1.4521446,11.098893
2797,2025-08-29 00:00:00+03:00,2.8283775,3.8117726,9.935251,1.511648,8.420308,1.3772041,15.389599
2798,2025-08-30 00:00:00+03:00,5.453167,4.248842,11.075855,1.7688918,9.69468,1.5020462,18.076094
2799,2025-08-31 00:00:00+03:00,3.468199,4.128288,10.64416,1.830737,11.1716585,1.1248285,14.382591
2800,2025-09-01 00:00:00+03:00,1.1866057,2.4773571,6.079618,1.2263513,7.3674583,0.16590144,9.569164
2801,2025-09-02 00:00:00+03:00,0.663419,1.350143,3.9857557,1.2838541,5.8025417,0.6104389,6.2348046
2802,2025-09-03 00:00:00+03:00,2.596029,2.8229876,7.6784453,1.5615543,8.605612,0.95584655,12.151405
2803,2025-09-04 00:00:00+03:00,1.2711163,4.3561254,10.595756,2.1683223,10.19072,0.51397955,12.939885
2804,2025-09-05 00:00:00+03:00,1.9132675,4.0436616,9.533761,1.5087913,8.589444,0.836343,13.089272
2805,2025-09-06 00:00:00+03:00,1.6516587,2.5322719,8.072141,1.1094383,8.912971,1.1448337,12.629437
2806,2025-09-07 00:00:00+03:00,1.725884,2.788453,7.4983907,0.9195686,7.157738,0.7777826,11.550357
2807,2025-09-08 00:00:00+03:00,5.598015,3.6031168,8.225617,1.0564778,5.5975666,0.3405477,15.50825
2808,2025-09-09 00:00:00+03:00,6.907991,3.7249594,8.771467,1.1483859,5.3228602,0.2621545,16.158827
2809,2025-09-10 00:00:00+03:00,2.5078785,4.9217396,9.743605,0.8280325,4.780939,0.28614172,13.09187
2810,2025-09-11 00:00:00+03:00,1.4132823,3.4711342,7.800773,0.65733236,4.3586035,0.47644556,10.409839
2811,2025-09-12 00:00:00+03:00,0.35708225,2.4614503,5.370689,0.8693469,5.609291,0.15042435,6.5165963
2812,2025-09-13 00:00:00+03:00,0.45355234,4.060221,7.6032605,1.4235163,6.9644885,0.7448075,9.259376
2813,2025-09-14 00:00:00+03:00,0.3147584,3.2848148,7.550283,0.7708865,5.3994827,0.81638664,10.334779
2814,2025-09-15 00:00:00+03:00,0.113506116,2.7368536,5.8197913,1.1488564,6.7147098,0.45422375,7.047207
2815,2025-09-16 00:00:00+03:00,0.081981555,1.8457168,4.718697,1.5891337,7.076145,0.69530886,6.1567407
2816,2025-09-17 00:00:00+03:00,0.040646244,2.3134167,5.0230665,0.99903756,5.132278,0.7971881,7.239088
2817,2025-09-18 00:00:00+03:00,0.044769283,1.4664769,3.5828288,1.1052011,4.6013646,0.47980285,5.929773
2818,2025-09-19 00:00:00+03:00,0.11464161,2.0880752,5.220552,0.8731734,4.955399,0.45884538,8.434453
2819,2025-09-20 00:00:00+03:00,0.6518121,2.193586,4.922893,0.8259627,4.618692,0.8122441,7.9024315
2820,2025-09-21 00:00:00+03:00,1.5993034,2.9466543,7.478438,1.654078,11.13395,2.0061338,10.916294
2821,2025-09-22 00:00:00+03:00,0.86783,2.4436123,6.0974135,0.9073371,7.41176,1.2449509,8.985164
2822,2025-09-23 00:00:00+03:00,0.07488696,0.63459307,2.0277374,0.5015059,2.1690607,0.3956661,4.3646493
2823,2025-09-24 00:00:00+03:00,0.07605178,0.41108432,1.3562495,0.51057047,1.7595143,0.29384026,2.9428082
2824,2025-09-25 00:00:00+03:00,0.1213683,0.4183997,1.1821352,0.46532488,1.7736162,0.2781863,2.260967
2825,2025-09-26 00:00:00+03:00,0.1199888,0.64703923,1.5528861,0.58809894,2.4989164,0.5273231,2.8037536
2826,2025-09-27 00:00:00+03:00,0.13077503,1.2993698,2.6741936,0.63501585,3.091773,0.4685705,4.171597
2827,2025-09-28 00:00:00+03:00,0.05246723,0.76510453,2.339681,0.65807503,3.0759907,0.21330382,3.2542102
2828,2025-09-29 00:00:00+03:00,0.047180593,1.4563128,2.9153507,0.9048359,3.752842,0.23476453,3.9546597
2829,2025-09-30 00:00:00+03:00,0.07362103,2.7897081,5.014688,1.0282068,3.8004668,0.27803206,6.507693
2830,2025-10-01 00:00:00+03:00,0.12006294,2.9165936,5.343495,1.2021717,3.5443,0.3069249,6.5243363
2831,2025-10-02 00:00:00+03:00,0.23963124,2.6628482,5.1518044,1.7368828,6.123115,0.10561486,7.496323
2832,2025-10-03 00:00:00+03:00,0.14631057,2.6679494,5.0321274,1.4791571,6.407727,0.20104481,7.3939095
2833,2025-10-04 00:00:00+03:00,2.366058,3.0672894,6.585699,1.0426444,5.3628106,0.23917378,10.4758835
2834,2025-10-05 00:00:00+03:00,3.2305257,3.40181,8.614039,0.9412039,5.8027587,0.38339853,13.855717
2835,2025-10-06 00:00:00+03:00,0.028336622,3.268502,5.9392543,0.67131066,4.511783,0.9251323,8.709653
2836,2025-10-07 00:00:00+03:00,0.030700155,4.730434,7.422056,1.1683576,6.267206,0.5523985,10.400196
2837,2025-10-08 00:00:00+03:00,0.03812948,4.8546805,6.7385483,1.2175499,6.126282,0.5877765,9.196565
2838,2025-10-09 00:00:00+03:00,0.053785745,3.7181387,5.410576,1.0474275,5.896982,0.55252016,7.7805896
2839,2025-10-10 00:00:00+03:00,0.056333464,0.9082077,2.2280757,0.45713386,2.596986,0.11554287,4.011278
2840,2025-10-11 00:00:00+03:00,0.054246057,0.9371736,2.5468686,0.4255009,2.196516,0.18894435,4.2642865
2841,2025-10-12 00:00:00+03:00,0.023639053,0.72317463,1.8839651,0.3734244,1.8333154,0.14694446,3.4634712
2842,2025-10-13 00:00:00+03:00,0.009625831,0.36941203,1.367272,0.42488685,1.9542089,0.22908579,2.9678593
2843,2025-10-14 00:00:00+03:00,0.018356742,0.5764042,1.6327834,0.5851211,3.1680603,0.24399097,2.0692604
2844,2025-10-15 00:00:00+03:00,0.12171086,0.9848147,2.095742,0.5897984,3.2041457,0.294344,3.3546867
2845,2025-10-16 00:00:00+03:00,0.06291645,2.363723,4.2483873,0.5710415,5.038389,0.2963225,5.080671
2846,2025-10-17 00:00:00+03:00,0.075860746,2.210065,3.9501314,0.6124952,6.420895,0.11444827,4.982474
2847,2025-10-18 00:00:00+03:00,0.032656778,1.2700566,3.2127054,0.6577428,6.878407,0.071247526,4.135737
2848,2025-10-19 00:00:00+03:00,0.030290961,1.0283777,2.1550262,0.53602785,2.7272036,0.18005465,3.3637292
2849,2025-10-20 00:00:00+03:00,0.06336816,0.99653774,2.1260307,0.59932196,2.7869437,0.19939046,3.1614497
2850,2025-10-21 00:00:00+03:00,0.08125166,3.8995554,6.503263,1.2728945,6.2021165,0.22717981,7.6074977
2851,2025-10-22 00:00:00+03:00,0.13285159,5.0832653,8.435774,1.3574705,6.2857623,0.38670182,10.648908
2852,2025-10-23 00:00:00+03:00,0.13124852,7.495872,12.151375,1.5878729,7.960604,0.14768381,13.688001
2853,2025-10-24 00:00:00+03:00,0.17240854,6.525402,10.442177,1.1974782,6.4137435,0.16849582,12.334938
2854,2025-10-25 00:00:00+03:00,0.0742036,1.9226471,3.9217663,0.6912961,5.862554,0.2650555,5.1522117
2855,2025-10-26 00:00:00+03:00,0.02649648,2.8620682,5.8925323,0.6708841,5.7519712,0.7277555,7.2531757
2856,2025-10-27 00:00:00+02:00,0.017497081,1.8194413,3.6934483,0.5949272,5.957319,0.41484737,4.2800937
2857,2025-10-28 00:00:00+02:00,0.017122889,2.7680168,4.879279,0.60705954,6.7866015,0.28663662,5.682179
2858,2025-10-29 00:00:00+02:00,0.01622829,1.9711863,4.142735,0.5641831,4.8940444,0.3043428,5.547596
2859,2025-10-30 00:00:00+02:00,0.071259886,4.16607,7.1831326,0.99330753,6.8584137,0.48478284,9.711003
2860,2025-10-31 00:00:00+02:00,0.015964527,1.3602561,3.0622132,0.80105996,7.74575,0.09400138,3.8908005
2861,2025-11-01 00:00:00+02:00,0.015644385,1.458115,2.9847841,0.81737286,6.7792087,0.048459593,4.060115
2862,2025-11-02 00:00:00+02:00,0.52696216,4.5805454,8.536962,1.2725004,6.963541,0.4087627,10.987691
2863,2025-11-03 00:00:00+02:00,0.1734636,5.140932,9.952762,1.1829594,10.30425,0.069292426,11.398285
2864,2025-11-04 00:00:00+02:00,0.018979175,2.6191573,4.9304624,0.52865297,4.9964156,0.16364066,6.4411488
2865,2025-11-05 00:00:00+02:00,0.08742681,3.6366367,6.6910005,0.48626566,5.93706,0.21623664,8.997985
2866,2025-11-06 00:00:00+02:00,0.14191753,2.7399266,6.4300246,0.705478,6.93244,0.38293195,8.490915
2867,2025-11-07 00:00:00+02:00,0.55536443,2.2150257,4.5272603,0.6514145,4.7554812,0.22508024,6.5213017
2868,2025-11-08 00:00:00+02:00,0.5319457,2.5110936,5.955059,1.0562928,5.70558,0.13738304,7.3560715
2869,2025-11-09 00:00:00+02:00,1.5613346,4.39324,6.956632,0.6959634,5.41987,0.008043063,9.066434
2870,2025-11-10 00:00:00+02:00,1.6142977,4.4349294,6.8908677,1.0223998,7.958959,0.010898423,9.335675
2871,2025-11-11 00:00:00+02:00,0.44730088,4.139752,7.9107795,1.4447294,15.01165,0.017874775,8.260879
2872,2025-11-12 00:00:00+02:00,0.588553,3.461046,7.092514,1.2163424,10.716409,0.012340817,7.751838
2873,2025-11-13 00:00:00+02:00,0.22561145,4.4836617,8.905142,1.0837352,11.352447,0.19816001,10.824436
2874,2025-11-14 00:00:00+02:00,0.7388544,3.206621,6.448448,0.6552157,7.611067,0.17669569,8.710753
2875,2025-11-15 00:00:00+02:00,0.018390452,0.3118606,1.2646496,0.53672373,1.8604661,0.10612458,2.6242297
2876,2025-11-16 00:00:00+02:00,0.099660106,1.1541651,2.948002,0.6948604,4.440745,0.17557825,4.379533
2877,2025-11-17 00:00:00+02:00,0.17225023,1.8880439,4.7222033,1.0616173,11.5822525,0.025466306,5.1972113
2878,2025-11-18 00:00:00+02:00,0.0055338237,0.8219295,2.3810308,0.5111657,3.158686,0.12416649,3.5715148
2879,2025-11-19 00:00:00+02:00,0.0052351565,3.2272222,8.315959,0.6188031,8.816948,0.12064505,10.272716
2880,2025-11-20 00:00:00+02:00,0.026324796,3.2497146,6.4915104,0.8517339,7.669192,0.10264332,8.033011
2881,2025-11-21 00:00:00+02:00,0.011757654,3.7652366,8.775257,0.738054,8.307295,0.0640172,10.676731
2882,2025-11-22 00:00:00+02:00,0.01131777,0.7012109,2.0527244,0.6093347,3.6853743,0.07145018,2.9939468
2883,2025-11-23 00:00:00+02:00,0.023763776,0.72669345,1.7009459,0.6385003,3.0332642,0.08049144,2.5353847
2884,2025-11-24 00:00:00+02:00,0.0071817893,1.8228415,3.8534658,0.81488377,7.113606,0.053652972,4.370654
2885,2025-11-25 00:00:00+02:00,0.012284274,3.629943,7.3417606,0.7648299,7.47411,0.0075216866,7.725214
2886,2025-11-26 00:00:00+02:00,0.021581056,1.5596329,3.3757308,0.8895641,9.213755,0.009573333,4.1081133
2887,2025-11-27 00:00:00+02:00,0.043417975,2.8687055,6.6000686,0.8957502,14.484673,0.041488137,7.426964
2888,2025-11-28 00:00:00+02:00,0.017974911,1.9175701,4.0239024,0.6578249,5.549564,0.053022128,4.854608
2889,2025-11-29 00:00:00+02:00,0.12683944,2.5718133,4.7993617,0.74037886,6.731851,0.03417867,5.6454864
2890,2025-11-30 00:00:00+02:00,0.82973415,4.39111,7.3488965,0.7086756,7.66432,0.006804025,8.812304
2891,2025-12-01 00:00:00+02:00,1.9092405,4.9857926,6.5116754,0.59777355,4.373894,0.0010326947,9.120052
2892,2025-12-02 00:00:00+02:00,0.8241449,3.9344616,6.1588974,0.70217854,8.120297,0.002584162,7.396145
2893,2025-12-03 00:00:00+02:00,1.884294,4.284924,6.5900493,0.6808023,7.5456834,0.0041378713,9.913642
2894,2025-12-04 00:00:00+02:00,1.0349512,5.3038135,9.576732,0.79783183,9.974858,0.007066311,11.187206
2895,2025-12-05 00:00:00+02:00,0.7788146,3.75891,6.670071,1.0381643,7.876309,0.011665779,8.027193
2896,2025-12-06 00:00:00+02:00,1.1943221,3.352627,6.965136,0.8104868,6.1183357,0.046711534,8.302528
2897,2025-12-07 00:00:00+02:00,1.4404854,4.110837,8.013396,0.68331075,5.995732,0.024265505,10.485714
2898,2025-12-08 00:00:00+02:00,0.6023978,4.4791484,9.250092,0.7439094,8.284325,0.008448553,11.141739
2899,2025-12-09 00:00:00+02:00,0.019615432,2.7173061,7.198055,0.37342772,8.64891,0.009797548,9.532561
2900,2025-12-10 00:00:00+02:00,0.0291538,1.6986047,4.2954288,0.38460585,6.1383376,0.019504614,6.441637
2901,2025-12-11 00:00:00+02:00,0.09823215,2.0680075,5.7345123,0.43496954,7.2941723,0.03546754,8.582922
2902,2025-12-12 00:00:00+02:00,0.0052612815,0.4920267,1.5280074,0.42921594,4.7603774,0.03619547,2.1414726
2903,2025-12-13 00:00:00+02:00,0.020275734,0.35873166,1.327454,0.52750564,2.6785536,0.10021732,2.270892
2904,2025-12-14 00:00:00+02:00,0.0141938105,1.284362,3.3043873,0.5287636,10.074404,0.024627639,4.5230427
2905,2025-12-15 00:00:00+02:00,0.1859892,3.7979262,7.041261,0.5445174,8.6814,0.035036627,8.772936
2906,2025-12-16 00:00:00+02:00,0.79608935,2.7316484,5.7259254,0.5089916,6.488455,0.01833455,7.4408755
2907,2025-12-17 00:00:00+02:00,0.85221213,4.3280835,10.600457,0.9605748,9.325389,0.053891078,11.597054
2908,2025-12-18 00:00:00+02:00,2.049239,5.2596087,12.088741,1.0374665,12.266038,0.011587661,16.3081
2909,2025-12-19 00:00:00+02:00,3.3405943,2.537218,5.3700447,0.79817414,7.618281,0.013775535,9.767307
2910,2025-12-20 00:00:00+02:00,2.4606385,2.6277447,7.234734,0.83495045,11.961628,0.022394761,10.320323
2911,2025-12-21 00:00:00+02:00,0.010994136,0.98599833,3.0156164,0.41870213,3.5118353,0.037222542,6.071772
2912,2025-12-22 00:00:00+02:00,0.0025308563,0.40842485,1.3383087,0.37450704,2.0794163,0.023311483,2.4948633
2913,2025-12-23 00:00:00+02:00,0.028637394,0.39398256,1.3867583,0.48262715,2.6435328,0.07204212,2.4490802
2914,2025-12-24 00:00:00+02:00,0.042147342,0.5548336,1.4864048,0.5383951,2.1217916,0.043220356,2.4279995
2915,2025-12-25 00:00:00+02:00,0.07897334,1.0888387,2.349771,0.5058293,2.902771,0.032244064,3.5618753
2916,2025-12-26 00:00:00+02:00,0.05812427,0.53682786,1.9545984,0.32705018,2.3866339,0.04422803,3.5005543
2917,2025-12-27 00:00:00+02:00,0.05847347,0.6511139,1.9925299,0.26938105,2.342035,0.02091732,3.2497041
2918,2025-12-28 00:00:00+02:00,0.011622385,0.14794715,1.5420341,0.45286497,1.3854066,0.048782144,2.8810062
2919,2025-12-29 00:00:00+02:00,0.004278122,0.40148333,1.8277746,0.44200465,1.8138098,0.06483678,3.6427338
2920,2025-12-30 00:00:00+02:00,0.0023696593,0.18884824,1.3466986,0.49399272,2.0338066,0.097045444,2.4028635
2921,2025-12-31 00:00:00+02:00,0.007908954,0.30157515,1.6878508,0.5062716,2.0195062,0.04999274,2.4690647
2922,2026-01-01 00:00:00+02:00,0.017422425,0.16632555,0.90661466,0.5147298,1.2194505,0.027713291,2.712637
