,time,absorbing_aerosol_index,CO_column_number_density,H2O_column_number_density,cloud_fraction,cloud_top_pressure,cloud_top_height,cloud_base_pressure,cloud_base_height,cloud_optical_depth,tropospheric_HCHO_column_number_density,tropospheric_HCHO_column_number_density_amf,HCHO_slant_column_number_density,cloud_fraction,CH4_column_volume_mixing_ratio_dry_air,aerosol_height,aerosol_optical_depth,CH4_column_volume_mixing_ratio_dry_air_bias_corrected,CH4_column_volume_mixing_ratio_dry_air_uncertainty,NO2_column_number_density,tropospheric_NO2_column_number_density,stratospheric_NO2_column_number_density,NO2_slant_column_number_density,tropopause_pressure,O3_column_number_density,O3_effective_temperature,SO2_column_number_density,SO2_column_number_density_amf,SO2_slant_column_number_density,SO2_column_number_density_15km
0,2018-07-04 00:00:00+03:00,-0.7810558,,,,,,,,,,,,,,,,,,7.863718e-05,2.1862188e-05,6.529232e-05,0.00020570168,19258.162,,,,,,
1,2018-07-05 00:00:00+03:00,-1.3148559,0.025079204,1544.1216,,,,,,,,,,,,,,,,8.6692104e-05,2.2522712e-05,6.696858e-05,0.00017312796,19255.875,,,,,,
2,2018-07-06 00:00:00+03:00,-0.6895172,,,,,,,,,,,,,,,,,,7.5571086e-05,4.346935e-06,6.599311e-05,0.00019260273,19252.914,,,,,,
3,2018-07-07 00:00:00+03:00,-1.4386907,,,,,,,,,,,,,,,,,,8.38873e-05,1.03916755e-05,7.349305e-05,0.0002040855,19262.162,,,,,,
4,2018-07-08 00:00:00+03:00,-1.1217068,0.026701244,1437.502,,,,,,,,,,,,,,,,8.399149e-05,1.4065963e-05,7.013457e-05,0.00020237025,19270.422,,,,,,
5,2018-07-09 00:00:00+03:00,-1.5623558,0.029641353,1708.0298,,,,,,,,,,,,,,,,8.295875e-05,1.0601753e-05,6.573927e-05,0.0001972297,19269.734,,,,,,
6,2018-07-10 00:00:00+03:00,-1.6963251,0.033202503,1909.7935,,,,,,,,,,,,,,,,9.037132e-05,2.1209038e-05,6.769468e-05,0.00022099269,19277.16,,,,,,
7,2018-07-11 00:00:00+03:00,-0.63243747,,,,,,,,,,,,,,,,,,8.9995105e-05,2.6869175e-05,6.624023e-05,0.00021398943,19277.703,,,,,,
8,2018-07-12 00:00:00+03:00,-1.1566049,0.027966026,2008.5946,0.27220958,68244.24,3880.4177,75416.45,2906.0173,13.781828,,,,,,,,,,8.0399186e-05,1.6940294e-05,6.918507e-05,0.00019797639,18716.742,,,,,,
9,2018-07-13 00:00:00+03:00,-1.2869985,0.029845912,2245.7297,0.40859807,52015.734,5643.465,59322.406,4634.6133,19.04335,,,,,,,,,,8.7448585e-05,1.905475e-05,6.557115e-05,0.00019967265,19265.184,,,,,,
10,2018-07-14 00:00:00+03:00,-1.438258,0.027159348,1913.5823,0.6024949,31075.734,9366.27,35897.14,8365.535,26.653793,,,,,,,,,,9.05364e-05,1.5743974e-05,6.6302615e-05,0.00019516646,18031.53,,,,,,
11,2018-07-15 00:00:00+03:00,-1.4514116,0.029536316,1928.4697,0.04421859,93947.234,996.9027,98823.06,317.74527,5.227918,,,,,,,,,,8.967398e-05,2.2905351e-05,6.632692e-05,0.00021930196,16700.033,,,,,,
12,2018-07-16 00:00:00+03:00,-1.0657189,0.028976236,2170.363,0.26983464,58946.99,5449.861,65579.516,4440.5347,6.587631,,,,,,,,,,8.99237e-05,2.1749554e-05,6.751907e-05,0.00022299206,16700.512,,,,,,
13,2018-07-17 00:00:00+03:00,-1.3616426,0.031431735,2201.33,0.074778944,69062.734,4350.2056,75897.016,3386.3423,5.6286077,,,,,,,,,,8.339758e-05,1.3610097e-05,6.95796e-05,0.0002043214,16697.797,,,,,,
14,2018-07-18 00:00:00+03:00,-1.3348463,0.03029343,1313.9197,0.10198961,85399.86,1617.9849,93465.2,764.7919,5.808859,,,,,,,,,,8.838982e-05,2.0197236e-05,6.786776e-05,0.00020774003,16697.238,,,,,,
15,2018-07-19 00:00:00+03:00,-1.327729,,,0.9516854,62543.742,3937.3533,71099.56,2916.383,24.742544,,,,,,,,,,7.097745e-05,,6.139536e-05,0.00017228465,16697.342,,,,,,
16,2018-07-20 00:00:00+03:00,-1.4031438,0.029943401,2077.3506,0.19413982,56952.33,5788.039,63145.242,4910.3047,11.075305,,,,,,,,,,8.566801e-05,1.6667018e-05,6.694887e-05,0.00020590634,16695.285,,,,,,
17,2018-07-21 00:00:00+03:00,-1.7210367,0.03036731,1849.2445,0.13377883,86423.984,1503.8324,94668.06,631.3589,5.70713,,,,,,,,,,8.4693136e-05,2.0408663e-05,6.43854e-05,0.00016664862,16695.414,,,,,,
18,2018-07-22 00:00:00+03:00,-1.4865571,0.031094175,1784.7412,0.08201349,88746.375,1175.8625,95248.164,569.09753,5.30355,,,,,,,,,,8.455179e-05,1.8399158e-05,6.6041786e-05,0.0002130635,16698.195,,,,,,
19,2018-07-23 00:00:00+03:00,-1.4929056,0.035069592,1763.7682,0.01534289,94771.12,3231.8845,97888.43,2442.3843,4.95826,,,,,,,,,,8.065713e-05,1.5966765e-05,6.469038e-05,0.00019662041,16700.203,,,,,,
20,2018-07-24 00:00:00+03:00,-1.0990387,,,0.6533743,51687.15,5505.369,59017.633,4482.756,23.531733,,,,,,,,,,7.403296e-05,,5.882597e-05,0.00017132377,16701.977,,,,,,
21,2018-07-25 00:00:00+03:00,-1.4797647,0.030649722,1924.9767,0.40334028,78783.266,2161.9956,88910.71,1156.4443,15.380945,,,,,,,,,,8.0065685e-05,1.6775095e-05,6.449287e-05,0.00019985059,16704.605,,,,,,
22,2018-07-26 00:00:00+03:00,-0.7619435,0.029260833,1508.004,0.826452,76731.22,2354.5967,86605.445,1353.8682,18.091997,,,,,,,,,,8.2500235e-05,2.0398957e-05,6.4410095e-05,0.00021106633,16708.455,,,,,,
23,2018-07-27 00:00:00+03:00,-1.083724,0.030710345,1934.5624,0.20802945,77317.08,2452.7148,86500.85,1478.6222,8.462737,,,,,,,,,,8.9105015e-05,2.247001e-05,6.562505e-05,0.00022003303,16709.387,,,,,,
24,2018-07-28 00:00:00+03:00,-1.1331863,0.030021999,2698.0637,0.25282276,75868.82,2542.6401,85372.695,1553.345,8.984351,,,,,,,,,,8.334469e-05,2.2636696e-05,6.503743e-05,0.00020062854,16704.295,,,,,,
25,2018-07-29 00:00:00+03:00,-0.9624699,,,0.62208337,53677.695,5286.049,61221.33,4260.3965,25.163418,,,,,,,,,,8.163268e-05,1.4453541e-05,6.151559e-05,0.00018437556,16705.98,,,,,,
26,2018-07-30 00:00:00+03:00,-1.4770002,0.03200231,2496.9302,0.14441477,82808.34,1859.0284,90850.49,1046.7065,4.936945,,,,,,,,,,8.9157336e-05,2.7181079e-05,6.213841e-05,0.00020655623,16076.847,,,,,,
27,2018-07-31 00:00:00+03:00,-1.3088702,0.031040382,2132.9856,0.046733614,88283.89,1261.302,97496.984,405.68494,4.633695,,,,,,,,,,8.7607e-05,2.5180048e-05,6.248042e-05,0.00021423836,16712.797,,,,,,
28,2018-08-01 00:00:00+03:00,-1.1563638,0.028563738,1285.7993,0.034573548,97226.2,1256.1461,100036.88,533.2993,4.634399,,,,,,,,,,9.3376446e-05,3.1733158e-05,6.164329e-05,0.00022209415,16713.64,,,,,,
29,2018-08-02 00:00:00+03:00,-1.2749877,0.031816225,1525.9126,0.027259389,98278.12,591.493,100061.33,255.19394,4.8268914,,,,,,,,,,9.263276e-05,3.1244617e-05,6.138814e-05,0.00021148354,16712.145,,,,,,
30,2018-08-03 00:00:00+03:00,-1.6802815,0.031828582,2624.4146,0.1589718,90811.38,963.37555,99401.0,180.04037,5.2522593,,,,,,,,,,8.1807215e-05,1.9628264e-05,6.0270613e-05,0.0001877955,16707.113,,,,,,
31,2018-08-04 00:00:00+03:00,-1.1983168,0.025472606,2674.804,0.6980529,50690.633,5812.1353,57818.844,4800.1763,20.106888,,,,,,,,,,6.900477e-05,1.4035022e-05,6.056059e-05,0.000174201,16701.492,,,,,,
32,2018-08-05 00:00:00+03:00,-1.3824793,0.032346267,2875.887,0.21223885,67212.07,3456.4446,76052.91,2464.3433,7.650625,,,,,,,,,,8.096796e-05,1.9007624e-05,6.3164734e-05,0.00016654424,16697.213,,,,,,
33,2018-08-06 00:00:00+03:00,-1.2817088,0.030194549,1638.7518,0.5459382,66355.12,3478.703,75315.266,2465.6008,17.38752,,,,,,,,,,7.783293e-05,1.8472587e-05,6.272089e-05,0.00015728839,16698.61,,,,,,
34,2018-08-07 00:00:00+03:00,-1.3828132,0.030716933,1706.9467,0.27062774,85185.68,1652.5222,91891.42,945.37115,10.2655735,,,,,,,,,,7.846571e-05,1.6008404e-05,6.278882e-05,0.00020202907,16704.178,,,,,,
35,2018-08-08 00:00:00+03:00,-1.2492583,0.0280237,2211.1206,0.10696244,77921.26,2376.8665,86083.85,1522.1586,5.3389835,,,,,,,,,,8.57056e-05,2.632455e-05,5.9412323e-05,0.00019927847,16708.908,,,,,,
36,2018-08-09 00:00:00+03:00,-1.1352272,0.029899227,2372.702,0.17074987,35385.625,8557.569,40765.707,7540.178,5.4062014,,,,,,,,,,8.4954794e-05,2.6170892e-05,5.8698053e-05,0.00019173672,15569.471,,,,,,
37,2018-08-10 00:00:00+03:00,-1.4134922,0.034802876,2613.7227,0.26346603,44721.59,7225.828,51122.547,6207.279,6.153804,,,,,,,,,,8.895002e-05,3.193668e-05,5.9148282e-05,0.00019661686,16707.768,,,,,,
38,2018-08-11 00:00:00+03:00,-1.1115067,,,0.30168265,43505.152,6800.127,49895.66,5774.9097,8.401347,,,,,,,,,,0.00010688004,,5.093237e-05,0.00024391881,16710.125,,,,,,
39,2018-08-12 00:00:00+03:00,-1.2683122,0.026239749,1353.3806,0.29075125,65272.32,3955.038,72412.875,3072.9175,11.817431,,,,,,,,,,7.985962e-05,1.43691905e-05,6.4555374e-05,0.00021547341,22131.887,,,,,,
40,2018-08-13 00:00:00+03:00,-1.2929586,0.028593093,1236.4092,0.1280665,83097.39,2100.2974,90437.11,1223.7208,8.014805,,,,,,,,,,7.790241e-05,1.7019262e-05,6.0525395e-05,0.00019706655,17690.723,,,,,,
41,2018-08-14 00:00:00+03:00,-1.1338878,,,0.6027552,40434.05,7276.202,46450.695,6264.644,12.988878,,,,,,,,,,8.895369e-05,4.2806016e-05,5.62945e-05,0.00017739835,16699.754,,,,,,
42,2018-08-15 00:00:00+03:00,-1.1715473,0.034141116,2026.3401,0.22840959,87280.76,1229.2424,96204.0,424.93423,6.4120665,,,,,,,,,,7.797252e-05,1.5402962e-05,5.959166e-05,0.00019801123,19260.16,,,,,,
43,2018-08-16 00:00:00+03:00,-0.66531885,0.045285873,1946.1504,0.37571925,74576.266,2576.5781,84168.81,1588.3219,11.334995,,,,,,,,,,8.3793115e-05,2.0039006e-05,5.5364144e-05,0.00019660249,16365.771,,,,,,
44,2018-08-17 00:00:00+03:00,-0.65415305,0.045203142,1770.0496,0.25778624,72569.92,2845.4854,82197.734,1829.2551,7.965727,,,,,,,,,,8.052555e-05,2.9284787e-05,5.6741348e-05,0.0002055479,14428.879,,,,,,
45,2018-08-18 00:00:00+03:00,-1.2369398,0.03786265,2118.5269,0.25882176,70197.61,3528.9966,78331.67,2609.6345,7.655634,,,,,,,,,,7.281426e-05,1.2944533e-05,5.7323774e-05,0.000185113,16706.727,,,,,,
46,2018-08-19 00:00:00+03:00,-0.8907769,,,0.79847705,74459.14,2593.2666,84299.234,1577.6624,29.78616,,,,,,,,,,6.841024e-05,,5.2030246e-05,0.00016431158,15366.732,,,,,,
47,2018-08-20 00:00:00+03:00,-0.53245145,,,0.9491308,60985.26,4094.5083,69369.41,3075.5486,22.982439,,,,,,,,,,7.0431954e-05,,5.479456e-05,0.00016848411,16697.674,,,,,,
48,2018-08-21 00:00:00+03:00,-1.1220086,0.033067964,1341.1561,0.20286843,84100.56,1564.0486,92802.64,753.7825,6.027684,,,,,,,,,,6.9215195e-05,1.2043463e-05,5.7746147e-05,0.00019111973,17701.91,,,,,,
49,2018-08-22 00:00:00+03:00,-1.087508,0.03191765,1132.0503,0.058870155,86211.64,1417.1597,94836.12,622.1067,4.7243314,,,,,,,,,,7.280682e-05,1.9792004e-05,5.3135467e-05,0.00015579078,14430.241,,,,,,
50,2018-08-23 00:00:00+03:00,-0.8003446,0.032167237,1485.4901,0.04044297,98596.92,481.44055,100607.44,118.35731,4.646254,,,,,,,,,,8.214076e-05,2.759368e-05,5.4547076e-05,0.00020860025,14427.09,,,,,,
51,2018-08-24 00:00:00+03:00,-1.249949,0.03484366,1979.3671,0.14029057,91045.09,865.00104,98318.54,229.11926,4.811524,,,,,,,,,,9.077584e-05,3.8945265e-05,5.251274e-05,0.00020363463,14422.395,,,,,,
52,2018-08-25 00:00:00+03:00,-0.4830727,,,0.86639047,58601.47,4411.4336,66716.6,3395.6743,26.593113,,,,,,,,,,7.3483454e-05,,4.9577306e-05,0.00016437596,15753.871,,,,,,
53,2018-08-26 00:00:00+03:00,-0.389022,,,1.0,58467.56,4399.675,66570.53,3391.2908,37.22504,,,,,,,,,,8.8565444e-05,,5.1772047e-05,0.00014695877,16699.955,,,,,,
54,2018-08-27 00:00:00+03:00,-1.354686,,,0.33490357,62384.9,4408.576,70318.68,3448.546,7.208063,,,,,,,,,,7.083989e-05,1.9155277e-05,5.374549e-05,0.00019023646,16863.35,,,,,,
55,2018-08-28 00:00:00+03:00,0.0442653,,,0.56286734,65151.547,3608.7703,73991.22,2607.9858,19.667538,,,,,,,,,,6.464991e-05,,5.638808e-05,0.0001881578,19278.125,,,,,,
56,2018-08-29 00:00:00+03:00,-0.6621125,0.043618158,1473.1698,0.27014226,63777.68,3996.6758,71802.125,3046.4731,12.1277485,,,,,,,,,,7.642845e-05,2.4175752e-05,5.561127e-05,0.00019612344,19285.475,,,,,,
57,2018-08-30 00:00:00+03:00,-1.2611729,0.041839413,1350.491,0.16300201,91665.055,879.9201,99060.35,214.87177,4.7779965,,,,,,,,,,7.830119e-05,2.6151047e-05,5.214136e-05,0.00019294611,18891.838,,,,,,
58,2018-08-31 00:00:00+03:00,-0.8978358,,,0.9126186,56070.895,4847.802,63901.02,3836.2073,23.440382,,,,,,,,,,9.064951e-05,,4.574989e-05,0.00017513757,16851.105,,,,,,
59,2018-09-01 00:00:00+03:00,-1.2135297,0.048182454,1399.2365,0.3145461,53593.97,5572.4395,60761.57,4590.4785,5.684763,,,,,,,,,,8.303854e-05,2.8591214e-05,4.8937953e-05,0.00018899146,17625.832,,,,,,
60,2018-09-02 00:00:00+03:00,-1.1781355,0.041443277,1309.2366,0.27792454,84453.016,1653.7909,93774.91,775.9359,7.0989523,,,,,,,,,,7.217525e-05,2.295292e-05,4.811361e-05,0.00019437054,16719.125,,,,,,
61,2018-09-03 00:00:00+03:00,-1.2114873,0.04052774,1407.9377,0.17069276,82648.484,1944.8839,90895.69,1083.0925,8.5356045,,,,,,,,,,7.545807e-05,2.8417382e-05,4.7621215e-05,0.00018829838,15776.072,,,,,,
62,2018-09-04 00:00:00+03:00,-0.78905696,0.042244934,1616.6001,0.74195474,96076.57,470.19876,100961.01,48.388435,26.266289,,,,,,,,,,6.644064e-05,2.3355416e-05,4.49213e-05,0.00018873138,18178.902,,,,,,
63,2018-09-05 00:00:00+03:00,-0.39685354,,,0.9028504,74487.01,2582.5764,84289.97,1579.0518,28.41642,,,,,,,,,,8.1239785e-05,,4.7300426e-05,0.0001812517,16708.016,,,,,,
64,2018-09-06 00:00:00+03:00,-0.8858812,0.039853435,1655.1676,0.15512764,82191.3,1960.1178,89179.72,1243.3999,4.4058337,,,,,,,,,,8.587081e-05,4.1042942e-05,4.587292e-05,0.00019006268,16707.172,,,,,,
65,2018-09-08 00:00:00+03:00,-0.8082067,0.03762206,1328.2297,0.26276124,70417.01,3505.7017,77866.78,2522.726,11.270153,,,,,,,,,,7.246858e-05,2.5907852e-05,4.89714e-05,0.00018673454,16708.668,,,,,,
66,2018-09-09 00:00:00+03:00,-0.6223133,0.03941551,1678.2032,0.79117835,63335.688,3913.6528,71962.08,2912.0142,26.830664,,,,,,,,,,7.346207e-05,,4.5381825e-05,0.00016738544,16714.082,,,,,,
67,2018-09-10 00:00:00+03:00,-1.0179107,0.038071364,1559.4843,0.2147022,90952.72,988.6214,98174.695,331.3856,5.1129375,,,,,,,,,,8.019319e-05,3.0535466e-05,4.669863e-05,0.00019232374,16712.97,,,,,,
68,2018-09-11 00:00:00+03:00,-0.6284298,,,0.64216727,58729.453,4452.8843,66858.16,3453.437,17.35862,,,,,,,,,,7.2915675e-05,5.337706e-05,4.340584e-05,0.00015573893,16488.195,,,,,,
69,2018-09-12 00:00:00+03:00,-1.0693734,0.029783953,1330.1024,0.43600282,60279.734,4476.077,68527.484,3462.1702,7.8676353,,,,,,,,,,6.736345e-05,2.3445164e-05,4.311895e-05,0.00016674519,13720.139,,,,,,
70,2018-09-13 00:00:00+03:00,-0.9916417,0.03557796,800.37085,0.1373719,89511.99,1119.6858,96867.266,421.92563,4.6817217,,,,,,,,,,6.489591e-05,1.841527e-05,4.649045e-05,0.00018470887,16707.184,,,,,,
71,2018-09-14 00:00:00+03:00,-1.007519,0.033162747,1336.3606,0.42524707,73217.08,2707.312,82629.78,1737.2712,18.40265,,,,,,,,,,6.300045e-05,1.813101e-05,4.4167682e-05,0.00016678666,17383.416,,,,,,
72,2018-09-15 00:00:00+03:00,-0.9638475,,,0.55630845,57566.715,4707.4224,65535.86,3713.5999,13.970751,,,,,,,,,,7.350257e-05,1.825469e-05,4.5731773e-05,0.00016920705,19275.066,,,,,,
73,2018-09-16 00:00:00+03:00,-1.1627455,0.034686252,755.1145,0.2004944,90659.734,965.23553,98075.4,303.89944,4.7158856,,,,,,,,,,6.4715736e-05,1.9151888e-05,4.6448724e-05,0.00017699,19282.105,,,,,,
74,2018-09-17 00:00:00+03:00,-0.46143514,,,0.9962879,49263.09,5731.7466,56323.3,4728.257,60.135742,,,,,,,,,,0.000103914645,,4.2764477e-05,0.0001592226,16703.283,,,,,,
75,2018-09-18 00:00:00+03:00,-0.9410876,0.02944479,1831.3818,0.36017105,63360.918,4041.541,71852.77,3027.5718,14.036789,,,,,,,,,,6.84875e-05,2.4780176e-05,4.420139e-05,0.00018021977,13056.864,,,,,,
76,2018-09-19 00:00:00+03:00,-1.1096693,0.033264175,1610.1606,0.09861934,91873.83,1306.3905,96699.09,635.65344,4.2355847,,,,,,,,,,7.631091e-05,2.994555e-05,4.6365356e-05,0.00019592981,14019.789,,,,,,
77,2018-09-20 00:00:00+03:00,-1.3100135,0.03234786,1803.236,0.14625213,78136.875,2480.8582,84931.49,1741.3518,4.2090144,,,,,,,,,,7.813175e-05,3.282677e-05,4.4195804e-05,0.00018118435,16704.113,,,,,,
78,2018-09-21 00:00:00+03:00,-0.9968217,0.030544449,2191.7874,0.13458219,87145.96,1272.6674,95505.86,501.54984,4.0679207,,,,,,,,,,7.825862e-05,3.4146786e-05,4.3964767e-05,0.00018416211,16700.186,,,,,,
79,2018-09-22 00:00:00+03:00,-0.796283,0.032245025,1352.9279,0.55474466,60837.773,4230.4224,68881.08,3249.822,22.472454,,,,,,,,,,0.00010148127,1.3589298e-05,4.5381697e-05,0.00017833759,19252.918,,,,,,
80,2018-09-23 00:00:00+03:00,-1.5072885,0.031408127,1121.6716,0.5322537,56167.44,5013.015,63431.293,4043.8926,23.015696,,,,,,,,,,6.470022e-05,1.7984174e-05,4.6115732e-05,0.00014981595,24219.61,,,,,,
81,2018-09-24 00:00:00+03:00,-0.8120849,,,0.6638825,59764.727,4126.572,67999.95,3156.2598,18.554277,,,,,,,,,,5.466095e-05,,4.4070835e-05,0.0001455171,22120.408,,,,,,
82,2018-09-25 00:00:00+03:00,-0.83392936,0.034453467,734.8424,0.36029583,78835.77,2118.6072,88397.805,1210.2076,14.871332,,,,,,,,,,5.5069966e-05,1.2695439e-05,4.1645235e-05,0.00015308977,22185.152,,,,,,
83,2018-09-26 00:00:00+03:00,-0.43927893,,,1.0,44171.4,6485.218,50642.113,5467.6123,64.32797,,,,,,,,,,0.0001945055,,3.6398276e-05,0.00014105519,14426.582,0.12512223,229.14725,,,,
84,2018-09-27 00:00:00+03:00,-0.957987,0.031084005,876.25977,0.14128855,71375.26,2822.472,80873.35,1836.0835,5.159727,,,,,,,,,,5.3917247e-05,1.0198599e-05,4.358306e-05,0.00016442873,14424.398,0.12030253,228.33514,,,,
85,2018-09-28 00:00:00+03:00,-0.5397842,0.032330938,622.2574,0.38900018,73844.33,2472.3691,83613.88,1481.146,10.439834,,,,,,,,,,6.1465704e-05,1.7435745e-05,4.1859363e-05,0.00018495302,19847.262,0.12782502,230.8706,,,,
86,2018-09-29 00:00:00+03:00,-0.986329,0.032808427,751.79956,0.34923723,74612.05,2618.1309,83971.28,1654.195,12.30546,,,,,,,,,,6.106986e-05,2.3253808e-05,3.8649945e-05,0.00017547247,17605.72,0.13126168,228.43237,,,,
87,2018-09-30 00:00:00+03:00,-0.7869835,,,0.916883,65283.883,3605.4275,74121.125,2613.8452,36.228092,,,,,,,,,,6.111662e-05,,3.8162914e-05,0.00015598643,14425.367,0.12936407,229.37274,,,,
88,2018-10-01 00:00:00+03:00,-1.0531356,0.032186896,841.79065,0.13529931,82569.02,1703.4828,90621.51,936.074,4.4907737,,,,,,,,,,7.821858e-05,3.886588e-05,3.940452e-05,0.00018893526,14699.899,0.1269742,228.7724,,,,
89,2018-10-02 00:00:00+03:00,-1.1254013,0.030619366,741.44934,0.20023239,87975.14,1134.079,95404.59,493.96097,7.3586454,,,,,,,,,,6.699233e-05,2.676262e-05,4.005214e-05,0.00018766601,20048.04,0.13981208,228.68936,,,,
90,2018-10-03 00:00:00+03:00,-0.2797891,0.029924572,921.97845,0.928039,68593.555,3082.9773,77353.08,2179.877,20.412298,,,,,,,,,,6.192475e-05,,4.2509044e-05,0.00018149856,24165.996,0.14477529,228.58752,,,,
91,2018-10-04 00:00:00+03:00,-0.9224741,0.031735156,566.354,0.23672307,87533.55,1249.5748,95818.44,485.04352,5.4733047,,,,,,,,,,5.74086e-05,1.862176e-05,3.8541155e-05,0.0001772313,20731.027,0.13334051,227.56323,,,,
92,2018-10-05 00:00:00+03:00,-0.5316598,,,0.91558504,60165.92,4279.576,68437.125,3288.782,38.694664,,,,,,,,,,5.3525615e-05,,3.7255057e-05,0.00015042708,16704.406,0.12008339,226.73413,,,,
93,2018-10-06 00:00:00+03:00,-0.93721575,,,0.19321023,69939.22,3276.388,78886.945,2309.022,4.6050615,,,,,,,,,,6.577266e-05,3.0228217e-05,3.6624362e-05,0.00016354701,14424.3,0.121373564,226.56732,,,,
94,2018-10-07 00:00:00+03:00,-0.055913717,,,0.99934113,46429.01,6055.663,53153.984,5070.5137,48.537792,,,,,,,,,,9.271601e-05,,3.384071e-05,0.00015336156,16693.604,0.14038354,226.82846,,,,
95,2018-10-08 00:00:00+03:00,-1.083687,0.031917296,803.2505,0.30932394,68070.125,3460.6235,76705.11,2516.768,6.8951216,,,,,,,,,,5.6916724e-05,2.1397113e-05,3.4105982e-05,0.00014949925,16491.883,0.13673681,225.81683,,,,
96,2018-10-09 00:00:00+03:00,-1.482793,0.027918497,1114.185,0.12560521,48204.773,7268.7856,53732.69,6280.0293,7.4218373,,,,,,,,,,6.397637e-05,2.6122469e-05,3.852048e-05,0.00015299687,16710.762,0.13652033,226.46107,,,,
97,2018-10-10 00:00:00+03:00,-0.64040965,0.027752468,1253.0598,0.7891824,94152.72,680.32294,100774.89,109.584656,26.261398,,,,,,,,,,4.783056e-05,1.1962384e-05,3.6377183e-05,0.00017059027,14341.184,0.120841965,225.86586,,,,
98,2018-10-11 00:00:00+03:00,-0.33102766,0.029870803,985.5236,0.69450724,96695.72,521.2518,101018.32,156.3214,20.314276,,,,,,,,,,5.427277e-05,,3.5624253e-05,0.00017538934,13613.569,0.116807885,227.0929,,,,
99,2018-10-12 00:00:00+03:00,-1.0312333,0.030277867,1223.1533,0.100809604,91687.16,990.8149,98854.484,346.15717,4.1407294,,,,,,,,,,6.371859e-05,2.7563905e-05,3.615469e-05,0.00017433878,13060.817,0.12124325,226.20518,,,,
100,2018-10-13 00:00:00+03:00,-0.86412656,0.03299762,857.9668,0.06736586,84058.84,1692.1439,94389.38,719.31354,4.74431,,,,,,,,,,7.724324e-05,3.8218666e-05,3.7236077e-05,0.00018077012,13746.975,0.12345555,225.78067,,,,
101,2018-10-14 00:00:00+03:00,-0.9197868,0.030594992,727.28754,0.17266417,93966.72,1453.1599,98474.88,613.25275,4.8252234,,,,,,,,,,5.1384668e-05,1.5356029e-05,3.602864e-05,0.00017216343,12903.419,0.12305934,225.16568,,,,
102,2018-10-16 00:00:00+03:00,-0.6146648,0.03054597,865.1482,0.13239978,88144.99,1264.5427,95222.95,586.9039,4.2513866,,,,,,,,,,8.119433e-05,4.3314743e-05,3.7879592e-05,0.00021142798,14344.8,0.12434724,225.96922,,,,
103,2018-10-17 00:00:00+03:00,-0.8386854,0.02941814,689.3171,0.12155129,90782.35,1009.95044,98112.36,345.79724,3.9938712,,,,,,,,,,7.468818e-05,3.901219e-05,3.5675985e-05,0.00020437493,12418.219,0.12863636,224.78226,,,,
104,2018-10-18 00:00:00+03:00,-0.24823746,,,0.49069563,50118.93,5732.9795,57239.266,4735.354,6.27864,,,,,,,,,,6.8368885e-05,3.228401e-05,3.491609e-05,0.00018334565,16707.855,0.12036757,224.98859,,,,
105,2018-10-19 00:00:00+03:00,-0.9176163,0.032310087,542.8176,0.13443977,95307.66,1094.8345,99454.9,358.63394,4.5941205,,,,,,,,,,6.1563114e-05,3.0555602e-05,3.100751e-05,0.00017322466,16713.668,0.120320626,224.38805,,,,
106,2018-10-20 00:00:00+03:00,-1.0433697,,,0.4148487,43728.406,6949.505,50080.21,5964.6357,10.955574,,,,,,,,,,6.62047e-05,2.8561572e-05,3.2426375e-05,0.0001824608,16713.602,0.12934896,223.8291,,,,
107,2018-10-21 00:00:00+03:00,-0.23157248,0.030462291,721.8435,0.6524805,85762.34,1447.7944,95201.914,593.63336,13.637306,,,,,,,,,,5.1717136e-05,2.2082071e-05,2.9554385e-05,0.00019368887,13474.216,0.1223894,223.07501,,,,
108,2018-10-22 00:00:00+03:00,-0.77001494,,,0.9996171,60619.617,4116.567,68961.45,3114.2656,52.605938,,,,,,,,,,0.00012569115,,2.7891308e-05,0.00015885319,13428.395,0.11798018,224.81685,,,,
109,2018-10-23 00:00:00+03:00,-0.33440223,,,0.99916923,51370.59,5200.909,58668.465,4231.0596,34.91082,,,,,,,,,,0.00010863475,,3.0206913e-05,0.00015505977,22885.17,0.1489031,225.98026,,,,
110,2018-10-24 00:00:00+03:00,-0.068460554,,,0.83858335,67898.2,2899.3708,77032.69,1928.4093,21.41094,,,,,,,,,,5.0955914e-05,9.997738e-06,3.408987e-05,0.00016781432,24144.459,0.15894693,225.15869,,,,
111,2018-10-25 00:00:00+03:00,-1.0928059,,,0.9126895,49406.477,5363.44,56477.42,4411.0312,48.655724,,,,,,,,,,4.334378e-05,,3.146165e-05,0.00013146129,24177.129,0.13925616,224.476,,,,
112,2018-10-26 00:00:00+03:00,-0.5420332,0.030160457,623.6086,0.4454287,78634.92,1974.8282,88428.74,1073.2878,14.191124,,,,,,,,,,5.048891e-05,1.7890969e-05,3.224169e-05,0.00018408528,22942.797,0.13329105,222.5957,,,,
113,2018-10-27 00:00:00+03:00,-0.4576518,,,0.94456446,50764.883,5213.2207,57988.395,4251.7163,48.547836,,,,,,,,,,0.00019888481,,3.0165309e-05,0.0002269905,22218.809,0.1348306,223.3036,,,,
114,2018-10-28 00:00:00+03:00,-0.23924598,0.03175945,482.07388,0.4924463,93678.32,572.39655,100691.45,41.137962,6.4281054,,,,,,,,,,4.7028338e-05,1.9913377e-05,2.9460647e-05,0.00017358351,17675.754,0.13705951,221.75087,,,,
115,2018-10-29 00:00:00+02:00,-0.34665114,0.03189502,896.7166,0.6226126,67805.484,3448.3162,76393.08,2517.8347,7.176462,,,,,,,,,,4.9695926e-05,2.3726046e-05,2.8407858e-05,0.00016179567,16717.945,0.13422239,220.30925,,,,
116,2018-10-31 00:00:00+02:00,-0.6253123,0.030469274,923.93555,0.3037566,88887.95,1151.3408,96547.42,449.1258,6.5439205,,,,,,,,,,7.757703e-05,4.80781e-05,3.266729e-05,0.0002463791,17000.459,0.13812762,219.23532,,,,
117,2018-11-01 00:00:00+02:00,-0.38917804,0.031200763,1016.13684,0.67378426,97131.586,455.7158,101055.5,127.46155,18.103373,,,,,,,,,,7.4483454e-05,,2.5932106e-05,0.0001975962,16718.832,0.12498216,219.20935,,,,
118,2018-11-02 00:00:00+02:00,0.22953545,0.029930582,1100.098,0.8738041,72100.36,2888.5083,81661.3,1884.0032,40.00212,,,,,,,,,,0.000103392624,,2.4430141e-05,0.00020441605,15709.049,0.12291191,217.65805,,,,
119,2018-11-03 00:00:00+02:00,-0.49225143,0.029546091,864.77783,0.71715444,54108.26,5341.45,61511.336,4366.5127,2.0799942,,,,,,,,,,5.490311e-05,2.8743772e-05,2.1149935e-05,0.00014537232,14901.416,0.12139231,218.00012,,,,
120,2018-11-04 00:00:00+02:00,-0.9088059,0.030948333,597.1015,0.54651123,89102.15,1205.6176,95744.68,598.3663,4.769386,,,,,,,,,,4.5403227e-05,2.5681253e-05,2.0151827e-05,0.00013680797,13626.816,0.10796209,214.70615,,,,
121,2018-11-05 00:00:00+02:00,-0.5857494,0.028475797,1317.3093,0.83417636,93182.38,787.1721,101055.18,124.09567,56.905117,,,,,,,,,,4.2248244e-05,,1.972846e-05,0.00015850784,14431.92,0.12291463,214.28465,,,,
122,2018-11-06 00:00:00+02:00,-0.30483237,0.028196253,1094.8181,0.96764296,99152.375,237.15355,101055.2,80.54331,39.002438,,,,,,,,,,3.900429e-05,,2.1758464e-05,0.00016309819,14429.674,0.12547928,214.65883,,,,
123,2018-11-07 00:00:00+02:00,-0.030861914,0.028161202,1054.999,0.905307,94032.586,693.1642,100196.0,146.11142,21.36209,,,,,,,,,,4.210155e-05,,2.5189041e-05,0.00018909776,14429.462,0.13065252,217.92496,,,,
124,2018-11-08 00:00:00+02:00,-0.1514433,0.028953787,897.4076,0.9474868,97902.734,332.42697,100885.125,84.33661,31.058546,,,,,,,,,,5.0259674e-05,,2.1363052e-05,0.00020255815,14430.0,0.12753701,217.3154,,,,
125,2018-11-09 00:00:00+02:00,-0.36559144,,,0.9352808,54156.164,5072.5845,61770.17,4068.8228,20.656988,,,,,,,,,,0.00012612248,,2.5803234e-05,0.00019202605,16712.922,0.12881827,218.548,,,,
126,2018-11-10 00:00:00+02:00,-1.7442954,,,0.95393836,71911.79,2831.2466,81473.164,1838.3572,35.019466,,,,,,,,,,7.590013e-05,,2.5745903e-05,0.0001744735,16710.15,,,,,,
127,2018-11-11 00:00:00+02:00,-0.4287982,0.031949043,1040.3613,0.8591522,92552.44,814.47876,99776.94,200.91513,31.17672,,,,,,,,,,4.671429e-05,,2.251381e-05,0.00018787742,16714.623,0.13258702,216.93079,,,,
128,2018-11-12 00:00:00+02:00,-0.51923424,,,0.99186575,57932.234,4585.1807,65956.32,3597.3523,36.5838,,,,,,,,,,8.244974e-05,,2.1891887e-05,0.00018676123,18005.984,0.121407,218.14157,,,,
129,2018-11-13 00:00:00+02:00,-0.77627206,,,0.97856885,44326.234,6500.74,50809.484,5513.0884,38.27121,,,,,,,,,,0.0003007446,,2.2631464e-05,0.0001986459,16707.36,0.12966186,217.014,,,,
130,2018-11-14 00:00:00+02:00,-0.30518478,0.031569455,829.796,0.6171033,81622.66,1843.9413,89706.03,1068.4287,7.449189,,,,,,,,,,3.9117156e-05,1.0505596e-05,2.6710735e-05,0.00017611554,22184.504,0.13261758,217.6625,,,,
131,2018-11-15 00:00:00+02:00,-0.74418795,0.033311278,672.7267,0.56144357,84024.914,1743.1852,90640.09,1097.4753,10.735058,,,,,,,,,,6.552453e-05,3.8335165e-05,2.0194671e-05,0.00017494889,16725.664,0.13430545,216.76158,,,,
132,2018-11-16 00:00:00+02:00,-0.721691,0.03157552,553.49713,0.38995573,75157.33,2621.4277,85070.1,1634.1913,16.453312,,,,,,,,,,5.3474458e-05,3.36654e-05,1.9976469e-05,0.00017289154,16736.824,0.12572402,216.46298,,,,
133,2018-11-17 00:00:00+02:00,-1.8184767,0.031394787,803.7927,0.7701483,70054.95,3208.3389,79413.56,2218.689,11.655075,,,,,,,,,,4.5501234e-05,,2.4299687e-05,0.00017115477,14439.449,0.1345458,218.5141,,,,
134,2018-11-18 00:00:00+02:00,-0.046572626,0.032083005,648.1674,0.607784,83881.734,1658.9478,93230.83,808.5493,10.027098,,,,,,,,,,3.5771165e-05,1.5074324e-05,2.2367825e-05,0.00014969238,18597.215,0.14130583,219.27933,,,,
135,2018-11-19 00:00:00+02:00,-0.088887304,0.034662034,502.46753,0.624331,90912.33,1031.1936,98478.61,386.09116,7.234451,,,,,,,,,,4.1892126e-05,2.3069244e-05,1.8698272e-05,0.00014066092,16728.99,0.1400333,217.25516,,,,
136,2018-11-20 00:00:00+02:00,-0.18821222,0.033898294,454.42584,0.8873914,84733.22,1613.7694,92647.34,880.30774,17.083275,,,,,,,,,,4.925678e-05,,1.734885e-05,0.00017033631,14436.006,0.13839652,216.45135,,,,
137,2018-11-21 00:00:00+02:00,-0.6018219,0.032105643,296.27075,0.5958081,82240.98,1797.9628,92552.945,853.1579,28.317053,,,,,,,,,,3.4134402e-05,,1.7714578e-05,0.0001309135,16725.299,0.13246194,215.70032,,,,
138,2018-11-22 00:00:00+02:00,-0.38752407,0.03126876,263.0301,0.8580596,86199.305,1399.6428,97253.24,437.8603,37.161312,,,,,,,,,,3.2019132e-05,,1.784394e-05,0.00014846737,14432.828,0.12533738,215.23085,,,,
139,2018-11-23 00:00:00+02:00,-0.41596758,0.030806484,368.1125,0.9455897,92381.55,827.8329,101053.01,113.827385,14.04662,,,,,,,,,,3.378119e-05,,1.8393195e-05,0.00014881979,14432.6,0.12855233,216.22327,,,,
140,2018-11-24 00:00:00+02:00,-0.1382153,,,0.97635984,59492.81,4221.8203,67702.71,3244.1738,17.393288,,,,,,,,,,6.154813e-05,,2.3354354e-05,0.00018484381,19275.973,0.14172167,218.45749,,,,
141,2018-11-25 00:00:00+02:00,-1.0832409,0.03224964,278.1299,0.51844543,84923.78,1429.378,93798.336,635.4978,19.349138,,,,,,,,,,4.208086e-05,1.4300316e-05,2.6119515e-05,0.00020074741,21194.934,0.14729087,220.17815,,,,
142,2018-11-26 00:00:00+02:00,-1.5426474,,,0.658136,72215.55,2651.0432,81815.8,1698.413,20.461763,,,,,,,,,,2.8504443e-05,,2.1630052e-05,0.00013450145,22154.418,0.15085395,219.5205,,,,
143,2018-11-27 00:00:00+02:00,-0.6322206,0.033421654,345.1091,0.36429045,77217.195,2135.8782,87160.51,1211.628,11.304581,,,,,,,,,,0.000102552716,7.8839854e-05,2.2252769e-05,0.00025020837,24292.56,0.14658499,218.11041,,,,
144,2018-11-28 00:00:00+02:00,-0.65024906,0.034442097,204.22894,0.40453786,92697.44,814.2847,99762.36,233.56606,5.5995464,,,,,,,,,,7.56466e-05,6.38912e-05,1.9839752e-05,0.00025812467,22233.047,0.13931173,216.1029,,,,
145,2018-11-29 00:00:00+02:00,0.14487076,,,0.9711957,76557.61,2364.025,86566.08,1413.6259,14.210338,,,,,,,,,,0.00010276836,,1.6082213e-05,0.000180711,16340.803,0.13666278,213.84163,,,,
146,2018-11-30 00:00:00+02:00,-0.7767259,0.0339309,180.17035,0.4160321,90049.336,1076.2434,97587.72,423.80627,6.029108,,,,,,,,,,6.8522095e-05,5.541903e-05,1.4240595e-05,0.00020724356,14433.635,0.12212993,211.79387,,,,
147,2018-12-01 00:00:00+02:00,-0.6394189,0.03588357,496.16058,0.5749408,77923.19,2298.114,85893.38,1512.9861,5.465108,,,,,,,,,,7.094758e-05,4.0153845e-05,1.6949003e-05,0.00018745013,19292.852,0.1275868,212.46812,,,,
148,2018-12-02 00:00:00+02:00,-0.8161963,0.03363461,470.3418,0.53345853,60289.742,3997.163,68598.1,3022.0684,14.436577,,,,,,,,,,7.8640274e-05,,1.591901e-05,0.00017240027,19268.512,0.12589394,209.02547,,,,
149,2018-12-03 00:00:00+02:00,-0.30052766,,,0.9989906,46296.773,5955.248,53012.867,4973.7896,24.027702,,,,,,,,,,0.00015728206,,1.2441093e-05,0.00016024543,16689.383,0.123738706,211.3499,,,,
150,2018-12-04 00:00:00+02:00,-0.43490407,0.036140792,783.14905,0.9946771,78238.18,1953.937,88483.93,973.872,6.641069,,,,,,,,,,0.00010583807,,1.6520415e-05,0.00018306021,19242.686,0.13652678,209.58807,,,,
151,2018-12-05 00:00:00+02:00,-0.0035600662,0.032302234,290.13242,0.8096114,86009.43,1290.2933,94601.47,537.4653,3.9671514,,,,,,,,,,3.2582175e-05,8.937529e-06,1.5042998e-05,0.00012679212,22157.887,0.1421602,211.08093,,,,
152,2018-12-06 00:00:00+02:00,-1.0609118,,,,,,,,,,,,,,,,,,3.2190364e-05,1.4092925e-05,1.5371195e-05,0.00012732312,19286.533,0.12759613,208.62726,,,,
153,2018-12-07 00:00:00+02:00,-1.0094343,0.030472532,1033.9229,0.8220584,59122.46,4246.921,67281.19,3275.4412,16.519247,,,,,,,,,,0.00029173787,7.966932e-05,1.1894079e-05,0.00028667625,17437.482,0.117131375,207.54321,,,,
154,2018-12-08 00:00:00+02:00,-0.7237018,,,0.94236875,40195.3,6971.802,46192.266,5982.0376,24.77693,,,,,,,,,,0.00078974926,,1.0746022e-05,0.0002087521,18276.676,0.11617589,209.00839,,,,
155,2018-12-09 00:00:00+02:00,-0.43025172,0.033707317,705.3602,1.0,78140.734,1887.6282,88377.54,920.85046,11.94217,,,,,,,,,,9.0989044e-05,,1.5905556e-05,0.00016602105,22516.037,0.1450346,213.8854,,,,
156,2018-12-10 00:00:00+02:00,-0.5389104,0.031015687,653.8317,,,,,,,,,,,,,,,,7.207322e-05,,2.1617556e-05,0.00019074738,24166.582,0.15047531,217.35779,,,,
157,2018-12-11 00:00:00+02:00,-0.853835,,,,,,,,,,,,,,,,,,0.000106257554,,2.4798836e-05,0.0003010286,24260.47,0.15748313,219.4811,,,,
158,2018-12-12 00:00:00+02:00,-1.0721647,,,,,,,,,,,,,,,,,,6.2585445e-05,,2.0712088e-05,0.0002189164,22200.168,,,,,,
159,2018-12-13 00:00:00+02:00,-0.61317784,0.033459086,403.96533,,,,,,,,,,,,,,,,7.2691655e-05,,1.7556114e-05,0.00018994571,22211.514,0.14784245,215.7873,,,,
160,2018-12-14 00:00:00+02:00,0.16166106,0.037087735,514.0702,,,,,,,,,,,,,,,,5.0698276e-05,,1.6496198e-05,0.00014425263,22222.033,0.14543681,213.94391,,,,
161,2018-12-15 00:00:00+02:00,-0.44350418,,,,,,,,,,,,,,,,,,6.2226216e-05,,1.4086656e-05,0.0001523799,21256.781,0.14577991,211.99323,,,,
162,2018-12-16 00:00:00+02:00,-0.7644708,,,,,,,,,,,,,,,,,,0.00018100272,,1.6706486e-05,0.0001778238,19306.883,0.13358474,213.82265,,,,
163,2018-12-17 00:00:00+02:00,-0.3347181,,,,,,,,,,,,,,,,,,0.000334519,,1.4109555e-05,0.00025306322,19295.414,0.12915504,213.32036,,,,
164,2018-12-18 00:00:00+02:00,-0.52465594,,,,,,,,,,,,,,,,,,6.882865e-05,,1.4193538e-05,0.00024332889,22216.195,0.13520044,206.9858,,,,
165,2018-12-19 00:00:00+02:00,-0.33862084,,,,,,,,,,,,,,,,,,6.274121e-05,,9.094759e-06,0.000115940886,15990.577,0.11511813,206.02174,,,,
166,2018-12-20 00:00:00+02:00,-1.1874044,,,,,,,,,,,,,,,,,,0.000116294,,9.126324e-06,0.00012804303,14432.311,0.121184506,205.74597,,,,
167,2018-12-21 00:00:00+02:00,0.026597738,,,,,,,,,,,,,,,,,,0.0001335755,,1.3050421e-05,0.00014044266,19274.43,0.13346636,207.52763,,,,
168,2018-12-22 00:00:00+02:00,-1.0156852,,,,,,,,,,,,,,,,,,0.00010540059,,1.0608837e-05,0.0001322891,16690.318,0.12684408,206.29376,,,,
169,2018-12-23 00:00:00+02:00,-0.53273153,,,,,,,,,,,,,,,,,,5.5395096e-05,,1.6557971e-05,0.00017177225,22140.2,0.12926841,209.75398,,,,
170,2018-12-24 00:00:00+02:00,-0.52648526,,,,,,,,,,,,,,,,,,0.00037561113,,1.691663e-05,0.00027970577,21261.379,0.13798791,211.20856,,,,
171,2018-12-25 00:00:00+02:00,-0.25554648,,,,,,,,,,,,,,,,,,-7.177746e-06,,1.882928e-05,9.639745e-05,19272.33,0.12749904,215.26846,,,,
172,2018-12-26 00:00:00+02:00,-0.650982,,,,,,,,,,,,,,,,,,-1.7569444e-06,-2.4445835e-05,2.0050893e-05,0.00010202864,16695.82,0.12964591,216.45636,,,,
173,2018-12-27 00:00:00+02:00,-0.42022836,,,,,,,,,,,,,,,,,,-6.1328785e-05,-1.2752748e-05,2.1116124e-05,9.61093e-05,19266.29,0.13000584,217.29808,,,,
174,2018-12-28 00:00:00+02:00,-1.2595534,,,,,,,,,,,,,,,,,,-2.3549701e-05,,2.0797439e-05,9.9688536e-05,22154.76,,,,,,
175,2018-12-29 00:00:00+02:00,-0.43000683,0.034686107,395.38174,,,,,,,,,,,,,,,,1.4519183e-05,,1.732277e-05,0.0001070562,19281.078,0.14942196,215.99118,,,,
176,2018-12-30 00:00:00+02:00,-0.36496568,,,,,,,,,,,,,,,,,,-1.3441057e-05,,1.8678222e-05,0.00011052157,22160.824,0.1540251,217.73495,,,,
177,2018-12-31 00:00:00+02:00,-0.17134167,0.03270971,413.5628,,,,,,,,,,,,,,,,2.6875172e-05,,1.4702897e-05,0.00011382214,19295.582,0.138434,216.00768,,,,
178,2019-01-01 00:00:00+02:00,-1.2221197,,,,,,,,,,,,,,,,,,3.6225545e-05,,1.6196242e-05,0.00012337427,22071.426,0.14629702,216.9267,,,,
179,2019-01-02 00:00:00+02:00,-0.025630414,0.03143948,520.4299,,,,,,,,,,,,,,,,8.2374005e-05,,1.1284104e-05,0.000104792416,24183.436,0.1454775,216.61584,,,,
180,2019-01-03 00:00:00+02:00,-0.54397553,0.038743276,382.28265,0.68820345,83336.73,1512.1772,93763.88,613.05634,6.273312,0.00023525445,0.89369684,0.0001924591,0.46567076,,,,,,7.5496675e-05,,1.0111631e-05,0.00012879624,22183.453,0.11976631,208.94675,,,,
181,2019-01-04 00:00:00+02:00,-0.69462264,,,0.9937512,52391.457,5029.476,59812.0,4075.0427,23.887003,,,,,,,,,,4.091642e-05,,1.009843e-05,8.248302e-05,16704.52,0.13642856,210.71423,,,,
182,2019-01-05 00:00:00+02:00,-0.38268304,0.034312043,428.93378,0.99896055,97833.49,223.0055,100979.87,25.981453,4.470165,,,,,,,,,,2.7243763e-05,,1.1992727e-05,0.00010132876,19918.701,0.15791717,211.80838,,,,
183,2019-01-06 00:00:00+02:00,-0.54344326,0.03736316,283.38312,,,,,,,,,,,,,,,,3.3223878e-05,1.00731695e-05,1.3557186e-05,0.00011775052,16717.244,0.14617473,213.2605,,,,
184,2019-01-07 00:00:00+02:00,-1.242825,,,0.7967635,47727.613,5830.5923,54605.098,4857.2544,15.812917,,,,,,,,,,-2.6648922e-05,,1.6392747e-05,9.7645185e-05,14430.088,0.120383084,217.05008,,,,
185,2019-01-08 00:00:00+02:00,-0.6340114,0.03426495,556.7365,0.8770945,59336.344,4187.941,67516.69,3217.6753,16.789654,,,,,,,,,,5.9519156e-05,,2.2934146e-05,0.00014060418,16688.297,0.13594039,220.842,,,,
186,2019-01-09 00:00:00+02:00,-0.9976851,,,0.9181156,55181.594,4550.06,62918.758,3590.858,17.798895,,,,,,,,,,4.7134083e-05,,2.467151e-05,0.00014809603,17250.65,0.15777196,220.95328,,,,
187,2019-01-10 00:00:00+02:00,-0.4593659,0.03726779,350.71176,0.82965016,87985.14,1125.7032,97574.88,319.40646,6.4160476,0.00021941931,0.45040888,8.262711e-05,0.49962798,,,,,,5.4364355e-05,1.5166528e-05,2.9966159e-05,0.00021167981,16709.996,0.17170203,220.57529,,,,
188,2019-01-11 00:00:00+02:00,-0.27765054,,,0.995352,43521.79,6438.3564,49904.742,5461.1406,9.920727,,,,,,,,,,-6.156604e-05,,2.3569715e-05,0.00012607517,14764.809,0.15087506,223.21472,,,,
189,2019-01-12 00:00:00+02:00,-0.38115463,,,0.81396896,58795.812,5111.1387,65369.004,4303.9585,11.795501,6.6743814e-05,0.64390606,1.32450405e-05,0.40923822,,,,,,-2.6678219e-05,,2.45641e-05,0.00011967514,19236.543,0.18190864,222.52812,,,,
190,2019-01-13 00:00:00+02:00,-1.5263494,0.029529905,673.3311,0.85818654,64650.016,3365.0256,73417.91,2401.1013,20.763134,,,,,,,,,,5.3798463e-05,,2.1898788e-05,0.00013859879,22058.793,0.16282427,223.1653,,,,
191,2019-01-14 00:00:00+02:00,-0.79634166,0.032180913,650.37726,0.82598025,53085.43,4622.6074,60578.625,3670.5789,18.676311,,,,,,,,,,-0.00010434457,,2.7074551e-05,0.00013494457,24068.133,0.16733338,222.38803,,,,
192,2019-01-15 00:00:00+02:00,-0.69934005,0.03161902,287.38733,0.67126167,89803.41,747.079,98091.984,188.70012,7.991175,-6.141896e-05,1.1463859,-6.757919e-05,0.34196877,,,,,,4.076217e-05,-2.9569917e-06,2.4240027e-05,0.00019263354,23731.422,0.20623857,221.95894,,,,
193,2019-01-16 00:00:00+02:00,-0.3717586,0.03696988,313.74472,0.6846802,87369.44,1043.1401,95617.15,389.08673,4.3683662,5.9397928e-05,0.99533665,3.622513e-05,0.4088134,,,,,,2.8316806e-05,1.2359017e-06,2.4360834e-05,0.00016025493,20345.727,0.16317499,220.96573,,,,
194,2019-01-17 00:00:00+02:00,-0.5232991,0.031044308,420.08957,0.8300413,48060.727,5547.1963,54973.258,4581.04,9.879478,4.415548e-05,1.4523716,5.3015054e-05,0.43765664,,,,,,0.00026118514,,2.2440487e-05,0.00018532446,20079.652,0.1569976,221.50247,,,,
195,2019-01-18 00:00:00+02:00,-0.7781403,0.035844084,213.01591,0.6226223,77576.48,2183.9934,84418.85,1559.656,6.3040586,9.091703e-05,0.93746173,6.869435e-05,0.3429825,,,,,,3.4266097e-05,1.5712762e-05,2.4452445e-05,0.00017133454,27648.73,0.17563331,221.41946,,,,
196,2019-01-19 00:00:00+02:00,-0.75871044,0.038756445,342.6526,0.25295386,67567.54,3180.5159,76249.2,2267.736,3.2239306,2.420058e-05,0.84361374,6.068389e-06,0.22837956,,,,,,4.295334e-05,1.5534308e-05,2.3356135e-05,0.00018196016,24033.895,0.17519714,219.1758,,,,
197,2019-01-20 00:00:00+02:00,-0.5780123,0.035082646,387.09985,0.5276536,84626.45,1470.4175,91509.32,853.1134,8.1107025,0.00012363182,0.8354353,7.7470744e-05,0.39565712,,,,,,2.5504101e-05,-7.7218056e-07,2.6036712e-05,0.00015718015,24256.781,0.205377,220.99713,,,,
198,2019-01-21 00:00:00+02:00,-0.39641225,0.038613766,276.6089,0.6376687,85175.234,1380.2749,94348.28,586.14056,6.502754,0.00010351061,0.74878085,6.146997e-05,0.410962,,,,,,6.872928e-05,2.906202e-05,2.3896522e-05,0.0002204831,22164.254,0.1901931,220.4487,,,,
199,2019-01-22 00:00:00+02:00,-0.82266283,0.03722029,353.3175,0.54608023,84579.586,1479.474,93428.53,705.32666,4.998212,-5.6502187e-05,0.71960205,-5.0914023e-05,0.41730294,,,,,,9.922442e-05,3.6512938e-05,2.4640132e-05,0.0002083597,22172.434,0.18346664,220.76843,,,,
200,2019-01-23 00:00:00+02:00,-0.122931,0.03702347,286.2549,0.77133834,88781.53,1049.5045,96534.83,392.31622,7.9570465,3.6336336e-05,1.1011838,3.020038e-05,0.4151678,,,,,,7.173618e-05,2.4211104e-05,2.3495191e-05,0.00020998775,19912.84,0.17325953,220.72792,,,,
201,2019-01-24 00:00:00+02:00,-0.5780531,0.038352996,360.29126,0.600355,75625.1,2450.2642,84471.95,1588.8323,5.7492337,7.328046e-05,1.1331689,6.500686e-05,0.38708287,,,,,,5.7661393e-05,9.116929e-06,2.6894286e-05,0.00020856116,19282.95,0.19689868,219.60706,,,,
202,2019-01-25 00:00:00+02:00,-0.9033841,,,0.944918,42866.008,6456.9297,49171.055,5511.3594,29.498466,,,,,,,,,,1.6565178e-05,,2.6954487e-05,0.00015496007,19286.102,0.18348405,220.97961,,,,
203,2019-01-26 00:00:00+02:00,-0.59481514,0.038318153,325.13162,0.48391765,92692.09,643.9047,99722.81,117.41014,4.800822,7.06887e-05,1.0641145,6.165795e-05,0.38530838,,,,,,8.3685634e-05,4.1643183e-05,2.7076043e-05,0.00027588184,24225.64,0.18238097,220.94266,,,,
204,2019-01-27 00:00:00+02:00,-0.1871219,0.03686969,264.9364,0.76817536,73021.95,2742.6196,79294.04,2095.3125,8.153692,0.00013723595,0.67056215,6.4651176e-05,0.44699588,,,,,,0.00010615753,,2.2992934e-05,0.00018162312,20893.438,0.17267624,220.31973,,,,
205,2019-01-28 00:00:00+02:00,0.06577143,,,0.89130074,51977.133,5157.7036,59268.086,4208.167,14.203917,0.0002402864,0.6572967,0.00015139332,0.46929398,,,,,,3.467445e-05,,2.5116327e-05,0.00014508482,22107.205,0.17253973,220.38234,,,,
206,2019-01-29 00:00:00+02:00,-0.07345797,0.037884828,670.7676,0.60011035,55826.434,4624.2407,63597.773,3668.2744,11.249026,0.00013610254,1.2779607,0.00016374365,0.38281435,,,,,,0.00012364639,,2.3859358e-05,0.00020804636,22096.584,0.18704985,219.1831,,,,
207,2019-01-30 00:00:00+02:00,-0.73405296,0.03706997,319.12955,0.32084015,86161.39,1218.9723,95387.336,447.4395,4.8279557,0.00016306032,0.6899342,0.00010785318,0.40899533,,,,,,7.090275e-05,4.2898384e-05,2.4384266e-05,0.00023874358,23878.014,0.16123688,218.82062,,,,
208,2019-01-31 00:00:00+02:00,-0.73353446,0.04170251,391.3559,0.409059,90852.98,858.6147,97993.2,266.44397,4.1558905,0.00014909821,0.9036304,0.00012008734,0.37704465,,,,,,8.8247994e-05,4.652582e-05,2.2703134e-05,0.00028214557,19268.043,0.16017962,217.8757,,,,
209,2019-02-01 00:00:00+02:00,-0.02029173,0.03827791,792.9983,0.92776096,66238.0,3324.4097,75071.58,2365.7727,24.19342,,,,,,,,,,0.00012604812,,2.3912806e-05,0.0001786874,22139.99,0.15563792,218.418,,,,
210,2019-02-02 00:00:00+02:00,-0.55309135,,,0.85727215,38165.984,7286.619,43917.53,6327.953,12.551941,,,,,,,,,,0.00010811237,,2.0124344e-05,0.00014780858,19260.484,0.14618826,217.47684,,,,
211,2019-02-03 00:00:00+02:00,-0.59832126,0.035964143,462.6228,0.93790346,83148.33,1631.3451,89748.3,1017.03625,19.626112,,,,,,,,,,8.552142e-05,,1.959423e-05,0.0002038521,19255.566,0.15116939,216.07892,,,,
212,2019-02-04 00:00:00+02:00,-0.62999094,,,0.95351875,47241.71,5873.2134,54063.69,4898.997,24.958979,,,,,,,,,,5.057988e-05,,2.616235e-05,0.00015498167,22175.152,0.16819729,215.7716,,,,
213,2019-02-05 00:00:00+02:00,-0.31121174,,,0.86414635,50718.867,5315.904,57944.883,4363.2363,39.694695,,,,,,,,,,5.8747057e-05,,2.6466761e-05,0.0001432307,22192.242,0.17428945,217.36685,,,,
214,2019-02-06 00:00:00+02:00,-0.49290523,0.03795035,227.88524,0.74522865,92411.16,737.0069,100140.03,92.62987,9.2827835,,,,,,,,,,4.7211397e-05,,2.6643424e-05,0.00016801848,21215.34,0.17334259,217.70242,,,,
215,2019-02-07 00:00:00+02:00,-0.23883152,0.034483075,617.46277,0.93166155,62932.297,4032.7456,71007.23,3105.2112,25.507421,,,,,,,,,,0.00038925657,,2.3203203e-05,0.00019420628,16704.53,0.13997667,219.01157,,,,
216,2019-02-08 00:00:00+02:00,-0.52997756,0.034607135,592.4416,0.6964835,63330.117,3855.8726,71663.85,2907.4624,11.73211,,,,,,,,,,0.00036970776,,2.5764417e-05,0.00023557615,18055.373,0.1696719,218.73805,,,,
217,2019-02-09 00:00:00+02:00,-0.69016993,,,0.6622915,38429.684,7332.0527,44199.707,6369.6523,29.572456,-6.241521e-05,0.609486,-4.9070117e-05,0.5349874,,,,,,0.00012948006,,2.773407e-05,0.00016972642,16693.771,0.163194,216.98982,,,,
218,2019-02-10 00:00:00+02:00,-0.28380054,0.035487965,239.92212,0.6594497,73836.836,2407.2056,83610.445,1444.3943,16.80907,1.5842013e-05,0.74428904,-4.8060533e-06,0.3971662,,,,,,8.007303e-05,,2.4946916e-05,0.00016250112,22110.97,0.19959822,217.29413,,,,
219,2019-02-11 00:00:00+02:00,-0.51152986,,,0.89868057,45844.0,5917.987,52503.914,4949.791,39.827076,,,,,,,,,,0.00029379345,,2.3426135e-05,0.00016394831,19224.922,0.18920696,217.59494,,,,
220,2019-02-12 00:00:00+02:00,-0.54489785,0.037678383,355.06552,0.41586775,75357.695,2355.7983,83792.95,1516.6982,4.264316,7.555358e-05,1.1590755,6.971907e-05,0.32670447,,,,,,5.7648576e-05,1.6680313e-05,2.645925e-05,0.00014918005,22980.734,0.20250133,218.06233,,,,
221,2019-02-13 00:00:00+02:00,-0.7657219,0.035603527,677.17615,0.843042,76035.75,2306.609,85849.98,1369.842,11.757934,,,,,,,,,,7.091256e-05,,2.1530072e-05,0.00016210302,18398.396,0.16579303,216.15741,,,,
222,2019-02-14 00:00:00+02:00,-1.4598533,,,0.2518888,26775.848,9998.623,30894.37,9043.826,8.957962,1.458004e-05,1.1573411,4.7283056e-06,0.2335016,,,,,,6.915104e-05,,2.0875603e-05,0.00014111391,16716.879,0.15263546,214.54883,,,,
223,2019-02-15 00:00:00+02:00,-0.4481343,0.034824368,959.4364,0.6580715,75246.42,2562.3706,84699.484,1613.0393,15.993108,0.00011220486,1.5571045,0.00016244504,0.46745622,,,,,,6.469329e-05,,2.0186995e-05,0.0001308866,14430.766,0.15530246,213.21744,,,,
224,2019-02-16 00:00:00+02:00,-1.0641387,0.032888398,490.21622,0.022454623,97968.71,1240.6399,100462.31,290.36575,3.056253,9.371143e-05,1.2610023,0.000104855484,0.025423557,,,,,,7.0882306e-05,4.6719004e-05,2.4175572e-05,0.0001896846,14427.426,0.13506737,215.8898,,,,
225,2019-02-17 00:00:00+02:00,-1.003528,0.04056303,622.5706,0.033518877,95209.39,1612.1467,98412.13,767.0338,3.1714978,7.469044e-05,1.1680804,7.497531e-05,0.043984547,,,,,,4.8866958e-05,2.4383964e-05,2.4482993e-05,0.00014344559,14427.575,0.14783353,215.76266,,,,
226,2019-02-18 00:00:00+02:00,-1.0582993,0.034421153,639.47485,0.09707691,91180.69,2194.7075,96497.0,1234.806,3.8936052,6.529733e-05,1.3159049,7.403058e-05,0.088237606,,,,,,6.143463e-05,3.882431e-05,2.2610318e-05,0.00015779867,14430.668,0.12793422,217.3833,,,,
227,2019-02-19 00:00:00+02:00,-0.11451724,0.035444446,471.04697,0.35803866,40767.9,7071.713,46786.723,6104.7563,11.006681,0.00012827068,0.9908462,0.00010961403,0.31202695,,,,,,0.00014847657,,2.4410874e-05,0.00021888613,16695.064,0.15095949,218.1745,,,,
228,2019-02-20 00:00:00+02:00,-0.73114026,0.036516964,221.34637,0.7410123,76429.36,2123.1885,86478.5,1175.4773,29.131727,0.00011353235,0.7730459,6.957772e-05,0.34189627,,,,,,4.073629e-05,,3.1915777e-05,0.00015148608,21795.496,0.18522,218.30829,,,,
229,2019-02-21 00:00:00+02:00,-0.9219457,0.03970985,196.97258,0.039010897,96376.95,2244.8826,99581.195,1341.2227,2.4621875,5.129745e-05,1.3597171,5.822277e-05,0.04405151,,,,,,5.5085482e-05,2.4453133e-05,3.109601e-05,0.00015897695,16712.477,0.1746858,219.20583,,,,
230,2019-02-22 00:00:00+02:00,-1.1809084,0.040636815,163.21544,0.011282157,99544.67,968.9243,100732.72,356.11984,2.8797345,9.593372e-05,1.2385092,0.00010259473,0.015365433,,,,,,4.741828e-05,1.9642925e-05,2.7666887e-05,0.0001391787,16734.277,0.1820423,216.59732,,,,
231,2019-02-23 00:00:00+02:00,-0.72135186,0.038909078,668.25885,0.9542312,79057.49,2200.3796,88687.89,1298.3927,26.517336,,,,,,,,,,4.350701e-05,,2.2634656e-05,0.00011534551,14437.99,0.1387726,217.32655,,,,
232,2019-02-24 00:00:00+02:00,-0.77836734,0.034864713,922.49164,0.5729006,77308.1,3027.4243,84361.14,2087.645,4.2113414,5.5780034e-05,1.398169,6.979774e-05,0.15292512,,,,,,4.028149e-05,1.6054859e-05,2.5062238e-05,0.00012873487,13060.107,0.13245459,216.44418,,,,
233,2019-02-25 00:00:00+02:00,-0.8866232,0.03841407,580.79626,0.07569253,89725.75,2281.116,94248.03,1401.731,2.5486915,3.8132162e-05,1.1742356,3.1892203e-05,0.09238312,,,,,,4.4068485e-05,1.855335e-05,2.5459329e-05,0.00013971036,16712.395,0.16107443,215.50598,,,,
234,2019-02-26 00:00:00+02:00,-0.6354282,0.036224894,553.5496,0.58938044,93330.33,696.5754,100713.57,83.62924,6.4416704,2.5370291e-05,1.4496808,2.8760272e-05,0.47207427,,,,,,3.7273654e-05,,2.692237e-05,0.00012547459,17745.123,0.15098636,218.12228,,,,
235,2019-02-27 00:00:00+02:00,-0.8384687,0.035187572,797.5143,0.34441477,55635.117,5367.454,62742.242,4382.2393,4.175051,1.7649629e-05,1.0445323,1.1261201e-05,0.28771842,,,,,,4.4368666e-05,2.6773138e-05,2.5633866e-05,0.00012547139,14425.52,0.1391131,216.87338,,,,
236,2019-02-28 00:00:00+02:00,-0.5655471,0.035326272,586.51526,0.51730573,67386.49,3131.3855,76418.61,2165.932,3.7038739,2.6985992e-05,0.90593356,1.1998238e-05,0.4027902,,,,,,2.8575932e-05,1.2689531e-05,3.174144e-05,0.000118678705,22585.191,0.16932559,220.13283,,,,
237,2019-03-01 00:00:00+02:00,0.27462626,0.037023857,176.10637,0.701114,85681.36,1204.7264,96466.85,296.47015,4.807624,,,,,,,,,,3.9059472e-05,4.8049965e-06,3.3885102e-05,0.0001482006,22128.293,0.20115408,220.12317,,,,
238,2019-03-02 00:00:00+02:00,-1.6308863,0.037442733,421.6498,0.6405889,78461.83,1952.288,88725.67,1018.39264,43.02552,8.6083e-07,1.5551226,-8.024552e-06,0.27493414,,,,,,5.3325304e-05,,3.2530137e-05,0.00013488274,19260.258,0.1928456,219.44342,,,,
239,2019-03-03 00:00:00+02:00,-0.7839987,0.03975033,507.14703,0.9634547,60776.383,3839.1504,69135.75,2873.3896,68.81845,,,,,,,,,,9.900649e-05,,2.904026e-05,0.00013341295,19238.64,0.15430559,219.72223,,,,
240,2019-03-04 00:00:00+02:00,-0.7951634,0.037528314,829.3086,0.75794137,63239.39,3527.995,71864.47,2552.6367,27.533367,-1.5587846e-05,1.7141793,-4.31695e-05,0.42988876,,,,,,9.651854e-05,2.4649364e-05,2.8611787e-05,0.00015013671,18477.436,0.17155883,219.89507,,,,
241,2019-03-05 00:00:00+02:00,-0.8540015,0.035286244,455.76154,0.96257645,67605.41,2921.4966,76707.84,1957.8889,30.179071,6.29864e-05,1.4114124,7.738175e-05,0.5408623,,,,,,0.00013817396,,3.1079122e-05,0.00019346416,22027.703,0.18379028,221.57118,,,,
242,2019-03-06 00:00:00+02:00,-1.0872779,0.039684705,320.29852,0.15453172,75363.336,2458.4065,83271.42,1649.53,4.043658,4.402282e-05,1.1086787,3.2985525e-05,0.14132273,,,,,,9.2791975e-05,5.6588047e-05,3.211184e-05,0.0001785759,22157.55,0.18618202,219.8049,,,,
243,2019-03-07 00:00:00+02:00,-0.65471625,0.034057382,905.7115,0.8471216,54801.14,4699.7666,62491.49,3728.0342,17.241495,0.00011759588,0.7248586,7.799989e-05,0.439413,,,,,,0.0001234914,,2.7684315e-05,0.00013723814,16689.371,0.17349055,218.55478,,,,
244,2019-03-08 00:00:00+02:00,-1.0109937,0.034950614,531.72363,0.56572044,69837.17,2819.0266,79177.5,1848.3181,39.431778,6.804916e-05,1.3166848,5.2105675e-05,0.20364687,,,,,,6.5195316e-05,3.3617805e-05,4.1001695e-05,0.00019246871,22079.812,0.1876875,218.84116,,,,
245,2019-03-09 00:00:00+02:00,-0.7908247,0.03682041,397.31952,0.5561811,75201.36,2207.894,85121.97,1257.8071,26.435715,1.48406225e-05,1.0961882,-3.1856566e-06,0.3784551,,,,,,5.0191193e-05,1.2258819e-05,3.567487e-05,0.00014868708,22104.084,0.18791495,223.52927,,,,
246,2019-03-10 00:00:00+02:00,-0.63765836,0.03475125,600.7399,0.9670229,81668.61,1525.6088,91855.766,641.2443,27.849524,,,,,,,,,,6.498932e-05,,3.5217246e-05,0.00015962984,24148.883,0.1833975,224.9482,,,,
247,2019-03-11 00:00:00+02:00,-1.000456,0.04004237,334.36713,0.5145154,90376.47,766.6551,98031.09,191.59908,8.58165,3.497507e-05,1.5862644,4.7872643e-05,0.38636118,,,,,,5.1537252e-05,9.379479e-06,3.9878563e-05,0.0001686191,24184.352,0.20595649,224.84077,,,,
248,2019-03-12 00:00:00+02:00,-0.73426497,0.036093414,283.2914,0.7974043,85550.73,1249.8567,95703.0,399.67877,16.310394,-3.2348857e-05,1.6138608,-6.876278e-05,0.4113965,,,,,,5.8025747e-05,1.3706424e-05,3.6774065e-05,0.00017601707,22136.719,0.20789608,223.61969,,,,
249,2019-03-13 00:00:00+02:00,-0.71365184,,,0.6000614,42993.555,6528.6953,49297.047,5570.71,26.420952,0.00012435477,0.74491876,5.946583e-05,0.35145804,,,,,,0.00011704974,3.449919e-05,3.8508915e-05,0.00018278029,16692.158,0.17890432,222.51425,-0.00021686709,0.15683147,-3.070212e-05,3.663146e-05
250,2019-03-14 00:00:00+02:00,-0.84388447,0.035824355,328.21674,0.6446297,63757.31,3467.892,72446.31,2511.2212,14.246307,2.8159195e-05,0.8882326,1.4054643e-05,0.4511341,,,,,,7.4584525e-05,,4.3486114e-05,0.00018364863,22094.11,0.21433681,220.36469,,,,-8.576973e-06
251,2019-03-15 00:00:00+02:00,-0.53493726,0.038126778,485.22772,0.8372357,90961.72,722.7687,100048.44,62.71968,17.473242,,,,,,,,,,6.716284e-05,,3.570293e-05,0.00018819196,22091.48,0.18861097,220.04263,,,,
252,2019-03-16 00:00:00+02:00,-0.49645212,0.037609477,737.3522,0.9245609,73396.3,2369.2256,83024.53,1435.8582,26.134912,3.4314802e-05,1.9476625,5.9039212e-05,0.40835768,,,,,,0.00013241629,,3.305975e-05,0.00020056192,23842.934,0.19347408,220.91946,,,,
253,2019-03-17 00:00:00+02:00,-0.38021043,,,0.93007874,59637.18,4032.4275,67865.61,3066.0898,40.5136,,,,,,,,,,0.00010486774,,2.9258086e-05,0.00016868701,16688.15,0.16233543,219.31085,,,,
254,2019-03-18 00:00:00+02:00,-1.4594607,0.034359816,349.00015,0.5478104,73308.555,2459.2122,83026.33,1494.4982,13.564452,4.7055644e-05,1.2324218,4.6641024e-05,0.32143855,,,,,,6.300738e-05,2.2676764e-05,4.1225845e-05,0.00015772843,22114.33,0.19859493,220.53024,0.0004896086,0.31435516,0.0001678287,5.0907074e-05
255,2019-03-19 00:00:00+02:00,-1.0939971,0.03355976,430.6996,0.757558,75353.516,2309.7595,85282.625,1359.3767,21.358871,6.150433e-05,1.4659107,5.189189e-05,0.38765538,,,,,,6.575827e-05,,3.646555e-05,0.0001585102,24267.027,0.20954138,220.06906,0.00086217234,0.3620186,0.0003121224,5.2952155e-06
256,2019-03-20 00:00:00+02:00,-1.0675447,0.03937743,464.11523,0.36450133,55894.977,4785.6895,63657.21,3823.401,6.9673843,3.601017e-06,0.81222206,-8.238003e-06,0.34217307,,,,,,6.2151346e-05,2.8507235e-05,3.2146345e-05,0.0001378903,19293.625,0.14326498,219.48642,0.00041992049,0.30681568,0.00012566091,3.6576048e-06
257,2019-03-21 00:00:00+02:00,-0.9212556,0.03428026,1089.227,0.87030756,61048.086,4053.9033,69430.93,3082.0752,11.607641,7.987301e-05,0.8927798,5.9193117e-05,0.5100853,,,,,,8.412671e-05,,3.105328e-05,0.000120714,16712.621,0.135407,219.61636,,,,
258,2019-03-22 00:00:00+02:00,-1.2579609,0.039763987,266.0935,0.07358483,86734.266,1342.5083,94100.29,671.2394,3.6531653,8.986857e-05,0.98617435,7.369144e-05,0.08405449,1819.063,3681.721,0.016062751,1832.0767,3.559627,4.8772035e-05,6.6439625e-06,4.212807e-05,0.00015267116,20345.305,0.15909484,222.28806,0.0005339637,0.26482117,0.00014551691,1.9951382e-05
259,2019-03-23 00:00:00+02:00,-0.8478443,0.03433515,955.7156,0.66469,70943.2,3028.7737,80379.03,2050.7502,7.933243,1.9272948e-05,1.4727728,1.10697565e-05,0.39584297,,,,,,5.9308157e-05,9.008755e-06,3.748428e-05,0.0001585497,14430.465,0.14588457,222.31918,0.0006033867,0.21008088,0.00013036585,5.7438574e-06
260,2019-03-24 00:00:00+02:00,-1.0501232,0.038368635,342.01465,0.09377919,92321.56,1765.1455,97134.17,942.5992,3.6331353,0.00012840555,0.8165007,8.017731e-05,0.09781908,1819.108,3422.9255,0.025788577,1829.4791,2.7735114,6.172656e-05,1.7007878e-05,4.471869e-05,0.00017812649,20435.715,0.17934518,222.37048,0.001731992,0.2440536,0.00028270192,1.2930168e-05
261,2019-03-25 00:00:00+02:00,-1.2948084,0.040390596,743.79333,0.54135203,71728.92,2737.6094,80861.08,1816.3325,15.136223,3.88037e-05,0.9989214,2.0471678e-05,0.26052594,,,,,,7.049937e-05,2.1951862e-05,4.5394147e-05,0.00018475064,22290.395,0.21190065,223.79645,0.00076955266,0.32417628,0.00018767433,-1.3780916e-05
262,2019-03-26 00:00:00+02:00,-1.0422587,0.036985695,635.93536,0.60156405,70398.09,2785.959,79780.055,1851.4348,10.884298,0.00011944199,1.0390749,0.000100015954,0.31433898,,,,,,0.00010378176,5.8080543e-05,4.3312357e-05,0.00019654023,24240.469,0.23410796,222.73547,0.0005468555,0.29515344,0.00017999491,5.834341e-05
263,2019-03-27 00:00:00+02:00,-0.97821045,0.040516086,403.48444,0.4915502,65693.26,3388.6934,74438.09,2463.0603,7.770953,4.9700153e-05,0.94534266,3.252682e-05,0.39688855,,,,,,8.1641585e-05,4.93135e-05,3.1886368e-05,0.00013991832,19288.973,0.14739448,222.28278,0.00014870969,0.2892711,2.7881648e-05,1.7982346e-05
264,2019-03-28 00:00:00+02:00,-0.9442584,0.041055508,487.61316,0.33643174,68587.984,3326.7832,77675.984,2373.6086,4.8731933,3.6648566e-05,0.97507143,1.2485007e-05,0.2766593,,,,,,5.446109e-05,1.801545e-05,3.5608267e-05,0.00014203452,19300.559,0.14849536,221.49786,0.00048463984,0.22597378,0.0001057795,2.421e-05
265,2019-03-29 00:00:00+02:00,-1.1772511,0.03830981,968.7629,0.17204452,38875.234,7936.668,44719.03,6936.668,4.8046303,0.000106083244,0.95622295,7.445081e-05,0.1753225,,,,,,6.228698e-05,2.301376e-05,3.9149665e-05,0.00016305703,14427.828,0.14229055,223.74161,0.0015592205,0.20274001,0.00023404992,5.5333916e-05
266,2019-03-30 00:00:00+02:00,-1.202461,0.040135138,616.4102,0.085011035,78346.76,2115.7307,88570.1,1127.3984,3.485518,0.00011715343,1.0015869,9.9869096e-05,0.09016168,1847.7688,3823.8362,0.02531364,1856.9509,2.6041963,6.000457e-05,1.9849456e-05,4.0155115e-05,0.00016126187,16704.852,0.14379965,223.51993,0.0007717694,0.19474047,0.00013566924,3.0192445e-05
267,2019-03-31 00:00:00+02:00,-1.2446265,0.038105804,464.18442,0.43572444,70074.2,2902.3247,79807.2,1902.3247,11.847027,8.1704056e-05,0.8470679,4.720877e-05,0.27707428,,,,,,5.517369e-05,1.0326563e-05,4.2154672e-05,0.00015024336,19380.148,0.1598006,226.75824,0.00022722695,0.30616984,6.301654e-05,-7.5014286e-06
268,2019-04-01 00:00:00+03:00,-1.197762,0.038546555,290.2196,0.029931527,86891.734,1355.8213,94512.12,639.4972,4.9153357,8.947741e-05,0.8266953,5.4171516e-05,0.029329166,1836.3922,3552.1807,0.011655776,1845.7043,2.6058888,5.1499534e-05,2.552326e-06,4.89472e-05,0.00015407777,22211.666,0.17432699,226.29224,0.0005381026,0.31603074,0.00016908906,2.0235999e-05
269,2019-04-02 00:00:00+03:00,-1.2429147,0.042441707,294.95337,0.06294263,68780.57,3256.1118,78407.42,2256.1118,4.707008,6.7345e-05,0.9500756,4.1881773e-05,0.06588084,1832.6644,3457.178,0.045839183,1840.2864,2.4022217,8.13896e-05,3.6031113e-05,4.5358487e-05,0.00018446066,19308.71,0.17133208,224.78,0.0012658491,0.23053813,0.00025106256,1.0940848e-05
270,2019-04-04 00:00:00+03:00,-1.1830738,0.040114358,325.7406,0.053021826,95038.39,598.47546,97575.914,350.98996,4.9117475,0.00010955515,0.84771323,6.7190704e-05,0.053644788,1827.0612,3369.1152,0.020778067,1836.6753,2.529138,6.7718e-05,2.1583119e-05,4.6134883e-05,0.00018207407,19281.557,0.16348922,221.92387,0.00045983354,0.28142676,0.00010999186,2.4250425e-05
271,2019-04-05 00:00:00+03:00,-1.3689902,0.041401662,317.86444,0.057573028,93398.6,769.2791,96432.336,463.83655,4.751266,0.00012790083,0.90364885,9.258432e-05,0.058587343,1836.6033,3600.7102,0.019322854,1846.4895,2.5470476,7.201891e-05,2.5547648e-05,4.647127e-05,0.0001898348,19284.57,0.17168695,223.12384,0.000278723,0.3032793,8.21506e-05,1.2735582e-05
272,2019-04-06 00:00:00+03:00,-1.2107334,0.041419137,371.8777,0.07936843,85282.91,1532.1232,92379.09,848.9959,4.6607037,0.00012353456,0.96315616,9.7674274e-05,0.08225282,1825.4019,3590.7314,0.022052702,1831.696,2.2791107,7.3544914e-05,2.6584265e-05,4.6960653e-05,0.00019271992,19289.555,0.1806174,223.57951,0.00039493875,0.3244977,0.00012172795,4.044485e-05
273,2019-04-07 00:00:00+03:00,-0.975984,0.04177932,790.68665,0.36609444,68159.914,3177.4492,77652.516,2178.8584,7.6232944,0.00015161489,0.8498192,0.00010576008,0.3079846,,,,,,7.892354e-05,2.940847e-05,4.5306024e-05,0.00017182683,19267.133,0.19554226,225.10597,0.0007175646,0.2240127,0.00012764131,2.0873867e-06
274,2019-04-08 00:00:00+03:00,-0.98943263,0.03828905,424.59366,0.6345532,76841.72,2207.2961,87225.016,1207.2961,17.666767,-8.57926e-06,1.2351444,-2.5458936e-05,0.3520689,,,,,,7.185192e-05,2.5114929e-05,4.2402153e-05,0.00016992197,19261.781,0.19230631,225.26657,0.0007312886,0.4485208,0.00028787236,9.4400644e-07
275,2019-04-09 00:00:00+03:00,-0.4950367,0.038300324,478.3926,0.86735857,78877.08,1941.9011,89778.79,941.901,63.5815,,,,,,,,,,7.083564e-05,,3.897741e-05,0.00016370052,22143.031,0.1897349,225.71437,,,,
276,2019-04-10 00:00:00+03:00,-1.4556261,0.0440159,503.69757,0.38159525,88694.86,1091.574,97998.375,291.83496,11.862179,7.1944065e-05,1.5094658,7.448191e-05,0.25115687,,,,,,6.804999e-05,2.4538964e-05,4.2145446e-05,0.0001691306,24285.5,0.19354987,227.0462,8.747072e-05,0.41967994,2.8354414e-05,-1.4445668e-06
277,2019-04-11 00:00:00+03:00,-0.8596517,0.04327243,440.5197,0.50230795,86903.555,1296.7241,97676.05,349.55026,20.652681,8.6895685e-05,1.4572434,9.552695e-05,0.24780533,,,,,,6.2369676e-05,1.5910387e-05,4.1511674e-05,0.00015940386,22198.805,0.185065,226.50258,0.00012774317,0.4421453,4.2958014e-05,2.316751e-05
278,2019-04-12 00:00:00+03:00,-0.43408158,,,0.8853671,88932.75,1139.7848,100371.66,147.47441,29.213598,,,,,,,,,,5.8732403e-05,,4.101916e-05,0.0001485688,22216.535,0.18809444,225.65504,,,,
279,2019-04-13 00:00:00+03:00,-1.340731,0.037869066,377.33768,0.031798344,89425.62,1121.6635,100467.54,144.14676,4.9778214,8.470683e-05,0.98964065,5.917788e-05,0.031973757,1793.7435,3149.1855,0.01084031,1802.735,2.3283086,7.861902e-05,3.4308716e-05,4.4310305e-05,0.00018617389,21349.541,0.18285815,224.87764,0.0022585022,0.21898027,0.00036026136,6.357065e-05
280,2019-04-14 00:00:00+03:00,-1.2138058,0.03888363,390.622,0.047690403,94151.81,710.8377,97029.484,423.64746,4.922158,0.00011070677,0.81978333,6.776183e-05,0.04873678,1817.1946,3292.1057,0.02090001,1825.4781,2.2566717,6.773963e-05,2.6271664e-05,4.1467963e-05,0.00016696638,19793.322,0.16299608,224.86343,0.001126895,0.29375547,0.0002769514,5.7515706e-05
281,2019-04-16 00:00:00+03:00,-1.3319178,0.04012639,441.47482,0.028811073,95286.51,628.3897,97865.65,349.31192,5.076721,0.00011143528,0.931519,7.872237e-05,0.029300213,1828.8491,3877.4438,0.026167072,1836.6562,2.2229245,7.8507765e-05,3.6092617e-05,4.241515e-05,0.00017041819,16724.188,0.15470584,222.11417,0.00056893064,0.27611583,0.00015289153,4.553855e-05
282,2019-04-17 00:00:00+03:00,-1.3839275,0.039320625,387.0772,0.029835552,93132.78,851.4251,96546.33,485.5491,5.059703,0.00013023202,0.8484245,8.759035e-05,0.029193869,1843.1499,3474.622,0.011135167,1850.4736,2.2280304,7.8222874e-05,4.0250503e-05,3.797237e-05,0.00015963419,16725.992,0.12688154,222.71164,-7.1051334e-05,0.28375763,-2.2917675e-05,-2.7053444e-05
283,2019-04-18 00:00:00+03:00,-1.366315,0.038817022,407.15878,0.031267706,86038.7,1565.2809,94300.72,729.68634,5.114348,8.524403e-05,1.0003183,5.8908478e-05,0.031088639,1808.6013,3465.855,0.031001154,1815.334,2.0939837,7.914085e-05,4.0353552e-05,3.87873e-05,0.00016092884,16727.428,0.14047606,221.89853,0.0012039394,0.16803472,0.00014510698,-4.947141e-06
284,2019-04-19 00:00:00+03:00,-1.5615988,0.03868847,495.1145,0.0063937516,,,,,,0.00010213835,0.9294178,7.581288e-05,0.0071528982,1808.151,3768.5962,0.09710608,1815.2416,2.3494816,7.26168e-05,3.2335924e-05,4.0280873e-05,0.0001350269,16727.182,0.15041828,221.82185,0.00027722176,0.27912378,7.792969e-05,2.2712817e-05
285,2019-04-20 00:00:00+03:00,-1.5660893,0.03771912,810.21155,0.049284507,88605.55,1223.9094,94981.09,627.61707,4.9567003,0.00011166083,0.8819621,8.1231774e-05,0.049642347,1810.6564,3495.4612,0.022178175,1819.553,2.2638512,7.3640425e-05,2.88169e-05,4.4823522e-05,0.00017129368,19303.379,0.15926635,222.4812,0.00016796993,0.29965568,4.0092047e-05,-7.688255e-06
286,2019-04-21 00:00:00+03:00,-0.9228159,0.03970182,680.5608,0.6211912,77907.11,2208.4033,88471.23,1208.4033,32.59432,9.64964e-05,1.2088649,9.468827e-05,0.31658345,,,,,,5.9894664e-05,2.1584212e-05,4.1476917e-05,0.00015453144,16715.506,0.14303768,224.99268,5.013952e-05,0.48273873,-5.6072968e-06,-4.600266e-06
287,2019-04-22 00:00:00+03:00,-1.6006473,0.039613344,667.50006,0.15051384,76664.484,2417.4626,86409.89,1449.2744,5.894123,0.00011575756,1.0344956,9.548158e-05,0.14898273,,,,,,7.093763e-05,2.6288775e-05,4.5211134e-05,0.00016851362,16720.297,0.14225502,225.6942,4.3575183e-06,0.43397272,-5.642005e-06,-1.5362171e-05
288,2019-04-23 00:00:00+03:00,-1.5025362,0.04202629,499.4262,0.07750137,90571.18,1095.0107,94906.28,641.3613,4.902996,0.00014203708,0.93121,0.00011032281,0.07907668,1826.7157,3390.14,0.022739824,1831.0942,1.9987997,9.087722e-05,4.279412e-05,4.8083108e-05,0.00020872905,16722.684,0.14956515,226.53943,0.0001415858,0.34635895,2.6199901e-05,-5.365275e-06
289,2019-04-24 00:00:00+03:00,-1.0367808,0.04467256,478.9925,0.1288737,93440.42,819.58374,97747.33,360.44156,4.848359,0.00019184052,1.0181866,0.00016925251,0.12957737,1821.11,3467.166,0.03752451,1829.1185,2.2022626,7.520213e-05,2.3805922e-05,4.9669194e-05,0.00020378223,16718.541,0.14828348,229.00249,0.00021930052,0.43896845,5.8702666e-05,-1.7729357e-05
290,2019-04-25 00:00:00+03:00,0.081060395,0.037206717,963.85455,0.11225606,42027.367,7120.087,48297.07,6120.094,7.6536717,0.00011140949,0.9228202,8.656031e-05,0.10671195,1828.8759,5161.9526,0.17740957,1834.9371,3.111009,7.6526994e-05,2.8918155e-05,4.5906778e-05,0.00018070443,16709.955,0.14593253,227.47394,0.00041050426,0.30460322,0.00011054594,2.1318747e-05
291,2019-04-26 00:00:00+03:00,-0.95209855,0.036867253,1501.9736,0.23509432,67076.78,3487.7498,75849.22,2508.9014,18.455599,0.00011470608,0.9957251,8.728572e-05,0.15830357,,,,,,7.796724e-05,3.2962736e-05,4.8554e-05,0.00018188628,16704.746,0.15375158,227.74585,4.4480315e-05,0.48954177,2.0509768e-05,-8.922446e-06
292,2019-04-27 00:00:00+03:00,-1.3641942,0.040233754,1186.469,0.07589894,75431.734,2550.864,82253.06,1796.8094,6.8972354,0.00015207782,1.0176148,0.00012896751,0.06794783,,,,,,7.98274e-05,3.2535427e-05,4.7564918e-05,0.00018688836,16697.941,0.14874795,226.97144,4.4955174e-05,0.4386461,1.7158065e-05,8.822431e-06
293,2019-04-28 00:00:00+03:00,-1.0788672,0.03956452,651.76843,0.029975824,90750.164,1003.1431,94535.66,619.3089,5.2271967,0.00011288709,0.92152107,8.545355e-05,0.030353287,1824.0452,4291.082,0.03663291,1832.54,2.3587124,6.858559e-05,1.9303618e-05,4.9281967e-05,0.00017225054,16705.865,0.14588991,226.85104,7.5349206e-05,0.36651433,2.6516287e-05,-4.3746695e-07
294,2019-04-29 00:00:00+03:00,-0.74785906,0.038232964,459.10403,0.0,,,,,,0.00010418697,0.9009902,7.4060605e-05,0.0,1820.636,3633.0442,0.08173602,1826.6433,2.2473745,7.902297e-05,2.3347102e-05,5.567586e-05,0.00019636042,19287.7,0.17018381,225.96393,0.0006091997,0.2891704,0.00015143261,1.3459841e-05
295,2019-04-30 00:00:00+03:00,-1.0960736,0.03829882,642.46124,0.11166632,44654.914,6484.8457,51352.43,5484.8457,7.9066772,7.3611795e-05,0.8192241,4.45605e-05,0.10735447,,,,,,8.854538e-05,3.0022391e-05,5.9192695e-05,0.0002104237,19279.053,0.17665067,227.23767,0.0011574936,0.25445122,0.0002034454,4.708768e-06
296,2019-05-01 00:00:00+03:00,-1.2040547,0.03641981,634.1227,0.013826862,92500.34,684.5454,98215.016,167.87874,5.5164557,8.141367e-05,0.8623681,4.689399e-05,0.013349927,1818.5084,3528.0127,0.029293234,1827.5413,2.329967,8.180977e-05,2.3696666e-05,5.811311e-05,0.0001963028,19252.43,0.17298378,228.92743,0.00018833787,0.3505421,6.697741e-05,2.28454e-05
297,2019-05-02 00:00:00+03:00,-0.27631032,,,0.999997,71455.03,2619.3442,81190.31,1619.3442,59.64365,,,,,,,,,,7.0714144e-05,,5.0935636e-05,0.00016323874,17663.879,0.17322993,230.27542,,,,
298,2019-05-03 00:00:00+03:00,-1.6469579,0.032564342,557.9154,0.25810328,76817.34,2137.7678,85344.69,1295.0403,11.444811,2.8116454e-05,1.3409331,6.6078856e-06,0.18655854,,,,,,7.841105e-05,1.18312e-05,6.577029e-05,0.00020206222,22901.26,0.20417866,232.07898,0.00019005992,0.64101875,0.00011463412,2.4000487e-05
299,2019-05-04 00:00:00+03:00,-0.975741,0.03643576,476.42194,0.5215838,75605.516,2341.167,83790.03,1516.4572,55.10881,3.7685917e-05,1.3167075,1.7127855e-05,0.28192902,,,,,,0.000105150604,2.7517524e-05,6.445935e-05,0.00023449279,22117.406,0.19679914,232.28006,-2.63575e-05,0.64337623,-1.0835221e-05,2.643457e-05
300,2019-05-05 00:00:00+03:00,-1.9067625,0.0346295,530.0465,0.63740957,64695.254,3776.6982,73813.66,2776.777,15.034559,5.250165e-05,0.9914126,2.0175705e-05,0.1764846,,,,,,0.000110974404,5.0660645e-05,6.96251e-05,0.00020925711,20421.32,0.20889206,232.4588,-0.00015091502,0.42345938,-6.120988e-05,-1.4786605e-06
301,2019-05-06 00:00:00+03:00,-1.5460246,0.037415996,435.23755,0.09261685,76821.84,2241.44,86447.34,1305.2124,6.630974,5.020969e-05,1.0097584,2.1922853e-05,0.090185985,,,,,,9.348102e-05,2.0411682e-05,7.5557095e-05,0.00023991891,19270.855,0.19212553,232.36371,0.00041160735,0.37493044,0.000114203875,2.4151006e-05
302,2019-05-07 00:00:00+03:00,-1.3108308,0.035452213,583.9884,0.17125656,67939.875,3157.7427,77104.1,2181.624,13.32145,7.30593e-05,1.1746538,5.298374e-05,0.15483604,,,,,,9.007864e-05,1.965628e-05,7.350573e-05,0.00022941286,22145.148,0.19783361,232.80054,0.00023150616,0.53377724,9.520242e-05,1.1848728e-05
303,2019-05-08 00:00:00+03:00,-1.2872313,0.035294652,519.7893,0.29960364,69421.516,3016.0254,79071.375,2017.5542,14.925826,5.3205586e-05,1.1092887,2.443002e-05,0.2185647,,,,,,8.59876e-05,2.2544666e-05,6.727812e-05,0.00020683522,22169.443,0.18723118,232.95734,-6.0258164e-05,0.48782408,-3.4023058e-05,-6.3309385e-06
304,2019-05-09 00:00:00+03:00,-1.1496196,0.035070084,566.43097,0.0,,,,,,0.000114515555,0.84092057,6.522627e-05,0.0,1812.6575,3280.8914,0.014493881,1820.3488,2.2501333,8.753505e-05,2.0867405e-05,6.666765e-05,0.00021698549,19270.719,0.17347017,231.74844,0.00031480362,0.30344924,9.212445e-05,1.0837547e-05
305,2019-05-10 00:00:00+03:00,-0.9824383,0.030937467,1479.6599,0.8464805,65456.63,3477.7393,74342.77,2477.7393,58.53058,,,,,,,,,,7.3763316e-05,,5.78708e-05,0.00018999333,21428.453,0.16200684,233.10541,,,,
306,2019-05-11 00:00:00+03:00,-1.2302057,0.035888255,855.6956,0.78124154,50442.527,5493.2207,57690.15,4493.2197,64.51844,,,,,,,,,,9.0361806e-05,,6.210189e-05,0.00020041341,19261.367,0.15627515,233.24396,,,,
307,2019-05-12 00:00:00+03:00,-1.525036,0.035393313,965.78723,0.20758727,87452.414,1406.6122,92536.14,890.3198,14.225811,6.455974e-05,1.4046288,5.1971954e-05,0.18765894,,,,,,8.797569e-05,2.536532e-05,6.6408655e-05,0.00022335554,22190.34,0.1601049,232.87395,-2.3471857e-05,0.63281554,-2.2578113e-05,-2.1057214e-05
308,2019-05-13 00:00:00+03:00,-0.49934274,,,0.9896146,69302.04,3163.6978,78740.62,2163.6978,54.332172,,,,,,,,,,0.000100360296,,5.7166544e-05,0.00018236542,22207.795,0.16203925,232.46454,,,,
309,2019-05-14 00:00:00+03:00,-1.5877452,0.03476537,1018.75037,0.52012235,92001.234,938.6,98614.266,273.32428,24.84658,1.5539274e-05,1.9675784,1.6417926e-06,0.296763,,,,,,7.670955e-05,1.4499526e-05,5.8746282e-05,0.000189516,19305.922,0.15725473,232.66165,-3.6608282e-05,0.9563476,-3.6181962e-05,-8.84999e-06
310,2019-05-15 00:00:00+03:00,-1.3897247,0.035196837,1018.3627,0.0008695229,39574.2,7289.483,45632.547,6289.483,5.686972,0.000114586976,0.9475868,7.938176e-05,0.0022128702,1837.7771,3410.7224,0.017307153,1849.2721,2.4580686,8.8384186e-05,2.349456e-05,6.488963e-05,0.00021818811,19300.88,0.15689237,232.28284,0.00016915084,0.5324454,7.975198e-05,-2.376693e-06
311,2019-05-16 00:00:00+03:00,-1.0870277,0.0334127,691.48413,0.08148588,26613.082,10624.311,30841.94,9624.311,12.31078,0.000100131874,0.8379737,5.2675576e-05,0.07275472,,,,,,8.7772016e-05,1.8648976e-05,7.0291295e-05,0.00023304262,19296.824,0.15786874,232.97873,0.000414923,0.44381267,0.00011845209,5.304365e-06
312,2019-05-17 00:00:00+03:00,-1.0127122,0.03645146,1485.7778,0.47629791,55638.39,4991.2246,63349.477,3991.2246,40.1082,0.0001641504,0.9108732,0.00011989832,0.26657414,,,,,,8.0755606e-05,2.7726026e-05,6.1613464e-05,0.0001957744,16711.379,0.14720209,232.59415,3.662215e-05,0.31036937,-2.3385473e-06,-7.861848e-06
313,2019-05-18 00:00:00+03:00,-1.7656786,0.03544052,2732.3413,0.070428476,45637.957,8112.1978,49070.453,7340.4175,8.9670315,0.00014799049,0.8235939,9.2499075e-05,0.066097364,,,,,,8.131486e-05,1.880352e-05,6.312571e-05,0.00019262622,16707.227,0.14129823,233.05414,-4.6165034e-05,0.5342451,-2.4891524e-05,-1.1565375e-05
314,2019-05-19 00:00:00+03:00,-1.4758373,0.034497324,1467.8429,0.011426413,86849.07,1381.7985,94430.23,653.4964,5.438512,0.00016071145,0.92906165,0.0001239806,0.012217636,,,,,,9.109646e-05,2.444883e-05,6.6647626e-05,0.0002105092,15279.407,0.15130898,231.68686,-8.81238e-05,0.4641689,-4.0537678e-05,-2.494483e-05
315,2019-05-20 00:00:00+03:00,-1.2500848,0.034372654,1561.8411,0.1830984,66546.94,3885.315,72209.06,3139.9475,13.791631,0.00010780526,0.9746965,7.529264e-05,0.16403955,,,,,,8.748521e-05,2.0769694e-05,6.5455526e-05,0.00021281751,16702.39,0.16010463,230.9455,-0.00012868087,0.5184965,-6.253105e-05,-4.3886932e-05
316,2019-05-21 00:00:00+03:00,-1.8236319,0.03284721,2214.748,0.12125181,63914.746,3931.303,71988.87,2971.735,6.9023013,0.0001567119,0.9062821,0.000115399984,0.103544526,,,,,,0.00010575767,4.077138e-05,6.74529e-05,0.000194222,16699.328,0.15731464,232.04346,-1.1841733e-05,0.53998816,-8.255117e-06,-2.3552764e-06
317,2019-05-22 00:00:00+03:00,-1.5991725,0.033891164,1750.477,0.12623249,71716.875,2931.704,79914.34,2030.0701,9.006166,0.00014488495,1.1135893,0.0001276201,0.10027443,1800.6766,4535.1904,0.048441116,1818.854,2.9871352,9.303383e-05,3.0281066e-05,6.209623e-05,0.00022748085,16696.52,0.15774637,231.11612,3.1008596e-05,0.4964909,1.895867e-05,1.0927092e-05
318,2019-05-23 00:00:00+03:00,-1.8441387,0.034337305,1779.1367,0.013090671,82027.12,1886.1293,86553.92,1367.6816,5.456773,6.136437e-05,1.0324063,3.294606e-05,0.013824186,,,,,,8.018862e-05,2.5670404e-05,5.4518212e-05,0.00018984641,16696.168,0.14556599,232.96481,-0.000112210546,0.5895328,-6.686599e-05,-3.1181087e-05
319,2019-05-24 00:00:00+03:00,-1.0894729,0.03335672,1587.7612,0.6197979,79505.766,1999.5602,89757.66,1004.48505,30.739605,2.3388264e-05,1.8643675,1.0392674e-05,0.33484367,,,,,,6.9373724e-05,,5.6981982e-05,0.000175289,16699.742,0.1489974,232.50964,0.00013426074,1.3219068,0.00015531952,-1.5347612e-05
320,2019-05-25 00:00:00+03:00,-1.6562905,0.032516874,1081.0283,0.35121208,77221.87,2196.789,87379.17,1200.8491,17.063915,5.5468765e-05,1.411284,4.1347714e-05,0.23769206,,,,,,7.549168e-05,1.2758518e-05,6.218879e-05,0.0001930914,20411.54,0.15822229,232.90079,5.0335486e-05,0.6066448,9.279576e-06,1.1938459e-05
321,2019-05-26 00:00:00+03:00,-0.7943492,,,0.92156124,51581.24,5431.051,58949.836,4431.0513,108.99062,,,,,,,,,,6.453993e-05,,5.601618e-05,0.000172153,19249.988,0.15190658,233.88525,,,,
322,2019-05-27 00:00:00+03:00,-0.5143915,0.029491762,1743.7405,0.86441433,67586.89,3368.2715,76662.05,2375.822,62.128212,,,,,,,,,,0.000106657,,5.2626787e-05,0.00018444494,17544.812,0.1478632,232.22815,,,,
323,2019-05-28 00:00:00+03:00,-0.5267678,,,0.99999374,65194.004,3561.872,73978.44,2561.8716,81.56762,,,,,,,,,,9.66089e-05,,5.176812e-05,0.00016429194,16694.611,0.14458181,232.30412,,,,
324,2019-05-29 00:00:00+03:00,-1.6445649,0.032271437,1216.0029,0.29127806,63278.64,4079.6758,70916.56,3155.0068,14.917202,7.965629e-05,1.312547,6.704658e-05,0.18695375,,,,,,8.843566e-05,2.7078633e-05,6.035763e-05,0.00019796018,19267.285,0.15777251,233.07632,-3.4644596e-05,0.72496104,-2.6874439e-05,-6.0492885e-06
325,2019-05-30 00:00:00+03:00,-1.4548056,0.031918705,655.7114,0.007296234,77590.52,2457.2393,84623.484,1703.2115,5.5520263,7.645725e-05,0.9323008,3.306613e-05,0.007235955,1801.821,3907.3306,0.029679846,1819.2881,3.1510713,9.850647e-05,3.0676507e-05,6.782996e-05,0.00022283627,19294.783,0.15724176,233.21347,-5.7409343e-06,0.33250752,-3.90264e-06,-2.0773079e-05
326,2019-05-31 00:00:00+03:00,-0.6181407,0.03085216,1927.9496,0.9852706,72448.84,2832.4478,81776.59,1855.0635,121.46117,,,,,,,,,,8.400021e-05,,5.6810917e-05,0.00017811297,16707.18,0.15099856,233.13986,,,,
327,2019-06-01 00:00:00+03:00,-1.3653756,,,0.33633864,33636.46,8659.743,38864.41,7659.743,17.925034,9.280084e-07,0.6512823,-3.509301e-05,0.30109105,,,,,,9.1741815e-05,,6.8642374e-05,0.00021624101,16709.648,0.15308699,233.70084,0.0011677044,0.16249174,0.00015622003,3.2851072e-05
328,2019-06-02 00:00:00+03:00,-0.49303624,0.034780562,1029.9053,0.7264285,79135.734,2041.5157,89543.67,1041.5156,61.232594,-5.526582e-05,1.6530908,-0.00013045908,0.31886578,,,,,,7.8008976e-05,,6.6468056e-05,0.00019753963,17746.527,0.15848239,232.30632,9.611842e-05,0.70128363,8.701611e-05,5.1134293e-06
329,2019-06-03 00:00:00+03:00,-1.4297287,0.03018529,1056.0249,0.0,,,,,,9.99813e-05,0.99550015,6.681328e-05,0.0,1825.2466,3218.7,0.004439727,1843.3407,3.2468102,9.484292e-05,2.573113e-05,6.9111804e-05,0.00021794901,14429.52,0.15372856,232.672,2.9582703e-05,0.38110667,1.2179991e-05,-1.08043805e-05
330,2019-06-04 00:00:00+03:00,-1.4650049,0.02942321,1281.4321,0.0005689578,101151.82,22.1556,101151.82,22.1556,5.122844,0.000110983594,0.9022752,6.782895e-05,0.00054254866,1814.188,3647.1792,0.009401904,1831.5703,3.0129845,9.620142e-05,3.1109957e-05,6.509146e-05,0.00021116035,14774.27,0.14564672,234.37683,-7.160683e-05,0.52298814,-3.4615066e-05,-2.2853988e-05
331,2019-06-05 00:00:00+03:00,-1.0511817,0.034080505,1520.8281,0.059119485,90603.73,1060.9167,95098.87,607.46576,5.612659,0.00013406905,0.9396354,8.959086e-05,0.058616016,,,,,,8.8823974e-05,2.386121e-05,6.490553e-05,0.00021688329,16707.326,0.1455273,234.10013,0.00015144747,0.5529769,6.9138936e-05,-1.5629108e-05
332,2019-06-06 00:00:00+03:00,-1.8425754,0.031226793,1865.6906,0.14755945,75374.17,2678.4458,83368.75,1812.7836,6.90536,0.0001482229,0.98811644,0.000111221896,0.10480596,,,,,,9.491738e-05,3.2673255e-05,6.3090156e-05,0.00018214219,16708.518,0.14665774,235.08105,-7.772267e-05,0.6124993,-4.7544298e-05,-2.1819356e-05
333,2019-06-07 00:00:00+03:00,-1.1032561,0.029890765,1904.0107,0.049705606,82116.62,1900.4608,90907.85,1030.0117,5.994465,0.00012433183,1.1149434,9.8812816e-05,0.050118696,,,,,,9.375346e-05,2.7564549e-05,6.633942e-05,0.0002257129,16707.062,0.14600202,233.4212,-1.5355366e-05,0.6034633,-8.582785e-06,-9.118792e-06
334,2019-06-08 00:00:00+03:00,-1.184301,0.032573022,2065.251,0.062136494,93873.33,735.43396,97978.46,336.2058,6.1309543,0.0001356417,1.2935276,0.00012983798,0.062194128,,,,,,9.648726e-05,3.0394078e-05,6.639733e-05,0.00023223224,16707.156,0.15113181,233.28716,2.5772479e-05,0.83258975,2.8272729e-05,1.3077358e-05
335,2019-06-09 00:00:00+03:00,-1.4897189,0.030552458,911.7236,0.068787605,86781.41,1379.4834,95977.7,520.98395,7.516801,7.7182674e-05,1.1592402,4.6432866e-05,0.06749343,,,,,,8.542542e-05,1.369855e-05,7.15776e-05,0.00020802976,19295.094,0.14998943,234.78494,-2.7670612e-06,0.5665642,-3.6171764e-06,-8.27981e-07
336,2019-06-10 00:00:00+03:00,-1.7035754,0.032795575,1414.4332,0.021737754,98407.016,293.86752,99730.8,160.83687,5.3010755,0.00015056126,1.033083,0.00011578277,0.021896569,,,,,,9.458713e-05,2.6635913e-05,6.7951216e-05,0.00022586939,16714.777,0.1467568,233.94035,-1.1202181e-05,0.3726681,-6.799557e-06,-1.5616159e-05
337,2019-06-11 00:00:00+03:00,-1.6232531,0.030613218,2692.915,0.3446629,59564.332,4734.6045,66076.88,3856.2847,49.255154,0.000151117,1.0297904,0.00010464938,0.14957437,,,,,,8.2961444e-05,2.2918406e-05,6.487951e-05,0.00020552031,15091.602,0.1369794,234.81949,0.00014067462,0.57538843,6.5304725e-05,3.3478547e-05
338,2019-06-12 00:00:00+03:00,-0.48697585,0.030751389,2023.913,0.030974194,95612.6,592.68445,97811.69,365.56058,5.5060196,0.0001467038,0.960159,9.6088865e-05,0.03151599,,,,,,9.018544e-05,2.0279975e-05,6.957438e-05,0.00026980235,14427.175,0.13639398,233.21945,0.00018190958,0.64709276,0.000118496326,4.96818e-05
339,2019-06-13 00:00:00+03:00,-1.0010946,0.03186243,2047.5469,0.15156075,62479.992,4216.282,70473.46,3241.8958,22.570265,0.00015891246,1.1912904,0.0001329293,0.12637566,1826.7578,3940.9258,0.021798007,1847.986,3.5015054,9.415524e-05,2.1157191e-05,7.036757e-05,0.00022116647,14426.268,0.13723153,234.60237,-9.191924e-05,0.96082574,-8.780799e-05,-4.110185e-05
340,2019-06-14 00:00:00+03:00,-0.9995053,0.033175956,1491.8749,0.6428572,75002.97,2723.0825,81861.33,1946.4043,36.343254,0.000119858625,1.5656159,0.00012145939,0.31447762,,,,,,8.338368e-05,2.9074823e-05,6.149399e-05,0.0001956333,14428.057,0.13159217,234.68288,-1.569163e-06,1.3511754,-8.504917e-06,-2.8003898e-05
341,2019-06-15 00:00:00+03:00,-1.4973838,0.03164595,2671.165,0.18727134,24627.049,11465.232,28328.584,10475.6875,13.846478,0.00017936614,0.8087267,8.7640234e-05,0.1517834,,,,,,7.8134515e-05,1.587069e-05,6.324873e-05,0.00018065443,16710.059,0.13425697,235.41794,7.924497e-05,0.39696074,3.2495333e-05,5.288201e-06
342,2019-06-16 00:00:00+03:00,-0.6722379,,,0.80553293,55695.867,5016.6987,63314.086,4016.6987,63.107407,0.00042712607,0.78474075,0.00028150028,0.33478272,,,,,,0.00013353213,,5.3029195e-05,0.00021720903,14426.445,0.13330096,235.45804,0.00088516664,0.47195578,0.0004199364,-2.7675816e-05
343,2019-06-17 00:00:00+03:00,-0.6571158,0.028599743,2241.7944,0.5754922,60527.914,4410.709,68705.055,3410.709,20.368633,0.00010164838,1.1408246,6.6957815e-05,0.15739086,,,,,,7.5159434e-05,1.7874838e-05,6.137627e-05,0.00020327145,16705.82,0.1487392,235.27048,0.0008881805,0.29733923,0.00026023106,1.577281e-05
344,2019-06-18 00:00:00+03:00,-1.0915433,0.02994354,1291.5433,0.007186539,88101.03,1281.5406,93637.016,724.4799,4.9838715,7.3244075e-05,0.95422053,2.5562123e-05,0.0074215047,1824.8997,3089.8455,0.0046743774,1840.0278,2.6836941,8.190218e-05,2.1087384e-05,6.08189e-05,0.00019733759,16710.254,0.14459239,234.12032,0.0001263016,0.3489288,4.3900043e-05,4.2484435e-06
345,2019-06-19 00:00:00+03:00,-1.2031678,0.030317223,1229.8328,0.075778686,76655.39,2468.4907,84937.95,1597.8292,6.4509773,9.168795e-05,1.1766841,5.8984966e-05,0.074534304,,,,,,7.9809135e-05,1.8143266e-05,6.0504175e-05,0.00019045039,16706.555,0.14115463,233.96594,-7.8094614e-05,0.5987983,-4.3047454e-05,-2.3166172e-05
346,2019-06-20 00:00:00+03:00,-1.8011883,0.030702896,1913.6517,0.16130793,58977.547,4722.1367,66527.75,3756.2407,7.372157,0.0001420805,1.1610991,0.00011535997,0.15572122,,,,,,8.538424e-05,2.4149715e-05,5.984947e-05,0.00018905321,16699.803,0.13780127,236.08356,-2.4632684e-05,0.7728003,-1.5521247e-05,-1.4725347e-05
347,2019-06-21 00:00:00+03:00,-1.7485225,0.03285519,2423.378,0.1564739,52307.633,6999.718,57077.52,6179.326,10.864109,0.0001504148,1.0725402,0.00010849211,0.14062889,,,,,,9.935416e-05,3.982978e-05,6.311409e-05,0.0002152738,16700.922,0.13594612,236.29944,-0.00012121958,0.6520066,-6.491112e-05,-3.3221266e-05
348,2019-06-22 00:00:00+03:00,-1.4472669,0.028252512,959.0567,0.10632259,85449.984,1487.6393,93607.766,705.7939,7.0147333,4.7504564e-05,1.1103475,4.0370187e-06,0.09636986,,,,,,8.8313376e-05,2.1021526e-05,6.85254e-05,0.00018148267,16709.84,0.1459375,236.79143,-0.00018080192,0.5644451,-9.89405e-05,-4.2655432e-05
349,2019-06-23 00:00:00+03:00,-1.0255235,0.028069273,797.4559,0.0,,,,,,4.561801e-05,0.9251112,-4.8414222e-08,0.0,,,,,,9.276031e-05,1.852994e-05,7.423037e-05,0.00022650306,18244.291,0.15240176,234.13387,0.00026809174,0.32316566,7.901916e-05,2.9435125e-05
350,2019-06-24 00:00:00+03:00,-1.2451621,0.027812157,1525.7577,0.005307988,26335.195,11217.869,30342.727,10217.869,7.820221,7.117163e-05,1.0471886,1.925472e-05,0.0050647105,,,,,,8.570043e-05,1.533007e-05,7.035579e-05,0.00020500811,16026.07,0.14818656,234.01459,-5.4718967e-06,0.34868255,-4.2274905e-06,-1.0857694e-05
351,2019-06-25 00:00:00+03:00,-1.6850682,0.03211057,1462.6487,0.079366125,43423.0,7297.464,49363.09,6318.276,6.434049,0.00011004227,1.0232333,5.6322555e-05,0.07786487,,,,,,9.704431e-05,3.0367002e-05,6.719158e-05,0.00020872056,14433.912,0.14347321,235.21573,0.00015803952,0.32253915,4.691197e-05,5.64099e-06
352,2019-06-26 00:00:00+03:00,-1.7713289,0.028898614,1956.1235,0.19450147,48294.402,6754.966,54978.484,5754.966,6.98034,9.803839e-05,0.9289982,2.7502998e-05,0.18235378,,,,,,8.968542e-05,2.3523971e-05,6.7001456e-05,0.00020288576,16708.414,0.1472677,235.24625,8.026165e-05,0.32053053,2.2887978e-05,2.832625e-06
353,2019-06-27 00:00:00+03:00,-0.85981905,0.030624747,1294.9879,0.7032981,78283.086,2091.2527,88416.2,1091.2527,38.50051,3.999815e-06,1.751218,-3.2370317e-05,0.29069468,,,,,,7.5369164e-05,,7.0691865e-05,0.00021212758,22136.355,0.15587592,236.83737,-0.00035449423,0.6699105,-0.00021149406,-2.0512212e-05
354,2019-06-28 00:00:00+03:00,-0.90894794,0.02758849,937.7655,0.0036462196,83048.32,1671.8289,92984.54,741.989,5.99816,4.5796784e-05,0.97451454,-9.657636e-06,0.0038602364,,,,,,8.996058e-05,1.1022113e-05,7.8938465e-05,0.0002326533,21601.35,0.15299384,235.4331,0.0002135153,0.4031595,6.0712857e-05,-1.599523e-05
355,2019-06-29 00:00:00+03:00,-0.5219836,0.02778053,1989.3541,0.8547851,68781.984,3171.5732,78008.24,2171.5732,69.39449,,,,,,,,,,8.5860695e-05,,6.4670705e-05,0.00019038939,16702.54,0.14732869,235.85132,,,,
356,2019-06-30 00:00:00+03:00,-1.0544213,0.02637102,2123.6821,0.0060802484,99168.55,130.80786,100310.46,28.04921,5.493492,0.000103013546,1.0460758,4.834826e-05,0.0061341254,1807.9625,4513.9233,0.03857718,1825.6686,2.8582757,8.779658e-05,1.4706458e-05,7.309012e-05,0.00021027119,15050.977,0.14355849,235.37671,-0.00019283826,0.47518393,-9.212629e-05,-5.6816025e-05
357,2019-07-01 00:00:00+03:00,-1.2958114,0.028263971,1174.2183,0.10332374,83533.984,1567.7877,92548.39,687.3063,7.3479333,4.9087394e-05,1.1846554,-1.0392233e-05,0.09852472,,,,,,8.732154e-05,1.7711725e-05,7.0398295e-05,0.00021458612,17744.418,0.1544162,236.98573,-3.4731143e-05,0.532666,-1.9850737e-05,-1.5766682e-05
358,2019-07-02 00:00:00+03:00,-1.361031,0.02707937,1445.6567,0.55657595,68581.36,3126.523,77763.91,2132.1,20.879425,-2.9128141e-06,1.6291418,-7.1303024e-05,0.32713026,,,,,,7.544764e-05,1.32559335e-05,6.563484e-05,0.00020199863,22118.621,0.16338633,236.29309,7.01082e-05,0.8542035,2.7919574e-05,-2.6371788e-05
359,2019-07-03 00:00:00+03:00,-1.4560943,0.024563555,1266.8662,0.2624262,61152.312,4250.9546,69236.57,3285.3005,10.173459,5.1520554e-05,1.1515042,-6.8006993e-06,0.21476041,,,,,,8.218324e-05,1.09622315e-05,7.148205e-05,0.00022072718,24248.938,0.17264676,237.604,4.5461427e-05,0.6085161,-1.6380327e-05,-7.5071875e-05
360,2019-07-04 00:00:00+03:00,-0.45516106,0.028930383,980.6991,0.8598455,70832.03,2874.5776,80475.08,1874.5776,46.767887,-3.1034277e-05,0.9757886,-7.882432e-05,0.31827813,,,,,,7.12373e-05,,6.792597e-05,0.00018696071,23464.691,0.16217463,235.3007,-0.00010152313,0.52301526,-4.7607995e-05,-4.8431444e-05
361,2019-07-05 00:00:00+03:00,-1.6304221,0.023389228,1299.4479,0.4058575,62838.156,3832.2627,71244.17,2855.378,15.157648,1.8665361e-05,1.3248959,-4.3351745e-05,0.31093937,,,,,,7.552096e-05,-8.86217e-07,7.2200724e-05,0.0001951559,25146.04,0.16560368,236.45311,-2.3199103e-05,0.7868061,-1.4651949e-05,-4.298557e-05
362,2019-07-06 00:00:00+03:00,-1.4535558,0.024696378,1085.4808,0.122230254,76113.08,2295.0686,83793.61,1490.0142,11.312634,7.192664e-05,0.9431051,-3.3351282e-06,0.049553014,,,,,,7.872816e-05,1.0404654e-05,6.939711e-05,0.00019271154,23832.535,0.16140059,237.88864,-3.71603e-05,0.49386626,-2.1005113e-05,-1.6905578e-05
363,2019-07-07 00:00:00+03:00,-1.1410706,0.022732407,2145.705,0.6369734,55227.324,4934.407,63003.66,3935.6646,35.990337,8.121743e-05,1.1974462,2.2404572e-06,0.2589486,,,,,,8.920909e-05,,6.918399e-05,0.00021244146,24190.94,0.1691795,237.81406,-4.6233836e-05,0.8744658,-2.2749973e-05,-2.7416592e-05
364,2019-07-08 00:00:00+03:00,-1.304251,0.021142364,2547.0725,0.96969444,61381.914,3910.7812,69901.09,2910.7815,14.140869,,,,,,,,,,9.8810146e-05,,7.227504e-05,0.00017678337,24205.057,0.16977444,237.9903,,,,
365,2019-07-09 00:00:00+03:00,-1.1711564,0.0241038,1878.8179,0.13194191,55251.484,5287.6304,62003.766,4365.8604,7.6226625,4.8528716e-05,1.0242915,-2.3891102e-05,0.12895077,,,,,,9.235495e-05,1.4887345e-05,7.562693e-05,0.0002274897,22120.39,0.16424541,235.93745,9.1574766e-05,0.6301652,5.5072476e-05,2.6974476e-05
366,2019-07-10 00:00:00+03:00,-0.86362773,0.02543906,1382.4131,0.7200311,81953.47,1686.3318,92625.59,690.5222,37.332047,-3.0319432e-05,1.7728791,-0.00012635684,0.38829178,,,,,,8.581007e-05,,7.266711e-05,0.00021380017,22126.87,0.16352683,234.9459,-7.773153e-06,0.97586656,1.5698195e-05,-4.1937343e-05
367,2019-07-11 00:00:00+03:00,-1.3832957,0.031520322,1404.1212,0.55240947,54882.15,4945.894,62573.727,3945.894,15.611713,-1.2518663e-05,0.8114219,-8.599888e-05,0.30480576,,,,,,8.34543e-05,3.726443e-05,6.948637e-05,0.00019182896,19255.98,0.15814745,237.20178,0.0015267998,0.2966406,0.00045205082,0.00016932585
368,2019-07-12 00:00:00+03:00,-1.8647239,0.027655033,960.1559,0.01846657,83779.28,1595.4163,90542.695,925.05176,5.360595,2.7321774e-05,0.8671384,-4.7665108e-05,0.018476393,1817.2362,3693.8901,0.025395768,1831.6829,2.6737094,8.7429245e-05,1.25143715e-05,7.49529e-05,0.00021765326,22142.885,0.16578081,236.99008,0.0009198381,0.35319826,0.00031188308,0.00015026191
369,2019-07-13 00:00:00+03:00,-1.7228878,0.027150325,1149.267,0.064797476,64533.297,3992.4338,71376.28,3148.3289,7.6142626,3.255239e-05,0.9627133,-4.379466e-05,0.05167514,,,,,,8.744546e-05,1.241337e-05,7.309117e-05,0.0002262119,22143.889,0.16814646,237.8321,0.00075400167,0.38159412,0.00019919057,3.2675303e-05
370,2019-07-14 00:00:00+03:00,-1.3433614,0.027363364,958.3012,0.067633,77261.24,2385.6907,85563.945,1535.2854,6.122587,4.426564e-05,0.91142297,-3.0791944e-05,0.06102135,,,,,,9.1401365e-05,2.0191244e-05,7.09819e-05,0.00022228787,21527.203,0.16491531,235.08183,0.00021158374,0.38996297,5.918656e-05,-4.2263768e-05
371,2019-07-16 00:00:00+03:00,-1.1761243,,,0.7499471,51866.75,5256.2173,59288.71,4256.2173,31.158424,2.6283937e-05,0.79165095,-4.9417053e-05,0.37449506,,,,,,8.635347e-05,,6.273227e-05,0.0001806549,22127.225,0.1608035,236.95741,0.0011329851,0.2527745,0.00028708158,0.00010576644
372,2019-07-17 00:00:00+03:00,-1.5170355,0.02708379,2184.9656,0.5351513,56286.586,4830.3975,63644.504,3873.264,19.63318,0.000100469784,1.0551593,3.793565e-05,0.2578134,,,,,,7.930049e-05,1.339682e-05,6.7024026e-05,0.00019661634,22130.863,0.15905395,237.1925,8.021997e-05,0.6645537,4.3553024e-05,1.3059811e-05
373,2019-07-18 00:00:00+03:00,-1.9368682,0.029817201,1382.8262,0.00803899,82369.5,1753.9338,89434.29,1039.3566,4.944807,2.864499e-05,0.8650476,-3.7576578e-05,0.008008157,1827.5828,3760.4407,0.019865748,1845.199,3.008651,7.91014e-05,9.937953e-06,6.916345e-05,0.0002062992,21780.87,0.15864643,236.33868,0.00041586577,0.4413991,0.00016020113,6.8628615e-05
374,2019-07-19 00:00:00+03:00,-1.5463071,0.0314651,1286.4722,0.03617432,96338.38,447.53912,98781.58,215.9237,5.0220213,6.896896e-05,0.79126245,-5.124127e-06,0.036549114,1818.6969,3777.3247,0.028237421,1831.357,2.5094028,8.083227e-05,1.2483097e-05,6.8351284e-05,0.0002135876,19267.113,0.1577285,236.01303,0.0005009399,0.30998868,0.00011466624,-2.8120292e-05
375,2019-07-20 00:00:00+03:00,-1.5044746,0.032632962,1302.2632,0.0035384994,95985.5,501.01065,100242.69,112.37572,5.0094986,5.5568416e-05,0.8439453,-1.3350766e-05,0.003395485,1800.0867,3924.523,0.03354644,1821.0248,3.647176,8.3523024e-05,1.6637172e-05,6.6885856e-05,0.00020175325,19277.164,0.15004833,234.96635,8.539355e-05,0.38672924,2.054951e-05,-2.6524285e-05
376,2019-07-21 00:00:00+03:00,-1.7574308,0.029926192,1862.752,0.011235559,101111.14,27.158163,101111.14,27.158163,5.284575,0.000111048736,0.83894646,2.6592774e-05,0.0112159485,,,,,,7.978517e-05,1.7355234e-05,6.242993e-05,0.0001905362,16705.75,0.14866284,236.10237,4.1034175e-05,0.37417126,1.6984759e-05,-9.88361e-06
377,2019-07-22 00:00:00+03:00,-1.6989807,0.030883761,2538.2805,0.46339172,72258.61,3081.6128,80651.04,2166.2832,23.853006,0.000107084954,1.2875965,7.7856625e-05,0.3277952,,,,,,7.628372e-05,1.8774163e-05,5.902748e-05,0.00018324092,19274.03,0.15107939,236.07068,-0.0004048859,0.54239035,-0.00019394924,-8.789763e-06
378,2019-07-23 00:00:00+03:00,-1.3281649,0.031445134,2108.2866,0.6151409,73825.96,2686.3848,83404.49,1695.3569,34.91205,3.5607984e-05,1.0400501,-2.4561534e-05,0.2846077,,,,,,7.0586946e-05,9.338548e-06,5.5232358e-05,0.00017720727,18478.04,0.14729175,235.84569,-3.8782426e-05,0.47858396,6.3523703e-06,-1.8043964e-05
379,2019-07-24 00:00:00+03:00,-1.9326086,0.029871268,1761.0524,0.00079394627,78203.22,2187.4255,88319.27,1187.4255,4.5472617,0.00012681498,0.9638551,6.0818158e-05,0.00081793225,1825.2697,3819.3123,0.019649046,1842.9313,3.0578957,8.020801e-05,2.1785016e-05,5.8422993e-05,0.00015881429,16707.809,0.14224397,235.51218,-0.00021366838,0.5073623,-0.000109235916,-6.0728664e-05
380,2019-07-25 00:00:00+03:00,-1.6264036,0.030871343,1732.8225,0.04624406,89289.09,1168.4395,95823.75,532.21747,5.1751547,7.737958e-05,1.0052744,1.501024e-05,0.04641991,1816.0085,3800.9495,0.01960611,1836.7334,3.647771,8.091163e-05,1.9302242e-05,6.173991e-05,0.00019606613,19277.203,0.13900083,235.6328,-4.7254864e-05,0.64972126,-3.248333e-05,-1.5516323e-05
381,2019-07-26 00:00:00+03:00,-1.5488726,0.034333713,1770.7972,0.26341704,84385.09,1618.2449,93283.766,758.19653,12.629003,0.00011907685,1.2028027,7.3761854e-05,0.1770025,,,,,,8.1204256e-05,2.23629e-05,6.208486e-05,0.00019890361,18794.262,0.14299713,236.09027,1.8223891e-05,0.7290932,6.229071e-06,-1.2294003e-05
382,2019-07-27 00:00:00+03:00,-1.6934608,0.032141097,1842.197,0.16599871,76834.58,2482.1162,84230.49,1680.7029,6.6027484,0.00013341352,1.0095754,7.093148e-05,0.16007829,,,,,,7.4923024e-05,1.6760045e-05,5.8958605e-05,0.00017837764,16705.588,0.13628596,236.34885,3.1463645e-05,0.5417228,1.9822906e-05,9.93562e-06
383,2019-07-28 00:00:00+03:00,-1.7397588,0.033878796,2073.028,0.12095215,76502.234,2460.6433,84748.84,1586.4099,6.311496,0.00019187159,0.9666165,0.00012202816,0.10341909,,,,,,7.790424e-05,1.7627957e-05,5.9397826e-05,0.00019310691,16701.102,0.1280948,236.7351,4.5817083e-05,0.56600136,2.3879365e-05,1.1390903e-05
384,2019-07-29 00:00:00+03:00,-1.1712081,0.030224029,2598.7688,0.35627514,52175.688,5525.109,59343.992,4525.109,17.587105,0.0001958856,0.7475468,8.404702e-05,0.19286762,,,,,,7.2538794e-05,2.0275564e-05,5.701593e-05,0.00018456562,16699.664,0.12668769,237.67908,0.00047934428,0.28465527,0.00010228249,-6.3993957e-07
385,2019-07-30 00:00:00+03:00,-0.5962226,0.032013357,623.34265,0.87345076,61073.57,4135.1396,69384.98,3135.1396,68.311905,0.00028615206,0.9294727,0.00015958828,0.39851263,,,,,,7.5284595e-05,,5.9856386e-05,0.00019239038,19259.451,0.13308111,237.11761,,,,
386,2019-07-31 00:00:00+03:00,-0.5290065,0.039310545,1792.469,0.9739266,73749.695,2662.3857,83499.375,1662.3859,43.477974,,,,,,,,,,8.212746e-05,,5.944322e-05,0.00018665599,16703.062,0.1396969,236.71535,,,,
387,2019-08-01 00:00:00+03:00,-1.3804392,0.040841635,1405.6992,0.53464586,49515.203,6037.5386,56497.94,5037.5386,20.449942,0.00013993727,0.8565322,4.618592e-05,0.2726712,,,,,,7.828568e-05,9.736592e-06,6.703825e-05,0.00018994833,16703.719,0.1335848,237.05644,0.00023976073,0.32214004,9.677768e-05,1.2192235e-05
388,2019-08-02 00:00:00+03:00,-1.7272012,0.029704262,1018.43555,0.27874157,81487.95,1805.7375,91137.766,882.82324,9.417494,4.8847724e-05,1.3384172,-6.7346455e-06,0.22999182,,,,,,8.14152e-05,1.7787639e-05,6.507944e-05,0.00020230137,19265.414,0.14394279,236.64935,3.2508746e-05,0.50659966,1.6600665e-05,6.679917e-07
389,2019-08-03 00:00:00+03:00,-1.729506,0.031123746,1108.364,0.033394746,74590.46,2849.0522,80920.195,2127.3442,5.0148034,3.994755e-05,0.87812024,-2.8102033e-05,0.032877658,1821.013,4067.5051,0.049151167,1834.7487,2.6389663,8.130829e-05,1.3470631e-05,6.773467e-05,0.00021050373,19264.549,0.14699207,236.0754,0.00037060882,0.34395313,0.00011508974,1.678251e-05
390,2019-08-04 00:00:00+03:00,-1.426087,0.030980576,1155.7412,0.15161118,85480.41,1424.408,94165.95,618.3381,6.239506,5.9003098e-05,1.1104364,1.2306464e-06,0.13677812,,,,,,8.219051e-05,1.5214804e-05,6.787694e-05,0.00022338319,22145.146,0.15918754,236.49855,0.00042502568,0.4600504,0.00016183245,1.0524147e-05
391,2019-08-05 00:00:00+03:00,-1.422195,0.034145266,942.3974,0.15032819,56403.715,4836.8496,64253.984,3836.8494,6.2003546,4.760033e-05,0.9753241,-1.7586854e-05,0.14790234,,,,,,8.2582534e-05,1.6359714e-05,6.642302e-05,0.00020455773,16698.871,0.14685673,237.14062,0.00028446323,0.38011575,8.860608e-05,3.9130882e-05
392,2019-08-06 00:00:00+03:00,-1.3196446,0.031146087,1507.8907,0.4621166,54621.188,5093.852,62240.9,4093.852,13.023018,-5.7744383e-06,0.85874254,-5.7291156e-05,0.3182906,,,,,,8.078506e-05,1.4572554e-05,6.546223e-05,0.0001930483,19259.809,0.15163365,236.3893,0.00024741754,0.35484895,8.390486e-05,7.117416e-06
393,2019-08-07 00:00:00+03:00,-1.471399,0.034898385,2121.9587,0.4033612,68726.83,3454.1997,75182.06,2667.7341,21.728321,0.000108439344,1.105354,5.7903628e-05,0.22793743,,,,,,7.703823e-05,1.4398858e-05,6.314584e-05,0.00019167554,19253.307,0.15430641,236.76065,8.0286125e-05,0.7676424,3.925985e-05,-2.61202e-05
394,2019-08-08 00:00:00+03:00,-0.7340517,,,0.99949706,49288.793,5689.374,56284.555,4689.374,57.927803,,,,,,,,,,9.971681e-05,,5.3732958e-05,0.00017695807,17493.52,0.14786747,236.56189,,,,
395,2019-08-09 00:00:00+03:00,-1.2507414,0.027293865,2583.7468,0.66673833,37975.25,7777.5215,43704.473,6778.1133,36.47538,0.00014510505,0.9266882,4.9840008e-05,0.1184254,,,,,,7.567083e-05,1.2915982e-05,6.2462546e-05,0.0001573811,22131.385,0.15577479,236.57906,4.056742e-05,0.7936544,3.6025405e-05,3.2836255e-05
396,2019-08-10 00:00:00+03:00,-1.4679658,0.03104093,3591.9697,0.5407251,33905.305,8573.105,39070.156,7573.1055,35.74727,6.912633e-05,0.5598822,-2.1924288e-05,0.37672538,,,,,,7.922692e-05,,5.6043253e-05,0.00017569956,16704.004,0.13618287,235.39584,-0.00038872988,0.3053158,-0.00011691687,-0.000111693764
397,2019-08-11 00:00:00+03:00,-1.6355262,0.03625359,1730.241,0.24619082,71705.42,2991.8376,80360.945,2053.2417,8.050283,5.1837647e-05,1.1664784,-1.002004e-05,0.2062963,,,,,,7.247508e-05,1.5102574e-05,5.986198e-05,0.00018739572,22150.688,0.14728996,235.4765,-3.126247e-05,0.6321175,-1.3144345e-05,-1.947848e-05
398,2019-08-12 00:00:00+03:00,-1.4579257,0.025669977,2669.5435,0.4231198,53999.29,5178.5273,61483.227,4178.5273,10.392633,9.79489e-05,0.93870556,2.3947763e-05,0.036328502,,,,,,9.097551e-05,3.3691234e-05,5.1235816e-05,0.00017597788,16702.543,0.13248977,235.28897,9.1884925e-05,0.32817385,2.994315e-05,-2.39198e-05
399,2019-08-13 00:00:00+03:00,-1.5750619,0.033435028,1496.5529,0.24546376,65538.23,4046.525,71461.25,3268.389,8.358662,8.982889e-05,1.0967832,3.054112e-05,0.22704384,,,,,,7.8808414e-05,2.2987391e-05,5.623603e-05,0.000191139,17586.055,0.13810062,235.18903,9.1500035e-05,0.4864784,1.7194663e-05,-7.384455e-06
400,2019-08-14 00:00:00+03:00,-1.3166175,,,0.68776464,43687.586,6673.009,50081.094,5673.009,32.575462,2.870478e-06,0.6653634,-6.0491515e-05,0.39733085,,,,,,5.2149855e-05,,6.1943814e-05,0.00018326909,18795.158,0.13943079,236.45813,0.00031312584,0.48902732,0.00015312711,4.554599e-06
401,2019-08-15 00:00:00+03:00,-1.4314669,0.033780027,1147.2614,0.20508632,76698.44,2392.1494,84782.53,1553.2125,8.000433,2.9095561e-05,1.1260257,-2.283218e-05,0.1874398,,,,,,7.166618e-05,1.10799465e-05,6.251849e-05,0.00020031698,21296.086,0.14739054,235.0546,0.00041607564,0.5514615,0.00016189976,2.007112e-05
402,2019-08-16 00:00:00+03:00,-1.6829597,0.03254928,2301.1104,0.09679316,48967.58,6260.6587,55644.906,5282.923,5.675623,3.9928294e-05,0.9949405,-1.7420894e-05,0.09641501,,,,,,8.1640326e-05,2.3785138e-05,5.9013306e-05,0.00019630548,19275.193,0.14310817,235.55159,0.000140487,0.41909343,4.7771722e-05,2.1036394e-06
403,2019-08-17 00:00:00+03:00,-1.8727047,0.03367248,1381.3303,0.052127752,82145.19,1883.0529,87745.41,1281.6802,5.338715,0.00010231363,0.936461,3.886955e-05,0.052090295,1839.4414,4139.498,0.016268902,1858.9645,3.7777147,7.508614e-05,1.835293e-05,5.6742127e-05,0.00018801846,19274.656,0.14489083,234.98544,0.0001005239,0.46846843,4.6977955e-05,2.119944e-05
404,2019-08-18 00:00:00+03:00,-1.5270113,0.032256097,1866.4486,0.22948316,74909.66,2624.3823,82619.984,1790.7074,5.8932886,0.000113620044,0.9561175,5.4786302e-05,0.21340545,,,,,,7.384132e-05,1.6290856e-05,5.3704458e-05,0.00018011537,16700.426,0.13774048,234.74097,9.591604e-05,0.42803448,1.7343902e-05,2.0470156e-06
405,2019-08-19 00:00:00+03:00,-1.7202499,0.034545407,1746.1998,0.30959514,72009.53,3026.088,80444.78,2099.717,8.950903,0.00013654809,1.0944047,9.0595306e-05,0.24114977,,,,,,8.43747e-05,2.4337252e-05,5.4049968e-05,0.00019733621,16699.27,0.12847358,234.79907,0.0003040285,0.4042743,5.564479e-05,-7.6971946e-07
406,2019-08-20 00:00:00+03:00,-1.1523641,0.034769308,1175.8381,0.28997108,50297.742,6170.9033,57115.664,5188.671,15.38744,9.88385e-05,0.8644983,2.9943225e-05,0.23953688,,,,,,7.642414e-05,2.0996165e-05,5.6622703e-05,0.00020070712,19288.477,0.14063042,234.30263,0.0010235587,0.40167892,0.00023766766,-1.630664e-06
407,2019-08-21 00:00:00+03:00,-0.80132675,,,0.97686315,56210.168,4848.2197,63975.117,3848.2195,52.14586,,,,,,,,,,9.4987976e-05,,4.8272697e-05,0.00016197382,15161.48,0.12909028,234.03119,,,,
408,2019-08-22 00:00:00+03:00,-1.7737246,0.038449235,1081.724,0.17707217,88411.52,1267.7354,96533.92,491.13947,6.754337,3.5902e-05,1.1942203,-1.1110588e-05,0.16864008,,,,,,6.8727386e-05,9.78328e-06,5.8664056e-05,0.00018621839,19301.746,0.13884225,233.69934,0.00010474547,0.51764333,4.3386168e-05,6.7734973e-06
409,2019-08-23 00:00:00+03:00,-1.7993054,0.035275254,1698.3431,0.23322111,55745.164,5284.714,63359.844,4291.337,6.016835,5.1865492e-05,0.95864403,2.8419013e-06,0.22115265,,,,,,8.67318e-05,3.1200456e-05,5.2531508e-05,0.00018025596,16718.23,0.13154489,233.7754,0.00019589852,0.41914624,6.491382e-05,2.4443332e-05
410,2019-08-24 00:00:00+03:00,-1.7527361,0.032963865,1767.0933,0.09650847,93438.28,792.45374,98034.69,329.1198,5.0621123,5.5919838e-05,1.0750661,1.4637614e-05,0.096315935,,,,,,6.788557e-05,1.5863738e-05,5.2411662e-05,0.00018330925,14431.912,0.13062042,233.96362,0.00024608948,0.4050557,7.5358585e-05,-4.0416053e-06
411,2019-08-25 00:00:00+03:00,-1.7884188,0.033986744,1357.6226,0.0,,,,,,9.3108116e-05,0.94505763,4.4237244e-05,0.0,1824.34,3382.8271,0.01006453,1840.7456,3.5980952,7.6189644e-05,2.3425908e-05,5.2763735e-05,0.00015651422,14433.64,0.12982334,233.80095,0.0002293493,0.3652221,8.3708874e-05,2.6023383e-05
412,2019-08-26 00:00:00+03:00,-1.7249757,0.030289747,3763.2744,0.12679496,38927.79,8411.742,44557.18,7412.284,6.5987606,0.000112053196,0.8378342,4.003769e-05,0.12312019,,,,,,7.5749726e-05,2.4868854e-05,5.0640658e-05,0.00017942808,14432.239,0.1291397,232.04408,0.0004531111,0.2707458,0.00010821373,1.6396069e-05
413,2019-08-27 00:00:00+03:00,-1.8605006,0.03385906,2539.696,0.06272476,60422.773,5109.9497,64833.617,4397.7744,5.4848857,9.125416e-05,0.94097805,3.7387304e-05,0.06266244,,,,,,8.8224115e-05,3.9054234e-05,4.911355e-05,0.00019712147,13059.729,0.12656543,232.16788,0.00023074921,0.31929153,6.895347e-05,1.4706096e-05
414,2019-08-28 00:00:00+03:00,-1.6769289,,,0.22627303,31215.23,9476.824,36022.895,8476.824,6.5440187,8.05089e-05,0.7591082,2.2814436e-05,0.19979702,,,,,,6.438393e-05,1.6016358e-05,4.9978044e-05,0.00016065568,14431.379,0.12611187,232.28574,4.7633283e-05,0.30223662,1.813162e-05,-6.890378e-06
415,2019-08-29 00:00:00+03:00,-0.75509334,,,0.8510824,51799.188,5536.5703,58996.207,4536.571,28.310251,,,,,,,,,,8.84934e-05,,4.4903703e-05,0.00016246867,16708.91,0.13077089,232.64572,,,,
416,2019-08-30 00:00:00+03:00,-2.1905732,0.03467963,1701.4275,0.28263,90239.05,1061.8474,96432.68,464.6102,5.131296,5.92374e-05,1.2246654,1.2480247e-05,0.25105312,,,,,,6.15342e-05,1.9292856e-05,4.5988076e-05,0.00018083485,16710.164,0.12840311,232.93042,0.00027228086,0.3550188,7.8637764e-05,-1.9865984e-05
417,2019-08-31 00:00:00+03:00,-1.5245379,0.028801406,1619.5507,0.062447686,68254.625,3727.5713,75703.99,2838.714,5.2851877,0.0001415789,0.9589695,8.6573986e-05,0.0634974,,,,,,6.553024e-05,1.5803118e-05,4.9727125e-05,0.00017865583,14430.308,0.12001548,231.29745,0.00042213316,0.30362922,0.00010049214,-1.8793082e-05
418,2019-09-01 00:00:00+03:00,-1.5425932,0.028249528,2246.211,0.07908787,65224.406,3989.3032,72568.77,3087.7397,4.944033,7.610931e-05,0.9303142,2.1547101e-05,0.07977452,,,,,,6.6981724e-05,1.7758974e-05,4.922275e-05,0.00016960182,14426.53,0.11824437,232.5097,0.00011549242,0.28867143,3.0664603e-05,-2.4262436e-06
419,2019-09-02 00:00:00+03:00,-1.3191543,0.03030796,2479.6682,0.4859956,79835.016,2077.7317,87900.58,1246.5105,9.394897,0.00016492706,1.2289634,0.00013161049,0.331189,,,,,,6.7246874e-05,1.6711752e-05,4.5799592e-05,0.00016273098,14424.376,0.12252019,233.14223,4.895449e-06,0.4568683,-2.147426e-05,-3.2362983e-05
420,2019-09-03 00:00:00+03:00,-1.3603243,,,0.611799,40237.95,7270.2,46170.086,6270.201,11.216446,4.4305263e-05,0.66200405,-1.703501e-05,0.43851212,,,,,,6.103202e-05,,4.889432e-05,0.00015514228,19280.969,0.12689628,233.29913,,,,
421,2019-09-04 00:00:00+03:00,-1.52503,0.033717405,1565.1763,0.43456945,82660.3,1737.875,92187.67,832.9589,7.079171,3.0409567e-05,1.3443142,-4.0212003e-06,0.32779634,,,,,,6.446442e-05,1.3995853e-05,4.6982066e-05,0.00017527194,16703.941,0.12063572,232.89267,-1.38043915e-05,0.44719848,-9.830723e-06,2.1918666e-05
422,2019-09-05 00:00:00+03:00,-1.8695244,0.027698915,1749.9961,0.1289535,94957.51,564.8223,98257.21,252.5277,4.295596,9.815038e-05,1.2051214,7.474623e-05,0.1329051,1822.6381,3689.3472,0.0175246,1838.727,3.6112134,7.5722375e-05,2.6619698e-05,4.9082046e-05,0.00020533579,13401.914,0.12144931,232.76166,0.00033552892,0.42820024,0.00013025671,3.2928343e-05
423,2019-09-06 00:00:00+03:00,-1.668352,0.03471561,1018.2554,0.16350432,84311.984,1618.8073,91434.93,912.9079,5.9642224,7.930941e-05,1.1288811,4.7059493e-05,0.15354197,,,,,,6.849909e-05,2.0842657e-05,4.9159902e-05,0.00018890275,16706.758,0.1310664,232.40341,7.106719e-05,0.56853473,2.5086654e-05,2.5605723e-06
424,2019-09-07 00:00:00+03:00,-1.5032235,0.033244602,881.79675,0.27900112,67981.78,3499.346,77026.766,2506.2166,7.291256,7.230544e-05,1.2632339,4.2888918e-05,0.27115476,,,,,,6.904549e-05,2.0383672e-05,4.6745066e-05,0.00017670562,16714.27,0.13085043,231.94203,0.0001374454,0.43646067,5.679106e-05,-7.808752e-06
425,2019-09-08 00:00:00+03:00,-1.1964285,0.032798205,2103.1548,0.6609694,41789.688,7018.2896,47956.055,6018.289,9.7161,0.00013886907,0.5896245,3.4727374e-05,0.486472,,,,,,8.58773e-05,,4.6786554e-05,0.00016453353,16710.32,0.12740806,231.18155,,,,
426,2019-09-09 00:00:00+03:00,-1.7338567,0.03574943,1881.0525,0.13426468,85131.29,1587.554,92666.875,839.78516,4.2658606,0.00016008249,0.9045253,0.00010588993,0.13858303,,,,,,8.090268e-05,3.3186734e-05,4.7733767e-05,0.00020931233,16710.266,0.12567702,230.13135,0.00028346258,0.3898213,9.582084e-05,-6.140543e-06
427,2019-09-10 00:00:00+03:00,-2.0191095,,,0.5142289,36789.81,8234.904,42336.895,7234.904,14.986835,0.000105084466,0.6970258,4.090245e-05,0.32454252,,,,,,6.227026e-05,2.3921137e-05,4.75144e-05,0.00013636111,16706.395,0.128844,231.3322,5.195556e-05,0.32341087,1.2726612e-05,-2.1352515e-05
428,2019-09-11 00:00:00+03:00,-1.2721204,0.03293944,1636.3744,0.7045627,76349.81,2459.0073,86377.82,1459.0073,18.725863,5.0283546e-05,1.5390615,3.247829e-05,0.35589796,,,,,,6.608981e-05,,4.714737e-05,0.00018372328,18500.115,0.1332967,230.91345,-1.0675576e-05,0.7307691,4.213659e-06,-8.880356e-06
429,2019-09-12 00:00:00+03:00,-0.78786415,0.031294644,1571.3412,0.89496064,71910.16,2876.5579,81468.266,1876.5577,28.320354,,,,,,,,,,8.376757e-05,,4.6605262e-05,0.00018131486,17695.688,0.13108405,231.48824,,,,
430,2019-09-13 00:00:00+03:00,-0.75059724,0.029980991,1978.1931,1.0,62173.234,4068.7393,70596.734,3068.7393,59.01679,,,,,,,,,,9.9847384e-05,,4.2700354e-05,0.0001621925,19031.434,0.12354698,230.85767,,,,
431,2019-09-14 00:00:00+03:00,-1.5980871,0.03512743,1232.9719,0.23078653,81777.42,1858.09,90760.66,991.25745,5.4997835,2.2582128e-05,1.0062664,-2.0561572e-05,0.21962339,1811.0634,3724.5369,0.022260679,1830.6924,4.4254527,6.5383414e-05,1.8785311e-05,4.7288668e-05,0.00017900426,22185.178,0.13416415,230.54208,6.210285e-05,0.50393003,3.5786834e-05,3.104657e-05
432,2019-09-15 00:00:00+03:00,-0.72413534,,,1.0,46246.64,6174.3774,52886.902,5174.378,83.35512,,,,,,,,,,,,,,,0.11997533,230.47531,,,,
433,2019-09-16 00:00:00+03:00,-1.4306465,0.032238707,1099.3052,0.45978838,71203.83,2750.0864,80855.46,1750.819,15.005103,7.222967e-05,1.1395974,2.8422193e-05,0.32895523,,,,,,6.0407532e-05,1.3324939e-05,4.8781563e-05,0.00018298125,20399.574,0.13206664,230.6265,0.00017926622,0.5529109,9.304722e-05,8.013167e-06
434,2019-09-17 00:00:00+03:00,-1.3901105,0.031885594,1130.286,0.49682015,65996.8,3375.5088,75154.6,2375.606,29.032211,1.0792977e-05,1.1235845,-2.950766e-05,0.27567703,,,,,,6.5665896e-05,9.279502e-06,5.0863062e-05,0.0001818223,24195.379,0.14488195,232.73773,0.00017507368,0.614342,0.000112240596,2.8562468e-05
435,2019-09-18 00:00:00+03:00,-1.2306595,0.032560207,1243.0135,0.51098645,68325.89,3299.2065,77376.33,2325.1724,10.220657,1.4237839e-05,1.1933153,-1.1649859e-05,0.32129952,,,,,,7.881492e-05,2.2742423e-05,4.638345e-05,0.00017644622,22121.11,0.15129,232.56372,0.00016246512,0.5329039,6.337148e-05,2.9098492e-05
436,2019-09-19 00:00:00+03:00,-1.0197456,0.03383005,1082.9988,0.72164655,77346.8,2180.725,87808.125,1180.8848,15.0708,-1.1179485e-05,1.4971641,-5.3976622e-05,0.4304317,,,,,,6.473776e-05,,4.1341613e-05,0.00016179246,22163.49,0.15029886,231.16104,0.00035461597,0.5414968,0.0001920234,1.1558395e-06
437,2019-09-20 00:00:00+03:00,-1.2565086,,,0.5952567,56738.555,4682.8896,64962.086,3682.8896,12.908469,-5.8339298e-05,0.68326503,-6.6276516e-05,0.41175032,,,,,,7.35568e-05,2.3611843e-05,4.0730458e-05,0.00016451276,19286.383,0.13928857,229.74625,0.00023297958,0.24461152,5.186495e-05,4.753482e-05
438,2019-09-21 00:00:00+03:00,-1.1068728,0.029505095,2035.2429,0.7701628,68158.375,3238.9707,77346.91,2238.9705,37.72118,1.9743e-05,0.950983,-5.192925e-05,0.3697583,,,,,,5.580086e-05,1.1678471e-05,4.5368084e-05,0.00017301412,14424.6455,0.12971061,229.674,1.9832642e-05,0.28082705,6.9332573e-06,-2.3282695e-05
439,2019-09-22 00:00:00+03:00,-0.79887885,,,0.9966762,58998.1,4319.1123,67217.625,3319.1123,75.26282,,,,,,,,,,8.91164e-05,,3.918283e-05,0.00013615207,14425.973,0.12798652,229.68051,,,,
440,2019-09-23 00:00:00+03:00,-1.4036397,0.035826437,535.9625,0.27539864,82882.61,1714.0105,93298.56,757.0934,7.0490246,2.5367324e-05,1.0979338,-4.8265583e-06,0.25056848,,,,,,7.0159316e-05,1.46639695e-05,4.612823e-05,0.00018422106,19294.012,0.1402862,229.85959,0.000286114,0.35181248,5.930823e-05,2.4178862e-06
441,2019-09-24 00:00:00+03:00,-1.4674387,0.03273508,756.8574,0.21267137,84847.84,1532.7378,94476.83,644.2386,5.2267637,2.9676541e-05,1.0122011,-5.9473246e-06,0.19718829,,,,,,8.9794936e-05,4.575737e-05,4.234768e-05,0.0002035176,16711.484,0.128863,229.768,0.00016280198,0.3329369,4.4284752e-05,-1.7361781e-05
442,2019-09-25 00:00:00+03:00,-1.0947797,0.032654256,949.7302,0.44991896,60707.457,4104.245,69195.08,3104.8828,6.240979,4.8912785e-05,0.73021674,3.6189806e-06,0.30908096,,,,,,7.319237e-05,2.3696803e-05,4.308017e-05,0.00016782657,19277.318,0.12696066,229.38928,0.000720469,0.23515399,0.00016758156,3.426455e-05
443,2019-09-26 00:00:00+03:00,-1.7221402,0.0311514,1033.737,0.0,,,,,,7.968225e-05,0.86253124,4.3150656e-05,0.0,,,,,,7.376054e-05,2.9838866e-05,4.3921675e-05,0.00016464165,16705.465,0.1280218,228.0762,0.00027349504,0.30776381,8.464277e-05,-2.2648781e-05
444,2019-09-27 00:00:00+03:00,-1.4796481,0.03606414,1001.39294,0.11105989,98166.77,292.17056,99792.16,140.51598,4.187166,0.00019187061,0.859516,0.00012012245,0.11325928,,,,,,7.739928e-05,3.340922e-05,4.399006e-05,0.00020560483,16705.285,0.12181939,228.40218,0.0003420048,0.29904717,0.00010160063,-1.1690741e-05
445,2019-09-28 00:00:00+03:00,-0.77373993,0.03240623,1696.4491,0.9525636,58087.055,4423.447,66114.49,3423.4468,32.182755,2.0716356e-05,0.7435097,-1.7612329e-05,0.29797992,,,,,,0.00013106914,,3.9662184e-05,0.0001758621,17978.46,0.1210407,229.5824,0.001632241,0.2570607,0.0004195851,-1.1883725e-05
446,2019-09-29 00:00:00+03:00,-1.2940645,0.030518543,1340.835,0.45498556,75301.36,2404.7034,85191.91,1413.0957,8.462163,5.428102e-05,1.3966563,5.0635153e-05,0.38809347,,,,,,5.9285892e-05,1.5723572e-05,4.250848e-05,0.00017125985,22108.781,0.12829822,229.83435,-5.9242506e-05,0.5319939,-1.6658945e-05,-2.8455815e-05
447,2019-09-30 00:00:00+03:00,-0.88675416,0.030290378,1696.3074,0.87581575,81491.57,1618.6777,91819.97,645.8248,22.74338,,,,,,,,,,8.155678e-05,,3.7567064e-05,0.00017834525,19213.824,0.13014412,228.67468,,,,
448,2019-10-01 00:00:00+03:00,-1.4338546,0.030743405,641.6161,0.19531058,73861.25,2402.1218,83858.36,1402.4608,3.654131,1.7845643e-05,1.0984068,-1.0952383e-05,0.20845717,,,,,,4.969043e-05,1.1539434e-05,3.843013e-05,0.00016425636,18036.75,0.13414589,228.35706,,,,
449,2019-10-02 00:00:00+03:00,-1.0660566,0.030674854,875.97864,0.51104474,41953.05,6843.615,48210.336,5843.615,21.94861,0.00016976922,1.1910312,0.00013242604,0.20767185,,,,,,6.8643494e-05,3.657189e-05,4.5846384e-05,0.00020068619,19239.078,0.13240993,227.5109,,,,
450,2019-10-03 00:00:00+03:00,-1.3910766,0.03281427,1027.9172,0.26616246,72246.24,2841.0088,81976.14,1846.7101,7.1568365,4.966078e-05,1.3209016,3.5128767e-05,0.2540844,,,,,,9.068012e-05,4.5820212e-05,4.439742e-05,0.0002216915,19254.502,0.13407946,228.92316,,,,
451,2019-10-04 00:00:00+03:00,-1.1691924,0.032308843,678.16364,0.5103589,83139.03,1551.8401,93198.33,632.0122,8.39073,1.8996012e-05,1.2312396,-9.5854e-06,0.3638854,,,,,,7.0013804e-05,2.0383564e-05,3.971309e-05,0.00018459882,24243.852,0.14175558,229.44583,,,,
452,2019-10-05 00:00:00+03:00,-1.494432,0.032319255,628.9507,0.25362757,88835.98,1084.2188,96986.29,370.7195,4.7119226,-1.0289312e-05,1.1506908,-3.8745602e-05,0.2448155,,,,,,6.330176e-05,2.7172155e-05,3.7330807e-05,0.00017498029,23002.742,0.14233677,228.71213,,,,
453,2019-10-06 00:00:00+03:00,-1.0246912,0.032802235,532.5337,0.7119843,78367.77,2081.7495,89159.86,1084.0535,19.55223,-5.9485465e-05,1.3276799,-0.00012694566,0.4133559,,,,,,6.022556e-05,2.239182e-05,3.631461e-05,0.00015972706,22180.479,0.14777105,228.14331,,,,
454,2019-10-07 00:00:00+03:00,-0.8981888,0.029822491,736.7498,0.76543915,74238.55,2467.437,84542.14,1467.4371,34.304024,6.16565e-05,1.2479995,2.229743e-05,0.46588796,,,,,,6.518008e-05,,4.1431787e-05,0.00019301788,23254.828,0.14638323,228.62827,,,,
455,2019-10-08 00:00:00+03:00,-1.0071288,0.02954812,893.9035,0.64689827,44850.35,6305.867,51522.47,5305.867,24.055212,0.00015443125,1.0065556,8.04261e-05,0.26861125,,,,,,7.276093e-05,4.051596e-05,3.880443e-05,0.00016771976,18705.43,0.12838721,227.85597,,,,
456,2019-10-09 00:00:00+03:00,-0.6560768,0.02960701,1058.4785,0.70970714,79611.2,2005.8062,87683.47,1208.8267,13.381004,-5.0350086e-06,1.077464,-4.1084e-05,0.4072548,,,,,,7.242625e-05,1.5446336e-05,4.2594478e-05,0.00020239991,23583.719,0.13683227,227.66606,,,,
457,2019-10-10 00:00:00+03:00,-0.64272296,0.030515915,1021.27954,0.81925607,84192.55,1507.4891,93821.3,621.06067,32.5353,-2.862705e-05,1.3664988,-6.1925304e-05,0.3943301,,,,,,8.127933e-05,3.1677133e-05,4.018742e-05,0.00021786297,22110.812,0.1374866,227.74298,,,,
458,2019-10-11 00:00:00+03:00,-0.61557204,0.031830296,1330.5,0.885993,73588.87,2623.1685,83535.78,1623.1685,31.591524,5.711648e-05,1.052307,4.7165657e-05,0.38692328,,,,,,5.8399713e-05,1.4567149e-05,3.684293e-05,0.00017053576,22129.262,0.1435029,226.35602,,,,
459,2019-10-12 00:00:00+03:00,-1.6936492,,,0.9068047,43806.484,6521.312,50139.8,5530.3423,63.975056,0.00010415196,0.7816841,6.606498e-05,0.4016772,,,,,,6.6770684e-05,,3.786179e-05,0.00014214448,16686.506,0.12638044,227.226,,,,
460,2019-10-13 00:00:00+03:00,-0.9536637,,,0.54592586,42492.66,6749.275,48788.22,5749.275,15.748957,7.197588e-05,0.62330836,3.5685844e-07,0.44419572,,,,,,8.932664e-05,5.1298975e-05,3.22684e-05,0.00016504682,15309.672,0.12627515,225.35199,,,,
461,2019-10-14 00:00:00+03:00,-1.1468784,0.0323212,679.8375,0.41749,65644.25,3645.686,74278.06,2661.4253,9.477149,6.0528873e-05,0.9162928,2.9962133e-05,0.38031247,,,,,,8.506015e-05,3.8528746e-05,3.3938828e-05,0.00017142527,15377.193,0.12655151,226.38333,,,,
462,2019-10-15 00:00:00+03:00,-0.5219576,0.030419914,1283.8649,0.7245277,94166.805,652.26556,100864.79,54.48396,12.703234,5.9949518e-05,1.835943,9.253653e-05,0.4198237,,,,,,6.6101085e-05,,3.1826065e-05,0.00018675136,15306.129,0.12862775,225.31317,,,,
463,2019-10-16 00:00:00+03:00,-1.0829697,0.031462885,2267.2214,0.20619088,75788.51,2599.5498,82993.83,1815.7614,3.1303322,0.00019922425,0.89847153,0.0001538228,0.21234658,,,,,,7.752394e-05,4.3433036e-05,3.4090903e-05,0.00019467171,14422.521,0.12755024,224.32349,,,,
464,2019-10-17 00:00:00+03:00,-0.794311,0.03126582,1345.1453,0.99583423,84258.164,1488.7582,94490.484,545.9288,62.931557,,,,,,,,,,8.418302e-05,,2.985917e-05,0.00019553355,14174.639,0.12710635,224.97833,,,,
465,2019-10-18 00:00:00+03:00,-0.8759345,0.029973457,1551.5507,0.88323003,72327.66,2841.385,81779.125,1855.5317,45.844017,8.23732e-05,1.0051459,2.798301e-05,0.48388526,,,,,,8.316382e-05,,3.242998e-05,0.00018075854,16703.244,0.12195431,223.11282,,,,
466,2019-10-19 00:00:00+03:00,-0.53832096,0.030891493,1148.9508,0.5924813,59976.156,4928.42,67312.93,3996.589,16.704924,6.376901e-05,1.0309908,2.1415482e-05,0.3731429,,,,,,7.092538e-05,2.832833e-05,3.2771735e-05,0.0001775074,16701.54,0.1261687,224.33856,,,,
467,2019-10-20 00:00:00+03:00,-0.5031217,,,0.9300741,45933.234,6195.788,52674.375,5195.788,27.816961,0.00056022854,0.4979979,0.000262041,0.4740848,,,,,,7.991204e-05,,2.9809082e-05,0.0001489209,16704.746,0.12735033,223.78056,,,,
468,2019-10-21 00:00:00+03:00,-0.5196626,0.0306849,1153.2198,0.80982584,86430.31,1376.3396,95529.445,540.44275,26.916574,5.7996993e-05,1.4935381,5.6067307e-05,0.5032837,,,,,,6.143854e-05,2.4141658e-05,2.8106868e-05,0.0001739802,16053.559,0.1324234,221.77795,,,,
469,2019-10-22 00:00:00+03:00,-0.66727555,0.030541297,982.2837,0.9914919,96102.05,489.24213,101193.01,20.888271,39.731487,,,,,,,,,,5.281059e-05,,3.0615454e-05,0.00018210101,14427.406,0.12347627,219.60649,,,,
470,2019-10-23 00:00:00+03:00,-0.9767636,0.030057106,1324.1238,0.73997575,79810.94,2004.1326,90296.28,1004.1327,24.663605,-2.8606341e-06,1.7040852,-2.7714266e-05,0.48790604,,,,,,5.783984e-05,,3.0393705e-05,0.00018244487,13057.45,0.10749814,219.53206,,,,
471,2019-10-24 00:00:00+03:00,-0.7705039,0.029668793,948.7243,0.4343518,74238.76,2673.4001,84019.69,1674.0464,12.228703,7.3529925e-05,1.7573423,7.462058e-05,0.35658744,,,,,,6.83428e-05,3.683239e-05,3.08819e-05,0.0002058071,14428.404,0.11621893,218.2472,,,,
472,2019-10-25 00:00:00+03:00,-0.3422621,0.029343946,1345.145,0.9999732,93734.07,649.9828,101017.7,24.342285,36.777733,,,,,,,,,,7.08712e-05,,2.522997e-05,0.00018778931,13055.4,0.1089582,219.09491,,,,
473,2019-10-26 00:00:00+03:00,-0.48818314,,,0.9788891,43287.688,6757.0327,49584.76,5757.0327,67.731186,,,,,,,,,,,,,,,0.10280284,219.04079,,,,
474,2019-10-27 00:00:00+03:00,-1.1557053,0.03128472,1452.0919,0.983814,50336.72,5752.9385,57389.203,4753.0713,46.50003,,,,,,,,,,0.00015767712,,2.1658916e-05,0.0001694586,14416.484,0.10715096,218.97473,,,,
475,2019-10-28 00:00:00+02:00,-1.3864799,0.03041363,677.6585,0.22832586,69992.05,2891.77,79760.17,1891.77,9.456453,1.0716922e-05,1.1332722,-1.4195833e-06,0.19018352,,,,,,4.0622705e-05,1.3662948e-05,2.681638e-05,0.00013037933,24254.842,0.12643073,220.54367,,,,
476,2019-10-29 00:00:00+02:00,-0.8566587,0.030781573,414.01306,0.53904355,67999.266,3115.9702,77676.7,2115.9702,16.72733,8.367698e-05,1.1171681,3.1771477e-05,0.21062468,,,,,,4.3275293e-05,2.3509452e-05,2.8385028e-05,0.00015712026,22664.086,0.13005134,220.08684,,,,
477,2019-10-30 00:00:00+02:00,-1.0840611,0.035660878,429.02844,0.33896986,72308.1,2880.8667,81367.11,1951.613,6.076747,6.307486e-05,1.0842824,4.50695e-05,0.21263917,,,,,,9.7770586e-05,7.272253e-05,2.8983166e-05,0.00021726161,22205.441,0.12599742,221.02567,,,,
478,2019-10-31 00:00:00+02:00,-0.54705286,,,0.9090315,48899.492,5553.0586,56323.33,4553.0586,35.62647,,,,,,,,,,,,,,,0.14107671,222.21167,,,,
479,2019-11-01 00:00:00+02:00,-0.5715293,0.03322689,729.45245,0.53434086,61023.523,4004.109,69793.05,3004.109,6.6537056,,,,,,,,,,5.6775898e-05,2.9342704e-05,2.7474185e-05,0.00015513934,16706.787,0.13260365,220.72272,,,,
480,2019-11-02 00:00:00+02:00,-0.47268772,,,0.96887946,39971.543,7151.5703,46053.656,6156.756,73.562386,,,,,,,,,,,,,,,0.12692574,222.53772,,,,
481,2019-11-03 00:00:00+02:00,-0.83405024,,,0.94678026,46017.867,5994.14,52771.598,4994.14,121.12294,,,,,,,,,,,,,,,0.13791348,221.55621,,,,
482,2019-11-04 00:00:00+02:00,-0.8486596,,,0.9977535,39413.664,7117.0127,45370.957,6117.0127,90.58133,,,,,,,,,,,,,,,0.14188316,221.84305,,,,
483,2019-11-05 00:00:00+02:00,-0.16995797,0.031755324,1437.919,0.99989283,42454.68,6664.149,48739.82,5664.1484,107.503624,,,,,,,,,,0.00010862841,,3.2088832e-05,0.00021110247,19217.926,0.12621379,221.06415,,,,
484,2019-11-06 00:00:00+02:00,-0.6257182,0.03229455,792.73956,0.9539933,74268.31,2567.279,84280.02,1568.4131,55.29196,,,,,,,,,,7.473785e-05,,3.072521e-05,0.00020315332,22090.86,0.1296326,220.09097,,,,
485,2019-11-07 00:00:00+02:00,-0.6344974,0.03676586,748.9192,0.8110957,88551.94,994.35254,97132.66,237.24236,17.484049,,,,,,,,,,9.45291e-05,,2.599967e-05,0.00025216155,22123.965,0.120792076,218.3436,,,,
486,2019-11-08 00:00:00+02:00,-0.88810533,0.034321774,789.4591,0.7186143,81068.984,1993.8594,90547.14,1096.4834,22.380938,,,,,,,,,,8.687131e-05,5.9097125e-05,2.6090182e-05,0.00024130271,20134.123,0.12262459,217.22778,,,,
487,2019-11-09 00:00:00+02:00,-1.0251007,0.032534227,1741.0065,0.8630321,64326.71,3651.44,73187.016,2651.44,52.775703,,,,,,,,,,8.63255e-05,,2.4780846e-05,0.00019282725,19261.344,0.1251976,217.97955,,,,
488,2019-11-10 00:00:00+02:00,-0.625031,0.036393125,1085.812,0.6567608,42834.42,6588.7495,49337.355,5588.7495,18.179935,0.00013250537,0.79890484,9.628006e-05,0.3767833,,,,,,9.721129e-05,6.6730856e-05,2.6663984e-05,0.00020776207,18854.809,0.1341961,218.78632,,,,
489,2019-11-11 00:00:00+02:00,-0.4488403,0.03286698,543.03973,0.525227,63489.836,3785.2544,72367.086,2785.2542,5.0890903,4.0010233e-05,1.3515122,4.901325e-05,0.21005096,,,,,,5.442455e-05,1.941155e-05,2.7486694e-05,0.00017847732,19267.648,0.14154208,219.20593,,,,
490,2019-11-12 00:00:00+02:00,-0.62086487,,,0.8195131,36215.97,7751.246,41900.945,6751.246,35.953465,,,,,,,,,,8.893542e-05,,2.457044e-05,0.00015887729,16706.094,0.1302695,218.87576,,,,
491,2019-11-13 00:00:00+02:00,-1.6507707,,,0.8938291,41114.855,7194.776,47173.445,6194.7754,154.94135,,,,,,,,,,,,,,,0.124066725,217.753,,,,
492,2019-11-14 00:00:00+02:00,-0.82111406,0.03326579,870.1284,0.95829177,54573.32,4878.964,62262.0,3878.9636,108.448395,-5.29407e-05,1.3872694,-0.000108870096,0.4125194,,,,,,0.00015572377,0.00010889647,2.1325906e-05,0.00024096358,16698.637,0.11721677,216.83661,,,,
493,2019-11-15 00:00:00+02:00,-0.53047454,,,0.9465691,50556.383,5553.532,57854.855,4553.532,59.21337,,,,,,,,,,8.246486e-05,,1.854069e-05,0.00015746831,16713.97,0.10853123,214.6671,,,,
494,2019-11-16 00:00:00+02:00,-0.061163306,0.029873142,1343.3503,0.9953374,70250.305,3110.6777,79175.64,2155.4587,117.53995,,,,,,,,,,6.293323e-05,,2.0315312e-05,0.00016129922,16707.535,0.11717525,213.72751,,,,
495,2019-11-17 00:00:00+02:00,-0.44902936,0.032495547,1138.6383,0.71788645,42738.414,6782.454,49139.094,5782.454,14.502089,0.00016015963,0.8564009,0.00013129477,0.34385368,,,,,,9.9696714e-05,6.745941e-05,2.1871103e-05,0.00017227001,14429.812,0.11840147,213.88724,,,,
496,2019-11-18 00:00:00+02:00,0.10770798,,,0.99807763,63639.883,3907.4387,72196.19,2913.828,83.32738,,,,,,,,,,5.2832507e-05,,2.0008178e-05,0.00013672787,13057.806,0.123948455,213.4122,,,,
497,2019-11-19 00:00:00+02:00,-0.90517396,0.033748414,680.8457,0.9463992,88983.9,1108.526,99057.42,220.02553,102.25926,,,,,,,,,,7.228231e-05,,1.994512e-05,0.0002376654,15804.73,0.12257618,211.50981,,,,
498,2019-11-20 00:00:00+02:00,-0.7757539,,,0.95498866,65268.53,3637.46,74210.07,2637.46,28.067932,,,,,,,,,,9.5034324e-05,,1.835831e-05,0.00016370838,16722.143,0.11848427,212.04265,,,,
499,2019-11-21 00:00:00+02:00,-0.6051739,0.033113442,715.0936,0.9031987,91117.945,1000.9452,100449.086,143.35641,18.655668,,,,,,,,,,5.9523074e-05,,1.9076193e-05,0.00016758966,16723.809,0.11555406,211.43465,,,,
500,2019-11-22 00:00:00+02:00,-0.5864022,0.033915415,650.5731,0.84775376,60521.836,4173.0635,68994.06,3173.0635,28.770735,,,,,,,,,,5.587918e-05,,1.8754683e-05,0.00014884677,16722.14,0.109189905,212.64081,,,,
501,2019-11-23 00:00:00+02:00,-0.24894601,0.033510424,604.2726,0.6360308,39510.777,7312.0786,45620.312,6312.078,10.173078,2.4913872e-05,0.96076894,1.319058e-05,0.22396387,,,,,,5.9562797e-05,3.5933484e-05,1.8785573e-05,0.00014930486,16720.031,0.119127646,212.43716,,,,
502,2019-11-24 00:00:00+02:00,-0.8807249,0.030737916,1217.5111,0.09175085,48047.414,5894.3306,55134.1,4894.3306,6.3569303,1.7940394e-05,1.1520392,1.4763031e-05,0.088747144,,,,,,5.6487264e-05,3.9657425e-05,1.7968927e-05,0.00015048108,16716.916,0.11452375,209.65475,,,,
503,2019-11-25 00:00:00+02:00,-0.53553903,0.033313133,486.08133,0.37786806,80275.49,1948.4562,90952.72,948.4565,11.120915,9.219251e-05,1.348734,0.00011203961,0.2800844,,,,,,5.0520015e-05,3.7247282e-05,1.6581263e-05,0.00014185651,14430.1455,0.11610037,207.57468,,,,
504,2019-11-26 00:00:00+02:00,-0.8269274,,,0.9771117,79321.54,1991.3596,89903.47,991.3596,10.883434,,,,,,,,,,7.366483e-05,,1.6254711e-05,0.00016092358,14426.306,0.11606021,207.11905,,,,
505,2019-11-27 00:00:00+02:00,-0.21260199,,,0.99621516,58306.203,4385.3394,66510.234,3385.3394,107.53132,,,,,,,,,,6.781328e-05,,1.5300946e-05,0.00013591211,14421.767,0.11150138,208.74179,,,,
506,2019-11-28 00:00:00+02:00,-1.6353526,0.03320226,1252.7937,0.89945906,69712.99,3009.1914,78423.42,2068.889,145.78294,,,,,,,,,,8.9688874e-05,,1.6322905e-05,0.00015672276,16682.984,0.10679453,209.83145,,,,
507,2019-11-29 00:00:00+02:00,-1.2409681,0.033678193,929.62384,0.90756255,54677.1,5632.6875,61327.27,4714.7705,152.416,,,,,,,,,,0.00031699974,,1.8001041e-05,0.00035411032,19215.41,0.12756483,211.6071,,,,
508,2019-11-30 00:00:00+02:00,-0.62961054,0.032250173,497.94315,0.3715292,62610.637,4043.488,70211.086,3147.5896,77.33174,1.9924437e-05,0.9302869,6.42578e-06,0.095081024,,,,,,2.3265095e-05,1.9753134e-06,2.0569318e-05,0.00012943003,22127.238,0.12258649,211.76282,,,,
509,2019-12-01 00:00:00+02:00,-1.2018709,0.035142917,402.64273,0.30033192,85220.375,1423.0679,94027.83,638.4,2.388721,0.00014365085,1.1316084,0.00014563387,0.3110988,,,,,,3.0986277e-05,1.3189763e-05,1.7257642e-05,0.00012794464,19275.928,0.10715093,210.72662,,,,
510,2019-12-02 00:00:00+02:00,-0.56590825,,,0.9981208,50348.066,5199.36,58046.164,4199.36,7.5426154,,,,,,,,,,,,,,,0.11877115,211.23306,,,,
511,2019-12-03 00:00:00+02:00,-1.1332908,0.03727691,556.0929,0.78738624,91557.78,851.10785,96837.74,378.92862,1.0003783,,,,,,,,,,4.7055844e-05,2.2163069e-05,1.3295397e-05,0.00015556865,16453.24,0.11810954,208.79938,,,,
512,2019-12-04 00:00:00+02:00,-0.64402556,,,0.60709536,50297.594,5422.484,57527.098,4422.484,22.951277,,,,,,,,,,6.351282e-05,,1.1989411e-05,0.00011411821,11206.465,0.095356196,208.89508,,,,
513,2019-12-05 00:00:00+02:00,-0.8123508,0.030982655,785.50116,0.31729576,55160.176,4870.166,62897.73,3870.1658,8.777039,3.4990342e-05,1.0328816,1.8291552e-05,0.28102258,,,,,,6.2095845e-05,4.6390804e-05,1.4799727e-05,0.00013915599,11565.821,0.10330943,207.88614,,,,
514,2019-12-06 00:00:00+02:00,-1.8013687,,,0.8031489,44979.95,6263.7593,51536.37,5263.7593,9.77756,,,,,,,,,,,,,,,0.10702032,209.09299,,,,
515,2019-12-07 00:00:00+02:00,-0.35778126,,,0.9997549,48831.895,5544.8525,55940.645,4544.853,17.042364,,,,,,,,,,,,,,,0.119660184,208.86118,,,,
516,2019-12-08 00:00:00+02:00,-0.7751875,,,0.8506568,39798.73,6769.203,46087.152,5769.203,1.0,,,,,,,,,,,,,,,0.117090404,207.7663,,,,
517,2019-12-09 00:00:00+02:00,-1.051285,,,,,,,,,,,,,,,,,,4.0341143e-05,1.552144e-05,2.2323728e-05,0.00018828048,19224.512,0.11365908,209.00253,,,,
518,2019-12-10 00:00:00+02:00,-0.36407277,0.032535344,528.84143,,,,,,,,,,,,,,,,2.0813965e-05,-3.086521e-05,2.1939175e-05,0.00014412715,22127.822,0.12048663,210.40213,,,,
519,2019-12-11 00:00:00+02:00,-0.7013215,,,,,,,,,,,,,,,,,,,,,,,0.11714023,209.02567,,,,
520,2019-12-12 00:00:00+02:00,-1.0160551,0.032712143,483.9481,,,,,,,,,,,,,,,,3.5061697e-05,,1.687148e-05,0.00014184332,16697.625,0.11383653,211.37196,,,,
521,2019-12-13 00:00:00+02:00,-0.87385094,,,,,,,,,,,,,,,,,,5.3540087e-05,,1.9892088e-05,0.00018288662,19247.234,0.13250339,212.60635,,,,
522,2019-12-14 00:00:00+02:00,-0.67576104,,,,,,,,,,,,,,,,,,,,,,,0.14165586,213.47133,,,,
523,2019-12-15 00:00:00+02:00,-1.5099883,,,,,,,,,,,,,,,,,,6.144021e-05,2.9253873e-05,2.0578158e-05,0.00021360448,22093.195,0.13068345,215.49968,,,,
524,2019-12-16 00:00:00+02:00,-0.77355814,,,,,,,,,,,,,,,,,,9.367561e-06,-1.2730217e-05,2.0851803e-05,0.00012295599,24220.164,0.1550548,214.99951,,,,
525,2019-12-17 00:00:00+02:00,-0.2109805,,,,,,,,,,,,,,,,,,,,,,,0.15735027,216.61218,,,,
526,2019-12-18 00:00:00+02:00,0.08671251,,,,,,,,,,,,,,,,,,,,,,,0.16450585,214.6352,,,,
527,2019-12-19 00:00:00+02:00,-1.045013,,,,,,,,,,,,,,,,,,4.1617393e-05,2.7110615e-05,1.4447164e-05,0.0001350132,19213.531,0.15492511,213.83954,,,,
528,2019-12-20 00:00:00+02:00,0.08350733,,,,,,,,,,,,,,,,,,9.538958e-05,,1.1584688e-05,0.0001439728,16699.184,0.14117151,213.6395,,,,
529,2019-12-21 00:00:00+02:00,-1.1457098,,,,,,,,,,,,,,,,,,7.436734e-05,,1.49233e-05,0.00018954328,19230.082,0.14630085,212.39682,,,,
530,2019-12-22 00:00:00+02:00,-1.2409596,,,,,,,,,,,,,,,,,,0.00012716153,9.475839e-05,1.471621e-05,0.0001911287,19229.553,0.15235148,213.61795,,,,
531,2019-12-23 00:00:00+02:00,-1.3453262,,,,,,,,,,,,,,,,,,7.558908e-05,,1.4209204e-05,0.00017991643,19236.863,0.14520505,214.47015,,,,
532,2019-12-24 00:00:00+02:00,-0.70148945,,,,,,,,,,,,,,,,,,,,,,,0.15025055,216.33936,,,,
533,2019-12-25 00:00:00+02:00,-0.7927509,,,,,,,,,,,,,,,,,,,,,,,0.1393117,216.90205,,,,
534,2019-12-26 00:00:00+02:00,-1.1832914,,,,,,,,,,,,,,,,,,,,,,,0.16953807,216.55414,,,,
535,2019-12-27 00:00:00+02:00,-0.8466954,0.035020422,926.47363,,,,,,,,,,,,,,,,,,,,,0.16423479,215.46901,,,,
536,2019-12-28 00:00:00+02:00,-0.681651,,,,,,,,,,,,,,,,,,6.384035e-05,,1.6113552e-05,0.00016557603,16728.914,0.14813384,215.48465,,,,
537,2019-12-29 00:00:00+02:00,-0.4137967,,,,,,,,,,,,,,,,,,8.9094596e-05,7.475307e-05,1.7696299e-05,0.0001818636,14436.375,0.14529945,214.59467,,,,
538,2019-12-30 00:00:00+02:00,-0.8322638,,,,,,,,,,,,,,,,,,,,,,,0.12933022,213.45679,,,,
539,2019-12-31 00:00:00+02:00,-0.8896752,0.032812785,644.71747,,,,,,,,,,,,,,,,3.3911565e-05,1.6934655e-05,1.9143275e-05,0.00014290455,22114.098,0.14074455,213.59912,,,,
540,2020-01-01 00:00:00+02:00,-0.736132,,,,,,,,,,,,,,,,,,3.960969e-05,2.4318257e-05,1.4360513e-05,0.00011579724,14427.633,0.13136625,209.96844,,,,
541,2020-01-02 00:00:00+02:00,-0.25637734,0.03835232,811.07153,1.0,95940.13,446.64636,100963.04,32.913246,2.4389236,,,,,,,,,,4.42725e-05,,1.4556987e-05,0.00011753566,13055.873,0.121998064,211.93756,,,,
542,2020-01-03 00:00:00+02:00,-0.49358055,0.032857206,529.2527,,,,,,,,,,,,,,,,6.291624e-05,,1.6261085e-05,0.0001632341,14422.527,0.1326462,214.31638,,,,
543,2020-01-04 00:00:00+02:00,-0.8181734,,,,,,,,,,,,,,,,,,7.87688e-06,-1.7422632e-05,2.6280864e-05,0.00014867484,23740.254,0.1557631,217.85863,,,,
544,2020-01-05 00:00:00+02:00,-1.6337938,0.036924437,274.1003,0.6055416,55338.46,4823.466,63617.16,3823.465,7.735291,0.00014610351,1.0464281,0.00014389974,0.40086558,,,,,,3.06491e-05,8.37146e-06,1.8143759e-05,0.00012168585,16711.861,0.13149358,216.35805,,,,
545,2020-01-06 00:00:00+02:00,-0.9526475,0.038006563,793.93616,0.72785854,83536.01,1588.8754,94735.52,596.6898,8.715152,0.00017200668,1.3039128,0.0002159961,0.5180796,,,,,,6.311941e-05,,1.6429414e-05,0.00014871715,16709.49,0.13168833,216.91248,,,,
546,2020-01-07 00:00:00+02:00,-0.76514435,0.033067945,1201.6483,0.9847363,78791.46,2060.334,89312.0,1060.9697,12.539917,,,,,,,,,,,,,,,0.14701462,218.37769,,,,
547,2020-01-08 00:00:00+02:00,-0.7223923,,,0.99955726,36226.117,7875.341,41814.777,6875.3403,46.15015,,,,,,,,,,,,,,,0.13130376,215.81952,,,,
548,2020-01-09 00:00:00+02:00,-0.9962422,0.034087256,394.18335,0.54089963,78445.14,2372.6304,82497.836,1872.6304,2.157102,1.893832e-06,0.9134389,-1.04899245e-05,0.48775482,,,,,,4.231011e-05,2.5535424e-05,1.5095428e-05,0.0001252858,22158.824,0.14854139,215.43689,,,,
549,2020-01-10 00:00:00+02:00,-0.30417895,,,0.8495017,38668.16,7638.767,44600.56,6638.7676,61.40159,-9.253044e-05,1.1731514,-0.000117257456,0.530793,,,,,,,,,,,0.15444158,215.1321,,,,
550,2020-01-11 00:00:00+02:00,-0.630337,,,0.48430356,49323.9,5900.201,56604.85,4900.201,11.209222,6.0172137e-05,0.98149896,5.1636453e-05,0.32846677,,,,,,5.7947687e-05,4.261263e-05,1.4476629e-05,0.00012823439,19290.795,0.15463072,215.3357,,,,
551,2020-01-12 00:00:00+02:00,-1.2114987,,,0.99433905,36789.668,7726.392,42480.1,6726.3926,88.06252,,,,,,,,,,,,,,,0.12737668,214.46838,,,,
552,2020-01-13 00:00:00+02:00,-0.66686356,0.03514842,480.36993,0.519594,89869.25,1006.0413,95545.85,482.69626,3.2657933,0.00016012699,1.0584594,0.00014746857,0.32881755,,,,,,3.7067854e-05,1.9424788e-05,1.7623326e-05,0.00013635954,22151.074,0.15625349,218.59653,,,,
553,2020-01-14 00:00:00+02:00,-0.6177102,,,0.8933158,36839.348,7551.0146,42718.906,6551.0146,22.819494,,,,,,,,,,,,,,,0.17030372,218.53603,,,,
554,2020-01-15 00:00:00+02:00,-1.1198479,,,0.94780195,33266.555,8530.719,38534.637,7530.7188,54.38692,,,,,,,,,,,,,,,0.14374262,220.60956,,,,
555,2020-01-16 00:00:00+02:00,-1.1058068,0.03381107,546.432,0.0,,,,,,-5.8287544e-05,1.1225033,-6.9053e-05,0.0107024545,,,,,,4.6695975e-05,2.4589084e-05,2.2106888e-05,0.00015622763,17544.521,0.16039705,223.31708,,,,
556,2020-01-17 00:00:00+02:00,-0.8640112,,,0.30458966,22952.066,11231.9375,26824.074,10231.9375,7.4243345,2.4119347e-06,1.0050908,-8.94102e-06,0.3035545,,,,,,7.024019e-05,4.8173235e-05,2.0184569e-05,0.00016909928,16717.559,0.16692176,223.06213,,,,
557,2020-01-18 00:00:00+02:00,-0.5486714,0.036832593,869.83276,0.9575944,69872.52,3049.4526,79357.78,2051.2954,32.73186,,,,,,,,,,0.00012776752,,1.6023612e-05,0.00017659755,16706.021,0.16703591,223.92519,,,,
558,2020-01-19 00:00:00+02:00,-0.635458,0.036229577,844.9675,0.89423764,80169.6,1943.0103,90918.95,949.8545,8.983563,,,,,,,,,,3.512627e-05,,2.6884692e-05,0.00017134991,19294.871,0.17225741,223.60341,,,,
559,2020-01-20 00:00:00+02:00,-0.97330546,,,0.28026596,45248.953,7519.3535,49144.645,6722.8457,3.2749429,0.000100630255,0.87606466,6.777284e-05,0.2596149,,,,,,3.69239e-05,1.4256723e-05,2.3067842e-05,0.00014942078,14435.96,0.1642505,220.70352,,,,
560,2020-01-21 00:00:00+02:00,-0.09631702,0.03539081,1225.5758,0.96411574,63938.586,4507.418,72213.71,3536.3613,36.76316,,,,,,,,,,6.417129e-05,,2.0919622e-05,0.00016881386,14426.551,0.15672979,218.66006,,,,
561,2020-01-22 00:00:00+02:00,-1.0806603,0.03363996,378.91498,0.65942913,56404.227,4595.2456,64707.516,3595.2456,12.580579,8.50846e-05,0.868331,5.4613298e-05,0.31681496,,,,,,4.0498777e-05,1.6560743e-05,1.9155492e-05,0.00014716471,23732.186,0.16653693,215.57114,,,,
562,2020-01-23 00:00:00+02:00,-0.8786847,0.03863418,775.242,0.2527754,50677.492,5561.7695,58141.69,4561.7695,2.8484292,3.910544e-05,0.99663854,3.0968633e-05,0.26415664,,,,,,5.7654703e-05,4.1392428e-05,1.4340525e-05,0.00012563262,14429.637,0.14191887,211.92235,,,,
563,2020-01-24 00:00:00+02:00,-0.8777513,0.03836667,1188.0405,0.89388883,60386.715,4077.3472,68806.0,3077.3472,27.623896,,,,,,,,,,,,,,,0.13120626,209.34506,,,,
564,2020-01-25 00:00:00+02:00,-0.7258114,,,0.28925234,29862.156,9140.961,34780.066,8140.96,2.341822,0.0002011577,0.64034367,9.6473945e-05,0.27564365,,,,,,2.633363e-05,1.6474292e-05,9.859338e-06,6.867284e-05,14423.021,0.11813438,205.36925,,,,
565,2020-01-26 00:00:00+02:00,-0.54007053,,,0.9722786,34885.04,8463.8955,40150.258,7480.1143,30.24513,,,,,,,,,,,,,,,0.09928168,203.9852,,,,
566,2020-01-27 00:00:00+02:00,-0.7856556,,,0.84138733,29213.285,9129.718,34124.86,8129.718,46.731358,,,,,,,,,,5.1976924e-05,,1.163644e-05,8.076992e-05,14423.728,0.115706846,205.06659,,,,
567,2020-01-28 00:00:00+02:00,-0.38925678,0.040861346,407.0852,0.88957345,53557.65,4863.1294,61420.168,3863.1296,52.59589,,,,,,,,,,6.914657e-05,,1.3576959e-05,0.000101592566,19245.37,0.13039294,207.02081,,,,
568,2020-01-29 00:00:00+02:00,-0.8932396,,,0.90275407,34951.715,7843.1094,40643.5,6843.1094,25.372837,,,,,,,,,,,,,,,0.13506722,210.70715,,,,
569,2020-01-30 00:00:00+02:00,-0.61260015,0.038645077,700.85205,0.6122311,70324.13,2788.4766,80143.06,1788.4766,4.0346336,0.0001237767,1.0165439,0.00010932599,0.30517313,,,,,,6.559887e-05,4.8382393e-05,1.7632048e-05,0.0001466595,17963.703,0.14420706,210.3732,,,,
570,2020-01-31 00:00:00+02:00,-0.5031757,0.037111588,720.2876,0.8660665,46659.773,6230.8574,53173.145,5267.818,14.331194,5.9735075e-06,0.6970024,4.195439e-06,0.52504927,,,,,,6.7115056e-05,,1.576741e-05,0.000121695004,18625.195,0.13997826,208.92407,,,,
571,2020-02-01 00:00:00+02:00,-1.4605131,,,0.9535041,13412.568,14202.05,15753.351,13202.05,118.68995,,,,,,,,,,,,,,,0.12568115,211.47777,,,,
572,2020-02-02 00:00:00+02:00,-0.73256767,0.034581453,800.98944,0.7700559,42691.703,6433.335,49283.68,5433.334,38.369995,,,,,,,,,,2.3658635e-07,,2.2624694e-05,9.393436e-05,24121.164,0.1504359,214.46654,,,,
573,2020-02-03 00:00:00+02:00,-0.61497754,0.039229922,358.37683,0.43788618,81061.39,1615.7825,92015.875,625.7439,5.012854,8.8518726e-05,0.96825284,7.139345e-05,0.34549332,,,,,,1.2872592e-06,,2.345572e-05,9.813881e-05,24177.389,0.15064058,217.87431,,,,
574,2020-02-04 00:00:00+02:00,-0.9698454,0.039263003,314.97763,0.058969676,59066.08,4134.2383,67723.086,3134.2383,2.979503,,,,,,,,,,4.8851496e-05,2.4653014e-05,2.4198482e-05,0.00014222138,24207.95,0.18148561,220.35347,,,,
575,2020-02-05 00:00:00+02:00,-0.6932281,0.036928087,281.6746,0.29759076,68137.89,3096.0498,77905.24,2101.3745,2.4833336,,,,,,,,,,2.2515844e-05,1.674114e-05,2.6455673e-05,0.00013246457,24292.414,0.1745725,218.7537,,,,
576,2020-02-06 00:00:00+02:00,-0.5469868,0.036543388,198.32315,0.30749065,56812.316,4739.005,64327.805,3792.2769,2.438469,,,,,,,,,,4.5937326e-05,1.9954794e-05,2.273922e-05,0.00014164858,22155.148,0.17621073,217.18881,,,,
577,2020-02-07 00:00:00+02:00,-0.9708456,0.038427312,354.91003,0.1103449,70050.25,3041.9736,79865.38,2041.9738,2.4084811,0.0001734183,1.0917377,0.00017858505,0.22773227,,,,,,5.4092e-05,2.7252707e-05,2.6839292e-05,0.00016676744,16719.953,0.15297401,214.65329,,,,
578,2020-02-08 00:00:00+02:00,-0.79537356,0.0354672,687.29443,0.834308,93942.18,674.5939,101129.2,33.855137,16.802408,,,,,,,,,,4.4812325e-05,,1.9878747e-05,0.00014597608,14991.994,0.13998899,214.69324,,,,
579,2020-02-09 00:00:00+02:00,-0.3394491,0.037213266,1079.2235,0.22720265,54595.523,5013.1113,62342.734,4015.9468,5.7461233,,,,,,,,,,5.743723e-05,3.964278e-05,1.9584673e-05,0.00012396148,16702.121,0.16562481,211.27881,,,,
580,2020-02-10 00:00:00+02:00,-0.74559027,0.03448095,566.76117,0.9420501,55415.137,4728.5566,63181.633,3728.5566,36.040863,,,,,,,,,,9.068535e-05,,1.5188631e-05,0.0001315427,19187.277,0.14569747,211.7334,,,,
581,2020-02-11 00:00:00+02:00,-0.5056859,0.03742193,422.9976,0.8492675,51875.492,4967.6094,59671.773,3967.6094,23.849447,0.00011588049,0.8104069,7.6268065e-05,0.3749668,,,,,,8.049622e-05,,2.0915013e-05,0.00016178806,24105.79,0.17254892,214.64575,,,,
582,2020-02-12 00:00:00+02:00,-0.8894303,0.036962718,300.93628,0.42448574,44379.516,6207.54,51292.773,5207.54,8.166042,9.780757e-06,1.0889412,-2.8613778e-07,0.29575333,,,,,,2.8261356e-05,,2.3990306e-05,0.00012407797,22067.852,0.18610843,215.51697,,,,
583,2020-02-13 00:00:00+02:00,-1.006208,0.038266905,433.2862,0.12819876,64787.473,3430.6465,74114.17,2430.6465,3.7736316,3.9279526e-05,1.0327122,2.6531936e-05,0.1020776,,,,,,4.17406e-05,6.0012526e-06,3.205294e-05,0.00015455324,22111.152,0.17362964,216.59381,,,,
584,2020-02-14 00:00:00+02:00,-0.6656607,,,0.365735,20716.07,11697.385,24266.676,10697.385,8.50968,0.00010646648,0.5970165,5.7120116e-05,0.29698697,,,,,,0.0001029346,,2.5886326e-05,0.00015453063,19277.053,0.17670079,217.22047,,,,
585,2020-02-15 00:00:00+02:00,-0.64640474,,,0.6783701,28823.535,9583.697,33512.91,8583.697,18.429348,-9.3958544e-05,0.44313413,-4.452384e-05,0.37587565,,,,,,,,,,,0.17137463,217.7278,,,,
586,2020-02-16 00:00:00+02:00,-0.79294175,,,0.87690854,23679.617,10773.154,27692.746,9773.155,47.76479,0.00011376313,0.37660065,4.315649e-05,0.4906327,,,,,,,,,,,0.1609385,217.54376,,,,
587,2020-02-17 00:00:00+02:00,-1.4395816,0.03252013,478.23364,0.00087266206,53133.973,4922.715,60645.246,3922.7148,4.119988,2.9657465e-05,1.2948356,3.7747628e-05,0.0026187575,,,,,,4.1686195e-05,1.5651907e-05,2.5650359e-05,0.00012279942,17500.629,0.17000985,220.60245,,,,
588,2020-02-18 00:00:00+02:00,-1.1253536,0.0373182,358.02133,0.563393,70829.445,2777.4673,80660.14,1777.4673,13.404356,2.9340066e-05,0.78092635,1.9931576e-06,0.3892383,,,,,,4.7144138e-05,,2.6914888e-05,0.00013799327,22771.986,0.1788708,220.22107,,,,
589,2020-02-19 00:00:00+02:00,-0.9747797,0.038018934,525.12866,0.6370802,69638.89,2937.817,79349.92,1942.4885,11.887051,9.097467e-05,0.96310985,6.2279214e-05,0.45612055,,,,,,0.00013599491,,2.5696047e-05,0.00019388372,24229.34,0.20431,221.62355,,,,
590,2020-02-20 00:00:00+02:00,-0.979838,0.036874518,403.06635,0.4770291,84356.79,1509.4625,92619.67,748.6533,4.118857,-6.659043e-06,0.9909302,-1.4016891e-05,0.34244686,,,,,,5.675907e-05,2.3842937e-05,2.4115217e-05,0.0001359721,20718.6,0.15587175,221.2466,,,,
591,2020-02-21 00:00:00+02:00,-0.6669847,0.034777008,558.7335,0.93463016,57318.703,4474.309,65525.68,3474.309,27.35609,,,,,,,,,,0.00010591459,,2.9823228e-05,0.00015244451,20905.871,0.1771049,223.40399,,,,
592,2020-02-22 00:00:00+02:00,-0.48150307,,,0.9900321,35460.555,8448.576,40888.586,7448.576,62.65823,,,,,,,,,,,,,,,0.16874176,225.043,,,,
593,2020-02-23 00:00:00+02:00,-1.1869477,0.034776945,667.28064,0.5508645,64903.742,3386.6,74177.09,2386.6,10.693378,3.8930462e-05,0.97439384,7.033066e-06,0.3611408,,,,,,5.0705035e-05,-9.896104e-08,3.6018544e-05,0.00016739982,27577.344,0.191427,223.79651,,,,
594,2020-02-24 00:00:00+02:00,-1.2085134,0.03742823,357.53967,0.055365667,71155.08,2682.426,81118.61,1688.4938,3.4294357,1.6145912e-05,0.9536365,3.963224e-06,0.06340998,,,,,,4.4669072e-05,1.5939695e-05,2.9591403e-05,0.00013869692,24213.285,0.1859931,221.36652,,,,
595,2020-02-25 00:00:00+02:00,-0.9397561,0.033491027,477.54016,0.749864,43432.56,6318.2017,50198.14,5318.2017,8.87949,7.7817815e-05,0.73482937,5.609857e-05,0.5343432,,,,,,9.156614e-05,,2.4688488e-05,0.00013935579,22095.508,0.16715166,218.95164,,,,
596,2020-02-26 00:00:00+02:00,-1.2263608,0.03668624,423.4299,0.1958561,45343.414,7023.581,50776.19,6120.1523,4.5539827,9.14902e-05,0.98800683,7.9305406e-05,0.22165501,,,,,,7.590049e-05,5.607513e-05,2.6753669e-05,0.00015212822,24133.889,0.18286696,218.48135,,,,
597,2020-02-27 00:00:00+02:00,-0.5082434,0.036552787,381.17212,0.84445536,67638.33,2996.2559,77255.14,1996.5087,21.987906,0.00021583422,1.1417557,0.00020225423,0.51059276,,,,,,7.388306e-05,,2.4950132e-05,0.00016067289,23295.664,0.18576047,216.03749,,,,
598,2020-02-28 00:00:00+02:00,-1.1433839,0.04045446,407.09033,0.50660694,78847.64,1940.2395,88273.67,1054.873,7.0820417,8.829871e-05,1.3020496,9.175281e-05,0.3984572,,,,,,7.010453e-05,4.2517677e-05,2.6789272e-05,0.0001568688,24207.797,0.16937333,215.66158,,,,
599,2020-02-29 00:00:00+02:00,-1.0237697,0.03815917,311.31122,0.33581996,70904.47,2805.521,80890.27,1805.521,3.5464077,7.790609e-05,0.96295536,6.979076e-05,0.31015155,,,,,,4.076349e-05,9.231746e-06,3.0542433e-05,0.00013192598,19250.531,0.18255162,218.46457,,,,
600,2020-03-01 00:00:00+02:00,-1.2216542,0.036220826,434.60248,0.17749768,76600.44,2088.6362,87006.51,1090.1503,5.4341555,4.852217e-05,1.2371459,5.1587078e-05,0.17865698,,,,,,4.4926754e-05,1.3162815e-05,3.2209107e-05,0.00014567995,19227.828,0.18465927,223.05817,,,,
601,2020-03-02 00:00:00+02:00,-1.0916713,0.036900207,472.75577,0.4273351,82531.31,1552.307,92002.38,681.3773,10.457202,9.292266e-05,1.2808652,0.00010636046,0.25174105,,,,,,6.2982086e-05,4.141974e-05,3.601716e-05,0.00017829899,22105.955,0.1883089,226.62872,,,,
602,2020-03-03 00:00:00+02:00,-0.78187513,0.037660815,566.33044,0.95892125,85900.734,1225.3053,97076.7,245.11148,26.005299,,,,,,,,,,5.0418308e-05,,3.2079824e-05,0.00014046623,22117.322,0.17907447,228.629,,,,
603,2020-03-04 00:00:00+02:00,-1.2670064,,,0.99913496,64198.043,3561.4497,73070.92,2561.4497,113.40278,,,,,,,,,,0.00017615313,,3.2982163e-05,0.0001675435,22118.492,0.18451631,228.9111,,,,
604,2020-03-05 00:00:00+02:00,-1.1479244,0.036097802,554.1815,0.6012376,80993.484,1759.7427,91594.836,791.4377,23.88464,1.6523267e-05,1.6367712,-1.36819035e-05,0.3946576,,,,,,6.051646e-05,2.0954369e-05,3.540597e-05,0.00018792166,22124.166,0.17602292,227.83366,,,,
605,2020-03-06 00:00:00+02:00,-1.4857469,0.03997338,517.13477,0.11097977,76200.91,2226.1038,86437.75,1247.1384,4.722783,7.345165e-05,1.0158608,6.4998545e-05,0.11968331,1833.129,4111.931,0.014655479,1850.6788,4.7655993,7.685629e-05,4.377657e-05,3.460509e-05,0.00019858833,22131.88,0.1733231,226.45837,,,,
606,2020-03-07 00:00:00+02:00,-1.0013453,0.037613273,779.4608,0.68909055,83633.08,1515.9475,93969.93,590.5575,14.4243355,3.235108e-05,1.5039835,3.4997793e-05,0.40322894,,,,,,5.0028946e-05,1.0887984e-05,3.569293e-05,0.00014807885,22137.973,0.17401621,227.23691,,,,
607,2020-03-08 00:00:00+02:00,-1.2256258,0.038315948,539.9775,0.488869,90585.74,925.7967,97963.39,284.37036,9.908985,2.6745645e-05,1.3719652,2.2511394e-05,0.35033083,,,,,,5.134884e-05,1.579289e-05,3.678861e-05,0.00015725833,21133.898,0.20318672,225.67223,,,,
608,2020-03-09 00:00:00+02:00,-1.4816864,0.039948102,557.5035,0.30673575,83387.53,1640.9298,92085.82,830.51245,6.690511,2.386851e-05,0.9523535,1.2653552e-05,0.24700655,,,,,,5.2647163e-05,1.9612718e-05,3.480143e-05,0.0001606587,20782.016,0.19267252,226.2091,,,,
609,2020-03-10 00:00:00+02:00,-0.64145947,0.03238703,571.19556,0.9433001,82316.66,1664.5479,91346.74,822.9313,60.835716,,,,,,,,,,8.346062e-05,,3.4929668e-05,0.00017630085,22651.732,0.19095886,225.68076,,,,
610,2020-03-11 00:00:00+02:00,-0.9285828,0.032643028,843.203,0.79959464,80665.0,1657.7256,91516.375,659.0011,26.814617,-4.005197e-06,1.3878295,-1.9806532e-05,0.48330775,,,,,,5.2781856e-05,,3.8041493e-05,0.0001546791,23387.605,0.16405927,226.7438,,,,
611,2020-03-12 00:00:00+02:00,-1.0164107,0.036742516,538.9438,0.97698843,77636.234,1993.9949,88127.125,999.23224,26.144257,,,,,,,,,,0.00010595606,,3.608736e-05,0.00017296917,22068.898,0.16911194,226.77945,,,,
612,2020-03-13 00:00:00+02:00,-1.226634,0.03497285,642.0453,0.56690794,72751.56,2466.8704,82814.03,1470.9109,9.009199,1.4486951e-05,1.109045,8.038072e-06,0.3994353,,,,,,6.210865e-05,1.7057444e-05,3.767508e-05,0.00015944862,27613.895,0.20216647,228.11517,,,,
613,2020-03-14 00:00:00+02:00,-1.0735672,0.032705262,198.59698,0.75452554,70325.71,2789.0845,80400.53,1790.0029,14.104805,-0.00011853219,1.0545595,-0.00012590403,0.3275443,,,,,,5.296534e-05,1.0721348e-05,3.9865787e-05,0.00016287673,27741.879,0.22104597,228.81845,0.0006624747,0.4578134,0.0002827432,1.3406391e-05
614,2020-03-15 00:00:00+02:00,-1.5363483,0.038806044,255.90799,0.14078888,83568.055,1689.0208,90161.89,1034.049,3.7071552,1.8267123e-05,0.809995,-3.4407121e-06,0.14769974,,,,,,6.315258e-05,2.27583e-05,4.0394298e-05,0.00017776806,22195.547,0.18905342,227.1323,0.0006398042,0.319209,0.0002042294,8.7592125e-06
615,2020-03-16 00:00:00+02:00,-0.78467965,,,0.92751217,51524.664,5224.2466,59153.19,4224.2466,55.56536,,,,,,,,,,,,,,,0.1909559,227.73709,,,,
616,2020-03-17 00:00:00+02:00,-1.6497359,0.039574556,532.97266,0.1253111,64910.93,3716.167,73780.19,2724.168,3.8145938,2.346875e-05,1.039972,9.755353e-06,0.13363765,,,,,,6.293597e-05,2.2640867e-05,3.992208e-05,0.0001589068,19291.918,0.16203475,228.43057,0.0008886935,0.20107388,0.00017480258,3.7702375e-07
617,2020-03-18 00:00:00+02:00,-0.8160996,0.035911843,982.8285,0.99967325,68198.984,3223.983,77498.16,2223.983,32.758232,,,,,,,,,,9.510406e-05,,3.381921e-05,0.00013308006,16705.168,0.15416488,228.59555,,,,
618,2020-03-19 00:00:00+02:00,-1.5592918,0.03956016,415.09894,0.32366532,80047.89,1977.5449,89052.88,1117.4662,3.5247817,8.660079e-06,1.1502773,-1.1862551e-05,0.284847,,,,,,5.447093e-05,1.3496441e-05,4.1870084e-05,0.00016544471,19276.777,0.18053316,228.13354,0.0012567494,0.30109212,0.00029553706,5.3968495e-05
619,2020-03-20 00:00:00+02:00,-1.9474086,0.0347299,454.48495,0.6099073,70466.84,2926.4377,80367.31,1926.4379,17.333961,1.2215721e-05,1.0194438,-9.231574e-06,0.26382744,,,,,,5.6200028e-05,1.665867e-05,4.2505457e-05,0.00013989463,23016.879,0.18431944,227.95285,0.00031409346,0.46999404,0.00013990655,-5.1223324e-06
620,2020-03-21 00:00:00+02:00,-1.7465894,0.038398754,225.33847,0.13903981,74362.34,2603.7063,83439.484,1690.3821,3.9096498,4.1673993e-05,0.8820189,7.2394323e-06,0.14476077,1840.972,3448.3474,0.02308695,1854.8832,3.9113226,6.27773e-05,1.9061485e-05,4.3234977e-05,0.00016788187,24345.584,0.1879057,227.82494,0.0011655372,0.25429335,0.0002446729,4.622148e-05
621,2020-03-22 00:00:00+02:00,-1.623337,0.04475437,213.66026,0.17966966,78786.16,2146.1187,89418.45,1167.4728,4.1259065,3.1429197e-05,0.92932755,1.1027757e-05,0.18211581,,,,,,5.569555e-05,8.847526e-06,4.720982e-05,0.0001642855,21433.38,0.18100822,229.78548,0.0006836357,0.29297367,0.00018073677,5.656614e-06
622,2020-03-23 00:00:00+02:00,-1.6232653,0.04309839,256.96674,0.07803951,74858.61,2558.9722,85294.12,1564.9861,4.005472,4.3172768e-05,0.91925645,2.134543e-05,0.091400445,1860.9473,3491.2258,0.029580137,1870.0442,3.1471403,9.1213005e-05,4.5263478e-05,4.5949524e-05,0.00019996018,18668.543,0.1955505,230.07672,0.0012814817,0.23331964,0.0002993142,4.6054654e-05
623,2020-03-24 00:00:00+02:00,-1.3664441,0.040531214,346.06067,0.37054163,50236.89,5805.4414,57551.1,4809.094,4.7638083,5.369938e-05,0.8773885,2.9986175e-05,0.23665786,1853.663,3180.701,0.010506864,1866.7816,3.3727715,6.645428e-05,2.2782675e-05,3.924164e-05,0.00015556024,16732.121,0.15920004,228.07968,0.0007454363,0.22456333,0.00015377128,2.1722473e-05
624,2020-03-25 00:00:00+02:00,-1.6508561,0.04132479,321.66113,0.08409082,76537.31,2521.025,85042.34,1620.6272,3.4986343,-3.0473493e-06,1.0563253,-2.4192863e-05,0.09734541,1841.4105,3426.8765,0.060886666,1852.3887,3.5117817,6.5881715e-05,2.6322781e-05,3.955893e-05,0.00017348926,16438.965,0.1568911,226.95172,0.004655836,0.17417362,0.0005124945,8.328756e-05
625,2020-03-26 00:00:00+02:00,-1.6225746,0.039654166,271.32724,0.09466031,93198.67,841.909,99018.85,262.0367,3.5502539,0.000107299355,0.9011179,6.343705e-05,0.098841846,1851.69,3304.9995,0.02474673,1863.4379,3.2456126,6.950757e-05,2.7114853e-05,4.2392723e-05,0.00018051174,16729.219,0.15446013,225.7473,0.0019431146,0.19821614,0.0002489018,-4.2488144e-05
626,2020-03-27 00:00:00+02:00,-1.544736,0.04104944,391.75854,0.077861756,83319.0,1727.5826,93161.78,809.1148,3.579306,9.0188565e-05,0.92315257,6.426742e-05,0.08236968,1849.8871,3855.4187,0.034236174,1862.7365,3.818136,7.500201e-05,3.285726e-05,4.2144748e-05,0.00018238994,18623.305,0.16512871,226.54773,0.001107319,0.19254878,0.00019222285,4.6058543e-05
627,2020-03-28 00:00:00+02:00,-1.4150233,0.04331759,514.1096,0.13049442,77061.445,2308.8335,86866.125,1344.8745,3.6217704,9.775353e-05,0.9112226,6.8787784e-05,0.13994591,1853.4514,3519.4258,0.017487705,1860.7491,2.8019502,7.765019e-05,3.677446e-05,4.0875733e-05,0.00018107583,19283.496,0.16703233,226.92307,0.0010033661,0.20656714,0.00020858491,7.1526883e-06
628,2020-03-29 00:00:00+02:00,-1.1449268,0.039102018,383.03564,0.63471997,51511.805,5197.4443,59173.926,4197.4443,7.5327334,5.5099285e-05,1.0129968,3.805106e-05,0.42486793,,,,,,9.182075e-05,1.7172635e-05,3.9602175e-05,0.0001516075,22182.676,0.17917603,226.7765,,,,
629,2020-03-30 00:00:00+03:00,-1.5749843,0.03884749,325.78412,0.14578332,71409.84,2822.941,81276.086,1846.116,3.7909658,9.494263e-05,0.91296303,6.286277e-05,0.1547046,,,,,,6.864112e-05,2.3180603e-05,4.586129e-05,0.00018002254,27798.557,0.17577496,225.88202,0.0014820009,0.2840857,0.00029867032,3.8225608e-05
630,2020-03-31 00:00:00+03:00,-1.6112224,0.04044456,300.58228,0.13837306,75967.39,2426.3345,84112.09,1608.1396,3.8826227,9.2333066e-05,0.90181357,5.3685326e-05,0.143646,,,,,,8.0760874e-05,4.13604e-05,3.946526e-05,0.0001915282,19293.254,0.15402363,223.75421,0.0013082721,0.29862535,0.00026332922,3.302007e-05
631,2020-04-01 00:00:00+03:00,-1.466714,0.03821826,409.5736,0.48245272,72806.695,2630.9062,82883.0,1632.2827,14.776768,5.6546443e-05,0.97139114,3.9037102e-05,0.2075392,,,,,,5.974623e-05,2.3943225e-05,3.6532667e-05,0.000141231,19251.719,0.15262944,223.48294,0.00045385363,0.31812355,0.00013564102,1.8794168e-05
632,2020-04-02 00:00:00+03:00,-1.322197,0.03803257,320.4779,0.6438924,78679.29,1884.6613,89376.82,884.6611,20.030472,2.220101e-05,1.2700446,1.2747191e-05,0.40351552,,,,,,5.3052463e-05,,3.6173464e-05,0.0001350845,20325.844,0.144077,223.92273,0.00095933396,0.35730603,0.0003465507,2.229265e-05
633,2020-04-03 00:00:00+03:00,-2.2427588,0.03482912,286.6218,0.37008357,71321.05,2595.2842,81035.5,1616.1606,9.665322,6.687368e-05,1.041966,4.078838e-05,0.28623074,,,,,,5.5887776e-05,1.5030557e-05,4.8627284e-05,0.00016018777,23725.512,0.16823685,226.06546,0.00013113556,0.47287342,5.421337e-05,-9.178466e-07
634,2020-04-04 00:00:00+03:00,-1.5015123,0.040996194,401.24353,0.41760027,68720.66,3009.6135,78493.37,2015.8853,14.986585,5.2742376e-05,0.9958198,2.6648493e-05,0.18523256,,,,,,6.6153465e-05,1.4424264e-05,4.9841663e-05,0.00017911728,22170.584,0.18473712,225.40665,0.00082142645,0.40805358,0.00030008258,2.3931327e-05
635,2020-04-05 00:00:00+03:00,-1.8446629,0.039423894,448.9607,0.0017246149,97564.65,373.05325,101135.586,23.497934,5.895979,3.6620633e-05,0.8978152,1.538199e-05,0.0018210477,,,,,,7.737813e-05,3.040235e-05,4.6975787e-05,0.00016114653,14435.883,0.16133882,224.81137,0.00037634274,0.4187619,0.00015704779,4.206121e-05
636,2020-04-06 00:00:00+03:00,-1.6778299,0.03877319,593.03235,0.06781912,81951.98,1901.4718,91641.875,975.2179,5.3432407,9.833164e-05,1.0935372,8.462674e-05,0.067957684,,,,,,6.3032014e-05,2.9844541e-05,3.318748e-05,0.00014930138,14435.88,0.12475601,222.14352,0.0001726587,0.3186835,6.063029e-05,1.6186652e-05
637,2020-04-07 00:00:00+03:00,-1.7235163,0.043602906,600.8805,0.0611536,94753.484,640.6535,97574.62,361.68564,4.7476273,0.00019271363,0.9227649,0.00015497327,0.06229393,1839.1519,3375.4124,0.009257111,1846.811,2.5895517,6.9642876e-05,3.4310673e-05,3.5332203e-05,0.00016310281,14430.917,0.14068073,222.35565,0.00038731843,0.33765244,0.0001286116,3.5934456e-05
638,2020-04-08 00:00:00+03:00,-1.6890087,0.04022311,468.31042,0.055558946,66622.36,3736.2031,75352.16,2760.4866,4.890367,0.00010386094,1.0436674,9.148595e-05,0.055701513,,,,,,5.4612876e-05,1.5216159e-05,3.9396717e-05,0.00014306745,16720.64,0.15302315,221.83006,0.0004959105,0.30230427,0.00015386385,3.8632643e-05
639,2020-04-09 00:00:00+03:00,-1.0938758,0.03773322,960.6491,0.9207436,71123.34,2890.1116,80775.42,1890.1167,30.1754,1.7164293e-05,1.3206906,5.5778887e-06,0.3008708,,,,,,5.6076762e-05,1.2907753e-05,3.465484e-05,0.0001259858,16699.762,0.1660732,221.51917,0.00022433209,0.41638544,7.003947e-05,2.4084762e-05
640,2020-04-10 00:00:00+03:00,-1.4454049,0.039809063,461.15628,0.43806386,53828.664,5013.446,61762.97,4013.4456,11.070326,5.5370652e-05,0.8277919,2.8374672e-05,0.3401183,,,,,,4.6772293e-05,1.2844295e-05,4.1707317e-05,0.00014497581,19287.395,0.15542956,223.0824,0.0011710528,0.35454804,0.0002737645,1.6102864e-05
641,2020-04-11 00:00:00+03:00,-1.930412,0.041424826,414.1474,0.16691451,72168.12,2819.4204,81705.125,1852.4528,6.3291197,5.260842e-05,1.0061111,3.3359982e-05,0.1647421,,,,,,5.9534214e-05,1.3478988e-05,4.620013e-05,0.00016825713,16718.225,0.14010465,222.2684,0.00049406104,0.37246546,0.00015636788,2.9338855e-05
642,2020-04-12 00:00:00+03:00,-0.8332655,0.04239792,1202.1576,0.997534,70041.81,2963.4663,79675.625,1963.4664,54.780884,,,,,,,,,,8.249658e-05,,4.0911684e-05,0.00013965614,14425.361,0.12804478,224.75764,,,,
643,2020-04-13 00:00:00+03:00,-1.3727641,0.040444694,622.7491,0.7326499,70877.76,2813.101,80486.805,1814.8463,24.093742,5.5834913e-05,1.1756122,2.4024186e-05,0.20228681,,,,,,6.677296e-05,9.876746e-06,4.7923113e-05,0.00016461991,16684.031,0.13171859,228.91095,-0.00018292324,0.513349,-0.0001131879,-3.9281636e-05
644,2020-04-14 00:00:00+03:00,-0.8190552,0.036251556,289.0788,0.95132154,65644.44,3248.0103,75173.41,2248.0103,28.737036,,,,,,,,,,7.1479764e-05,,4.3936383e-05,0.00015924074,18226.518,0.13660729,227.30276,,,,
645,2020-04-15 00:00:00+03:00,-0.97353446,0.039010033,750.8275,0.9369109,73342.94,2523.6982,83415.84,1529.3191,30.87546,5.1197654e-05,1.3354542,5.1371106e-05,0.3517876,,,,,,6.418926e-05,,3.2741762e-05,0.000129418,16690.197,0.15241477,225.1432,6.108908e-05,0.99426794,6.0738916e-05,-1.9181076e-05
646,2020-04-16 00:00:00+03:00,-1.3999296,0.03684996,485.5788,0.21437728,76094.34,2182.203,86323.9,1194.4094,14.718188,4.2812077e-05,1.2333772,2.0035977e-05,0.1927093,,,,,,6.097179e-05,2.038143e-05,4.113668e-05,0.00016317499,17716.805,0.15757403,226.29735,0.00040899037,0.4680879,0.00014693229,2.0467052e-05
647,2020-04-17 00:00:00+03:00,-1.9669545,0.03463736,451.19696,0.18599646,83899.06,1491.9695,93599.8,621.1233,8.747185,4.1729058e-05,1.2995193,9.597118e-06,0.17316765,,,,,,5.5292927e-05,1.0378048e-05,4.5454246e-05,0.00015240572,24248.703,0.15353143,226.6626,7.543968e-05,0.69607186,4.1462015e-05,1.0042861e-05
648,2020-04-18 00:00:00+03:00,-1.6440067,0.035649132,554.0078,0.23350142,77631.375,2174.699,86614.51,1303.3923,9.747537,5.45883e-05,1.1206431,1.9968727e-05,0.17736894,,,,,,5.089043e-05,7.676447e-06,4.275136e-05,0.00013930071,22165.244,0.16137543,226.99557,0.000114380804,0.4975057,4.8570844e-05,1.4028191e-06
649,2020-04-19 00:00:00+03:00,-1.9754791,0.03814215,449.9851,0.195479,83968.48,1571.4099,91661.484,850.74634,10.191078,8.180744e-05,1.1558249,5.545927e-05,0.13087605,,,,,,6.4597305e-05,2.106876e-05,3.971773e-05,0.00014490563,20483.344,0.16279548,226.94058,0.00014522084,0.45306,6.703112e-05,1.9228937e-05
650,2020-04-20 00:00:00+03:00,-1.1124642,0.038689017,568.7529,0.35783952,73030.234,2686.5708,83149.48,1686.5709,14.212915,5.6834644e-05,1.2795134,3.6013473e-05,0.32135367,,,,,,8.145901e-05,3.598842e-05,3.521928e-05,0.00014331273,16717.352,0.15512961,226.54744,3.8814407e-05,0.4778208,1.0328957e-05,-2.4381716e-05
651,2020-04-21 00:00:00+03:00,-1.9556254,0.038456123,691.09064,0.009195474,82761.14,1764.5719,93542.67,766.5914,6.1888657,7.797311e-05,0.9483467,4.53406e-05,0.009074661,1828.6516,3303.4968,0.022392403,1835.7457,2.3746672,7.47727e-05,3.878841e-05,3.5984296e-05,0.00012815476,16721.135,0.14887698,226.27577,0.00044260593,0.34275064,0.00014975759,6.139872e-05
652,2020-04-22 00:00:00+03:00,-1.613786,0.037718605,716.5072,0.033975206,93325.18,808.631,96416.164,487.0266,5.1152606,9.2690854e-05,0.91638505,5.8991223e-05,0.03455027,1841.8391,3070.5325,0.0076051354,1849.9742,2.4027717,7.784608e-05,3.386897e-05,4.397711e-05,0.00016941034,19302.266,0.15982603,226.37021,0.00034311868,0.33975673,0.000112349546,1.4457715e-05
653,2020-04-23 00:00:00+03:00,-1.7066839,0.03928553,865.405,0.08968794,58353.996,5288.9043,64003.297,4478.7373,6.9498057,7.22113e-05,0.9536865,3.2704684e-05,0.08325969,,,,,,6.834728e-05,2.368804e-05,4.60808e-05,0.0001574711,19279.459,0.16664034,227.23074,0.00023636494,0.34120405,7.311012e-05,1.3326025e-05
654,2020-04-24 00:00:00+03:00,-1.5630856,0.03473055,685.46844,0.39507562,52683.61,5275.5293,60292.5,4275.5293,12.598592,8.488562e-05,0.88399786,4.781886e-05,0.24097714,,,,,,6.6972e-05,2.0899595e-05,4.880626e-05,0.00015101317,22123.902,0.16674832,229.38406,0.0003727121,0.33849025,0.000120931545,2.708725e-05
655,2020-04-25 00:00:00+03:00,-1.5381556,0.035634723,345.36307,0.0075315763,89337.555,988.9294,94942.99,472.76135,5.196655,8.162005e-05,0.8678204,4.5158966e-05,0.0074509657,1823.3115,3199.6072,0.02497721,1828.7964,2.2763426,6.999125e-05,1.7374567e-05,5.2616684e-05,0.00017055607,24219.238,0.16845632,229.92468,0.00046409707,0.329095,0.00014567551,1.9855579e-05
656,2020-04-26 00:00:00+03:00,-1.3462086,0.034600336,207.45679,0.62165594,73113.83,2612.683,83253.61,1612.6833,17.460953,6.446933e-06,1.131875,-3.3495526e-05,0.31690523,,,,,,6.5019194e-05,1.7377308e-05,4.8428632e-05,0.00017219773,22125.098,0.16861229,231.11371,0.000352811,0.42170393,0.00013574166,3.4699075e-05
657,2020-04-27 00:00:00+03:00,-1.5540745,0.036039278,521.4802,0.076685384,65953.38,3598.5996,74990.38,2612.5632,5.923934,6.323219e-05,0.9838611,4.1550305e-05,0.07525997,,,,,,7.895408e-05,2.9002771e-05,4.9990493e-05,0.00018287293,19265.977,0.16304584,229.23956,0.0007425802,0.37681526,0.00023971083,5.4764732e-05
658,2020-04-28 00:00:00+03:00,-1.4329774,0.037565242,1138.3782,0.51183283,59347.55,4258.0903,67542.26,3272.62,30.069603,2.799724e-05,0.9027163,-2.9371222e-08,0.29828253,,,,,,8.06628e-05,2.5039642e-05,5.0989092e-05,0.00016762828,22109.727,0.15852332,230.14905,-6.038719e-05,0.2580459,-1.4466522e-05,-3.5538333e-06
659,2020-04-29 00:00:00+03:00,-2.0691023,0.036458515,496.24677,0.16790862,88478.31,1063.4553,95891.61,401.48065,7.393475,2.8611194e-05,1.4229507,2.1797636e-05,0.15737255,,,,,,7.4685755e-05,2.4797593e-05,4.9923096e-05,0.00017746809,22133.95,0.164632,230.41171,0.00018663626,0.5435739,6.8733425e-05,1.3569788e-05
660,2020-04-30 00:00:00+03:00,-1.5155375,0.037370354,564.2861,0.2528758,73112.64,2592.5298,83177.05,1596.6454,8.955977,6.0138853e-05,1.2746229,4.9535523e-05,0.2051679,,,,,,7.570036e-05,3.664691e-05,5.0833612e-05,0.00017495305,22156.357,0.15928674,230.94675,0.00010914625,0.41818547,4.2743355e-05,7.2979465e-06
661,2020-05-01 00:00:00+03:00,-1.7004995,0.036866456,903.48785,0.039894458,42537.543,6934.167,48928.203,5934.1675,7.200571,8.587174e-05,0.96630895,6.175508e-05,0.039079633,,,,,,7.505307e-05,2.2399532e-05,5.2677486e-05,0.0001827447,19262.951,0.16115123,230.14359,0.0007528317,0.27437383,0.00017615978,-2.1916636e-05
662,2020-05-02 00:00:00+03:00,-0.6771013,0.034210965,1716.5447,0.8999572,58991.59,4705.895,67197.61,3705.8955,62.807243,,,,,,,,,,9.09325e-05,,4.9712668e-05,0.00017904633,21114.918,0.16819742,230.31433,,,,
663,2020-05-03 00:00:00+03:00,-1.6185392,0.03445279,836.88367,0.42743814,89236.45,1032.939,97513.05,296.6967,13.895384,5.1296654e-05,1.754183,5.874191e-05,0.22891968,,,,,,6.772937e-05,2.0298856e-05,5.2147978e-05,0.00018176092,22141.363,0.1662398,230.3049,4.254967e-05,0.89701027,4.3462856e-05,-1.7376617e-05
664,2020-05-04 00:00:00+03:00,-1.7212017,0.03592284,744.4851,0.09315654,89724.69,1053.2269,96182.414,463.8467,6.437674,7.525159e-05,1.0751052,4.9844304e-05,0.09151087,,,,,,7.7421995e-05,2.31921e-05,5.446782e-05,0.00018775102,22160.3,0.17400874,230.57062,0.00013516555,0.47802287,5.2961143e-05,-1.2285682e-06
665,2020-05-05 00:00:00+03:00,-1.8047798,0.03526926,768.3115,0.31795636,60143.156,4546.3,68578.96,3546.3,12.980925,0.00013576308,0.90736187,9.5154e-05,0.107892066,,,,,,7.4734526e-05,1.8448485e-05,5.8217458e-05,0.0001813487,22153.828,0.17699775,231.69678,1.2417043e-05,0.46978647,7.818483e-06,-1.7517266e-05
666,2020-05-06 00:00:00+03:00,-1.5926516,0.036906004,614.11816,0.0,,,,,,0.00011304255,0.894656,7.4309646e-05,0.0,1846.9158,3120.3828,0.007700149,1855.064,2.437671,8.059408e-05,2.2598833e-05,5.7995236e-05,0.00019215478,19264.074,0.17776166,231.21288,0.00045610266,0.36766583,0.00015493264,2.4650471e-05
667,2020-05-07 00:00:00+03:00,-1.7919426,0.03359467,567.71814,0.00527447,78150.44,2098.303,87220.164,1217.5284,4.9421887,6.30093e-05,0.9071716,3.1962696e-05,0.005230909,1806.1433,3416.3938,0.038443103,1815.3988,2.46232,7.295056e-05,1.9119447e-05,5.384661e-05,0.00015231119,19269.074,0.17519867,231.79608,0.00026650517,0.46074826,0.00012333739,6.581328e-05
668,2020-05-08 00:00:00+03:00,-1.8241783,0.035315216,853.89014,0.22893743,67024.82,3498.7427,75422.56,2563.0447,8.519502,5.9843784e-05,1.0967498,3.0112009e-05,0.18479109,,,,,,8.170889e-05,2.9200251e-05,5.1626048e-05,0.00018411421,19273.117,0.15961492,231.25548,0.00022126471,0.3619946,3.7388316e-05,-1.0096711e-05
669,2020-05-09 00:00:00+03:00,-2.020845,0.039699763,823.25635,0.0626969,83423.74,1624.3057,92347.64,784.8037,8.619123,5.8000765e-05,0.9545928,2.5604908e-05,0.042607255,,,,,,7.695367e-05,1.873105e-05,5.763048e-05,0.00018759658,19269.557,0.16536734,232.53636,0.00023825842,0.3406347,8.417753e-05,1.7340686e-05
670,2020-05-10 00:00:00+03:00,-1.655658,0.036632717,810.6913,0.024086371,93946.62,648.7976,98825.914,213.08977,5.4357667,0.00011117941,0.8808992,6.459549e-05,0.02367086,,,,,,7.5516116e-05,1.3514482e-05,6.2001636e-05,0.00018603592,19266.521,0.17271101,231.74887,0.00035893175,0.3200546,0.000109439236,1.5287113e-05
671,2020-05-11 00:00:00+03:00,-0.7584127,,,0.9757683,73551.24,2535.0347,83327.43,1535.0344,75.58493,,,,,,,,,,0.00010746656,,4.6876874e-05,0.00017312806,19235.754,0.16511554,231.87135,,,,
672,2020-05-12 00:00:00+03:00,-1.6321304,0.033833742,442.12637,0.15742718,62077.07,4500.101,68152.89,3700.5735,12.023225,-6.3503976e-06,0.9100348,-3.853695e-05,0.13898616,,,,,,7.0212576e-05,1.1807034e-05,6.0442173e-05,0.0001961904,22128.148,0.17384592,233.55896,0.0006272993,0.44331574,0.00019703456,1.7231967e-05
673,2020-05-13 00:00:00+03:00,-1.2931638,0.029964007,439.89825,0.5634414,55034.836,4728.504,63178.742,3728.5037,33.205444,2.1469794e-05,0.83953476,-1.6312208e-05,0.33027196,,,,,,8.8322195e-05,8.362295e-06,5.9840168e-05,0.00019907518,27696.86,0.16905816,231.99516,0.0003347629,0.5585563,0.00014077305,-3.4166576e-05
674,2020-05-14 00:00:00+03:00,-1.7614055,0.03542593,727.1184,0.24287981,53423.6,5311.203,60285.89,4383.151,10.945766,5.092008e-05,0.94914925,1.0982145e-05,0.21389833,,,,,,8.218328e-05,2.4257131e-05,6.329741e-05,0.00019677945,22990.615,0.17404684,233.35187,3.4400742e-05,0.5331502,6.972284e-06,1.0456115e-05
675,2020-05-15 00:00:00+03:00,-1.85148,0.035176463,810.19226,0.31463262,80932.625,1805.1007,90465.484,915.8898,16.873726,7.0111666e-05,1.3860834,5.4201657e-05,0.18383628,,,,,,7.701588e-05,1.8482657e-05,5.8210146e-05,0.000185012,21893.61,0.16353577,233.59839,-4.9236885e-05,0.5962274,-3.577401e-05,-3.82765e-05
676,2020-05-16 00:00:00+03:00,-1.6083839,0.033326708,897.0418,0.6685978,76741.06,2217.4922,86254.73,1289.4253,39.13451,4.0277446e-05,1.348284,2.7686438e-06,0.22463195,,,,,,6.964039e-05,1.3492838e-05,6.0811908e-05,0.00017678174,22130.498,0.16182868,234.18962,2.4301844e-05,0.6968967,-2.8078292e-05,-2.2188298e-05
677,2020-05-17 00:00:00+03:00,-1.3295293,0.03446074,859.6129,0.71863437,60926.26,3984.9067,69591.95,2984.9067,43.790005,7.419122e-05,0.9607806,4.5292913e-05,0.3794729,,,,,,6.621287e-05,,6.5149914e-05,0.00018913564,22135.535,0.16033459,234.36945,-8.392118e-05,0.5719202,1.0743827e-05,-2.3883045e-05
678,2020-05-18 00:00:00+03:00,-1.8007971,0.03330957,753.7753,0.030638553,90357.15,963.9684,95952.0,450.0255,5.8183904,2.155937e-05,0.92003345,-8.057971e-06,0.030333161,,,,,,8.1294565e-05,2.0137024e-05,6.1010775e-05,0.00020874472,22573.457,0.172889,234.11725,0.00055127963,0.5352474,0.00022889716,6.578923e-05
679,2020-05-19 00:00:00+03:00,-1.2585429,0.031752747,803.0437,0.6896452,66275.64,3351.8447,75582.86,2351.8447,53.499535,-2.600687e-05,1.0293711,-5.2469095e-05,0.28732413,,,,,,7.955506e-05,,5.8528996e-05,0.00018232773,22148.414,0.16888458,233.37112,0.00021883128,0.4575001,4.0190374e-05,3.3061854e-06
680,2020-05-20 00:00:00+03:00,-1.7105079,0.034420192,727.5568,0.3034601,86026.08,1365.1903,95524.164,514.5444,20.61301,1.7823535e-05,1.4758158,-5.6666863e-07,0.16909835,,,,,,7.632474e-05,1.3539923e-05,6.443268e-05,0.00019334786,24290.12,0.1716829,234.11038,0.00015767696,0.6371702,8.509966e-05,2.5804624e-05
681,2020-05-21 00:00:00+03:00,-1.4788194,0.03402746,858.973,0.66507065,72064.06,2747.1035,82089.33,1747.1036,21.677958,0.00012638788,1.0318769,8.9792804e-05,0.3324799,,,,,,8.9393376e-05,5.2074174e-05,5.9781785e-05,0.00017478765,24156.434,0.17157145,233.4666,-0.00034463615,0.38906124,-0.0001240298,-5.1918014e-06
682,2020-05-22 00:00:00+03:00,-1.8836513,0.03456655,849.9973,0.006156793,82273.17,2371.0269,85546.44,1937.3871,5.906372,4.7296904e-05,0.802524,1.0583185e-05,0.0060622795,1837.6239,3299.6655,0.01416599,1848.5612,2.736253,8.1095415e-05,2.109649e-05,5.9861843e-05,0.00019095413,22193.754,0.17235208,233.51816,0.0009716339,0.2947083,0.00024822232,3.235766e-05
683,2020-05-23 00:00:00+03:00,-1.8091074,0.034679532,497.6181,0.0,,,,,,8.093306e-05,0.81603485,3.9220748e-05,0.0,1836.259,3459.118,0.038444784,1849.2849,2.9140728,8.454133e-05,2.5652462e-05,5.8888876e-05,0.00016183841,16714.195,0.15699936,233.0009,0.00016295038,0.33457196,5.4161155e-05,3.941189e-06
684,2020-05-24 00:00:00+03:00,-1.0484604,0.031247955,1335.7584,0.88437057,65382.75,3560.0771,74444.305,2560.0771,70.671036,,,,,,,,,,7.6361175e-05,,6.0034174e-05,0.00018347587,22168.852,0.1647525,232.05235,,,,
685,2020-05-25 00:00:00+03:00,-0.8275989,0.032811396,753.43097,0.662639,96153.875,523.0934,99388.26,196.5131,30.10198,-4.3127988e-05,1.5736195,-8.642764e-05,0.25175077,,,,,,7.141674e-05,1.1714662e-05,6.7603e-05,0.00019314891,24033.727,0.16912127,232.08604,0.00011932704,0.6414148,9.4753545e-05,-4.0416016e-06
686,2020-05-26 00:00:00+03:00,-2.1508703,0.034005284,950.178,0.0058193267,78915.78,2349.0024,83361.55,1810.0507,5.8188543,9.940982e-05,0.91202325,6.0588667e-05,0.006020821,,,,,,8.4035244e-05,2.4262283e-05,5.9772952e-05,0.00019032364,19311.3,0.16341014,233.38525,4.7557434e-05,0.4476807,2.2072352e-05,-6.478204e-06
687,2020-05-27 00:00:00+03:00,-2.0433621,0.033924367,706.5586,0.014914257,56432.887,7321.4243,58230.387,6749.6353,8.897868,8.8562985e-05,0.9607289,5.8349036e-05,0.013690428,,,,,,8.5313564e-05,2.5185382e-05,6.0212362e-05,0.00019160465,18009.617,0.15066557,234.02228,2.5496396e-05,0.42429703,9.388385e-06,-2.6257438e-05
688,2020-05-28 00:00:00+03:00,-1.8004266,0.032087937,1037.6455,0.028275382,61102.89,5257.567,65009.29,4589.642,7.0214443,3.3224318e-05,0.89971125,1.3833601e-06,0.026958965,,,,,,7.740152e-05,1.7918836e-05,5.986054e-05,0.0001917675,19296.074,0.15130097,234.69568,1.749667e-05,0.39119482,-5.0695235e-06,-4.995753e-05
689,2020-05-29 00:00:00+03:00,-1.2356173,0.03238239,833.0514,0.0,,,,,,4.8810958e-05,0.8639588,1.4342162e-05,0.0,1827.5411,3777.376,0.046473324,1842.923,3.1282268,8.512584e-05,2.4881358e-05,6.0244474e-05,0.00019972591,19294.469,0.15687244,232.02644,0.00047339845,0.39611536,0.00015331859,1.1485569e-05
690,2020-05-30 00:00:00+03:00,-1.3081384,0.035770386,1158.5946,0.04963256,20076.885,12195.641,23395.1,11195.642,9.853182,6.970044e-05,0.87618226,3.3139706e-05,0.044853076,,,,,,8.166439e-05,2.0016303e-05,6.17585e-05,0.00018657155,16710.762,0.14555909,232.65193,-3.1978394e-05,0.43060076,-1.9747818e-05,-2.2036475e-05
691,2020-05-31 00:00:00+03:00,-1.6185942,0.032938354,825.7067,0.0,,,,,,8.57009e-05,0.89068353,4.59532e-05,0.0,1842.513,3388.33,0.012859402,1857.505,3.215656,7.690036e-05,1.3633281e-05,6.326708e-05,0.0001824128,18531.178,0.14596999,234.18362,0.00017069641,0.32047814,5.4910262e-05,-4.717759e-06
692,2020-06-01 00:00:00+03:00,-1.974717,0.031872895,1125.2324,0.06763091,75791.91,2584.46,82414.27,1852.519,8.306705,9.979194e-05,0.84037423,5.557023e-05,0.06685898,,,,,,8.4075014e-05,2.170934e-05,6.2227555e-05,0.00018857914,19290.176,0.15486373,234.64917,2.4591682e-05,0.29412264,8.306739e-06,-2.68574e-05
693,2020-06-02 00:00:00+03:00,-1.7202686,0.030906633,753.2589,0.07609186,68603.375,3314.5059,76873.336,2394.472,6.5480194,1.5790122e-06,0.8674338,-3.144994e-05,0.06397488,,,,,,7.852644e-05,1.05463605e-05,6.819304e-05,0.00020634908,20475.562,0.16221708,234.43484,0.00067936454,0.36375695,0.00016406803,1.8654922e-05
694,2020-06-03 00:00:00+03:00,-0.85376215,,,0.77897,76198.5,2303.08,86364.08,1303.08,58.71663,,,,,,,,,,7.159056e-05,,6.2195904e-05,0.00019409382,22140.977,0.14740084,235.34982,,,,
695,2020-06-04 00:00:00+03:00,-1.3109747,0.030642457,1263.2228,0.24810655,59312.727,4290.4634,67531.24,3295.1428,13.788183,0.000111779926,1.0103765,7.729969e-05,0.19552603,,,,,,8.9509645e-05,2.2363653e-05,6.6433604e-05,0.00020690556,22112.057,0.15850343,233.97847,-1.8869565e-05,0.7008716,-1.904066e-05,-4.046739e-06
696,2020-06-05 00:00:00+03:00,-1.7710242,0.032944124,1000.6925,0.0032924518,56941.81,5023.0454,64610.863,4038.518,5.594512,9.3807466e-05,0.91852665,5.1324987e-05,0.0031876855,,,,,,8.5872096e-05,2.3645467e-05,6.239459e-05,0.00019811379,19240.28,0.15386897,233.70988,-4.069211e-05,0.45698428,-1.900228e-05,-2.9341903e-05
697,2020-06-06 00:00:00+03:00,-2.2391925,0.02909634,1284.0876,0.38637203,71128.31,2804.6836,80356.93,1822.2804,25.524992,5.8206955e-05,1.1002946,2.3282422e-05,0.14222084,,,,,,8.4517655e-05,2.6377913e-05,5.850859e-05,0.00018843397,18115.975,0.1531826,235.72139,-1.5392627e-05,0.45355457,-1.0832682e-05,-1.6526354e-05
698,2020-06-07 00:00:00+03:00,-1.6066272,0.029034596,2230.9954,0.56684136,67676.38,3400.3943,75331.81,2513.8254,72.35044,4.9781484e-05,0.9680901,1.9786168e-05,0.17877553,,,,,,7.669085e-05,2.7007489e-05,5.5064233e-05,0.0001731815,17024.059,0.1448336,234.97449,-3.583094e-05,0.5115486,-1.9815927e-05,-6.3999387e-06
699,2020-06-08 00:00:00+03:00,-1.4411459,0.029484078,2389.5276,0.46406335,85111.4,1461.8312,95089.81,526.6993,9.901923,0.00013337433,1.2265999,0.00010772712,0.21018028,,,,,,7.442812e-05,2.046349e-05,6.0214697e-05,0.00015935856,16696.57,0.14694993,235.599,-7.4214695e-05,0.7203987,-4.1321433e-05,-1.0256447e-05
700,2020-06-09 00:00:00+03:00,-0.5006294,0.02813657,2534.1714,0.8119749,62764.125,4002.5771,71212.97,3002.5813,63.73513,,,,,,,,,,0.000102795435,,5.358667e-05,0.00018144873,16705.02,0.14776541,233.30559,,,,
701,2020-06-10 00:00:00+03:00,-1.0290114,0.031371523,2602.5237,0.78480697,64587.28,3942.6282,71973.8,3040.42,42.928864,8.2048566e-05,2.0195782,0.00012292287,0.3410821,,,,,,7.722362e-05,,5.5768753e-05,0.00017135381,16704.04,0.14690693,234.01671,0.00027808282,1.1908418,0.0003311526,-3.3696335e-05
702,2020-06-11 00:00:00+03:00,-0.7411593,,,0.9745623,42344.18,7010.222,48498.83,6010.2217,63.790573,,,,,,,,,,8.6251006e-05,,5.6104895e-05,0.00017356948,16703.156,0.1404695,235.28284,,,,
703,2020-06-12 00:00:00+03:00,-2.2878551,0.030828971,2844.2935,0.37056887,59840.09,4673.9014,65869.29,3836.3955,25.399857,0.00020307799,1.0302329,0.00014365185,0.22833303,,,,,,8.415234e-05,2.2190425e-05,5.870148e-05,0.00018900487,15353.117,0.13967882,234.45602,-1.2380785e-05,0.9833177,-1.00636535e-05,-5.5397077e-06
704,2020-06-13 00:00:00+03:00,-1.7545831,0.029921882,912.0204,0.0016554233,84298.234,1681.9279,89877.016,1083.0457,4.6250253,5.2086478e-05,0.83411986,1.4932957e-06,0.0017141962,1828.0437,3266.6826,0.009504776,1846.4775,3.7374978,7.916732e-05,1.2664961e-05,6.6502354e-05,0.00021046339,16712.096,0.14206178,235.43619,0.00019250732,0.33332184,4.135217e-05,-4.2148913e-05
705,2020-06-14 00:00:00+03:00,-0.98719543,0.02679668,1639.0093,0.8593555,63319.5,4013.0942,71897.16,3013.0942,54.352795,,,,,,,,,,7.0107504e-05,,6.203588e-05,0.00018710314,17495.43,0.14358592,234.87634,,,,
706,2020-06-15 00:00:00+03:00,-0.7510821,,,0.9819201,90108.67,990.43585,100335.83,89.38919,68.68838,,,,,,,,,,7.3692994e-05,,5.7059966e-05,0.00018404948,16702.354,0.14294316,234.64655,,,,
707,2020-06-16 00:00:00+03:00,-1.601638,0.030507576,1263.2463,0.3894302,77356.164,2308.2715,86318.516,1392.8286,19.971859,7.343992e-05,1.4669662,5.0852068e-05,0.2546619,,,,,,8.509961e-05,1.8527811e-05,5.8360547e-05,0.00019356314,14426.031,0.13699473,234.62817,7.5734584e-05,0.6270082,5.1650593e-05,-1.6543909e-05
708,2020-06-17 00:00:00+03:00,-2.0874996,0.03299634,2062.6206,0.060387813,65497.46,4287.3467,70703.66,3562.5815,7.925127,0.00014580035,1.2488205,0.00012896609,0.04441029,,,,,,9.5556956e-05,3.3872133e-05,6.313686e-05,0.00021841322,14557.821,0.1372441,236.4211,-6.949931e-05,0.91803235,-5.3974847e-05,-2.1113023e-05
709,2020-06-18 00:00:00+03:00,-1.7197925,0.030674605,1924.3507,0.011467161,93963.05,695.1356,96903.555,398.53732,5.0058274,0.0001587581,0.8751036,9.36428e-05,0.011479195,1843.2336,4040.6218,0.040437534,1861.9197,3.4907806,8.86301e-05,2.3684675e-05,6.4945416e-05,0.00021630913,16701.264,0.13888618,236.08127,9.844187e-05,0.49813884,4.277292e-05,-2.8192286e-05
710,2020-06-19 00:00:00+03:00,-1.5756088,0.030699562,2089.8665,0.0,,,,,,0.00013578503,0.99517685,9.094393e-05,0.0,1838.0717,3686.65,0.01996907,1858.2753,3.895188,9.8232966e-05,3.5733974e-05,6.2499e-05,0.00023066901,16701.418,0.14010972,235.62457,0.00018137204,0.5602387,8.760132e-05,1.0312279e-05
711,2020-06-20 00:00:00+03:00,-1.0439588,0.029829182,2890.7412,0.38383806,43398.004,6920.1035,49614.89,5924.209,23.76614,0.00018575878,0.8280785,0.000101394384,0.2503814,,,,,,9.141461e-05,3.2036478e-05,6.424397e-05,0.0001987341,16702.738,0.14037871,234.65031,-2.7143164e-05,0.52434826,-9.340096e-06,-1.5329071e-05
712,2020-06-21 00:00:00+03:00,-1.8021518,0.029251974,1817.375,0.030891098,100445.766,92.83392,100857.59,53.89046,5.9426327,8.676751e-05,1.028714,3.9599683e-05,0.031298622,,,,,,8.377068e-05,2.325645e-05,6.0450773e-05,0.00020125291,16706.264,0.14351194,234.956,-2.9558894e-05,0.78719825,-2.4493174e-05,-1.0541792e-05
713,2020-06-22 00:00:00+03:00,-1.8918736,0.02917825,1246.0873,0.08214111,79629.93,2146.7017,87132.93,1364.6671,7.6804166,0.00012516177,1.0751123,7.284102e-05,0.080961734,,,,,,8.888709e-05,2.5825326e-05,6.37846e-05,0.00018702388,16705.297,0.14552061,236.64525,1.6229707e-05,0.5558172,3.8393982e-06,-5.6049266e-06
714,2020-06-23 00:00:00+03:00,-1.93328,0.029497981,1993.7888,0.20789367,41805.742,8284.377,47348.953,7311.761,13.18061,8.861388e-05,0.81498075,1.9419873e-05,0.17346549,,,,,,8.543162e-05,2.9527175e-05,6.3305386e-05,0.00019763905,16708.844,0.14068551,235.84116,0.00034280444,0.40161383,0.00012226132,2.155044e-05
715,2020-06-24 00:00:00+03:00,-2.057555,0.030427886,1240.3717,0.03501284,90312.65,1093.7971,96059.08,522.2333,5.648979,0.00013383655,0.94332325,8.064643e-05,0.035102904,,,,,,8.417305e-05,2.0128506e-05,6.418277e-05,0.0001672054,16716.611,0.14699416,235.7979,8.401457e-06,0.43976954,-8.040896e-06,-8.760151e-06
716,2020-06-25 00:00:00+03:00,-1.4068203,0.03198807,1352.3688,0.08507781,77092.234,2479.7837,86076.67,1543.2632,8.021723,0.00013115074,1.118407,9.176963e-05,0.074460596,,,,,,8.894628e-05,2.699274e-05,6.386912e-05,0.00021139311,14432.951,0.14054294,234.47539,-5.3643795e-05,0.4558432,-2.1236343e-05,-2.1794556e-05
717,2020-06-26 00:00:00+03:00,-1.5305848,0.032964565,1407.2681,0.07418281,76016.33,2665.2695,83670.94,1824.3042,6.5726776,0.00014272495,1.0885677,0.00010223224,0.07351581,,,,,,8.678164e-05,2.2103919e-05,6.35914e-05,0.00020001487,16714.72,0.13744731,234.95642,-3.9994306e-05,0.47770655,-1.7811582e-05,-1.9920317e-05
718,2020-06-27 00:00:00+03:00,-1.9531192,0.030420013,1399.7806,0.054670185,69307.44,3412.5654,75777.2,2617.9355,6.0633698,0.0001439513,1.047224,0.00010337804,0.05452339,,,,,,8.39555e-05,2.185038e-05,6.175388e-05,0.00019272612,16703.316,0.14083612,236.4595,3.88926e-05,0.62634057,2.8450275e-05,1.3150262e-05
719,2020-06-28 00:00:00+03:00,-1.9173222,0.031320576,2118.4858,0.075402655,77953.69,2314.416,84740.414,1575.6409,6.890361,0.0001931368,1.1449542,0.00015871078,0.071596734,,,,,,8.991151e-05,2.7837506e-05,6.1174025e-05,0.0002128359,16697.725,0.14182875,236.45493,-4.887922e-05,0.7372184,-3.17845e-05,-1.3816412e-05
720,2020-06-29 00:00:00+03:00,-1.8215005,0.029984262,2684.5696,0.4561107,42800.055,7360.296,48542.625,6391.3984,14.749285,0.00010450934,0.94366455,4.4705783e-05,0.27770346,,,,,,8.998829e-05,1.461067e-05,5.9629238e-05,0.00019483763,16697.078,0.13303229,237.37253,0.00022477903,0.45501333,6.0223334e-05,-2.5381109e-05
721,2020-06-30 00:00:00+03:00,-1.5064825,0.025110595,1544.3617,0.60763365,59242.453,4342.366,67174.25,3356.3496,33.369232,3.224318e-05,1.112659,-1.7088947e-05,0.27800196,,,,,,7.412459e-05,9.384289e-06,6.544463e-05,0.00019531495,19242.414,0.14632185,236.25055,0.00010791039,0.57194495,3.6328798e-05,1.4122454e-05
722,2020-07-01 00:00:00+03:00,-1.4294316,0.027531669,1441.0634,0.5654317,71341.5,2803.8977,80755.84,1811.481,27.182901,4.46737e-05,1.3583294,4.495958e-06,0.32972738,,,,,,7.388454e-05,8.807568e-06,6.5661894e-05,0.00018757224,20440.111,0.15324809,237.05112,-0.00024423064,0.8605696,-0.00020638973,-2.1486092e-05
723,2020-07-02 00:00:00+03:00,-1.138644,0.028040517,2301.224,0.73780394,55351.8,4868.4756,63017.457,3868.4756,28.378498,0.00014927813,0.9071919,8.7727334e-05,0.2244482,,,,,,8.1604594e-05,2.8062404e-05,6.0757593e-05,0.00018287165,17787.91,0.15128289,237.07773,0.00023220283,0.40149772,8.560427e-05,-1.2576347e-05
724,2020-07-03 00:00:00+03:00,-1.8964646,0.0265921,2563.6978,0.30598485,38363.598,8350.242,43807.33,7362.086,18.217144,8.276892e-05,0.84078705,3.660926e-06,0.23380989,,,,,,7.678111e-05,2.1336624e-05,6.506566e-05,0.0001845223,19265.52,0.15033108,236.99197,0.000112357084,0.39741436,2.8256034e-05,-8.2806e-06
725,2020-07-04 00:00:00+03:00,-1.3551183,0.02827524,2022.8838,0.71456563,70664.59,2982.8684,79891.66,1996.9294,32.939316,5.9769085e-05,1.4285535,1.9962103e-05,0.26473516,,,,,,7.25056e-05,9.511752e-06,5.676327e-05,0.00017624995,16701.059,0.14363344,235.61432,0.000278583,0.39945033,0.000136115,4.4775665e-05
726,2020-07-05 00:00:00+03:00,-0.945575,0.028099716,2020.2949,0.8163594,78699.93,2055.463,88883.58,1055.4626,51.845806,-3.5474284e-05,1.2136228,-0.00010282132,0.40064523,,,,,,7.330706e-05,,5.875729e-05,0.00019125815,14421.414,0.14055425,236.54144,,,,
727,2020-07-06 00:00:00+03:00,-0.89180857,,,0.60532516,35123.586,8325.19,40363.242,7325.1904,37.346966,7.8216275e-05,0.6194322,-1.9062e-05,0.37198478,,,,,,8.422126e-05,,6.189536e-05,0.00018291768,16216.633,0.14103211,235.46875,0.00017187856,0.22674699,3.857254e-05,-1.200205e-05
728,2020-07-07 00:00:00+03:00,-1.6467929,0.02585399,1252.3994,0.4264692,71298.21,2848.2004,80836.16,1848.7993,19.541103,4.4549088e-05,1.3048189,-1.5216674e-05,0.26944315,,,,,,7.256487e-05,2.4367712e-06,6.817693e-05,0.00018616626,19257.268,0.14880656,236.90305,-5.0687242e-05,0.76352537,-3.5475307e-05,5.9599773e-07
729,2020-07-08 00:00:00+03:00,-1.7732465,0.0231116,1516.5479,0.459422,68119.6,3330.9492,76460.42,2402.3262,20.422071,8.45101e-05,1.6130741,6.770498e-05,0.15700701,,,,,,8.567191e-05,1.532613e-05,7.1675684e-05,0.00020679191,24244.217,0.16077095,238.01862,-2.0172884e-06,0.7889005,-6.1843275e-07,-5.4774055e-06
730,2020-07-09 00:00:00+03:00,-1.8279631,0.025085453,1618.4556,0.44633391,64538.03,3700.8242,73295.21,2712.5686,13.118781,8.450479e-05,0.99693686,9.847305e-06,0.20514144,,,,,,7.775096e-05,6.1612354e-06,6.994311e-05,0.00020328103,23628.91,0.16352919,237.2421,7.64435e-05,0.60000384,4.0780767e-05,2.2453234e-05
731,2020-07-10 00:00:00+03:00,-0.4385545,0.027339429,1394.6536,1.0,92756.07,734.2283,100885.82,32.864193,31.248507,,,,,,,,,,7.4360076e-05,,6.0053706e-05,0.00016501147,19261.025,0.15352304,237.23872,,,,
732,2020-07-11 00:00:00+03:00,-1.3616695,0.027414568,996.10614,0.31057334,72328.08,2893.043,80850.34,1976.6338,16.865986,4.782593e-05,1.3780111,3.4518303e-07,0.22471884,,,,,,7.4316966e-05,1.3417682e-05,6.196021e-05,0.00019128401,17936.621,0.146227,235.24475,-4.584544e-05,0.554544,-2.3162671e-05,-1.0635549e-05
733,2020-07-12 00:00:00+03:00,-1.5411005,0.026558034,1856.0449,0.4945142,69242.42,3467.7593,76724.67,2608.6704,23.71579,7.4176656e-05,1.2240525,2.2425384e-06,0.22065072,,,,,,7.243091e-05,4.3820046e-06,6.7639834e-05,0.00018767262,19281.27,0.15485397,236.76334,0.00014528396,0.5537535,6.2332954e-05,7.63794e-07
734,2020-07-13 00:00:00+03:00,-1.71772,0.02453279,1443.2598,0.5289342,77895.21,2295.641,86732.65,1388.9275,13.303402,8.132667e-05,1.1586385,3.6608613e-05,0.25758916,,,,,,7.477395e-05,6.0826396e-06,6.791234e-05,0.00018793033,19852.598,0.15679646,236.94287,0.00024977207,0.5851809,0.00016201344,1.6868746e-05
735,2020-07-14 00:00:00+03:00,-1.9733771,0.027467152,1367.2958,0.21467856,87537.86,1302.4543,97177.44,407.9702,9.222437,5.894873e-05,1.2344043,2.4961402e-05,0.13464877,,,,,,8.218279e-05,1.7051767e-05,6.495049e-05,0.00020394684,18774.188,0.14765543,237.22917,0.00015059818,0.45744923,5.285583e-05,-1.7525781e-07
736,2020-07-15 00:00:00+03:00,-1.9198618,0.027829353,1647.0002,0.04176315,72310.16,3112.9844,80105.2,2232.9814,6.953967,4.0056922e-05,0.87236387,-9.7544125e-06,0.045119107,,,,,,8.4517495e-05,1.6457021e-05,6.806047e-05,0.00022065532,16704.166,0.14792861,237.0645,0.0006265748,0.31127626,0.0001567282,-2.6998765e-05
737,2020-07-16 00:00:00+03:00,-1.570034,0.026164263,1359.1343,0.18637985,83205.016,1750.1155,91974.45,881.6251,5.489403,9.00604e-05,1.0238705,4.439817e-05,0.16299249,,,,,,8.611368e-05,1.7969232e-05,6.8246765e-05,0.00021362565,19269.418,0.1478345,234.97412,0.00062705815,0.37302086,0.00018367336,2.3660905e-05
738,2020-07-17 00:00:00+03:00,-2.144672,0.02630543,1655.7759,0.073480666,87538.23,1356.4071,94091.08,703.8208,3.975897,8.972801e-05,0.9969058,4.0765946e-05,0.067792185,,,,,,8.3711246e-05,1.7898923e-05,6.568104e-05,0.00019772771,19279.3,0.14890932,236.62158,7.2356976e-05,0.5314996,4.260274e-05,1.4826048e-05
739,2020-07-18 00:00:00+03:00,-2.2774491,0.028665565,1581.2502,0.09087654,90280.766,1108.5132,98157.95,365.33893,7.551303,0.00011579255,1.0911998,7.11278e-05,0.082796134,,,,,,8.755893e-05,2.0456799e-05,6.782143e-05,0.00020974642,16711.826,0.14588802,240.12512,-3.062117e-05,0.55108535,-2.230642e-05,-1.0439682e-05
740,2020-07-19 00:00:00+03:00,-1.9975808,0.026869403,4169.605,0.5547198,44761.93,6832.7285,51062.04,5832.7285,9.321066,-2.924506e-05,0.6167027,-5.033944e-05,0.35599384,,,,,,7.220902e-05,1.5346066e-05,6.351726e-05,0.0001726178,16709.535,0.13651407,236.98293,0.00017505973,0.43633276,8.088681e-05,3.534729e-05
741,2020-07-20 00:00:00+03:00,-2.208944,0.02695724,2100.415,0.10102771,80329.03,2077.4053,89307.4,1171.3909,8.835272,7.598348e-05,0.9317428,2.277759e-05,0.08765095,,,,,,8.447592e-05,1.758829e-05,6.673612e-05,0.00021012907,19270.848,0.14468491,236.53088,6.595187e-05,0.5054166,2.130949e-05,-5.4304102e-05
742,2020-07-21 00:00:00+03:00,-1.6119415,0.028546035,1672.3872,0.5462116,81438.61,1872.2081,90836.19,959.75024,19.136042,6.663526e-05,1.0784984,1.6011843e-05,0.1341262,,,,,,7.665287e-05,1.0781912e-05,6.674787e-05,0.00021053987,19264.797,0.14484158,236.75594,2.8035116e-05,0.52689826,7.995303e-06,1.6033478e-06
743,2020-07-22 00:00:00+03:00,-1.9804832,0.023780696,1593.8215,0.6080858,65091.11,3773.9253,73568.39,2794.3176,6.8338714,5.1784828e-05,1.2145634,8.3318455e-06,0.34236658,,,,,,7.545443e-05,7.503423e-06,6.750482e-05,0.00019367662,24248.807,0.15262243,237.11649,9.061882e-05,0.7333351,4.682514e-05,6.1747505e-06
744,2020-07-23 00:00:00+03:00,-1.860501,0.025532708,1867.7748,0.6187,66793.91,3486.4175,75100.34,2535.9038,12.388037,1.7198658e-05,1.1133139,-2.4737734e-05,0.2207114,,,,,,7.3428935e-05,8.430069e-06,6.7573295e-05,0.00018704566,23624.285,0.15308873,237.26471,-7.355463e-05,0.683101,-5.277709e-05,1.0493032e-05
745,2020-07-24 00:00:00+03:00,-1.0711489,0.023613483,1546.2518,0.94895816,70632.266,2974.0054,79903.97,1974.0054,28.09194,0.00012737584,1.0063213,8.1503684e-05,0.38599274,,,,,,7.510674e-05,1.4482975e-05,6.0236744e-05,0.00017390524,19260.217,0.14229484,237.6372,-3.4089873e-05,0.36503756,-4.622968e-06,-2.8682542e-05
746,2020-07-25 00:00:00+03:00,-1.8308353,0.026516378,2145.8882,0.73659205,72472.16,2819.0205,81818.06,1831.562,14.24357,4.1765255e-05,1.1936159,-7.811213e-06,0.3455072,,,,,,7.613868e-05,1.498666e-05,6.3670086e-05,0.00019534116,19259.48,0.15065211,236.99509,0.00026175746,0.46996588,7.274602e-05,3.5280416e-06
747,2020-07-26 00:00:00+03:00,-2.0269823,0.027072662,1474.5018,0.0,,,,,,6.944513e-05,0.86477834,1.5341624e-05,0.0,1828.5924,3344.4062,0.01038927,1849.5026,4.4715657,7.7960714e-05,1.5913338e-05,6.204737e-05,0.00016029223,16706.38,0.14571539,235.96754,9.733988e-05,0.37761945,3.738245e-05,3.7557163e-06
748,2020-07-27 00:00:00+03:00,-2.1548872,0.026795086,2394.1409,0.49867126,64403.367,3946.6187,72590.61,2976.7334,7.882168,0.0001126361,0.8204529,4.346191e-05,0.35905892,,,,,,8.954981e-05,2.3810864e-05,5.7710327e-05,0.00019408355,16706.168,0.14108351,235.9972,-9.181809e-05,0.7259126,-5.842068e-05,-1.7873006e-05
749,2020-07-28 00:00:00+03:00,-1.3863076,0.029217469,2239.7168,0.79941833,56387.945,4985.197,63684.555,4014.5942,11.237373,0.00013293036,1.0536671,7.099088e-05,0.38700053,,,,,,7.716756e-05,4.146546e-05,5.902297e-05,0.0001767198,16701.365,0.14049795,236.58688,-7.465991e-05,0.51864904,-3.941517e-06,-8.68262e-06
750,2020-07-29 00:00:00+03:00,-1.4508201,0.025376875,1577.7708,0.74519145,74328.36,2607.0051,83564.3,1624.264,17.034218,-7.4237105e-06,1.3654695,-7.2819385e-05,0.31465638,,,,,,7.10343e-05,1.0230876e-05,6.3400395e-05,0.00018229362,19261.895,0.15092605,236.55057,0.00024932675,0.62855154,0.00018074663,7.642896e-06
751,2020-07-30 00:00:00+03:00,-1.5864153,0.025763184,1791.0911,0.767488,76256.03,2388.7407,85853.65,1412.1466,10.467035,4.8245874e-07,1.3720646,-5.3320993e-05,0.42271772,,,,,,6.990851e-05,1.6344602e-05,5.981881e-05,0.00018198267,22138.48,0.1517939,236.27463,,,,
752,2020-07-31 00:00:00+03:00,-1.1423075,0.027459187,1640.3754,0.9098706,86919.33,1283.9462,97364.35,308.0982,13.129461,2.0526399e-05,1.2201108,-3.3188764e-05,0.31804103,,,,,,7.225448e-05,1.7735976e-05,5.7132896e-05,0.0001956782,20985.91,0.14551747,236.24356,-5.670403e-05,0.5963327,-2.6222891e-05,-1.5994845e-05
753,2020-08-02 00:00:00+03:00,-1.8247752,0.030282062,1405.3784,0.42125446,54307.805,5241.7695,61755.25,4241.77,6.9875364,1.188448e-05,0.8296753,-4.9906626e-05,0.37476477,,,,,,7.6833174e-05,1.165156e-05,6.152358e-05,0.00018320204,16703.488,0.13619931,237.00919,-9.24943e-05,0.34173214,-3.3868862e-05,5.9115264e-06
754,2020-08-03 00:00:00+03:00,-1.1615849,0.030595107,2355.6338,0.99041355,59936.164,4369.674,67936.91,3369.674,15.841587,,,,,,,,,,7.577044e-05,,5.8294176e-05,0.00017007807,16698.447,0.14006773,236.61165,,,,-1.8925124e-05
755,2020-08-04 00:00:00+03:00,-1.1898348,,,0.99971986,55459.14,5022.5522,62804.656,4022.5525,24.827188,,,,,,,,,,0.00015343595,,5.0684626e-05,0.00017196196,14586.119,0.13773158,236.65036,,,,
756,2020-08-05 00:00:00+03:00,-1.9139864,0.027922478,1283.9109,0.147548,91463.58,936.9053,98958.84,252.0748,7.7556057,4.1768584e-05,1.1684915,-3.8699163e-06,0.1529091,,,,,,7.070592e-05,1.0127102e-05,6.0833125e-05,0.00019433594,16707.324,0.14047885,235.53046,0.00027450465,0.5164901,0.00011204774,-8.755779e-06
757,2020-08-06 00:00:00+03:00,-1.8072069,0.02818966,2125.444,0.3403077,82566.15,1914.8132,91915.36,988.9263,8.44026,3.626325e-05,1.125885,-1.1403376e-06,0.23184875,1829.818,4090.9717,0.027112277,1851.9272,4.3322806,7.594559e-05,1.9939496e-05,5.6305766e-05,0.0001959404,14431.717,0.13579705,234.14748,0.00029841292,0.3672857,8.549589e-05,-1.7273366e-06
758,2020-08-07 00:00:00+03:00,-2.1579382,0.029842235,1778.4807,0.0770299,95349.69,691.9651,102683.72,3.0564299,5.797779,6.667685e-05,1.101706,3.0580817e-05,0.084839456,1837.0461,3941.8542,0.011322643,1857.4141,3.9389749,8.175126e-05,2.6344527e-05,5.540673e-05,0.00019245062,16720.023,0.13302456,234.41727,-2.9911833e-05,0.47478342,-1.9632718e-05,-1.4688509e-05
759,2020-08-08 00:00:00+03:00,-2.2479866,0.026335437,2328.1753,0.12739082,80031.516,2248.728,88713.86,1363.8113,6.541222,9.3835915e-05,1.0874776,5.29081e-05,0.11099855,,,,,,7.7097284e-05,2.3069042e-05,5.4204735e-05,0.00018517503,17262.16,0.13464826,234.77737,8.592369e-05,0.45312676,3.4114295e-05,8.27779e-06
760,2020-08-09 00:00:00+03:00,-2.0074425,0.026741445,1883.2498,0.0056491215,88215.41,1311.7751,95977.13,577.27637,4.742023,9.804194e-05,1.0480764,5.6627767e-05,0.022405997,,,,,,7.503164e-05,2.0045049e-05,5.4986594e-05,0.00018029577,16711.297,0.12846783,235.1278,-5.5973254e-05,0.58670044,-3.305985e-05,-2.3459086e-05
761,2020-08-10 00:00:00+03:00,-2.0455885,0.03275181,3271.628,0.16443591,67558.5,3679.1152,75840.2,2718.0757,8.398899,8.047378e-05,0.92095184,3.061801e-05,0.1536486,,,,,,7.385178e-05,1.7353903e-05,5.616169e-05,0.0001817763,16710.203,0.13004889,234.81549,2.1168431e-05,0.48990378,-7.6798824e-07,-2.1521595e-05
762,2020-08-11 00:00:00+03:00,-2.1766171,0.030148972,1425.2273,0.0012683136,94092.5,744.90265,98775.76,312.44742,6.422179,3.551149e-05,0.9081285,-3.6110966e-06,0.0015325086,1822.6674,3579.385,0.017683435,1839.2294,3.4175575,7.812853e-05,2.2454939e-05,5.5673587e-05,0.00015539126,16713.633,0.13399477,234.53876,5.9795282e-05,0.38076857,2.1791213e-05,-1.1443027e-05
763,2020-08-12 00:00:00+03:00,-1.5878353,0.03146684,985.06067,0.68358475,83006.94,1793.2963,93256.64,821.92053,8.751479,4.6184985e-05,1.3298988,1.5796219e-05,0.37875056,,,,,,7.5477205e-05,1.9390485e-05,5.6291876e-05,0.00019033764,16714.492,0.13389665,234.91208,0.0005350823,0.32851127,0.00017715883,1.23573245e-05
764,2020-08-13 00:00:00+03:00,-0.8629529,0.031050732,1639.1825,0.97693413,73144.81,2805.433,82588.64,1808.1047,34.439682,,,,,,,,,,7.1767434e-05,,5.7449673e-05,0.00017580132,19280.805,0.13434534,235.69205,,,,-9.906615e-06
765,2020-08-14 00:00:00+03:00,-1.7710283,,,0.69871616,48481.68,6065.991,55233.84,5065.991,6.5293083,4.66571e-05,0.67083055,-1.1179174e-05,0.47904325,,,,,,7.8322606e-05,,5.9116835e-05,0.00017745761,16706.809,0.12926689,236.35004,,,,2.942674e-06
766,2020-08-15 00:00:00+03:00,-2.051806,0.03153066,2429.288,0.14236285,84587.625,1653.4202,93715.195,762.0659,5.365025,0.00010502039,1.0209849,5.6916804e-05,0.119675934,,,,,,7.375446e-05,1.4336962e-05,5.956126e-05,0.00019130518,14920.113,0.12993991,235.34276,4.5367928e-05,0.3656267,4.113692e-06,-2.4896366e-05
767,2020-08-16 00:00:00+03:00,-1.8995554,0.032793794,1678.6351,0.14081225,85797.695,1495.9917,94870.33,630.98303,6.148194,0.00011837491,1.0457066,7.247375e-05,0.1289553,1868.6744,3590.0627,0.012674014,1886.3345,3.5749283,7.466783e-05,1.7104849e-05,5.759113e-05,0.00020705743,13056.676,0.12828384,236.02223,0.00039977318,0.39351833,8.472487e-05,-3.723568e-05
768,2020-08-17 00:00:00+03:00,-1.7180736,0.030474545,1395.948,0.09571562,91423.22,921.0629,97171.51,406.94412,3.4974487,7.3083866e-05,1.0866864,3.2779113e-05,0.09799426,1856.532,3066.4634,0.0048271194,1874.0576,3.72496,8.016388e-05,1.985945e-05,6.0304432e-05,0.00020720303,14426.501,0.12877174,234.6565,0.00039175336,0.40595055,0.00013298937,2.2136086e-05
769,2020-08-18 00:00:00+03:00,-1.8504596,0.032214038,1604.5331,0.14570071,62611.746,4374.568,70145.9,3429.7773,8.423334,5.664547e-05,0.996015,2.9653356e-06,0.14170566,,,,,,7.908794e-05,2.0852567e-05,5.9650192e-05,0.000196838,16701.105,0.13443865,235.43369,8.7907265e-06,0.6739564,1.11342415e-05,6.499172e-07
770,2020-08-19 00:00:00+03:00,-1.8895252,0.03188286,1730.3795,0.19336003,90587.3,967.26215,99094.6,167.17444,9.59385,0.00011041768,1.2529783,7.568655e-05,0.13771982,,,,,,7.259962e-05,1.50920305e-05,5.6966273e-05,0.00018630222,16697.81,0.13351083,234.85309,3.363758e-05,0.6581397,2.4951345e-05,3.5727535e-06
771,2020-08-20 00:00:00+03:00,-1.9029928,0.031120965,1904.0757,0.26010582,54342.695,5440.2246,61297.65,4484.384,7.3515005,0.00013951496,0.80451643,5.626792e-05,0.15137415,,,,,,7.761871e-05,2.3490255e-05,5.409647e-05,0.0001872868,16701.764,0.13430622,235.01135,2.2877726e-05,0.51503533,8.060939e-06,-9.08186e-06
772,2020-08-21 00:00:00+03:00,-1.8841786,0.030315645,1816.5461,0.25631523,90869.57,1002.3506,99050.766,237.94366,6.054239,8.634811e-05,1.2619407,5.739404e-05,0.227294,,,,,,7.5773816e-05,2.5557118e-05,5.3024676e-05,0.00020410438,14427.051,0.12970692,235.12018,2.4283057e-05,0.55232894,-1.5121828e-05,-3.125315e-05
773,2020-08-22 00:00:00+03:00,-1.8112335,0.028257279,2553.5942,0.75876534,60169.42,4468.7305,68121.8,3473.8281,22.544102,0.00015338842,0.9891427,0.0001018203,0.2743339,,,,,,7.8185796e-05,3.1265597e-05,4.9856928e-05,0.00017794326,14425.277,0.12018926,234.72034,-0.0001437868,0.5306544,-5.2861185e-05,-2.6063668e-05
774,2020-08-23 00:00:00+03:00,-1.9088365,0.02716975,1705.2693,0.79117924,49572.203,5861.585,56500.46,4861.5854,18.217112,0.0002268625,0.7740405,0.00012778245,0.49416792,,,,,,7.2594805e-05,,5.2709947e-05,0.00016930336,16697.7,0.124297276,234.0962,,,,
775,2020-08-24 00:00:00+03:00,-1.6380775,0.027593607,2333.6553,0.76083386,59777.15,4432.7944,67754.305,3438.6533,9.7806635,4.0784977e-05,1.1662846,-1.0814711e-05,0.37897897,,,,,,6.843505e-05,1.4159017e-05,5.4228876e-05,0.00017850065,19258.484,0.13256784,234.29436,7.3226576e-05,0.7892039,5.6843743e-05,1.3429492e-05
776,2020-08-25 00:00:00+03:00,-1.3455174,0.026754241,1785.4198,0.8419628,66365.984,3525.7178,75188.766,2526.7656,14.011261,9.929079e-05,1.0100204,4.2020416e-05,0.42720452,,,,,,7.048702e-05,1.4511103e-05,5.056175e-05,0.00017163219,19258.234,0.13719612,233.84637,0.00020165909,0.57998383,0.000114758084,4.2823353e-06
777,2020-08-27 00:00:00+03:00,-2.2667973,0.02830628,1489.0946,0.7623586,84434.62,1475.7441,94754.945,492.74725,12.173207,7.552435e-05,1.6022769,7.4010946e-05,0.4134998,,,,,,6.930872e-05,3.780888e-05,5.413095e-05,0.0001616301,19244.664,0.13512823,235.3899,,,,
778,2020-08-28 00:00:00+03:00,-2.0195546,0.027886827,1163.9128,0.3451831,81113.94,1894.0227,90093.61,1011.86005,6.185755,3.863201e-05,1.0775694,-1.6078579e-06,0.19276474,,,,,,7.727544e-05,2.2065096e-05,5.4967204e-05,0.000198507,19262.148,0.14108184,234.1454,0.0001849192,0.42904294,7.350317e-05,9.143033e-06
779,2020-08-29 00:00:00+03:00,-0.97273517,,,1.0,47394.906,6091.959,53831.18,5091.959,58.009987,,,,,,,,,,0.00010172842,,4.7349757e-05,0.00015879716,16697.336,0.13617423,234.58969,,,,
780,2020-08-30 00:00:00+03:00,-1.5632393,0.03232097,1611.2991,0.7470806,58407.492,4789.7983,65831.625,3823.423,7.8335247,0.000115375544,1.2512451,0.00010250938,0.24166323,,,,,,0.00010861395,1.673947e-05,5.1499497e-05,0.00018120211,15347.674,0.13405398,234.09695,8.960841e-06,0.6077985,2.2537458e-06,2.2211946e-06
781,2020-08-31 00:00:00+03:00,-0.97989327,,,1.0,44771.023,6515.5645,51099.812,5515.564,41.99051,,,,,,,,,,6.0713624e-05,,4.9240614e-05,0.00015550345,18771.11,0.13685413,233.25107,,,,
782,2020-09-01 00:00:00+03:00,-1.9416034,0.030831648,1163.4387,0.5680252,82599.38,1766.7977,92887.266,797.5976,8.964171,7.777918e-05,1.2706122,5.2079242e-05,0.29875594,1826.0173,3497.5872,0.018956328,1847.2362,4.747053,7.820192e-05,2.1499576e-05,4.628762e-05,0.00019997884,15582.264,0.1321765,232.75533,0.00014663232,0.5740524,6.262583e-05,4.8877687e-06
783,2020-09-02 00:00:00+03:00,-1.0779631,0.033845846,2225.2515,0.99774194,63287.61,4037.6006,71512.28,3037.6006,43.07656,,,,,,,,,,0.000100885445,,4.4465e-05,0.00016926251,16708.178,0.12719211,231.91037,,,,
784,2020-09-03 00:00:00+03:00,-1.5925338,0.029684518,1258.2734,0.6024107,90309.266,1046.8613,99162.71,222.53584,8.258848,4.4985172e-05,1.7060461,3.0235173e-05,0.3996427,,,,,,6.859411e-05,1.4535641e-05,5.2346415e-05,0.00019293337,19276.863,0.13583878,233.00513,-5.3530704e-05,0.38683018,-4.4581753e-05,3.2222435e-06
785,2020-09-04 00:00:00+03:00,-1.0239615,0.029424544,2195.9658,0.9697312,64200.543,3855.646,72651.41,2855.646,20.560606,-1.6652279e-05,1.3467919,-6.483304e-05,0.31220433,,,,,,7.979304e-05,,4.382062e-05,0.00015666029,16706.176,0.12618253,232.00471,,,,1.1476595e-05
786,2020-09-05 00:00:00+03:00,-1.6392841,0.028996304,1810.4175,0.67284036,71335.28,2965.4763,80586.45,1974.2712,8.931488,4.9748138e-05,1.3435886,3.2836277e-05,0.40107775,,,,,,7.05363e-05,2.1903763e-05,4.399353e-05,0.00016441633,16213.688,0.1268529,231.86285,0.00018252022,0.5918499,4.9056955e-05,2.3734556e-06
787,2020-09-06 00:00:00+03:00,-1.7018319,0.028687082,1588.8867,0.47941327,77636.36,2271.7212,87199.5,1308.3088,7.7062593,4.7720067e-05,1.3156976,2.9896199e-05,0.28135747,,,,,,6.795314e-05,2.071364e-05,4.656044e-05,0.00018521791,19267.777,0.13571283,231.76111,0.00044650395,0.48313233,0.00016740597,8.179759e-06
788,2020-09-07 00:00:00+03:00,-1.6895127,0.028658515,1690.3069,0.6766518,70210.11,3167.1643,79174.94,2193.9968,16.04,5.8071935e-05,1.4002175,4.4195236e-05,0.23559333,,,,,,6.9897535e-05,2.2374254e-05,4.6539764e-05,0.00019153341,20970.275,0.14031121,231.28189,0.00017443538,0.77346677,0.00012184511,2.4600899e-05
789,2020-09-08 00:00:00+03:00,-0.9459621,,,1.0,57568.074,4649.212,65295.242,3649.212,64.68164,,,,,,,,,,0.00013287656,,4.086262e-05,0.00016611516,16440.855,0.13013646,231.43456,,,,
790,2020-09-09 00:00:00+03:00,-1.4176832,0.028652485,1529.0813,0.6858574,79200.86,2111.4473,89118.05,1126.6132,12.149244,4.921846e-05,1.6438698,4.3397602e-05,0.37043154,,,,,,6.0780552e-05,1.6644484e-05,4.3704254e-05,0.00015684334,14425.158,0.11676294,231.14844,0.00048137692,0.4617415,0.00021889484,-2.2090842e-05
791,2020-09-10 00:00:00+03:00,-1.8308055,0.028100325,1150.5894,0.31505424,79637.14,2120.7542,88673.83,1216.7936,6.094473,1.8426665e-05,1.1639576,-1.5520702e-05,0.22951254,,,,,,5.9744034e-05,9.498798e-06,5.0864866e-05,0.0001709315,22862.777,0.14132145,232.77756,8.9458e-05,0.5503007,3.8052895e-05,1.2048231e-05
792,2020-09-11 00:00:00+03:00,-1.1097612,0.036767885,1032.7317,0.803957,54576.973,5190.9385,62153.242,4190.938,7.9781246,5.307167e-05,0.94616246,2.2492484e-05,0.3711821,,,,,,7.3955496e-05,2.0099378e-05,4.3306016e-05,0.00016141671,16706.812,0.13036549,230.769,0.00024267135,0.28048635,6.500975e-05,4.687666e-06
793,2020-09-12 00:00:00+03:00,-1.7977381,0.041466746,1539.7478,0.007067815,76351.08,2437.6152,86040.7,1437.6152,4.279251,9.672883e-05,1.1229192,7.578226e-05,0.06483376,1842.1803,4041.9966,0.02752778,1861.0446,4.456391,6.233448e-05,1.7184913e-05,4.514957e-05,0.00015070695,14427.03,0.12246626,231.79608,0.00056152407,0.35710582,0.00020147926,7.712332e-05
794,2020-09-13 00:00:00+03:00,-1.4859108,,,0.57481134,45926.844,6411.0664,52427.04,5411.0664,11.455843,-9.1425325e-05,0.7618294,-8.5501684e-05,0.36555654,,,,,,6.629331e-05,1.8012612e-05,4.767551e-05,0.00017463183,17722.625,0.13035339,231.41704,0.00010951891,0.46103576,5.9612288e-05,2.629265e-07
795,2020-09-15 00:00:00+03:00,-1.5456774,0.0309554,1654.9753,0.40524584,93718.35,782.4626,101710.37,53.77594,6.5621347,2.5969845e-05,1.4998713,4.555055e-06,0.20758046,,,,,,5.891819e-05,1.7841769e-05,4.263145e-05,0.00016545078,14430.825,0.11837058,229.80771,5.0964925e-05,0.5650174,2.2576329e-05,-5.3711233e-06
796,2020-09-16 00:00:00+03:00,-1.4793541,0.03479795,1886.4716,0.12192683,84733.3,1575.7538,94127.164,658.42847,4.7737083,9.78307e-05,0.9822896,5.940946e-05,0.12367985,1845.1943,3822.1672,0.0130256275,1864.4443,4.4441204,6.844927e-05,2.8943978e-05,3.9505292e-05,0.00017634981,14424.955,0.11438355,229.36427,0.0004703104,0.2758326,0.00012588734,7.3736683e-06
797,2020-09-17 00:00:00+03:00,-1.3733835,0.028028209,1141.0471,0.77248544,81349.21,1832.0483,91925.84,834.5421,13.335691,1.6117392e-05,1.5798609,-1.5293192e-05,0.43345895,,,,,,5.0932205e-05,1.3295692e-05,3.892665e-05,0.00016272292,19933.07,0.13888994,229.65115,0.00030394763,0.46239248,0.000116643365,4.610136e-06
798,2020-09-18 00:00:00+03:00,-0.0860647,0.03658807,1190.0703,0.14792512,78879.48,2223.9392,88674.69,1246.1687,7.86743,3.440442e-05,1.1127846,6.826267e-06,0.14809312,,,,,,5.492355e-05,1.51224485e-05,3.979911e-05,0.00015919552,13469.402,0.11333852,228.33102,0.0002832924,0.4590914,0.00013009673,4.6369696e-05
799,2020-09-19 00:00:00+03:00,-1.3069816,0.038471527,821.9446,0.12806553,85556.16,1533.2275,94916.81,648.69495,5.545868,1.2852118e-05,1.1485591,-1.9942207e-05,0.12652132,,,,,,5.6034365e-05,1.6048758e-05,4.0023795e-05,0.00016167984,16712.672,0.12300144,229.35916,0.0002431628,0.3804791,7.7940895e-05,2.0117119e-05
800,2020-09-20 00:00:00+03:00,-1.7515507,0.037219316,819.14435,0.08594394,91526.67,952.6057,99864.17,217.37456,3.7394023,6.060955e-05,1.0421946,3.406184e-05,0.07288933,1861.5117,3032.716,0.005592815,1876.5476,3.8119686,5.7427387e-05,2.0181877e-05,3.737212e-05,0.00015585672,16714.645,0.12374388,228.50317,0.00033221557,0.31593382,9.593798e-05,8.535112e-06
801,2020-09-21 00:00:00+03:00,0.41802645,0.050610058,1348.681,0.907325,89327.36,1127.3234,99780.83,176.68533,11.319647,5.6836307e-05,1.150906,3.3549182e-05,0.38431194,,,,,,5.2973952e-05,1.0193395e-05,3.5162462e-05,0.00014978572,14224.041,0.11613394,229.5425,,,,-2.2153283e-05
802,2020-09-22 00:00:00+03:00,-1.3951043,0.03178191,680.46466,0.019073527,86986.41,1324.176,97169.13,371.01276,5.6753426,9.5409865e-05,0.98287344,6.2241976e-05,0.023660561,1861.3389,3387.943,0.016695654,1878.2742,4.335064,5.652233e-05,1.8730685e-05,3.7791644e-05,0.0001593404,13055.784,0.11468408,228.11581,0.0014968616,0.20000094,0.00025016168,-1.1522746e-05
803,2020-09-23 00:00:00+03:00,-1.262362,0.03581418,1653.364,0.14346056,89698.43,1050.6869,97066.94,351.93115,2.6118472,0.000112928945,0.9873853,8.426218e-05,0.14599486,1869.8824,3656.1746,0.011890522,1889.2854,4.758458,8.132114e-05,4.001172e-05,4.130941e-05,0.00021830702,16696.844,0.122012794,228.92493,0.00022584497,0.38365206,8.74305e-05,6.3983025e-06
804,2020-09-24 00:00:00+03:00,-1.3322732,0.035703987,1554.6187,0.121112935,71803.85,3189.1648,79215.03,2330.4937,6.165805,0.00013117687,0.9893801,9.768459e-05,0.11683142,1835.4335,4690.151,0.035354782,1855.9087,4.848271,7.2973125e-05,3.0242743e-05,4.2730386e-05,0.00019412386,16695.266,0.12868387,228.8653,0.00011004934,0.4774162,5.2910735e-05,1.344949e-06
805,2020-09-25 00:00:00+03:00,-1.3167595,0.036091983,2196.1646,0.21040973,89621.625,1032.5574,97950.836,248.5535,5.655057,0.00010331154,1.1662924,8.5681095e-05,0.20122607,,,,,,6.599093e-05,2.2230262e-05,4.1211897e-05,0.00018433384,16694.68,0.12360725,228.91675,0.0001319591,0.6177887,6.763892e-05,2.1526002e-05
806,2020-09-26 00:00:00+03:00,-1.4846711,,,0.279414,45537.92,6586.785,51976.03,5586.785,6.3988743,0.00016099119,0.762261,9.261709e-05,0.27487656,,,,,,7.468681e-05,3.27795e-05,4.047889e-05,0.00016614213,15195.918,0.117247134,228.41275,0.00037400585,0.36763155,0.00013812474,6.519245e-06
807,2020-09-27 00:00:00+03:00,-1.2533491,0.036079347,1256.8345,0.09167753,84595.03,1590.3192,93883.82,684.3634,3.664136,0.00012643798,0.904457,8.418596e-05,0.11456333,1853.7742,3804.596,0.019549837,1869.9229,4.155159,6.369938e-05,2.3430563e-05,4.0268824e-05,0.00017918233,15790.725,0.117116235,228.0271,0.0005984511,0.4203076,0.00023215119,3.9268944e-05
808,2020-09-28 00:00:00+03:00,-1.2805785,0.03591732,1887.5706,0.99316883,82823.016,1809.7316,93099.29,817.2733,89.11533,,,,,,,,,,8.321454e-05,,3.5404228e-05,0.0001434235,16705.836,0.11641102,228.73215,,,,
809,2020-09-29 00:00:00+03:00,-1.631905,0.035546206,1229.8027,0.32237053,72315.805,2947.4854,81256.95,1984.6245,8.608081,9.317575e-05,1.0585344,6.604188e-05,0.27868915,,,,,,8.400044e-05,4.422744e-05,3.9397088e-05,0.00020431397,16709.871,0.119636856,227.40372,0.0004483767,0.3366152,0.00013970376,2.5845242e-05
810,2020-09-30 00:00:00+03:00,-1.3492227,,,0.28159758,35667.727,8280.446,41044.766,7280.4463,7.171756,0.00015405838,0.68988407,7.8056546e-05,0.27425182,,,,,,7.522493e-05,3.4305638e-05,3.896745e-05,0.00017790392,16707.84,0.119777694,227.52478,0.0004901489,0.34757185,0.00016412938,2.9776907e-05
811,2020-10-01 00:00:00+03:00,0.5268992,0.048929185,733.3954,0.21463755,91346.125,917.98334,100402.31,88.39222,7.1534944,0.00018224286,1.1938887,0.0001898421,0.20800775,,,,,,7.038085e-05,3.1924053e-05,3.87636e-05,0.00018884087,14425.918,0.12067783,227.69229,,,,
812,2020-10-02 00:00:00+03:00,-0.6224846,0.037142456,1351.6604,0.39218092,75933.92,2501.2363,85567.08,1524.3894,6.5672865,0.00013161675,1.0804982,0.00011307221,0.27768046,,,,,,7.663562e-05,3.6904992e-05,3.6834594e-05,0.00017502304,17748.969,0.12059014,227.24976,,,,
813,2020-10-03 00:00:00+03:00,-0.96439683,0.03616213,1384.1382,0.72249675,89403.336,1120.8184,99144.67,227.75089,11.6828985,0.00010861599,1.4201361,0.00013154281,0.3493561,,,,,,5.5453824e-05,1.3868267e-05,4.0134873e-05,0.00018594536,19278.484,0.13118225,227.95647,,,,
814,2020-10-04 00:00:00+03:00,-1.0442896,0.0313906,1919.1824,0.2715521,75048.44,2606.5308,83932.16,1655.2274,7.8432074,0.0001074925,1.1436105,9.71399e-05,0.21823622,,,,,,6.974916e-05,3.1699197e-05,3.6784564e-05,0.0001884092,13054.355,0.11750064,226.12846,,,,
815,2020-10-05 00:00:00+03:00,-1.2395356,0.033007767,1355.697,0.54235554,91410.375,914.5183,99703.83,147.47733,20.568304,0.00011652366,1.1855319,0.00010455116,0.31164727,,,,,,6.3096915e-05,2.8378514e-05,3.6224566e-05,0.00018163043,14425.54,0.12173219,226.86136,,,,
816,2020-10-06 00:00:00+03:00,-0.86180437,0.032488428,1555.2363,0.87977487,63144.188,3890.3813,71667.984,2890.3809,31.666069,-0.00019698392,0.966121,-0.00019899412,0.44222146,,,,,,7.396427e-05,2.2804978e-05,3.9238435e-05,0.0001668529,19255.773,0.12792522,226.56749,,,,
817,2020-10-07 00:00:00+03:00,-1.1544654,0.03370055,1386.5797,0.3141255,77994.72,2202.668,87900.68,1210.9133,6.126358,9.1699534e-05,0.9485413,5.7018464e-05,0.18601568,,,,,,7.2669114e-05,3.1503943e-05,3.6911184e-05,0.00017243937,19263.541,0.12540224,225.92294,,,,
818,2020-10-08 00:00:00+03:00,-1.4125278,0.03260579,1348.6736,0.20579845,64309.72,3900.6914,72599.164,2935.746,6.532895,6.8813955e-05,1.117161,3.7369035e-05,0.20948163,,,,,,6.9441034e-05,3.8993894e-05,3.371155e-05,0.00018701999,19649.652,0.12032756,226.1237,,,,
819,2020-10-09 00:00:00+03:00,-1.2274532,0.031272516,1843.1886,0.9967447,66133.83,3635.7063,75007.97,2635.7063,47.531208,,,,,,,,,,8.2349645e-05,,3.205939e-05,0.00015216216,19268.625,0.12042553,226.38869,,,,
820,2020-10-10 00:00:00+03:00,-1.3014792,0.030868813,1200.7087,0.77239573,61063.13,4234.7266,69340.625,3234.7266,33.25213,9.309169e-05,1.084212,7.8482066e-05,0.3050972,,,,,,8.687064e-05,3.9010858e-05,3.2721386e-05,0.00016695549,16878.184,0.12363633,225.87793,,,,
821,2020-10-11 00:00:00+03:00,-1.2320237,0.033848274,1241.8342,0.5969689,65571.586,3604.7068,74380.19,2604.7065,8.580561,0.000129859,1.118158,0.00012780355,0.3670819,,,,,,6.069294e-05,2.1533855e-05,3.7063677e-05,0.00016638814,19278.32,0.13278127,226.20944,,,,
822,2020-10-12 00:00:00+03:00,-0.8711934,,,0.81489843,46505.68,6191.8574,53328.47,5191.8574,9.179647,3.0252068e-06,0.6013936,-1.8086906e-05,0.52653205,,,,,,5.9260703e-05,,3.4020777e-05,0.00014279838,19380.812,0.13781483,225.30077,,,,
823,2020-10-13 00:00:00+03:00,-1.3324058,0.035482965,1111.3344,0.40338764,40572.453,7416.218,46605.35,6416.706,8.165477,3.704797e-05,0.8124963,5.6697645e-06,0.29610294,,,,,,6.917802e-05,3.3143784e-05,2.9826857e-05,0.00015519725,18743.98,0.13389507,224.23108,,,,
824,2020-10-14 00:00:00+03:00,-1.6905285,,,1.0,54327.23,5114.689,61919.004,4114.689,156.7529,,,,,,,,,,,,,,,0.12543535,224.6389,,,,
825,2020-10-15 00:00:00+03:00,-1.3743477,0.033581927,1164.5725,0.98926514,81879.66,1798.5906,92382.89,807.09265,43.387756,,,,,,,,,,8.166145e-05,,2.906602e-05,0.00015616027,19272.7,0.12870482,223.00366,,,,
826,2020-10-16 00:00:00+03:00,-1.2937148,0.035646312,645.2042,0.7116365,87102.766,1316.6848,98027.08,346.57806,10.31567,3.5358804e-05,1.4358195,2.7592449e-05,0.32633582,,,,,,4.69598e-05,2.5675212e-05,2.8731443e-05,0.00014297574,18469.326,0.13228534,222.88623,,,,
827,2020-10-17 00:00:00+03:00,-1.021805,0.035156988,423.65268,0.6354597,89270.06,1104.123,99827.17,178.73616,8.590694,-1.9060677e-05,1.285095,-3.672583e-05,0.33605373,,,,,,5.0018716e-05,2.87021e-05,2.6479629e-05,0.00014040724,16709.035,0.1282669,222.6407,,,,
828,2020-10-18 00:00:00+03:00,-0.7913634,0.029177373,597.4391,0.96123374,58877.633,4242.7964,67066.734,3242.7964,47.332424,9.44549e-05,0.8830703,6.5161184e-05,0.44130722,,,,,,7.106905e-05,2.2290433e-05,2.727433e-05,0.00014076693,19816.814,0.13709098,225.04285,,,,
829,2020-10-19 00:00:00+03:00,-1.4821948,0.033943973,501.1329,0.5796783,73519.734,2613.4468,83506.67,1613.8906,18.780083,1.542995e-06,1.1658113,-1.7663373e-05,0.3580551,,,,,,3.2730393e-05,5.938649e-07,3.1645617e-05,0.00013911366,23240.555,0.14135444,225.36351,,,,
830,2020-10-20 00:00:00+03:00,-1.2492743,,,0.501327,41174.53,7109.791,47322.305,6109.791,14.272648,9.380246e-05,0.7211202,4.534632e-05,0.33599976,,,,,,5.0893977e-05,1.2971568e-05,3.1128635e-05,0.00015520836,16711.871,0.13731375,223.1566,,,,
831,2020-10-21 00:00:00+03:00,-0.88201225,0.03357621,1216.9448,0.94836944,76344.28,2343.3757,86316.05,1348.7905,19.700603,,,,,,,,,,8.5109044e-05,,2.9625378e-05,0.00017179901,16516.176,0.12846848,224.181,,,,
832,2020-10-22 00:00:00+03:00,-0.75988835,0.034342982,1508.1952,0.99772596,78992.09,1998.7231,89025.164,998.7231,58.52787,,,,,,,,,,0.00011545881,,2.7430156e-05,0.00019614,13052.049,0.12260167,223.78766,,,,
833,2020-10-23 00:00:00+03:00,-0.77928364,0.03337165,1071.4768,0.8839116,77922.33,2103.3057,88254.72,1103.3055,25.214226,,,,,,,,,,6.5506334e-05,2.7560984e-05,3.0293822e-05,0.00017609942,17212.04,0.12894276,223.90665,,,,
834,2020-10-24 00:00:00+03:00,-1.4865439,0.034859758,814.46326,0.14762226,70715.11,3166.016,79405.76,2216.5989,5.172488,4.895883e-05,1.0644574,3.4300854e-05,0.1337722,1819.006,3758.548,0.018440042,1839.4598,6.4945383,5.2153962e-05,1.9197832e-05,3.316489e-05,0.00017480995,19256.877,0.13034159,224.15836,,,,
835,2020-10-25 00:00:00+03:00,2.5591002,0.04442277,1404.4237,0.54545,47967.273,6281.668,54702.38,5281.6675,33.24308,0.00011069377,0.95423836,9.031049e-05,0.41090867,,,,,,7.5856515e-05,2.8555012e-05,3.2409618e-05,0.00019417146,15914.311,0.122075856,223.90645,,,,
836,2020-10-26 00:00:00+02:00,-0.323988,0.038085174,1629.9381,0.9994815,75321.83,2503.6353,85073.914,1505.3308,75.45169,,,,,,,,,,7.6409735e-05,,3.1178235e-05,0.00017503946,16699.863,0.1257002,223.57944,,,,
837,2020-10-27 00:00:00+02:00,-0.6191772,,,1.0,62035.637,4029.3384,70446.305,3029.3386,63.59983,,,,,,,,,,0.000102608916,,3.1783144e-05,0.00019378652,15501.607,0.12444532,224.21582,,,,
838,2020-10-28 00:00:00+02:00,-0.91711175,0.03584847,824.476,0.39797717,58599.46,4681.794,66447.46,3689.9065,17.096018,6.0633967e-05,0.93815064,4.6012967e-05,0.27221864,,,,,,8.577376e-05,5.3660056e-05,3.104579e-05,0.00018808675,15926.24,0.121453255,223.68488,,,,
839,2020-10-29 00:00:00+02:00,-0.90786856,0.032316737,1960.847,0.995363,68668.66,3230.122,77799.11,2230.1216,42.346294,,,,,,,,,,9.0293026e-05,,3.2524604e-05,0.00016533096,19264.115,0.12050565,224.77591,,,,
840,2020-10-30 00:00:00+02:00,-1.1517484,0.032462556,1204.9999,0.98982185,71880.28,2858.8013,81530.34,1860.1525,127.664085,,,,,,,,,,9.833491e-05,,3.5782596e-05,0.00021742967,22153.805,0.13784598,224.9744,,,,
841,2020-10-31 00:00:00+02:00,-0.9592558,0.034655184,826.27356,0.9988851,95374.99,618.08466,102088.09,16.579264,145.551,,,,,,,,,,4.8579874e-05,,2.9374722e-05,0.00018985811,16715.107,0.1339954,222.2651,,,,
842,2020-11-01 00:00:00+02:00,-0.92101693,0.037277028,656.0945,1.0,96112.14,540.7661,102048.7,8.217303,39.26194,,,,,,,,,,4.9694085e-05,,2.8346447e-05,0.00016319187,16713.162,0.12361537,223.51581,,,,
843,2020-11-02 00:00:00+02:00,-0.6854004,,,0.8926406,44072.51,6683.26,50261.562,5683.26,66.182976,,,,,,,,,,5.6032964e-05,,2.487369e-05,0.00013588704,14425.475,0.12942383,223.17691,,,,
844,2020-11-03 00:00:00+02:00,-1.3890164,0.03138735,907.8712,0.20842561,77519.68,2382.1392,86396.72,1454.6433,2.8186226,4.8538226e-05,1.6285157,6.0338e-05,0.29968897,,,,,,7.483097e-05,4.5139466e-05,2.5977177e-05,0.00018262494,9582.84,0.12166822,222.62285,,,,
845,2020-11-04 00:00:00+02:00,-1.1306419,,,0.64994395,45299.668,6422.6777,51732.375,5422.6777,29.732166,,,,,,,,,,9.176209e-05,5.149965e-05,2.477444e-05,0.00016935104,16094.801,0.1309947,222.6189,,,,
846,2020-11-05 00:00:00+02:00,-1.2647876,,,0.7941353,45944.15,6360.8535,52466.625,5360.854,81.14491,,,,,,,,,,3.990995e-05,7.924228e-06,2.7226231e-05,0.0001317661,14428.474,0.13398339,219.39249,,,,
847,2020-11-06 00:00:00+02:00,-1.1161662,0.029800076,1395.2612,0.34273842,61138.156,4690.826,69406.875,3691.0718,23.40071,,,,,,,,,,4.6030545e-05,2.170194e-05,2.5297673e-05,0.0001552827,14429.506,0.10931192,218.54218,,,,
848,2020-11-07 00:00:00+02:00,-0.6354443,0.032189954,558.443,,,,,,,,,,,,,,,,3.55669e-05,,2.2613143e-05,0.00014451568,13059.078,0.10217579,217.57126,,,,
849,2020-11-08 00:00:00+02:00,-0.78458965,0.031996235,891.0464,0.34160203,83196.74,1726.5403,93124.34,807.38824,5.5842667,,,,,,,,,,3.5731908e-05,1.0873801e-05,2.6258727e-05,0.0001516059,19288.816,0.1284222,219.10312,,,,
850,2020-11-09 00:00:00+02:00,-0.925144,0.036218397,810.401,0.29816046,76703.2,2437.9648,86792.42,1444.5042,5.953432,,,,,,,,,,4.3512387e-05,2.1803418e-05,2.2409138e-05,0.00014856222,16722.049,0.1326043,218.2467,,,,
851,2020-11-10 00:00:00+02:00,-0.86788446,0.036374435,734.7909,0.6601411,89196.664,1253.9867,99978.516,302.07898,49.307663,,,,,,,,,,5.0652874e-05,1.9531595e-05,2.3934675e-05,0.0001822587,16726.559,0.12658088,218.08635,,,,
852,2020-11-11 00:00:00+02:00,-0.9290943,0.033564895,752.397,0.4522786,62823.402,4140.1523,71385.92,3140.1519,30.492552,,,,,,,,,,6.0784063e-05,3.865236e-05,2.3900126e-05,0.00018407157,16724.969,0.12383053,218.16205,,,,
853,2020-11-12 00:00:00+02:00,-0.8390613,0.031898353,641.82544,0.8684594,93872.08,770.2399,102571.06,19.98919,26.075361,,,,,,,,,,4.094517e-05,,2.4087138e-05,0.00015753543,18924.045,0.1276109,218.29832,,,,
854,2020-11-13 00:00:00+02:00,-1.3554413,0.03177133,674.97327,0.94848484,85333.53,1533.0378,96327.34,541.00604,15.51515,,,,,,,,,,5.9065333e-05,,2.3639484e-05,0.00016730346,16716.848,0.1298565,218.51483,,,,
855,2020-11-14 00:00:00+02:00,-0.84689283,0.033456415,696.88043,0.9990512,83588.88,1653.5986,94704.125,653.6264,81.32996,,,,,,,,,,8.053638e-05,,1.8583109e-05,0.00016366971,16712.879,0.12663358,217.31534,,,,
856,2020-11-15 00:00:00+02:00,-1.2703912,0.034572415,939.37024,0.7465855,86741.6,1386.4435,96064.98,541.45,122.788414,,,,,,,,,,5.4527074e-05,2.3058124e-05,2.1030814e-05,0.00014910777,16712.326,0.12176619,215.99222,,,,
857,2020-11-16 00:00:00+02:00,-1.3481219,,,0.9215848,72459.484,2826.2983,82123.695,1826.4038,62.98079,,,,,,,,,,5.691237e-05,,2.0015927e-05,0.00015734657,16707.98,0.1250992,214.67436,,,,
858,2020-11-17 00:00:00+02:00,-0.28158426,0.03690411,993.40564,0.9972533,75759.3,2517.1538,84907.44,1584.6738,123.85968,,,,,,,,,,9.90119e-05,,2.197254e-05,0.00023452548,19284.047,0.11930107,215.8595,,,,
859,2020-11-18 00:00:00+02:00,-1.4138412,0.032331754,2289.1035,0.8065577,55248.195,5010.473,62714.445,4010.4731,55.96689,,,,,,,,,,6.830702e-05,4.9126356e-05,1.9180663e-05,0.00015234112,14427.531,0.1080534,214.46594,,,,
860,2020-11-19 00:00:00+02:00,-0.48826194,,,0.9994757,44880.664,6533.3857,51270.703,5533.385,108.88411,,,,,,,,,,,,,,,0.11432994,213.67032,,,,
861,2020-11-20 00:00:00+02:00,-1.2690771,0.032993983,513.3008,0.310839,76464.375,2309.6064,86424.26,1332.3278,39.390167,,,,,,,,,,5.8437663e-06,-1.9508672e-05,2.5403058e-05,0.0001177563,24266.404,0.13158004,216.73022,,,,
862,2020-11-21 00:00:00+02:00,-1.0790102,,,0.33124775,28529.393,9525.562,33117.35,8525.5625,75.280685,,,,,,,,,,1.8669733e-05,-3.925899e-06,1.981463e-05,0.000108883236,14431.851,0.11741923,213.52893,,,,
863,2020-11-22 00:00:00+02:00,-0.977102,0.03564304,827.1346,0.49327183,72358.17,2687.127,82327.375,1688.4076,117.81076,,,,,,,,,,3.04106e-05,5.208391e-06,2.267005e-05,0.00015606468,19803.986,0.14095186,216.47215,,,,
864,2020-11-23 00:00:00+02:00,-0.66507995,0.034929685,802.8539,0.18802944,56206.805,4743.374,64132.605,3743.374,61.472195,,,,,,,,,,1.1314271e-05,-9.279149e-06,2.3172588e-05,0.00013248253,21174.852,0.13773516,216.92755,,,,
865,2020-11-24 00:00:00+02:00,-1.5053306,0.041175894,827.83344,0.49990737,58465.938,4402.731,66770.21,3402.731,54.96886,,,,,,,,,,1.1180938e-05,-2.0130283e-05,2.142112e-05,0.00012406058,20395.887,0.13763864,216.28189,,,,
866,2020-11-25 00:00:00+02:00,-1.8462152,0.034359816,1270.1887,0.852136,74425.64,2595.63,84345.555,1600.1311,181.17622,,,,,,,,,,3.1236483e-05,,1.9924146e-05,0.00012748223,16870.863,0.12379209,215.91713,,,,
867,2020-11-26 00:00:00+02:00,-1.149462,0.0321903,1283.4851,0.99440193,52408.477,5322.366,59840.508,4322.366,168.06097,,,,,,,,,,6.900853e-05,,2.139981e-05,0.00015622385,19268.287,0.1290648,217.73634,,,,
868,2020-11-27 00:00:00+02:00,-0.896915,0.031447094,578.2584,0.65650356,80339.36,1852.729,91299.44,852.7291,67.15872,,,,,,,,,,2.9828054e-05,,2.378156e-05,0.0001495712,17899.668,0.14169306,220.34915,,,,
869,2020-11-28 00:00:00+02:00,-0.93426883,0.03559375,664.9757,0.91346943,88821.16,1156.9205,100263.555,172.04395,77.25118,,,,,,,,,,6.9198024e-05,6.0199174e-05,2.1252667e-05,0.000193046,14963.8125,0.13393609,220.09943,,,,
870,2020-11-29 00:00:00+02:00,-1.0596658,0.03457308,401.6822,0.27353138,77497.83,2291.3232,87913.72,1291.3234,12.483805,,,,,,,,,,6.552751e-05,4.1568746e-05,2.0121817e-05,0.0001818358,15956.066,0.14418443,220.09636,,,,
871,2020-11-30 00:00:00+02:00,-0.6000309,0.03440534,433.19983,0.93812335,67322.96,3289.9595,76694.61,2301.3147,70.68237,,,,,,,,,,,,,,,0.1368627,220.0433,,,,
872,2020-12-01 00:00:00+02:00,-1.2133116,0.034392826,397.8217,0.00813596,54983.98,4872.956,62973.824,3872.956,10.4803505,,,,,,,,,,6.622158e-05,3.740204e-05,2.5890768e-05,0.00019375978,19537.906,0.14775522,217.95058,,,,
873,2020-12-02 00:00:00+02:00,-1.080334,,,0.0005149677,51001.453,5551.463,58003.31,4551.463,10.501117,,,,,,,,,,5.2743624e-05,3.3164542e-05,1.9995905e-05,0.00016465703,16723.305,0.14031452,216.98978,,,,
874,2020-12-03 00:00:00+02:00,-0.707849,0.03507956,631.0104,0.9756621,86688.58,1336.2429,97358.0,400.0421,71.79935,,,,,,,,,,7.222929e-05,,2.281203e-05,0.00017970464,19286.781,0.14149164,217.94585,,,,
875,2020-12-04 00:00:00+02:00,-1.1548469,,,0.93946964,55339.918,4808.984,63351.88,3808.984,11.443744,,,,,,,,,,0.00016020585,,2.1548105e-05,0.00025909295,16703.742,0.13288453,217.26785,,,,
876,2020-12-05 00:00:00+02:00,-1.175468,,,0.79795176,27755.986,9677.177,32454.084,8677.176,2.0204825,,,,,,,,,,,,,,,0.13375717,215.7153,,,,
877,2020-12-06 00:00:00+02:00,-0.6379415,,,0.9679826,79464.234,2112.3628,89746.95,1112.3627,75.61766,,,,,,,,,,8.253985e-05,,1.5865464e-05,0.00018894106,14430.645,0.114493355,214.3129,,,,
878,2020-12-07 00:00:00+02:00,-1.243246,,,0.0,,,,,,,,,,,,,,,5.1398594e-05,3.628968e-05,1.5108916e-05,0.00015847725,14431.47,0.13093698,210.34248,,,,
879,2020-12-08 00:00:00+02:00,-1.1314024,0.035211504,357.07373,0.008157033,65646.15,3599.3613,74480.09,2599.3613,5.4295063,,,,,,,,,,5.0380593e-05,3.7251222e-05,1.3129373e-05,0.00015587987,15970.4,0.10300824,210.53432,,,,
880,2020-12-09 00:00:00+02:00,-1.0439626,0.038045,478.46786,0.0027728057,65800.52,3574.0881,74909.9,2574.088,4.979917,,,,,,,,,,5.8059708e-05,4.4185457e-05,1.3874252e-05,0.00017099797,16719.432,0.10395537,208.3393,,,,
881,2020-12-10 00:00:00+02:00,-0.59655255,,,0.6027786,56686.887,4668.97,64711.336,3668.9705,10.652113,,,,,,,,,,3.631418e-05,,1.4255909e-05,0.00013155019,16713.273,0.11932841,208.76149,,,,
882,2020-12-11 00:00:00+02:00,-0.6216719,,,0.64269763,70342.43,3015.1057,79955.07,2015.1058,1.3635986,,,,,,,,,,3.3820434e-05,,1.7600829e-05,0.00014693479,19276.094,0.12382795,208.63742,,,,
883,2020-12-12 00:00:00+02:00,-1.4975876,,,0.951252,91381.13,860.5406,100458.37,91.0635,148.19934,,,,,,,,,,4.9111997e-05,,1.4913605e-05,0.00013490794,16705.715,0.12635806,210.32018,,,,
884,2020-12-13 00:00:00+02:00,-1.2805434,0.03753869,938.50385,0.7911274,77841.94,2175.773,88172.234,1184.1765,108.166534,,,,,,,,,,2.174005e-05,,1.8402041e-05,0.00012924235,19280.588,0.12300293,208.43152,,,,
885,2020-12-14 00:00:00+02:00,-0.7751651,0.035739098,576.4262,0.83309555,79739.54,1972.3014,90580.805,972.31305,31.987497,,,,,,,,,,3.200893e-05,,1.5057878e-05,0.00013080868,17715.28,0.122159734,208.60654,,,,
886,2020-12-15 00:00:00+02:00,-1.3779873,,,0.7949595,55713.37,5003.1934,63490.543,4003.1934,5.6375756,,,,,,,,,,,,,,,0.11045702,207.91571,,,,
887,2020-12-16 00:00:00+02:00,-1.3942137,,,0.9474973,60495.734,4354.4253,68891.12,3354.4253,121.40532,,,,,,,,,,,,,,,0.11294317,210.31699,,,,
888,2020-12-17 00:00:00+02:00,-1.8878547,,,,,,,,,,,,,,,,,,3.9433588e-05,,1.480245e-05,0.00013887949,16715.121,0.120398074,212.17113,,,,
889,2020-12-18 00:00:00+02:00,-0.9950218,,,0.9132106,88602.04,1164.294,98337.97,300.5344,136.48868,,,,,,,,,,8.121341e-05,,1.5297415e-05,0.0001751544,17508.342,0.13016853,211.81717,,,,
890,2020-12-19 00:00:00+02:00,-0.9319342,,,0.62812823,71665.09,2928.88,81102.24,1928.8799,24.043667,,,,,,,,,,,,,,,0.11416508,209.97179,,,,
891,2020-12-20 00:00:00+02:00,-0.64909995,,,,,,,,,,,,,,,,,,6.337394e-05,,1.24661965e-05,0.00013959556,16717.857,0.114016205,209.14957,,,,
892,2020-12-21 00:00:00+02:00,-1.5269959,,,,,,,,,,,,,,,,,,,,,,,0.12696011,209.4981,,,,
893,2020-12-22 00:00:00+02:00,-1.1392283,,,0.8381352,91457.01,881.83527,101417.445,29.903303,1.0841084,,,,,,,,,,9.6912685e-05,,1.142435e-05,0.00016736446,16706.504,0.11593479,207.53055,,,,
894,2020-12-23 00:00:00+02:00,-1.6640987,,,,,,,,,,,,,,,,,,5.419434e-05,,1.0700588e-05,0.00011832009,16695.355,0.12326239,204.87717,,,,
895,2020-12-24 00:00:00+02:00,-0.83540285,,,0.88319844,37150.043,7545.3994,42866.062,6545.3994,106.15804,,,,,,,,,,,,,,,0.12438801,205.5466,,,,
896,2020-12-25 00:00:00+02:00,-0.6335455,,,0.5813801,78494.1,1987.8326,89040.35,994.79596,38.333736,,,,,,,,,,7.3214396e-05,5.936823e-06,9.9488325e-06,0.00012584183,16690.686,0.13588169,203.88205,,,,
897,2020-12-26 00:00:00+02:00,-0.9139518,,,0.7782362,79009.93,1953.257,89847.22,953.257,4.224159,,,,,,,,,,,,,,,0.13127425,204.16113,,,,
898,2020-12-27 00:00:00+02:00,-0.8642126,,,0.34697163,47058.18,5962.7085,53749.91,4962.7085,3.7155485,,,,,,,,,,,,,,,0.12290145,203.90376,,,,
899,2020-12-28 00:00:00+02:00,-1.3763173,,,0.8639778,59075.21,4327.159,66542.766,3327.1594,250.0,,,,,,,,,,4.6063567e-05,,1.10224055e-05,0.000103986036,14421.723,0.115278035,208.53946,,,,
900,2020-12-29 00:00:00+02:00,-1.1912088,0.03740248,578.8786,0.9331824,51382.56,5411.6514,58927.64,4411.6514,140.06825,,,,,,,,,,6.6610315e-05,,1.5361651e-05,0.00014110294,16685.936,0.13409315,213.58006,,,,
901,2020-12-30 00:00:00+02:00,-1.2507411,0.039351195,563.86786,0.00472366,52353.56,5298.039,59937.977,4298.039,6.3175745,,,,,,,,,,3.3603417e-05,1.1375197e-05,2.2228221e-05,0.00015409295,19252.943,0.14070424,216.18112,,,,
902,2020-12-31 00:00:00+02:00,-0.6118127,,,0.5543513,84196.516,1485.4258,93829.6,601.642,29.704624,,,,,,,,,,5.9021564e-05,,2.5891524e-05,0.00023372445,22135.309,0.15627909,216.7649,,,,
903,2021-01-01 00:00:00+02:00,-0.6242968,,,0.8748325,74916.83,2582.087,83202.97,1736.4786,115.80308,,,,,,,,,,3.4450302e-05,,2.1440155e-05,0.00017074606,19267.18,0.14739707,216.52856,,,,
904,2021-01-02 00:00:00+02:00,-1.8701968,0.036878504,458.85446,0.9987777,77608.0,2169.6042,88040.39,1169.6041,123.65335,,,,,,,,,,2.394174e-05,,1.8811888e-05,0.00012130775,19273.676,0.1539869,216.15787,,,,
905,2021-01-03 00:00:00+02:00,-0.780552,0.03853345,420.2271,0.19176078,81836.15,1859.0171,91883.92,939.14484,74.936554,,,,,,,,,,4.584597e-05,3.3769993e-05,1.5021395e-05,0.00012814629,19295.975,0.1371201,212.93097,,,,
906,2021-01-04 00:00:00+02:00,-0.89010817,0.039925393,448.81622,0.8720813,85716.625,1478.5713,96436.3,532.43567,102.8176,,,,,,,,,,1.36836725e-05,,1.5820868e-05,0.00010043198,22201.475,0.13113567,211.28058,,,,
907,2021-01-05 00:00:00+02:00,-0.96776545,0.037843,566.81744,0.7997037,83657.25,1676.1509,94695.86,676.2617,41.49109,,,,,,,,,,4.4089193e-05,,1.3264871e-05,0.000119876335,17147.07,0.12400494,209.18839,,,,
908,2021-01-06 00:00:00+02:00,-1.5702708,,,0.64851135,58230.367,4469.8247,66437.664,3469.8247,5.610646,,,,,,,,,,,,,,,0.11792347,210.81223,,,,
909,2021-01-07 00:00:00+02:00,-2.9435003,0.039856937,843.8724,0.016493745,56463.434,4581.3857,64897.715,3581.3857,5.3045287,,,,,,,,,,1.0198791e-05,,1.8182162e-05,9.9788514e-05,22158.393,0.12406558,213.0522,,,,
910,2021-01-08 00:00:00+02:00,-1.4193518,0.03744277,535.50824,0.82025146,50631.617,5383.927,57977.6,4383.927,179.66559,,,,,,,,,,,,,,,0.12446521,213.23825,,,,
911,2021-01-09 00:00:00+02:00,-1.1604571,0.040861353,474.7302,0.76190937,80425.69,1907.5146,91043.94,924.61414,92.828064,,,,,,,,,,1.5087054e-05,,1.833371e-05,0.00012050899,22171.945,0.13740303,212.02768,,,,
912,2021-01-10 00:00:00+02:00,-0.84148765,0.041738782,514.66174,0.7800296,80703.0,1874.4365,91824.3,874.4364,31.038769,,,,,,,,,,,,,,,0.14182547,212.7143,,,,
913,2021-01-11 00:00:00+02:00,-1.1971619,0.038094163,405.11288,0.87881863,72190.625,2830.668,80990.75,1914.9744,70.28274,,,,,,,,,,0.00012820619,,1.3273518e-05,0.00018993825,18408.316,0.14824975,211.47844,,,,
914,2021-01-12 00:00:00+02:00,-0.8151126,,,0.98353004,40368.242,6901.92,46607.035,5901.921,125.59266,,,,,,,,,,,,,,,0.1290029,212.74792,,,,
915,2021-01-13 00:00:00+02:00,-0.99202794,,,0.930938,44974.62,6113.2246,51801.297,5113.225,151.75627,,,,,,,,,,,,,,,0.14456499,212.18912,,,,
916,2021-01-14 00:00:00+02:00,-1.2559292,0.039290454,335.8008,0.64435726,75348.16,2357.5898,85509.47,1357.5898,39.727505,,,,,,,,,,,,,,,0.15219152,212.09305,,,,
917,2021-01-15 00:00:00+02:00,-0.9925866,0.041063737,185.57596,0.6077715,89079.86,1061.4553,99330.53,202.23814,91.51807,,,,,,,,,,3.646406e-05,-1.8428655e-05,2.4330628e-05,0.00017130806,22171.625,0.15333198,213.5531,,,,
918,2021-01-16 00:00:00+02:00,-0.6582909,0.045862816,219.37962,0.58237135,64739.84,3504.4985,73899.28,2504.4985,136.41052,,,,,,,,,,0.00010245682,1.594549e-05,2.2022808e-05,0.0002068303,19277.6,0.15225902,213.87871,,,,
919,2021-01-17 00:00:00+02:00,-1.2368608,0.04054696,249.13142,0.023224479,69682.055,2949.5706,79757.09,1949.5707,6.838788,,,,,,,,,,9.902642e-05,7.509421e-05,1.8375446e-05,0.00017534506,16713.246,0.14458433,212.90805,,,,
920,2021-01-18 00:00:00+02:00,-2.2914708,0.0378503,336.32462,0.8338491,78668.77,2033.5428,89735.71,1033.5428,85.99271,,,,,,,,,,0.00010140427,,1.5285781e-05,0.00013832665,19282.84,0.13156322,213.98178,,,,
921,2021-01-19 00:00:00+02:00,-0.9013125,0.03786896,289.22754,0.78298163,88402.67,1115.9396,99039.08,203.01982,59.500355,,,,,,,,,,0.00011825326,,1.9102954e-05,0.00016113263,19276.197,0.14261726,213.83908,,,,
922,2021-01-20 00:00:00+02:00,-1.0513705,0.042098172,692.0735,0.41950178,60374.09,4094.212,68814.06,3098.1118,20.43839,,,,,,,,,,0.00010115539,9.2867034e-05,1.7802784e-05,0.00017863889,16700.877,0.13731638,216.40353,,,,
923,2021-01-21 00:00:00+02:00,-0.9216258,,,0.7073326,56011.773,4697.4404,63777.77,3697.4402,39.534298,,,,,,,,,,,,,,,0.13291155,218.20654,,,,
924,2021-01-22 00:00:00+02:00,-0.48071623,,,0.84377956,41260.79,6824.49,47542.547,5824.49,99.39587,,,,,,,,,,,,,,,0.13658132,218.84207,,,,
925,2021-01-23 00:00:00+02:00,-1.0784669,,,0.24214996,41845.176,6738.1304,48110.688,5738.1304,1.331903,,,,,,,,,,0.00010006306,5.2478037e-05,2.2819797e-05,0.00020140994,16688.238,0.14277777,219.81671,,,,
926,2021-01-24 00:00:00+02:00,-1.2377355,,,0.9220057,50056.75,5481.9897,57290.734,4481.9893,106.45025,,,,,,,,,,,,,,,0.14681754,220.00043,,,,
927,2021-01-25 00:00:00+02:00,-1.276176,0.04268338,506.5635,0.82448256,85375.516,1288.193,95807.7,352.79236,23.6063,,,,,,,,,,7.374225e-05,2.2487424e-05,2.2748429e-05,0.00016566234,19236.5,0.15194415,218.74704,,,,
928,2021-01-26 00:00:00+02:00,-0.9219209,,,0.99777347,53057.39,4910.871,60877.33,3910.8708,64.8699,,,,,,,,,,,,,,,0.15064165,218.09235,,,,
929,2021-01-27 00:00:00+02:00,-1.2044073,0.039838895,607.0011,0.99848366,73841.27,2432.7488,84006.984,1432.7488,56.6208,,,,,,,,,,,,,,,0.15947217,218.33371,,,,
930,2021-01-28 00:00:00+02:00,-1.5462978,0.0370775,323.40665,0.46162212,82292.81,1666.8662,91960.76,778.128,32.18808,,,,,,,,,,5.3498246e-05,1.777724e-05,2.2036236e-05,0.00014823413,22121.697,0.1581953,220.31067,,,,
931,2021-01-29 00:00:00+02:00,-1.442415,0.038191013,393.15067,0.90849924,73671.84,2381.1372,83859.16,1381.137,70.24724,,,,,,,,,,,,,,,0.19556943,220.54707,,,,
932,2021-01-30 00:00:00+02:00,-0.56455356,0.038931876,264.71643,0.92923653,68126.266,2934.3882,77790.625,1934.3882,72.25434,,,,,,,,,,1.770133e-05,,2.6669008e-05,0.00012388255,24146.05,0.17194095,221.98291,,,,
933,2021-01-31 00:00:00+02:00,-1.2361329,0.03915699,328.8532,0.7050461,77769.695,1961.3967,88154.28,967.38464,11.088157,,,,,,,,,,2.3704717e-05,-1.3326382e-05,2.6668342e-05,0.00013661059,24174.326,0.18477711,221.64224,,,,
934,2021-02-01 00:00:00+02:00,-0.94750315,0.0369637,210.5927,0.6588981,82348.84,1588.8201,93357.15,599.97644,22.638145,,,,,,,,,,6.789911e-05,,2.6001744e-05,0.0001661387,24218.883,0.20663676,221.75937,,,,
935,2021-02-02 00:00:00+02:00,-0.8427307,0.03864565,497.3873,0.84471333,49299.145,5518.7573,56697.008,4518.7573,35.325825,,,,,,,,,,9.349242e-05,,2.8168619e-05,0.00016138943,22134.37,0.15825567,222.34827,,,,
936,2021-02-03 00:00:00+02:00,-1.5383023,0.03630542,264.82684,0.92521983,82735.77,1561.4995,93661.484,576.0112,101.43883,,,,,,,,,,0.00012017212,,2.8845041e-05,0.00019764373,22120.262,0.17270799,221.8381,,,,
937,2021-02-04 00:00:00+02:00,-1.0348583,0.040296458,164.96306,0.9709648,94616.83,562.2252,101180.78,0.03751281,13.48022,,,,,,,,,,0.000105871804,,2.8560447e-05,0.00019126607,22615.3,0.16658027,221.03702,,,,
938,2021-02-05 00:00:00+02:00,-1.0123897,0.041902788,226.47693,0.5351068,94852.9,594.3528,101818.13,0.9525969,8.873186,,,,,,,,,,0.000100324636,,2.3211425e-05,0.00018694377,24299.914,0.15641576,219.73418,,,,
939,2021-02-06 00:00:00+02:00,-1.042017,0.041335367,184.7161,0.5900801,96234.49,513.8181,102351.72,0.4828107,4.1114693,,,,,,,,,,0.00015043907,6.0773473e-05,1.4071604e-05,0.00017072541,22196.645,0.16939303,219.09203,,,,
940,2021-02-07 00:00:00+02:00,-1.4637313,0.04009611,208.35915,0.47124124,91587.06,908.5642,101915.875,57.288,17.488836,,,,,,,,,,0.00018121199,9.765002e-05,1.6344073e-05,0.0002004187,23391.953,0.16699725,218.47763,,,,
941,2021-02-08 00:00:00+02:00,-1.2712669,,,0.57734746,64418.746,3734.6384,73743.41,2734.6384,22.894722,-3.6414593e-05,0.92793673,-4.2768657e-05,0.35780704,,,,,,0.00017050575,0.000119154865,2.295091e-05,0.00019933813,19293.27,0.16488445,219.22702,,,,
942,2021-02-09 00:00:00+02:00,-0.6734908,0.039209753,419.78687,0.862656,60824.36,3924.4175,69806.86,2924.4175,24.604586,,,,,,,,,,8.30465e-05,,2.6433969e-05,0.00017334601,22157.023,0.15890646,219.88507,,,,
943,2021-02-10 00:00:00+02:00,-0.8780542,,,0.97427595,56295.273,4434.8984,64787.805,3434.8984,25.100418,,,,,,,,,,,,,,,0.1554125,222.5025,,,,
944,2021-02-11 00:00:00+02:00,-1.5436995,0.041709542,253.17142,,,,,,,9.1363436e-05,1.4702,0.00012453328,0.21028014,,,,,,0.00022081519,5.0342685e-05,2.4566365e-05,0.00025614264,22195.79,0.19501904,221.96472,,,,
945,2021-02-12 00:00:00+02:00,-1.2070777,0.039411195,145.07104,,,,,,,1.8790352e-05,1.4667923,1.6038579e-05,0.19542955,,,,,,0.00021822305,4.9406874e-05,2.4759029e-05,0.00022501562,22464.316,0.20079301,222.07903,,,,
946,2021-02-13 00:00:00+02:00,-1.0913053,0.03850796,379.9596,0.9872378,91824.91,908.14185,101898.39,55.18334,11.82608,,,,,,,,,,8.9179215e-05,,2.7762479e-05,0.00013854566,22204.86,0.20408922,222.67387,,,,
947,2021-02-14 00:00:00+02:00,-1.4477761,0.03853469,285.50366,0.6298299,78926.11,2071.5144,90001.33,1077.9126,11.571962,6.787694e-05,1.4950507,0.00010252123,0.40182495,,,,,,5.9048354e-05,7.5461554e-05,3.2558262e-05,0.00014391326,24334.514,0.19689393,222.27707,,,,
948,2021-02-15 00:00:00+02:00,-1.4907962,0.040787317,202.02396,0.4827153,92165.75,901.0399,102544.56,52.613873,6.41835,7.8906545e-05,1.4377259,0.00010281769,0.307571,,,,,,0.00016610969,8.760031e-06,3.7013186e-05,0.00024443513,21818.414,0.1913928,221.6431,,,,
949,2021-02-16 00:00:00+02:00,-1.579808,0.03921579,206.66225,0.96742576,66217.33,3390.0078,75339.62,2390.0078,10.981705,8.345493e-05,1.2811261,8.2296254e-05,0.12542656,1874.8499,3966.5264,0.008477915,1893.5352,6.4933944,7.986034e-05,1.6058893e-05,3.4931072e-05,0.00019310997,20551.512,0.18078214,222.7294,,,,
950,2021-02-17 00:00:00+02:00,-1.5806267,0.03921898,165.89304,,,,,,,8.656235e-05,1.1691413,8.37413e-05,0.2036615,,,,,,0.00013688517,3.2090626e-05,3.5880665e-05,0.00023424697,19781.902,0.1812379,223.41595,,,,
951,2021-02-18 00:00:00+02:00,-0.9531924,0.041768357,160.6534,0.6481238,91223.42,950.19885,100399.4,199.7475,1.0621705,8.8944216e-05,1.7964847,0.00014322602,0.38988754,,,,,,0.00016259971,9.9583405e-05,3.223405e-05,0.00023559593,19305.85,0.18803805,223.08643,,,,
952,2021-02-19 00:00:00+02:00,-1.7292756,0.04150472,283.34933,0.2854436,75902.06,2503.9758,83094.27,1744.8044,8.338656,-9.836475e-06,1.5706459,-1.9294861e-05,0.16550924,,,,,,0.00014662264,4.4325498e-05,3.3622622e-05,0.00021520825,16710.992,0.20526621,221.9628,,,,
953,2021-02-20 00:00:00+02:00,-1.2320492,0.038775377,672.3119,0.95474905,76533.09,2397.0269,86626.4,1403.1526,20.406282,,,,,,,,,,0.00016201587,,2.9629147e-05,0.00018072367,16712.676,0.1618107,219.78044,,,,
954,2021-02-21 00:00:00+02:00,-0.92131007,0.042157695,1786.0308,0.80040896,48887.266,5923.7637,55913.777,4923.7637,10.1403,3.3014512e-05,0.87259275,1.8652452e-05,0.5178164,,,,,,0.000136911,,3.0647083e-05,0.00018698105,14428.994,0.13952598,219.12543,,,,
955,2021-02-22 00:00:00+02:00,-1.2551281,0.038502827,1025.9948,0.45733654,93383.98,753.76105,102155.19,3.9016511,2.8235772,8.03326e-05,1.334809,9.202922e-05,0.24417052,1818.8185,3415.009,0.010044299,1842.8037,8.231299,0.00011372906,2.6162197e-05,2.5449313e-05,0.00022368628,14430.3125,0.13973415,217.85794,,,,
956,2021-02-23 00:00:00+02:00,0.9453808,0.03643772,1015.34924,0.9984695,60197.4,4518.213,68509.75,3518.213,55.266365,,,,,,,,,,7.586564e-05,,2.4359797e-05,0.00012961666,17184.432,0.16870505,217.35274,,,,
957,2021-02-24 00:00:00+02:00,-0.8220069,,,0.9915192,51574.234,5870.8037,58620.914,4870.8037,56.566204,,,,,,,,,,0.00010963394,,2.3996196e-05,0.00015324945,14432.035,0.14413717,218.45695,,,,
958,2021-02-25 00:00:00+02:00,-1.1797198,0.030510344,731.27856,0.8989076,56528.336,4794.801,64327.055,3794.8008,13.1277275,,,,,,,,,,5.61528e-05,,2.6662507e-05,0.0001350146,16709.865,0.1344791,216.93982,,,,
959,2021-02-26 00:00:00+02:00,-1.1419272,0.037860863,756.35376,0.988827,90781.805,913.0546,100346.44,74.90639,18.582102,,,,,,,,,,3.9257466e-05,,3.726293e-05,0.00015193791,24265.477,0.18432347,220.37411,,,,
960,2021-02-27 00:00:00+02:00,-1.6930277,0.03899633,495.0279,0.23926,69233.67,3159.9446,78254.13,2205.452,1.0263762,3.28964e-05,1.0677671,2.2543041e-05,0.21252272,1827.1538,3397.8757,0.0031592122,1847.0834,5.9066014,4.584299e-05,1.2862467e-05,3.3026627e-05,0.00014289218,20741.086,0.18194444,218.45201,,,,
961,2021-02-28 00:00:00+02:00,-1.0936273,0.038820438,725.94165,0.70634246,70760.47,3030.3987,80250.17,2045.3279,1.8267415,0.000137735,1.0546649,0.00013211466,0.37578154,,,,,,3.549723e-05,1.5795733e-05,3.0234409e-05,0.00012509833,20571.844,0.1785675,219.4283,,,,
962,2021-03-01 00:00:00+02:00,-1.5147823,0.037662495,595.87885,0.28882492,56364.617,5086.9224,64277.555,4086.9224,3.3348336,-1.2348555e-06,0.9263597,-1.1193286e-05,0.21062386,1848.4719,3362.0842,0.010942086,1866.343,5.00747,5.289412e-05,2.7271588e-05,2.7977472e-05,0.00013947226,16718.703,0.15864292,217.95648,,,,
963,2021-03-02 00:00:00+02:00,-1.5996132,0.038826276,682.23157,0.26786956,64008.812,3883.2021,72748.06,2883.2021,3.1876042,-1.4179326e-05,1.013316,-1.945684e-05,0.26904175,,,,,,5.156791e-05,1.8455028e-05,3.285883e-05,0.00015946876,17589.867,0.16768551,218.65048,,,,
964,2021-03-03 00:00:00+02:00,-1.2762147,0.036441047,496.88196,0.8679913,78066.81,2195.9812,88558.63,1195.9812,9.293412,6.805981e-06,1.1870985,-3.5581313e-06,0.5218039,,,,,,4.2092648e-05,1.4261887e-05,2.838797e-05,0.00013059202,16712.734,0.13976435,218.52533,,,,
965,2021-03-04 00:00:00+02:00,-1.5355574,0.038322043,304.4001,0.4595676,84627.87,1481.0685,93401.695,671.22614,3.6167574,5.1101728e-05,1.2959783,5.4347172e-05,0.28491116,,,,,,4.4877233e-05,1.0270549e-05,3.3838838e-05,0.00014355159,22140.654,0.17370465,218.41208,,,,
966,2021-03-05 00:00:00+02:00,-1.6678419,0.039608352,265.16766,0.5555296,83641.125,1565.3252,94743.53,591.0083,4.894293,4.8761194e-05,1.2543662,4.690957e-05,0.37487668,,,,,,4.7550002e-05,1.39690055e-05,3.0225874e-05,0.00013164425,24285.53,0.21039408,217.4048,,,,
967,2021-03-06 00:00:00+02:00,-1.0931281,0.039866168,350.1626,0.94556296,67623.47,3239.8694,77179.68,2239.8694,9.630478,,,,,,,,,,4.9976883e-05,,2.503673e-05,0.00011091377,19281.805,0.18772936,216.19273,,,,
968,2021-03-07 00:00:00+02:00,-2.0466397,0.036688372,236.32433,0.88331777,76889.445,2103.8806,87570.18,1106.6409,26.139954,6.797993e-05,1.4272128,8.391234e-05,0.2614623,,,,,,3.2429787e-05,5.220939e-06,2.8564948e-05,0.00010260206,16689.188,0.18865174,216.8053,,,,
969,2021-03-08 00:00:00+02:00,-1.3277285,0.038726162,113.02417,0.9984467,89201.75,1044.2231,100106.16,122.24978,16.923826,,,,,,,,,,3.4087236e-05,,3.201688e-05,0.00012592447,22163.809,0.1843014,215.83905,,,,
970,2021-03-09 00:00:00+02:00,-1.4297423,0.04418004,311.61252,0.750653,82100.14,1767.265,92787.53,803.4933,5.594182,0.00011686749,0.8735927,7.889392e-05,0.48257023,,,,,,7.859239e-05,3.8999706e-06,3.1488842e-05,0.00014513786,22178.977,0.1794285,216.47174,,,,
971,2021-03-10 00:00:00+02:00,-1.2870665,0.040326487,302.48483,0.996105,79434.25,1992.7902,90326.55,994.02466,14.729015,,,,,,,,,,6.679898e-05,,2.9431038e-05,0.00012522988,19284.152,0.17940283,216.16136,,,,
972,2021-03-11 00:00:00+02:00,-1.4827852,,,0.8091323,54853.54,4833.25,62795.414,3833.25,5.9238057,0.00018185572,0.5287279,8.3599225e-05,0.5519339,,,,,,0.00010954318,2.5795316e-05,3.1461725e-05,0.0001590665,16703.68,0.15519406,215.73297,,,,
973,2021-03-12 00:00:00+02:00,-0.9101125,0.040535137,564.9854,0.99997056,62169.53,3757.061,70932.055,2757.0608,42.91291,,,,,,,,,,5.090377e-05,,3.4030814e-05,0.00011683601,22063.918,0.1813432,219.19647,,,,
974,2021-03-13 00:00:00+02:00,-0.921234,0.037827667,435.0575,0.9999918,80932.03,1719.8303,91589.766,726.58813,75.990456,,,,,,,,,,0.00012770086,,3.385578e-05,0.0001899597,24185.3,0.1724815,219.97995,,,,
975,2021-03-14 00:00:00+02:00,-1.1659579,0.03756129,290.9107,0.99999964,73886.266,2382.663,83978.75,1382.6631,33.193214,,,,,,,,,,7.373154e-05,,3.6986254e-05,0.00015564804,24159.014,0.19723418,222.12097,,,,
976,2021-03-15 00:00:00+02:00,-1.1342375,0.03866914,248.41165,0.99009496,72917.19,2558.525,83193.61,1558.5249,10.99226,,,,,,,,,,5.4067124e-05,,3.489392e-05,0.00013892131,24222.172,0.19853783,223.07062,,,,
977,2021-03-16 00:00:00+02:00,-1.4308014,0.03857118,529.8959,0.8439008,79687.99,1959.147,90450.2,962.7258,6.6324983,-9.684925e-07,1.1962633,-5.0216136e-06,0.44243878,,,,,,7.366702e-05,2.460423e-05,3.346078e-05,0.00015491221,23365.81,0.19285923,224.13031,,,,
978,2021-03-17 00:00:00+02:00,-0.86005765,0.039603233,284.93625,1.0,94860.79,591.6488,101587.055,9.339505,32.523705,,,,,,,,,,5.200218e-05,,3.2801494e-05,0.0001370201,22595.262,0.20161393,223.366,,,,
979,2021-03-18 00:00:00+02:00,-1.2086297,0.03964777,307.65988,0.8991693,75135.28,2428.438,85598.09,1429.4248,12.5723505,8.1699596e-05,0.7268429,5.2947675e-05,0.45998687,,,,,,8.7479435e-05,4.458163e-05,3.5635137e-05,0.00015477857,22167.766,0.1983563,224.03217,,,,5.228347e-05
980,2021-03-19 00:00:00+02:00,-1.5714405,0.033029594,141.54483,0.6855267,82568.32,1687.0359,93525.23,721.268,5.5555058,0.000110310204,1.0752949,9.6509044e-05,0.33990997,,,,,,5.3714433e-05,1.2327118e-05,3.9516228e-05,0.00015221839,21946.043,0.22521722,223.4332,0.00090764614,0.32727653,0.00027701788,3.1985237e-05
981,2021-03-20 00:00:00+02:00,-1.5974514,0.039864637,472.59387,0.84342945,65335.586,3508.94,74429.34,2508.94,5.1517096,-7.059577e-06,1.1018345,-2.7870776e-05,0.45882967,,,,,,5.863134e-05,1.3908301e-05,3.4702163e-05,0.00013229885,17225.09,0.16082296,222.21906,,,,
982,2021-03-21 00:00:00+02:00,-1.5713263,0.036219634,417.33084,0.64659977,79320.31,1911.3333,88987.195,985.3207,4.132104,5.7974197e-05,0.99733984,4.4998204e-05,0.3678341,,,,,,5.769857e-05,9.566627e-06,3.7040307e-05,0.00013992167,22607.137,0.1712078,223.98294,0.00043445223,0.3183304,0.00012089986,4.121007e-06
983,2021-03-22 00:00:00+02:00,-1.8837487,0.039252732,352.0158,0.2624271,78523.44,2046.3096,88444.625,1118.7124,2.5688772,5.450857e-05,1.1525176,5.1780517e-05,0.2210032,,,,,,5.1622366e-05,1.7780661e-05,3.3091776e-05,0.00014270033,19261.8,0.18128633,222.17886,0.0007656151,0.34285718,0.00022538472,2.8403905e-05
984,2021-03-23 00:00:00+02:00,-2.1554039,0.036861084,720.14185,0.59921813,78333.98,2141.4656,88944.14,1142.1593,8.819862,5.5464516e-05,1.30833,5.7850753e-05,0.37680775,,,,,,7.29823e-05,2.5374073e-05,3.4823366e-05,0.00013096417,16707.943,0.15428562,221.64188,0.0008202945,0.30082005,0.00013447937,9.4881325e-06
985,2021-03-24 00:00:00+02:00,-1.2463076,0.036683153,568.7873,1.0,93649.16,718.9756,101766.016,10.682859,24.10334,,,,,,,,,,5.1580784e-05,,3.710423e-05,0.00014547305,15500.831,0.1503754,221.85712,,,,
986,2021-03-25 00:00:00+02:00,-1.2848203,0.03689775,773.0,0.99997383,76736.664,2302.2686,87103.59,1302.2688,13.670401,,,,,,,,,,6.675688e-05,,3.739917e-05,0.00014638432,16861.277,0.16440262,223.54265,,,,
987,2021-03-26 00:00:00+02:00,-1.7355993,0.03780485,722.66986,0.38940394,77375.016,2351.7502,87082.34,1397.7502,3.1442976,,,,,,,,,,6.3482046e-05,1.9621208e-05,4.3930013e-05,0.00016447663,22181.43,0.1753279,224.79538,1.2387674e-05,0.26943144,,-0.0002360703
988,2021-03-27 00:00:00+02:00,-1.8660284,0.04095114,766.4701,0.28461993,71002.234,3235.7717,79751.36,2281.2095,1.8257895,,,,,1838.7029,4025.3586,0.058468066,1848.275,2.919336,7.5509895e-05,3.2836244e-05,4.1816143e-05,0.00017115727,19282.484,0.16458446,225.32722,0.00072211283,0.27282122,0.00019131458,2.8047096e-05
989,2021-03-28 00:00:00+02:00,-1.7798989,0.040168237,477.11963,0.61321366,76817.83,2324.0542,87207.08,1324.0543,5.393168,0.00013884637,1.2001758,0.0001404482,0.35455364,,,,,,6.355887e-05,2.3576627e-05,4.2835498e-05,0.00018225446,22187.516,0.17188205,226.7143,0.000311111,0.41288584,0.00013054874,-1.0878017e-05
990,2021-03-29 00:00:00+03:00,-1.3642416,0.040693298,1048.2521,0.9999975,83242.47,1734.054,93705.336,757.95514,19.000978,,,,,,,,,,8.016602e-05,,3.735018e-05,0.00013816128,16714.5,0.1651853,223.64062,,,,
991,2021-03-30 00:00:00+03:00,-1.0144055,0.038970616,1426.2732,1.0,96143.234,520.8362,101903.914,1.5557793,20.936228,,,,,,,,,,6.0263177e-05,,4.147512e-05,0.00015708762,15321.76,0.14727902,224.12851,,,,
992,2021-03-31 00:00:00+03:00,-0.86109805,0.037342004,1301.3214,1.0,94415.16,640.10767,101518.23,8.618658,41.61127,,,,,,,,,,6.517564e-05,,3.9689992e-05,0.0001543306,16706.973,0.16679038,223.61014,,,,
993,2021-04-01 00:00:00+03:00,-1.3474503,0.035386603,397.73715,0.8409047,45548.727,6146.873,52191.22,5146.873,10.064013,7.223668e-05,0.9876295,5.5893906e-05,0.12746991,,,,,,6.613884e-05,2.625182e-05,4.368378e-05,0.00015791654,22160.832,0.19582033,226.30022,0.00046597415,0.34208006,0.00015735175,7.459863e-05
994,2021-04-02 00:00:00+03:00,-1.6329653,0.03661813,398.50623,0.832738,68216.42,3162.9067,77618.42,2162.9067,5.913094,-2.9906423e-05,1.0170766,-3.9086102e-05,0.31830066,,,,,,6.667409e-05,1.9762918e-05,4.622885e-05,0.00016783504,24067.715,0.18276559,226.83817,0.0002317602,0.35825667,6.199533e-05,1.589172e-05
995,2021-04-03 00:00:00+03:00,-1.4691362,0.036880136,617.5652,0.743278,87131.484,1268.114,96985.266,386.04672,7.13646,1.7703329e-05,1.0331656,1.8737497e-05,0.37534696,,,,,,7.1032286e-05,2.9366269e-05,4.8179558e-05,0.00019070256,23570.535,0.19287562,227.41873,-4.6757777e-05,0.45947245,-7.773781e-06,-1.29181535e-05
996,2021-04-04 00:00:00+03:00,-1.2264965,0.038512945,660.0283,0.9011374,75155.94,2411.3174,85339.92,1411.3171,10.573603,8.7495255e-06,0.9133042,-5.3105637e-06,0.43501475,,,,,,6.306221e-05,1.4095949e-05,4.587888e-05,0.00016027183,16701.148,0.16607115,225.82053,,,,-3.558401e-05
997,2021-04-05 00:00:00+03:00,-0.8585578,0.036564965,571.6711,1.0,58633.188,4169.737,66969.17,3169.7368,40.39537,,,,,,,,,,7.3957526e-05,,4.9045226e-05,0.00016743511,19211.75,0.18045066,226.07843,,,,
998,2021-04-06 00:00:00+03:00,-1.7178353,0.035402276,408.39178,0.6314008,71151.984,2758.1062,80721.86,1784.2437,7.123939,0.00011642788,0.88501346,5.9419268e-05,0.32607818,,,,,,6.110183e-05,7.418779e-06,5.2214662e-05,0.00016879564,27590.488,0.20744047,227.15793,-9.671743e-05,0.40712225,-4.3130523e-05,-1.5627287e-05
999,2021-04-07 00:00:00+03:00,-1.8530076,0.037515,453.3698,0.5589529,72363.78,2593.5469,82232.29,1606.4758,5.066767,3.7468428e-05,1.1135747,2.201836e-05,0.27356395,,,,,,7.2375726e-05,1.7776856e-05,5.3085205e-05,0.00019098682,24198.293,0.20227984,227.28372,0.00042015337,0.50914204,0.00016454497,-9.515539e-06
1000,2021-04-08 00:00:00+03:00,-1.9472373,0.037067953,319.89716,0.0011105039,87909.77,1121.2861,97947.24,228.9117,5.05906,7.103003e-05,0.96556306,5.5060696e-05,0.00216518,1814.4618,3145.345,0.0502007,1823.9897,2.8360956,7.442225e-05,2.134535e-05,5.3076907e-05,0.00016106914,24234.531,0.2105184,227.10547,0.0002003084,0.6170314,0.00012397429,3.669648e-05
1001,2021-04-09 00:00:00+03:00,-1.1686527,0.036844738,754.95654,0.9999316,62876.117,3865.7275,71725.73,2865.7275,15.085739,,,,,,,,,,8.5255866e-05,,4.5298515e-05,0.00013653215,19264.6,0.16562408,226.91136,,,,
1002,2021-04-10 00:00:00+03:00,-1.6811488,0.041438088,537.5904,0.745387,72761.086,2700.335,82224.26,1743.7319,6.7690773,4.6128996e-05,1.0273683,2.8798562e-05,0.3814904,,,,,,7.1619084e-05,2.0156229e-05,4.831834e-05,0.00017021087,21574.707,0.18254226,227.62085,0.00033512575,0.27845705,8.255871e-05,-4.9191865e-05
1003,2021-04-11 00:00:00+03:00,-1.8296812,0.04073509,1007.6725,0.64954096,61626.152,4105.877,70126.37,3105.8767,4.773217,9.1859845e-05,0.816666,5.789421e-05,0.4717421,,,,,,6.967674e-05,1.1194435e-05,4.785478e-05,0.00015930457,19291.617,0.17037667,226.8607,0.0018097488,0.21951678,0.00040923775,4.539588e-06
1004,2021-04-12 00:00:00+03:00,-1.6661459,0.037917424,739.4665,0.70360076,50044.746,5767.8296,57206.414,4767.9824,5.558568,6.895025e-05,0.81817615,4.3406588e-05,0.3535972,,,,,,9.9555116e-05,4.0273673e-05,4.543098e-05,0.00016575307,19281.781,0.16076903,225.6029,0.00019955772,0.33314002,5.1440817e-05,1.6035598e-05
1005,2021-04-13 00:00:00+03:00,-1.0861611,0.03972933,793.8248,1.0,72211.26,2819.8477,82027.72,1819.8479,26.951656,,,,,,,,,,9.181176e-05,,4.0325045e-05,0.00015683807,19291.758,0.15545368,225.40671,,,,
1006,2021-04-14 00:00:00+03:00,-1.424443,0.03884519,599.09186,0.73772454,85925.33,1480.3859,95136.305,634.3372,6.4443436,6.342087e-05,1.0779822,5.3153115e-05,0.33989546,1841.6204,5104.851,0.18503293,1849.672,4.2129006,6.4567175e-05,2.4775818e-05,4.806897e-05,0.00017496225,19291.348,0.16293897,223.42978,0.00021385614,0.4866743,0.00010796234,1.9569003e-05
1007,2021-04-15 00:00:00+03:00,-1.8055978,0.039688952,793.40106,0.5870719,54464.008,5031.1724,62223.25,4031.1724,5.2236366,9.0263326e-05,0.787255,6.031669e-05,0.45912945,,,,,,7.926332e-05,4.7483503e-05,4.8382604e-05,0.00016381306,19295.793,0.1635305,224.16495,-0.00039447212,0.30933988,-0.00012239773,6.8440585e-07
1008,2021-04-16 00:00:00+03:00,-1.1542964,0.040942296,1146.0647,0.79175717,60364.555,4294.0796,68711.87,3294.0793,5.867015,9.911078e-05,0.9109255,7.118022e-05,0.51107436,,,,,,6.603073e-05,1.7998796e-05,4.946835e-05,0.00015830588,19287.68,0.16142322,224.11713,,,,
1009,2021-04-17 00:00:00+03:00,-1.4046216,0.04116664,972.6824,0.33888382,79576.45,2203.214,87972.82,1346.9198,4.957141,0.00010436399,0.9891491,7.812758e-05,0.26301533,1858.1763,4101.655,0.062323406,1865.4514,2.3954659,7.337083e-05,2.2883123e-05,4.9395974e-05,0.00017226792,19293.316,0.16120942,224.65555,0.00018341833,0.4753836,7.032643e-05,3.4593395e-05
1010,2021-04-18 00:00:00+03:00,-1.4944414,0.038549338,777.86707,0.11446224,86035.15,1507.4731,95451.375,631.13306,4.5901027,8.285538e-05,0.9044499,4.9829978e-05,0.12201631,1844.7717,3609.484,0.04522738,1851.2107,2.3326244,6.821808e-05,2.2234155e-05,4.598393e-05,0.00016655879,19294.691,0.15622675,224.22556,0.0006763302,0.3875277,0.00024246774,3.822431e-05
1011,2021-04-19 00:00:00+03:00,-1.5855063,0.037472144,650.6104,0.19623435,90247.72,1077.1133,98918.67,290.43784,1.6779658,8.31241e-05,0.9568536,5.9278893e-05,0.1909169,1851.4042,3298.5874,0.016296044,1858.4563,2.4051294,7.711747e-05,2.8496195e-05,4.8621267e-05,0.00019165012,19293.0,0.16412319,224.94211,0.00028533253,0.4244388,0.00012089192,6.157053e-05
1012,2021-04-20 00:00:00+03:00,-1.9217027,0.037376843,610.93054,0.21420449,72750.74,2873.2466,81370.92,1961.0161,4.026671,7.071969e-05,0.9338269,4.0387604e-05,0.20610993,,,,,,8.4746265e-05,3.4423294e-05,5.0457536e-05,0.00018468685,22162.467,0.16714635,224.94856,0.00046574645,0.2871798,0.000112271155,1.8711962e-05
1013,2021-04-21 00:00:00+03:00,-1.8152843,0.036168262,694.4999,0.17066476,84532.086,1490.2598,94032.34,591.99493,4.7364836,8.340972e-05,1.0301067,5.862623e-05,0.13828692,1834.2975,3690.959,0.03420416,1839.3635,2.3070073,7.4485564e-05,2.1379536e-05,5.310602e-05,0.00017932878,22125.316,0.17050838,227.15114,0.00026978945,0.4031053,9.651471e-05,2.4469044e-05
1014,2021-04-22 00:00:00+03:00,-1.5980035,0.033900023,464.62543,0.75165,73915.47,2497.2407,83905.46,1504.6741,9.374833,2.2742981e-05,1.336976,8.871566e-06,0.43283233,,,,,,6.949375e-05,1.9173815e-05,5.434602e-05,0.00017351724,24227.414,0.17305532,228.89465,0.001416576,0.48178163,0.0006888916,2.3083714e-05
1015,2021-04-23 00:00:00+03:00,-1.6917415,0.03538244,599.1254,0.81860566,83470.61,1549.5983,94137.93,588.69507,8.798959,7.793067e-06,1.4995894,-1.6205293e-05,0.40542448,,,,,,6.440251e-05,1.1977652e-05,5.699598e-05,0.00018166,27707.64,0.18925092,229.7208,,,,8.867809e-05
1016,2021-04-24 00:00:00+03:00,-2.2726955,0.03533293,579.1294,0.71548593,72772.5,2658.491,82657.55,1672.0212,8.108615,2.9455348e-05,1.4643987,1.7214894e-05,0.33508176,,,,,,7.2736206e-05,1.532607e-05,5.9599708e-05,0.00016223267,24267.7,0.20323917,229.46695,4.88676e-06,0.6966918,2.7495613e-05,-6.0719094e-06
1017,2021-04-25 00:00:00+03:00,-1.8153429,0.034787744,564.7841,0.7997792,82581.8,1673.207,93424.695,690.9728,6.890794,4.2720632e-05,1.2040437,2.8083381e-05,0.4304523,,,,,,8.0245474e-05,2.6203255e-05,6.0968112e-05,0.0002076528,26323.553,0.21008095,229.47182,0.00055602216,0.60367763,0.00034114489,-2.3261755e-05
1018,2021-04-26 00:00:00+03:00,-1.9067855,0.039754953,605.4146,0.7697459,81327.45,1789.1805,91928.125,814.7565,10.450681,4.891294e-05,1.2690662,3.904605e-05,0.29254735,,,,,,8.032477e-05,1.7122711e-05,6.241217e-05,0.00020174672,23437.43,0.20698974,230.29599,0.00018196167,0.51611316,8.106984e-05,8.106245e-06
1019,2021-04-27 00:00:00+03:00,-1.6656265,0.0393165,716.68726,0.8723773,87410.836,1228.0414,98331.695,258.87372,7.865178,-3.1551826e-05,1.6451565,-8.127948e-05,0.46593562,,,,,,0.00010411459,,5.6948775e-05,0.00018893523,22153.543,0.18667921,231.011,,,,
1020,2021-04-28 00:00:00+03:00,-1.2914035,0.037957128,559.66003,0.82318276,77107.8,2238.4111,87654.91,1238.4111,7.698312,2.2866308e-05,1.5421815,6.6666453e-06,0.46318048,,,,,,8.573629e-05,,6.114654e-05,0.00019788256,22169.559,0.17357591,231.25696,,,,
1021,2021-04-29 00:00:00+03:00,-1.9137626,0.03754565,597.7118,0.53228533,74521.16,2527.4946,84328.72,1551.6466,7.37626,3.9186772e-05,1.1016622,1.6018494e-05,0.33589137,,,,,,0.00010411696,5.4726617e-05,5.9547412e-05,0.00022326133,19986.324,0.17497025,232.17404,0.00049333967,0.4138698,0.00016224824,3.640813e-05
1022,2021-04-30 00:00:00+03:00,-1.1504846,0.037468076,780.8453,0.87066317,74465.29,2535.6187,84154.58,1550.9525,22.175684,1.1381202e-05,1.1920556,-3.5765183e-06,0.48426172,,,,,,9.607676e-05,2.5661337e-05,6.486768e-05,0.00022740694,22126.133,0.18469921,230.88588,,,,
1023,2021-05-01 00:00:00+03:00,-1.7769773,0.039428443,406.5762,0.46847317,77367.125,2274.6162,86257.72,1392.6658,8.426624,8.595186e-05,0.8945929,5.375073e-05,0.23928763,1827.6934,3776.4114,0.04704938,1839.6968,2.798149,8.1459395e-05,1.458524e-05,6.839169e-05,0.00020951155,22169.746,0.17372352,231.24808,0.00024275632,0.3977962,9.813595e-05,5.123301e-06
1024,2021-05-02 00:00:00+03:00,-1.641784,,,0.9510174,35263.957,8047.455,40757.914,7047.454,7.7562885,,,,,,,,,,7.022447e-05,,5.9715174e-05,0.00017318023,16705.676,0.1606508,231.77563,,,,
1025,2021-05-03 00:00:00+03:00,-0.91369045,0.036607202,903.6629,1.0,70630.76,2856.4883,80129.89,1856.4895,46.78174,,,,,,,,,,0.0001286289,,5.5919325e-05,0.00019027379,22106.379,0.16903348,232.14757,,,,
1026,2021-05-04 00:00:00+03:00,-1.788368,0.034702994,485.921,0.21359445,86875.266,1255.8795,96241.4,398.16037,8.133771,6.5881875e-05,1.1481844,5.1474824e-05,0.13158211,1837.7096,2961.7893,0.0223653,1845.6783,2.560825,8.602672e-05,2.2155691e-05,6.332816e-05,0.00021108832,21276.68,0.1787589,232.06537,0.0006020501,0.5188847,0.00023953887,4.5050583e-05
1027,2021-05-05 00:00:00+03:00,-1.4784707,0.03559897,1326.1796,0.79595566,68611.92,3085.56,77687.53,2110.0518,26.215206,9.422575e-05,1.1477563,8.015567e-05,0.37796205,,,,,,8.492384e-05,2.3098943e-05,6.561157e-05,0.00021667627,22095.754,0.163218,233.20534,8.3472236e-07,0.55690706,4.028717e-06,-2.1648518e-06
1028,2021-05-06 00:00:00+03:00,-1.1606216,0.03243842,736.32007,0.99690306,78261.91,1989.4502,88705.75,989.4501,18.74423,,,,,,,,,,9.4917e-05,,6.3320986e-05,0.00021044145,24178.402,0.20316875,232.17899,,,,
1029,2021-05-07 00:00:00+03:00,-1.6029038,0.035185523,863.53564,0.9255104,77902.17,2079.052,88223.7,1094.8774,13.911552,-1.3883003e-05,1.8297138,-4.3212072e-05,0.46896696,,,,,,8.589175e-05,2.5705034e-05,6.669093e-05,0.000211037,22118.844,0.20070037,231.93336,,,,
1030,2021-05-08 00:00:00+03:00,-1.9931222,0.033184744,553.5871,0.5605443,79798.22,1956.3512,89746.42,1022.3628,8.166138,6.967092e-06,1.3150468,-1.5558155e-05,0.3019663,,,,,,8.611825e-05,1.7502261e-05,6.929113e-05,0.00020570015,24262.59,0.20268573,232.00339,3.5721197e-05,0.57632464,2.4674235e-05,4.4137327e-05
1031,2021-05-09 00:00:00+03:00,-2.0218046,0.036153264,529.9392,0.3038668,71152.42,2998.5322,80650.94,2005.833,8.026012,7.448243e-05,1.0818157,5.0653645e-05,0.27475694,,,,,,8.820109e-05,2.9273002e-05,5.9228892e-05,0.00019901502,17102.992,0.17307669,230.62216,0.0005280752,0.43613708,0.00015256334,9.401661e-06
1032,2021-05-10 00:00:00+03:00,-2.079099,0.033225775,1040.9222,0.0,,,,,,5.9292328e-05,0.95559,3.3984234e-05,0.0,1853.1458,3243.2244,0.010697943,1865.3192,2.851981,8.1763676e-05,2.5444288e-05,5.6319386e-05,0.00015799585,16707.766,0.14286889,230.97275,-1.5980442e-05,0.42674387,-6.742771e-06,-1.5607602e-05
1033,2021-05-11 00:00:00+03:00,-1.9334369,0.033846844,819.5051,0.12567906,92156.3,896.39374,98742.38,272.30478,3.5748794,6.2603314e-05,1.0346191,3.491194e-05,0.13038571,1862.5157,3127.8325,0.009476859,1876.2477,2.9556103,7.708876e-05,1.9861445e-05,5.7227317e-05,0.00019063066,16708.996,0.1452356,230.41502,0.0003078407,0.39464742,0.00012682853,4.0623996e-05
1034,2021-05-12 00:00:00+03:00,-2.1494298,0.037419856,1023.3457,0.095606185,87035.445,1353.2211,95094.26,597.88727,4.2774663,8.173777e-05,1.0286123,4.422645e-05,0.10653082,1844.1907,4354.9707,0.0536738,1859.5681,2.8176818,7.5765565e-05,1.9424675e-05,5.634089e-05,0.00018392183,16705.77,0.14959583,231.13237,7.934494e-05,0.48609602,4.1854888e-05,7.2086864e-06
1035,2021-05-13 00:00:00+03:00,-1.826777,0.0347209,947.73193,0.30966797,86302.62,1351.5159,94932.29,533.729,9.161236,6.9110654e-05,1.253377,4.8020534e-05,0.22619055,,,,,,7.452385e-05,1.1387929e-05,6.245544e-05,0.00018434142,21360.936,0.16983873,232.0925,0.00022047081,0.5308244,0.00011804163,2.0160045e-05
1036,2021-05-14 00:00:00+03:00,-1.0238245,,,0.99988234,86491.266,1275.1399,95854.84,400.3787,37.67769,,,,,,,,,,6.968466e-05,,5.4534125e-05,0.0001766732,22118.785,0.16517082,232.47556,,,,
1037,2021-05-15 00:00:00+03:00,-2.343159,0.03487726,971.6445,0.5315649,87213.77,1263.425,95951.125,438.01526,9.048238,4.488225e-05,1.2139723,4.9270748e-06,0.27180755,1864.2211,3500.0066,0.015540287,1876.0778,2.8058438,8.4485655e-05,4.1544918e-05,5.9391703e-05,0.00021176871,22127.67,0.150186,233.00064,-5.896166e-05,0.6611771,-2.8575647e-05,-1.0000954e-06
1038,2021-05-16 00:00:00+03:00,-1.0853229,0.032452345,970.29297,0.8801162,68845.25,3251.478,77965.69,2251.478,9.179501,-6.176171e-05,0.90702134,-5.9945138e-05,0.40032774,,,,,,7.8728466e-05,1.4472041e-05,6.270688e-05,0.00020152002,22138.906,0.15263031,231.33069,,,,-1.5012094e-05
1039,2021-05-17 00:00:00+03:00,-0.6164938,0.034402184,1643.9407,0.9939868,66042.55,3577.094,74813.414,2577.0942,68.89566,,,,,,,,,,8.553052e-05,,5.319449e-05,0.00017472437,19253.908,0.1498209,232.89238,,,,
1040,2021-05-18 00:00:00+03:00,-0.8786855,,,1.0,59610.57,4324.2314,67724.03,3324.2314,85.56788,,,,,,,,,,7.6534285e-05,,5.192141e-05,0.00015843689,19249.979,0.15446946,232.78177,,,,
1041,2021-05-19 00:00:00+03:00,-2.282198,0.03217523,1534.8325,0.6082957,52387.504,5260.2266,59762.39,4260.227,6.7609406,4.9887167e-05,0.93215275,2.07768e-05,0.36107254,,,,,,7.207942e-05,2.0617968e-05,5.8299833e-05,0.00017573201,21166.053,0.14769836,233.28458,-4.3954933e-06,0.7675359,-5.645932e-06,-1.3452745e-07
1042,2021-05-20 00:00:00+03:00,-1.5155518,,,0.9905334,42100.855,6869.249,48233.15,5869.249,17.93586,,,,,,,,,,4.851931e-05,,5.765495e-05,0.00016481777,22136.123,0.14471748,232.85205,,,,
1043,2021-05-21 00:00:00+03:00,-1.5819033,0.02932305,835.5054,0.92535865,72614.2,2685.5322,82247.42,1685.5322,15.439758,0.000120275385,0.9941108,9.7255324e-05,0.45068017,,,,,,6.5984976e-05,,6.417761e-05,0.00019453192,24228.334,0.16111723,233.431,,,,
1044,2021-05-22 00:00:00+03:00,-1.970012,0.03091866,1138.01,0.57159066,76988.28,2254.4082,86740.234,1281.5244,11.672198,0.00013354716,1.1589566,0.0001014693,0.3648475,,,,,,7.884191e-05,2.1484328e-05,5.8182806e-05,0.00019107816,22941.734,0.15351714,232.41504,0.00010228333,0.78126526,6.4399144e-05,2.5903055e-05
1045,2021-05-23 00:00:00+03:00,-1.801947,0.03101783,1291.8022,0.8191715,66743.695,3406.7761,75510.914,2420.9692,15.105017,3.7946604e-05,1.0875698,1.4182848e-05,0.3587094,,,,,,6.829784e-05,2.0784495e-05,6.006334e-05,0.00017468465,24232.742,0.16152018,233.40765,4.764772e-05,0.5192419,1.2487284e-05,-3.3668504e-05
1046,2021-05-24 00:00:00+03:00,-1.2471119,0.03251433,1082.5745,0.96541405,83117.59,1708.9088,93839.125,716.70825,20.158579,,,,,,,,,,6.596987e-05,,5.3191216e-05,0.00015984123,22175.8,0.15332201,232.49335,,,,
1047,2021-05-25 00:00:00+03:00,-1.544843,,,0.9618975,52210.465,5444.9473,59362.812,4444.9473,14.692986,,,,,,,,,,8.0825674e-05,,5.0960298e-05,0.00015969478,18664.633,0.14711796,232.2178,,,,
1048,2021-05-26 00:00:00+03:00,-1.7549274,0.02489627,1759.9266,0.97265613,63405.453,3777.7957,71995.625,2777.7957,15.113911,,,,,,,,,,6.98255e-05,,6.1036306e-05,0.00015126793,22141.87,0.17101577,234.14093,,,,
1049,2021-05-27 00:00:00+03:00,-1.2236336,0.026267063,1279.7661,0.9730375,76505.14,2364.9968,86042.87,1399.9604,15.644022,,,,,,,,,,7.630176e-05,,6.0351325e-05,0.0001958494,22148.309,0.16642731,232.11462,,,,
1050,2021-05-28 00:00:00+03:00,-2.2965446,0.033663303,987.1647,0.46147376,84862.766,1543.7742,94484.914,645.41425,8.060343,5.2768453e-05,1.3932004,4.1949894e-05,0.25587967,,,,,,8.243885e-05,2.009471e-05,6.199451e-05,0.00020221193,22165.152,0.16075848,232.41316,0.00010396721,0.647769,4.9029317e-05,6.785623e-06
1051,2021-05-29 00:00:00+03:00,-1.91063,0.032155003,779.2904,0.64490026,92510.3,830.518,100288.234,141.60826,10.311508,2.7345088e-05,1.5235574,1.2310496e-05,0.2940168,,,,,,7.560935e-05,1.5987058e-05,5.9491365e-05,0.00017755662,20146.0,0.15353622,234.60957,0.00024407875,0.538091,0.00012879001,-1.5912341e-05
1052,2021-05-30 00:00:00+03:00,-2.0773282,0.032172173,701.089,0.03296937,83107.02,1819.4602,92660.445,909.12646,6.860258,6.256992e-05,0.86860526,2.5191595e-05,0.036357433,1851.77,3189.2153,0.009755514,1862.5376,2.765304,9.630315e-05,2.934769e-05,6.706941e-05,0.00021150213,19297.578,0.16102773,233.63045,0.00013048109,0.3753618,3.667547e-05,-1.7889784e-05
1053,2021-05-31 00:00:00+03:00,-2.0188956,0.031967204,929.3042,0.010581081,65131.117,3915.3423,73303.41,2952.0808,5.6422887,4.1002895e-05,0.8947539,7.1339173e-06,0.013616454,,,,,,0.00010993219,4.2560918e-05,6.735463e-05,0.00023644416,19290.309,0.15917149,233.27414,0.0012969058,0.2928562,0.0002993803,0.00010349215
1054,2021-06-01 00:00:00+03:00,-1.3780023,0.030572504,1269.2412,0.63098204,83656.56,1689.381,93704.81,750.5833,11.803846,6.935501e-05,1.1263802,3.95488e-05,0.32626492,,,,,,8.438241e-05,2.2322125e-05,6.609289e-05,0.00021078918,20368.629,0.16284086,232.41618,-0.00016553758,0.64666224,-0.000117053845,-3.4559165e-05
1055,2021-06-02 00:00:00+03:00,-1.750441,0.0320829,1030.6907,0.30982912,86611.516,1497.036,95710.055,644.5773,7.289365,4.0873318e-05,1.1669726,1.8887637e-05,0.2157037,,,,,,8.1131584e-05,2.1011427e-05,6.0921204e-05,0.0001924269,16720.9,0.15417553,232.0688,2.9923605e-05,0.44339186,4.714194e-06,4.5410184e-06
1056,2021-06-03 00:00:00+03:00,-1.6711199,0.031805705,1174.7887,0.7919773,72337.37,2987.2065,81322.98,1992.8031,16.569847,9.6796684e-05,0.8846375,5.440682e-05,0.15804435,,,,,,6.9889735e-05,3.2358628e-06,6.188429e-05,0.00017232477,18783.195,0.15924695,233.83862,3.7838665e-05,0.33886355,1.8045252e-05,-2.0160502e-05
1057,2021-06-04 00:00:00+03:00,-2.139915,0.030887976,1196.9937,0.70363605,68852.86,3368.0015,77990.664,2368.0017,9.701701,0.00010516462,0.80013156,5.3396972e-05,0.26947394,,,,,,7.802957e-05,2.1685342e-05,6.0082544e-05,0.00017741445,19299.928,0.15120701,234.2334,8.146855e-05,0.27917752,2.2596574e-05,-1.515513e-05
1058,2021-06-05 00:00:00+03:00,-2.5387673,0.030556506,1331.2107,0.021236818,74630.81,2695.474,83365.08,1770.7043,3.8898206,,,,,1848.8726,3506.8552,0.017347423,1864.3342,3.18597,8.130689e-05,1.8615832e-05,6.258421e-05,0.0002004496,19288.236,0.14984688,233.92215,0.0005211853,0.3816533,0.00016054626,-1.2932163e-05
1059,2021-06-06 00:00:00+03:00,-2.090069,0.0296424,1153.1807,0.1502196,88473.59,1244.3563,95231.91,603.073,3.1267896,9.468443e-05,1.0900648,7.451068e-05,0.15596168,1853.7882,3363.0034,0.0105092265,1872.1528,3.7257237,8.0953905e-05,1.96864e-05,6.126751e-05,0.00020912774,16708.96,0.1525798,233.08612,0.00075740553,0.3987984,0.00020823635,3.5706988e-05
1060,2021-06-07 00:00:00+03:00,-1.8195177,0.031003091,1344.4294,0.11344473,87508.125,1318.5498,92664.734,825.2491,3.2784426,0.00012065918,1.11744,9.860254e-05,0.11065559,1839.6381,3809.5015,0.017364543,1858.293,3.5639732,8.7689434e-05,2.4024692e-05,6.3664746e-05,0.00020093833,17062.941,0.15159151,232.04817,9.104273e-06,0.5303359,-1.1269729e-05,-1.7790659e-05
1061,2021-06-08 00:00:00+03:00,-1.8056445,0.028574731,1852.5726,0.9220593,47892.977,6117.3027,54630.25,5122.002,10.393068,0.00015739282,0.91681904,0.00010752716,0.4039237,,,,,,7.07906e-05,1.4176307e-05,6.592806e-05,0.00017874813,19279.85,0.1480573,233.0919,-6.214275e-05,0.66099507,-4.6732996e-05,-1.580999e-05
1062,2021-06-09 00:00:00+03:00,-2.4525414,0.031272568,2005.6904,0.057692047,77621.45,2393.6113,86111.484,1513.5056,7.2299967,0.00012784224,1.1800115,0.000111224756,0.052770317,,,,,,8.713967e-05,2.0268404e-05,6.687126e-05,0.0002022502,18603.621,0.14918217,234.3682,-7.476744e-05,0.6306873,-4.5986606e-05,-2.1392594e-05
1063,2021-06-10 00:00:00+03:00,-2.5571737,0.030937577,1658.8629,0.07841588,84175.19,1663.6052,92515.7,844.718,7.3980327,0.00017767318,1.0221059,0.00015105211,0.05549424,,,,,,9.005687e-05,2.3486356e-05,6.477822e-05,0.00025321599,19277.273,0.15197214,234.13704,0.00011749944,0.40222925,3.5797668e-05,-5.335115e-05
1064,2021-06-11 00:00:00+03:00,-2.10715,0.028905593,2438.5835,0.5706372,59773.22,4550.6685,67794.95,3557.202,12.733772,0.00014366343,0.94795084,0.00010051678,0.17082378,,,,,,8.656656e-05,1.8190645e-05,7.402935e-05,0.00018043906,19273.047,0.15815505,234.80905,-0.00011106226,0.5529543,-6.3503816e-05,-2.691081e-05
1065,2021-06-12 00:00:00+03:00,-1.2450178,0.024770707,1779.0508,0.9423742,53533.754,5241.502,60951.168,4241.9233,21.110636,-2.8116463e-05,1.473714,-7.2049144e-05,0.33858317,,,,,,8.559643e-05,1.6316317e-05,6.428544e-05,0.00018964117,19252.066,0.14943607,233.60863,-0.00017474602,0.67016053,-0.0001532487,-6.080117e-07
1066,2021-06-13 00:00:00+03:00,-1.5908566,0.027875656,2470.8599,0.73017216,55246.984,5016.3066,62479.14,4053.879,9.014857,8.977084e-06,0.96347326,-3.0374926e-05,0.34367916,,,,,,8.087791e-05,9.888937e-06,7.323666e-05,0.00020364947,19259.293,0.16412105,234.81,0.00037869043,0.5265285,0.00019328475,1.0057306e-05
1067,2021-06-14 00:00:00+03:00,-2.0531554,0.03071113,884.0714,0.0071156505,78138.47,2247.5144,88465.53,1247.5143,2.6083927,5.0988652e-05,1.0465469,1.3337837e-05,0.005131596,1842.2869,3221.956,0.009126002,1861.865,4.082626,8.456286e-05,1.9390507e-05,6.517235e-05,0.00019441242,14428.633,0.14237902,235.41289,0.00017489654,0.35320175,6.117041e-05,1.3814596e-05
1068,2021-06-15 00:00:00+03:00,-2.293073,0.02932958,996.3955,0.45398426,61380.91,4234.0986,69496.69,3234.3481,8.592124,8.388718e-05,0.86514974,3.0611853e-05,0.30197915,,,,,,9.335503e-05,2.5479669e-05,6.260944e-05,0.00019527579,16702.508,0.14942805,234.47484,-2.211469e-06,0.30609572,-2.2386212e-06,1.7061799e-05
1069,2021-06-16 00:00:00+03:00,-2.1500373,0.030622687,1029.6625,0.028136956,87876.016,1339.1569,96089.83,559.2032,8.938224,7.736872e-05,1.0774289,4.043434e-05,0.038015008,1861.9479,2980.2476,0.005538734,1879.3683,3.695861,9.1373404e-05,3.0585757e-05,6.0795945e-05,0.00021540505,14429.203,0.14011736,235.16211,0.00020891178,0.38226607,4.1584506e-05,-6.345882e-05
1070,2021-06-17 00:00:00+03:00,-1.5430309,0.027048843,1387.5806,0.13905793,82052.24,1971.8724,91341.414,1043.6981,8.383078,9.217455e-05,1.1178406,6.3675805e-05,0.13563298,1831.0208,3940.6938,0.042173933,1848.6918,3.5126362,8.7773384e-05,2.4898793e-05,6.287459e-05,0.00020871348,13058.93,0.14160545,232.72575,0.00021473717,0.35794502,6.098199e-05,-1.6041833e-05
1071,2021-06-18 00:00:00+03:00,-2.2930775,0.030678898,1235.5642,0.089243025,92167.555,930.8813,99903.87,197.3542,3.5469224,9.2565024e-05,1.0686122,5.3940632e-05,0.0880225,1843.9331,3459.6934,0.008765805,1863.7076,3.9309094,8.5299725e-05,2.3343015e-05,6.1956714e-05,0.00019597821,13058.186,0.13794905,234.38858,-8.178795e-06,0.39158806,-3.853872e-06,-2.1686374e-05
1072,2021-06-19 00:00:00+03:00,-2.4358468,0.031192306,1297.7932,0.053417593,85300.414,1571.7012,91160.445,1005.86755,4.7078886,0.00010258044,1.1143501,6.984555e-05,0.059864257,1853.9143,3525.9817,0.0106612425,1872.1754,3.589095,8.506258e-05,2.5536667e-05,5.952591e-05,0.00019022898,13259.223,0.13631941,233.59882,-4.4864326e-05,0.5102234,-2.1003665e-05,-2.7134081e-05
1073,2021-06-20 00:00:00+03:00,-2.3506722,0.030285392,1830.98,0.2020134,90669.66,1051.2106,98230.83,317.54956,9.46068,0.00013923502,1.3724948,0.000120524215,0.10882884,1838.5902,4069.1406,0.024510166,1860.7106,4.089844,8.4893254e-05,2.480537e-05,6.0189705e-05,0.00019139101,16706.09,0.1392595,235.78543,2.1509446e-05,0.74472225,1.4753188e-05,-5.6043764e-06
1074,2021-06-21 00:00:00+03:00,-1.9651256,0.029389791,2148.628,0.009973132,78968.875,2230.69,88502.73,1266.9978,3.9979477,0.00013745569,1.0153793,0.00010076904,0.0111964885,1862.4238,4068.785,0.037973832,1881.412,3.4677405,8.36204e-05,2.5852676e-05,5.7767727e-05,0.00019811513,16558.412,0.13111806,235.72717,9.2959206e-05,0.6708331,5.7484023e-05,8.347721e-06
1075,2021-06-22 00:00:00+03:00,-1.9896522,0.030723292,2072.7861,0.23177317,82445.22,1861.8412,91191.53,979.1691,5.290031,0.00016417386,1.2708702,0.00015135107,0.22691746,1873.3351,3898.6692,0.023748493,1894.0791,3.9132214,9.037681e-05,2.7720667e-05,6.261724e-05,0.00021772253,16700.268,0.13791199,236.07846,-0.00010542636,0.7409031,-7.777168e-05,-4.0504183e-05
1076,2021-06-23 00:00:00+03:00,-1.5524603,0.03162225,2201.859,0.14954819,91545.81,967.13196,98170.945,323.54977,6.8279414,0.00016031766,1.2721658,0.00015415746,0.14227694,1836.0391,4243.259,0.038908727,1858.596,4.3431478,9.134873e-05,2.805344e-05,6.32953e-05,0.00020892898,14426.494,0.13510741,234.62854,-1.4790421e-06,0.6535648,-1.0340882e-05,-1.9054616e-05
1077,2021-06-24 00:00:00+03:00,-1.7638683,0.0307712,1995.4204,0.7779169,90552.61,1036.5168,100207.22,133.1406,9.097161,0.00018882925,1.2699285,0.00018556074,0.19539522,,,,,,8.5779815e-05,1.9658208e-05,6.734471e-05,0.00021126796,15996.711,0.1334712,234.9359,0.00014566144,0.6423367,7.9508296e-05,-2.6689395e-07
1078,2021-06-25 00:00:00+03:00,-1.0961248,,,1.0,60193.547,4396.882,67956.22,3396.8818,48.369984,,,,,,,,,,0.0001494567,,5.3671036e-05,0.00018773826,14424.854,0.13345882,236.40033,,,,
1079,2021-06-26 00:00:00+03:00,-2.120194,0.029961862,1882.782,0.40623873,85766.72,1515.133,93774.42,725.9917,7.5214725,0.000110312816,1.4002608,9.002834e-05,0.19406897,,,,,,8.11091e-05,1.8246341e-05,6.491193e-05,0.0002103447,17035.91,0.1366561,236.31403,6.311156e-05,0.8550094,6.455378e-05,-1.06284915e-05
1080,2021-06-27 00:00:00+03:00,-2.6343462,0.027348552,2484.4487,0.2826856,70949.54,3181.2803,79575.54,2221.5403,8.698889,8.4202606e-05,1.1731763,4.948338e-05,0.1717229,,,,,,8.601425e-05,1.8487926e-05,6.511196e-05,0.0001658946,16703.316,0.14237182,236.58728,1.6651358e-05,0.9093971,3.6224449e-06,8.033255e-06
1081,2021-06-28 00:00:00+03:00,-1.8825086,0.025287993,2081.9673,0.23149124,81376.72,2005.6782,89123.625,1222.7788,5.7669506,7.180963e-05,1.2127932,3.8541908e-05,0.1897896,,,,,,8.30113e-05,1.3097082e-05,7.022934e-05,0.00021252646,19270.234,0.14794172,234.50557,4.1630745e-05,0.89406955,3.3880962e-05,3.97838e-06
1082,2021-06-29 00:00:00+03:00,-2.3183866,0.028642494,3095.2925,0.4645848,46905.164,6533.1177,53209.04,5554.0894,7.451358,1.8696708e-05,0.8980806,-3.236152e-05,0.35563317,,,,,,8.206379e-05,6.4984965e-06,6.5542394e-05,0.00018779181,19266.04,0.1419662,236.47673,4.407078e-05,1.0153217,3.852728e-05,1.6652306e-05
1083,2021-06-30 00:00:00+03:00,-2.166708,0.028793132,1797.7156,0.31572995,78492.16,2207.6086,87628.234,1285.788,7.6463737,7.1871604e-05,1.1705558,2.5254387e-05,0.1415036,,,,,,8.872498e-05,2.0080297e-05,6.4913795e-05,0.00020302561,16698.398,0.13948867,236.58707,1.86385e-05,0.52641165,6.0203106e-06,-4.5484285e-07
1084,2021-07-01 00:00:00+03:00,-2.1713,0.028207887,1940.1204,0.19866258,75942.95,2532.4304,85229.766,1569.102,7.598329,0.00017420083,0.9880269,0.0001113301,0.11416523,1836.183,4184.863,0.021924302,1854.5087,3.5096552,8.712024e-05,2.400621e-05,6.400985e-05,0.00020611173,16699.684,0.13866585,236.47131,-9.54367e-05,0.6012217,-5.4762688e-05,-2.1929345e-05
1085,2021-07-02 00:00:00+03:00,-0.8737507,0.028918989,1642.5404,0.31485862,81301.125,1951.4736,90628.55,1014.64355,10.095699,0.00041894487,0.99898493,0.00033977252,0.15401828,,,,,,7.9919446e-05,1.6053544e-05,6.489872e-05,0.00021323535,16700.738,0.14080812,236.20166,4.1016374e-05,0.59529394,2.0254356e-05,-9.282527e-05
1086,2021-07-03 00:00:00+03:00,-0.26565963,0.025580646,1708.8157,0.6025318,71706.7,2974.8362,80600.59,2009.5862,15.324263,0.00034207077,1.2219565,0.00034584088,0.2906644,,,,,,7.917076e-05,1.1938317e-05,6.930487e-05,0.00021038292,16702.29,0.15179615,234.6944,-0.00012209298,0.6933502,-8.7440494e-05,-5.5275694e-05
1087,2021-07-04 00:00:00+03:00,-0.16600879,0.028261313,1607.4783,0.638526,76948.61,2380.3638,86641.86,1396.6919,9.774673,7.723859e-05,0.9916284,5.020405e-05,0.31812048,,,,,,7.7230594e-05,9.987607e-06,6.677879e-05,0.00019157495,16702.732,0.14434649,234.32452,-1.6874577e-05,0.8288112,-1.9494306e-05,2.0415377e-05
1088,2021-07-05 00:00:00+03:00,-0.8491257,0.027369296,2279.509,0.65755117,58782.06,4504.8867,66897.13,3504.8867,7.266321,-0.0002477513,0.7617127,-0.00022556068,0.42580432,,,,,,8.303299e-05,2.58889e-05,6.531997e-05,0.00019118423,16702.0,0.1417365,236.34143,,,,
1089,2021-07-06 00:00:00+03:00,-0.8390504,0.028483015,2429.7188,0.72607315,52386.777,5455.3623,59740.734,4457.946,9.9679985,-0.00016299887,0.8512019,-0.00017722018,0.39554232,,,,,,8.6079206e-05,2.9565084e-05,6.15434e-05,0.00018275701,16702.914,0.14227746,235.99374,7.2499344e-05,0.38166508,3.9218594e-05,1.5115084e-05
1090,2021-07-07 00:00:00+03:00,-0.59651804,0.0314459,2250.1543,0.21224958,86374.164,1345.8417,95285.19,527.0446,8.21081,-0.00014856158,1.1936305,-0.00021719481,0.17870726,,,,,,8.0092905e-05,1.7943044e-05,6.237204e-05,0.00020154349,14888.947,0.13352044,235.9263,0.00016059351,0.6574482,6.185487e-05,-3.260041e-06
1091,2021-07-08 00:00:00+03:00,-1.1235466,0.029249135,2663.3381,0.8391249,72948.5,2716.2324,82375.34,1738.0719,21.192228,-9.075773e-05,1.3451787,-0.00017222764,0.34465352,,,,,,7.4299205e-05,2.6978014e-05,5.6452165e-05,0.00018683902,13058.07,0.13280052,235.05118,8.6340115e-05,0.93505126,7.245133e-05,-8.553633e-06
1092,2021-07-09 00:00:00+03:00,-0.35893846,0.029247008,1772.9878,0.22997114,87220.42,1271.6953,96077.52,465.0501,7.5766525,,,,,,,,,,8.170014e-05,2.0786298e-05,6.0959464e-05,0.00018993244,14428.372,0.13132258,234.57043,-0.00019206473,0.5911228,,-6.386923e-05
1093,2021-07-10 00:00:00+03:00,-0.67863166,0.029542327,1700.1472,0.24363084,77913.34,2192.966,87967.625,1205.3102,7.137314,7.447431e-05,1.2133269,3.684934e-05,0.35883537,1841.1208,4161.9946,0.030637864,1874.6915,3.3690262,8.140864e-05,1.783777e-05,6.534153e-05,0.00019314588,16258.404,0.1307815,236.59615,1.872496e-05,0.55502987,8.505853e-06,-3.2233465e-06
1094,2021-07-11 00:00:00+03:00,-0.4541426,0.029747222,1227.7012,0.20758218,88398.53,1144.119,97983.0,284.61823,9.352816,,,,,,,,,,8.458316e-05,2.3336086e-05,6.153363e-05,0.00019507622,16227.873,0.13078167,237.07388,-0.00012318188,0.9873084,,-5.0927018e-05
1095,2021-07-12 00:00:00+03:00,-0.61814815,0.030551113,2011.5759,0.25465804,81212.44,1855.9061,90169.69,992.8693,6.763053,,,,,,,,,,8.2916435e-05,1.981344e-05,6.410315e-05,0.00020326293,14428.383,0.13042502,237.07892,-0.00012487867,0.983078,1.1357292e-05,-5.6752462e-05
1096,2021-07-13 00:00:00+03:00,-1.4327109,0.032570265,2533.5935,0.20019753,86637.2,1319.8159,95818.016,480.30362,8.557514,0.00019715136,1.321095,0.00019571128,0.15134586,,,,,,9.605221e-05,3.0943836e-05,6.357111e-05,0.00018077585,16705.363,0.13295618,237.55502,-9.931275e-05,0.98723054,-9.155872e-05,-3.4992736e-05
1097,2021-07-14 00:00:00+03:00,-0.29193366,0.031478267,2550.81,0.21155214,75499.2,2491.463,84597.87,1562.671,6.8680124,0.00025405883,1.1521039,0.00022390267,0.1646593,,,,,,9.4370596e-05,2.734939e-05,6.664304e-05,0.0002177915,16702.707,0.13595344,234.31438,-5.4044638e-05,0.8078382,-3.8401766e-05,-2.2569118e-05
1098,2021-07-15 00:00:00+03:00,0.23191033,0.034040153,3236.9622,0.11224929,68169.01,3379.0752,76830.55,2418.9304,5.531745,,,,,,,,,,9.622562e-05,3.015488e-05,6.6070745e-05,0.0002142009,14424.817,0.13172051,237.13849,-0.00015380184,0.58693516,-8.9238536e-05,-3.9931427e-05
1099,2021-07-16 00:00:00+03:00,-0.32372966,0.032379188,2953.6172,0.014039163,86994.72,1325.6794,93391.78,706.7853,6.5544205,,,,,,,,,,8.776929e-05,2.0540036e-05,6.722926e-05,0.00020756331,14426.205,0.13633168,237.10217,-3.4447876e-05,0.59227747,-1.8606323e-05,-1.06792395e-05
1100,2021-07-17 00:00:00+03:00,-0.7045816,0.031193132,2986.0461,0.42646757,47232.258,6148.5137,53827.188,5166.3584,8.8145,,,,,,,,,,8.726523e-05,2.5281337e-05,6.5171684e-05,0.00020131032,14426.369,0.13331202,236.81824,-1.3063225e-05,0.85912204,-1.604003e-06,1.2524018e-05
1101,2021-07-18 00:00:00+03:00,-0.28286958,0.038732424,1389.6355,0.05594331,84579.41,1510.6571,94433.4,597.5886,8.021017,0.000100242396,1.08923,4.8370755e-05,0.06471409,1865.2217,3815.9138,0.027739337,1887.1808,2.6593912,7.989568e-05,1.4166668e-05,6.579557e-05,0.00021318134,16697.535,0.13824654,237.56616,7.4929965e-05,0.57734936,1.2300257e-05,-2.9936244e-05
1102,2021-07-19 00:00:00+03:00,0.020207753,0.040222194,1397.0079,0.7312182,72285.61,2771.8806,81723.75,1786.6262,15.188538,-1.0791868e-05,1.2768188,-6.605008e-05,0.35687953,,,,,,7.5155156e-05,1.0993408e-05,6.715512e-05,0.00020290818,19266.93,0.14913113,233.64227,-0.00020558393,0.6130382,-0.000120522236,7.5788165e-07
1103,2021-07-20 00:00:00+03:00,-0.33147034,0.04410683,1329.3013,0.69636965,75702.9,2401.5872,85634.0,1405.1455,11.918896,6.691314e-05,1.2846067,2.0666346e-05,0.34525567,,,,,,7.456717e-05,1.1592132e-05,6.629349e-05,0.00018863667,16700.953,0.14551643,236.21793,8.686537e-05,0.5438273,4.9345705e-05,1.3741781e-05
1104,2021-07-21 00:00:00+03:00,-0.5114598,0.03943959,1077.9677,0.24046828,83035.61,1687.0188,92420.805,798.87335,8.281345,3.650703e-05,1.3238574,-4.7210865e-06,0.18905571,,,,,,7.786344e-05,1.1785791e-05,6.649246e-05,0.000194027,16705.238,0.15008758,236.49118,5.2515585e-05,0.5850971,2.071002e-05,1.0891709e-05
1105,2021-07-22 00:00:00+03:00,-0.49955162,0.048370257,1307.1885,0.15665844,84539.47,1530.8191,93895.59,658.70953,7.4974065,7.630589e-05,1.2588995,2.8351209e-05,0.11886504,,,,,,8.025108e-05,1.5863394e-05,6.473173e-05,0.00019725358,16706.49,0.14583248,236.8681,5.781e-05,0.5463494,1.919057e-05,-7.992537e-06
1106,2021-07-23 00:00:00+03:00,-0.28418785,0.043829232,1563.4176,0.1480392,86743.97,1345.0527,93879.47,668.2728,6.4957857,8.149329e-05,0.97096777,1.7332315e-05,0.119554676,1841.1565,3622.1802,0.029132621,1862.7207,2.8002229,7.882173e-05,1.1460266e-05,6.565456e-05,0.00020528848,16702.055,0.14495963,236.29196,0.0002321511,0.37484765,5.7343237e-05,-5.165526e-05
1107,2021-07-24 00:00:00+03:00,0.06243232,0.034533434,1082.7421,0.076516554,92229.02,788.74536,99794.89,128.16266,4.8441634,5.860862e-05,0.983193,-1.0883705e-06,0.08886406,1811.7535,3000.5007,0.029331708,1845.7898,3.757936,8.612248e-05,1.6038422e-05,7.008406e-05,0.00022487088,19277.994,0.14985791,235.44409,0.00055135036,0.3765595,0.00018289222,-1.0280064e-05
1108,2021-07-25 00:00:00+03:00,-0.0043468177,0.03292803,1347.4136,0.0027316893,99931.56,118.179115,101213.17,9.210176,6.5691385,6.71622e-05,0.8552301,1.4177169e-06,0.03125781,1828.5331,4595.182,0.023583353,1853.9641,2.8411622,8.489056e-05,1.6838268e-05,6.805229e-05,0.00020485724,16709.11,0.1473419,235.86574,0.00014522039,0.3169682,4.6092202e-05,-3.8124804e-06
1109,2021-07-26 00:00:00+03:00,-0.46073937,0.036938258,1467.1304,0.1053039,78137.41,2209.2297,86736.414,1344.8828,4.569787,0.0001076311,1.0089788,5.0318144e-05,0.08846997,1842.5219,4886.9478,0.039816726,1870.5189,2.9397519,8.8559915e-05,2.093814e-05,6.7621775e-05,0.00021043413,16708.695,0.14914924,236.13005,1.8992505e-06,0.5086836,-9.676989e-06,-8.0404025e-06
1110,2021-07-27 00:00:00+03:00,-1.0209095,,,0.9990711,53552.113,5089.09,61104.36,4089.09,35.588234,,,,,,,,,,7.4341406e-05,,5.844438e-05,0.0001704234,16701.062,0.14283147,236.48059,,,,
1111,2021-07-28 00:00:00+03:00,-0.8662095,0.03360281,2495.3093,0.39381665,84619.53,1538.1453,94084.66,658.25366,8.1442175,9.3130366e-05,1.586131,8.890657e-05,0.32957536,,,,,,8.093463e-05,2.1468746e-05,6.0255887e-05,0.00020238917,16697.703,0.14280985,235.66342,3.3519646e-06,0.7511246,2.7974384e-06,-1.3835034e-05
1112,2021-07-29 00:00:00+03:00,-1.3077337,0.035130534,1855.0945,0.3266486,77440.56,2246.737,86986.7,1296.972,10.275829,0.00010631124,1.1298655,6.737454e-05,0.12106115,,,,,,8.0860125e-05,2.1089783e-05,6.258761e-05,0.00016370199,16693.336,0.14117138,235.77797,-8.5588086e-05,0.63060915,-5.150642e-05,-3.6696772e-05
1113,2021-07-30 00:00:00+03:00,-1.2263659,0.029804882,1190.9634,0.67536896,73955.36,2628.3867,83535.76,1645.2498,10.919696,2.6248008e-05,1.5340183,-1.00033385e-05,0.38947746,,,,,,7.5983786e-05,1.4647647e-05,6.4885644e-05,0.00019910988,22111.797,0.15557474,235.53436,3.8165937e-05,0.98394775,6.18591e-05,-7.0370033e-06
1114,2021-07-31 00:00:00+03:00,-0.8661665,0.038934655,1678.8967,0.39106125,81427.55,1842.563,90918.25,932.18024,8.37252,2.7254173e-05,1.5521424,-6.9700172e-06,0.22638837,,,,,,7.565705e-05,1.6835515e-05,6.0475628e-05,0.00018727509,19246.855,0.14319304,236.84926,-1.2245731e-05,0.8802875,6.59129e-08,1.3909972e-05
1115,2021-08-01 00:00:00+03:00,-0.58402395,0.034566484,1451.2968,0.33268887,81130.39,1875.0908,91073.16,924.8699,8.029184,5.3171603e-05,1.4417136,2.1460124e-05,0.2555949,,,,,,7.7018194e-05,1.6333379e-05,6.1593295e-05,0.00018967286,19815.906,0.14885426,236.89096,1.2489556e-05,0.75727403,1.8543424e-05,-1.7584757e-06
1116,2021-08-02 00:00:00+03:00,-0.9340975,0.029865976,2173.4583,1.0,56399.773,4683.296,64275.68,3683.2957,17.835695,,,,,,,,,,8.032971e-05,,5.734223e-05,0.00017298738,18363.012,0.1454291,235.91348,,,,
1117,2021-08-03 00:00:00+03:00,-0.7530889,0.03666693,1074.2919,0.7008103,75257.05,2447.7917,85174.805,1448.4897,11.480351,1.2964023e-05,1.2632222,-4.1038526e-05,0.33624136,,,,,,6.834873e-05,1.6612925e-05,6.275708e-05,0.00019604179,20149.27,0.15347707,235.8495,-5.9483077e-06,0.52886724,1.1023918e-06,2.545221e-05
1118,2021-08-04 00:00:00+03:00,-0.85267544,0.034347445,1310.6738,0.5848281,72226.03,2801.5352,81690.33,1812.7661,10.58914,4.693792e-06,1.1056075,-5.3420357e-05,0.32503942,,,,,,8.646606e-05,2.3882549e-05,6.398555e-05,0.0002144865,22163.102,0.15875466,235.61053,8.252151e-05,0.4502449,3.0738338e-05,7.6704714e-07
1119,2021-08-05 00:00:00+03:00,-0.57354784,0.036456414,1165.7014,0.5257724,76084.77,2381.5698,85358.5,1443.1887,9.738586,2.643e-05,1.1246798,-2.4304793e-05,0.22521101,,,,,,8.153927e-05,1.8331757e-05,6.321456e-05,0.00019871604,21284.445,0.15611346,236.63858,0.00014260515,0.54418993,6.033171e-05,9.34467e-06
1120,2021-08-06 00:00:00+03:00,-0.9915278,,,0.76961464,34064.137,8331.892,39319.883,7331.892,6.87294,0.00031921113,0.45714593,9.177715e-05,0.5162796,,,,,,7.2806055e-05,,6.146821e-05,0.00017412484,16694.932,0.14522842,235.39781,,,,
1121,2021-08-07 00:00:00+03:00,-0.8077182,0.035535626,1723.8447,0.89825857,79706.08,1983.2163,90101.414,983.2163,16.348581,0.00010259339,1.3959689,9.283157e-05,0.45905223,,,,,,7.042209e-05,,5.874804e-05,0.00018082776,19242.875,0.14668384,235.5452,,,,
1122,2021-08-08 00:00:00+03:00,-1.2238886,0.03696949,2553.1462,0.5867247,40652.89,7227.286,46654.203,6229.878,6.8840084,9.234411e-05,0.8198199,1.8075174e-05,0.34073317,,,,,,7.052874e-05,1.5445406e-05,5.8076996e-05,0.00018059532,16698.514,0.13633287,234.87982,0.0006924588,0.31480265,0.0001587027,3.314554e-05
1123,2021-08-09 00:00:00+03:00,-0.6502816,0.033964075,2466.9011,0.8878603,50682.473,5564.609,57866.555,4567.2354,89.70668,0.00010234428,1.0457398,6.411013e-05,0.36457658,,,,,,8.510235e-05,2.6084464e-05,6.0548497e-05,0.00021232585,19277.578,0.14717108,234.83319,-3.3218923e-05,0.45104727,-1.2973351e-05,1.5344356e-05
1124,2021-08-10 00:00:00+03:00,-0.9444728,0.036668256,1495.3306,0.6800871,58362.812,5027.829,65894.77,4055.9683,26.62964,4.4598175e-05,1.3929135,5.8081964e-06,0.2266156,,,,,,7.8725374e-05,8.673784e-06,6.276296e-05,0.00019265781,20471.756,0.14688087,234.81815,2.9080229e-05,0.7332938,2.6093798e-05,-1.2261582e-05
1125,2021-08-11 00:00:00+03:00,-0.74409676,0.036729675,2377.9805,0.9130833,55476.664,5002.8213,63035.69,4002.8213,12.931639,6.801706e-05,0.6665486,3.4624277e-06,0.4764731,,,,,,7.460048e-05,2.0778563e-05,5.8662517e-05,0.00018168055,20165.35,0.14787951,235.3289,,,,
1126,2021-08-12 00:00:00+03:00,-0.9673825,0.036832128,2308.8032,0.69895273,61641.664,4370.5796,69495.375,3401.7349,11.403336,4.896432e-05,1.5926491,-6.4289998e-06,0.34994632,,,,,,7.6970144e-05,1.7740324e-05,6.237432e-05,0.00019282576,22164.904,0.14870611,234.9495,-6.3480154e-05,0.83352304,-4.862807e-05,-2.8976194e-05
1127,2021-08-13 00:00:00+03:00,-0.36912498,0.046862308,1517.8269,0.22306283,90248.734,1086.707,99063.92,267.76746,7.275686,6.5528264e-05,1.2793958,3.4190714e-05,0.15954995,,,,,,7.57575e-05,1.6599526e-05,5.9001446e-05,0.0001950334,17092.502,0.13591981,234.89252,9.1252e-06,0.60537624,-5.3994827e-06,-2.7664822e-05
1128,2021-08-14 00:00:00+03:00,-2.1646729,0.038419876,2680.3467,0.5975297,72444.91,2905.76,81718.42,1906.3442,7.510929,7.483435e-05,1.2185884,4.1684674e-05,0.36384952,,,,,,7.90888e-05,2.269045e-05,5.7002293e-05,0.00015534228,17745.217,0.13829292,234.31995,-0.00021905666,0.520149,-8.610088e-05,-1.327979e-06
1129,2021-08-15 00:00:00+03:00,-0.43048653,0.034685317,1113.6853,0.8039131,62834.883,4104.1094,71085.2,3105.8274,18.188232,9.9755736e-05,1.1660742,7.672054e-05,0.40913582,,,,,,7.143613e-05,2.199932e-05,5.770318e-05,0.00018389973,18702.783,0.14233506,234.60678,,,,
1130,2021-08-16 00:00:00+03:00,-0.84213626,0.034834247,2341.4412,0.35992306,64130.945,4088.5056,71889.445,3135.2986,8.312108,4.9166243e-05,1.0730623,7.3680003e-06,0.30226517,,,,,,8.168412e-05,1.8702976e-05,6.1187595e-05,0.00019115821,18512.176,0.14254577,235.64786,3.1155825e-05,0.38875768,1.5860269e-05,-8.5925785e-06
1131,2021-08-17 00:00:00+03:00,-0.68240523,0.038008507,1755.238,1.0,57342.96,4721.2324,64995.89,3721.2324,51.88097,,,,,,,,,,0.0001396097,,5.8957237e-05,0.00019052836,16687.748,0.137498,236.01894,,,,
1132,2021-08-18 00:00:00+03:00,-0.6209102,0.030091446,1671.9502,0.9548764,67551.67,3329.1936,76574.78,2329.1934,26.462914,-5.3064e-07,0.9669393,-4.281134e-05,0.29700175,,,,,,7.1128554e-05,2.390906e-05,6.195589e-05,0.00019117992,22108.0,0.1530352,234.9032,0.00041457714,0.42432657,0.00016715193,-1.7241611e-05
1133,2021-08-19 00:00:00+03:00,-1.2521381,0.032846168,1586.4935,0.82391846,66680.19,3419.1877,75534.3,2423.6597,13.681305,-0.00013798662,1.0824472,-0.00016205185,0.44877917,,,,,,7.27961e-05,1.95182e-05,5.6130877e-05,0.00019204896,20680.281,0.14927268,234.74884,0.00019425081,0.6080766,0.00014508265,1.3334784e-05
1134,2021-08-20 00:00:00+03:00,-0.26537663,0.03750963,1090.0133,0.6271875,76433.8,2386.5156,86146.31,1399.6602,13.770676,2.6318681e-05,1.1672759,-1.1724897e-05,0.26954252,,,,,,7.20113e-05,1.790911e-05,5.7096066e-05,0.00019363544,17732.352,0.14078754,233.73703,0.00085290393,0.4067766,0.00019352422,9.537042e-06
1135,2021-08-21 00:00:00+03:00,-0.92645717,0.03610702,1602.6244,0.49346304,76774.984,2389.4917,85708.1,1471.1367,9.06226,-1.8855326e-05,1.2520579,-7.08095e-05,0.31757873,,,,,,6.889743e-05,8.598752e-06,5.99961e-05,0.00018308917,22157.29,0.15003613,233.74413,6.415766e-05,0.60103095,3.2332224e-05,2.3733242e-05
1136,2021-08-22 00:00:00+03:00,-0.58463395,0.03857577,1144.3479,0.581156,82019.3,1866.4343,91630.375,933.7992,7.985116,3.401164e-05,1.2393328,-3.2186015e-06,0.20723376,,,,,,7.244806e-05,1.2510024e-05,5.8221405e-05,0.00018610204,21883.332,0.14660543,235.18295,0.00019802927,0.5659839,0.0001071724,1.4741029e-05
1137,2021-08-23 00:00:00+03:00,-0.29613206,0.06033379,853.9031,0.06905934,89813.09,1142.851,97478.1,422.64282,4.273836,4.525163e-05,0.9308634,-3.3187516e-06,0.08279231,1848.7719,4196.1855,0.03817833,1874.1492,2.986025,7.5895616e-05,1.8881947e-05,5.6966514e-05,0.00018931658,19289.951,0.14402005,233.98062,0.00017045585,0.42076513,6.0613907e-05,5.3946987e-06
1138,2021-08-24 00:00:00+03:00,-0.8272279,0.043712065,926.5013,0.8322102,87659.12,1337.1744,98472.805,357.92694,9.070306,-4.382753e-05,1.7800868,-0.00012575317,0.43896386,,,,,,6.858213e-05,7.4833465e-06,5.2110197e-05,0.00018130663,19295.258,0.14164011,233.51453,-0.0001050331,0.3040008,-3.1930147e-05,1.5182582e-05
1139,2021-08-25 00:00:00+03:00,-0.62586844,,,1.0,50621.37,5743.0566,57621.023,4743.056,144.94807,,,,,,,,,,7.741139e-05,,4.821601e-05,0.00013253208,16884.777,0.1394014,233.0627,,,,
1140,2021-08-26 00:00:00+03:00,-0.693651,0.041239206,1570.4454,1.0,64369.72,3716.4712,72892.78,2716.471,42.14037,,,,,,,,,,8.416061e-05,,5.466619e-05,0.0001710934,19255.924,0.14089197,233.30807,,,,
1141,2021-08-27 00:00:00+03:00,-0.5841173,0.044073906,1691.8374,0.99999475,80227.41,2015.877,90387.734,1015.89905,26.164543,,,,,,,,,,7.5104785e-05,,5.437043e-05,0.00017702905,19274.344,0.1394523,233.41565,,,,
1142,2021-08-28 00:00:00+03:00,-0.78227985,0.040928822,2420.122,1.0,61025.734,4245.8525,69229.75,3245.8525,20.050865,,,,,,,,,,7.265502e-05,,5.4013348e-05,0.0001704754,18276.531,0.13574441,233.80188,,,,
1143,2021-08-29 00:00:00+03:00,-0.9679104,0.041433595,1567.6587,0.672498,75555.43,2502.733,85107.63,1517.757,7.855333,1.9303374e-05,1.0648378,-1.62215e-05,0.3707028,,,,,,7.113342e-05,2.1104235e-05,5.4908276e-05,0.00018685462,19270.719,0.140607,232.44254,8.1833845e-05,0.46711054,3.438438e-05,-2.8983163e-06
1144,2021-08-30 00:00:00+03:00,-1.4523072,0.040509764,1408.87,0.5389588,81427.836,1903.3931,91531.766,924.10333,8.655288,7.0343485e-05,1.2547448,3.4882356e-05,0.27185157,,,,,,7.38578e-05,2.4617604e-05,5.031919e-05,0.00015970958,16706.291,0.1327827,233.11168,-0.000100539546,0.6886197,-6.806073e-05,-2.6361731e-05
1145,2021-08-31 00:00:00+03:00,-0.7004545,0.03694863,1763.5106,0.9248347,58708.21,4617.345,66565.14,3617.3447,10.525591,6.624069e-05,0.9071101,1.2422163e-05,0.4663976,,,,,,0.00010031162,,5.1981915e-05,0.00019034484,16701.611,0.12911184,233.13745,,,,
1146,2021-09-01 00:00:00+03:00,-0.62318015,0.042478092,1176.1151,0.5082512,67712.375,3514.375,76348.46,2535.0938,6.3217354,-5.3287775e-05,0.9915312,-8.450099e-05,0.3884436,,,,,,6.574963e-05,1.20594e-05,5.3990938e-05,0.00017255885,16703.152,0.13842243,232.53145,0.00018683294,0.4501928,7.597534e-05,1.1502887e-05
1147,2021-09-02 00:00:00+03:00,-0.63080806,0.041661084,1023.05414,0.31592894,82934.22,1763.5118,92560.945,846.04626,6.2003117,1.8894601e-05,1.2868043,-2.235371e-05,0.23421626,,,,,,6.242488e-05,9.456571e-06,5.2109914e-05,0.00016783425,17595.645,0.13656308,232.46945,8.9357265e-05,0.5342623,5.185155e-05,-3.309541e-06
1148,2021-09-03 00:00:00+03:00,-0.5107254,0.038143467,840.70795,0.7433866,73302.875,2727.7974,82591.49,1752.2262,8.397139,-4.219812e-06,1.369724,-5.198395e-05,0.36037943,,,,,,6.678528e-05,1.9506075e-05,4.964203e-05,0.00017487566,17212.78,0.12660946,233.20645,-9.221167e-05,0.7679309,-4.551966e-05,-1.5517146e-05
1149,2021-09-04 00:00:00+03:00,-0.8475157,0.042934533,916.2528,0.59115964,70166.06,3071.692,79504.8,2094.903,9.763173,3.3615892e-05,1.0923417,-1.5166905e-05,0.3189748,,,,,,6.383998e-05,1.8446288e-05,5.0912266e-05,0.00018369283,22169.555,0.14161615,232.50894,9.8251614e-05,0.66369534,6.4281354e-05,7.718475e-06
1150,2021-09-05 00:00:00+03:00,-0.35409185,0.041890893,612.8131,0.45896718,77278.41,2374.8252,87154.03,1409.7242,8.022526,4.1593372e-05,1.0100228,-6.0449593e-06,0.31026116,,,,,,8.455597e-05,2.9617062e-05,5.1755007e-05,0.00019125338,19299.26,0.1383003,232.09248,7.611085e-05,0.4630111,2.6666303e-05,-1.6331847e-05
1151,2021-09-06 00:00:00+03:00,-0.50241,0.0357801,628.9792,0.99720055,75336.8,2568.1719,85194.78,1568.1716,26.24675,,,,,,,,,,6.905134e-05,,5.0655613e-05,0.00016860856,16716.074,0.13654408,232.57913,,,,
1152,2021-09-07 00:00:00+03:00,-0.42970467,0.041318566,1112.6433,0.31825542,74199.25,2899.8545,82776.66,1980.5933,5.7155647,6.680538e-05,1.0038795,2.0832533e-05,0.27976194,,,,,,7.106684e-05,1.3822415e-05,5.43949e-05,0.00018396396,16366.422,0.13306834,232.93205,0.00033307262,0.29611173,8.5492655e-05,-4.4225517e-06
1153,2021-09-08 00:00:00+03:00,-0.6730052,0.032889336,2030.8142,0.30408084,86958.31,1392.9448,97099.11,437.68353,6.1860895,6.062577e-05,1.2739252,3.1339354e-05,0.17218553,,,,,,6.9330315e-05,1.8804452e-05,5.1498595e-05,0.00018314572,14304.646,0.122558735,232.75479,0.000268008,0.36827385,3.7686405e-05,-2.1910802e-05
1154,2021-09-09 00:00:00+03:00,-0.61999017,0.033956937,1529.4006,0.7686938,80876.805,1955.7363,91147.69,963.4938,7.9105606,-7.5972193e-06,1.4170787,-4.2623866e-05,0.3075857,,,,,,6.4996406e-05,1.8356739e-05,4.753611e-05,0.00018081858,13605.73,0.12108527,232.27527,0.0001285072,0.44644508,3.8904953e-05,-2.5441208e-05
1155,2021-09-10 00:00:00+03:00,-0.27175242,0.036825776,1791.7856,0.1281533,87704.85,1320.8151,94342.305,678.69415,3.1515212,0.00012624185,1.0671613,0.00010270499,0.13551134,1811.7294,7205.1313,0.07908728,1835.3384,3.3216443,8.945711e-05,4.0572228e-05,4.888489e-05,0.00021994312,14426.836,0.124440745,231.34819,0.0006587425,0.31860644,0.00017597523,2.0077852e-05
1156,2021-09-11 00:00:00+03:00,-0.6599507,0.03624612,1987.2534,0.22556502,85153.34,1569.8066,93951.305,701.839,5.6352043,0.000121663084,1.0761898,9.1568116e-05,0.19985732,1817.2496,4319.937,0.048317116,1849.5747,3.6718428,8.1522216e-05,3.454681e-05,4.688719e-05,0.00019217326,14425.665,0.12865877,230.41574,0.00022408707,0.3615945,7.2049195e-05,-4.7547073e-06
1157,2021-09-12 00:00:00+03:00,-0.4708948,0.037875578,1862.9786,0.9910722,69260.22,3309.8755,78242.625,2309.9204,13.341112,,,,,,,,,,6.257807e-05,,4.2645188e-05,0.00016075678,16699.9,0.12572506,230.10281,,,,
1158,2021-09-13 00:00:00+03:00,-0.7060372,0.03890332,1368.9275,0.9408741,88598.75,1125.8171,98735.516,198.69666,15.267082,-5.5547887e-05,1.1838781,-8.0859056e-05,0.3033562,,,,,,5.6272314e-05,1.1691671e-05,4.132129e-05,0.00015057172,16697.7,0.12610698,229.58246,-8.187727e-05,0.42014912,-5.1767285e-05,-2.7257338e-06
1159,2021-09-14 00:00:00+03:00,-0.77791214,,,0.54326063,41451.355,7185.627,47329.242,6185.627,5.684621,3.635984e-05,0.8049329,-6.0712778e-06,0.4003909,,,,,,6.633095e-05,2.21834e-05,4.1752224e-05,0.00015503823,14842.064,0.1222128,229.01501,0.00020842116,0.30245814,5.9498285e-05,-1.5881024e-05
1160,2021-09-15 00:00:00+03:00,-1.5861048,0.038609102,994.6882,0.7930451,81218.98,1911.5393,91499.305,939.43695,19.712248,6.6300716e-05,1.4373727,6.8393456e-05,0.26822263,,,,,,5.9967602e-05,2.1310372e-05,4.1301173e-05,0.00014082807,13888.784,0.12198847,229.6808,6.9344875e-05,0.7176374,5.53137e-05,-9.660719e-06
1161,2021-09-16 00:00:00+03:00,-0.5463512,,,0.88535565,41056.344,7293.1396,46986.797,6293.1396,11.249069,0.00010203281,0.7073976,4.7475056e-05,0.3910865,,,,,,6.093679e-05,1.2776812e-05,4.6951318e-05,0.00016702128,16708.52,0.12628064,229.11453,-0.00065488875,0.20966722,-0.00012861575,-9.603061e-06
1162,2021-09-17 00:00:00+03:00,-0.5133171,0.038915403,1115.5969,0.92642677,71452.55,2926.873,80826.09,1927.3005,20.86448,0.00013739154,0.9625695,9.437561e-05,0.45269132,,,,,,6.562195e-05,3.104616e-05,4.4472705e-05,0.00016858953,17734.797,0.1219096,230.68402,2.165693e-05,0.23447469,8.644211e-06,1.6536342e-05
1163,2021-09-18 00:00:00+03:00,-0.10685179,0.04161182,678.4707,0.0045152083,90050.87,1079.8975,97748.586,369.45798,6.999815,8.4230545e-05,0.94199395,5.427362e-05,0.020027207,1847.3586,4807.71,0.04852013,1870.4768,3.852347,6.557377e-05,2.0190808e-05,4.5382956e-05,0.00017325793,16709.879,0.12092556,230.11015,0.00035981735,0.2976254,0.000105282146,2.5047728e-05
1164,2021-09-19 00:00:00+03:00,-0.25268963,0.040501684,528.0146,0.04588769,93225.11,753.5835,101215.266,50.018234,6.2130246,3.274912e-05,0.85678875,-2.3045095e-06,0.061282504,1856.7648,3294.8213,0.028234633,1874.3584,2.8169982,6.822267e-05,2.5613135e-05,4.2609536e-05,0.00017524797,16709.102,0.12895899,230.45996,0.00090402423,0.2922112,0.0002243917,3.9118524e-05
1165,2021-09-20 00:00:00+03:00,-0.6726541,0.039117925,876.69055,0.7311417,73837.875,2710.582,83589.22,1722.5795,8.832004,-2.751837e-05,0.7993721,-3.1776595e-05,0.40693393,,,,,,7.385075e-05,4.0417053e-05,4.069216e-05,0.00016657203,22182.424,0.13646573,230.46216,0.0007646544,0.28187066,0.00019704904,-2.2741824e-06
1166,2021-09-21 00:00:00+03:00,-0.91348755,0.038458616,937.4586,0.9987297,74808.36,2562.1956,84520.47,1564.5801,32.784393,,,,,,,,,,6.753468e-05,,4.0632487e-05,0.00016054386,19286.418,0.1350825,229.33618,,,,
1167,2021-09-22 00:00:00+03:00,-0.75375193,0.039121527,992.3049,0.93571,91722.78,911.2345,101000.24,93.2931,16.148067,1.2158848e-05,1.3209435,-1.0707245e-05,0.28987738,,,,,,5.7708246e-05,2.1646105e-05,4.2066244e-05,0.00015870325,18364.227,0.1389409,228.3071,0.0010376932,0.4389808,0.00038548803,-1.0787916e-05
1168,2021-09-23 00:00:00+03:00,-0.51549345,0.034086928,1087.1194,0.96853036,64425.484,3729.108,73006.67,2729.8604,19.062935,,,,,,,,,,7.591554e-05,,4.0516214e-05,0.00015685664,16694.834,0.13484335,228.57025,,,,
1169,2021-09-24 00:00:00+03:00,-0.50428843,0.034461923,856.22723,0.55804956,85076.734,1317.7539,95205.17,374.38818,6.4186068,5.1772084e-05,1.3018299,3.800595e-05,0.26010546,,,,,,6.0012368e-05,1.791042e-05,4.410054e-05,0.00017579563,20651.04,0.14543496,229.58957,0.00038633656,0.49161842,0.00014382003,1.2617893e-05
1170,2021-09-25 00:00:00+03:00,-0.6783185,0.035775114,917.1512,0.6133494,78876.484,2020.7227,88737.91,1040.8961,6.878991,3.742952e-05,1.1090416,1.227687e-05,0.16506651,,,,,,6.706636e-05,1.8475559e-05,3.7234568e-05,0.00016329742,16486.08,0.11728335,229.43533,0.000297722,0.4815191,0.00012958319,2.1626833e-05
1171,2021-09-26 00:00:00+03:00,0.0014069378,0.038573235,934.29987,0.12611945,90199.11,1104.3342,95847.09,601.62573,3.4903164,6.91683e-05,1.0920668,5.3621232e-05,0.12992637,1857.2971,3060.4763,0.026340572,1889.0962,4.3699274,6.496007e-05,2.437541e-05,4.058466e-05,0.00018467632,14430.363,0.12211566,226.97421,0.00017390944,0.3584819,6.2604224e-05,-3.203989e-05
1172,2021-09-27 00:00:00+03:00,-0.20176585,0.03628267,783.6439,0.19189519,89816.375,1161.491,98793.39,352.93298,4.4677987,9.464213e-05,1.1357393,7.684878e-05,0.17181171,,,,,,6.2815234e-05,2.2613167e-05,4.0202067e-05,0.00017329767,14433.685,0.12623574,226.83072,0.00019539376,0.33529076,6.4366e-05,-2.8367225e-05
1173,2021-09-28 00:00:00+03:00,-0.17440619,0.038970046,744.40265,0.17361547,93926.59,820.004,101007.72,175.36319,9.514309,5.2700478e-05,1.2842624,3.133353e-05,0.18086258,,,,,,6.167157e-05,2.2748545e-05,3.9009617e-05,0.00017181046,16722.148,0.13075468,226.22522,0.0004650825,0.42067584,0.00018627408,3.4859844e-05
1174,2021-09-29 00:00:00+03:00,-0.18983941,0.0363793,819.2195,0.7764261,87609.11,1399.0034,98405.22,419.86392,8.079137,4.6253514e-05,1.3803781,3.4925743e-05,0.37054038,,,,,,5.909182e-05,3.085458e-05,3.696318e-05,0.00015441384,16724.215,0.12531835,226.38669,,,,
1175,2021-09-30 00:00:00+03:00,-0.43339783,0.037153766,882.308,0.266172,82604.95,1861.8977,92289.78,956.5436,6.019744,9.159241e-05,0.9533702,6.0009697e-05,0.19118354,1857.6865,4221.788,0.046340305,1884.0776,3.768421,6.321641e-05,2.6274074e-05,3.6520272e-05,0.00016599067,16719.871,0.12511116,225.93713,,,,
1176,2021-10-01 00:00:00+03:00,-1.5277925,0.03637363,987.606,0.9494151,92540.836,917.85614,101413.016,124.99337,19.188421,,,,,,,,,,6.823527e-05,,3.72837e-05,0.00015633865,16720.979,0.12756233,226.5326,,,,
1177,2021-10-02 00:00:00+03:00,-0.005413294,0.036997225,942.6698,0.3201539,90487.51,1059.76,99875.54,224.52634,7.0919867,0.00012294907,1.1136918,0.000108784836,0.21134645,1883.391,2992.6187,0.017868243,1911.1976,3.8026772,6.344312e-05,2.2587352e-05,4.1523053e-05,0.00018897073,16715.828,0.14284912,224.86853,,,,
1178,2021-10-03 00:00:00+03:00,-0.28269547,0.03858207,1177.3767,0.28177482,76038.19,2605.1538,84908.98,1682.6484,5.1863213,9.076066e-05,0.9842456,6.3015446e-05,0.2663949,,,,,,6.8422625e-05,2.8783092e-05,3.9721337e-05,0.00017201432,14429.694,0.13093469,225.9237,,,,
1179,2021-10-04 00:00:00+03:00,-0.14231105,,,0.7594941,44434.92,6749.135,50692.71,5749.1353,8.756939,1.3133864e-06,0.73404104,-1.7152108e-05,0.42345315,,,,,,5.9352504e-05,1.25861625e-05,3.9985374e-05,0.00015364896,13058.52,0.12374466,226.24545,,,,
1180,2021-10-05 00:00:00+03:00,-0.5884757,,,0.9872918,44447.67,6724.374,50651.977,5724.374,12.020586,,,,,,,,,,0.000112862355,,4.0371808e-05,0.00018684933,13331.174,0.12373998,226.22757,,,,
1181,2021-10-06 00:00:00+03:00,-0.0908874,0.036142487,1370.7289,0.42373976,57769.203,4760.9736,65598.95,3760.9739,6.9221287,0.00012402711,1.0805237,0.00011199238,0.25452664,,,,,,5.7012643e-05,1.7646893e-05,4.026112e-05,0.00017835593,14431.34,0.12386112,226.06094,,,,
1182,2021-10-07 00:00:00+03:00,-0.20787865,,,0.46009248,65682.5,3991.2437,73925.63,3024.92,8.877709,7.897397e-05,0.93466246,4.7459624e-05,0.34010756,,,,,,9.054817e-05,4.8762464e-05,3.73632e-05,0.00020449696,14962.52,0.12041339,224.22449,,,,
1183,2021-10-08 00:00:00+03:00,-0.0975399,0.036811333,465.49835,0.0,,,,,,9.360025e-05,1.0662363,7.128726e-05,0.11153272,1866.9697,3057.1523,0.023677114,1885.6365,3.699059,7.526312e-05,4.0337054e-05,3.492606e-05,0.0001785885,14439.246,0.11497061,223.98114,,,,
1184,2021-10-09 00:00:00+03:00,-0.4508758,0.033690006,789.7842,0.9493704,59211.434,4585.3877,67174.84,3585.3882,10.635404,-0.00022696432,0.7861066,-0.00021389058,0.4817425,,,,,,5.9312886e-05,3.5543882e-05,3.0047653e-05,0.00012935503,16731.258,0.12033631,223.50443,,,,
1185,2021-10-10 00:00:00+03:00,-0.011522338,0.032258786,753.1477,0.2342488,75226.98,2661.5806,85032.96,1672.2646,8.037328,9.146724e-05,0.95336294,5.381267e-05,0.22759628,,,,,,5.220843e-05,1.9336421e-05,3.276822e-05,0.00014765198,16723.98,0.12580088,223.23016,,,,
1186,2021-10-11 00:00:00+03:00,-0.009531885,0.03562119,649.3099,0.39391428,59913.0,4428.496,67577.59,3471.775,8.62584,7.282239e-05,0.8432015,2.6968091e-05,0.2849391,,,,,,6.036333e-05,2.6672851e-05,3.338085e-05,0.00015806456,19281.299,0.12913144,224.08435,,,,
1187,2021-10-12 00:00:00+03:00,-0.23931909,0.036548518,852.1842,0.9432973,81294.18,1784.888,91885.41,790.0443,16.984943,-4.0946798e-05,1.5150607,-8.504194e-05,0.50974745,,,,,,7.084533e-05,,3.5979574e-05,0.00018909518,22132.098,0.13939899,225.61917,,,,
1188,2021-10-13 00:00:00+03:00,-0.048298746,0.035128802,671.95667,0.8672874,84184.95,1544.6973,95007.766,551.51526,12.089985,3.933685e-05,1.4234906,2.14578e-05,0.5166123,,,,,,6.634144e-05,3.1310592e-05,3.5555553e-05,0.00017384614,22150.316,0.14793995,225.61458,,,,
1189,2021-10-14 00:00:00+03:00,-0.046704322,0.03717028,404.95697,0.5400818,87840.984,1233.9639,97976.75,321.1295,6.702203,9.2962066e-05,1.1667231,7.8578145e-05,0.32755458,,,,,,6.300975e-05,2.4105659e-05,3.8606246e-05,0.00018225031,16706.25,0.13765857,226.0781,,,,
1190,2021-10-15 00:00:00+03:00,-0.4991149,0.02920148,1425.9186,0.99994415,60994.562,4084.7427,69398.58,3084.7432,22.260317,,,,,,,,,,0.00014383812,,3.6523e-05,0.00017847828,19245.512,0.13633585,226.0145,,,,
1191,2021-10-16 00:00:00+03:00,-0.11868596,0.036052614,757.58234,0.47245002,80719.72,1904.4556,89984.41,1009.93823,11.524561,-4.0685222e-06,1.2194486,-2.3366078e-05,0.32864714,,,,,,4.9863535e-05,1.7032726e-05,3.3124776e-05,0.00015577266,20419.957,0.13125496,225.25665,,,,
1192,2021-10-17 00:00:00+03:00,-1.4970697,0.033551298,943.6198,0.92842865,76470.12,2313.2207,86588.42,1327.317,47.018333,1.2930291e-05,1.6266032,-1.1870576e-05,0.3945689,,,,,,6.0200142e-05,2.6312006e-05,2.7600061e-05,0.00013035763,19262.998,0.1310094,223.73186,,,,
1193,2021-10-18 00:00:00+03:00,0.048144788,0.034180477,475.3465,0.43042183,86274.19,1379.9546,96948.11,421.28467,8.567889,5.3663298e-05,1.1199515,4.1428168e-05,0.3298784,,,,,,3.9166887e-05,9.700201e-06,2.9817304e-05,0.00014242422,22167.684,0.14108664,222.66197,,,,
1194,2021-10-19 00:00:00+03:00,0.123005435,0.038268335,530.0167,0.59313405,71759.36,2991.0825,81318.016,1995.8745,7.709142,5.7156507e-05,1.1467377,5.6186847e-05,0.3692984,,,,,,5.9949605e-05,2.8717008e-05,2.6672747e-05,0.00014137643,17618.406,0.12729923,221.51773,,,,
1195,2021-10-20 00:00:00+03:00,-0.56534994,,,0.99996626,53012.1,5237.1885,60271.77,4237.1885,66.29187,,,,,,,,,,,,,,,0.1262797,220.39566,,,,
1196,2021-10-21 00:00:00+03:00,-0.29462674,,,0.99940616,43292.484,6560.752,49502.9,5560.752,35.547573,,,,,,,,,,0.000114201415,,2.4215982e-05,0.00016428094,14412.129,0.12484153,220.61607,,,,
1197,2021-10-22 00:00:00+03:00,-0.12260173,0.03243265,599.4588,0.5320105,69591.16,2881.6084,79130.27,1885.0897,17.4611,5.0041206e-05,1.0168047,2.1905304e-05,0.3493111,1820.2681,3032.2163,0.029800072,1860.261,6.7975492,4.1592786e-05,9.101683e-06,3.0323074e-05,0.0001490915,24151.305,0.14048247,223.65387,,,,
1198,2021-10-23 00:00:00+03:00,-0.049018204,0.033639096,858.142,0.8358331,67933.61,3292.3901,77037.875,2306.391,21.619617,8.158575e-05,1.5738796,0.00010193257,0.31444892,,,,,,5.953879e-05,2.4936737e-05,3.0201347e-05,0.0001666884,22131.084,0.13726379,221.34811,,,,
1199,2021-10-24 00:00:00+03:00,0.0038845837,,,0.7970885,45536.086,6411.287,52140.742,5411.287,12.817034,3.055868e-05,0.787842,5.2215023e-06,0.5019811,,,,,,6.6669716e-05,3.582076e-05,2.3840817e-05,0.00013262843,14433.137,0.10933643,219.41513,,,,
1200,2021-10-25 00:00:00+03:00,0.29003108,0.03600297,373.38464,0.87424165,95718.22,581.9174,102236.37,1.2361368,2.4414997,7.5626725e-05,1.3799231,8.3438936e-05,0.2859246,,,,,,7.711896e-05,5.961465e-05,1.9657447e-05,0.00017265312,14430.418,0.10318931,218.66432,,,,
1201,2021-10-26 00:00:00+03:00,-0.19257891,0.03220076,378.5431,0.99744505,82428.28,1750.0991,92849.92,769.72546,77.07643,,,,,,,,,,6.138222e-05,,2.3122266e-05,0.00014189769,16855.34,0.114963844,218.27051,,,,
1202,2021-10-27 00:00:00+03:00,-0.15487868,0.033201862,841.3537,0.87091017,58987.086,4486.7056,67131.16,3487.933,35.93201,0.0002704824,0.8904975,0.00022421159,0.46294072,,,,,,7.8316174e-05,4.4714434e-05,2.1087133e-05,0.00013824494,14425.712,0.110306986,217.15654,,,,
1203,2021-10-28 00:00:00+03:00,-0.54194814,0.033142634,3478.3555,0.99920326,65512.85,3719.2356,74136.99,2730.4062,72.878914,,,,,,,,,,0.0001163844,,1.787638e-05,0.00011929451,13509.868,0.101926886,216.6488,,,,
1204,2021-10-29 00:00:00+03:00,0.30027664,0.034885183,906.37134,0.00030021052,70488.86,3071.7322,79921.94,2071.732,6.032512,0.0001524585,1.1734836,0.00016529822,0.00089180324,,,,,,6.8526686e-05,4.4723325e-05,2.3803364e-05,0.00017697657,13057.539,0.1063329,216.75452,,,,
1205,2021-10-30 00:00:00+03:00,0.2888841,0.03497432,609.3297,0.00464103,77752.805,2302.8994,87708.55,1302.8989,4.3432765,0.00012798428,0.977433,0.00011252406,0.10989233,,,,,,6.620244e-05,4.0688126e-05,2.5514319e-05,0.00017220943,13226.406,0.10778812,217.7491,,,,
1206,2021-10-31 00:00:00+03:00,0.41297847,0.036662713,1044.7654,0.16548266,81463.71,1910.4148,89966.87,1042.4153,3.2053695,0.00012317057,0.8953189,9.012963e-05,0.34242243,,,,,,7.280888e-05,5.1262687e-05,2.1546197e-05,0.00016733664,14425.26,0.11780751,217.75443,,,,
1207,2021-11-01 00:00:00+02:00,0.29629093,0.033954415,428.33023,0.19766101,86321.16,1369.72,96984.77,372.15857,1.0,7.228437e-05,0.91218174,4.9827075e-05,0.20262031,,,,,,5.2118376e-05,2.883769e-05,2.3280685e-05,0.00015547578,14424.379,0.11980879,217.45038,,,,
1208,2021-11-02 00:00:00+02:00,-0.6582224,0.032685414,794.1317,0.45212677,85300.97,1458.2192,94383.16,600.7376,39.59287,0.00012928127,1.1647786,0.0001368537,0.24414293,,,,,,4.8769856e-05,2.5993819e-05,2.3077246e-05,0.0001389886,15816.028,0.12888283,218.87102,,,,
1209,2021-11-03 00:00:00+02:00,-1.1793826,0.030644052,710.04175,0.9975889,58394.055,4460.8984,66405.01,3460.8984,52.82726,,,,,,,,,,5.9374666e-05,,2.3676343e-05,0.00012293039,16692.252,0.1305678,218.68504,,,,
1210,2021-11-04 00:00:00+02:00,-0.4574745,0.035369,752.1226,0.93907034,74740.83,2551.5308,84393.305,1569.7217,31.937256,,,,,,,,,,5.9328588e-05,,2.7773931e-05,0.00017773593,19091.262,0.13870612,219.33116,,,,
1211,2021-11-05 00:00:00+02:00,-0.38170433,0.029897649,784.02454,0.99937177,65481.53,3441.442,74284.11,2441.442,76.64152,,,,,,,,,,0.00020950628,,2.9133718e-05,0.00024960015,21345.932,0.15060043,220.12418,,,,
1212,2021-11-06 00:00:00+02:00,-0.19377929,0.03058217,824.8131,0.8691715,70554.14,2932.6125,80136.13,1932.6125,45.36115,,,,,,,,,,4.09967e-05,1.5273321e-05,2.5711512e-05,0.0001442997,23429.607,0.1419396,220.61166,,,,
1213,2021-11-07 00:00:00+02:00,-0.601792,0.033515237,1246.7021,0.99434197,50883.625,5442.6216,58176.055,4442.6216,80.44037,,,,,,,,,,0.00012337975,,2.4295168e-05,0.00016346843,19245.346,0.13540171,221.37247,,,,
1214,2021-11-08 00:00:00+02:00,0.11553791,0.031472635,454.9801,0.8027005,84676.234,1465.3096,95623.05,480.23474,18.997114,,,,,,,,,,3.4721677e-05,-2.4157117e-07,3.0978987e-05,0.00017796199,23907.914,0.15170802,221.106,,,,
1215,2021-11-09 00:00:00+02:00,0.25386828,0.03435823,494.66406,0.28832716,58632.29,4538.222,67091.8,3538.2222,9.751702,,,,,,,,,,6.423528e-05,3.8281854e-05,2.5953423e-05,0.00016640288,14434.719,0.13517839,220.5607,,,,
1216,2021-11-10 00:00:00+02:00,0.010917652,0.031432766,1220.4934,0.998255,67539.11,3434.5442,76388.42,2443.4717,104.61759,,,,,,,,,,8.71808e-05,4.9827944e-05,2.8002767e-05,0.00018976354,14429.555,0.12200478,220.66394,,,,
1217,2021-11-11 00:00:00+02:00,-0.080788285,,,0.99925613,48733.773,5835.8394,55749.742,4835.839,84.87118,,,,,,,,,,8.4539264e-05,,2.4509038e-05,0.00016787878,16708.602,0.13114244,221.39578,,,,
1218,2021-11-12 00:00:00+02:00,0.10522878,0.034475982,557.9405,0.29878864,73278.734,2674.394,83169.91,1674.3939,3.6148007,,,,,,,,,,4.8242284e-05,2.4165085e-05,2.407775e-05,0.000167274,14426.734,0.12952654,220.16223,,,,
1219,2021-11-13 00:00:00+02:00,-0.2866775,,,0.999841,45729.062,6424.869,52385.227,5424.869,159.89545,,,,,,,,,,5.7369143e-05,,2.7891541e-05,0.00020297969,17236.861,0.13220672,218.45168,,,,
1220,2021-11-14 00:00:00+02:00,0.19165704,0.034665275,445.92896,0.8920303,95146.52,691.9425,102621.74,39.4215,3.1334455,,,,,,,,,,5.8014957e-05,2.5421385e-05,2.9436138e-05,0.00021410646,16508.121,0.12739217,218.26114,,,,
1221,2021-11-15 00:00:00+02:00,0.2143241,0.033758678,348.9845,0.99927014,97598.33,526.1074,103729.7,0.0,4.272715,,,,,,,,,,8.991751e-05,,2.590294e-05,0.00020739785,13062.873,0.11069758,217.14542,,,,
1222,2021-11-16 00:00:00+02:00,-0.38370883,0.032267533,561.5387,0.99943477,94243.414,737.341,102788.69,10.146661,4.520557,,,,,,,,,,5.965332e-05,,1.6853617e-05,0.0001480993,14433.852,0.12365887,215.08305,,,,
1223,2021-11-17 00:00:00+02:00,-0.27754086,0.03169837,706.9282,0.9989358,92410.086,812.12244,101646.26,17.05349,123.25751,,,,,,,,,,6.6558794e-05,,1.8543053e-05,0.00016947655,16707.934,0.12253137,216.17001,,,,
1224,2021-11-18 00:00:00+02:00,-0.5150885,0.03138232,599.7838,0.016878618,69808.695,2958.6653,79373.68,1974.3125,10.514023,,,,,,,,,,2.064356e-05,-8.691157e-06,2.9458171e-05,0.00014012758,22135.377,0.14676277,218.3352,,,,
1225,2021-11-19 00:00:00+02:00,-0.61544424,,,0.9962068,53057.68,5120.4453,60385.055,4120.446,43.711113,,,,,,,,,,0.00013008936,,1.8727143e-05,0.00016485983,14420.2295,0.13638026,216.1268,,,,
1226,2021-11-20 00:00:00+02:00,0.41598707,0.03560348,544.54193,0.19675219,68369.51,3177.735,77639.266,2184.2202,6.231882,,,,,,,,,,3.4628923e-05,1.1404945e-05,2.3572e-05,0.00016368704,17602.406,0.14289546,217.3761,,,,
1227,2021-11-21 00:00:00+02:00,0.2646804,0.033392835,857.7898,0.95723295,57215.07,4375.544,65462.625,3375.544,73.69408,,,,,,,,,,5.7951816e-05,,2.3335459e-05,0.00016780783,19607.457,0.14252347,217.7601,,,,
1228,2021-11-22 00:00:00+02:00,0.35123962,0.035754673,274.4278,0.44993827,53875.215,4925.1865,61441.83,3925.1865,3.5448427,,,,,,,,,,5.101422e-05,2.7531107e-05,2.3483113e-05,0.00016381359,22907.725,0.14334369,218.28583,,,,
1229,2021-11-23 00:00:00+02:00,0.039529413,0.035314895,413.91373,0.9114636,88382.5,1117.1913,98492.17,229.23677,51.60313,,,,,,,,,,6.7983696e-05,3.545084e-05,2.339197e-05,0.0001913456,21713.29,0.14341898,218.12701,,,,
1230,2021-11-24 00:00:00+02:00,0.35518163,,,0.99624056,53182.758,5216.365,60665.383,4216.365,146.27069,,,,,,,,,,6.9922346e-05,,2.1933338e-05,0.00015735581,16700.145,0.13581091,215.97739,,,,
1231,2021-11-25 00:00:00+02:00,0.31039304,0.03417339,872.969,0.99609244,75683.81,2338.096,85687.84,1350.2996,79.33452,,,,,,,,,,7.865019e-05,,2.3470413e-05,0.00020630253,16693.066,0.13755283,215.22647,,,,
1232,2021-11-26 00:00:00+02:00,-0.27251485,,,0.99408925,50976.6,5200.4507,58420.0,4200.4507,60.500053,,,,,,,,,,,,,,,0.1435439,214.25447,,,,
1233,2021-11-27 00:00:00+02:00,-0.10057539,,,0.99282706,46865.863,5818.0474,53580.53,4818.0474,61.687054,,,,,,,,,,,,,,,0.13456193,213.52594,,,,
1234,2021-11-28 00:00:00+02:00,0.13285798,0.034737315,493.24115,0.9993788,78285.24,1994.4712,88561.734,1017.9995,122.944,,,,,,,,,,8.0458296e-05,,2.2168326e-05,0.0001937046,22381.854,0.14210656,213.0182,,,,
1235,2021-11-29 00:00:00+02:00,-0.83635646,,,1.0,34526.67,7918.9844,40040.016,6918.9844,192.12152,,,,,,,,,,,,,,,0.14144321,212.69934,,,,
1236,2021-11-30 00:00:00+02:00,-0.14747079,0.033625238,140.58784,0.9957999,80711.59,1637.6979,91411.055,655.81903,77.63835,,,,,,,,,,1.9503035e-05,,2.4005518e-05,0.00014040718,22058.586,0.16501674,213.92804,,,,
1237,2021-12-01 00:00:00+02:00,0.021291938,0.033356056,348.82715,0.9604302,78274.04,1912.2473,89056.03,931.29803,105.922554,,,,,,,,,,3.2015974e-05,1.7184813e-05,2.1471451e-05,0.00016696804,19229.08,0.14098,212.84134,,,,
1238,2021-12-02 00:00:00+02:00,-0.9453545,0.031441126,547.9235,0.99942595,65849.83,3190.4941,75063.586,2190.4944,34.870457,,,,,,,,,,0.000115115916,,2.1468995e-05,0.00023878367,22038.994,0.14310125,211.93022,,,,
1239,2021-12-03 00:00:00+02:00,-0.34149137,0.034888964,1002.98596,0.98325527,59677.93,3999.3745,68411.67,2999.3745,64.591705,,,,,,,,,,0.0001811378,,2.1518734e-05,0.0002713445,22084.34,0.1516399,211.49512,,,,
1240,2021-12-04 00:00:00+02:00,-1.9230235,0.035063945,713.3675,0.9969003,73736.52,2461.1758,83580.43,1488.9725,138.51912,,,,,,,,,,0.00020581376,,2.1767519e-05,0.00026154908,22118.51,0.14275357,212.06752,,,,
1241,2021-12-05 00:00:00+02:00,-0.20610824,0.03540902,285.96042,,,,,,,,,,,,,,,,5.2250045e-05,-4.203463e-06,2.06508e-05,0.00017348147,22161.78,0.14739625,210.33585,,,,
1242,2021-12-06 00:00:00+02:00,-0.12959471,0.036776442,174.2146,0.87759584,92328.26,769.7128,101674.414,12.879607,3.1274803,,,,,,,,,,0.00010327485,,1.9639067e-05,0.00020815263,22176.33,0.1480939,212.10062,,,,
1243,2021-12-07 00:00:00+02:00,-0.19829372,,,,,,,,,,,,,,,,,,0.00016447689,,1.8016142e-05,0.00028029416,22171.04,0.1498327,214.1497,,,,
1244,2021-12-08 00:00:00+02:00,-0.056819588,0.03779849,277.82227,0.50207424,77099.25,2341.291,87093.59,1364.5344,3.0624053,,,,,,,,,,7.6570876e-05,4.291656e-05,1.894596e-05,0.00021924582,19291.984,0.15145196,214.2247,,,,
1245,2021-12-09 00:00:00+02:00,-0.60783756,,,0.4063204,54829.49,4916.253,62227.63,3916.253,3.8156216,,,,,,,,,,0.00010079311,5.667291e-05,1.7750659e-05,0.00021456994,19294.258,0.14185373,214.29782,,,,
1246,2021-12-10 00:00:00+02:00,-0.016564101,,,0.99329185,50281.62,5525.047,57638.484,4525.0474,189.50206,,,,,,,,,,,,,,,0.14530073,214.56033,,,,
1247,2021-12-12 00:00:00+02:00,-0.017937206,,,1.0,50368.13,5501.74,57670.08,4501.74,28.782852,,,,,,,,,,5.8124446e-05,,1.914617e-05,0.00017443365,19359.637,0.1574044,213.42484,,,,
1248,2021-12-13 00:00:00+02:00,-0.36195692,,,0.9977722,88904.586,1175.2659,100504.484,175.2659,2.411735,,,,,,,,,,0.00010588521,,1.3661334e-05,0.00018474572,16717.668,0.12937814,211.06337,,,,
1249,2021-12-14 00:00:00+02:00,-0.23144448,,,0.9976132,49836.953,5658.1006,56797.082,4658.1006,1.2699428,,,,,,,,,,,,,,,0.13325052,211.49535,,,,
1250,2021-12-15 00:00:00+02:00,-0.9112312,,,0.9625108,70790.73,2968.4548,79966.9,1968.4547,85.75789,,,,,,,,,,,,,,,0.12851825,207.297,,,,
1251,2021-12-16 00:00:00+02:00,0.17932475,,,0.0,,,,,,,,,,,,,,,1.6154907e-05,-9.84172e-06,1.864693e-05,0.00011488599,23040.85,0.13073315,209.24805,,,,
1252,2021-12-17 00:00:00+02:00,0.09542754,,,0.9997853,91462.4,909.34485,101700.33,28.156202,10.468988,,,,,,,,,,2.2089482e-05,,1.5103606e-05,0.00011363439,22185.803,0.13408056,212.73639,,,,
1253,2021-12-18 00:00:00+02:00,0.32445103,,,0.9996422,45718.395,6304.9453,52221.23,5304.9453,8.144616,,,,,,,,,,,,,,,0.138474,213.91669,,,,
1254,2021-12-19 00:00:00+02:00,0.13991389,,,0.9979478,76924.96,2116.3455,87464.92,1116.3456,1.1226968,,,,,,,,,,2.0817519e-05,1.3775599e-06,2.0751124e-05,0.00015356965,22245.158,0.16659875,214.74046,,,,
1255,2021-12-20 00:00:00+02:00,-0.70234114,,,0.058204126,69318.914,2968.0588,78812.5,1973.8427,20.812447,,,,,,,,,,3.434305e-05,1.2166675e-05,2.0923868e-05,0.00015292312,22160.58,0.1770735,213.29076,,,,
1256,2021-12-21 00:00:00+02:00,-0.16442789,,,0.9755163,85260.016,1403.7731,96553.79,444.50955,73.16509,,,,,,,,,,0.00012698922,5.8730795e-05,1.7696279e-05,0.00021711198,22175.33,0.15207548,210.6301,,,,
1257,2021-12-22 00:00:00+02:00,-0.014319513,,,0.92067486,90647.22,983.31055,101064.17,117.45187,5.6270213,,,,,,,,,,0.00024026696,-1.8035673e-06,1.4054121e-05,0.00028013837,19296.916,0.14912662,207.98828,,,,
1258,2021-12-23 00:00:00+02:00,0.04270391,,,0.94080454,84453.1,1454.9856,95105.62,528.9597,3.4736476,,,,,,,,,,2.2903483e-05,4.5983256e-06,1.2200776e-05,0.000103127124,16702.72,0.13784473,208.31873,,,,
1259,2021-12-24 00:00:00+02:00,-0.3717634,,,0.99802935,44797.0,5980.057,51253.5,4980.057,1.940394,,,,,,,,,,,,,,,0.1505536,209.7301,,,,
1260,2021-12-25 00:00:00+02:00,-0.3562587,,,0.02296256,63337.023,3499.4053,72474.79,2499.4053,12.5098095,,,,,,,,,,7.657859e-06,-4.5776516e-05,2.3448918e-05,0.00014016131,25904.51,0.16128078,212.58405,,,,
1261,2021-12-26 00:00:00+02:00,0.15335451,,,0.03402792,63808.08,3504.845,73114.8,2504.845,6.0134864,,,,,,,,,,5.249755e-05,1.6798873e-05,2.0722571e-05,0.00018604434,22133.492,0.15630771,214.48137,,,,
1262,2021-12-27 00:00:00+02:00,-0.09934964,,,0.8830875,71621.836,2764.394,81056.62,1764.394,37.057404,,,,,,,,,,7.761743e-05,,1.8203888e-05,0.00016216704,16703.701,0.14895529,215.44159,,,,
1263,2021-12-28 00:00:00+02:00,0.4383996,,,0.8634652,75051.22,2395.177,85902.766,1395.1769,250.0,,,,,,,,,,0.00010703664,7.70592e-05,2.043819e-05,0.00020762536,19281.668,0.14348766,217.01224,,,,
1264,2021-12-29 00:00:00+02:00,0.37924743,,,0.99825007,44908.145,6270.3936,51553.797,5270.3936,2.3250535,,,,,,,,,,9.296211e-05,,2.0831689e-05,0.00020222475,16701.053,0.14801382,217.09781,,,,
1265,2021-12-30 00:00:00+02:00,-0.16219139,,,0.996904,67319.875,3217.2446,76744.84,2217.2446,2.1635108,,,,,,,,,,,,,,,0.14410083,220.50331,,,,
1266,2021-12-31 00:00:00+02:00,-0.6052762,,,0.98939556,42587.164,6665.1772,48868.67,5665.177,126.08855,,,,,,,,,,6.5919536e-05,3.912145e-05,2.679809e-05,0.00019183951,19248.785,0.14330116,223.98851,,,,
1267,2022-01-01 00:00:00+02:00,-0.057419375,0.032639842,372.06226,0.9274232,91273.164,820.5339,100402.15,38.75149,20.158966,,,,,,,,,,7.406491e-05,,2.5566762e-05,0.00018816204,16699.787,0.18407989,221.53305,,,,
1268,2022-01-02 00:00:00+02:00,-1.0752016,,,0.9892118,43255.83,6594.8037,49634.402,5594.8037,37.82143,,,,,,,,,,,,,,,0.1410807,223.6531,,,,
1269,2022-01-03 00:00:00+02:00,-0.17177041,0.031524662,495.22345,0.9925481,78184.734,2054.8145,87413.56,1135.5028,38.047714,,,,,,,,,,6.765156e-05,,2.9289622e-05,0.00022084781,21849.895,0.17299487,221.83594,,,,
1270,2022-01-04 00:00:00+02:00,-0.5243075,0.03530902,727.0534,0.9977373,68196.2,3035.4138,77585.766,2035.4138,71.45654,,,,,,,,,,,,,,,0.17079169,221.98187,,,,
1271,2022-01-05 00:00:00+02:00,-0.5724955,0.035098717,398.9454,0.006851522,70967.484,2625.3623,81327.28,1625.3625,11.109958,,,,,,,,,,7.483455e-05,4.781729e-05,2.558991e-05,0.00021592193,22065.773,0.17194873,221.25188,,,,
1272,2022-01-06 00:00:00+02:00,-0.5297456,0.0343042,354.781,0.9805074,72331.97,2683.0093,81402.95,1722.1582,41.591484,,,,,,,,,,0.00012947591,8.75572e-05,2.28954e-05,0.00020813054,24184.48,0.18471451,220.25418,,,,
1273,2022-01-07 00:00:00+02:00,0.038736813,0.03845069,250.97844,0.7554107,80557.62,1741.2263,91911.1,741.22626,85.999344,,,,,,,,,,6.697346e-05,4.34819e-05,2.440798e-05,0.00022433777,18772.902,0.17115057,222.95871,,,,
1274,2022-01-08 00:00:00+02:00,-0.009490907,,,0.99995077,42914.055,6470.5615,49507.43,5470.5615,89.30049,,,,,,,,,,,,,,,0.1913927,223.11292,,,,
1275,2022-01-09 00:00:00+02:00,0.6388602,0.03197899,283.0199,0.9749769,62154.086,3822.2754,71096.31,2822.2754,106.005585,,,,,,,,,,9.765329e-05,,2.7238257e-05,0.00020785035,22132.959,0.18681678,223.29868,,,,
1276,2022-01-10 00:00:00+02:00,-0.33486572,0.035978712,384.00766,0.9618582,84605.05,1563.8999,95083.08,605.176,40.687572,,,,,,,,,,0.00014805052,,1.7931141e-05,0.00022935166,16714.887,0.18303585,220.27072,,,,
1277,2022-01-11 00:00:00+02:00,-0.15435368,0.035695914,163.33415,0.0,,,,,,,,,,,,,,,0.00017858956,0.00013272959,1.9099569e-05,0.00027822956,16731.154,0.1472086,220.00453,,,,
1278,2022-01-12 00:00:00+02:00,-0.2606626,0.033747457,227.30702,0.982897,91701.58,950.65955,101664.66,105.271065,18.326748,,,,,,,,,,9.199885e-05,5.546155e-05,2.0711683e-05,0.00021209384,16723.2,0.15285069,220.58131,,,,
1279,2022-01-13 00:00:00+02:00,0.18286061,0.032892603,877.61566,0.41445237,76303.79,2425.8252,85957.09,1435.9229,3.9187999,,,,,,,,,,7.0028356e-05,5.025365e-05,1.9098676e-05,0.00018818924,14423.529,0.15264553,217.15459,,,,
1280,2022-01-14 00:00:00+02:00,0.32717088,0.03341257,346.2439,0.44836995,69049.875,2949.4248,78477.11,1949.4247,3.0587234,,,,,,,,,,1.97488e-05,8.6927446e-07,1.895778e-05,0.00011879655,22865.207,0.15528014,214.71988,,,,
1281,2022-01-15 00:00:00+02:00,0.40870127,0.03701046,387.7378,0.5090939,75471.92,2384.1099,85718.39,1397.7136,8.017771,,,,,,,,,,2.9598486e-05,1.7615468e-05,1.3540149e-05,0.00011131006,19272.156,0.14492932,212.02495,,,,
1282,2022-01-16 00:00:00+02:00,-0.86286825,0.032904096,625.7198,0.9787886,54990.465,5163.4907,62862.656,4163.49,75.67197,,,,,,,,,,5.2683234e-05,,1.3258612e-05,0.000107920554,16698.193,0.14115342,210.9529,,,,
1283,2022-01-17 00:00:00+02:00,0.054519475,0.028851751,241.65482,0.99550444,60974.168,3861.876,69776.234,2861.8762,112.2209,,,,,,,,,,4.369029e-05,,1.4641879e-05,0.00010010236,19567.512,0.18717694,212.28947,,,,
1284,2022-01-18 00:00:00+02:00,0.28953528,,,0.6823262,47110.996,5976.333,54079.285,4976.333,25.12667,,,,,,,,,,5.884558e-05,3.1625364e-05,1.2955321e-05,0.0001178628,16714.414,0.15011215,210.0386,,,,
1285,2022-01-19 00:00:00+02:00,0.24995705,,,0.8079847,39400.45,7290.346,45336.11,6290.346,47.149208,,,,,,,,,,4.2239888e-05,4.4785393e-05,1.2680155e-05,9.9199664e-05,15561.9,0.13939743,208.5516,,,,
1286,2022-01-20 00:00:00+02:00,0.20100486,0.033360906,607.6864,0.9144187,70577.7,2675.9583,80364.03,1675.9583,83.452644,,,,,,,,,,2.369482e-05,6.1242777e-06,1.3526373e-05,0.00010244481,15510.955,0.17255431,209.80893,,,,
1287,2022-01-21 00:00:00+02:00,-0.8125938,0.03640411,320.3733,0.9658271,68776.36,2953.2632,78365.73,1953.2632,125.06961,,,,,,,,,,6.1102205e-06,,1.6788843e-05,8.312666e-05,22098.549,0.17330872,211.19444,,,,
1288,2022-01-22 00:00:00+02:00,-0.4722013,0.038235098,200.32802,0.9914125,92744.59,755.98376,101518.44,21.869385,39.49387,,,,,,,,,,0.00015663385,0.00010214494,1.8065952e-05,0.00018247754,18234.912,0.15463033,210.21548,,,,
1289,2022-01-23 00:00:00+02:00,0.44070947,0.04061211,576.247,0.8423573,60850.46,4222.663,69379.05,3222.6628,29.215965,,,,,,,,,,,,,,,0.15936077,212.0843,,,,
1290,2022-01-24 00:00:00+02:00,-0.34158772,0.03661412,701.19617,0.99865437,91250.16,987.7731,101449.58,110.259605,2.808629,,,,,,,,,,8.676817e-05,,1.6731363e-05,0.00014407706,14433.056,0.14934865,210.94774,,,,
1291,2022-01-25 00:00:00+02:00,0.14131677,0.03687898,492.89032,0.5174167,81566.91,1867.638,91240.93,947.07837,6.3609395,,,,,,,,,,4.6595243e-05,2.2222166e-05,1.5351136e-05,0.00012604089,16709.984,0.15621075,211.86554,,,,
1292,2022-01-26 00:00:00+02:00,0.07823685,0.035824794,337.7959,0.7507616,62273.234,4043.5188,70873.25,3056.364,49.82129,,,,,,,,,,6.6523564e-05,4.2240237e-05,1.5653692e-05,0.00014020168,16898.496,0.15091638,211.92987,,,,
1293,2022-01-27 00:00:00+02:00,-0.9219166,0.033973485,916.15015,0.9999615,66457.27,3315.005,75634.17,2315.0046,62.34423,,,,,,,,,,7.766632e-05,,1.7328884e-05,0.00012412433,19239.438,0.1449537,213.12495,,,,
1294,2022-01-28 00:00:00+02:00,-0.32091415,0.03473213,466.36398,0.9961191,72858.2,2566.0474,82884.44,1566.0544,58.11006,,,,,,,,,,,,,,,0.18193893,215.53143,,,,
1295,2022-01-29 00:00:00+02:00,0.35857955,,,0.8159197,47208.4,5859.014,54062.176,4859.0146,17.193016,,,,,,,,,,6.286395e-05,4.3386404e-05,1.6104763e-05,0.00011927848,16696.246,0.14895973,211.45697,,,,
1296,2022-01-30 00:00:00+02:00,-0.23667541,0.03089425,673.23285,0.94569033,79910.85,1619.9377,89612.96,706.9537,15.819667,,,,,,,,,,9.1494134e-05,,1.763313e-05,0.00015846135,24062.406,0.15283751,213.38611,,,,
1297,2022-01-31 00:00:00+02:00,0.011668861,0.036461663,526.682,0.96039355,65286.758,3378.482,74209.7,2392.8342,65.4285,,,,,,,,,,0.00011602587,,1.9255769e-05,0.00014708817,19228.355,0.18583918,211.03647,,,,
1298,2022-02-01 00:00:00+02:00,-0.53460073,0.036728647,305.14346,0.994187,71602.32,2659.2915,81535.3,1659.2916,58.437035,,,,,,,,,,0.0001419713,,1.594399e-05,0.00014890404,22097.176,0.15091018,209.46317,,,,
1299,2022-02-02 00:00:00+02:00,-0.101813644,0.037447296,380.28693,0.7959771,90469.17,831.0865,99252.37,70.981544,22.335094,,,,,,,,,,0.00013337132,,1.8238472e-05,0.00022679189,20119.666,0.16623572,209.59717,,,,
1300,2022-02-03 00:00:00+02:00,-0.21350655,0.035289496,347.91495,0.6851844,67886.14,3127.3066,77461.53,2133.2827,10.220163,,,,,,,,,,7.184333e-05,2.2366248e-05,1.8557199e-05,0.0001319072,17178.105,0.1596416,210.55539,,,,
1301,2022-02-04 00:00:00+02:00,-0.12155005,0.034804583,617.50085,0.8059856,87649.95,1156.8953,98025.766,256.56696,14.385894,,,,,,,,,,7.907269e-05,6.1971725e-05,2.050944e-05,0.00013833013,18815.197,0.15519099,213.01486,,,,
1302,2022-02-05 00:00:00+02:00,-0.1322515,0.03262444,889.8448,0.9930775,61052.902,3850.1226,69776.78,2850.1226,65.40125,,,,,,,,,,0.00013094906,,2.578588e-05,0.00020303218,22087.59,0.18405733,218.58977,,,,
1303,2022-02-06 00:00:00+02:00,-1.6156449,0.0343823,313.2599,0.99021286,54248.29,4683.602,62394.797,3683.6018,76.89234,,,,,,,,,,0.00020456615,,3.034273e-05,0.00021305673,22070.992,0.17120288,222.61266,,,,
1304,2022-02-07 00:00:00+02:00,-0.109575,,,0.98155093,59299.492,4024.2893,67895.27,3024.289,100.7456,,,,,,,,,,5.9352413e-05,,3.6188405e-05,0.00019514798,24150.105,0.22009751,222.27908,,,,
1305,2022-02-08 00:00:00+02:00,-0.37219393,0.035970725,669.696,0.89687407,61784.098,3834.8394,70586.44,2834.8394,45.080753,,,,,,,,,,0.00012731462,,2.4932164e-05,0.00018163258,18681.078,0.15912715,220.9784,,,,
1306,2022-02-09 00:00:00+02:00,0.055889376,0.03536017,347.65152,0.99197507,75078.766,2542.3516,83481.87,1677.2622,39.346153,1.9519204e-05,1.6444138,1.6207485e-05,0.21767335,,,,,,5.6457684e-05,,2.7720913e-05,0.00015773578,20167.406,0.16799465,219.73312,,,,
1307,2022-02-10 00:00:00+02:00,0.047437757,0.035730302,309.88635,0.8707069,88014.234,1126.5278,98097.88,235.17917,19.427298,0.00013077211,1.8363045,0.00023370859,0.39337587,,,,,,7.556588e-05,,2.476813e-05,0.00017138728,20222.957,0.16038471,218.526,,,,
1308,2022-02-11 00:00:00+02:00,-0.23259628,0.03796309,464.82196,0.7214362,81088.11,1795.1913,91454.81,842.7072,24.280832,5.9528345e-05,1.1291664,5.188206e-05,0.10240305,,,,,,8.918306e-05,3.5101028e-05,2.2050248e-05,0.00015500872,24254.363,0.1910892,217.03372,,,,
1309,2022-02-12 00:00:00+02:00,0.1572294,0.040538386,362.63358,0.83502465,48943.484,5868.459,56166.336,4871.4688,18.174755,2.7292683e-05,0.9583336,1.7441855e-05,0.2937482,,,,,,8.646959e-05,4.6784342e-05,1.9314553e-05,0.00013279055,17213.58,0.15992212,212.10483,,,,
1310,2022-02-13 00:00:00+02:00,0.07063183,,,0.91409254,52908.195,5134.5625,60571.43,4134.5625,13.353151,,,,,,,,,,0.00011182529,,1.9339517e-05,0.00012312303,16706.22,0.16147354,211.9212,,,,
1311,2022-02-14 00:00:00+02:00,0.26387268,,,0.70487344,42140.19,6903.8213,48405.3,5903.8213,9.293144,0.00021774137,0.81072974,0.00015544207,0.3568066,,,,,,0.00010408479,6.791716e-05,2.326309e-05,0.00014578353,14422.773,0.1577615,212.77554,,,,
1312,2022-02-15 00:00:00+02:00,0.14108051,0.035372622,693.11316,0.67036617,50787.984,5643.3794,58179.992,4643.3794,10.983734,0.00015453991,0.974576,0.00012426775,0.3282228,,,,,,0.00011965209,6.0795624e-05,2.1135027e-05,0.00016336901,16958.562,0.15427527,215.22339,,,,
1313,2022-02-16 00:00:00+02:00,-0.33732808,,,0.99929655,45464.742,6126.1323,52363.547,5126.1323,81.02252,,,,,,,,,,,,,,,0.16836464,219.03914,,,,
1314,2022-02-17 00:00:00+02:00,-0.6444993,0.027395561,839.7326,0.87252927,67049.33,2999.7832,76180.72,2000.6965,18.551472,1.4746676e-05,2.0067856,1.8339873e-05,0.44564378,,,,,,9.061955e-05,,3.3581775e-05,0.00020899631,24058.588,0.17708375,224.995,,,,
1315,2022-02-18 00:00:00+02:00,-0.090277106,0.033936165,410.84778,0.49219105,75663.69,2225.4219,85486.58,1260.828,4.983245,3.2197877e-05,1.1702683,2.482523e-05,0.3315891,,,,,,6.206335e-05,2.1349704e-05,4.0311377e-05,0.00020006538,24149.826,0.1831197,226.83484,,,,
1316,2022-02-19 00:00:00+02:00,-0.2158946,0.031152219,427.69778,0.9135903,69787.586,2727.477,79444.22,1727.4772,16.467834,7.762089e-05,1.5573481,0.000114342154,0.4441568,,,,,,8.865788e-05,3.8973147e-05,4.4125853e-05,0.00022141747,26131.371,0.20292962,228.2283,,,,
1317,2022-02-23 00:00:00+02:00,0.07983315,0.031256057,484.6496,0.8163283,50612.5,5399.732,58052.145,4399.732,9.548432,5.201823e-06,0.8284656,-8.615539e-06,0.3452518,,,,,,9.587908e-05,5.774188e-05,4.4173445e-05,0.00020369113,22579.729,0.1749641,228.3819,,,,
1318,2022-02-24 00:00:00+02:00,0.12719367,0.037453394,342.93872,0.5581031,68648.7,3300.9912,77840.586,2316.6987,6.3603687,5.7618695e-07,0.9743819,-9.449675e-06,0.42417485,,,,,,0.000104083796,7.099316e-05,4.0418316e-05,0.00021053432,16703.059,0.15240973,230.75778,,,,
1319,2022-02-25 00:00:00+02:00,-0.03497124,0.03479872,374.72894,0.7811071,78779.21,1986.1189,89340.266,986.5958,5.6770935,2.496612e-05,1.2902942,1.4741683e-05,0.37858927,,,,,,4.6233905e-05,6.5055838e-06,4.6016077e-05,0.00017480039,21124.854,0.20246579,230.78967,,,,
1320,2022-02-26 00:00:00+02:00,-0.13109651,0.037567116,267.77313,0.43643457,83532.56,1744.2314,93041.5,876.02374,3.3867788,3.870234e-05,1.043488,2.1863132e-05,0.29127005,,,,,,6.078166e-05,2.2032229e-05,3.793261e-05,0.00017200914,19961.797,0.18703091,228.37915,,,,
1321,2022-02-27 00:00:00+02:00,-0.30211985,0.03724165,388.8686,0.27252826,72699.375,2969.6475,82289.97,1981.3499,9.689678,1.8521173e-06,1.2550647,-1.0247525e-05,0.2550621,1904.5424,2999.993,0.01940449,1934.1152,4.167038,8.8676636e-05,5.6064186e-05,3.4253677e-05,0.00018529719,15756.355,0.16240695,226.97668,,,,
1322,2022-02-28 00:00:00+02:00,0.079386175,0.036851972,339.99915,0.19881795,94236.016,799.469,103284.8,38.411762,4.0971403,5.7939724e-06,1.092042,6.07135e-07,0.18110335,1904.6007,2999.999,0.023246193,1928.613,3.6453662,6.1998115e-05,2.3604061e-05,3.8394057e-05,0.00018532602,16731.293,0.17048135,224.05203,,,,
1323,2022-03-01 00:00:00+02:00,-0.0022312254,0.03740908,265.22955,0.0010663931,80980.45,2007.6012,91640.375,1007.6014,4.535026,5.2723077e-05,1.1251113,4.797426e-05,0.10521397,1897.5927,2999.9927,0.016419549,1920.3018,3.5576339,7.53383e-05,4.302513e-05,3.2313168e-05,0.00018239704,16727.232,0.16073635,224.3972,,,,
1324,2022-03-02 00:00:00+02:00,-0.10821714,0.037851773,282.42862,0.36292085,83409.875,1768.0968,91804.16,970.2413,5.683994,4.337799e-05,1.162442,3.890985e-05,0.23688957,1888.396,2999.9927,0.016629543,1910.7712,3.771018,7.79596e-05,4.5744742e-05,3.3930257e-05,0.00018770632,19295.355,0.1596083,223.22995,,,,
1325,2022-03-03 00:00:00+02:00,0.0044486225,0.03462234,411.63785,0.8502004,85555.41,1415.9934,96180.68,471.29077,6.4121556,4.7239376e-07,1.4449593,5.382458e-07,0.41716838,,,,,,5.2839194e-05,2.0435386e-05,3.607446e-05,0.00015715306,22167.812,0.16940777,223.91614,,,,
1326,2022-03-04 00:00:00+02:00,-0.1873387,0.03700623,249.33298,0.3116461,85044.81,1514.0021,95539.03,579.01526,5.456531,6.983605e-05,1.2166274,6.9934205e-05,0.24172878,1880.3549,2999.998,0.02288206,1901.5256,3.4017158,5.8579488e-05,2.6768874e-05,3.0814168e-05,0.00014872501,19293.727,0.17283154,220.19196,,,,
1327,2022-03-05 00:00:00+02:00,0.14142805,0.038001258,261.94333,0.22191124,84049.31,1627.7712,94465.375,709.1068,2.914777,4.8846494e-05,1.3467636,5.4366355e-05,0.19694874,1873.4421,3000.0007,0.03848728,1891.6917,3.2507808,7.4131574e-05,4.3585496e-05,3.054608e-05,0.00016848321,16718.57,0.16051827,218.62407,,,,
1328,2022-03-06 00:00:00+02:00,-0.31698188,0.035341125,345.0276,0.8455219,87577.64,1249.5635,97897.734,341.36157,10.858546,0.000119046796,1.2710942,0.000111992995,0.34880865,,,,,,4.411111e-05,2.5238605e-05,2.66106e-05,0.00011989168,19843.41,0.14411277,219.85532,,,,
1329,2022-03-07 00:00:00+02:00,-0.49585682,0.037696876,250.35092,0.8825934,90257.73,984.2142,100969.41,70.812874,7.411516,0.00011813035,1.4189817,0.00014059842,0.32056186,,,,,,3.9168015e-05,-2.5308784e-06,3.5505334e-05,0.00013550678,21802.809,0.15896173,221.48878,,,,
1330,2022-03-08 00:00:00+02:00,-0.45419827,0.03666506,532.44324,0.9570869,74236.95,2573.188,84381.94,1573.1877,7.6738825,,,,,,,,,,7.012175e-05,,3.4315373e-05,0.00013931139,18001.938,0.16243568,222.30304,,,,
1331,2022-03-09 00:00:00+02:00,-0.42827737,0.039389856,321.7359,0.37960368,95010.67,653.43506,101941.19,64.545135,6.028972,6.9438014e-05,1.3666854,6.2534455e-05,0.32991064,,,,,,8.070797e-05,4.617981e-05,3.6179023e-05,0.00019308814,16258.61,0.17307773,221.95013,,,,
1332,2022-03-10 00:00:00+02:00,-1.0850369,0.038615763,193.65288,0.071438916,76961.1,2833.1562,85877.63,1947.2281,12.709509,1.1013449e-06,1.5292854,-6.7738874e-06,0.1413264,1886.2365,2999.9907,0.04483599,1913.0398,4.135039,7.499529e-05,3.1674703e-05,4.3970136e-05,0.00017561324,16735.402,0.16888148,221.4594,,,,
1333,2022-03-11 00:00:00+02:00,-0.2537754,0.04033147,244.60098,0.4169407,62840.96,4066.0981,71538.66,3066.0981,7.579282,9.103239e-05,1.0345641,7.974898e-05,0.3733228,,,,,,8.55824e-05,3.950279e-05,4.153893e-05,0.0001904985,14437.628,0.16571692,219.6396,,,,
1334,2022-03-12 00:00:00+02:00,-0.13724089,0.04179099,444.4731,0.00851683,87413.31,1363.5225,97380.9,479.15988,6.1034737,6.357642e-05,1.1336652,6.317953e-05,0.15103766,1870.9677,2999.9995,0.025141548,1891.3171,3.5431828,6.8143425e-05,3.77501e-05,2.984524e-05,0.00014827549,14434.437,0.15349258,218.52094,,,,
1335,2022-03-13 00:00:00+02:00,-0.15010321,0.039473422,328.20163,0.01603906,66879.586,3526.8735,75596.88,2526.8735,3.5554407,9.067937e-05,1.0536304,8.3289866e-05,0.14975102,1880.1805,2999.9949,0.012085117,1894.8419,2.561736,6.664044e-05,3.5981193e-05,3.065925e-05,0.0001515363,14435.072,0.15778624,220.95644,0.003090125,0.16022293,0.00049510895,7.0109365e-07
1336,2022-03-14 00:00:00+02:00,-0.15009776,0.037391935,256.4049,0.15751886,91603.83,1035.6123,99673.97,325.11957,4.2402263,0.00010287554,0.98405814,9.129599e-05,0.15893257,1873.3085,2999.9963,0.022826476,1888.324,2.6123576,7.2545525e-05,3.9961335e-05,3.2584183e-05,0.00017329142,16727.492,0.1694558,222.26495,0.00065296364,0.23007591,0.0001431899,1.6715689e-05
1337,2022-03-15 00:00:00+02:00,-0.17475268,0.037745688,295.38095,0.21474802,85323.98,1598.387,95815.016,638.0615,3.5995724,1.9227618e-05,0.9143302,9.791573e-06,0.20977661,1858.4016,3000.0,0.025514593,1875.4586,2.7902524,9.237783e-05,5.717742e-05,3.52004e-05,0.00019632913,16724.281,0.17998323,222.19943,0.0012971839,0.20771945,0.00026836485,-6.8236477e-06
1338,2022-03-16 00:00:00+02:00,-0.03574601,0.036929414,308.63776,0.19239362,94868.44,743.71967,102827.95,44.95273,1.3538479,6.8619345e-05,0.8969958,5.1062212e-05,0.18842252,1884.4635,3000.0,0.020851592,1900.251,2.5962825,7.231027e-05,3.355502e-05,3.8755257e-05,0.00017810689,20181.758,0.15288794,222.24927,0.0007798264,0.2460278,0.00019180507,3.0030005e-05
1339,2022-03-17 00:00:00+02:00,-0.15604028,0.038932886,158.07199,0.00090476626,85735.6,1598.4166,97135.24,598.4169,4.464484,4.3344025e-05,0.9620018,3.0494068e-05,0.12883602,1877.0645,3000.0022,0.031686448,1888.5612,2.672142,5.8074394e-05,2.0907597e-05,3.71668e-05,0.0001498244,19332.39,0.15072997,222.36166,0.00037685165,0.26233667,9.9115794e-05,-4.9134727e-05
1340,2022-03-18 00:00:00+02:00,-0.2447885,0.0383996,236.44362,0.16591763,95821.195,724.7632,103512.125,67.6141,2.1261637,9.991932e-05,0.9519827,7.9984544e-05,0.14477372,1892.4902,3000.001,0.018474055,1904.3774,2.4885008,6.366759e-05,2.8361752e-05,3.530584e-05,0.0001542556,16737.564,0.14436913,221.6618,0.00044903244,0.29796833,0.00013082093,2.97496e-06
1341,2022-03-19 00:00:00+02:00,-0.14088747,0.03706394,401.26904,0.4615888,96583.34,699.59845,103876.44,70.414024,2.9132812,8.366093e-05,1.2881894,9.424712e-05,0.44669688,,,,,,5.6494806e-05,4.19086e-05,3.309097e-05,0.00015667261,16743.426,0.16065747,221.52792,0.00013793283,0.40932176,5.816216e-05,1.5673357e-05
1342,2022-03-20 00:00:00+02:00,-0.29732725,0.03724935,498.47278,0.17040114,92725.59,1006.4298,103585.64,98.36297,2.865247,6.222316e-05,1.0292611,5.369498e-05,0.16548058,1880.1185,2999.993,0.01861336,1895.9141,2.5998979,4.664327e-05,1.6082513e-05,3.0560754e-05,0.00012852246,16743.117,0.15198603,220.90701,0.0018010588,0.23108032,0.00030983865,1.05310855e-05
1343,2022-03-21 00:00:00+02:00,-0.046082526,0.037444618,290.29596,0.1821682,94515.53,839.88696,101962.83,186.85927,1.6365585,0.000102214275,1.021177,9.597672e-05,0.18958536,1883.4391,3000.0,0.022634346,1896.3076,2.2645319,6.804615e-05,3.4161952e-05,3.3884193e-05,0.00016371292,16738.113,0.15191716,221.8031,0.00043763922,0.250328,0.00010849308,-2.4843011e-05
1344,2022-03-22 00:00:00+02:00,-0.077681705,0.036654025,346.81674,0.1746549,84143.305,1821.9415,92543.78,994.26385,2.4512343,0.00011305134,0.93625927,9.5893905e-05,0.15455331,1883.6616,3000.004,0.02034185,1895.8212,2.3797925,8.564799e-05,5.0022212e-05,3.5625784e-05,0.00017952747,16731.85,0.15374964,223.64194,0.0011636905,0.18416193,0.00017490052,-1.1077378e-05
1345,2022-03-23 00:00:00+02:00,-0.28141153,0.03800308,427.4206,0.45989317,90402.08,1068.1807,99711.97,252.74684,5.609692,9.6272735e-05,1.0967398,8.490584e-05,0.2911165,1895.9991,3000.0044,0.017562238,1910.0172,2.4859421,5.765898e-05,1.7927692e-05,4.1611114e-05,0.00016804488,19153.486,0.16841711,225.48476,0.0005392672,0.27624768,0.0001348654,3.8113876e-06
1346,2022-03-24 00:00:00+02:00,0.060267374,0.036789156,724.8948,0.09966096,87043.82,1459.4015,95261.14,676.5256,4.22923,9.3170405e-05,1.0393088,8.640106e-05,0.13538142,1868.7712,3000.0515,0.03418245,1881.76,2.5374231,6.479838e-05,2.3106288e-05,4.16921e-05,0.00016674412,17241.883,0.15458897,224.8447,0.00086604693,0.27299982,0.00021591334,6.681167e-05
1347,2022-03-25 00:00:00+02:00,-0.27520335,0.04010196,771.40643,0.39025858,73437.27,2955.2385,81283.83,2093.1233,5.2500887,8.434329e-05,0.79374814,5.503591e-05,0.30485484,,,,,,6.281519e-05,2.5769363e-05,3.950077e-05,0.00015857769,18891.09,0.15851125,223.36023,0.0010387669,0.17913234,0.00017840286,-1.7323939e-05
1348,2022-03-26 00:00:00+02:00,-1.3204503,0.03796186,409.0532,0.33504406,79665.53,1930.4739,90058.05,963.9599,9.423105,5.9037047e-05,1.1584421,5.6514273e-05,0.15001893,,,,,,5.4493565e-05,1.4033905e-05,4.134289e-05,0.00013262233,14423.494,0.17362018,224.41907,0.000112931404,0.5025013,6.467547e-05,-2.2714374e-05
1349,2022-03-27 00:00:00+02:00,-0.017646655,0.037941862,290.1116,0.18483369,80769.68,2017.095,90093.12,1141.4105,2.644002,4.702199e-05,1.0623918,3.6536992e-05,0.17865284,1848.3132,3000.026,0.123524204,1861.0602,3.5574365,5.8497033e-05,1.5637646e-05,4.2859385e-05,0.00015794704,15237.781,0.16726103,222.38618,0.0008267347,0.2798073,0.00019618947,2.625043e-05
1350,2022-03-28 00:00:00+03:00,-0.1670067,0.037972666,663.4413,0.49232325,54911.54,4885.966,62791.406,3885.9663,5.1531363,0.0001111648,0.8797247,8.722559e-05,0.2928542,,,,,,5.234291e-05,1.7889135e-05,3.5628385e-05,0.00013473394,14127.1875,0.14512739,223.69348,0.000110879075,0.379417,3.58148e-05,1.4230343e-05
1351,2022-03-29 00:00:00+03:00,-0.49900398,0.03862863,333.08328,0.55372626,87732.625,1109.4541,97703.44,235.33356,5.3277044,4.102236e-05,1.4547542,4.220668e-05,0.34330237,,,,,,5.2230644e-05,7.33437e-06,4.3082287e-05,0.0001469017,17359.195,0.16500191,224.58925,-7.714341e-05,0.4939496,-4.0366165e-05,-1.6763068e-05
1352,2022-03-30 00:00:00+03:00,-0.3887835,0.035756387,251.19226,0.3995747,83088.016,1562.6749,93288.266,653.54126,5.1498055,7.3932766e-05,1.2050897,7.377757e-05,0.28256586,,,,,,6.918004e-05,2.2261362e-05,4.510367e-05,0.00017765499,20416.945,0.16252196,225.71394,0.00013221751,0.45188046,4.4755132e-05,1.789548e-05
1353,2022-03-31 00:00:00+03:00,-0.51232874,0.03953587,264.37827,0.47484648,78040.95,2067.6672,88587.08,1089.375,5.1542535,8.319225e-05,0.9948919,6.628935e-05,0.24574104,,,,,,6.4387e-05,1.2408344e-05,4.7417816e-05,0.00018376585,17459.916,0.1611524,227.14244,0.0017614623,0.32659182,0.0003658153,-6.209466e-06
1354,2022-04-01 00:00:00+03:00,0.041341543,0.03880481,196.05759,0.30924907,54304.42,4924.75,62189.273,3924.7498,6.7362337,0.00013830035,0.8439683,9.881728e-05,0.28797284,,,,,,6.0500162e-05,1.3408365e-05,4.740368e-05,0.00017443564,16703.328,0.14890794,226.50876,0.00072253763,0.25729355,0.00013429938,8.717172e-06
1355,2022-04-02 00:00:00+03:00,0.070576414,0.04242348,248.73782,0.11152083,78170.55,2189.3215,86317.83,1364.6937,3.99853,8.890218e-05,1.0837653,8.214364e-05,0.11212478,,,,,,7.659687e-05,3.0411577e-05,4.6185298e-05,0.00018054945,16700.453,0.15642346,227.25223,0.00025220652,0.35048997,9.022719e-05,-7.192433e-06
1356,2022-04-03 00:00:00+03:00,-0.018469498,0.038585857,369.2683,0.2382478,79969.984,1907.968,89584.83,973.81036,5.1324897,6.48986e-05,0.9696613,4.754483e-05,0.10196958,1848.7722,3000.0151,0.030532077,1859.3674,2.2422779,5.6560988e-05,6.602517e-06,5.014208e-05,0.0001624554,19260.86,0.17680772,226.55243,0.00048645813,0.3744827,0.00016416068,3.528328e-05
1357,2022-04-04 00:00:00+03:00,-0.4096132,0.038624976,428.25668,0.9998152,73950.055,2405.311,84018.02,1405.3108,17.733702,,,,,,,,,,0.00010661541,,4.5390218e-05,0.00016620662,17960.668,0.17391303,226.65836,,,,
1358,2022-04-05 00:00:00+03:00,-0.58921856,0.03234966,432.02704,0.90264136,72035.53,2467.8726,82096.984,1468.1104,11.868195,2.3007327e-05,1.1676219,1.5184438e-05,0.40436164,,,,,,4.8479757e-05,-6.263116e-06,5.59072e-05,0.00017625786,22040.676,0.19552568,227.36491,0.000137498,0.5463902,7.5127566e-05,2.1075579e-05
1359,2022-04-06 00:00:00+03:00,0.038610518,0.03611609,401.09668,0.61739784,58447.375,4237.4883,66936.64,3237.488,7.5484476,7.82598e-05,0.7189813,4.3266886e-05,0.41379154,,,,,,6.691469e-05,1.5312016e-05,5.3560874e-05,0.00018986603,19811.844,0.18102147,226.51823,0.0002860307,0.42358017,9.9263554e-05,-1.745275e-05
1360,2022-04-07 00:00:00+03:00,-0.55725074,0.03476871,465.58856,1.0,73509.13,2442.8992,83440.78,1442.899,32.78035,,,,,,,,,,7.756248e-05,,4.694912e-05,0.0001665848,19214.645,0.17365795,225.838,,,,
1361,2022-04-08 00:00:00+03:00,-0.5421784,0.032914203,511.05457,0.9757703,71273.414,2633.8396,81152.08,1633.8395,19.844757,1.2873132e-05,0.87988585,-3.1991908e-06,0.5032851,,,,,,8.794478e-05,2.8203644e-05,5.345323e-05,0.00019157886,23397.41,0.20307873,226.71222,,,,
1362,2022-04-09 00:00:00+03:00,-0.7177474,0.03492465,544.1657,0.6307001,75653.5,2223.9233,85004.234,1295.2682,9.933647,8.529583e-05,1.0535359,7.373959e-05,0.26475284,,,,,,7.8361845e-05,2.0345591e-05,5.3273623e-05,0.00018584417,22075.953,0.19948262,227.68921,7.324591e-05,0.42925888,3.5863242e-05,2.6339072e-05
1363,2022-04-10 00:00:00+03:00,-0.6646023,0.03659719,874.0504,0.6831806,66893.63,3233.7544,76231.16,2240.7393,10.01377,2.5316178e-05,1.0488716,9.104599e-06,0.3524649,,,,,,7.855623e-05,2.1572541e-05,5.1616204e-05,0.00018548817,24211.965,0.19632041,227.96971,0.0006059246,0.45695803,0.0002244443,2.0306397e-05
1364,2022-04-11 00:00:00+03:00,-1.1990994,0.036714442,721.25433,0.23012117,83109.27,1658.6196,93027.99,732.04254,8.77717,9.594459e-05,1.1075166,9.082076e-05,0.14450383,,,,,,8.006388e-05,2.6341973e-05,5.4429056e-05,0.0001674099,22154.361,0.19100958,227.76543,0.00010737384,0.5626721,5.749622e-05,8.347339e-06
1365,2022-04-12 00:00:00+03:00,-0.016952485,0.036588825,481.38824,0.26471078,93213.19,790.1996,100985.32,105.60811,7.4660206,5.8472655e-05,1.0735828,4.93333e-05,0.16856584,1838.9084,2999.9998,0.02078826,1852.3171,2.0885005,8.4174e-05,3.237639e-05,5.5782955e-05,0.00020942846,19289.621,0.18387456,226.65332,0.00050026854,0.3723215,0.00016035582,3.3331624e-05
1366,2022-04-13 00:00:00+03:00,-0.3209886,0.036804665,606.1781,0.54838526,39505.25,7512.8506,45345.07,6512.8506,6.7379293,1.3197131e-05,0.80510074,2.8200475e-08,0.3906768,,,,,,8.49371e-05,3.4458863e-05,5.304473e-05,0.00018456548,16718.135,0.16922894,227.0821,0.00058828946,0.24998595,0.00014178651,-2.9631237e-06
1367,2022-04-14 00:00:00+03:00,-0.25945687,0.03514797,853.0554,0.98453736,58956.17,4492.8345,67077.7,3492.8345,26.535114,,,,,,,,,,8.574655e-05,,4.949133e-05,0.00016215864,18486.152,0.16690375,228.099,,,,
1368,2022-04-15 00:00:00+03:00,-0.6858034,,,0.999989,76997.52,2313.4895,87228.05,1327.9014,27.96926,,,,,,,,,,7.240329e-05,,5.135769e-05,0.00014712429,22183.654,0.17689672,228.78772,,,,
1369,2022-04-16 00:00:00+03:00,-0.8113648,0.035253387,419.6002,0.34511375,85489.55,1539.3047,95721.42,623.1972,5.6679783,1.0317867e-05,1.0290241,-7.8975645e-06,0.2267983,1829.0027,3000.0242,0.06305655,1846.3352,2.4597216,6.3407184e-05,1.1449205e-05,5.2005005e-05,0.00017818547,22216.727,0.19217697,228.57663,0.0021997239,0.32376224,0.00039629816,9.479605e-06
1370,2022-04-17 00:00:00+03:00,0.14643362,0.03550746,425.33615,0.19888961,48932.47,5911.4004,56040.605,4911.4004,6.264449,0.00011325536,0.75546676,7.4248834e-05,0.18950501,1844.7086,3000.0845,0.16457553,1858.1809,2.8280292,8.834865e-05,3.5329274e-05,5.3019372e-05,0.00019834336,21056.527,0.17865565,227.39215,0.001375628,0.2590109,0.0002533401,4.785511e-05
1371,2022-04-18 00:00:00+03:00,0.033802554,0.03545264,652.5442,0.09672057,74590.26,2758.2363,82329.09,1940.4755,4.4127994,8.248489e-05,1.0400615,6.791837e-05,0.08662761,1848.7104,3000.0083,0.04276385,1859.0183,2.0372207,7.195842e-05,1.9729452e-05,5.2228974e-05,0.00017279107,19291.055,0.1771695,228.42209,0.00054319086,0.32316405,0.00015320009,1.5025748e-05
1372,2022-04-19 00:00:00+03:00,0.34985232,0.03485424,488.83307,0.05105329,68340.88,3659.6067,75613.28,2811.2832,4.782887,0.00010350201,0.8696587,7.474364e-05,0.05127003,1848.009,3000.0928,0.085724294,1858.4819,2.1553078,7.6327226e-05,2.0776184e-05,5.5551045e-05,0.00018537755,19283.762,0.17362918,228.06607,0.0004436015,0.30375898,0.00012977219,1.7489365e-05
1373,2022-04-20 00:00:00+03:00,0.13981315,0.03503286,483.89624,0.0048509925,84563.18,1588.979,94650.68,647.01544,5.518482,0.00010333888,0.91157305,7.868777e-05,0.015753223,1866.5295,3000.0203,0.026703779,1876.545,2.0285983,7.598658e-05,2.6906775e-05,4.9079805e-05,0.00017517345,19280.346,0.1640199,227.44247,0.00040394312,0.28438622,0.000106291285,1.0406477e-05
1374,2022-04-21 00:00:00+03:00,0.101019934,0.032673933,515.13403,0.04377694,85935.41,1441.6326,95306.75,583.3299,4.6752605,8.593052e-05,0.8965168,6.127645e-05,0.042468686,1862.4491,3000.008,0.021462686,1872.6376,1.9386932,7.582693e-05,2.6431935e-05,4.9395e-05,0.0001844215,19280.05,0.15315962,227.98279,0.0013051768,0.29175776,0.00031464986,7.599485e-05
1375,2022-04-22 00:00:00+03:00,0.00957635,0.038052417,548.4448,0.17796257,87435.87,1321.071,96813.37,457.2857,5.0578957,0.0001196699,1.0161116,0.000111154746,0.1684827,,,,,,8.808533e-05,3.687198e-05,5.1213356e-05,0.00021062029,19284.406,0.15575144,227.91568,0.0004556634,0.31863612,0.00011736632,3.993899e-05
1376,2022-04-23 00:00:00+03:00,-0.6507743,0.034943517,665.0735,0.8717475,69418.64,3049.0754,79105.45,2049.0754,31.051033,6.798757e-05,1.06629,5.2202977e-05,0.32343325,,,,,,6.341947e-05,1.844644e-05,5.2197418e-05,0.0001651755,22349.629,0.16296619,229.18839,-0.00014098293,0.4395184,-6.917159e-05,-8.3537725e-06
1377,2022-04-24 00:00:00+03:00,-0.54798263,0.033957236,991.4337,1.0,74923.41,2435.0305,84930.5,1435.0305,31.838715,,,,,,,,,,9.665595e-05,,4.7762253e-05,0.00016613887,22426.371,0.16534787,229.3573,,,,
1378,2022-04-25 00:00:00+03:00,-0.56865954,0.036098488,621.9085,0.95255667,91133.67,848.6522,100151.98,45.859116,24.244759,4.229384e-05,1.3230951,3.445366e-05,0.4527289,,,,,,8.790667e-05,1.5612926e-05,5.398603e-05,0.00019015805,22132.29,0.16202378,230.00766,,,,
1379,2022-04-26 00:00:00+03:00,-0.3239818,0.03522619,635.1356,0.23787352,81825.08,1804.0044,91224.164,910.9264,6.5886765,4.7277535e-05,1.0137962,2.5823789e-05,0.09336806,,,,,,7.1538554e-05,2.147395e-05,5.108067e-05,0.00017539217,19269.604,0.15887925,230.08884,0.00054262736,0.3415506,0.00014550494,1.4553167e-05
1380,2022-04-27 00:00:00+03:00,-1.0117984,0.034087792,381.81116,0.05154146,77907.09,2223.909,88377.016,1231.4077,6.4344378,2.5862222e-05,0.93922967,4.919545e-06,0.048826747,,,,,,7.9571604e-05,2.5493815e-05,5.394335e-05,0.00015312697,22196.867,0.16886649,230.1444,7.819855e-05,0.40379977,3.333589e-05,-1.4255857e-05
1381,2022-04-28 00:00:00+03:00,-0.5307355,0.032996573,327.3252,0.8444797,81247.62,1897.6809,92138.76,913.4394,12.009121,0.00011652539,1.2680124,0.000108605745,0.40811408,,,,,,7.8356745e-05,2.3961773e-05,5.6016153e-05,0.00018637272,22207.855,0.18237707,229.2283,0.0006787007,0.4028362,0.00025383657,-1.635705e-06
1382,2022-04-29 00:00:00+03:00,-0.21905768,0.038337052,418.8085,0.14538328,64508.54,3745.6672,73548.195,2745.6672,4.358317,6.815393e-06,0.905689,-1.5957108e-05,0.14536014,1846.0254,3000.0808,0.114556514,1858.8167,2.4286811,7.767054e-05,2.109298e-05,5.6526267e-05,0.00018188279,20800.305,0.17632931,229.89374,0.0004126819,0.3189905,0.00012465715,3.0049378e-05
1383,2022-04-30 00:00:00+03:00,-0.020073349,0.03643301,455.53632,0.004100542,90279.53,1052.4548,98601.766,361.06238,4.863238,7.7261066e-05,0.9907422,5.3697906e-05,0.014653639,1853.8943,3000.024,0.075479224,1865.7566,2.3025277,7.1531314e-05,1.5064689e-05,5.6466626e-05,0.00017483774,16719.121,0.16589943,230.26923,0.0003824659,0.31192484,0.00011243676,1.5438545e-05
1384,2022-05-01 00:00:00+03:00,-0.6679271,0.03170562,638.35986,0.99999905,72724.75,2805.2808,82540.06,1805.2808,23.545841,,,,,,,,,,,,,,,0.16752034,229.31947,,,,
1385,2022-05-02 00:00:00+03:00,-0.13372372,0.033437047,592.6948,0.04875488,67391.86,3370.54,76582.38,2370.54,7.7120056,2.210923e-05,0.9322914,-8.9787636e-07,0.04626057,,,,,,7.1922754e-05,1.5053587e-05,5.686917e-05,0.0001899954,19279.984,0.16171277,229.2974,0.0010153954,0.3008535,0.00025381867,2.9977373e-05
1386,2022-05-03 00:00:00+03:00,0.2930834,0.03219559,434.6496,0.08064263,85533.36,1445.945,93625.67,687.71423,5.631754,6.528765e-05,1.0294362,5.0295712e-05,0.10032103,1851.9453,3000.0479,0.055143584,1863.4185,1.923645,7.912445e-05,1.66502e-05,6.247425e-05,0.00021263922,20432.53,0.16883975,229.8141,0.00075072655,0.42486656,0.0002622836,6.083897e-05
1387,2022-05-04 00:00:00+03:00,-0.43192655,0.034042478,395.61908,0.31565058,78338.336,2189.4785,88383.82,1238.5898,5.695486,5.3224536e-05,1.0190003,2.9307113e-05,0.16220161,,,,,,7.745443e-05,1.8960971e-05,5.881642e-05,0.00018690442,19291.16,0.15927765,231.6107,3.169835e-05,0.42733574,1.9267944e-05,7.382914e-06
1388,2022-05-05 00:00:00+03:00,-0.270729,0.031976774,661.6544,0.5656529,75609.8,2505.4897,85217.14,1550.9836,10.005335,8.222405e-05,1.1931825,8.069163e-05,0.27564752,,,,,,8.379544e-05,2.4026669e-05,5.934577e-05,0.0001891726,21363.629,0.16921107,230.18019,0.00022621421,0.32254916,6.984085e-05,1.2555115e-05
1389,2022-05-06 00:00:00+03:00,-0.31959206,0.034891523,704.4728,0.0128336465,91060.92,1002.5067,99607.89,222.56488,5.27514,0.00010921192,0.87657154,7.004507e-05,0.025842624,1856.2821,3000.0151,0.033698983,1869.2776,2.0220966,9.559117e-05,3.306954e-05,6.252163e-05,0.00021268593,21029.82,0.1712941,230.32077,0.00018014113,0.30361134,4.7534457e-05,-2.9071741e-06
1390,2022-05-07 00:00:00+03:00,-0.4846329,0.030365078,933.09875,0.46899033,86098.81,1497.0166,95009.09,651.53723,7.712817,7.592273e-05,1.089746,5.0500035e-05,0.23285198,,,,,,7.229656e-05,1.616398e-05,5.929729e-05,0.00019286563,19279.219,0.16350296,230.36914,0.0006379231,0.4392866,0.00019189737,4.5073204e-05
1391,2022-05-08 00:00:00+03:00,-0.15534118,,,0.28318414,69338.53,3153.4294,78779.625,2170.525,10.15283,3.8693892e-05,1.0034566,1.8476563e-05,0.17393613,1860.9391,3000.0923,0.057923082,1871.8352,1.8761128,7.626937e-05,1.0791125e-05,6.5843364e-05,0.00021015588,22197.635,0.18067862,229.87297,0.00088648463,0.3898549,0.0003091947,5.7507947e-05
1392,2022-05-09 00:00:00+03:00,-0.12568724,0.03429026,590.74927,0.07159102,86221.266,1529.8477,94313.195,787.47723,7.5039525,4.875057e-05,1.0351434,2.7357937e-05,0.0778408,1846.7822,3000.1191,0.10122082,1860.3344,2.6771257,7.899951e-05,1.5327838e-05,6.367167e-05,0.00019457351,18812.715,0.17395832,230.19571,0.0003256923,0.39096755,0.00012357988,4.933262e-05
1393,2022-05-10 00:00:00+03:00,0.029043645,0.035425384,591.87366,0.060858004,70607.18,3228.7222,79268.8,2283.5464,9.028685,8.8149456e-05,1.1059613,7.267673e-05,0.05695178,1860.9072,3000.153,0.111202106,1875.648,2.5537367,8.1620805e-05,2.0064275e-05,6.155654e-05,0.00019270259,16035.784,0.16541234,230.69827,0.0003199621,0.36478084,0.00010081552,2.9968473e-05
1394,2022-05-11 00:00:00+03:00,-0.9084712,0.030015813,819.6968,0.6145601,49142.344,5824.048,56015.242,4824.048,6.440631,0.0001401285,0.5963633,5.4060063e-05,0.3832007,,,,,,8.6837135e-05,3.0446829e-05,6.189263e-05,0.00018389098,16697.842,0.16709873,231.70471,0.0005205688,0.20898207,0.000108367494,1.2647715e-05
1395,2022-05-12 00:00:00+03:00,-1.008129,0.027785309,1165.6238,0.9856874,81322.91,1753.9102,91829.016,753.9442,24.738598,3.425155e-05,1.1120601,1.7085553e-05,0.5011734,,,,,,8.396617e-05,2.5596013e-05,6.194261e-05,0.00019954484,19993.715,0.18322724,232.21536,,,,
1396,2022-05-13 00:00:00+03:00,-1.2302814,0.0324954,794.3931,0.3910744,76404.86,2316.3586,86373.87,1318.7794,8.592213,5.5592274e-05,1.0511713,3.9048286e-05,0.09939423,,,,,,7.7883735e-05,1.3676247e-05,6.40693e-05,0.00015895398,22138.316,0.17571938,231.4879,0.00014813613,0.4576215,6.7238856e-05,1.0337472e-05
1397,2022-05-14 00:00:00+03:00,-0.7489542,0.029343728,865.62775,0.9223217,76251.06,2302.9763,86376.78,1302.9764,19.446363,-0.0001103313,1.2805393,-0.00017000825,0.503586,,,,,,8.082054e-05,2.3457907e-05,5.8447193e-05,0.00018841696,22129.766,0.18068452,225.63928,,,,
1398,2022-05-15 00:00:00+03:00,-0.9125874,0.031211048,864.79346,0.45463884,78270.81,2193.5366,87528.47,1282.7439,9.310566,-1.9974796e-05,1.09408,-4.5790966e-05,0.16941793,,,,,,7.448829e-05,1.2671753e-05,6.1796825e-05,0.00018710882,21457.68,0.18050969,231.14871,0.00016749806,0.46187347,7.084148e-05,9.038946e-06
1399,2022-05-16 00:00:00+03:00,-0.0584215,0.03175675,455.44202,0.0006279621,99707.91,191.98325,101281.766,42.840004,4.992867,3.828662e-05,0.8844857,7.44697e-06,0.0022738848,1842.855,3000.0056,0.028866533,1863.4271,2.5344944,7.9527585e-05,1.7419276e-05,6.210831e-05,0.00019318561,22172.617,0.17800611,232.35364,0.00017232102,0.3811211,6.662039e-05,1.0707128e-05
1400,2022-05-17 00:00:00+03:00,-0.46541888,0.02757637,608.49524,0.06774219,87712.67,1284.2512,95809.3,545.7762,9.446053,2.7505906e-05,1.156729,4.76431e-06,0.12129374,1843.8899,3000.005,0.036010932,1855.8844,2.0574503,8.607043e-05,1.8427914e-05,6.782537e-05,0.0002112054,24301.633,0.19208738,232.62535,0.00012543116,0.57813054,5.8097896e-05,1.4578616e-05
1401,2022-05-18 00:00:00+03:00,-0.20188531,0.032200273,585.17065,0.0037870242,87511.93,1397.0658,97189.37,515.62274,4.4189014,3.7418835e-05,0.961193,5.195811e-06,0.02851129,1859.6628,3000.009,0.027995734,1874.2122,2.1304803,8.169384e-05,1.7637965e-05,6.405587e-05,0.00021112745,17256.379,0.1674462,232.14603,0.00092760206,0.3221205,0.00024283887,5.0452803e-05
1402,2022-05-19 00:00:00+03:00,-0.20025033,0.03201108,677.1704,0.9084038,72042.87,2910.8464,81490.19,1910.8464,16.738533,5.781267e-05,0.9919814,3.2822158e-05,0.32011038,,,,,,7.118219e-05,1.741244e-05,6.537442e-05,0.00019495779,16709.297,0.16850257,229.38628,0.0012174228,0.3343172,0.00038125087,-1.8692639e-05
1403,2022-05-20 00:00:00+03:00,-0.4103774,0.026092302,815.7626,1.0,72719.0,2791.746,82223.375,1791.7458,81.81449,,,,,,,,,,9.153859e-05,,5.9234408e-05,0.00017865186,17339.232,0.16490343,232.43887,,,,
1404,2022-05-21 00:00:00+03:00,-0.64231706,0.028557025,1539.6985,1.0,79040.586,2019.379,89231.43,1021.04944,60.65252,,,,,,,,,,8.755784e-05,,5.6826997e-05,0.00017882945,17821.348,0.16430756,232.27785,,,,
1405,2022-05-22 00:00:00+03:00,-0.40786764,0.033177316,759.41016,0.21600574,59379.883,4351.5786,67508.484,3352.835,8.426485,8.680603e-05,0.78195834,4.1854044e-05,0.20017563,,,,,,8.090445e-05,1.2275392e-05,6.806089e-05,0.00019837415,19262.547,0.16998535,232.34381,0.00037364953,0.30975235,9.810715e-05,4.670593e-06
1406,2022-05-23 00:00:00+03:00,-0.06539802,0.029956605,745.4529,1.3251614e-05,40585.844,7121.1514,46421.03,6121.1514,7.753566,3.5911846e-05,0.84966815,1.5227073e-06,0.001568249,1849.4464,3000.0054,0.02841166,1866.2749,2.2647295,0.00010216598,3.5204837e-05,6.696114e-05,0.00023133538,20653.027,0.17413083,231.43167,0.0010811242,0.2888851,0.00025867348,4.6880792e-05
1407,2022-05-24 00:00:00+03:00,0.16017708,0.030914284,763.002,0.0,,,,,,5.086543e-05,1.0472881,2.3688153e-05,0.08703335,1840.0948,3000.1628,0.03758094,1858.3109,2.2991211,9.598494e-05,3.005165e-05,6.59333e-05,0.0002346535,16702.89,0.17228936,231.3247,0.00058195426,0.39054352,0.00020671646,3.851521e-05
1408,2022-05-25 00:00:00+03:00,0.10765699,0.029364757,1110.5997,0.9999895,72352.35,2826.4478,81851.62,1826.4478,26.286587,,,,,,,,,,7.925351e-05,,6.019273e-05,0.0001791277,18471.297,0.1708921,229.16286,,,,
1409,2022-05-26 00:00:00+03:00,-0.8478623,0.025517147,1469.6487,0.9192035,70811.74,2901.7988,80247.55,1902.375,20.349257,2.8086242e-05,1.3271905,1.1581927e-05,0.34281367,,,,,,7.957878e-05,1.5950862e-05,6.371495e-05,0.00019430368,22126.45,0.18161207,232.80899,-0.00026789788,0.5643135,-0.00015900901,-2.5676905e-05
1410,2022-05-27 00:00:00+03:00,-0.80261517,0.02665861,691.422,0.54321903,81636.75,1696.6819,91917.484,730.4314,8.964031,6.0349772e-05,1.3521268,2.8481554e-05,0.22990876,,,,,,8.0364865e-05,1.1754386e-05,7.2354014e-05,0.00020426884,24199.775,0.18607056,233.95613,0.00015688872,0.54991806,7.752997e-05,2.7919239e-05
1411,2022-05-28 00:00:00+03:00,-0.80349624,0.026414398,802.09265,0.79057527,71672.21,2745.3538,81091.74,1771.9976,18.564785,4.2543208e-05,1.2746968,2.3630708e-05,0.16683011,,,,,,8.061527e-05,1.5484347e-05,6.7981455e-05,0.00020653816,24200.727,0.18321787,234.03032,0.00022042115,0.6664904,0.000118216674,1.7991119e-05
1412,2022-05-29 00:00:00+03:00,-1.2735208,0.027596395,1116.3309,0.92941,77079.52,2212.8496,87399.125,1213.9315,15.350819,6.0550996e-05,1.0842904,3.6563157e-05,0.33386692,,,,,,8.530345e-05,2.5539819e-05,6.202823e-05,0.00016497311,23612.355,0.17742848,233.5806,-0.0002178746,0.6085323,-0.00013280068,-2.584965e-05
1413,2022-05-30 00:00:00+03:00,-0.25567564,0.026344823,1076.8132,0.8337103,62720.914,3992.8354,71390.234,2992.8352,13.877334,8.2579056e-05,1.1992847,7.911371e-05,0.0997678,,,,,,8.07835e-05,2.8579752e-05,6.573464e-05,0.00019872157,20285.57,0.17594059,230.78735,-0.00022385249,0.6285447,-0.00013110261,-3.3978617e-05
1414,2022-05-31 00:00:00+03:00,-0.73724073,0.028826715,1202.1235,0.94217575,76366.734,2365.5605,86412.695,1366.8484,15.5022135,,,,,,,,,,7.240623e-05,,6.8003836e-05,0.00019072651,23561.168,0.17576922,230.34473,,,,
1415,2022-06-01 00:00:00+03:00,-0.9167752,,,0.99952483,51937.844,5421.323,59140.67,4421.323,17.077818,,,,,,,,,,8.338533e-05,,6.2868785e-05,0.0001785992,22166.773,0.16519886,233.25552,,,,
1416,2022-06-02 00:00:00+03:00,-1.1297222,0.02740984,977.484,0.5681497,83993.7,1610.4253,93844.22,679.1543,8.316725,4.8543236e-05,1.5483022,3.6459787e-05,0.29816616,,,,,,8.3869774e-05,2.3920664e-05,6.612911e-05,0.00021523726,22155.154,0.17402804,233.65933,0.0001704844,0.7568352,9.889301e-05,-1.6990316e-05
1417,2022-06-03 00:00:00+03:00,-0.9901531,0.028666887,751.4086,0.8104366,80749.41,1970.7905,91133.586,979.1336,15.293146,-2.4627236e-05,1.3170136,-6.859509e-05,0.4391631,,,,,,7.6089804e-05,2.5169376e-05,6.49415e-05,0.00020945,22179.035,0.16394222,233.87857,,,,
1418,2022-06-04 00:00:00+03:00,-0.81978583,0.024858259,1212.5879,0.43198746,82319.16,1910.4775,90987.18,1054.6738,12.024311,6.80453e-07,1.3871237,-2.4920006e-05,0.27165794,,,,,,8.425886e-05,1.5132363e-05,7.0242524e-05,0.00022238246,22177.273,0.17156687,233.06241,-5.1392864e-05,0.66462785,-1.8986564e-05,1.5323938e-05
1419,2022-06-05 00:00:00+03:00,-0.0651311,0.031017566,1139.3687,0.27617297,94229.766,724.9828,99338.95,249.96855,11.510547,5.00736e-05,1.1578188,2.5682426e-05,0.08491921,,,,,,8.714808e-05,2.311187e-05,6.410395e-05,0.00019855663,16712.324,0.15072714,232.18047,0.00021529521,0.418816,9.8917735e-05,2.3984103e-05
1420,2022-06-06 00:00:00+03:00,-0.64904416,0.03218592,1692.1232,0.29727724,57052.027,5004.451,64822.34,4005.073,7.524954,7.716006e-05,0.9131052,3.2186363e-05,0.21779491,,,,,,8.776938e-05,2.2574459e-05,6.812906e-05,0.00020334279,16711.438,0.1476615,231.63206,9.030485e-05,0.40799218,4.0586572e-05,-5.639439e-06
1421,2022-06-07 00:00:00+03:00,-0.80392396,0.030633982,1397.0479,0.58224505,72888.695,2840.708,81529.33,1920.647,10.330643,0.00013428727,0.9430665,7.957492e-05,0.24259165,,,,,,9.4321615e-05,4.6114612e-05,6.011776e-05,0.00020141053,16703.543,0.14734441,234.34865,6.85691e-05,0.3380394,6.930879e-06,-3.2273612e-05
1422,2022-06-08 00:00:00+03:00,-0.95686185,,,1.0,59042.707,4509.2437,66886.96,3509.2437,78.670135,,,,,,,,,,9.643087e-05,,5.5645887e-05,0.00018802343,16700.305,0.1469833,234.10378,,,,
1423,2022-06-09 00:00:00+03:00,-0.32316583,0.027243476,1345.373,0.17715055,88252.14,1241.6213,96248.82,473.43683,7.2418127,6.332306e-05,1.261044,4.4249835e-05,0.17936152,1839.9957,3000.8538,0.045515597,1873.2684,3.281212,9.166354e-05,2.6967318e-05,6.452507e-05,0.00022737126,16701.777,0.14878929,233.73512,0.00023399852,0.48900855,6.963484e-05,-2.0316224e-05
1424,2022-06-10 00:00:00+03:00,-0.728185,0.029378021,1484.3892,0.991571,55373.375,5089.465,62861.266,4089.4646,36.40599,,,,,,,,,,8.328348e-05,,5.7876932e-05,0.00017709688,16705.18,0.15117927,232.42003,,,,
1425,2022-06-11 00:00:00+03:00,-0.8594847,0.028923407,1353.2313,0.28923985,87709.33,1338.1934,95526.82,592.48303,6.808861,6.7689376e-05,1.3546216,4.935889e-05,0.17586404,,,,,,8.092281e-05,2.357518e-05,5.79353e-05,0.00018831999,16708.602,0.14854741,232.1436,-5.4394637e-05,0.6622864,-3.3831617e-05,-1.8644421e-05
1426,2022-06-12 00:00:00+03:00,-0.8961191,0.027652578,1353.9789,0.6518853,73035.4,2830.0652,82446.31,1835.8784,11.311283,5.291683e-05,1.2480955,2.2366858e-05,0.28984916,,,,,,7.658274e-05,1.5749252e-05,6.3550484e-05,0.00018560495,17037.912,0.14744043,234.1175,5.2467738e-05,0.43980408,2.6413381e-05,4.359258e-06
1427,2022-06-13 00:00:00+03:00,-0.7193605,0.02492523,1272.5046,0.72547626,75272.39,2511.7092,84679.39,1540.1987,12.419285,8.170173e-06,1.3443978,-2.6442889e-05,0.25922936,,,,,,7.8289086e-05,1.241646e-05,6.9362875e-05,0.00020571431,22151.154,0.16256995,234.4968,5.0519313e-05,0.6476382,2.3980332e-05,1.4277889e-05
1428,2022-06-14 00:00:00+03:00,-1.3013811,,,1.0,59926.504,4243.3784,68074.89,3243.378,22.23476,,,,,,,,,,7.457857e-05,,6.292934e-05,0.00014992944,22138.973,0.16347581,235.3075,,,,
1429,2022-06-15 00:00:00+03:00,0.16671298,0.025276313,919.8734,0.18222052,81527.83,1895.88,89678.96,1092.6044,6.3372207,3.8298786e-05,1.093936,1.1128615e-05,0.099051684,1835.8263,3000.1543,0.0316875,1861.7526,2.8612728,8.377015e-05,1.0546788e-05,7.33671e-05,0.00021142229,22158.059,0.1623959,232.4178,0.00010293779,0.5140205,5.3733573e-05,2.4944824e-05
1430,2022-06-16 00:00:00+03:00,-0.31942895,0.028606772,1090.4514,0.40352756,87599.69,1277.648,96997.14,406.76465,7.906025,3.4719484e-05,1.4876394,2.2668468e-05,0.22014526,,,,,,8.416788e-05,1.664284e-05,6.8187874e-05,0.00020228875,19274.305,0.15933508,232.77234,5.0861927e-05,0.6865025,2.2708948e-05,5.199513e-06
1431,2022-06-17 00:00:00+03:00,-0.16860706,0.027912535,859.0435,0.00027234622,68355.555,3255.8674,78228.83,2255.8672,3.7681677,1.1865564e-05,0.9686178,-2.1579148e-05,0.001189072,1852.9518,3000.0032,0.018342398,1875.3657,2.556513,8.734407e-05,1.590002e-05,7.144405e-05,0.00020637512,21920.0,0.16167629,235.09676,4.793797e-05,0.45804858,2.2730967e-05,-2.2451568e-06
1432,2022-06-18 00:00:00+03:00,-0.9472858,0.02588808,1675.438,1.0,63901.117,3882.127,72518.24,2882.127,27.365992,,,,,,,,,,0.00010770337,,5.4803568e-05,0.00017010074,15239.618,0.14507622,234.66809,,,,
1433,2022-06-19 00:00:00+03:00,-0.987489,,,1.0,50445.156,5729.3906,57287.754,4729.391,57.797237,,,,,,,,,,6.763884e-05,,5.865546e-05,0.00017997916,16697.773,0.14642859,235.56,,,,
1434,2022-06-20 00:00:00+03:00,0.08257738,0.02717522,928.36487,0.68067026,63905.426,4043.8186,71559.55,3113.5059,8.751094,9.011726e-05,1.435047,8.799678e-05,0.11693508,1828.3008,3000.6067,0.11672823,1842.7739,2.2163181,9.294278e-05,3.4511762e-05,6.224724e-05,0.00021112477,17215.195,0.15088606,233.05037,-2.1613425e-05,0.6075779,-2.5777339e-05,-2.349262e-05
1435,2022-06-21 00:00:00+03:00,-0.22728805,0.03005321,920.5992,0.8801055,55999.926,4793.13,63791.97,3793.1296,17.537935,-9.598098e-07,0.88177884,-3.0512274e-05,0.34402925,,,,,,7.621653e-05,1.7165825e-05,6.806219e-05,0.00018851546,19248.922,0.15400375,233.46802,-3.0607778e-05,0.3359137,-2.1170148e-05,-1.9865542e-05
1436,2022-06-22 00:00:00+03:00,-0.19151993,0.028998315,902.97095,0.036078617,87552.55,1319.1848,94712.2,616.39844,5.892683,6.780165e-05,1.1438327,3.261244e-05,0.060697563,,,,,,9.170786e-05,2.3137083e-05,6.85862e-05,0.00020939016,16699.4,0.14979571,235.64297,4.5055822e-05,0.47008917,9.000701e-06,-8.738813e-06
1437,2022-06-23 00:00:00+03:00,-0.15139012,0.029097846,1297.3444,0.0,,,,,,6.7348315e-05,0.9561219,2.570884e-05,0.0,1857.6743,2999.997,0.014242055,1888.6782,3.104087,8.89496e-05,2.2914297e-05,6.603531e-05,0.00020165063,16705.64,0.1447876,235.86234,-0.00010499399,0.3496908,-3.746299e-05,-4.2286592e-05
1438,2022-06-24 00:00:00+03:00,-0.1824656,0.02695914,1479.0828,0.0,,,,,,6.542202e-05,1.0582564,2.7295466e-05,0.018004904,1883.9563,2999.9941,0.013917854,1911.1918,2.99656,8.071044e-05,1.7864666e-05,6.2845764e-05,0.00020219086,15122.41,0.14330465,236.03705,0.000121214245,0.35633406,2.3753988e-05,-7.271944e-05
1439,2022-06-25 00:00:00+03:00,-0.17191109,0.026948325,1776.8027,0.13175596,93387.984,800.2086,99779.984,191.8209,11.441574,0.000109778004,1.1758211,8.0621874e-05,0.11742669,1848.6998,3000.2695,0.032324184,1882.8834,3.4206588,8.609817e-05,2.1144606e-05,6.495356e-05,0.00021312523,16709.176,0.1464955,234.18019,0.00016409988,0.46869785,6.091676e-05,3.918505e-06
1440,2022-06-26 00:00:00+03:00,-0.056071702,0.026380222,1554.7363,0.2463272,91137.625,1034.8835,99739.59,220.55048,12.761257,7.669836e-05,1.4391048,5.5103184e-05,0.20228878,,,,,,7.8867466e-05,1.4705116e-05,6.441776e-05,0.00018933474,16711.613,0.14552896,233.11848,-5.999786e-05,0.688565,-3.809436e-05,-2.3199531e-05
1441,2022-06-27 00:00:00+03:00,-0.8574585,0.026654612,1769.728,0.28450388,89067.734,1240.5863,98232.89,366.27313,8.330472,0.00010876238,1.4764398,9.50809e-05,0.24343681,,,,,,8.447864e-05,2.2849665e-05,6.190688e-05,0.00019345907,16712.633,0.14444649,232.40071,-1.4046946e-05,0.75548613,-1.7751187e-05,-3.1148988e-06
1442,2022-06-28 00:00:00+03:00,-0.8375217,0.027510813,2279.464,0.5480097,70298.66,3468.62,78082.84,2560.0225,8.788617,0.00010710428,1.3253996,7.982006e-05,0.22331947,,,,,,8.060443e-05,1.684669e-05,6.4722786e-05,0.00018958398,16708.99,0.14288896,234.96259,-1.4778706e-05,0.8380092,-1.1651419e-05,2.2152376e-06
1443,2022-06-29 00:00:00+03:00,-0.78404117,0.029451724,3229.94,0.6425669,64514.508,4135.2715,72399.055,3175.4985,13.429274,0.0002622398,0.9350327,0.00017811003,0.3986625,,,,,,8.216587e-05,2.1697979e-05,6.618571e-05,0.00020377469,16706.586,0.13842694,235.57422,0.00015378132,0.6316971,8.7208566e-05,-2.4945619e-05
1444,2022-06-30 00:00:00+03:00,-1.6650914,0.028191078,4073.534,0.8403738,48473.082,6173.939,55029.23,5173.939,8.205725,4.890651e-05,0.80375755,-8.939912e-06,0.33674353,,,,,,7.382811e-05,6.1732885e-06,6.785884e-05,0.00015320432,16299.32,0.13881038,235.18636,-9.091539e-05,0.53235453,-4.674509e-05,-1.1824392e-05
1445,2022-07-01 00:00:00+03:00,-0.010052671,0.0304241,2716.6025,0.44670248,57828.703,4893.6367,65311.55,3908.8623,8.110905,0.00017276208,0.9383291,0.00011233891,0.36215496,,,,,,9.4893185e-05,2.6694357e-05,6.7124674e-05,0.00021560957,14427.822,0.140043,233.10524,-9.166545e-05,0.9256611,-8.375196e-05,-1.4615322e-05
1446,2022-07-02 00:00:00+03:00,-0.46315464,0.03035506,1808.7107,0.29746163,82075.31,1970.6909,91266.516,1048.8478,7.3397465,0.0001271864,1.3560083,0.00010797625,0.26460394,,,,,,8.6761975e-05,1.925046e-05,6.7353976e-05,0.00020384858,14427.895,0.14054908,233.79414,-4.331483e-05,1.0342438,-4.4545905e-05,-1.4352696e-05
1447,2022-07-03 00:00:00+03:00,-0.48138824,0.027598165,868.57605,0.0073119192,78209.6,2345.0493,86351.5,1513.281,3.5306172,3.799177e-05,1.0301673,-1.1251413e-05,0.027310431,,,,,,8.1552615e-05,1.8048799e-05,6.350385e-05,0.00019376527,15373.007,0.13804755,237.16507,6.0015867e-05,0.49512392,2.9126304e-05,1.1410373e-05
1448,2022-07-04 00:00:00+03:00,-0.8453635,0.025791131,1684.7742,0.7224673,78873.19,2204.5168,88402.97,1239.5109,9.470154,9.459401e-05,1.2742965,4.9480674e-05,0.395509,,,,,,8.048357e-05,3.0960397e-05,6.10113e-05,0.00019401268,19276.248,0.14057675,236.48483,3.6285637e-05,0.8390366,2.210757e-05,-4.0135806e-06
1449,2022-07-05 00:00:00+03:00,-0.8593564,0.026415845,1163.2511,0.2575515,83444.88,1721.7493,92338.97,866.297,8.837519,3.9118127e-05,1.275152,-1.0715005e-05,0.15777041,,,,,,8.179285e-05,1.3492921e-05,6.6850436e-05,0.00021989076,18198.969,0.14865279,236.46596,6.8519505e-05,0.61684674,2.8734346e-05,4.9744967e-06
1450,2022-07-06 00:00:00+03:00,-0.14807647,0.02381822,2206.9104,0.97291225,49773.96,5782.6797,56601.098,4782.6797,16.134344,,,,,,,,,,7.76213e-05,,6.612572e-05,0.00019494286,19272.41,0.15069543,234.34431,,,,
1451,2022-07-07 00:00:00+03:00,-0.13703485,0.028970469,1023.2655,0.6237185,75670.61,2495.5752,84939.21,1524.2646,17.876846,7.64355e-06,1.2940906,-5.5493838e-05,0.16931003,,,,,,7.6557204e-05,1.5865235e-05,7.18321e-05,0.00019534858,22152.578,0.15941419,233.60352,9.576441e-07,0.64399123,9.440543e-06,-8.437352e-06
1452,2022-07-08 00:00:00+03:00,-0.6793574,0.024565324,1894.7864,0.9194766,73994.29,2720.5586,83535.3,1724.4688,13.446894,-4.9849823e-05,0.86828434,-0.00010342419,0.46481282,,,,,,7.698129e-05,1.8816945e-05,6.6728695e-05,0.0001884274,22165.148,0.15752837,235.39127,,,,
1453,2022-07-09 00:00:00+03:00,-0.76230544,0.027249448,1509.7795,0.81585747,66573.484,3571.3525,75417.0,2571.7607,11.747137,6.545843e-05,1.1520002,5.4858992e-06,0.3406749,,,,,,7.36394e-05,1.03400625e-05,6.6757406e-05,0.00018703943,19267.57,0.15249914,236.51837,0.0001739912,0.47782937,6.2203035e-05,1.367882e-05
1454,2022-07-10 00:00:00+03:00,-0.94720364,0.024277218,1320.6102,0.49722832,79645.734,2038.9011,89066.32,1107.8037,10.707663,-2.001265e-06,1.2211146,-6.887459e-05,0.21601045,,,,,,7.988305e-05,1.0571613e-05,7.15917e-05,0.00021500606,22139.781,0.16478628,236.12665,0.00022617108,0.59374774,0.000111350375,3.437045e-05
1455,2022-07-11 00:00:00+03:00,-0.3105583,0.025406566,1665.9185,0.24046937,71475.2,3030.8926,79364.19,2155.1292,9.645002,4.681199e-05,1.0700783,-4.471878e-06,0.14423236,,,,,,8.589211e-05,1.354977e-05,7.303196e-05,0.0002282807,19269.553,0.16042206,235.61528,9.8653e-05,0.69661474,6.968928e-05,2.8750674e-05
1456,2022-07-12 00:00:00+03:00,-0.5509322,0.026085384,2013.4451,1.0,69705.89,3123.4878,78689.17,2123.4878,96.87695,,,,,,,,,,8.940676e-05,,6.362044e-05,0.00018376601,16693.137,0.1581551,233.88948,,,,
1457,2022-07-13 00:00:00+03:00,-0.4283092,0.026214428,2010.8748,0.14023884,53579.71,5521.789,60180.43,4578.531,8.550674,4.653496e-05,0.907774,-1.2859111e-05,0.13348764,,,,,,9.075485e-05,2.3955276e-05,6.603211e-05,0.00020288271,17888.05,0.15339255,235.77957,6.299171e-05,0.53368175,2.3742432e-05,8.50689e-06
1458,2022-07-14 00:00:00+03:00,-0.50665146,0.023676664,1314.9966,0.6580156,72083.44,2832.911,81074.94,1869.5952,12.562881,5.5057873e-05,1.1178658,-5.2551277e-06,0.23700774,,,,,,7.860335e-05,6.514161e-06,7.281499e-05,0.00020023741,22126.973,0.16210873,236.57384,0.00012602034,0.5161666,5.253478e-05,-2.4555575e-06
1459,2022-07-15 00:00:00+03:00,-0.9654218,0.024258152,1532.9797,0.43791658,67563.35,3487.934,75615.56,2561.6304,8.710255,1.721168e-05,1.2818266,-3.6028225e-05,0.26743025,,,,,,8.234171e-05,1.6326376e-05,6.79714e-05,0.00020611497,22126.525,0.16555506,236.80621,0.00018460766,0.7837573,0.00010380407,2.2166867e-05
1460,2022-07-16 00:00:00+03:00,-1.3227558,0.02548469,1596.7665,0.811166,65438.66,3609.4902,74214.77,2614.649,21.884722,-1.2498814e-05,1.1050197,-6.9876594e-05,0.4034803,,,,,,7.8482895e-05,5.092347e-06,7.417573e-05,0.00016907827,24256.047,0.17018147,236.63333,5.1191728e-05,0.90924543,6.4654196e-05,-1.5601037e-05
1461,2022-07-17 00:00:00+03:00,0.38014588,0.023601156,1407.2549,0.7821274,77530.47,2293.95,87569.58,1300.4583,15.204578,,,,,,,,,,7.812471e-05,1.903314e-05,6.675928e-05,0.00019796065,22169.014,0.16710639,233.08832,,,,
1462,2022-07-18 00:00:00+03:00,-0.32961613,0.028545018,1470.5189,0.79028773,79198.08,2154.3948,88815.484,1205.3689,15.499704,,,,,,,,,,8.107594e-05,1.06724e-05,6.318593e-05,0.00018778126,19280.441,0.15635398,236.64713,0.00029745421,0.5458771,,-1.786188e-05
1463,2022-07-19 00:00:00+03:00,-0.43579325,0.028431572,1581.792,0.51989675,82469.84,1844.0303,91880.92,918.69507,11.446239,3.7002945e-05,1.6075256,1.2994025e-06,0.27463323,,,,,,7.655423e-05,1.394552e-05,6.171757e-05,0.00018395488,19277.2,0.14967945,236.12741,-6.332065e-05,0.8247907,-6.63938e-05,-9.860713e-06
1464,2022-07-20 00:00:00+03:00,-0.28004372,0.03313994,1215.8965,0.0,,,,,,2.1024427e-05,1.055429,-2.9739847e-05,0.0,1864.3018,3001.7036,0.12252628,1887.0875,4.294459,7.485089e-05,1.432426e-05,6.052663e-05,0.00018407666,16711.842,0.13861549,235.89352,-7.952747e-05,0.38586944,-3.2956294e-05,-2.8765582e-05
1465,2022-07-21 00:00:00+03:00,-0.025452524,0.03460797,1579.0654,0.0,,,,,,5.5523087e-05,1.0073606,5.0826475e-06,0.008471386,1855.8245,3001.6519,0.08288242,1875.6613,3.2732515,7.671182e-05,1.6524955e-05,6.018686e-05,0.00019902064,16708.656,0.13703877,236.47504,-5.2846004e-05,0.47046083,-3.094034e-05,-5.1102852e-05
1466,2022-07-22 00:00:00+03:00,0.2732683,0.030811924,1948.2255,0.05864324,89824.96,1104.0441,97404.7,387.1248,6.7316103,0.00016414752,1.0016787,0.00011473715,0.06948059,1855.2742,3003.4724,0.0813103,1877.0582,3.439595,8.80742e-05,2.4236117e-05,6.383808e-05,0.00021281054,16705.098,0.1388623,233.51003,2.2774839e-06,0.47076,-9.773503e-06,-4.8071524e-05
1467,2022-07-23 00:00:00+03:00,-0.63961565,0.032296747,1817.1533,0.8341081,83485.56,1718.5054,93698.76,721.10626,12.772258,0.0002255976,0.8980713,0.00014221785,0.4359502,,,,,,7.6398326e-05,1.1041781e-05,6.344158e-05,0.0001932265,16702.586,0.1399087,237.57825,,,,
1468,2022-07-24 00:00:00+03:00,-0.44606677,0.02930638,1905.6802,0.97295916,84565.34,1570.2845,94989.5,575.4842,22.969315,,,,,,,,,,7.581488e-05,,6.4588254e-05,0.00019601185,19265.912,0.15685008,235.84616,,,,
1469,2022-07-25 00:00:00+03:00,-0.54132783,0.028816365,1560.7734,0.06981125,81368.92,2052.4707,89785.695,1185.4567,11.246172,0.00014862212,1.1660279,0.00011635003,0.07181173,,,,,,8.207002e-05,1.8320126e-05,6.4094886e-05,0.00019791537,16703.723,0.14145413,236.62396,6.901199e-05,0.48008943,3.3468976e-05,9.166879e-06
1470,2022-07-26 00:00:00+03:00,-1.0367911,,,0.7185118,42816.86,7080.118,48943.613,6080.118,16.183224,0.0002417154,0.5987817,9.3819945e-05,0.36920854,,,,,,7.6093915e-05,1.2227698e-05,6.0571292e-05,0.00018736567,16695.162,0.14241838,236.0261,8.41551e-05,0.28785297,2.2871567e-05,2.7417173e-07
1471,2022-07-27 00:00:00+03:00,-0.70119584,0.0293555,915.47534,0.6431111,80432.8,1955.3947,90365.59,977.87524,13.51692,5.9457998e-05,1.2261541,2.0523998e-05,0.2936308,,,,,,7.637206e-05,1.661932e-05,6.2756284e-05,0.00021134605,19264.715,0.1468885,236.09569,0.00041667547,0.50522935,0.00015184896,2.462534e-05
1472,2022-07-28 00:00:00+03:00,-0.8536369,0.026684107,1612.1946,0.6527635,74141.59,2740.5571,82916.805,1809.1567,15.366234,5.0415903e-05,1.5744373,2.8065135e-05,0.24201438,,,,,,7.535342e-05,1.549985e-05,6.606896e-05,0.0001945355,22161.053,0.15582529,235.71182,-2.7803255e-05,0.8864201,-1.9657198e-05,4.8958527e-06
1473,2022-07-29 00:00:00+03:00,-0.68917876,0.026458295,906.0146,0.06188625,93278.06,808.6176,100758.27,127.42999,7.7860937,2.0013982e-05,1.1342478,-2.8019214e-05,0.093768165,,,,,,8.045351e-05,1.6432095e-05,6.390878e-05,0.00019614432,22187.924,0.1548974,235.94583,1.2430762e-05,0.5371033,2.9328949e-06,-8.311434e-06
1474,2022-07-30 00:00:00+03:00,-0.58528197,0.02726215,933.55286,0.010265269,84210.84,1681.7789,93286.484,793.144,5.857143,6.9851696e-05,0.92222536,1.6068012e-05,0.011796152,,,,,,7.84663e-05,1.4200265e-05,6.426603e-05,0.00019123976,19286.766,0.14684552,236.41776,0.0001335756,0.39162368,4.917037e-05,-4.9042824e-06
1475,2022-07-31 00:00:00+03:00,-0.4018543,0.030736763,1605.2244,0.033888735,33371.29,9090.919,38474.625,8090.9194,9.303602,0.00012441534,0.8863685,6.280674e-05,0.024317773,,,,,,7.7920835e-05,1.7624272e-05,6.022386e-05,0.00019088754,16707.438,0.14301527,235.91638,0.00024552536,0.3968901,8.541329e-05,-5.8560814e-05
1476,2022-08-01 00:00:00+03:00,-0.524591,0.030387131,2059.1292,1.0,85745.7,1416.249,96074.1,434.64612,61.33041,,,,,,,,,,7.625357e-05,,5.4777283e-05,0.00015050256,16696.395,0.14460352,236.6187,,,,
1477,2022-08-02 00:00:00+03:00,-0.73733646,0.026546534,1860.6582,0.28907156,71083.375,3133.1465,80174.84,2142.1746,10.043083,5.111277e-05,0.9146534,-8.748109e-06,0.22083326,,,,,,7.788907e-05,1.4116966e-05,6.3717234e-05,0.00019715744,16704.93,0.1455048,234.76256,0.0007362556,0.3435712,0.00017701837,2.1272692e-05
1478,2022-08-03 00:00:00+03:00,-0.31560665,0.029239163,1025.4824,0.0,,,,,,5.454006e-05,0.94983244,3.430814e-07,0.0,,,,,,8.452403e-05,2.1784268e-05,6.273976e-05,0.0001999238,16356.99,0.14515187,235.88226,0.00031151963,0.26489612,8.6643646e-05,1.9348992e-05
1479,2022-08-04 00:00:00+03:00,-0.9384195,0.028338028,2768.6465,0.08668438,46099.617,6571.2617,52429.355,5571.261,11.740942,0.00015451916,0.9391172,9.110918e-05,0.04440697,,,,,,8.5647356e-05,2.5089546e-05,6.018178e-05,0.00019028047,15970.938,0.13938223,236.42368,7.903278e-05,0.3541365,2.5446483e-05,-5.3365575e-06
1480,2022-08-05 00:00:00+03:00,-0.47408962,0.026898129,1328.8593,0.00054570026,27685.576,10174.435,32066.645,9174.435,10.866465,0.0001491925,0.98126376,9.481549e-05,0.0010450454,,,,,,8.567177e-05,2.6590806e-05,5.908096e-05,0.00019945815,16707.14,0.1359975,235.72668,4.805379e-05,0.4928347,2.2709564e-05,-3.390156e-06
1481,2022-08-06 00:00:00+03:00,-0.6920055,,,1.0,64590.28,3843.1724,73085.25,2843.1726,42.80897,,,,,,,,,,6.58542e-05,,5.2767777e-05,0.00017165368,16705.352,0.13488942,236.9303,,,,
1482,2022-08-07 00:00:00+03:00,-0.5239047,0.027973093,1040.2257,0.39701632,81199.58,1977.5967,91176.33,1017.49316,11.959924,5.9886e-05,1.103662,1.482456e-05,0.18283756,,,,,,7.659124e-05,1.714561e-05,6.11013e-05,0.00020154308,17753.477,0.14473385,234.2698,0.00024317982,0.5192557,0.000104593964,1.270923e-05
1483,2022-08-08 00:00:00+03:00,-0.78035885,0.026128694,1629.7955,0.89633226,71158.56,3079.105,80517.734,2079.105,12.169489,-1.8125247e-05,1.16888,-7.330654e-05,0.26752967,,,,,,7.574803e-05,2.343351e-05,5.9427606e-05,0.00018103827,19293.604,0.14832053,234.93054,0.00015705197,0.3927839,6.808039e-05,2.890225e-05
1484,2022-08-09 00:00:00+03:00,-0.86608756,0.026931144,1326.1134,0.117987975,85383.58,1631.0508,94463.266,763.82227,6.5810156,0.0001057844,1.0659304,6.260647e-05,0.08435635,,,,,,7.878762e-05,1.5813515e-05,6.187569e-05,0.00019124938,19301.367,0.15364414,235.32114,0.0001834819,0.47405317,8.218703e-05,3.0780557e-05
1485,2022-08-10 00:00:00+03:00,-0.73053277,0.030526057,1202.0537,0.057292957,82771.41,1945.5635,91882.0,1044.5051,6.7161927,4.6357345e-05,1.0060858,4.6667083e-07,0.06255204,,,,,,8.681035e-05,2.6973896e-05,5.910718e-05,0.00019815072,16719.453,0.14463991,235.23352,-5.6089964e-05,0.45941934,-2.6861218e-05,-2.8153037e-05
1486,2022-08-11 00:00:00+03:00,-0.37469864,0.030293109,1259.2529,0.017387798,85475.22,1619.0852,94409.72,766.7432,9.539534,9.802296e-05,0.9809129,5.026451e-05,0.018822413,,,,,,7.862015e-05,2.2432541e-05,5.6161705e-05,0.00019275978,13878.835,0.13381246,234.39902,0.00044688734,0.3391356,9.4330724e-05,-3.3068398e-05
1487,2022-08-12 00:00:00+03:00,-0.20464408,0.029417804,1275.0989,0.05837346,94195.06,755.43256,100606.195,170.95682,10.66274,0.00013177551,1.0646521,8.805011e-05,0.0680984,,,,,,8.193274e-05,2.309779e-05,5.8834958e-05,0.00020631484,13881.33,0.13498887,233.53053,0.00040619503,0.36692002,0.00012358709,1.9441572e-05
1488,2022-08-13 00:00:00+03:00,-0.34571707,0.027195238,1585.9915,0.06531965,84550.164,1687.0725,93759.164,787.21185,8.152637,9.631981e-05,0.93227756,4.0390365e-05,0.05294989,,,,,,7.9595455e-05,1.965112e-05,5.9944337e-05,0.00019311911,15784.801,0.13261409,234.62862,5.3175525e-05,0.37930697,2.2910648e-05,-1.160682e-05
1489,2022-08-14 00:00:00+03:00,-0.53270674,0.029795773,2020.679,0.037355144,53313.277,6812.1245,59303.402,5891.658,9.727615,0.00011843098,0.9331616,5.6917444e-05,0.029370725,,,,,,7.2080635e-05,1.4105585e-05,5.7975045e-05,0.00018007687,14428.139,0.13755415,234.85172,-1.1430668e-05,0.6163009,-3.5731973e-06,-5.0869794e-06
1490,2022-08-15 00:00:00+03:00,-0.78764087,0.030943532,2619.8464,0.2660518,60307.414,4699.4146,67837.52,3731.29,10.297512,9.7773096e-05,0.8584982,3.891565e-05,0.23028961,,,,,,8.150072e-05,2.5559875e-05,5.856456e-05,0.00018450271,16704.594,0.14068717,234.36328,-8.101475e-05,0.696782,-5.5963304e-05,-2.1767895e-05
1491,2022-08-16 00:00:00+03:00,-0.5781108,0.03131488,2700.7852,0.20011282,63058.707,4135.1167,71321.14,3136.5605,10.293948,0.00011459165,0.94828236,5.555607e-05,0.14179139,,,,,,7.713097e-05,1.7916193e-05,5.8265476e-05,0.0001926659,16703.678,0.14063963,233.736,-0.00011187099,0.6953154,-7.72038e-05,-2.3145625e-05
1492,2022-08-17 00:00:00+03:00,-1.6394532,,,0.92541945,45119.766,6673.971,51375.797,5673.971,10.78363,0.00025347117,0.6933858,0.00013327714,0.41741508,,,,,,7.287949e-05,,5.356105e-05,0.00013943348,16703.904,0.13352524,234.15887,,,,
1493,2022-08-18 00:00:00+03:00,-0.393162,0.03027035,2411.2322,0.098865755,68795.336,3581.008,76602.81,2667.7324,7.109472,0.00015012105,1.0540445,0.00011360854,0.09564452,,,,,,8.915106e-05,3.192902e-05,5.7222045e-05,0.00021040824,16705.715,0.128351,233.64478,-9.3690076e-05,0.54765105,-4.9523995e-05,-4.553488e-05
1494,2022-08-19 00:00:00+03:00,-0.35154006,0.033252034,2240.795,0.22918054,66643.664,3777.9922,74923.8,2808.1504,8.813829,0.00013552142,0.94225436,8.374473e-05,0.20376575,,,,,,9.052279e-05,3.500198e-05,5.4666554e-05,0.0001979197,15231.445,0.12785667,233.73373,-5.1481762e-05,0.5683639,-2.867255e-05,-2.0864412e-05
1495,2022-08-20 00:00:00+03:00,-0.49434054,0.032371596,1573.4288,0.22586402,87953.5,1291.993,97326.02,399.36578,8.0960245,0.00016220259,1.2371137,0.00014287073,0.15556228,,,,,,8.0152524e-05,2.2825498e-05,5.742705e-05,0.00019644128,14426.932,0.1271633,234.26819,1.6481645e-05,0.7630829,2.1736285e-05,1.2588951e-05
1496,2022-08-21 00:00:00+03:00,-0.21320349,0.03147416,1819.7388,0.67282057,86230.875,1438.6416,96403.65,464.75354,11.853334,0.00016105534,1.122673,0.0001337806,0.319946,,,,,,7.509136e-05,3.0567677e-05,5.3015166e-05,0.00018569792,14425.6875,0.12464501,234.90689,-7.993785e-05,0.6990176,-6.0854458e-05,-1.3296118e-05
1497,2022-08-22 00:00:00+03:00,-0.49310905,0.03300037,2099.1257,0.9705132,70643.66,3140.833,79538.24,2152.0571,20.168497,,,,,,,,,,7.816851e-05,,5.1535302e-05,0.0001822098,16030.553,0.12513575,233.768,,,,
1498,2022-08-23 00:00:00+03:00,-0.60125303,0.029783716,1835.2577,0.3563261,70332.0,3236.4727,78884.734,2274.777,10.060881,9.1109134e-05,0.9807863,3.1860116e-05,0.251516,,,,,,7.715043e-05,1.7361057e-05,5.8527934e-05,0.0002043779,14428.221,0.12696189,234.02075,1.3361162e-05,0.5241916,7.058368e-06,-1.7981325e-05
1499,2022-08-24 00:00:00+03:00,-0.05037196,0.030015655,1958.2034,0.24993928,72112.28,3148.8306,79811.75,2279.1284,8.344079,0.00017168248,0.9201759,0.000102196864,0.23526494,,,,,,0.00010255913,4.3789187e-05,5.682971e-05,0.0002156601,16710.506,0.12828244,234.93161,3.8030423e-05,0.56518173,1.3031096e-05,-7.5369426e-06
1500,2022-08-25 00:00:00+03:00,0.15573813,0.030547105,1938.2073,0.36104202,84699.336,1661.2776,93950.01,769.3009,7.04091,6.155534e-05,1.373985,2.1673037e-05,0.26328444,,,,,,7.670201e-05,2.2428281e-05,5.434102e-05,0.00019278983,16713.016,0.1288384,234.44467,-5.9010636e-05,0.64653254,-2.0609466e-05,-5.556118e-06
1501,2022-08-26 00:00:00+03:00,-0.52827954,0.030435061,1636.4719,0.034642123,86624.02,1491.2063,94892.375,672.9816,7.2763968,0.000108341126,0.94861585,5.489399e-05,0.051550023,,,,,,8.614632e-05,3.550065e-05,5.0845723e-05,0.00019814275,16709.844,0.12143366,233.72943,-3.95572e-07,0.5049634,-1.1579552e-05,-1.7853805e-05
1502,2022-08-27 00:00:00+03:00,-0.35516626,0.031056203,1786.7456,0.042015795,78100.0,2304.78,88006.07,1304.7802,5.8171034,0.00016874538,0.86323583,0.00010054644,0.048236176,,,,,,7.329225e-05,1.910489e-05,5.4187363e-05,0.00019335478,16705.996,0.122794606,233.67941,0.00016062066,0.548139,8.299592e-05,7.1634145e-06
1503,2022-08-28 00:00:00+03:00,-0.1270508,0.02845274,1398.831,0.07853113,93580.89,715.7892,99731.45,135.97804,6.414707,9.161093e-05,1.0721909,5.1893825e-05,0.0905761,,,,,,7.880384e-05,2.2868531e-05,5.5935303e-05,0.00020987968,16702.098,0.124918796,233.02103,0.00013941104,0.74150085,0.00010563425,4.3572647e-05
1504,2022-08-29 00:00:00+03:00,-0.5394962,,,0.7747012,46225.008,6421.8857,52626.953,5424.159,10.254156,0.00014363426,0.69577396,5.172896e-05,0.40605694,,,,,,7.735572e-05,1.8091036e-05,5.2876174e-05,0.00017893885,16699.807,0.12286111,233.181,-0.0001489803,0.41241494,-5.627286e-05,-2.381383e-06
1505,2022-08-30 00:00:00+03:00,-0.5594182,0.029617155,1746.9281,1.0,74676.516,2604.6926,84378.234,1605.7819,31.551052,,,,,,,,,,9.455302e-05,,4.9721166e-05,0.00018389427,19268.033,0.12897617,233.72815,,,,
1506,2022-08-31 00:00:00+03:00,-0.40479806,0.027300283,679.43036,0.53990984,84737.734,1572.4758,94724.69,645.25824,14.256248,7.80718e-06,1.4644254,-3.8497084e-05,0.2985745,,,,,,6.306459e-05,4.057343e-06,5.778899e-05,0.00017687964,22176.756,0.13985947,233.40112,-5.286534e-05,0.713161,-2.7699069e-05,2.4026149e-06
1507,2022-09-01 00:00:00+03:00,-0.21586885,0.028730838,771.4964,0.71449673,85075.17,1520.8132,95742.766,545.0216,17.673866,2.5824631e-05,1.3234761,-1.9409203e-05,0.34557793,,,,,,6.205246e-05,5.899178e-06,5.4763947e-05,0.0001763358,22176.457,0.14550155,233.08939,-0.00022159383,0.53355265,-7.7295714e-05,-2.485971e-05
1508,2022-09-02 00:00:00+03:00,-1.5201651,0.028738827,964.11566,0.60346985,83694.3,1679.7443,93480.48,767.28906,14.037202,3.0841107e-05,1.3749391,6.9271273e-06,0.2330943,,,,,,7.417453e-05,2.0062487e-05,5.3290343e-05,0.00015774691,22187.102,0.14878972,233.02092,0.00010769857,0.69236845,9.1106434e-05,8.223241e-06
1509,2022-09-03 00:00:00+03:00,-0.71576077,0.03346604,673.5975,0.49107146,85382.91,1544.6095,95524.984,613.07135,13.766523,5.131811e-05,1.2104621,1.55768e-05,0.25605014,,,,,,7.633129e-05,1.876593e-05,5.3988195e-05,0.0001915754,20024.645,0.13910608,232.7615,6.537878e-05,0.5179187,2.5927407e-05,-8.53526e-06
1510,2022-09-04 00:00:00+03:00,-0.81243366,0.031041801,789.5116,0.4824503,86041.25,1519.0632,96102.625,594.16534,12.406066,-2.5618056e-06,1.3344802,-5.432809e-05,0.24290597,,,,,,6.909929e-05,1.2371513e-05,5.4743352e-05,0.0001803569,22209.0,0.1471687,232.38614,0.00031833767,0.5332178,0.0001297331,8.960124e-06
1511,2022-09-05 00:00:00+03:00,-0.78034043,0.03040215,657.0478,0.25411367,87252.14,1417.7883,97463.97,492.50378,10.55438,3.6761026e-05,1.1986301,8.7366025e-06,0.18530284,,,,,,7.903177e-05,2.4486299e-05,5.0245064e-05,0.00017858481,19306.883,0.14316484,232.11958,0.0002769929,0.40697485,0.00010194295,1.4730609e-05
1512,2022-09-06 00:00:00+03:00,-0.46399835,0.030998131,484.708,0.4791996,89521.39,1185.1068,99404.695,290.0752,11.629015,6.033873e-05,1.2423394,3.4821474e-05,0.264396,,,,,,7.219498e-05,2.3828066e-05,4.8537862e-05,0.00017527727,16717.879,0.13465708,231.48856,0.00014467895,0.40458348,4.1572413e-05,-3.4084305e-06
1513,2022-09-07 00:00:00+03:00,-0.5591493,0.028777007,936.9718,0.7093984,64025.14,3894.2358,72657.734,2894.2363,14.194345,8.419719e-05,0.6587274,1.840089e-05,0.40414947,,,,,,7.2314884e-05,2.4596813e-05,4.7771333e-05,0.00017121658,17327.875,0.130449,232.20969,3.2483797e-05,0.35529286,1.4791021e-05,-3.4985598e-05
1514,2022-09-08 00:00:00+03:00,-0.28528157,0.028166618,483.19598,0.31408104,88620.91,1241.3351,98961.35,307.16815,11.042301,7.926479e-05,1.193254,5.676685e-05,0.30135733,,,,,,7.523347e-05,2.335144e-05,5.414123e-05,0.00020121767,18607.148,0.1323635,232.06871,0.00037160882,0.40283224,9.684967e-05,-1.4268558e-06
1515,2022-09-09 00:00:00+03:00,-0.22882667,0.029489687,577.8827,0.016943388,87950.64,1337.1881,97136.6,488.9948,4.885655,3.2527896e-05,0.8974019,-7.644661e-06,0.022501646,1866.6173,3000.0203,0.023555212,1884.4722,3.417211,7.310795e-05,1.8492923e-05,5.4615026e-05,0.00019117694,15762.746,0.13257635,232.29845,0.0002785051,0.28830707,7.8827215e-05,3.82821e-06
1516,2022-09-10 00:00:00+03:00,-0.27456474,0.030293992,682.46826,0.0,,,,,,6.08141e-05,0.9054099,2.1068698e-05,0.0,1866.8337,3000.0747,0.03337916,1884.3313,3.261377,7.653919e-05,2.2585727e-05,5.3953456e-05,0.00019722193,16710.436,0.13589427,231.76062,0.00018823572,0.39108896,7.23678e-05,7.2797843e-06
1517,2022-09-11 00:00:00+03:00,-0.7098289,0.030769777,1356.4695,0.5113827,51496.387,5999.666,58664.1,4999.666,16.200678,0.00018751938,0.7148341,9.387595e-05,0.2551725,,,,,,8.168798e-05,2.9155002e-05,4.900516e-05,0.0001797105,16701.77,0.13286173,232.23694,0.00048274992,0.26139492,0.00011789918,-7.271928e-06
1518,2022-09-12 00:00:00+03:00,-0.49294403,0.028460791,1071.7391,0.99999726,88889.09,1124.2109,98456.86,255.83475,28.157883,,,,,,,,,,7.152856e-05,,4.477008e-05,0.00017701447,16703.562,0.13112013,231.69424,,,,
1519,2022-09-13 00:00:00+03:00,-0.22113943,0.028122528,947.0713,0.9344089,74604.28,2703.821,83498.83,1767.7965,17.760048,,,,,,,,,,7.864197e-05,,4.868691e-05,0.00019344891,16698.521,0.12993366,230.55678,,,,
1520,2022-09-14 00:00:00+03:00,-0.5256678,0.027621927,1079.6366,0.7271685,82890.52,1614.6943,91864.95,746.17004,15.60099,2.8739221e-05,1.2633252,1.3428522e-05,0.32250568,,,,,,7.643335e-05,2.2185492e-05,5.2099793e-05,0.00019977032,18497.12,0.14235178,231.71515,0.00033411942,0.43600774,0.00012995549,-2.6640299e-05
1521,2022-09-15 00:00:00+03:00,-0.5475388,0.027025515,1401.6962,0.8867504,67528.47,3243.6719,76323.11,2260.161,18.196457,0.00013026886,1.3726585,0.00013335547,0.3477464,,,,,,8.5298e-05,3.3359607e-05,5.164034e-05,0.00019024312,20436.527,0.14188415,232.54602,-0.0007077903,0.3712025,-0.00026097035,-7.2282683e-06
1522,2022-09-16 00:00:00+03:00,-0.6092151,0.026896652,970.0447,0.35887337,79591.57,1904.0726,89366.07,937.601,14.620333,3.6981623e-05,1.4310733,1.9706335e-05,0.24450561,1865.2959,3000.104,0.02752997,1880.8004,3.0275586,6.9740956e-05,1.5685186e-05,5.2758376e-05,0.0001906123,24155.484,0.14352241,232.58316,-4.9345796e-05,0.70992875,-4.502505e-05,-8.600107e-06
1523,2022-09-17 00:00:00+03:00,-0.37720063,0.02937465,1157.5262,0.66363955,73131.89,2665.6555,82671.78,1672.1259,21.620922,3.0606934e-05,1.3335601,4.983e-06,0.38182312,,,,,,6.662469e-05,1.904057e-05,4.691076e-05,0.000177826,22078.572,0.14492717,231.81546,0.00010732434,0.6194132,6.222474e-05,3.2722903e-05
1524,2022-09-18 00:00:00+03:00,-1.0465566,0.03039892,1014.661,0.2864017,78755.7,2093.3923,88314.52,1145.2836,17.603722,1.8936269e-05,1.1977011,-8.2309725e-06,0.13574158,,,,,,7.0812916e-05,2.150311e-05,5.0145314e-05,0.00016530411,22104.256,0.14595097,231.3888,5.5572153e-05,0.6309442,3.5367797e-05,-9.434114e-06
1525,2022-09-19 00:00:00+03:00,-0.43046558,0.029982202,857.3029,0.74506605,81190.86,1753.102,91170.01,792.069,12.999646,-1.365588e-05,1.4319704,-5.8259826e-05,0.40401208,,,,,,6.757703e-05,1.9327144e-05,5.2511947e-05,0.00019673523,22100.27,0.14903258,231.49286,0.00068511325,0.6769754,0.00046380487,-5.42581e-06
1526,2022-09-20 00:00:00+03:00,-0.57975435,0.031620454,1079.4055,0.42224687,76210.78,2421.7554,85218.61,1513.5872,11.489656,1.6805056e-05,1.1785053,-1.4473735e-05,0.19225773,,,,,,8.0864775e-05,2.2338154e-05,5.1961033e-05,0.00019592125,22143.906,0.15299015,231.7568,0.00020799466,0.5096134,8.7401495e-05,1.41776945e-05
1527,2022-09-21 00:00:00+03:00,-0.38953972,0.03089051,703.7679,0.54543906,81904.484,1845.6362,92294.31,864.4863,11.152294,2.4100202e-05,1.1692929,-5.5179908e-06,0.22612593,,,,,,6.540461e-05,1.7813783e-05,4.8428134e-05,0.00017556801,20536.836,0.14955348,231.15979,0.00053012406,0.4431563,0.00023059115,3.7233185e-05
1528,2022-09-22 00:00:00+03:00,-0.52908325,0.030081747,539.16223,0.46274495,86070.58,1462.935,96460.805,510.03906,11.082678,4.4939647e-05,1.0585271,1.2862308e-05,0.25174707,,,,,,7.115715e-05,2.3691167e-05,4.6248002e-05,0.00018194423,19289.312,0.14689761,230.08315,0.0005728104,0.37544996,0.00016749062,2.7021311e-05
1529,2022-09-23 00:00:00+03:00,-0.5169676,0.029248474,841.12177,0.4144079,73293.8,2753.6394,82926.29,1765.8042,9.782106,2.6953137e-05,0.8925451,-5.5634855e-06,0.26043242,,,,,,7.079265e-05,1.5573549e-05,4.512804e-05,0.00018282319,19283.21,0.1486027,229.9039,0.0023812861,0.2791626,0.00043284128,-7.991023e-06
1530,2022-09-24 00:00:00+03:00,-0.46051657,0.027982965,890.27527,0.28621677,83423.27,1675.0605,93480.0,731.8884,9.184049,5.0759903e-05,1.0288901,2.0181227e-05,0.23710419,,,,,,7.2731505e-05,2.4189987e-05,4.9392336e-05,0.00021142224,19277.227,0.15581685,228.92575,0.00018557001,0.47548085,8.2710554e-05,-3.2077537e-06
1531,2022-09-25 00:00:00+03:00,-0.61335427,0.030063178,884.03186,0.39124075,85083.34,1471.9966,95006.25,554.51984,9.761011,4.805986e-05,1.1227129,2.6757636e-05,0.22748491,,,,,,6.559548e-05,1.8405377e-05,4.684727e-05,0.00018225852,19268.037,0.14953303,229.66887,0.00024786624,0.36027077,8.449325e-05,-6.7200162e-06
1532,2022-09-26 00:00:00+03:00,-0.285237,0.029835721,993.82007,0.12271596,78492.19,2137.159,87654.82,1221.8035,8.866519,6.992537e-05,1.0417956,3.8172882e-05,0.0971652,,,,,,6.707215e-05,2.0860767e-05,4.7375102e-05,0.00018775163,19257.115,0.14818455,229.4998,0.00030048197,0.377862,0.000108697874,3.092908e-05
1533,2022-09-27 00:00:00+03:00,-0.3170372,0.030348282,997.7346,0.06690215,83397.06,1634.6653,92406.44,752.705,7.5795565,0.00010673468,0.9265077,6.6080574e-05,0.10387699,,,,,,6.791309e-05,2.3155537e-05,4.5577184e-05,0.00018170076,19253.564,0.13569319,229.51611,0.0005015862,0.39442512,0.00018697504,3.974907e-05
1534,2022-09-28 00:00:00+03:00,-0.2553442,0.028338637,765.3661,0.11632502,58093.594,4674.3516,66052.2,3674.6953,9.856798,3.2679414e-05,0.85251236,-2.8956829e-06,0.119614005,,,,,,6.445609e-05,1.9894862e-05,4.4207365e-05,0.00018166576,19248.102,0.14007033,228.1771,0.00065970083,0.39555556,0.00019511572,-5.7837537e-06
1535,2022-09-29 00:00:00+03:00,-0.25073755,0.025722641,1110.4751,0.99945474,73918.45,2586.6226,82892.7,1645.9669,87.29419,,,,,,,,,,8.6808606e-05,,4.743271e-05,0.00022133914,23118.32,0.1513603,228.20053,,,,
1536,2022-09-30 00:00:00+03:00,-0.39029878,0.030284118,778.71204,0.29015127,87092.56,1290.2098,97343.57,353.95386,8.183819,4.6975852e-05,1.234708,2.6850365e-05,0.24701494,,,,,,6.731987e-05,1.848608e-05,4.847209e-05,0.00020037389,22152.082,0.15005656,227.84705,0.00011718121,0.6515124,8.636729e-05,4.3688797e-05
1537,2022-10-01 00:00:00+03:00,-0.30245683,0.024313146,1106.8805,0.9845034,70593.984,2962.9849,80251.914,1962.9851,24.620071,,,,,,,,,,6.9104084e-05,,4.2779608e-05,0.00017261862,19266.52,0.15336204,228.31937,,,,
1538,2022-10-02 00:00:00+03:00,-0.37845907,0.028615933,839.809,0.38927928,84286.06,1532.4089,92934.19,710.11285,7.312335,6.7659166e-05,1.1625301,4.2994747e-05,0.25598368,,,,,,7.078466e-05,2.561645e-05,4.6321235e-05,0.00019175943,21154.014,0.13884687,228.5904,,,,
1539,2022-10-03 00:00:00+03:00,-0.4309859,,,0.99975705,42806.43,6729.6143,48977.56,5729.6143,24.929922,,,,,,,,,,5.6074816e-05,,4.1258663e-05,0.0001352635,19250.703,0.13250627,228.39738,,,,
1540,2022-10-04 00:00:00+03:00,-1.1205317,0.02760968,575.8314,0.74341613,88280.9,1105.5178,98748.66,165.78133,24.577728,2.5930469e-05,1.2635791,1.1530115e-05,0.18984053,,,,,,6.9773254e-05,2.5608386e-05,4.0705054e-05,0.00015443758,19256.205,0.14381377,229.13617,,,,
1541,2022-10-05 00:00:00+03:00,-0.30369884,0.025600491,1682.5518,0.99941915,59515.773,4373.086,67699.8,3373.086,34.23574,,,,,,,,,,,,,,,0.12644017,227.4532,,,,
1542,2022-10-06 00:00:00+03:00,-0.43202725,0.027869433,926.9613,0.6234279,84628.15,1536.936,94848.86,577.63043,10.6565075,2.6112913e-05,1.3097031,1.0291695e-05,0.3466165,,,,,,7.4665426e-05,3.5245474e-05,3.7271915e-05,0.00018241542,11107.722,0.12226952,227.94888,,,,
1543,2022-10-07 00:00:00+03:00,-0.3619052,0.028105214,967.88184,0.65329957,85013.664,1573.1302,95779.06,578.4094,9.181417,2.8591088e-05,1.1722789,-1.5882324e-07,0.3285945,,,,,,6.4498425e-05,2.7608607e-05,3.8991067e-05,0.00016664897,16712.418,0.13149858,226.92645,,,,
1544,2022-10-08 00:00:00+03:00,-0.07913013,0.027764117,1172.5859,0.17274207,63360.9,4077.2505,71174.445,3125.4397,5.8885474,0.000108587854,0.98311687,7.7478064e-05,0.15988594,1864.6786,3000.134,0.044689145,1877.57,3.1923978,7.187718e-05,3.280687e-05,3.8165374e-05,0.00017996621,16700.645,0.13008603,225.75078,,,,
1545,2022-10-09 00:00:00+03:00,-0.13652332,0.027381444,628.17944,0.21563347,82914.33,1751.4573,92444.46,848.8918,5.214618,5.6142366e-05,0.9017526,1.9773222e-05,0.20530607,1887.756,3000.005,0.027799902,1900.7334,3.131512,5.0403854e-05,1.2576703e-05,3.7189464e-05,0.00016141524,22174.25,0.14111936,226.51772,,,,
1546,2022-10-10 00:00:00+03:00,-0.15513954,0.028431151,737.651,0.27562404,90957.49,1039.9067,99244.92,280.53302,6.523292,5.67468e-05,1.2324955,3.1956748e-05,0.2694308,,,,,,7.1657836e-05,3.5891513e-05,3.6149206e-05,0.00018922932,16123.492,0.1327896,224.72449,,,,
1547,2022-10-11 00:00:00+03:00,-0.21081346,0.02980632,579.44727,0.54600203,87762.3,1242.0732,98087.4,306.72156,10.333645,1.7744178e-05,1.093424,-1.4624079e-05,0.28557912,,,,,,7.679024e-05,3.8415892e-05,3.8048416e-05,0.00019735785,19271.86,0.13737614,226.61487,,,,
1548,2022-10-12 00:00:00+03:00,-0.23015904,0.030373853,606.9108,0.34577215,80107.78,2050.8372,90462.766,1064.8347,9.662938,5.9047015e-05,0.92747355,1.8977844e-05,0.22967899,,,,,,6.244013e-05,2.5740788e-05,3.660839e-05,0.00016889024,19065.684,0.14303228,226.31573,,,,
1549,2022-10-13 00:00:00+03:00,-0.20334448,0.029980462,985.66626,0.8047332,87444.81,1338.5178,97576.83,419.50555,9.062915,2.5012347e-05,1.3752308,-7.459695e-07,0.4239771,,,,,,6.066082e-05,2.1814929e-05,3.8254075e-05,0.0001695678,19293.879,0.14127645,226.29214,,,,
1550,2022-10-14 00:00:00+03:00,0.15290737,0.02997611,888.72876,0.41250625,43895.805,6798.3115,50527.332,5798.3115,5.9563637,5.5604534e-05,0.94896895,2.0228299e-05,0.22572072,1890.3804,3000.2507,0.0764873,1904.5515,3.899228,6.069618e-05,2.0916159e-05,3.485172e-05,0.0001613558,19280.426,0.15416095,226.7734,,,,
1551,2022-10-15 00:00:00+03:00,-0.2601574,0.030034214,1066.5138,0.35214895,76158.49,2574.862,84249.23,1700.6545,5.442609,5.4841752e-05,1.1563585,3.7486687e-05,0.13722385,,,,,,6.7688256e-05,3.394526e-05,3.4779867e-05,0.00019327068,16703.828,0.14565203,225.91077,,,,
1552,2022-10-16 00:00:00+03:00,-0.32414654,0.028911298,1230.3395,0.99628526,85329.41,1535.9846,93453.125,739.7415,56.70076,,,,,,,,,,9.14245e-05,,3.380208e-05,0.0001817839,16704.416,0.1389567,226.60295,,,,
1553,2022-10-17 00:00:00+03:00,-0.10567407,0.030643694,662.1006,0.042387545,71255.43,2991.2795,81119.484,1991.2797,9.505628,5.640851e-05,1.0512152,3.6442056e-05,0.058920894,1888.1233,3000.0737,0.029727027,1904.2568,4.269713,5.906904e-05,2.3389686e-05,3.5679353e-05,0.0001702205,16053.604,0.14164567,225.0738,,,,
1554,2022-10-18 00:00:00+03:00,-0.101888314,0.029479764,645.7161,0.53105825,81138.375,1913.4585,91587.05,913.65967,12.356533,3.2264452e-05,1.161829,1.5988593e-05,0.32941037,,,,,,6.273358e-05,3.0555202e-05,3.3983422e-05,0.00016374172,17223.762,0.14228135,223.58994,,,,
1555,2022-10-19 00:00:00+03:00,0.12498091,0.03058416,552.73865,0.2097099,81508.93,1822.7003,92386.99,834.22485,6.3981237,2.1014866e-05,1.1096361,-2.957886e-07,0.17224696,,,,,,4.8239526e-05,1.6004296e-05,3.235173e-05,0.00015094686,22170.422,0.14810173,222.13448,,,,
1556,2022-10-20 00:00:00+03:00,-1.1527901,0.02918396,793.88763,0.5779416,83915.36,1644.1715,94948.48,644.1715,17.069418,1.9220543e-05,1.4144673,5.4378124e-06,0.36099175,,,,,,5.121448e-05,1.684688e-05,2.572614e-05,0.00012021737,14430.544,0.115238845,221.131,,,,
1557,2022-10-21 00:00:00+03:00,-0.25245732,,,0.812845,48472.348,5987.63,55384.227,4987.6304,14.286203,6.036093e-05,1.0202547,4.1683994e-05,0.38287744,,,,,,6.0464845e-05,2.2111884e-05,3.0016878e-05,0.00015954196,14429.27,0.12253785,220.23682,,,,
1558,2022-10-22 00:00:00+03:00,0.28879204,,,0.18860678,40062.023,7253.6084,46105.266,6253.6084,7.4122257,8.406374e-05,0.90178865,5.5675002e-05,0.11020759,,,,,,7.3624535e-05,4.2879583e-05,3.060847e-05,0.00018112021,16702.82,0.13221698,221.69647,,,,
1559,2022-10-23 00:00:00+03:00,-0.2594239,0.02788176,825.4037,0.99960595,88286.22,1159.9879,99051.266,184.9622,44.142773,,,,,,,,,,6.696448e-05,,3.1445154e-05,0.0001795342,19266.488,0.1401401,222.3587,,,,
1560,2022-10-24 00:00:00+03:00,-0.07735816,0.027391845,1076.2397,0.9038649,64609.016,3754.2964,73405.945,2754.2964,36.37421,,,,,,,,,,8.4659536e-05,,2.6575373e-05,0.00015581271,16705.69,0.13085112,221.36499,,,,
1561,2022-10-26 00:00:00+03:00,-0.4541151,0.028184276,1214.2058,0.97815454,72600.41,2759.77,82436.09,1759.7701,26.502659,-6.664637e-05,1.2006902,-9.7284064e-05,0.4902916,,,,,,6.869759e-05,,2.7646147e-05,0.00017934016,19270.52,0.12602532,218.86531,,,,
1562,2022-10-27 00:00:00+03:00,0.06776911,0.030732047,1106.5157,0.4062091,66124.29,3640.984,74945.05,2640.9836,10.988009,9.140417e-05,1.104321,8.076225e-05,0.17418477,,,,,,5.221409e-05,2.8561524e-05,2.4310957e-05,0.00014389133,16712.738,0.11662042,218.30844,,,,
1563,2022-10-28 00:00:00+03:00,0.049388953,0.027851487,1827.3782,0.8900219,55216.46,4975.716,62991.74,3975.716,42.860573,,,,,,,,,,6.33175e-05,3.3990233e-05,2.3222707e-05,0.00013624791,16710.398,0.11376928,217.48518,,,,
1564,2022-10-29 00:00:00+03:00,-0.43493962,0.028708527,891.0786,0.9999765,85495.05,1418.3723,95557.6,470.29138,55.017746,,,,,,,,,,9.420047e-05,,2.0994998e-05,0.00014437671,16846.662,0.11865671,217.39607,,,,
1565,2022-10-30 00:00:00+03:00,0.15475434,0.028799636,756.642,0.73283577,42916.47,6886.679,49134.656,5886.679,23.97265,4.0792685e-05,0.9794766,2.7881646e-05,0.19783898,,,,,,4.4010303e-05,2.1305632e-05,1.8430765e-05,0.000115646035,15667.497,0.10655767,217.49245,,,,
1566,2022-10-31 00:00:00+02:00,0.14350931,0.028591037,807.7035,0.24693465,90278.734,1048.1743,99963.05,185.70059,3.2622972,5.641554e-05,1.4554636,7.182633e-05,0.0,,,,,,5.3441672e-05,3.0792427e-05,2.2649248e-05,0.00016554673,16027.389,0.11084908,216.15454,,,,
1567,2022-11-01 00:00:00+02:00,-0.26326668,0.02909828,714.39215,0.968331,88878.59,1158.7097,99753.56,180.8479,15.061314,,,,,,,,,,4.8964663e-05,,2.4293437e-05,0.00015243594,17725.531,0.12107413,218.7286,,,,
1568,2022-11-02 00:00:00+02:00,-0.18994325,0.02858272,1122.6093,1.0,66891.484,3469.1138,75678.7,2469.1138,99.56024,,,,,,,,,,9.0824185e-05,,2.2914413e-05,0.00014979523,16705.992,0.12294085,219.51318,,,,
1569,2022-11-03 00:00:00+02:00,0.04608366,0.030059922,829.23645,0.895268,88951.14,1142.8499,99618.55,187.52216,29.26242,,,,,,,,,,6.228742e-05,3.2186443e-05,2.6632766e-05,0.0001708714,19280.188,0.13222338,219.4444,,,,
1570,2022-11-04 00:00:00+02:00,0.094470024,0.029108454,701.5777,0.8416143,84420.09,1553.1621,95127.234,575.63916,16.825382,,,,,,,,,,4.8033216e-05,,2.3844532e-05,0.00015050615,16707.123,0.13338634,219.56677,,,,
1571,2022-11-05 00:00:00+02:00,-1.3205867,,,0.9979166,38275.164,7589.8384,44038.945,6589.838,49.85107,,,,,,,,,,3.220639e-05,,2.4280242e-05,0.000113617294,16704.66,0.1369665,219.95198,,,,
1572,2022-11-06 00:00:00+02:00,0.14818531,,,0.89887404,56366.58,4755.964,64207.51,3756.4482,42.34268,,,,,,,,,,7.999349e-05,2.0470912e-05,2.3859768e-05,0.00017211179,17243.238,0.13886908,219.3997,,,,
1573,2022-11-07 00:00:00+02:00,0.329806,,,0.92120993,66296.766,3547.516,75143.7,2547.516,56.36955,,,,,,,,,,7.045565e-05,3.2636628e-05,2.4634337e-05,0.00016241393,17893.59,0.13364223,221.09251,,,,
1574,2022-11-08 00:00:00+02:00,-0.16112417,0.030839577,929.6185,0.78210616,76239.69,2325.7476,86425.95,1325.7477,15.355032,,,,,,,,,,5.4281016e-05,2.2961842e-05,2.6575248e-05,0.00015913846,19642.29,0.14301199,222.20697,,,,
1575,2022-11-09 00:00:00+02:00,0.25671864,0.029629203,1129.1718,0.51244,52651.812,5251.013,60073.277,4251.0137,17.92949,,,,,,,,,,8.184992e-05,5.6783523e-05,2.4811772e-05,0.00017079752,16972.379,0.13788691,221.94847,,,,
1576,2022-11-10 00:00:00+02:00,0.008295357,,,0.961356,53211.36,5292.933,60653.4,4292.933,46.160812,,,,,,,,,,7.009834e-05,,2.9887842e-05,0.00017258346,19270.436,0.1435427,223.2417,,,,
1577,2022-11-11 00:00:00+02:00,-0.5324396,,,1.0,36454.574,8168.757,41758.176,7168.757,149.2087,,,,,,,,,,,,,,,0.13025826,219.73526,,,,
1578,2022-11-12 00:00:00+02:00,0.043434456,0.028698564,937.40375,0.8106586,88128.61,1268.576,99153.016,268.57605,15.037466,,,,,,,,,,5.0783456e-05,2.7265229e-05,2.3864493e-05,0.000179058,13057.9,0.12694636,219.31187,,,,
1579,2022-11-13 00:00:00+02:00,0.22515659,,,0.33303466,39154.78,7604.458,45047.96,6604.458,12.848688,,,,,,,,,,4.7660626e-05,2.3425157e-05,2.5308535e-05,0.00016784416,14434.717,0.1316327,218.9783,,,,
1580,2022-11-14 00:00:00+02:00,0.23905423,,,0.92113817,57988.555,4638.6953,65992.95,3638.6953,33.363262,,,,,,,,,,7.160554e-05,4.77829e-05,2.8210125e-05,0.00019230723,14434.016,0.13319048,219.05876,,,,
1581,2022-11-15 00:00:00+02:00,-0.12693456,0.029788762,366.92767,0.8536602,81549.29,1793.2198,92314.44,795.0293,29.80091,,,,,,,,,,8.5944164e-05,6.940294e-05,2.1873624e-05,0.0001798688,13056.203,0.12267544,218.68597,,,,
1582,2022-11-16 00:00:00+02:00,-0.103678614,0.02948883,317.9803,0.8687147,89502.51,1048.6509,101059.16,67.94269,26.808598,,,,,,,,,,6.0043658e-05,,2.487275e-05,0.00019999249,19011.18,0.14601251,214.47867,,,,
1583,2022-11-17 00:00:00+02:00,-0.216553,0.028692134,528.97394,0.98519754,82296.15,1696.6526,93371.72,696.65265,22.752983,,,,,,,,,,7.2480274e-05,,1.8159804e-05,0.0001471976,17988.863,0.123272896,213.871,,,,
1584,2022-11-18 00:00:00+02:00,0.48291665,0.028455626,363.1624,0.77933574,70081.8,2890.2026,80067.67,1890.2026,56.004147,,,,,,,,,,1.8573002e-05,-9.974286e-06,2.536967e-05,0.00014548922,23367.14,0.1478625,216.2015,,,,
1585,2022-11-19 00:00:00+02:00,-0.2983913,0.028071897,206.93027,0.9122363,71561.23,2738.1416,81643.34,1738.1415,24.144903,,,,,,,,,,3.067776e-05,1.5248652e-05,2.3833516e-05,0.00014502785,22730.63,0.14469531,216.83109,,,,
1586,2022-11-20 00:00:00+02:00,0.10741645,0.029667072,286.3979,0.4049188,74268.71,2575.9272,83718.0,1641.9177,4.3675985,,,,,,,,,,7.661501e-05,5.2673666e-05,2.4829136e-05,0.00022507427,22924.086,0.14612365,216.73526,,,,
1587,2022-11-21 00:00:00+02:00,-1.1583588,0.032871492,297.6908,0.9567571,86726.555,1249.13,98307.24,249.50208,40.4553,,,,,,,,,,6.805105e-05,,2.4249806e-05,0.00017803047,23361.926,0.14229265,217.26935,,,,
1588,2022-11-22 00:00:00+02:00,-0.2658263,0.030120898,340.4405,1.0,93123.375,678.54755,101038.87,9.80673,35.46904,,,,,,,,,,0.00014123827,,2.4349054e-05,0.00022549128,22151.873,0.1457258,216.58694,,,,
1589,2022-11-23 00:00:00+02:00,0.0011616498,0.03267859,591.38904,1.0,88456.984,1110.8983,98573.695,237.09138,75.9969,,,,,,,,,,8.005004e-05,,2.3464703e-05,0.00021157182,19272.578,0.149034,218.4957,,,,
1590,2022-11-24 00:00:00+02:00,-0.25720537,0.03315685,911.0396,0.9804439,56670.496,4651.6562,64559.594,3651.6567,65.039444,,,,,,,,,,,,,,,0.1516898,219.88683,,,,
1591,2022-11-25 00:00:00+02:00,0.25495496,0.03285561,735.57086,0.9288542,68695.92,3306.6226,78076.55,2316.0989,80.3238,,,,,,,,,,0.00028921053,,2.7011783e-05,0.00032225327,22182.996,0.15380442,219.47115,,,,
1592,2022-11-26 00:00:00+02:00,-0.381577,,,1.0,47175.996,6063.6753,54143.992,5063.6753,50.131603,,,,,,,,,,,,,,,0.1531108,219.16595,,,,
1593,2022-11-27 00:00:00+02:00,-0.3390752,0.03320702,605.51196,0.9255823,88251.375,1251.9679,99333.43,298.71167,23.226778,,,,,,,,,,0.0003629744,0.00018402647,2.178247e-05,0.00037807564,19305.793,0.14468634,215.16655,,,,
1594,2022-11-28 00:00:00+02:00,-0.49462068,0.035124753,685.8341,0.9442227,71123.02,2995.8276,80635.29,1995.8275,21.321598,,,,,,,,,,0.00017571493,0.00015622997,1.911132e-05,0.00022385678,19309.672,0.13513134,212.94809,,,,
1595,2022-11-29 00:00:00+02:00,-0.36065075,0.033178937,630.0243,0.9332405,80478.75,2014.6155,91414.21,1015.91956,18.35617,,,,,,,,,,0.00010044722,6.581283e-05,1.7838356e-05,0.00021447803,19313.846,0.13180697,210.63422,,,,
1596,2022-11-30 00:00:00+02:00,-0.037554592,0.034579292,517.5682,0.8773171,80568.69,2020.4016,91465.86,1021.2429,22.42648,,,,,,,,,,0.00013659467,7.5796015e-05,1.479708e-05,0.00020157159,17558.338,0.12083992,210.58026,,,,
1597,2022-12-01 00:00:00+02:00,0.4475763,,,0.930164,70435.53,3099.0493,80026.47,2099.0496,71.36575,,,,,,,,,,0.00011245193,,1.3294809e-05,0.00016828769,16728.492,0.13270566,210.39893,,,,
1598,2022-12-02 00:00:00+02:00,-0.32126465,0.032483928,477.6305,0.9736585,92375.82,907.09863,102598.35,60.82744,50.26944,,,,,,,,,,0.0001420164,,1.7170045e-05,0.00023377476,19316.365,0.1285502,210.6254,,,,
1599,2022-12-03 00:00:00+02:00,-0.4063493,0.03411101,337.20975,0.9595655,80455.41,2160.7607,88941.97,1325.9888,22.373695,,,,,,,,,,9.959634e-05,,1.6812884e-05,0.00020003121,17729.555,0.12810564,211.23163,,,,
1600,2022-12-04 00:00:00+02:00,-1.0467887,0.034762036,678.89374,0.99786496,59651.33,4357.2744,67890.625,3357.2744,71.49344,,,,,,,,,,4.03064e-05,,2.0408695e-05,0.00014774576,19314.727,0.13983303,211.98544,,,,
1601,2022-12-05 00:00:00+02:00,-0.94984126,0.034655083,688.0221,0.9802197,69733.3,3152.0564,79093.72,2152.0564,38.00614,,,,,,,,,,6.898638e-05,,1.83668e-05,0.00017372423,16723.035,0.1428542,211.64098,,,,
1602,2022-12-06 00:00:00+02:00,-0.002317965,0.034393694,455.56305,0.99660003,66189.234,3460.6675,75111.71,2460.6672,137.1417,,,,,,,,,,,,,,,0.13197333,210.48045,,,,
1603,2022-12-07 00:00:00+02:00,-0.976101,,,1.0,57454.23,4415.658,65543.35,3415.6584,104.426926,,,,,,,,,,,,,,,0.14346696,211.04636,,,,
1604,2022-12-08 00:00:00+02:00,0.18766937,0.033531792,466.40152,0.6862114,58478.31,4126.2715,67565.52,3126.2712,69.367424,,,,,,,,,,0.00017148472,8.178631e-05,2.3842424e-05,0.0002805892,24655.678,0.15940309,210.83066,,,,
1605,2022-12-09 00:00:00+02:00,-0.090998486,0.03219562,265.31073,0.6722219,81784.984,1693.5977,92847.4,699.1773,43.227806,,,,,,,,,,6.409761e-05,-4.1946436e-07,2.371768e-05,0.00022141862,24252.717,0.16428363,212.3642,,,,
1606,2022-12-10 00:00:00+02:00,0.1201452,0.031550337,182.94073,0.88057727,91038.81,867.42786,101178.5,0.0100182565,42.518246,,,,,,,,,,4.3582266e-05,,2.243333e-05,0.00019579065,20934.445,0.15729767,214.0692,,,,
1607,2022-12-11 00:00:00+02:00,-1.4214103,,,0.8468597,46345.83,5944.9165,53061.17,4944.9165,55.345078,,,,,,,,,,6.2499035e-05,,2.1252892e-05,0.00018618796,16702.6,0.15461512,215.77725,,,,
1608,2022-12-12 00:00:00+02:00,-0.44344813,,,0.99694175,41865.67,6694.9985,48038.59,5694.999,93.85534,,,,,,,,,,,,,,,0.16298819,216.86859,,,,
1609,2022-12-13 00:00:00+02:00,-0.2410652,0.030115532,717.3228,0.8107811,68057.51,2978.5183,77591.35,1978.5183,152.21701,,,,,,,,,,0.00019196974,9.138628e-05,2.5728777e-05,0.00032307487,24177.15,0.16063945,215.59901,,,,
1610,2022-12-14 00:00:00+02:00,0.33792546,0.034893934,269.87915,0.9272932,61477.797,3836.066,70488.05,2836.066,73.881805,,,,,,,,,,0.00015832222,6.94866e-05,1.7821823e-05,0.00025132048,24232.271,0.15939775,214.99283,,,,
1611,2022-12-15 00:00:00+02:00,-0.00825895,0.036405616,247.44652,0.742599,84356.55,1420.7634,95090.36,478.20792,42.036026,,,,,,,,,,0.00011886419,9.0014684e-05,1.5536696e-05,0.00025690717,23322.457,0.1553905,213.39217,,,,
1612,2022-12-16 00:00:00+02:00,-0.055128843,,,1.0,87454.47,1231.144,98753.625,241.26472,60.892544,,,,,,,,,,0.00020383543,,1.5413149e-05,0.00030688167,19278.195,0.13023332,212.4238,,,,
1613,2022-12-17 00:00:00+02:00,0.24237159,,,0.88163555,82119.6,1740.101,93505.6,740.40076,46.2694,,,,,,,,,,0.00012131105,,1.7452207e-05,0.0002466071,22199.305,0.14371207,212.84012,,,,
1614,2022-12-18 00:00:00+02:00,-0.26074308,,,0.0023200226,52659.8,5123.1997,60727.953,4123.1997,6.5972304,,,,,,,,,,8.595176e-05,5.3196964e-05,1.7009637e-05,0.0002465939,22217.314,0.13889074,210.22302,,,,
1615,2022-12-19 00:00:00+02:00,-0.15520091,,,0.9545615,47100.414,6100.7104,54194.11,5100.711,80.55936,,,,,,,,,,,,,,,0.12295541,208.27231,,,,
1616,2022-12-20 00:00:00+02:00,0.4032101,,,0.99932015,55402.1,4826.791,63264.727,3826.7915,157.11047,,,,,,,,,,,,,,,0.124944866,206.07626,,,,
1617,2022-12-21 00:00:00+02:00,-0.5201688,,,0.9523571,43103.438,6658.6025,49412.438,5658.6025,35.04963,,,,,,,,,,,,,,,0.11315088,207.0676,,,,
1618,2022-12-22 00:00:00+02:00,-0.1788809,,,0.9650624,83132.28,1556.7567,94058.125,558.23236,29.146557,,,,,,,,,,0.00011608473,,1.676186e-05,0.0002200075,19249.586,0.13023475,212.32889,,,,
1619,2022-12-23 00:00:00+02:00,-1.2618657,,,0.8060005,55784.402,4577.5547,63825.312,3577.555,62.63202,,,,,,,,,,8.2237275e-05,6.3165404e-05,2.0922784e-05,0.00018979164,22101.02,0.1503508,216.71022,,,,
1620,2022-12-24 00:00:00+02:00,0.027424216,,,0.007476975,51227.68,5238.6147,58817.527,4238.6147,7.5513024,,,,,,,,,,6.4342836e-05,2.8772625e-05,2.1405938e-05,0.00019402945,22148.885,0.16476223,216.14201,,,,
1621,2022-12-25 00:00:00+02:00,0.21158634,,,0.7085943,71664.57,2857.5264,81563.67,1859.867,87.96503,,,,,,,,,,9.984217e-05,7.217118e-05,1.7582583e-05,0.00020491243,22194.768,0.14508845,217.81717,,,,
1622,2022-12-26 00:00:00+02:00,-0.12150383,,,0.8754542,45039.406,6269.9717,51621.375,5269.9717,53.64184,,,,,,,,,,8.312384e-05,6.550615e-05,1.671915e-05,0.00017663096,21517.77,0.16943896,218.36203,,,,
1623,2022-12-27 00:00:00+02:00,0.1789386,,,0.57849467,51764.297,5147.836,59560.188,4147.836,33.344402,,,,,,,,,,4.5465495e-05,2.8942506e-05,2.0512818e-05,0.00017240789,24234.824,0.16137677,217.15799,,,,
1624,2022-12-28 00:00:00+02:00,-0.31693912,,,0.4815096,66525.14,3487.6565,75836.06,2487.6565,4.937447,,,,,,,,,,8.356862e-05,6.290841e-05,1.5491954e-05,0.00018188595,19268.02,0.16011001,215.12692,,,,
1625,2022-12-29 00:00:00+02:00,-0.3912378,,,0.9796492,43881.492,6680.2046,50191.625,5680.2046,135.65906,,,,,,,,,,,,,,,0.15945771,211.95366,,,,
1626,2022-12-30 00:00:00+02:00,-0.38571185,,,0.9976902,43661.316,6403.593,50152.97,5403.593,134.15442,,,,,,,,,,,,,,,0.16458467,214.24593,,,,
1627,2022-12-31 00:00:00+02:00,-0.45674968,,,0.98691225,39446.188,7246.7817,45351.96,6246.7817,80.060974,,,,,,,,,,,,,,,0.14775163,212.94073,,,,
1628,2023-01-01 00:00:00+02:00,-0.3973158,,,0.9836726,47603.234,5872.2676,54269.016,4872.2676,75.17902,,,,,,,,,,,,,,,0.1427409,212.1023,,,,
1629,2023-01-02 00:00:00+02:00,-0.2769158,,,0.9986453,37184.53,7654.2666,43040.777,6654.2666,49.28907,,,,,,,,,,,,,,,0.13847697,211.0177,,,,
1630,2023-01-03 00:00:00+02:00,0.45023167,0.030942395,577.7419,0.7661521,76076.58,2315.212,86314.69,1320.7223,128.4703,,,,,,,,,,3.297813e-05,1.584354e-05,2.1583106e-05,0.00014981219,22140.836,0.1480394,210.90659,,,,
1631,2023-01-04 00:00:00+02:00,-0.427391,0.032151945,218.57904,0.8681955,54367.688,5157.301,62168.21,4157.301,52.603966,,,,,,,,,,2.6545498e-05,,1.5927393e-05,0.00011377722,19284.57,0.14599368,209.42532,,,,
1632,2023-01-05 00:00:00+02:00,-0.18442154,0.033065293,546.0429,0.92903197,85554.59,1321.2637,96782.3,321.2637,15.769267,,,,,,,,,,4.890733e-05,,1.7976588e-05,0.00018150671,22122.781,0.13258986,209.62057,,,,
1633,2023-01-06 00:00:00+02:00,-0.19562042,,,0.3546855,72562.56,2876.1465,82529.92,1902.8442,4.2746525,,,,,,,,,,9.8622346e-05,3.80578e-05,1.4836349e-05,0.00018811133,18157.955,0.1467511,209.16327,,,,
1634,2023-01-07 00:00:00+02:00,0.07626775,0.034334138,379.6358,0.5748652,62583.51,3853.725,71592.56,2853.725,53.697918,,,,,,,,,,5.2048243e-05,3.53265e-05,1.515623e-05,0.00014744652,19298.38,0.14514545,208.84381,,,,
1635,2023-01-08 00:00:00+02:00,-1.0101323,,,0.99967974,46857.99,6038.3647,53721.89,5038.3647,98.52076,,,,,,,,,,,,,,,0.12858953,209.40096,,,,
1636,2023-01-09 00:00:00+02:00,-1.0105004,0.032319963,597.9077,0.997303,67492.91,3438.2612,76642.03,2442.7188,90.80121,,,,,,,,,,8.462764e-05,,1.502815e-05,0.00015484347,17458.902,0.13465557,208.54578,,,,
1637,2023-01-10 00:00:00+02:00,-0.39817658,,,0.9992862,52352.184,5208.54,59795.633,4208.5405,71.91191,,,,,,,,,,9.733902e-05,,1.6549335e-05,0.0001606196,16702.75,0.15299231,209.13205,,,,
1638,2023-01-11 00:00:00+02:00,0.2466878,0.032110423,189.18137,0.87321025,69527.92,3088.9263,79092.36,2088.9263,49.1101,,,,,,,,,,6.745013e-05,5.6848225e-05,1.2908849e-05,0.00013912703,14427.224,0.1295614,209.4104,,,,
1639,2023-01-12 00:00:00+02:00,-0.016225666,0.030758563,512.8057,0.8670117,75590.414,2485.1255,84697.22,1564.2405,71.65727,,,,,,,,,,9.050065e-05,,1.770375e-05,0.0001895401,17500.006,0.14574428,210.97998,,,,
1640,2023-01-13 00:00:00+02:00,-0.20939872,,,0.99992687,43798.93,6495.663,50447.695,5495.663,122.388,,,,,,,,,,,,,,,0.14556736,212.77985,,,,
1641,2023-01-14 00:00:00+02:00,-0.23713256,0.03187269,910.8655,0.96818566,77876.945,2102.269,88372.56,1105.7964,56.032578,,,,,,,,,,5.1642513e-05,,1.99957e-05,0.00014235555,22129.777,0.16761601,212.1938,,,,
1642,2023-01-15 00:00:00+02:00,-0.5636556,,,1.0,36270.65,7731.2534,41801.766,6731.254,186.34961,,,,,,,,,,,,,,,0.14237691,213.96729,,,,
1643,2023-01-16 00:00:00+02:00,0.2855326,0.03254223,407.05664,0.3966936,68646.94,3032.0325,78428.17,2032.0326,14.851278,,,,,,,,,,3.93971e-05,1.440357e-05,2.5296955e-05,0.00017580927,22096.914,0.16545357,216.4442,,,,
1644,2023-01-17 00:00:00+02:00,-2.0914211,0.032273788,206.77031,0.99856544,60151.887,3979.441,68326.04,2979.4407,32.4337,,,,,,,,,,0.00010484509,,3.110691e-05,0.00023083744,19224.416,0.18387257,219.99895,,,,
1645,2023-01-18 00:00:00+02:00,-0.058896482,,,0.91176474,37386.086,7405.4395,43293.58,6405.4395,55.025024,,,,,,,,,,7.421687e-05,4.1129017e-05,2.9076602e-05,0.00019215494,19239.258,0.17437339,223.1568,,,,
1646,2023-01-19 00:00:00+02:00,-0.1455093,0.034262035,262.80576,0.4989669,50206.574,5522.5054,57931.31,4522.506,36.591625,,,,,,,,,,6.709533e-05,2.05498e-05,3.689891e-05,0.0002915284,22132.818,0.20524758,221.22714,,,,
1647,2023-01-20 00:00:00+02:00,0.3748569,,,0.8148391,50640.062,5476.1357,58187.285,4476.1357,45.067257,,,,,,,,,,0.00011710958,2.723748e-05,3.3426528e-05,0.00028880266,21603.625,0.18821889,220.939,,,,
1648,2023-01-21 00:00:00+02:00,0.56792057,,,0.7136302,53580.504,5218.865,61245.53,4218.865,55.830414,,,,,,,,,,0.0001219461,6.261535e-05,2.837021e-05,0.00024976005,16724.578,0.17876711,218.42392,,,,
1649,2023-01-22 00:00:00+02:00,0.021784008,0.033860125,175.66302,0.7547606,92900.086,902.88916,103305.836,32.69259,15.99225,,,,,,,,,,0.00011965465,7.4514086e-05,2.3887838e-05,0.00023310696,16731.484,0.17252398,217.7992,,,,
1650,2023-01-23 00:00:00+02:00,0.15677452,0.034107402,184.30594,0.98862624,71355.445,3112.9524,81011.875,2120.4175,120.05684,,,,,,,,,,0.00014892936,,2.6387488e-05,0.0002096135,16735.484,0.15546338,217.40372,,,,
1651,2023-01-24 00:00:00+02:00,-0.6964829,0.035873517,577.9358,0.7998383,82280.49,1917.9115,92436.43,969.2547,87.47766,,,,,,,,,,6.782973e-05,3.69302e-05,2.3481365e-05,0.00016730829,15070.816,0.14830966,215.58005,,,,
1652,2023-01-25 00:00:00+02:00,-0.9439992,0.030372182,1163.3574,0.98790145,88233.836,1261.5613,98276.36,365.10147,40.697662,,,,,,,,,,7.934938e-05,,1.7414772e-05,0.0001475054,13059.407,0.14620543,211.87991,,,,
1653,2023-01-26 00:00:00+02:00,-0.57531476,0.034873877,1014.62354,0.997187,65815.984,3514.3032,74842.42,2514.303,62.096054,,,,,,,,,,3.3431705e-05,,1.5847963e-05,0.00010061174,14428.385,0.1474182,211.75723,,,,
1654,2023-01-27 00:00:00+02:00,0.22192307,0.033505782,232.3711,0.7819184,89216.88,1126.7593,101018.8,128.90222,19.564743,,,,,,,,,,3.429396e-05,1.4615529e-05,1.4587158e-05,9.8470744e-05,16716.916,0.14581114,211.73303,,,,
1655,2023-01-28 00:00:00+02:00,0.16618478,0.033832967,173.551,0.78013,90274.69,1044.7057,100900.33,135.61441,23.204336,,,,,,,,,,3.6884026e-05,2.7076087e-05,1.612142e-05,0.00010779788,16715.027,0.12464169,211.0493,,,,
1656,2023-01-29 00:00:00+02:00,-0.21153513,0.03605439,507.2225,0.99905765,65885.945,3619.9956,74793.39,2625.5405,60.146133,,,,,,,,,,1.1194254e-05,,1.4618408e-05,8.1858154e-05,16700.344,0.12910205,211.1026,,,,
1657,2023-01-30 00:00:00+02:00,-0.13488604,0.030921876,290.5041,0.9716927,62924.18,3681.8564,71547.266,2681.8564,42.53786,,,,,,,,,,-2.3630819e-06,-1.0212504e-05,2.43887e-05,0.00011707263,23007.117,0.14283276,214.68867,,,,
1658,2023-01-31 00:00:00+02:00,0.16073708,0.03466729,273.96808,0.7103807,79256.875,1832.1635,90213.14,832.1636,15.786917,,,,,,,,,,3.4247394e-05,1.8599243e-05,2.4028373e-05,0.00013825516,22098.836,0.14414018,217.18044,,,,
1659,2023-02-01 00:00:00+02:00,0.25450665,0.033274673,317.8721,0.9997293,68304.125,2988.1274,77754.625,1988.1277,129.68492,,,,,,,,,,0.000108496315,,2.5308493e-05,0.00018460842,24154.975,0.15390587,219.00897,,,,
1660,2023-02-02 00:00:00+02:00,0.021460652,0.03825469,476.2013,0.96181643,81675.36,1659.8678,92119.016,709.77026,34.681732,,,,,,,,,,6.8510664e-05,,1.6086458e-05,0.0001147017,22111.086,0.17399842,214.44304,,,,
1661,2023-02-03 00:00:00+02:00,-0.054855645,0.036239706,263.40955,0.6594361,81733.9,1725.9062,92709.234,740.4917,21.736639,,,,,,,,,,3.375769e-05,-5.7231337e-06,2.0488098e-05,0.00011730708,19268.793,0.16827221,216.54248,,,,
1662,2023-02-04 00:00:00+02:00,-0.41878468,0.03720375,253.08353,0.9652088,90769.33,1003.349,101795.73,82.06581,31.899889,,,,,,,,,,4.844037e-05,,1.4166382e-05,8.4869665e-05,19299.934,0.17047882,212.42712,,,,
1663,2023-02-05 00:00:00+02:00,-0.17728972,0.039699677,186.15947,0.49651375,86951.45,1448.8862,97398.0,531.08563,21.670473,,,,,,,,,,6.713609e-05,3.986842e-05,1.6245936e-05,0.00012457336,16282.297,0.13973689,212.58826,,,,
1664,2023-02-06 00:00:00+02:00,-0.17205973,0.034212384,378.0442,0.9881491,93497.555,811.33057,103126.17,10.216234,28.426285,,,,,,,,,,2.3706045e-05,,1.5875798e-05,8.9079425e-05,15409.8545,0.14871323,211.41092,,,,
1665,2023-02-07 00:00:00+02:00,-0.06833496,0.035272464,306.14774,0.8349275,63285.027,4002.849,72002.23,3002.849,28.198982,,,,,,,,,,5.523787e-05,2.5891735e-05,1.546707e-05,0.00010260666,14155.906,0.123505786,212.48303,,,,
1666,2023-02-08 00:00:00+02:00,-0.036993954,0.03399728,643.0103,0.99986136,77427.055,2442.5215,87290.72,1470.0839,152.05684,,,,,,,,,,6.134923e-05,,1.6752692e-05,0.00010861849,13063.513,0.12894446,212.83585,,,,
1667,2023-02-09 00:00:00+02:00,-1.0720135,0.032011926,416.80637,0.5121002,54635.703,5057.0034,62380.6,4057.0037,34.687366,-2.9990526e-06,1.1793866,-5.931154e-06,0.27910924,,,,,,4.468288e-05,3.1405605e-05,1.6598848e-05,8.94413e-05,13060.412,0.13433976,210.6514,,,,
1668,2023-02-10 00:00:00+02:00,-0.06609753,0.035218567,314.693,0.6068277,85059.64,1465.3718,96325.25,465.77795,17.516779,1.8433077e-05,1.1258475,1.1370177e-05,0.2892164,,,,,,1.5162375e-05,1.4884737e-06,1.3190736e-05,6.9830596e-05,10963.641,0.15202858,208.69098,,,,
1669,2023-02-11 00:00:00+02:00,-0.24959573,0.037019715,615.46936,0.91681635,86205.77,1291.1256,97189.41,320.16696,22.248772,0.00017037794,1.9858941,0.00032584494,0.38918722,,,,,,4.0965482e-05,7.974095e-06,1.33852e-05,8.5749954e-05,16693.332,0.1287725,208.22417,,,,
1670,2023-02-12 00:00:00+02:00,0.16585696,,,0.5080882,30307.262,9292.356,35165.117,8292.356,20.737904,0.000100205376,0.9372109,7.947911e-05,0.2553917,,,,,,2.3425291e-05,9.061623e-06,1.0969544e-05,6.220631e-05,13060.422,0.11030328,205.22948,,,,
1671,2023-02-13 00:00:00+02:00,0.1989339,0.031450264,734.32916,0.42436564,39623.914,7278.9775,45818.176,6278.978,3.5894804,0.00012860885,1.0657163,0.00012743051,0.0,,,,,,2.1697808e-05,1.6542277e-05,1.352891e-05,7.286708e-05,16713.06,0.11691025,209.0298,,,,
1672,2023-02-14 00:00:00+02:00,-0.1017835,0.0348397,494.4314,0.21763907,69786.555,3102.4055,79607.02,2102.4055,1.121245,9.698699e-05,1.514922,0.00012670364,0.18825078,1853.6652,3000.0146,0.049364228,1872.5951,6.2779126,2.7859127e-05,1.3957186e-05,1.3901939e-05,7.98164e-05,14434.324,0.10842249,209.00183,,,,
1673,2023-02-15 00:00:00+02:00,-0.23595679,0.03368843,560.96216,0.9998146,80907.37,1967.0052,91607.38,970.5796,59.44489,,,,,,,,,,3.430524e-05,,1.7587265e-05,0.000103200786,16722.336,0.10771398,212.09045,,,,
1674,2023-02-16 00:00:00+02:00,-0.1081413,0.03606143,582.1429,1.0,72695.85,2748.9478,82158.33,1748.9479,110.24425,,,,,,,,,,4.9165807e-05,,1.8585546e-05,0.000103316306,16709.219,0.13010925,214.04466,,,,
1675,2023-02-17 00:00:00+02:00,-0.2847931,0.03836139,419.6197,1.0,88263.33,1111.3374,99555.37,127.85637,53.946087,,,,,,,,,,5.8615566e-05,,1.8821382e-05,0.00010003797,16701.678,0.15096578,215.73979,,,,
1676,2023-02-18 00:00:00+02:00,-0.4845899,0.03380397,851.9447,0.9747689,71275.12,2623.7969,80976.78,1623.7966,34.49156,,,,,,,,,,8.1960425e-05,,1.9415344e-05,0.00012082262,19210.027,0.17381454,216.00945,,,,
1677,2023-02-19 00:00:00+02:00,0.19884804,0.032238834,432.4661,0.9801054,76160.25,2164.7983,86698.66,1164.9285,44.00981,,,,,,,,,,1.5049327e-05,,2.2684784e-05,9.138763e-05,22100.555,0.17760102,216.23154,,,,
1678,2023-02-20 00:00:00+02:00,-0.30905944,0.037406772,1229.7847,1.0,61173.375,3829.2092,69728.234,2829.209,87.842606,,,,,,,,,,4.6532226e-05,,2.3852823e-05,0.00012503944,14416.312,0.15729864,216.11057,,,,
1679,2023-02-21 00:00:00+02:00,0.023805887,0.033403955,388.5086,1.0,87661.28,1100.5566,96660.6,307.39587,92.87948,,,,,,,,,,1.9793708e-05,,3.605624e-05,0.00013809183,20748.254,0.17571062,218.3559,,,,
1680,2023-02-22 00:00:00+02:00,-0.20077384,0.035837002,237.91428,0.32201162,86357.69,1401.054,95493.95,589.83636,11.478262,6.792455e-05,1.5159346,9.037535e-05,0.22695768,,,,,,7.414071e-05,1.7826318e-05,3.6780963e-05,0.00019888036,19288.434,0.17031705,218.45178,,,,
1681,2023-02-23 00:00:00+02:00,0.042023122,,,1.0,35026.73,7971.4995,40731.5,6971.499,38.510662,,,,,,,,,,,,,,,0.16407925,219.61014,,,,
1682,2023-02-24 00:00:00+02:00,-0.36392432,0.03324019,249.52805,0.9949142,77239.97,2084.2205,87583.61,1084.2205,44.471386,,,,,,,,,,7.495186e-05,,2.7458087e-05,0.000117985306,22096.686,0.16908988,220.03928,,,,
1683,2023-02-25 00:00:00+02:00,-0.660561,0.032908574,470.48123,0.99674594,83715.836,1373.5579,93532.586,486.3556,52.802116,,,,,,,,,,9.4749026e-05,,3.479097e-05,0.00015769829,24159.51,0.20866053,221.7125,,,,
1684,2023-02-26 00:00:00+02:00,-0.40495303,0.03275244,136.50555,0.99750715,86665.984,1240.328,97911.516,277.1619,25.1712,,,,,,,,,,3.3176955e-05,,3.1103933e-05,0.0001296626,22142.316,0.20210244,218.34264,,,,
1685,2023-02-27 00:00:00+02:00,-0.3636711,0.039687056,232.06268,0.01390233,65983.7,3500.7085,75461.36,2500.7087,4.961342,4.6407633e-05,1.6065882,5.4464475e-05,0.19534278,1895.1724,3000.0088,0.035510577,1915.376,5.634837,0.00011803583,1.6525966e-05,2.1718053e-05,0.00017134515,19301.77,0.13059217,217.73563,,,,
1686,2023-02-28 00:00:00+02:00,-0.26150194,,,0.58581805,57910.047,4928.8223,66051.85,3930.8445,10.592478,0.00011345906,0.847791,8.3290935e-05,0.36080846,,,,,,6.022022e-05,7.5856224e-06,2.6351332e-05,0.00012246589,16714.664,0.13820088,218.7752,,,,
1687,2023-03-01 00:00:00+02:00,-0.25861773,0.035240043,428.53757,0.3289512,83150.484,1768.4783,91395.47,1013.09033,2.9964285,4.2210882e-05,1.4343693,4.744254e-05,0.26827434,,,,,,3.634529e-05,-2.6497679e-05,3.999035e-05,0.0001569335,16714.797,0.17757648,220.11322,,,,
1688,2023-03-02 00:00:00+02:00,-0.39505655,0.034556717,329.428,0.4729044,82798.96,1761.7783,92520.61,855.7279,5.707811,-5.185041e-06,1.2456942,-1.915775e-05,0.3720677,,,,,,2.9773999e-05,-6.5559584e-06,3.6115416e-05,0.0001386294,16708.605,0.17153823,222.26968,,,,
1689,2023-03-03 00:00:00+02:00,-0.17507958,0.03176477,441.76074,0.24791881,66443.92,3409.2664,74807.92,2488.0361,2.345744,4.7492565e-05,0.9565209,4.043097e-05,0.22303173,1857.8381,3000.0059,0.034554254,1876.7485,4.3919606,3.5350928e-05,-3.8095268e-06,3.8389866e-05,0.00014767118,22585.646,0.18276797,222.76875,,,,
1690,2023-03-04 00:00:00+02:00,-0.23263255,0.029639915,393.06882,0.9999999,76067.45,2147.461,86514.016,1149.7532,96.91914,,,,,,,,,,5.2768948e-05,,3.8661598e-05,0.00015472609,27583.898,0.21150357,225.71747,,,,
1691,2023-03-05 00:00:00+02:00,-0.13955027,0.03184764,510.75653,0.73728555,70150.21,2803.993,80016.336,1803.9929,12.804792,-6.87025e-05,0.9494045,-8.261665e-05,0.4195637,,,,,,6.083832e-05,8.093223e-06,3.515154e-05,0.0001452741,27627.867,0.20501116,226.23279,,,,
1692,2023-03-06 00:00:00+02:00,-0.26802003,0.032495625,255.08801,0.7960363,81392.8,1632.0016,91715.53,688.8983,19.342264,7.029787e-05,1.2007047,8.39216e-05,0.29555792,,,,,,5.169861e-05,1.7238612e-05,3.3370037e-05,0.00014711727,27616.672,0.23196016,226.8153,,,,
1693,2023-03-07 00:00:00+02:00,-0.31196654,0.03285242,318.809,0.42343825,62468.453,3728.792,71464.59,2728.792,8.370769,1.7923187e-05,0.9094485,-1.9876688e-06,0.29833534,,,,,,9.166874e-05,5.2161136e-05,3.452631e-05,0.0002033367,24190.395,0.19665277,227.35245,,,,
1694,2023-03-08 00:00:00+02:00,-0.49251783,0.03306518,269.61096,0.9996405,75976.7,2058.7715,86374.91,1058.7715,55.04395,,,,,,,,,,8.276448e-05,,3.836216e-05,0.0002105282,27512.805,0.22380269,226.72217,,,,
1695,2023-03-09 00:00:00+02:00,-0.23887996,0.03370342,169.00156,0.055834107,81598.73,1702.1042,90403.695,867.77966,13.785487,0.00010450064,1.168742,0.00010793397,0.13547751,,,,,,8.002014e-05,2.8418572e-05,3.328946e-05,0.0001865215,24939.332,0.22133657,225.76422,,,,
1696,2023-03-10 00:00:00+02:00,-0.2676171,0.035209917,119.17552,0.28877732,71193.19,2741.8113,81081.09,1741.8113,6.9814596,4.0754567e-05,1.0916052,3.3282755e-05,0.16437873,,,,,,7.543628e-05,3.0968993e-05,3.5299265e-05,0.00016176046,22119.518,0.20949313,224.87128,,,,
1697,2023-03-11 00:00:00+02:00,-0.3361653,0.031014958,446.18484,1.0,50925.54,5205.801,58291.617,4205.8013,86.095535,,,,,,,,,,0.0001077831,,3.479272e-05,0.00015192783,22059.354,0.18785834,224.9928,,,,
1698,2023-03-12 00:00:00+02:00,-0.6667764,0.029851452,412.15002,0.26752168,76510.35,2180.6182,85745.34,1280.4592,6.99658,-1.9671621e-05,1.0851723,-4.196424e-05,0.21263637,,,,,,6.389877e-05,1.634087e-05,3.779204e-05,0.00017170444,27617.76,0.18220985,226.39166,,,,
1699,2023-03-13 00:00:00+02:00,-1.1225818,0.032714013,426.34918,0.86453414,60859.242,3924.8474,69553.945,2924.848,12.20838,,,,,,,,,,9.707886e-05,,3.132782e-05,0.0001397593,19250.799,0.1638418,225.18968,,,,
1700,2023-03-14 00:00:00+02:00,-0.16891313,,,0.7801219,47675.344,5832.952,54462.527,4832.952,11.315491,0.00013464602,0.93625444,0.00010871062,0.32338503,,,,,,0.00011513826,4.8174414e-05,4.2053354e-05,0.00018975523,19218.566,0.17100257,222.80139,0.00057442737,0.24825716,0.00014332053,4.0303643e-05
1701,2023-03-15 00:00:00+02:00,-0.34506863,0.035096116,204.86993,0.46556363,77670.266,2129.9858,86490.19,1281.8685,5.4035463,6.6528504e-05,1.0018778,5.97592e-05,0.23070976,,,,,,6.820363e-05,2.2816945e-05,4.539218e-05,0.00019242661,23284.203,0.17669898,223.99707,-3.243225e-05,0.4408887,-1.36279805e-05,-4.7619822e-05
1702,2023-03-16 00:00:00+02:00,-0.17728624,0.03282237,303.27313,0.4553202,89096.9,1141.389,97087.305,434.2485,4.6788197,4.712046e-05,1.3136709,4.7857782e-05,0.37504497,,,,,,6.9492264e-05,2.1595475e-05,4.0014165e-05,0.0001918133,24294.898,0.19591293,224.25037,,,,7.982138e-06
1703,2023-03-17 00:00:00+02:00,-0.33140323,0.034006983,319.43396,0.82919073,89878.11,1138.5298,97765.51,429.06516,4.385972,3.0100422e-05,1.1906585,3.3846154e-05,0.32634026,,,,,,6.419628e-05,2.8488737e-05,3.8228645e-05,0.00017097744,19300.543,0.17116526,221.85406,0.00012434518,0.38069233,3.3082677e-05,-1.3145651e-05
1704,2023-03-18 00:00:00+02:00,-0.5178155,,,0.45807123,35532.895,8315.051,40948.703,7315.0513,4.9541707,4.9581755e-05,0.90697956,3.9148403e-05,0.4453789,,,,,,6.566604e-05,1.9413252e-05,3.9518767e-05,0.000163718,16712.89,0.16356194,221.39282,0.00055118307,0.22745755,0.00012999012,-7.2586045e-06
1705,2023-03-19 00:00:00+02:00,-0.5435623,0.031184552,572.2412,0.99992985,80297.34,1972.655,90790.375,978.27765,50.59826,,,,,,,,,,6.747153e-05,,4.326178e-05,0.00018046398,21577.102,0.16892919,220.93799,,,,
1706,2023-03-20 00:00:00+02:00,-0.45095742,0.035689853,837.9105,0.9883403,68583.37,3183.1233,77832.77,2183.1233,50.548176,,,,,,,,,,6.199142e-05,,4.1157968e-05,0.0001596763,22146.883,0.17428066,221.84552,,,,
1707,2023-03-21 00:00:00+02:00,-0.50860286,0.032677464,276.62466,0.9978447,92867.47,718.1658,101034.63,9.54752,25.085112,,,,,,,,,,0.00010623684,,3.5755736e-05,0.00015225734,19267.48,0.16700055,221.7419,,,,
1708,2023-03-22 00:00:00+02:00,-0.34496367,0.032467593,949.3888,0.9998873,77746.484,2159.0693,87984.34,1164.3463,19.976723,,,,,,,,,,7.705434e-05,,3.610251e-05,0.00014297558,19260.855,0.1554548,221.0079,,,,
1709,2023-03-23 00:00:00+02:00,-0.5697174,,,1.0,50966.09,5393.9634,58206.438,4393.9634,65.60183,,,,,,,,,,,,,,,0.14975756,222.21654,,,,
1710,2023-03-24 00:00:00+02:00,-0.4886121,0.03261978,1111.5476,0.6428576,45112.25,6533.0996,51618.082,5533.0996,9.724041,9.162201e-05,0.86213624,6.7614295e-05,0.26271912,,,,,,8.028037e-05,4.3889773e-05,3.9996758e-05,0.00016856584,22107.95,0.15079723,221.03697,0.00062199356,0.31136632,0.0001918305,2.796384e-05
1711,2023-03-25 00:00:00+02:00,-0.4836442,0.032797202,416.01965,0.7202153,73471.914,2542.0833,83377.65,1542.0835,5.9931927,6.530545e-05,0.9965536,5.049409e-05,0.49610645,,,,,,6.6026245e-05,2.9308405e-05,4.5010238e-05,0.00017575089,23359.508,0.16439888,223.1344,,,,2.3936242e-05
1712,2023-03-26 00:00:00+02:00,-0.6176886,0.03353541,664.782,0.863829,77012.07,2139.718,87206.375,1141.9968,8.114103,4.5568788e-05,1.0397689,2.8078925e-05,0.5474964,,,,,,7.0781156e-05,2.2190057e-05,4.3185057e-05,0.00018161809,24184.27,0.17319661,223.73045,,,,
1713,2023-03-27 00:00:00+03:00,-0.441426,0.03187372,176.49887,0.91964364,77419.23,2046.3163,88119.19,1046.3162,17.272736,9.4569376e-05,1.4049951,0.00010832971,0.36752316,,,,,,7.077333e-05,3.3834734e-05,4.5077082e-05,0.00015878008,24198.754,0.16817851,224.29288,-0.0006271546,0.36949006,-0.00023562455,-9.008335e-06
1714,2023-03-28 00:00:00+03:00,-0.4649335,0.03545591,222.89198,0.5696839,50582.242,5595.5103,58061.12,4595.5103,4.7446165,8.543516e-05,0.99741066,6.609256e-05,0.35031196,,,,,,7.836547e-05,3.0417665e-05,4.262266e-05,0.00017354618,22778.217,0.17795967,223.80447,0.00093232014,0.39372858,0.00027766242,6.1490755e-05
1715,2023-03-29 00:00:00+03:00,-1.1504303,0.03226545,195.50993,0.5503612,77268.32,2275.9746,87131.02,1333.0613,8.937589,6.3445113e-06,1.2595683,-1.0271734e-05,0.28670502,,,,,,6.529165e-05,2.1914948e-05,4.221393e-05,0.00014341983,22166.14,0.20400222,224.09586,0.0003006555,0.5322672,0.00014439855,3.3235847e-05
1716,2023-03-30 00:00:00+03:00,-0.5007187,0.034075424,271.34198,0.9832331,88546.086,1099.5444,98271.45,237.44,10.555776,,,,,,,,,,9.157082e-05,,4.3341708e-05,0.00018446593,19682.676,0.1786562,221.95642,,,,
1717,2023-03-31 00:00:00+03:00,-0.38243198,0.03634417,897.06256,1.0,85262.01,1326.1956,95453.41,398.78082,43.10864,,,,,,,,,,0.000100758174,,4.364964e-05,0.00019164351,22105.348,0.16778308,223.11996,,,,
1718,2023-04-01 00:00:00+03:00,-0.34185663,0.03448168,661.5844,1.0,79256.44,1935.5825,89390.45,965.33276,48.27859,,,,,,,,,,0.000119732664,,4.4063338e-05,0.00017344143,22114.469,0.16362448,223.69653,,,,
1719,2023-04-02 00:00:00+03:00,-0.07146654,0.0342523,242.4183,0.017345617,62995.234,4066.7705,71849.55,3066.7705,3.9759893,0.00011117055,0.8707454,7.801353e-05,0.02906246,1868.6005,2999.9993,0.037274696,1882.6211,2.7288756,6.792368e-05,2.1394859e-05,4.6528818e-05,0.00017086163,22180.479,0.17874958,222.74313,0.0007099833,0.27529314,0.00019444055,2.164315e-05
1720,2023-04-03 00:00:00+03:00,-0.68950546,0.0321043,362.24454,0.27691013,77668.59,2324.6438,87103.2,1422.0483,5.6715026,4.8787406e-05,0.90158486,2.157007e-05,0.23130694,,,,,,7.829527e-05,3.4766486e-05,4.2901374e-05,0.00017886708,22210.11,0.20184425,223.39052,0.0039429823,0.23253122,0.0005828092,8.181437e-05
1721,2023-04-04 00:00:00+03:00,-0.6309308,0.03315808,447.1704,0.9440898,72646.766,2767.1274,82672.84,1769.7289,13.006847,8.2803435e-06,1.4281751,-3.876911e-06,0.46046233,,,,,,7.550095e-05,,4.7932703e-05,0.00017693797,22190.93,0.20263404,222.82788,,,,
1722,2023-04-05 00:00:00+03:00,-0.6815639,0.035925996,300.73596,0.71016634,91064.63,972.46387,99138.39,267.41473,8.671437,-4.721091e-06,1.147129,-8.335904e-06,0.39387327,,,,,,8.021644e-05,3.76398e-05,5.063291e-05,0.00019555615,22188.945,0.17929122,223.09921,0.0016682334,0.18142445,0.00030265836,2.9788556e-05
1723,2023-04-06 00:00:00+03:00,-0.060407445,0.03743136,764.2025,,,,,,,,,,,,,,,,8.210198e-05,,4.777447e-05,0.00020193352,19293.125,0.15982828,222.31969,,,,
1724,2023-04-07 00:00:00+03:00,-0.35435152,0.03848574,716.21606,0.10049681,79165.27,2181.76,88939.56,1224.9313,5.0290575,0.00012853983,0.84566885,9.238983e-05,0.08875828,1856.2036,3000.017,0.05500193,1871.3171,3.0211396,8.792886e-05,3.7600927e-05,5.0920476e-05,0.00019860169,19293.137,0.16166826,221.56833,0.0006118876,0.29376143,0.00017105875,6.337863e-05
1725,2023-04-08 00:00:00+03:00,-0.3172454,0.035631496,773.75714,0.16589929,73801.44,2784.2212,83413.72,1791.8508,4.768415,0.00010818853,0.8348066,7.516596e-05,0.14303358,1853.618,3000.0117,0.06869538,1868.5739,2.820273,8.352307e-05,3.3881013e-05,4.9479e-05,0.00019136237,19299.352,0.1667782,222.42679,0.0013019802,0.29187575,0.00029834494,2.6128393e-05
1726,2023-04-09 00:00:00+03:00,-0.12290038,0.036455773,703.9458,0.16204888,74342.85,2723.4766,81931.62,1912.9758,3.700196,0.000104938656,0.9910145,8.928301e-05,0.15307043,1862.3641,3000.0054,0.04422994,1879.5299,3.4608085,8.014597e-05,2.755482e-05,5.2591146e-05,0.00020526844,19299.89,0.17244506,221.90509,0.0010706157,0.29884365,0.00024261983,1.602839e-05
1727,2023-04-10 00:00:00+03:00,-0.2991215,0.036312945,737.97656,0.29145992,80731.13,2026.096,90687.59,1066.6055,6.3211517,0.00011454313,0.93021965,8.974649e-05,0.13699031,1877.9747,3000.0034,0.028581537,1887.8762,2.1610641,8.781192e-05,3.7265254e-05,5.1099254e-05,0.00020057683,19298.484,0.17052665,222.51254,0.0003870867,0.29451215,8.892515e-05,1.6036764e-05
1728,2023-04-11 00:00:00+03:00,-0.52823776,0.037356816,842.6752,0.22726008,78887.97,2174.187,88667.125,1206.0,5.855006,0.000112876354,1.1047379,0.00010758541,0.21214518,1877.5049,3000.0056,0.03818546,1888.8898,2.3558846,8.3951054e-05,3.2386706e-05,5.1912055e-05,0.00019750537,19276.012,0.17713055,222.00742,0.00016147051,0.4690197,8.2598126e-05,1.58099e-05
1729,2023-04-12 00:00:00+03:00,-0.6124813,0.03520798,690.7654,0.6224021,61130.516,4108.086,69728.53,3108.086,8.806921,0.000105656734,0.82877433,7.386927e-05,0.3521461,,,,,,6.961817e-05,2.3059794e-05,5.232013e-05,0.00017650612,19269.602,0.17044276,222.97217,0.000420738,0.42948517,0.00017876459,6.9918624e-06
1730,2023-04-13 00:00:00+03:00,-0.6153328,0.035889026,820.4961,0.9894116,55423.773,4871.2266,63197.93,3871.2266,14.062762,,,,,,,,,,9.796478e-05,,5.199232e-05,0.0001521439,19266.049,0.17213827,223.6105,,,,
1731,2023-04-14 00:00:00+03:00,-1.351189,,,0.6657199,72183.37,2815.3013,82091.086,1816.8232,15.20849,9.29409e-05,1.0005866,7.855772e-05,0.23490691,,,,,,8.303459e-05,3.5358647e-05,5.5486697e-05,0.0001651354,19280.564,0.16388135,225.4621,0.00012623757,0.49271768,5.7007463e-05,1.15368575e-05
1732,2023-04-15 00:00:00+03:00,-0.7163829,0.033877365,750.43146,0.35979316,72123.87,2885.5732,81309.89,1931.3096,7.0665574,0.00011716246,0.9057312,8.500128e-05,0.29094574,,,,,,9.4334966e-05,3.907796e-05,5.498454e-05,0.00021076415,17222.678,0.17171356,223.94016,0.00046050682,0.3011705,0.00012572604,2.5047859e-05
1733,2023-04-16 00:00:00+03:00,-0.48069328,,,0.999999,79839.51,2032.949,90459.05,1032.9491,34.07898,,,,,,,,,,0.00011709142,,4.925555e-05,0.00018217537,19291.844,0.17097111,224.92252,,,,
1734,2023-04-17 00:00:00+03:00,-0.5385661,,,0.9971272,90374.336,1082.6013,100988.72,150.89188,18.107723,,,,,,,,,,7.9655554e-05,,5.0096533e-05,0.00017436527,19302.477,0.16968092,224.94345,,,,
1735,2023-04-18 00:00:00+03:00,-0.58847237,0.034430195,665.7221,0.2338276,69156.11,3325.2883,78459.17,2332.2324,7.036289,9.797976e-05,0.93974185,7.009324e-05,0.1713755,,,,,,0.00010468341,5.1640272e-05,5.3026095e-05,0.00020054012,19910.797,0.1744462,225.018,0.0005232092,0.3279708,0.00015091967,2.5393167e-05
1736,2023-04-19 00:00:00+03:00,-0.34720972,0.03594134,684.1847,0.12973785,86022.31,1501.1084,96570.375,544.63403,7.464876,7.393055e-05,0.9523151,5.220946e-05,0.0866998,1851.1024,3000.0046,0.032416247,1867.0012,2.7857282,9.11185e-05,3.9849514e-05,5.2511627e-05,0.00021332163,19133.203,0.18547736,225.33879,0.0012141316,0.3603887,0.00032133085,6.2882784e-05
1737,2023-04-20 00:00:00+03:00,-0.15912364,0.03459607,541.5298,0.09677822,83519.59,1718.7076,88953.266,1219.9427,3.011939,0.00010533752,1.0322083,9.3728275e-05,0.11179979,1867.6498,3000.0215,0.05183854,1879.1659,2.3582122,8.989421e-05,3.5124733e-05,5.4769473e-05,0.0002117008,16720.254,0.15618667,225.18674,0.00071405084,0.35544837,0.00022966019,6.1651706e-05
1738,2023-04-21 00:00:00+03:00,-0.33796775,0.03524378,811.4153,0.07618167,85426.27,1518.1188,94394.82,681.37067,5.8870397,9.0661095e-05,0.999365,6.9675436e-05,0.07312832,1830.9867,3000.1472,0.13868864,1843.6987,2.6373563,8.179296e-05,2.6839667e-05,5.49533e-05,0.00018945942,16712.297,0.15261576,226.42722,0.00040833955,0.2926674,0.000113380185,2.2803497e-05
1739,2023-04-22 00:00:00+03:00,-0.2276101,0.034904562,615.39636,0.012273326,86234.95,1444.1481,94984.32,613.4429,6.4967237,6.7950845e-05,0.9858149,4.48091e-05,0.019826952,1866.9191,3000.0024,0.020489257,1879.0299,2.3794205,7.8308134e-05,2.3088262e-05,5.5219884e-05,0.00018475464,16705.332,0.15034118,227.75977,0.00017377487,0.32963735,5.8122532e-05,8.560636e-06
1740,2023-04-23 00:00:00+03:00,-0.277433,0.036072295,671.9137,0.010653047,81325.28,1890.021,90937.305,952.1405,7.4630895,0.000110786605,0.89738256,7.36338e-05,0.014535017,1859.6758,3000.0376,0.04030264,1871.2297,2.293953,8.939834e-05,3.1176693e-05,5.8221645e-05,0.00020240247,16700.434,0.15164308,228.33984,0.00019553413,0.32403296,6.064672e-05,7.0104704e-07
1741,2023-04-24 00:00:00+03:00,-0.48605227,0.033803985,1046.144,0.89858925,68352.305,3213.9414,77531.41,2213.9414,14.624985,,,,,,,,,,8.532569e-05,,5.582514e-05,0.00019108976,16695.44,0.15755966,228.88843,,,,-7.869004e-06
1742,2023-04-25 00:00:00+03:00,-0.35476378,0.033895157,1008.70636,0.57439506,70562.65,2929.0083,79966.82,1935.0339,10.921002,0.00017286045,0.8739143,0.00011675898,0.37131444,,,,,,8.9681525e-05,2.5682773e-05,6.317948e-05,0.00023152908,20108.86,0.17319238,228.8772,-0.00018904207,0.631543,-0.0001262473,-3.7571437e-05
1743,2023-04-26 00:00:00+03:00,-0.40437192,0.03640859,836.113,1.0,75763.33,2349.6443,85753.53,1349.7164,46.959553,,,,,,,,,,9.527783e-05,,5.8592064e-05,0.00019450088,22127.812,0.16092545,230.07169,,,,
1744,2023-04-27 00:00:00+03:00,-0.5902758,0.031193454,367.38385,0.57619643,74125.15,2540.6694,84104.44,1548.8253,10.906065,3.99711e-05,1.0376602,2.4545145e-05,0.19970663,,,,,,7.726335e-05,1.7334181e-05,6.553985e-05,0.00019993371,23515.6,0.17866765,229.6578,0.00032647199,0.45452538,0.00013026418,3.2681724e-05
1745,2023-04-28 00:00:00+03:00,-0.7793703,0.02956764,451.96985,0.64653194,75216.92,2461.546,85305.61,1475.5923,13.926329,1.1705679e-05,1.1863182,-1.7531e-05,0.30746567,,,,,,8.184429e-05,1.9151656e-05,6.359651e-05,0.00020082502,24290.545,0.18306534,230.41428,0.00033451003,0.420423,0.00013731208,9.570664e-06
1746,2023-04-29 00:00:00+03:00,-0.49312457,0.03284455,551.5644,0.31948373,65199.836,3600.5762,74149.55,2602.0627,9.180456,7.8070094e-05,0.8264488,3.918677e-05,0.24146178,,,,,,8.403473e-05,2.0154726e-05,6.456603e-05,0.00020475948,22170.613,0.17408907,229.66655,0.00089979323,0.2296868,0.00019265918,-1.675324e-05
1747,2023-04-30 00:00:00+03:00,-0.84394056,0.031643223,429.2963,0.16957861,79713.03,1979.7423,90310.22,981.34973,11.899448,4.6747027e-05,0.9425261,2.4908257e-05,0.10951066,1839.4246,3000.0068,0.04755905,1858.2756,3.1205738,8.019056e-05,1.09816965e-05,6.8760135e-05,0.00017631869,22987.129,0.18411385,229.89584,0.0006883215,0.44576934,0.00027991648,0.0001433982
1748,2023-05-01 00:00:00+03:00,-0.6530168,0.031799003,483.1741,0.88184845,72499.836,2785.0767,82054.78,1785.0767,22.218433,3.721895e-05,0.9181037,2.122897e-06,0.4039164,,,,,,9.230031e-05,3.3884993e-05,6.311803e-05,0.00020456413,22172.527,0.1773316,228.0878,-0.00027104752,0.28915885,-8.22823e-05,9.681546e-06
1749,2023-05-02 00:00:00+03:00,-0.8601827,0.031155776,1234.1787,0.7202771,62997.5,3864.7983,71775.53,2864.7983,23.0775,0.00010822048,0.8597666,5.855785e-05,0.3153187,,,,,,8.957482e-05,2.3537308e-05,6.273249e-05,0.00020252791,22144.793,0.17585793,229.32037,-0.00020842603,0.40745443,-8.451972e-05,-6.6006096e-06
1750,2023-05-03 00:00:00+03:00,-0.83333266,0.030810736,528.33496,0.62317806,75927.516,2451.126,86052.17,1457.4221,13.435857,2.439197e-05,0.9885365,8.655956e-06,0.23652944,,,,,,7.630843e-05,5.924322e-06,6.918082e-05,0.00020351302,23071.84,0.17899679,230.26956,-0.00011318976,0.56570405,-4.9764243e-05,3.1285264e-05
1751,2023-05-04 00:00:00+03:00,-0.4791063,0.032100774,401.95117,0.0019768875,86014.72,1524.7225,93958.42,777.7632,5.389472,7.8900084e-05,0.8652134,4.3192675e-05,0.0038235448,1856.9486,3000.0083,0.046810705,1871.2012,2.9572198,8.466338e-05,1.7114911e-05,6.754846e-05,0.0002138163,23067.746,0.1797598,229.64896,0.00027244928,0.42405486,0.000110660694,2.4667766e-05
1752,2023-05-05 00:00:00+03:00,-0.92561007,0.03277285,356.22504,0.1427945,86760.734,1433.44,96135.72,590.1356,9.176115,4.9499908e-05,0.9528189,1.6012797e-05,0.0990405,1842.2634,3000.021,0.06404155,1858.8342,3.1982198,9.119736e-05,2.1302152e-05,6.732404e-05,0.00022492328,24064.715,0.18464129,230.07062,0.0011796567,0.3701295,0.00031437946,7.1652605e-05
1753,2023-05-06 00:00:00+03:00,-0.100121215,0.032367565,332.8659,0.06509998,94244.91,738.42816,100007.85,244.79182,8.020534,7.5431e-05,0.9442558,4.5766585e-05,0.08120094,1843.9812,3000.0525,0.07814901,1856.7242,2.474103,9.701024e-05,2.7102455e-05,6.990778e-05,0.00023482554,22224.48,0.18212444,228.26302,0.00069096196,0.35443878,0.00022341934,3.7694965e-05
1754,2023-05-07 00:00:00+03:00,-0.41107947,0.032879155,446.2469,0.051851075,96945.29,543.0502,102886.3,13.195695,5.290653,1.1829004e-05,0.8755902,-1.519772e-05,0.044845216,1849.3428,3000.0303,0.042088583,1861.2041,2.3905573,9.36024e-05,2.1334341e-05,7.2268056e-05,0.00022696843,22226.434,0.1822457,228.88208,0.00058414263,0.37354827,0.0001943354,7.061974e-05
1755,2023-05-08 00:00:00+03:00,-0.57937205,0.034216873,593.9526,0.092281066,69422.98,3449.5908,77658.89,2534.0532,8.650109,9.4079005e-05,0.9537316,5.942747e-05,0.07234399,,,,,,0.00010768137,3.6223075e-05,7.14583e-05,0.00023732687,19147.68,0.17733136,228.06796,0.00024498333,0.37132192,8.677861e-05,-2.4196834e-06
1756,2023-05-09 00:00:00+03:00,-0.41944093,0.035697944,562.246,0.0011865245,70375.53,3288.5068,79711.89,2288.5068,6.7068214,9.424893e-05,0.8532399,5.340857e-05,0.005116649,,,,,,0.00010376024,3.5019882e-05,6.8740366e-05,0.00023388233,17842.744,0.17186075,228.46591,0.00030018698,0.3401611,9.8919394e-05,8.430932e-06
1757,2023-05-10 00:00:00+03:00,-0.3676881,0.0324717,671.7228,0.005715459,72253.83,2950.2693,81687.35,1950.2692,7.827645,7.576819e-05,0.8896225,4.0458017e-05,0.0058178594,1851.4677,3000.0588,0.18513346,1868.6409,3.9494138,0.00010225874,3.5332647e-05,6.692609e-05,0.00024019784,16716.488,0.16150352,228.99814,0.00062125764,0.35370338,0.00018701571,3.132177e-05
1758,2023-05-11 00:00:00+03:00,-0.28328395,0.03390404,730.5938,0.17436753,76692.516,2503.8777,86390.82,1524.7495,8.527117,4.5978835e-05,0.9326561,1.6463013e-05,0.17002708,,,,,,0.0001046856,3.565449e-05,6.904678e-05,0.00025023834,16717.512,0.1634911,228.60672,0.0009204575,0.32949656,0.00023813806,3.6361278e-05
1759,2023-05-12 00:00:00+03:00,-0.57968456,0.033486687,810.3689,0.15233447,79523.8,2239.7214,88551.0,1348.153,7.5774956,7.68726e-05,1.0673378,4.5580422e-05,0.111061715,1867.3268,3000.203,0.05839162,1879.1227,2.1203818,0.00011663142,5.047724e-05,6.628865e-05,0.00024445346,16720.188,0.16654694,229.15077,0.00020195407,0.431866,7.00633e-05,1.50438555e-05
1760,2023-05-13 00:00:00+03:00,-0.67827237,0.03405191,695.77277,0.05590445,84217.91,1773.879,92593.33,963.6214,5.3855624,9.751773e-05,0.9024303,5.9123657e-05,0.03227492,1866.1838,3000.0034,0.021911994,1882.3019,2.661821,9.610677e-05,2.8504885e-05,6.766574e-05,0.00022099496,16720.424,0.16227555,229.55052,0.00018653998,0.42233592,7.4703334e-05,2.2386108e-05
1761,2023-05-14 00:00:00+03:00,-0.56216854,0.032393225,646.4367,0.0,,,,,,0.00011627408,0.89650536,7.4677424e-05,0.0,1880.3804,2999.999,0.017722351,1894.7373,2.440477,9.108511e-05,2.4317944e-05,6.676717e-05,0.00021276466,16716.928,0.16188422,230.26266,0.00019355032,0.43641752,8.3369036e-05,1.3762749e-05
1762,2023-05-15 00:00:00+03:00,-0.68819296,0.032008104,1195.6166,0.30326313,42741.11,7183.5234,48909.0,6185.6396,9.6430855,0.00012586458,0.7050644,5.3022224e-05,0.25238326,,,,,,9.20256e-05,2.1505055e-05,7.000881e-05,0.00022031547,18735.172,0.16677421,230.09898,0.00025342114,0.45420122,8.097872e-05,-6.0895286e-06
1763,2023-05-16 00:00:00+03:00,-0.34960848,0.028058734,1322.6426,1.0,71704.27,2833.5215,81082.85,1833.5216,61.86925,,,,,,,,,,8.8032866e-05,,6.377113e-05,0.00017766573,19255.846,0.17080641,231.322,,,,
1764,2023-05-17 00:00:00+03:00,-0.5490217,0.031664655,1234.5247,0.8127663,57978.047,4598.4224,65865.0,3599.268,10.751799,0.00011555171,1.001916,8.173781e-05,0.268633,,,,,,9.679345e-05,3.825671e-05,6.4479784e-05,0.00021203418,16936.281,0.16113879,228.25389,4.726508e-05,0.44776976,3.205288e-05,2.9134555e-06
1765,2023-05-18 00:00:00+03:00,-0.40094823,0.03469438,507.87994,0.21263123,78754.17,2250.3096,88681.05,1286.9441,7.43236,3.9817704e-05,1.0918007,5.6750164e-06,0.08865686,1846.1388,3000.0327,0.06165468,1864.8983,3.0658395,8.727818e-05,1.5770234e-05,7.188195e-05,0.00022153294,18214.707,0.1631211,230.6969,0.00017002641,0.56699467,0.00010152122,2.6584807e-05
1766,2023-05-19 00:00:00+03:00,-0.40821713,0.03408756,662.5249,0.025345698,49830.176,6388.9873,56768.508,5400.61,7.8271914,6.3713225e-05,0.8792945,1.9002695e-05,0.024768729,1845.5884,3000.0154,0.03968119,1871.7198,4.074805,8.7741064e-05,1.5887705e-05,7.185336e-05,0.00021661303,19311.46,0.1608825,230.77573,0.00017527366,0.34353533,5.9475933e-05,5.263912e-06
1767,2023-05-20 00:00:00+03:00,-0.320317,0.036408976,697.29065,0.0,,,,,,5.249583e-05,0.8140574,6.222105e-06,0.0,1861.8484,3000.021,0.031119235,1878.8826,2.7845626,8.828798e-05,1.898886e-05,6.929913e-05,0.00021796182,19312.64,0.15342034,230.40402,9.012876e-05,0.2909246,2.3235436e-05,-3.450445e-05
1768,2023-05-21 00:00:00+03:00,-0.3438727,0.03730943,790.4384,0.0,,,,,,8.819546e-05,0.84415114,3.6179554e-05,0.0,1861.4819,3000.153,0.048111033,1873.6085,2.2998025,8.674455e-05,2.287293e-05,6.3871616e-05,0.00021660354,16719.482,0.1561502,230.33926,0.0009950973,0.31334397,0.00024270937,6.685367e-05
1769,2023-05-22 00:00:00+03:00,0.093494736,0.033245977,820.2853,0.24814041,84236.34,1670.7021,93307.67,808.7977,9.010271,8.246969e-05,1.0953882,5.1443094e-05,0.15049994,1835.8821,3000.2793,0.07715893,1854.3341,3.184352,0.00010597063,3.6512236e-05,6.7391156e-05,0.00023725943,21667.432,0.1639281,228.75423,0.00022924127,0.45058882,7.6146374e-05,-3.2725256e-05
1770,2023-05-23 00:00:00+03:00,-0.59651744,0.034143563,839.99976,0.41601816,78014.78,2268.8862,87802.94,1292.9099,10.327587,0.00013275098,1.0646533,0.00010266914,0.23995969,,,,,,9.544257e-05,2.9326158e-05,6.872207e-05,0.00021968095,19276.691,0.16329455,229.39693,0.00024094616,0.4187818,9.1521564e-05,1.0083366e-05
1771,2023-05-24 00:00:00+03:00,-0.79068387,0.032868743,936.9442,0.48178744,73835.04,2753.6465,83101.484,1781.6152,11.382877,9.685963e-05,1.043936,6.3810774e-05,0.16418391,,,,,,9.098758e-05,2.59363e-05,6.74894e-05,0.00021604975,19281.277,0.15736364,232.14769,-5.0234357e-05,0.5854151,-2.515144e-05,4.1366447e-06
1772,2023-05-25 00:00:00+03:00,-0.717921,0.0333687,1391.2489,0.8830044,52611.227,5392.7236,59914.93,4392.7236,12.942765,,,,,,,,,,8.841672e-05,,6.1498205e-05,0.00018665401,16707.201,0.14940843,231.96857,,,,
1773,2023-05-26 00:00:00+03:00,0.6323881,0.05174218,793.7278,0.30805668,64280.184,4096.3945,72794.375,3102.2605,9.514561,5.8673388e-05,1.0364735,2.0810885e-05,0.19762447,,,,,,8.167201e-05,1.3412478e-05,6.920454e-05,0.00021440533,19280.47,0.15618585,232.26753,0.0006047179,0.383102,0.00014078463,4.721188e-06
1774,2023-05-27 00:00:00+03:00,0.18145065,0.037492838,669.06854,0.09904813,87993.19,1397.8784,94762.164,740.37274,6.7344255,2.8945358e-05,0.9769412,-2.8349623e-06,0.09726208,1845.5526,3000.7805,0.12334209,1859.7113,2.863426,8.451118e-05,1.345411e-05,7.105707e-05,0.00022604622,19300.266,0.16764078,230.71762,0.00057171454,0.34292507,0.00015362319,1.0119179e-05
1775,2023-05-28 00:00:00+03:00,0.23035055,0.04037519,834.3181,0.07018436,91079.58,986.1256,97820.28,366.0343,5.699341,7.1445436e-05,1.0907625,3.8871796e-05,0.073111445,1853.7732,3000.5378,0.060694292,1870.2592,2.7467706,,,,,,0.16315675,229.80913,8.542124e-05,0.4185964,1.7796921e-05,-1.3741985e-06
1776,2023-05-29 00:00:00+03:00,-0.8572013,0.03199902,921.61945,0.38312325,74387.77,2695.228,83625.69,1734.0402,9.605528,5.198888e-05,0.96642226,1.4365288e-05,0.20808056,1850.1464,3000.0266,0.036898967,1876.4214,4.338671,,,,,,0.17091395,230.03662,0.00031174842,0.40785143,0.00013005208,1.4718855e-05
1777,2023-05-30 00:00:00+03:00,-0.12266047,0.033103153,626.437,0.12762925,86483.195,1428.3473,95369.07,606.8314,11.153299,5.4384578e-05,1.002672,1.3281843e-05,0.069759645,1864.26,3000.0107,0.033162765,1880.0321,2.7854962,9.0973066e-05,1.72232e-05,7.371033e-05,0.00019846392,19285.898,0.16964419,233.67282,7.49284e-05,0.41181538,2.7330614e-05,-9.389496e-06
1778,2023-05-31 00:00:00+03:00,0.45677078,0.035858408,915.1582,0.0,,,,,,8.2824045e-05,0.94824827,4.6944446e-05,0.0,1853.8707,3000.4932,0.09054149,1867.8635,2.8187473,9.231491e-05,1.8135717e-05,7.4179196e-05,0.00018703146,19275.799,0.16382328,232.44531,0.0006238024,0.3515648,0.00020536013,4.9529845e-05
1779,2023-06-01 00:00:00+03:00,-0.3636142,0.054143652,909.2436,0.8117275,79189.875,2087.233,89204.64,1094.5822,13.679033,-2.1526716e-06,1.5689167,-3.5188135e-05,0.39903414,,,,,,7.823955e-05,,6.993443e-05,0.00016612394,19268.654,0.16570854,232.61156,,,,
1780,2023-06-02 00:00:00+03:00,-0.09838352,0.025263648,601.051,0.5573186,85224.64,1486.9598,95643.59,540.8447,14.475012,3.757795e-05,1.2763267,2.0509282e-05,0.23527789,,,,,,8.9180845e-05,8.847897e-06,8.0324964e-05,0.00023724562,24567.21,0.18637066,231.11572,3.1968484e-05,0.5457666,4.509003e-06,-1.8000064e-06
1781,2023-06-03 00:00:00+03:00,-0.36352587,0.034702327,562.9731,0.0915752,86937.234,1389.0355,96166.95,548.4193,7.6404123,2.3721432e-05,1.0724671,6.9118323e-07,0.06592924,1815.6753,3000.0864,0.067815356,1837.3513,3.6031077,,,,,,0.17965715,230.95338,0.0001950186,0.4741503,7.888614e-05,1.7192613e-05
1782,2023-06-04 00:00:00+03:00,-0.3968172,0.032946818,1179.168,0.9916837,72978.33,2762.1748,82751.805,1762.1748,38.540787,0.00030089117,0.8322105,0.00022839854,0.5177246,,,,,,8.82084e-05,,6.85812e-05,0.0001958577,22176.982,0.17295404,233.13412,,,,-1.8909821e-05
1783,2023-06-05 00:00:00+03:00,-0.32289815,0.031171057,913.13086,0.0,,,,,,4.4408967e-05,0.9970674,1.596983e-05,0.0,1857.9844,3000.0088,0.028040225,1870.8389,2.3969903,8.963011e-05,1.6985947e-05,7.2644165e-05,0.00018781757,19292.629,0.16101694,233.23112,0.00028570474,0.39136955,0.00010505233,3.1131065e-05
1784,2023-06-06 00:00:00+03:00,-0.18519887,0.030838115,920.74255,0.0,,,,,,8.0879545e-05,0.8826927,4.1743107e-05,0.0,1858.6707,3000.0857,0.0378314,1872.4751,2.4350317,8.91528e-05,1.7060032e-05,7.209277e-05,0.00017972161,19288.156,0.15962656,233.52167,0.00070592953,0.4133577,0.00025550975,7.492666e-05
1785,2023-06-07 00:00:00+03:00,0.10792587,0.03407124,1081.0398,0.08186638,81828.84,1934.7748,90435.17,1095.7527,7.882606,6.984916e-05,1.054245,4.4896045e-05,0.08753392,1858.6758,3000.3376,0.04087658,1876.3337,2.7576005,9.3434144e-05,2.3631419e-05,6.980273e-05,0.00023812082,16711.75,0.16278605,231.1084,0.000236922,0.4087096,9.134617e-05,-5.0388453e-06
1786,2023-06-08 00:00:00+03:00,-0.39202124,0.030959208,921.5684,0.12857133,89498.805,1141.9055,98793.3,269.33347,9.173298,6.3549654e-05,1.0687697,3.523776e-05,0.09303131,1844.4882,3000.1868,0.0351902,1862.2681,2.700003,9.679468e-05,2.3560293e-05,7.323438e-05,0.00023358475,16708.309,0.16275875,233.45766,-2.8125622e-05,0.48781285,-1.991526e-05,-1.364524e-05
1787,2023-06-09 00:00:00+03:00,-0.37211353,0.034554005,538.9275,0.0,,,,,,4.8977796e-05,0.8230715,4.923001e-06,0.0,1867.6951,3000.0596,0.032728996,1884.6434,2.7597728,9.363794e-05,2.1835353e-05,7.1802584e-05,0.00021642828,17820.61,0.16234025,233.81702,0.00017066055,0.36735317,6.350086e-05,9.894306e-06
1788,2023-06-10 00:00:00+03:00,-0.33011717,0.03367836,551.1519,0.0,,,,,,6.2937645e-05,0.78278947,1.2035287e-05,0.0,1850.425,3000.0562,0.036905803,1866.062,2.6839266,9.399998e-05,1.6505288e-05,7.74947e-05,0.0002239591,22209.756,0.16851342,233.6431,0.00021956045,0.31967348,6.2691775e-05,-9.656891e-06
1789,2023-06-11 00:00:00+03:00,-0.332487,0.032814763,588.84216,0.0,,,,,,2.4936196e-05,0.7673892,-1.9120345e-05,0.0,1885.3829,3000.001,0.020111969,1898.4081,2.3160448,8.750972e-05,1.3860737e-05,7.364899e-05,0.00022340726,19169.797,0.16062033,233.36882,0.0007133593,0.32372913,0.0001954945,2.8159537e-05
1790,2023-06-12 00:00:00+03:00,-0.49370494,0.03167206,728.5149,0.064422876,91567.586,973.9785,97796.76,426.71646,6.3474073,6.673101e-05,0.98923194,2.6369904e-05,0.07660775,1872.4454,3000.04,0.025541328,1887.2439,2.4494064,9.333005e-05,1.6503753e-05,7.682629e-05,0.00024485632,19300.863,0.16665389,232.43695,0.0004395587,0.4082482,0.00016162758,1.0172377e-05
1791,2023-06-13 00:00:00+03:00,0.02146169,0.03257087,798.8557,0.08727852,85701.875,1510.6091,95040.43,657.3279,6.093333,0.00012241297,1.0175791,8.00953e-05,0.06880908,1877.8138,3000.0684,0.028125986,1897.1775,2.9962516,9.0386806e-05,1.43544075e-05,7.603239e-05,0.00022327385,19289.012,0.16397406,231.53235,1.0040501e-05,0.5066136,6.411313e-06,-1.3966134e-05
1792,2023-06-14 00:00:00+03:00,-0.094668604,0.03564036,848.1255,0.18312965,57291.11,5082.19,65065.094,4087.549,7.393363,0.000117097974,0.7762468,5.2883155e-05,0.13135225,1860.2206,3000.1814,0.05277425,1876.6392,2.5896924,9.640708e-05,2.4090645e-05,7.1564275e-05,0.0002194969,17362.838,0.16141601,230.99702,0.00017073077,0.38201335,5.768922e-05,-9.166287e-06
1793,2023-06-15 00:00:00+03:00,-0.6594906,0.032886967,1308.8909,0.049538694,58641.824,4969.7686,65373.03,4069.8496,9.095591,0.00012298208,0.9879575,8.867737e-05,0.045676794,1860.6262,3000.1807,0.041799195,1882.1019,3.2164178,9.6019474e-05,2.4721481e-05,7.143135e-05,0.00022015764,18261.04,0.15542313,234.2827,7.424623e-05,0.5418365,4.0955303e-05,6.9631915e-06
1794,2023-06-16 00:00:00+03:00,-0.71518815,0.02960848,1473.031,0.19177462,73361.41,2894.0945,81684.33,1992.9099,10.323006,0.00012383967,0.98714703,9.0422865e-05,0.1619214,,,,,,0.00010143724,2.9837569e-05,7.074732e-05,0.00023314454,19274.059,0.15780926,234.09961,-3.1617823e-05,0.5763645,-2.7200345e-05,-4.5770594e-05
1795,2023-06-17 00:00:00+03:00,-1.0864284,0.02603259,2280.1572,1.0,56431.68,4877.649,64035.277,3877.6487,21.63049,,,,,,,,,,9.145486e-05,,6.1868916e-05,0.00014949079,16701.637,0.14851917,234.23117,,,,
1796,2023-06-18 00:00:00+03:00,-0.41217217,0.02505723,1509.1556,1.0,46077.215,6699.2593,52446.613,5699.2593,63.85866,,,,,,,,,,8.674544e-05,,6.5454464e-05,0.00022410064,16704.549,0.15051977,233.02348,,,,
1797,2023-06-19 00:00:00+03:00,-0.6851454,0.035844296,1963.5466,0.6867806,59858.246,4461.6357,67901.2,3461.6357,8.224848,0.00020816893,0.848351,0.00013815539,0.4374178,,,,,,9.0748916e-05,1.667092e-05,7.1577466e-05,0.0002091875,16705.195,0.15032879,234.0616,,,,-8.7013395e-06
1798,2023-06-20 00:00:00+03:00,-1.0745062,0.035319112,1803.9668,0.24377133,79070.68,2265.5679,88148.1,1339.446,7.198702,0.00017568338,1.1120497,0.0001467511,0.16294606,,,,,,9.864192e-05,2.4855723e-05,7.4177595e-05,0.00022866309,16706.73,0.14653206,233.53455,4.490652e-05,0.5635654,1.3929091e-05,8.98323e-06
1799,2023-06-21 00:00:00+03:00,-0.6553513,0.036872156,1843.0928,0.14220671,78363.7,2346.371,87223.72,1437.4766,8.09638,0.0001721173,1.0641162,0.00013907737,0.11736409,,,,,,0.000103920895,3.3795048e-05,7.0431044e-05,0.00023650593,16707.336,0.14606789,234.90353,1.2561239e-05,0.49113858,-1.696897e-06,-9.388218e-06
1800,2023-06-22 00:00:00+03:00,-0.4968295,,,1.0,87663.336,1278.5259,97679.766,329.96008,33.637356,,,,,,,,,,8.490724e-05,,6.2810665e-05,0.00021698157,16702.078,0.14812118,235.3382,,,,
1801,2023-06-23 00:00:00+03:00,-0.094480485,0.036437925,2008.751,0.57042193,50067.812,5843.0005,56915.375,4843.0005,8.10861,0.00012562299,0.91547555,7.0085356e-05,0.30867133,,,,,,9.4611954e-05,1.7389495e-05,7.369602e-05,0.00023300819,15348.407,0.14392765,233.165,0.00019117573,0.39059973,6.011396e-05,-1.8866884e-05
1802,2023-06-24 00:00:00+03:00,0.36437684,0.039139986,1354.5657,0.050360102,78097.82,2417.0674,86591.6,1544.8922,6.7618566,-2.2765976e-06,0.9935899,-4.2660504e-05,0.048566744,1842.677,3000.3984,0.045376007,1861.5238,2.8249629,8.8995366e-05,1.3156877e-05,7.5838485e-05,0.0002158146,19279.93,0.15001924,232.75249,0.00015513465,0.40936065,5.4856027e-05,7.634536e-06
1803,2023-06-25 00:00:00+03:00,-0.78872705,0.033260997,1876.6862,0.5963776,49708.812,6007.9805,56606.523,5015.18,23.697071,4.78231e-05,0.9041748,-1.3852421e-06,0.1778132,,,,,,9.3864204e-05,1.3053237e-05,7.500782e-05,0.00021596464,22167.695,0.15436244,233.28279,-6.0565133e-05,0.42436084,-2.8556766e-05,2.397356e-05
1804,2023-06-26 00:00:00+03:00,-0.93448794,0.030248873,1472.9592,0.37331134,74409.31,2637.0508,83584.06,1673.2434,12.098833,0.000100213365,1.1879414,7.450518e-05,0.17545494,1824.0615,3000.0513,0.038414165,1855.7103,5.394468,0.00010611261,3.300584e-05,7.195087e-05,0.00024049784,22155.996,0.16451603,235.51266,0.00012557568,0.6481682,8.134243e-05,3.608611e-05
1805,2023-06-27 00:00:00+03:00,-0.55039823,0.035513792,1528.8922,0.50878286,78160.53,2200.1467,87985.234,1213.5795,14.134873,5.1217066e-05,1.5549382,1.9636647e-05,0.29511958,,,,,,8.834483e-05,2.1793185e-05,7.278234e-05,0.00022901804,19257.322,0.15203668,235.56015,-1.2530203e-05,0.8705528,-3.2397606e-05,-8.581644e-06
1806,2023-06-28 00:00:00+03:00,-0.46094322,0.03731906,1461.2163,0.28662273,82034.68,1821.6831,90839.78,951.8778,9.946234,0.000116154566,1.1857367,8.782109e-05,0.17508489,1845.684,3000.0024,0.046904545,1870.9677,3.8847675,0.00010215561,2.3327953e-05,7.8688805e-05,0.00025574028,19258.855,0.15560707,235.12009,0.00020532608,0.6179292,0.0001133225,-1.4957026e-05
1807,2023-06-29 00:00:00+03:00,-0.17881088,0.03221538,1474.6615,0.0551944,90892.17,912.4275,98976.35,170.39694,3.844083,8.763748e-05,1.1699076,5.585794e-05,0.04954086,1850.9645,3001.0288,0.04378229,1868.9575,2.8364167,0.00010218333,2.5660218e-05,7.652311e-05,0.00023660502,19257.236,0.1586134,233.54771,8.989053e-05,0.73578084,6.7347435e-05,2.8953142e-05
1808,2023-06-30 00:00:00+03:00,-0.6875257,0.035729907,1330.3164,0.082952835,79959.61,2009.0826,89371.0,1060.1681,6.2194166,6.1783336e-05,1.0549173,2.5465952e-05,0.030978994,1859.5093,3000.0955,0.026832,1874.4592,2.5503383,9.825488e-05,2.6167736e-05,7.183655e-05,0.00022443314,16693.535,0.15025885,233.12273,8.555289e-05,0.47766817,4.5802575e-05,1.2647229e-05
1809,2023-07-01 00:00:00+03:00,-0.68590164,0.034796536,805.33716,0.3305815,80512.69,1924.0471,90518.84,942.9748,11.325476,5.77967e-05,1.2227893,2.6381389e-05,0.19147342,,,,,,8.6654865e-05,9.825038e-06,7.658253e-05,0.00021578284,19242.793,0.15704174,236.01007,1.8659153e-05,0.5022694,7.494757e-06,1.1465128e-05
1810,2023-07-02 00:00:00+03:00,-0.41162264,0.031396925,2016.2153,0.9881822,72333.33,2757.3687,81577.44,1757.9076,33.72192,,,,,,,,,,8.314048e-05,,6.942495e-05,0.00024771827,19230.996,0.15727182,236.108,,,,
1811,2023-07-03 00:00:00+03:00,-1.3457918,0.031204289,1280.5626,0.55103934,71298.87,2900.193,80481.664,1905.6508,11.68344,1.3355014e-05,1.2550135,-2.554024e-05,0.27965653,,,,,,8.768283e-05,1.9774292e-05,7.1295624e-05,0.00017616671,22360.96,0.15796572,236.2731,-6.515607e-05,0.79927856,-4.10338e-05,2.1333095e-05
1812,2023-07-04 00:00:00+03:00,-0.036986794,0.042805947,1153.5729,0.99590594,68277.1,3235.726,77536.97,2235.726,30.473133,,,,,,,,,,7.853561e-05,,7.143251e-05,0.0002072907,20446.629,0.1559334,234.40083,,,,
1813,2023-07-05 00:00:00+03:00,-0.3661467,0.037417673,1075.7448,0.376997,86411.18,1409.2795,96244.96,486.30502,12.84558,3.7687696e-05,1.3298881,5.5443925e-06,0.20984745,,,,,,9.00256e-05,1.8919089e-05,7.164505e-05,0.0002189563,20471.193,0.15756686,233.2689,0.00021217228,0.6022165,9.1901646e-05,3.0574276e-05
1814,2023-07-06 00:00:00+03:00,-0.8040617,0.03590374,1879.0569,1.0,66576.75,3580.2036,75391.39,2580.2036,19.855736,,,,,,,,,,8.752357e-05,,6.45228e-05,0.00019068562,19272.855,0.15006384,235.94437,,,,
1815,2023-07-07 00:00:00+03:00,-0.6334597,0.030890193,1112.6257,0.4636128,77390.875,2350.5637,87246.56,1359.1829,16.052366,0.00010757822,1.0992298,6.0172257e-05,0.15195066,1882.5258,3000.0188,0.036897585,1902.8416,3.3006992,8.402709e-05,1.2120429e-05,7.4308286e-05,0.00022336846,19283.398,0.1551325,235.7717,3.3033546e-05,0.5838,1.125589e-05,-4.5302488e-07
1816,2023-07-08 00:00:00+03:00,-0.7038066,0.032850932,1400.9563,0.28899682,82054.42,1876.7338,91728.17,939.82074,11.380638,2.125993e-05,1.2893536,-2.0925863e-05,0.13910927,,,,,,8.545451e-05,9.650342e-06,7.676767e-05,0.00023731514,22173.635,0.15863678,236.45932,0.00029437235,0.70072,0.00016191723,3.291456e-05
1817,2023-07-09 00:00:00+03:00,0.050844103,0.029256957,1364.0933,0.022125494,75181.79,3209.2576,81542.81,2467.4568,7.896301,3.0704818e-05,1.0431265,-9.715964e-06,0.057215724,1881.2954,3000.0842,0.025539026,1896.6616,2.617067,9.503284e-05,1.9824467e-05,7.5208474e-05,0.00023442485,22175.844,0.1586814,232.78833,0.0001435571,0.4544806,7.132887e-05,-2.4715922e-05
1818,2023-07-10 00:00:00+03:00,-0.25532535,0.032288544,834.0974,0.17184171,90017.875,1094.523,99033.92,265.37186,10.228956,3.2690965e-05,1.1472102,-1.2917544e-05,0.16244245,,,,,,8.732187e-05,1.4187754e-05,7.3157295e-05,0.00021702841,19285.385,0.15569615,233.19536,0.000118812335,0.4673246,3.3128497e-05,-4.3496957e-06
1819,2023-07-11 00:00:00+03:00,-0.63879263,0.029293142,995.0654,0.0967414,79065.24,2260.542,87635.77,1385.6664,11.422325,4.0640058e-05,0.9086138,-1.7292716e-05,0.07277344,,,,,,9.3114286e-05,1.8493934e-05,7.499315e-05,0.00021921395,20136.729,0.15721837,235.29256,0.00018965334,0.38357943,6.960353e-05,1.5892707e-05
1820,2023-07-12 00:00:00+03:00,-0.3080864,0.035021733,798.5696,0.0,,,,,,7.681498e-05,0.80243933,7.1031095e-06,0.0,1845.2717,3000.0369,0.02992908,1864.0469,2.8849697,0.00010256925,2.8232622e-05,7.4336625e-05,0.00023435584,16702.035,0.14812025,236.14838,0.00018762644,0.3250013,5.796555e-05,-1.1092711e-05
1821,2023-07-13 00:00:00+03:00,-0.9388879,0.03475398,1449.8467,0.25259668,79223.164,2099.929,89130.34,1117.5154,10.310895,3.0207728e-05,1.0489688,-2.5104357e-05,0.15074764,1853.1959,3000.0103,0.028618947,1870.3575,2.8534064,8.633648e-05,1.4200805e-05,7.187616e-05,0.00022659944,17937.555,0.15088794,236.52817,5.330927e-07,0.50277245,-1.052495e-06,-1.4685535e-05
1822,2023-07-14 00:00:00+03:00,-0.33656436,0.031282872,2547.6118,0.7594706,54952.54,5169.4995,62382.09,4180.9487,39.026375,2.44655e-05,0.9359937,-3.092724e-05,0.34240282,,,,,,8.513606e-05,1.2973105e-05,7.630591e-05,0.00023236556,22153.324,0.15508062,236.46687,-1.9177687e-05,0.8305735,-8.914847e-06,-4.2753672e-06
1823,2023-07-15 00:00:00+03:00,-0.22628404,0.035983473,1141.4348,0.21309595,72148.31,3124.271,80881.875,2166.3767,8.447258,1.8051966e-05,0.97161114,-3.461428e-05,0.2088493,1820.443,3000.0142,0.048717175,1848.4812,4.372066,8.2715575e-05,1.24238795e-05,7.025488e-05,0.00018261262,18543.36,0.14742899,235.22162,0.00012884992,0.42813712,4.4259963e-05,-7.911641e-06
1824,2023-07-16 00:00:00+03:00,-1.1945096,,,0.47459424,37083.773,8358.581,42407.06,7358.581,9.908674,0.00011527927,0.7235397,2.6027767e-05,0.31942433,,,,,,8.8442015e-05,1.9914383e-05,6.686052e-05,0.0001930229,14424.98,0.13662991,235.54866,6.207116e-05,0.3367185,2.1190095e-05,-8.559201e-06
1825,2023-07-17 00:00:00+03:00,-0.66756535,0.033952266,1522.1785,0.26115635,78356.33,2240.3176,88140.09,1262.5283,9.062348,6.665164e-05,1.1248062,1.6486603e-05,0.13169324,1837.4719,3000.1138,0.052087165,1869.708,4.9813566,8.685921e-05,1.7608323e-05,6.904612e-05,0.00020865575,17366.15,0.14184704,236.58417,-3.2998698e-05,0.5332873,-2.5344392e-05,-4.433526e-06
1826,2023-07-18 00:00:00+03:00,-0.7412491,0.027477302,1490.291,0.42365348,73950.234,2661.095,83240.95,1690.9098,12.92001,1.7884333e-05,1.2107735,-3.7567173e-05,0.23948865,,,,,,8.829437e-05,9.676998e-06,8.133662e-05,0.00023866916,22140.215,0.16116622,236.56952,-7.652895e-05,0.7956878,-5.623192e-05,-2.3889384e-06
1827,2023-07-19 00:00:00+03:00,-0.80966306,0.035060257,1131.7262,0.62513644,73909.19,2627.406,83140.75,1650.4531,18.365675,-7.641502e-06,1.0692185,-5.8769318e-05,0.14755996,,,,,,7.9144585e-05,7.766306e-06,7.635964e-05,0.00017243018,22127.89,0.15223481,236.32845,1.1145938e-05,0.5908476,5.1217085e-06,-1.0446236e-07
1828,2023-07-20 00:00:00+03:00,-0.07232094,0.03144802,1197.5466,0.61783874,68406.79,3258.558,77321.42,2269.1848,14.627275,2.7304994e-05,1.0689737,-2.1667722e-05,0.21743554,,,,,,8.486243e-05,9.940394e-06,7.638133e-05,0.00022420767,22123.7,0.16021146,233.5002,0.00023097341,0.59175885,0.00013386218,3.0654133e-05
1829,2023-07-21 00:00:00+03:00,-0.8026157,0.03211863,1502.6313,0.69200194,71669.1,2869.086,81038.695,1874.1084,17.161194,-1.1449318e-05,1.2465807,-7.1295915e-05,0.25309065,,,,,,8.35096e-05,7.6240235e-06,7.476349e-05,0.00021130132,22130.473,0.15964729,236.45761,0.00019019085,0.74424374,0.00012946836,-2.2035526e-06
1830,2023-07-22 00:00:00+03:00,-0.8177159,0.040860675,1326.908,0.689811,68095.91,3283.2043,77224.555,2283.204,12.570559,8.109179e-05,1.0329946,3.5873843e-05,0.23279491,,,,,,9.03949e-05,2.1919634e-05,6.99642e-05,0.0002112451,22137.783,0.16177344,237.1792,0.00018482868,0.4661972,9.074797e-05,3.9689353e-06
1831,2023-07-23 00:00:00+03:00,-0.603797,0.031682435,1558.1934,0.90783155,65616.914,3624.896,74321.04,2624.8958,20.534786,0.00017981773,0.74899733,5.520548e-05,0.37565303,,,,,,9.2491275e-05,1.1334616e-05,6.7510045e-05,0.00020915136,22138.992,0.16603068,235.9874,0.00048484706,0.29879767,0.0001443669,1.0171683e-05
1832,2023-07-24 00:00:00+03:00,-0.33697072,0.046894513,1511.2878,0.9856934,65715.625,3677.726,74314.91,2677.7258,42.051582,,,,,,,,,,8.1662474e-05,,6.425058e-05,0.00020609757,19251.082,0.15387297,235.64923,,,,
1833,2023-07-25 00:00:00+03:00,-0.30027708,0.04088089,2072.7126,0.5810244,78413.75,2202.4983,86501.19,1342.1547,11.2844305,-8.04529e-06,1.2462137,-4.6342928e-05,0.33554584,,,,,,9.876375e-05,2.711331e-05,6.842181e-05,0.0002402922,19231.547,0.15678687,232.71269,0.00014066193,0.52580965,5.4324417e-05,-6.214304e-06
1834,2023-07-26 00:00:00+03:00,-0.68201107,0.044540457,1350.6685,0.6029534,57180.71,4745.288,65059.02,3745.288,12.517628,1.2183014e-05,0.8165234,-4.240977e-05,0.31614318,,,,,,8.215128e-05,1.45584945e-05,7.420617e-05,0.00021314478,19244.293,0.15932848,235.77045,0.00011713375,0.5695718,6.524102e-05,-2.4064607e-06
1835,2023-07-27 00:00:00+03:00,-0.8952048,0.039365184,1250.977,0.57869184,56522.188,4872.405,64166.414,3876.1733,10.443781,8.158615e-05,0.9243798,1.9235817e-05,0.29376197,,,,,,8.40577e-05,1.3282743e-05,7.1086215e-05,0.00020702746,20069.775,0.15736696,236.42136,-1.6932529e-05,0.5016928,-3.5748635e-06,1.1694303e-05
1836,2023-07-28 00:00:00+03:00,-0.6990452,0.040448986,1242.6401,0.36551532,74167.02,2598.85,83551.27,1616.8108,10.873512,4.6993468e-05,1.1985412,-2.4932924e-06,0.2595774,,,,,,8.2484694e-05,3.5611558e-06,7.675325e-05,0.00018898718,22959.314,0.16025773,236.32199,7.6010336e-05,0.699525,4.6828703e-05,1.7603608e-05
1837,2023-07-29 00:00:00+03:00,-0.41177848,0.033278845,1332.23,0.1016954,80138.91,1996.0784,89301.5,1074.0411,11.629916,3.7783062e-05,1.0440595,-1.474819e-05,0.08896341,,,,,,8.323454e-05,1.1430542e-05,7.2233095e-05,0.00022379006,22125.582,0.15707876,236.2039,0.00023615482,0.64218974,0.000133885,9.735536e-06
1838,2023-07-30 00:00:00+03:00,-0.40271568,,,1.0,63243.047,3965.2349,71651.17,2965.4116,88.05051,,,,,,,,,,9.648438e-05,,6.545051e-05,0.00027567678,19252.47,0.1516274,235.29666,,,,
1839,2023-07-31 00:00:00+03:00,-0.54373145,0.036988974,1773.4548,0.58193177,76818.89,2407.4348,85005.92,1533.3124,27.618864,-0.00010985891,1.2430067,-0.00018129387,0.29514867,,,,,,8.9194764e-05,3.2197117e-05,7.003674e-05,0.0002200713,21510.412,0.15569076,235.46881,7.6852324e-05,0.71694785,4.6131612e-05,-6.097518e-06
1840,2023-08-01 00:00:00+03:00,-0.33295137,0.034521528,1996.8866,0.9998987,61996.523,4039.411,70203.06,3039.4106,43.17865,,,,,,,,,,8.055049e-05,,6.318721e-05,0.0001828929,16689.602,0.14280127,235.88818,,,,
1841,2023-08-02 00:00:00+03:00,-0.9047638,0.038331218,2324.9922,0.793223,60230.047,4318.891,68153.47,3329.9895,12.088039,4.2065585e-05,1.0953813,7.0056774e-07,0.32379574,,,,,,8.844685e-05,1.8030069e-05,6.933927e-05,0.00020515094,19242.262,0.15233615,235.51587,-4.9484843e-05,0.7066976,-4.4100212e-05,9.913782e-06
1842,2023-08-03 00:00:00+03:00,-0.9645654,0.03334161,1749.6333,0.92540264,65513.67,3600.7163,74102.08,2600.7776,27.089148,6.494255e-05,0.7399232,-3.0493081e-06,0.44966063,,,,,,9.3234004e-05,,5.577432e-05,0.0001953656,16513.133,0.14353076,236.11252,,,,
1843,2023-08-04 00:00:00+03:00,-1.2286934,0.036653094,1779.0737,0.3029855,79252.08,2076.4226,88463.36,1138.0691,15.762041,6.0775365e-05,1.1891919,1.8524588e-05,0.10603996,,,,,,8.712828e-05,2.500781e-05,6.241045e-05,0.00017879154,15325.068,0.14211386,235.7071,-1.574848e-05,0.74989444,-1.2889999e-05,-6.1519504e-06
1844,2023-08-05 00:00:00+03:00,-0.6358059,0.037004776,1529.2615,0.65587157,58751.758,4763.191,66264.64,3789.433,18.496006,0.000105999934,1.3386586,7.927125e-05,0.14486176,,,,,,0.000101993865,3.824821e-05,6.451087e-05,0.0002125724,16704.295,0.13272524,234.9815,-4.703155e-05,0.6490118,-2.5558618e-05,-2.153862e-05
1845,2023-08-06 00:00:00+03:00,-0.74900615,0.03146714,2600.4414,0.19581181,76424.14,2457.0278,85470.85,1486.4753,8.45285,0.00012513515,1.1138763,7.7592136e-05,0.14713392,1835.0974,3000.8027,0.05490826,1866.0913,4.335604,8.2645696e-05,1.5568516e-05,6.713708e-05,0.00020595026,13275.307,0.12800212,236.14316,-5.894944e-05,0.6836066,-4.0331914e-05,-1.4761123e-05
1846,2023-08-07 00:00:00+03:00,-0.5414938,0.02931369,2347.3755,0.684396,52404.086,5960.523,59353.41,4960.523,45.600086,0.00026824212,1.0959799,0.00022057546,0.19500291,,,,,,8.2057784e-05,2.4713798e-05,6.1024497e-05,0.00018900044,14819.769,0.12504473,236.60999,-0.00020315009,0.64811337,-0.00012747351,-3.2828157e-05
1847,2023-08-08 00:00:00+03:00,-0.8519968,0.030823331,1554.3362,0.9600756,71485.36,2858.9392,80860.125,1858.9392,14.30126,,,,,,,,,,7.5527896e-05,,6.586622e-05,0.00020138294,23043.133,0.13819316,236.2894,,,,
1848,2023-08-09 00:00:00+03:00,-0.59639573,0.03535279,1227.6927,0.5941237,78082.79,2250.9316,87215.75,1320.5128,16.193218,9.0259564e-05,1.3160359,6.1052706e-05,0.3436631,,,,,,8.225872e-05,2.3710147e-05,7.0237445e-05,0.00022943201,22153.354,0.14517191,236.72621,4.3603326e-05,0.82733953,2.6885857e-05,1.3083355e-05
1849,2023-08-10 00:00:00+03:00,-0.7768254,0.033669773,1180.5504,0.43183154,70824.22,3159.1982,79951.61,2176.5122,11.330513,7.014268e-05,1.0366825,1.007538e-05,0.10505014,,,,,,8.299519e-05,1.1413485e-05,7.467366e-05,0.00022817458,22175.504,0.14161618,234.87305,-3.965287e-05,0.55438113,-1.8374029e-05,-1.3009307e-05
1850,2023-08-11 00:00:00+03:00,-0.83977723,0.034061335,1579.6204,0.5484812,69662.83,3235.6626,78780.05,2239.373,10.438466,4.9607388e-05,1.023962,-1.4072713e-05,0.3081863,,,,,,8.661712e-05,2.8229399e-05,6.743263e-05,0.0002152783,19289.16,0.14378563,235.52345,-6.379442e-05,0.5159614,-2.250175e-05,-1.6207974e-05
1851,2023-08-12 00:00:00+03:00,-0.5439868,0.033194106,1169.4185,0.07676108,88408.78,1275.269,97474.31,429.01816,8.49274,8.015595e-05,1.1334102,4.0548846e-05,0.06994071,,,,,,7.460514e-05,1.3370854e-05,6.2226136e-05,0.00018858549,16712.395,0.12530039,235.2915,-7.7628756e-05,0.48633045,-3.362003e-05,-1.8946204e-05
1852,2023-08-13 00:00:00+03:00,-0.73417974,0.03214573,2199.9692,0.73936033,63616.58,4002.1804,71902.12,3002.1802,16.178528,9.5056996e-05,0.9964539,5.9798018e-05,0.4360286,,,,,,6.4655425e-05,7.8993935e-06,6.4657215e-05,0.00018322868,16704.992,0.12088646,234.76788,0.00070017827,0.27662906,0.00019368964,-3.3409103e-06
1853,2023-08-14 00:00:00+03:00,-0.8829415,0.037501656,1443.7142,0.28519902,93345.77,784.8895,101265.05,63.569244,11.065772,5.3292584e-05,1.5306723,3.5533114e-05,0.2711307,,,,,,7.852442e-05,1.799265e-05,6.156151e-05,0.00021464193,17742.453,0.12713397,235.09384,1.617362e-05,0.68991876,2.7002661e-05,-2.4669935e-05
1854,2023-08-15 00:00:00+03:00,-0.33578104,0.036259368,1935.8008,0.17272404,85217.31,1619.8254,94470.21,718.3342,8.862422,0.00013291676,1.1545868,0.000110476234,0.15284815,,,,,,9.274967e-05,3.140811e-05,6.116448e-05,0.00023327753,14429.338,0.12095865,233.88739,0.00012874909,0.50124544,6.768244e-05,-9.9487e-06
1855,2023-08-16 00:00:00+03:00,-0.7046592,0.034311242,1974.449,0.09752886,78505.37,2420.736,86507.734,1560.2664,6.1008615,0.0001571867,1.0313773,0.00011844913,0.08433524,,,,,,9.248854e-05,2.9264997e-05,6.317669e-05,0.00022047937,14428.275,0.11930524,234.8429,-0.00012774556,0.614753,-8.270361e-05,-3.653994e-05
1856,2023-08-17 00:00:00+03:00,-0.76735854,0.03303565,2391.056,0.7624248,58694.637,4755.8057,66432.41,3755.8057,17.859505,0.0001873202,1.1223755,0.00016049812,0.4143795,,,,,,7.390493e-05,1.8068986e-05,6.0523445e-05,0.00018742032,14430.252,0.11810188,234.11188,-4.0288077e-07,0.5650399,-4.4571743e-06,4.1114527e-06
1857,2023-08-18 00:00:00+03:00,-0.93756735,0.031187063,3070.6602,0.2666309,81433.125,2123.4424,89859.73,1253.6958,9.163034,0.00013101097,1.1018876,0.000101592814,0.17786345,,,,,,7.7761484e-05,1.6517435e-05,6.124435e-05,0.0001955684,16714.21,0.121162415,234.57169,-2.6534904e-05,0.77360886,-1.7776143e-05,-1.7088658e-05
1858,2023-08-19 00:00:00+03:00,-0.6772988,0.03290938,3068.4805,0.14809482,68490.56,3562.7144,77172.56,2567.4531,9.513304,0.00017440309,0.91759443,0.000115896706,0.1463087,,,,,,8.07113e-05,1.7510843e-05,6.312279e-05,0.00024343548,16712.14,0.12504025,235.1647,1.8566374e-05,0.7177161,1.2234672e-05,-8.981026e-06
1859,2023-08-20 00:00:00+03:00,-1.358317,0.034864657,1883.0825,0.008157906,89303.914,1207.9346,96249.766,524.7719,5.060466,0.0001309693,1.0151144,8.8460736e-05,0.05046505,,,,,,8.0823746e-05,2.062689e-05,6.160712e-05,0.00017357868,16708.932,0.122440726,234.87994,-0.00014734539,0.49775484,-8.2291896e-05,-3.2385113e-05
1860,2023-08-21 00:00:00+03:00,-0.30264267,0.037785754,1529.9977,0.8186426,84719.81,1591.0447,94759.31,626.2792,13.997883,0.000109452776,1.2430439,8.927628e-05,0.20307681,,,,,,7.2636554e-05,1.8378849e-05,5.8913465e-05,0.00019984896,16705.594,0.12474602,235.01462,6.853657e-06,0.61809206,4.542016e-06,-6.9882685e-07
1861,2023-08-22 00:00:00+03:00,-0.1352928,0.0429273,1529.2291,0.4369934,57475.44,4855.336,65127.453,3860.6597,10.163803,5.5027405e-05,0.9030237,6.916918e-06,0.37118107,,,,,,7.330303e-05,1.5747662e-05,6.014759e-05,0.00018962848,17758.613,0.12914081,234.57065,7.017254e-05,0.5273153,2.8403614e-05,-1.15563025e-05
1862,2023-08-23 00:00:00+03:00,-0.3674876,0.04196732,1505.0669,0.31463468,82581.08,1810.4308,91958.02,894.35645,9.214774,5.5628327e-05,1.2620554,2.4309535e-05,0.19411638,,,,,,7.416219e-05,1.4906729e-05,5.8215097e-05,0.00018905375,19272.207,0.13100256,234.7377,9.813873e-05,0.6350677,5.5157056e-05,6.7564406e-06
1863,2023-08-24 00:00:00+03:00,-0.37681895,0.036554024,2118.1277,0.887787,65948.08,3612.6855,74872.64,2612.6855,15.618307,-6.7652014e-05,1.3275635,-0.00012612971,0.40364864,,,,,,7.561238e-05,1.3282831e-05,5.4816213e-05,0.0001820864,19042.244,0.13335879,233.61255,,,,
1864,2023-08-25 00:00:00+03:00,-0.49606764,0.036422107,1226.1836,0.20008013,86978.734,1340.678,96502.22,446.8483,10.900374,6.0043665e-05,1.3607235,2.8445185e-05,0.1945628,,,,,,8.514392e-05,2.76916e-05,5.572669e-05,0.00021861166,16702.762,0.13055032,233.8017,0.0001626521,0.50914365,2.963075e-05,-5.377878e-05
1865,2023-08-26 00:00:00+03:00,0.2652945,0.02862682,2171.3193,0.9621325,67004.16,3490.3127,75658.17,2490.313,63.949482,,,,,,,,,,8.467245e-05,,5.5998687e-05,0.00019274297,16697.516,0.1236459,234.14067,,,,
1866,2023-08-27 00:00:00+03:00,-0.6606817,0.036645535,1915.6627,0.23152715,80122.25,2112.8535,88659.55,1232.3173,8.463234,7.0264156e-05,1.233968,3.5110985e-05,0.20435956,,,,,,7.827235e-05,1.7165105e-05,6.112282e-05,0.00020492889,16698.736,0.12728119,234.99307,9.590254e-05,0.5430255,2.723169e-05,7.4881455e-06
1867,2023-08-28 00:00:00+03:00,-0.59397125,0.034836486,1987.1903,0.86704457,79274.17,2117.4817,88371.586,1178.3202,14.269416,5.849564e-05,1.6667645,5.2221178e-05,0.35138455,,,,,,8.5142994e-05,1.5328611e-05,5.7391113e-05,0.00020393563,14419.806,0.12787566,235.12036,0.00010645498,0.59982127,7.8620986e-05,-8.796521e-07
1868,2023-08-29 00:00:00+03:00,-0.7177204,,,0.9731958,47541.164,6252.6934,54098.133,5252.6924,22.31237,,,,,,,,,,0.0001849887,,5.8586367e-05,0.00021692002,14424.641,0.12229208,234.32999,,,,
1869,2023-08-30 00:00:00+03:00,-0.25885084,0.030602025,2203.049,0.9370761,86324.414,1335.4846,96223.3,374.2045,24.051157,,,,,,,,,,8.0282065e-05,,6.437899e-05,0.00021914796,15234.309,0.12417291,235.3806,,,,
1870,2023-08-31 00:00:00+03:00,-0.24301726,0.036711395,1742.1484,0.8010732,84644.46,1505.8773,94335.03,571.0404,13.021748,8.689336e-05,1.8156153,0.00011029141,0.34750235,,,,,,7.818703e-05,9.007965e-06,6.550321e-05,0.0002332096,18358.125,0.1275784,234.12396,0.00013563417,1.2433118,0.00016318442,-2.5844132e-05
1871,2023-09-01 00:00:00+03:00,-0.3450495,0.041260242,927.97736,0.45115197,83689.695,1630.0355,93695.39,678.247,11.581793,6.2224426e-06,1.431711,-3.356187e-05,0.3065381,,,,,,7.892444e-05,1.191891e-05,7.001414e-05,0.00022523882,22143.848,0.1371967,234.68967,-3.0987925e-05,0.7482942,-2.3423381e-05,1.1610018e-05
1872,2023-09-02 00:00:00+03:00,-0.6099594,0.038472474,1348.9213,0.5324334,80860.25,1954.6111,90519.03,998.28,12.768313,4.0542263e-06,1.478669,-4.433329e-05,0.25841686,,,,,,7.414756e-05,1.1848846e-05,6.266091e-05,0.00020264492,22151.223,0.13884014,233.19852,0.00033471658,0.7537919,0.00023350836,1.8034185e-05
1873,2023-09-03 00:00:00+03:00,-0.41423282,0.043963816,1180.0093,0.41428626,86480.42,1477.2249,95069.7,650.92474,9.78479,4.8824117e-05,1.4764655,1.854047e-05,0.2781621,,,,,,7.388082e-05,2.0413016e-05,5.479736e-05,0.00019534235,20553.32,0.13653567,232.802,0.00013125916,0.62127614,6.116603e-05,1.0529528e-05
1874,2023-09-04 00:00:00+03:00,-0.67082626,0.04241593,1371.4956,0.34768564,66807.33,4085.1309,74956.81,3128.336,9.26819,5.5638084e-05,1.251529,2.4888413e-05,0.18286264,,,,,,7.200347e-05,2.6896692e-05,4.5842844e-05,0.00017795715,10703.7295,0.11489384,231.18185,0.0003161846,0.4820517,8.1179285e-05,2.0019483e-05
1875,2023-09-05 00:00:00+03:00,-0.82893497,0.031221403,1783.089,0.00039924777,66879.06,3589.9006,75266.85,2589.9011,6.279743,0.0001282265,1.1065714,0.00010551415,0.000923375,1788.2543,3002.0835,0.12799071,1807.1902,3.2934134,6.839456e-05,1.501873e-05,5.337583e-05,0.00015873405,13590.233,0.11752601,230.85605,0.00016723033,0.4218625,6.929761e-05,3.018746e-05
1876,2023-09-06 00:00:00+03:00,-0.25733835,0.038571008,743.2665,0.08058302,88470.06,1295.928,97780.25,434.19553,9.527465,4.7052377e-05,1.188969,1.9131043e-05,0.09163883,1874.0776,3000.0222,0.02738458,1899.6019,3.9130893,7.502617e-05,2.1660571e-05,5.3529562e-05,0.00020094668,13522.299,0.119419254,231.58218,0.00011620732,0.45228148,5.6541834e-05,1.984971e-05
1877,2023-09-07 00:00:00+03:00,-3.33786e-05,0.040777676,1027.3167,0.036627896,81290.46,2062.6897,90388.42,1178.331,7.776642,5.9389255e-05,1.0869756,2.5704101e-05,0.036109496,,,,,,8.026481e-05,2.7752165e-05,5.2512638e-05,0.00019577032,14912.652,0.12131798,231.58533,0.00034063729,0.3081864,0.00010218245,1.830863e-05
1878,2023-09-08 00:00:00+03:00,-0.09750309,0.033295184,1719.3796,0.27241147,76650.36,2564.8838,86361.05,1564.8838,12.514582,5.9422346e-05,1.229512,2.9059964e-05,0.169153,,,,,,6.829553e-05,2.0147421e-05,4.947131e-05,0.00017509147,14430.143,0.11591316,231.82288,3.601403e-05,0.44683036,1.1736343e-05,-9.366337e-06
1879,2023-09-09 00:00:00+03:00,-0.16407356,0.033229522,1627.1145,0.747514,66068.66,3939.1406,73771.266,3002.8857,10.058079,4.6248308e-05,1.2403166,2.7521788e-05,0.41704315,,,,,,6.997892e-05,1.6671389e-05,4.894804e-05,0.0001739289,16714.121,0.11866781,230.99722,2.624228e-05,0.34113368,-2.4794576e-06,-5.9569957e-06
1880,2023-09-10 00:00:00+03:00,-0.43806356,0.039617345,2005.6609,0.08277902,44224.08,6976.8066,50438.945,5976.8066,9.787228,0.00011814853,1.010613,7.852615e-05,0.08366801,,,,,,7.146971e-05,2.1993721e-05,4.95227e-05,0.00019213455,15418.926,0.11703326,231.00488,0.0002479232,0.3881996,8.814219e-05,-2.2549633e-05
1881,2023-09-11 00:00:00+03:00,-0.27865952,0.0354927,1302.911,0.18611504,84958.984,1589.5582,93871.89,702.8473,8.311367,0.00012775662,1.1148527,0.00010824816,0.16259572,1871.9863,3000.1316,0.06609566,1894.5262,3.709456,8.278969e-05,3.1932515e-05,5.073916e-05,0.00021484289,14426.123,0.1204466,230.7179,0.00043197104,0.3564391,0.000107481275,5.5061457e-05
1882,2023-09-12 00:00:00+03:00,-0.48977494,0.036871858,1731.056,0.074754685,92254.1,831.30853,100526.375,70.86892,5.435945,0.00013799322,1.0792501,0.0001157866,0.08652578,1864.7825,3000.316,0.044362426,1887.4795,3.7725124,8.748646e-05,3.5061777e-05,5.242468e-05,0.00021594702,14425.4,0.122565985,232.18849,0.00020609231,0.39315924,7.468498e-05,1.2823671e-05
1883,2023-09-13 00:00:00+03:00,-0.3235069,0.032983728,1763.5259,0.05378338,78556.17,2260.016,86817.83,1401.032,6.1142178,0.00010861056,1.0357583,7.9927195e-05,0.055736158,1865.9375,3001.8003,0.07464175,1882.959,3.2340279,7.9323174e-05,2.4561861e-05,5.4773118e-05,0.00020822002,14424.666,0.1225269,231.5775,6.9904774e-05,0.38196456,3.0358427e-05,-1.3070016e-05
1884,2023-09-14 00:00:00+03:00,-0.39236268,0.03652227,680.1477,0.4963675,91161.164,944.0332,100245.69,115.8235,11.871145,3.057943e-05,1.4587144,-1.2321225e-06,0.34090927,,,,,,6.9995964e-05,1.4761139e-05,5.3335403e-05,0.00018850403,16861.35,0.12750229,231.9128,0.0003573766,0.51430607,0.00016948597,4.0929637e-05
1885,2023-09-15 00:00:00+03:00,-0.2207293,0.035702515,988.9888,0.13153735,75715.58,2724.651,85228.79,1746.6692,8.249475,3.9078936e-05,1.0039206,2.0379834e-06,0.11791521,1891.9764,3000.0022,0.0188006,1912.6381,3.7184138,7.8712204e-05,2.4580233e-05,5.088775e-05,0.00019767655,16717.645,0.12221854,231.6,0.0006227188,0.36140284,0.00019466778,-5.1763345e-07
1886,2023-09-16 00:00:00+03:00,-0.23016827,0.034448422,1581.7411,0.11361544,80104.984,2159.6218,89797.07,1188.9799,6.9465756,4.8413087e-05,1.0306628,2.2490412e-05,0.11019094,,,,,,7.5724456e-05,2.278035e-05,5.2944102e-05,0.00022014727,16718.59,0.11842355,230.48196,0.00092187966,0.2671155,0.00021475597,5.4912085e-05
1887,2023-09-17 00:00:00+03:00,-0.4913207,0.03362921,1547.7628,0.22806421,86615.06,1431.7749,95858.97,562.71954,6.898971,8.183452e-05,1.0828946,5.4790784e-05,0.14970213,1903.0377,2999.9998,0.014575176,1927.4126,4.00645,7.90733e-05,2.862791e-05,5.107234e-05,0.00020185608,16709.229,0.12259019,230.44185,9.984921e-05,0.44210106,3.9045983e-05,-1.958434e-06
1888,2023-09-18 00:00:00+03:00,-0.24000672,0.03464046,1356.6025,0.05435583,90594.445,1027.0127,98903.01,258.76996,6.736974,9.3501934e-05,0.94241107,5.7906425e-05,0.046842363,1834.6433,3000.1587,0.033770263,1854.8026,3.4552631,7.383604e-05,2.6748812e-05,4.7087226e-05,0.00019016555,14428.618,0.12643442,229.3728,0.00019882135,0.33799314,6.4735876e-05,3.6671458e-06
1889,2023-09-19 00:00:00+03:00,-0.5803827,,,0.7156663,44959.65,6661.047,51283.086,5661.047,9.832472,0.000105644925,0.6571356,3.6681413e-05,0.43763992,,,,,,8.752539e-05,2.4259447e-05,4.685893e-05,0.00017363206,14420.634,0.12005618,229.45995,0.00047034625,0.33173606,0.00014519686,-2.5645319e-05
1890,2023-09-20 00:00:00+03:00,-0.31618792,0.027914114,2131.7292,0.83449537,65041.77,3707.1177,73603.6,2707.1177,25.069899,0.00010842527,0.96092004,5.4181255e-05,0.3660692,,,,,,8.4497195e-05,4.9015318e-05,4.26296e-05,0.00016642953,16696.283,0.12305028,228.13788,0.0013957141,0.15210015,0.00021646639,-1.935314e-05
1891,2023-09-21 00:00:00+03:00,-0.50101346,0.031938523,1660.8352,0.0,,,,,,0.000107458756,1.0211323,8.039158e-05,0.0,1863.133,3000.0618,0.028801583,1885.7338,4.010832,7.572353e-05,3.160118e-05,4.4122356e-05,0.00016377185,11936.288,0.12068977,226.9661,0.00018389846,0.33664465,6.142457e-05,-1.1706048e-05
1892,2023-09-22 00:00:00+03:00,-0.11960165,0.031118587,2542.205,0.10958589,81009.7,1935.612,90081.57,1018.7289,7.075258,0.00012466028,1.0025986,9.647333e-05,0.10520528,1883.9547,3000.015,0.022265356,1907.0576,4.1710916,7.674865e-05,3.2151256e-05,4.4597393e-05,0.00020236471,14837.796,0.11994207,227.34406,0.000196085,0.46953297,9.086428e-05,2.589559e-05
1893,2023-09-23 00:00:00+03:00,-0.23102753,,,1.0,63934.047,3871.2153,72375.03,2871.2153,137.76022,,,,,,,,,,0.00017808625,,4.0447398e-05,0.00019020683,15071.076,0.12333291,228.7246,,,,
1894,2023-09-24 00:00:00+03:00,1.7617189,0.040677674,1180.8859,0.11628015,75792.42,2606.6426,84754.41,1678.1675,9.396757,9.1937996e-05,1.1128573,7.884133e-05,0.10900092,,,,,,8.136786e-05,3.517133e-05,4.6240653e-05,0.00021889439,16711.332,0.13683394,228.31964,0.0001474927,0.59544647,8.2291015e-05,3.2619344e-05
1895,2023-09-25 00:00:00+03:00,-0.3523948,0.032701373,601.17175,0.41664553,79578.76,2265.1416,89741.59,1266.7426,11.672057,4.942504e-05,1.1098822,2.1102298e-05,0.36109695,,,,,,6.846723e-05,2.581775e-05,4.444037e-05,0.0001824008,14435.086,0.11774436,227.61105,0.00027726364,0.40747142,0.00010111957,1.0404787e-05
1896,2023-09-26 00:00:00+03:00,-0.43955392,0.037213594,3334.1213,0.22631215,37836.867,8047.6924,43352.594,7047.6924,10.87573,0.00010065959,0.82650036,5.1867508e-05,0.22179626,,,,,,7.968765e-05,3.6506397e-05,4.309083e-05,0.00019358705,13834.049,0.111836895,227.58255,0.00024167886,0.29336178,7.5242526e-05,-1.09261055e-05
1897,2023-09-27 00:00:00+03:00,-0.29868013,0.032185346,2490.5063,0.4126987,51860.42,5739.4824,58911.977,4739.4824,10.50265,0.00013363507,0.78992295,7.266349e-05,0.2887797,,,,,,7.5942546e-05,3.240448e-05,4.3865926e-05,0.00019677618,13613.722,0.1159263,226.52255,0.0002852682,0.41568035,0.0001184982,3.499797e-05
1898,2023-09-28 00:00:00+03:00,-0.20439014,0.034255806,1414.605,0.07314533,94175.41,736.9379,101538.484,49.80218,4.5608683,0.00011798437,0.98727006,8.429389e-05,0.07760321,1860.8262,3000.054,0.027544044,1882.1655,4.016828,7.821154e-05,3.257929e-05,4.5632238e-05,0.00020157822,14430.141,0.12442156,226.15973,0.00024708497,0.35068414,8.745938e-05,4.3318614e-06
1899,2023-09-29 00:00:00+03:00,-0.11046396,,,0.22232057,48361.062,6224.8945,55048.082,5225.964,8.574184,0.00015177864,0.8547602,0.00010466993,0.17525838,,,,,,7.6169075e-05,3.2999087e-05,4.4836284e-05,0.00018543712,14427.752,0.12628368,226.69531,0.0007119598,0.27139428,0.00018683757,3.98859e-05
1900,2023-09-30 00:00:00+03:00,-0.17241229,0.037029363,891.9625,0.45649207,80383.96,1997.4158,89841.336,1056.9102,11.727982,4.298267e-05,0.96532404,7.8994935e-06,0.17332067,1872.2402,3000.04,0.05625343,1897.0408,4.9564834,7.882077e-05,2.4313977e-05,4.520554e-05,0.00019107256,16700.45,0.13532236,227.64601,,,,1.3687823e-05
1901,2023-10-01 00:00:00+03:00,0.764405,0.050804913,1027.4222,0.34655714,86358.08,1389.7017,96253.28,471.9939,10.778517,8.4451225e-05,1.2297317,6.157713e-05,0.29659617,,,,,,5.9839724e-05,1.4553219e-05,4.4995104e-05,0.00018673763,20426.0,0.13533697,226.95773,,,,
1902,2023-10-02 00:00:00+03:00,0.28779322,0.038958196,845.84875,0.46533877,61724.008,4188.5493,70012.66,3188.555,11.879756,3.1286778e-05,0.8235848,5.654365e-06,0.4214171,,,,,,7.175811e-05,2.905144e-05,4.2520798e-05,0.00019638508,16708.23,0.11822423,225.76263,,,,
1903,2023-10-03 00:00:00+03:00,-0.08801018,0.03093536,1565.0614,0.96967626,71182.08,3024.074,80386.39,2024.0742,47.68503,,,,,,,,,,0.000103368606,,3.9049657e-05,0.00017431419,14873.771,0.119138986,225.94638,,,,
1904,2023-10-04 00:00:00+03:00,-0.059355527,0.04573341,1096.2405,0.39034283,75866.26,2407.582,85784.28,1408.1262,9.2000885,2.2586912e-05,1.2136004,1.2524702e-06,0.2769725,,,,,,5.4492608e-05,7.875315e-06,4.523457e-05,0.00017787234,22128.203,0.1334334,226.31995,,,,
1905,2023-10-05 00:00:00+03:00,-0.2746706,,,1.0,56906.844,4591.512,64778.22,3591.5122,68.262726,,,,,,,,,,0.00013763117,,3.858016e-05,0.0001832761,22116.21,0.12899905,226.3005,,,,
1906,2023-10-06 00:00:00+03:00,-0.112198174,0.044148095,615.90454,0.22143863,59549.75,4432.8584,67862.44,3432.859,6.6712675,5.5701683e-05,0.8634113,2.3401955e-05,0.20459628,,,,,,5.2546915e-05,1.6898666e-05,3.7359518e-05,0.00015397457,19052.598,0.12451584,224.39285,,,,
1907,2023-10-07 00:00:00+03:00,-0.52110356,0.037269637,706.185,0.7737853,82987.12,1509.0786,93518.57,514.12585,26.184149,-3.6863938e-05,1.4563841,-7.057932e-05,0.31363866,,,,,,5.045818e-05,2.0896194e-05,3.5553323e-05,0.00014138148,17380.42,0.14046055,226.05408,,,,
1908,2023-10-08 00:00:00+03:00,-0.0298208,0.037989005,397.36676,0.8359255,73988.14,2492.796,84128.09,1492.7957,26.945362,2.0769563e-05,1.0992599,3.7656682e-06,0.45298368,,,,,,4.515847e-05,6.2023273e-06,3.902444e-05,0.00016299533,22865.031,0.14672792,225.05849,,,,
1909,2023-10-09 00:00:00+03:00,-0.055971116,,,0.92220664,57966.57,4411.8184,66348.63,3411.8184,35.082497,1.3359555e-05,0.62631613,-1.9142239e-05,0.4924656,,,,,,6.4586944e-05,2.6524267e-05,3.7228034e-05,0.00015656352,22153.303,0.1249737,226.09402,,,,
1910,2023-10-10 00:00:00+03:00,-0.04901565,0.04230601,593.86316,0.13392808,42651.496,6915.613,49088.727,5915.6133,7.7606807,9.018669e-05,0.8055252,4.910637e-05,0.13819061,,,,,,5.9821028e-05,2.2694323e-05,3.714132e-05,0.00016144199,16708.184,0.12679757,223.4161,,,,
1911,2023-10-11 00:00:00+03:00,-0.25546739,,,1.0,47902.43,6044.9727,54640.07,5044.972,80.887276,,,,,,,,,,,,,,,0.12215113,223.26567,,,,
1912,2023-10-12 00:00:00+03:00,0.00396353,0.035323955,589.56146,0.8915798,80898.06,1732.6746,91574.86,732.67444,17.895931,3.0186697e-05,1.0883818,6.933741e-06,0.17092027,,,,,,4.6224166e-05,8.3692885e-06,3.7927017e-05,0.00016782452,20473.588,0.13964167,225.15771,,,,
1913,2023-10-13 00:00:00+03:00,0.06709197,,,0.3076581,42334.1,6904.865,48496.53,5904.865,10.598749,-1.43942525e-05,0.83365834,-1.2371202e-05,0.29728776,,,,,,6.5700675e-05,2.748757e-05,3.7883867e-05,0.00018915637,14424.223,0.116698965,223.19223,,,,
1914,2023-10-14 00:00:00+03:00,-0.06317629,0.036477093,1751.6256,0.9365864,51438.695,5436.296,58495.773,4436.296,63.33493,-5.9086774e-06,0.78216046,-1.895587e-05,0.40391544,,,,,,0.00014696721,4.4634096e-05,3.673084e-05,0.00020451566,15368.73,0.12309389,225.07442,,,,
1915,2023-10-15 00:00:00+03:00,0.06693104,0.0377528,807.4961,0.64567125,77805.92,2071.7876,88022.625,1074.3871,24.78075,-2.9353637e-06,1.1821847,-2.1574022e-05,0.34753776,,,,,,5.6085795e-05,1.4574744e-05,4.2287364e-05,0.00018625022,22386.238,0.14054653,226.45029,,,,
1916,2023-10-16 00:00:00+03:00,0.033211708,0.03769544,736.19666,0.55522096,70276.016,2952.2566,80012.33,1952.3499,32.683144,6.630631e-06,0.9664188,-1.7409431e-05,0.287357,,,,,,4.7247635e-05,8.081932e-06,4.126325e-05,0.00016927382,24235.41,0.1457904,226.29709,,,,
1917,2023-10-17 00:00:00+03:00,-0.08626777,0.03335186,728.23804,0.8771713,70100.16,2960.9004,79671.484,1960.9001,11.451601,-8.909087e-05,0.6904792,-7.930909e-05,0.45585588,,,,,,7.4716154e-05,,3.6877067e-05,0.00014849284,22148.96,0.13986868,225.8002,,,,
1918,2023-10-18 00:00:00+03:00,-0.26844096,0.033659346,726.5044,0.92213476,80421.02,1883.1655,90650.39,913.14087,19.909685,0.00018366256,1.6819084,0.00028603274,0.457419,,,,,,7.634841e-05,,4.0147133e-05,0.0002133451,22135.8,0.14291073,225.10559,,,,
1919,2023-10-19 00:00:00+03:00,-0.2603283,0.0346957,189.96115,0.750641,77536.57,2150.1914,88106.31,1150.223,11.692637,0.00015609823,0.88359463,7.890263e-05,0.3556251,,,,,,8.302159e-05,3.9668987e-05,3.8308193e-05,0.00019651538,18263.25,0.14375457,224.71344,,,,
1920,2023-10-20 00:00:00+03:00,-0.906896,0.03581945,430.67703,0.927212,75303.45,2446.4834,85343.26,1446.4834,12.270485,,,,,,,,,,8.691856e-05,,3.422061e-05,0.00018970447,17025.656,0.1353513,223.20978,,,,
1921,2023-10-21 00:00:00+03:00,-0.039737605,,,0.70871806,37292.664,7873.905,42765.004,6873.9043,10.83336,6.750027e-05,0.8640551,4.134809e-05,0.412733,,,,,,0.00012752422,8.139762e-05,3.0631785e-05,0.00018075012,14767.12,0.11353803,222.52911,,,,
1922,2023-10-22 00:00:00+03:00,-0.2771274,,,0.9970659,49460.984,5765.7793,56401.29,4765.7793,32.682365,,,,,,,,,,0.00013149827,,2.9805233e-05,0.00017714925,15689.326,0.11670837,222.19919,,,,
1923,2023-10-23 00:00:00+03:00,-1.4136437,0.03540508,957.5055,0.71268094,67583.89,3297.4226,76549.57,2297.4229,17.805262,3.948071e-05,1.0887011,2.6720882e-05,0.49021915,,,,,,6.952704e-05,,3.4081106e-05,0.00015706988,19263.96,0.1254823,221.68022,,,,
1924,2023-10-24 00:00:00+03:00,-0.470945,0.034906317,790.8021,0.9793125,84642.41,1510.8761,95597.2,517.4176,21.825691,,,,,,,,,,0.000120773904,,2.7865171e-05,0.00019433975,16705.203,0.12426537,220.57785,,,,
1925,2023-10-25 00:00:00+03:00,-0.19260672,0.034152996,679.2466,0.97479653,63419.43,3880.4927,72154.734,2880.4927,15.183437,,,,,,,,,,5.2078627e-05,,2.913911e-05,0.00015398684,16701.07,0.12908879,221.08157,,,,
1926,2023-10-26 00:00:00+03:00,0.044960752,0.03495245,943.165,0.99883986,58738.156,4317.9863,66868.17,3317.9868,60.00137,,,,,,,,,,,,,,,0.13213065,221.3787,,,,
1927,2023-10-27 00:00:00+03:00,-0.28623384,0.032419972,694.3189,0.99797523,72528.586,2597.167,82025.2,1597.167,30.335962,,,,,,,,,,7.749705e-05,,2.8984767e-05,0.000155632,22099.396,0.1331335,221.33154,,,,
1928,2023-10-28 00:00:00+03:00,-0.10631323,0.035793103,613.5116,0.96106446,76648.08,2155.0996,87067.72,1155.0996,23.538109,7.888601e-05,1.2254031,8.225165e-05,0.2882984,,,,,,6.815273e-05,4.8528425e-05,3.1902848e-05,0.0001765122,20811.16,0.13179946,222.8281,,,,
1929,2023-10-29 00:00:00+03:00,-0.27808157,0.035565488,367.01657,0.8562564,64131.39,3802.9897,72948.52,2802.9897,14.079981,0.00010212247,1.1930522,0.00010349024,0.2564875,,,,,,6.661157e-05,2.8374705e-05,3.5071174e-05,0.00020773566,19264.61,0.14569953,223.16171,,,,
1930,2023-10-30 00:00:00+02:00,-0.25372854,0.03536906,920.08105,0.6907517,71766.35,2821.1006,80940.805,1844.722,14.419496,6.898728e-05,1.2906228,6.108704e-05,0.30776492,,,,,,9.8725744e-05,5.7873927e-05,3.6722195e-05,0.00023088812,20407.594,0.14802183,225.09998,,,,
1931,2023-10-31 00:00:00+02:00,-0.357471,,,0.99999976,48708.203,5783.8657,55607.72,4783.8657,77.195,,,,,,,,,,,,,,,0.14085704,223.98203,,,,
1932,2023-11-01 00:00:00+02:00,-0.034107894,0.03410942,450.93872,0.94398916,85357.98,1356.342,96145.58,356.34195,16.684135,,,,,,,,,,5.5538574e-05,7.325118e-06,4.0144467e-05,0.00021251786,19242.59,0.1596725,223.6527,,,,
1933,2023-11-02 00:00:00+02:00,0.39907908,0.034763534,999.7116,0.3025918,54298.945,5229.1924,61756.92,4229.9346,12.193015,4.5106688e-05,0.8815751,1.603172e-05,0.21843375,,,,,,7.5867756e-05,4.2233227e-05,3.2511904e-05,0.00019441126,17385.781,0.13444744,223.25314,,,,
1934,2023-11-03 00:00:00+02:00,0.24362677,,,0.58363205,28016.145,9779.324,32529.29,8779.324,22.424477,1.9954682e-06,0.8150152,-1.6418217e-05,0.19321665,,,,,,6.170945e-05,2.843257e-05,3.0093837e-05,0.00020101541,14417.686,0.1235694,220.0831,,,,
1935,2023-11-04 00:00:00+02:00,-0.31957313,0.035924237,1195.0889,0.9486996,70815.305,2795.4048,80318.41,1795.4045,33.397087,-5.3657663e-05,1.3053359,-9.052184e-05,0.3919767,,,,,,0.00010810928,5.5754957e-05,3.2508575e-05,0.00024747144,20580.14,0.14638048,219.60184,,,,
1936,2023-11-05 00:00:00+02:00,0.023364663,0.034488548,788.37695,0.6802135,42316.11,6687.7812,48546.484,5687.7812,35.45762,-5.7937878e-06,0.82699114,-3.3454056e-05,0.2581824,,,,,,5.8023907e-05,2.9113628e-05,2.7391648e-05,0.00015456784,22069.002,0.12701197,217.95941,,,,
1937,2023-11-06 00:00:00+02:00,-0.084545285,0.033909377,1580.6777,0.99752986,62303.52,3806.4502,70954.766,2806.4502,64.04636,,,,,,,,,,8.059356e-05,,2.9261464e-05,0.00017279218,22072.115,0.13076954,220.39893,,,,
1938,2023-11-07 00:00:00+02:00,0.108763605,0.036207095,964.3307,0.79758924,72604.1,2658.1357,82460.65,1658.1359,24.638248,,,,,,,,,,6.62028e-05,3.0475501e-05,2.9596113e-05,0.00019943183,22119.281,0.14997768,220.56615,,,,
1939,2023-11-08 00:00:00+02:00,-1.1535388,0.03915273,829.2746,0.8120462,75100.586,2408.1455,85192.2,1408.1453,32.634705,,,,,,,,,,6.0401897e-05,,3.139012e-05,0.00017936957,22130.535,0.15455711,220.9812,,,,
1940,2023-11-09 00:00:00+02:00,0.2969937,0.036501154,663.8291,0.77452,69676.664,3041.2231,79191.7,2041.2231,42.76222,,,,,,,,,,7.342765e-05,4.4071247e-05,2.828506e-05,0.0002045125,19260.766,0.13206601,219.4675,,,,
1941,2023-11-10 00:00:00+02:00,-0.30099148,0.03603942,812.6778,0.9876735,58459.336,4383.1704,66585.016,3383.1704,76.81505,,,,,,,,,,,,,,,0.12911376,219.97992,,,,
1942,2023-11-11 00:00:00+02:00,-0.07953444,0.037615396,459.2756,0.94388574,51737.773,5237.552,59232.688,4237.552,22.312944,,,,,,,,,,6.863553e-05,,2.7615422e-05,0.00017568514,16692.715,0.15629362,218.80322,,,,
1943,2023-11-12 00:00:00+02:00,0.2725348,0.036398496,1009.06885,0.99430156,65061.38,3528.939,74016.234,2531.6807,78.06547,,,,,,,,,,5.098893e-05,,2.7037597e-05,0.00016509027,19484.79,0.15516612,217.88318,,,,
1944,2023-11-13 00:00:00+02:00,-0.18733713,,,0.95346963,56089.746,4582.96,64011.336,3582.96,36.204536,,,,,,,,,,7.647058e-05,,2.2497514e-05,0.0001441957,19245.936,0.14284223,218.75998,,,,
1945,2023-11-14 00:00:00+02:00,-0.22325009,0.03426996,316.48337,0.9168948,69880.086,2906.0479,79432.48,1906.0479,77.61507,,,,,,,,,,7.0080205e-05,2.5148996e-05,2.6836242e-05,0.00021057566,19242.367,0.14415014,217.35513,,,,
1946,2023-11-15 00:00:00+02:00,0.020343982,0.036678568,494.03763,0.9953294,81548.81,1735.1674,92043.58,760.5233,53.484985,,,,,,,,,,4.6926936e-05,,2.6505506e-05,0.00017687639,19254.078,0.14234856,217.78854,,,,
1947,2023-11-16 00:00:00+02:00,0.1666897,0.03706725,368.51926,0.6247199,80481.0,1873.1313,91488.11,873.13135,16.39404,,,,,,,,,,5.5620178e-05,3.0367948e-05,2.666701e-05,0.00017822538,19277.83,0.14410836,217.7756,,,,
1948,2023-11-17 00:00:00+02:00,0.15449622,0.036046557,171.4016,0.8269772,80136.766,1925.6748,91020.61,925.6747,19.549963,,,,,,,,,,2.9665523e-05,,2.526968e-05,0.00014938529,18255.48,0.14196269,217.57077,,,,
1949,2023-11-18 00:00:00+02:00,-0.050132155,0.036738135,182.76694,0.976568,77575.0,2224.2874,88123.92,1224.2874,28.948605,,,,,,,,,,3.518495e-05,,2.4995104e-05,0.00014354599,19296.605,0.14341849,216.48349,,,,
1950,2023-11-19 00:00:00+02:00,0.004783064,0.035266194,221.12985,0.74019134,62276.953,3852.6753,71217.28,2852.6753,35.475,,,,,,,,,,3.190898e-05,-2.100504e-06,2.2897297e-05,0.00013466505,18248.748,0.13587973,215.00282,,,,
1951,2023-11-20 00:00:00+02:00,-0.49230778,0.038118027,118.5073,0.99409974,61186.914,3979.1304,69627.04,2979.1304,61.686626,,,,,,,,,,1.2746304e-05,,2.2976352e-05,0.00012007135,19274.748,0.13796121,214.96146,,,,
1952,2023-11-21 00:00:00+02:00,0.22451445,0.03818571,327.1415,0.74818903,77851.7,2160.4214,88629.34,1160.4214,25.815105,,,,,,,,,,2.5444564e-05,-2.5394252e-06,2.5619369e-05,0.00015944772,19807.422,0.14324373,214.83963,,,,
1953,2023-11-22 00:00:00+02:00,0.029708855,0.038748212,231.10513,0.3339995,72928.17,2862.9893,82609.7,1897.881,4.544996,,,,,,,,,,5.599413e-05,3.4518496e-05,2.184159e-05,0.00018133348,16718.824,0.12342124,213.00177,,,,
1954,2023-11-23 00:00:00+02:00,-0.49820992,0.032289207,615.1013,0.91680086,64755.152,3377.8757,73708.56,2377.8757,39.22465,,,,,,,,,,4.1492338e-05,1.5390802e-05,1.9875693e-05,0.00014088408,18442.713,0.118874595,214.7178,,,,
1955,2023-11-24 00:00:00+02:00,-0.1410629,0.034286197,320.3985,0.7001966,69731.06,2721.4297,79082.0,1745.0239,103.06821,,,,,,,,,,-8.063316e-07,-3.415651e-05,2.855774e-05,0.00014171617,24090.676,0.16154927,218.34364,,,,
1956,2023-11-25 00:00:00+02:00,-0.35198662,0.034037936,356.2202,0.9640478,65263.812,3299.5625,74412.67,2299.5625,68.48096,,,,,,,,,,0.00012386596,,2.4477455e-05,0.00021022702,23936.158,0.14693414,215.6069,,,,
1957,2023-11-26 00:00:00+02:00,0.02183754,0.039440647,246.62265,0.6143441,79868.94,1846.3066,90595.9,857.49316,35.38968,,,,,,,,,,9.14862e-05,3.0259125e-05,2.5978617e-05,0.0002675082,22119.602,0.1340135,215.62805,,,,
1958,2023-11-27 00:00:00+02:00,0.43871066,0.03746719,166.75769,0.9947169,67437.59,3202.6912,77221.66,2202.6914,125.45095,,,,,,,,,,2.8919798e-05,,2.4668363e-05,0.00016004818,19255.244,0.1466977,216.6856,,,,
1959,2023-11-28 00:00:00+02:00,0.5006677,0.03511817,406.73718,0.9477033,60140.535,3897.8972,68618.72,2897.897,68.04421,,,,,,,,,,5.4894343e-05,-1.121927e-05,2.9798673e-05,0.00020522198,23581.275,0.15974207,216.89352,,,,
1960,2023-11-29 00:00:00+02:00,0.025839299,,,0.6956702,63089.844,3619.4597,72004.68,2619.4597,26.989145,,,,,,,,,,0.00013825242,6.6580425e-05,2.6273969e-05,0.0002451282,22132.225,0.15632167,217.62186,,,,
1961,2023-11-30 00:00:00+02:00,-1.2526684,0.035390608,577.1329,0.6940974,58035.77,4228.8325,66405.07,3228.8328,28.044344,,,,,,,,,,0.00035149357,,2.3591492e-05,0.0003715077,22115.812,0.15872413,216.54898,,,,
1962,2023-12-01 00:00:00+02:00,-0.48394576,0.03587704,405.1562,0.95155257,77115.88,2064.7322,87751.234,1064.7324,82.95216,,,,,,,,,,0.00019097496,,2.0355594e-05,0.0002511934,24205.074,0.15358163,216.55292,,,,
1963,2023-12-02 00:00:00+02:00,0.05326186,0.038693834,283.3632,0.960094,77576.22,2069.4211,88471.516,1069.4211,46.61406,,,,,,,,,,0.00013880295,,2.0372889e-05,0.00025571295,22134.365,0.1417467,214.61458,,,,
1964,2023-12-03 00:00:00+02:00,-0.117268994,0.03672853,370.50748,0.957355,74702.81,2398.5056,85097.84,1398.5056,125.395874,,,,,,,,,,8.305109e-05,,2.0181466e-05,0.00018304403,23213.05,0.13670506,215.0111,,,,
1965,2023-12-04 00:00:00+02:00,0.07201441,0.034864064,418.09418,0.7323038,77798.41,2112.0461,88106.86,1151.9763,101.330956,,,,,,,,,,8.058004e-05,3.0204954e-05,1.9281631e-05,0.00018898743,24273.084,0.1406554,214.12054,,,,
1966,2023-12-05 00:00:00+02:00,-0.20573148,0.034931492,373.77155,0.84512687,81574.98,1764.2023,92905.4,764.2023,39.103294,,,,,,,,,,8.977969e-05,,1.4702649e-05,0.00016992174,19286.154,0.13386104,211.31808,,,,
1967,2023-12-06 00:00:00+02:00,-0.086271696,0.036021255,298.05185,0.5578253,90128.01,1061.9636,101055.445,127.682945,69.83572,,,,,,,,,,0.00010467793,5.1037514e-05,1.39448985e-05,0.0001812149,21099.352,0.12736696,211.45473,,,,
1968,2023-12-07 00:00:00+02:00,-0.42205858,0.036883276,248.7267,0.75256467,64312.465,3693.2432,73469.65,2693.2434,70.76857,,,,,,,,,,,,,,,0.13000311,210.82516,,,,
1969,2023-12-08 00:00:00+02:00,-0.0966959,0.036668766,403.21744,0.94256985,86999.67,1347.7294,98449.91,348.14166,66.00084,,,,,,,,,,0.00011917022,,1.5180336e-05,0.00020172197,16716.738,0.13136838,209.43271,,,,
1970,2023-12-09 00:00:00+02:00,-0.29010066,,,0.99409825,40934.8,6972.3135,46988.152,5972.3506,42.934547,,,,,,,,,,,,,,,0.13777506,207.59665,,,,
1971,2023-12-10 00:00:00+02:00,-1.2480677,0.036383614,455.95187,0.97641784,81900.69,1712.1638,92970.05,712.16376,50.319874,,,,,,,,,,0.00014783815,,1.146556e-05,0.00018059727,16704.504,0.12444483,208.39964,,,,
1972,2023-12-11 00:00:00+02:00,-0.3575256,0.03484193,635.4235,0.9834781,58046.465,4370.154,66376.92,3370.1538,140.543,,,,,,,,,,0.00010018123,,1.2574727e-05,0.00014955494,16694.162,0.13343787,206.26508,,,,
1973,2023-12-12 00:00:00+02:00,-0.3057632,0.037649885,599.7593,0.9315585,67789.516,3115.1895,77148.42,2115.1897,54.41684,,,,,,,,,,9.032119e-05,,1.7874489e-05,0.00017477083,19250.514,0.13104117,208.70734,,,,
1974,2023-12-13 00:00:00+02:00,-0.2801057,0.036491316,466.14816,1.0,76200.61,2222.4497,86789.03,1222.4497,59.960114,,,,,,,,,,,,,,,0.13345277,209.16986,,,,
1975,2023-12-14 00:00:00+02:00,0.1474415,,,0.47940218,76925.27,2209.0005,87380.08,1209.0007,47.244987,,,,,,,,,,7.9450976e-05,-2.8276303e-05,2.4627043e-05,0.0002453268,22157.777,0.14778578,207.82986,,,,
1976,2023-12-15 00:00:00+02:00,-1.1597058,,,0.86412174,81448.516,1804.9524,92318.75,804.9523,78.27215,,,,,,,,,,0.00013049826,,1.5971962e-05,0.00020879434,22182.91,0.1308927,209.97667,,,,
1977,2023-12-16 00:00:00+02:00,-0.52620924,,,0.98222774,92181.55,866.07446,102152.4,1.1729939,33.469883,,,,,,,,,,5.5965615e-05,,1.5862206e-05,0.00015539263,14430.304,0.13424456,210.5798,,,,
1978,2023-12-17 00:00:00+02:00,-0.2274071,,,0.40926674,28885.473,9465.561,33554.312,8465.561,110.86125,,,,,,,,,,4.1977855e-05,2.6943133e-05,1.3078808e-05,0.00012069914,14427.732,0.12207177,209.34915,,,,
1979,2023-12-18 00:00:00+02:00,-0.01011993,,,0.91178495,87740.125,1209.9396,98865.39,209.94148,32.219234,,,,,,,,,,5.5128283e-05,,1.2908217e-05,0.00016278421,14425.075,0.12221417,210.0088,,,,
1980,2023-12-19 00:00:00+02:00,0.4711326,,,0.90296376,45179.785,6264.205,51740.336,5264.205,175.45161,,,,,,,,,,4.2346895e-05,2.6953141e-05,1.539375e-05,0.0001410383,16687.348,0.13804163,208.67963,,,,
1981,2023-12-20 00:00:00+02:00,0.19779088,,,0.6178471,52493.508,5026.9814,60160.535,4026.9814,120.51309,,,,,,,,,,-1.9950476e-05,-3.4480923e-05,1.6042286e-05,8.304331e-05,19414.129,0.13344836,208.32587,,,,
1982,2023-12-21 00:00:00+02:00,-0.09596437,,,0.65849966,79329.19,1783.4034,89925.516,783.7046,127.06656,,,,,,,,,,1.13867345e-05,-7.868417e-06,1.6020582e-05,0.00010398516,19208.992,0.12423257,206.75076,,,,
1983,2023-12-22 00:00:00+02:00,-0.15740499,,,0.73096395,72017.74,2381.039,81805.56,1381.0391,106.875145,,,,,,,,,,2.5216657e-05,2.171775e-06,2.0382604e-05,0.00014372206,19167.543,0.14520745,210.62071,,,,
1984,2023-12-23 00:00:00+02:00,0.017319746,,,0.7896166,56011.984,4294.6885,64278.234,3294.6885,112.42752,,,,,,,,,,-1.2089356e-06,-1.967933e-05,1.9181776e-05,0.00011648386,24072.996,0.14351568,210.52795,,,,
1985,2023-12-24 00:00:00+02:00,-0.117357284,,,0.9228372,75052.67,2235.4502,85478.11,1235.4502,37.783936,,,,,,,,,,3.5644778e-06,,1.5377203e-05,0.00010059163,14414.874,0.13173863,208.88568,,,,
1986,2023-12-25 00:00:00+02:00,-0.28477228,,,0.929401,65624.555,3187.641,74770.2,2190.6028,95.06115,,,,,,,,,,-2.9756065e-05,-2.005533e-05,1.6080401e-05,7.796689e-05,19189.94,0.12705502,209.2375,,,,
1987,2023-12-26 00:00:00+02:00,-1.147902,,,0.040586278,48193.68,5553.55,55162.816,4553.55,7.455902,,,,,,,,,,1.936711e-05,-9.6780195e-06,1.56596e-05,0.00010956468,19228.934,0.12960632,209.68546,,,,
1988,2023-12-27 00:00:00+02:00,-0.118503645,,,0.8251234,80623.91,1765.5303,91547.734,769.00494,55.77504,,,,,,,,,,-5.711243e-06,-2.9616389e-05,1.862423e-05,9.6012955e-05,20024.242,0.143504,209.28839,,,,
1989,2023-12-28 00:00:00+02:00,-0.5025887,,,0.9035229,51041.805,5609.964,58328.547,4609.964,84.65842,,,,,,,,,,,,,,,0.12150627,206.25128,,,,
1990,2023-12-29 00:00:00+02:00,-0.22716948,,,0.97231257,45575.207,6042.6177,52360.86,5042.6177,124.85374,,,,,,,,,,,,,,,0.14076729,207.60493,,,,
1991,2023-12-30 00:00:00+02:00,0.30442095,,,0.8879638,56924.855,4408.3145,65125.445,3408.3145,105.93073,,,,,,,,,,-2.4159437e-05,-6.955082e-05,1.8783532e-05,0.00010144102,22091.637,0.14425373,209.17828,,,,
1992,2023-12-31 00:00:00+02:00,-0.13418132,,,0.9201606,87702.16,1179.5917,99148.0,181.60211,36.306732,,,,,,,,,,-1.4014191e-05,,1.4843248e-05,8.29146e-05,16702.48,0.13050586,207.60037,,,,
1993,2024-01-01 00:00:00+02:00,-0.018520221,,,0.37675157,41632.66,6874.87,47821.383,5874.87,157.85419,,,,,,,,,,-1.20123295e-05,-2.3983728e-05,1.5753274e-05,7.546545e-05,16705.135,0.13299862,206.86505,,,,
1994,2024-01-02 00:00:00+02:00,0.20234661,,,0.043618783,33897.52,8215.664,39545.312,7215.664,69.15246,,,,,,,,,,-1.899889e-05,-3.6158694e-05,1.8478351e-05,7.433899e-05,20174.812,0.14065333,208.67053,,,,
1995,2024-01-03 00:00:00+02:00,-0.07991305,,,0.0003974684,42155.07,6459.142,48976.41,5459.142,7.833557,,,,,,,,,,3.0277827e-06,-1.2737548e-05,1.576533e-05,9.840661e-05,19255.727,0.14279367,208.98586,,,,
1996,2024-01-04 00:00:00+02:00,-0.5805474,,,0.7818891,56200.11,4454.0537,64236.15,3454.054,115.2525,,,,,,,,,,-1.8303379e-05,-4.179992e-05,2.2058042e-05,0.00011373097,22114.195,0.1478245,213.26062,,,,
1997,2024-01-05 00:00:00+02:00,0.040155917,0.03363238,220.97922,0.7020892,67557.65,3016.9668,77359.625,2016.9668,99.746704,,,,,,,,,,0.00020659863,,2.337385e-05,0.00032023655,22117.877,0.17535263,215.41786,,,,
1998,2024-01-06 00:00:00+02:00,-0.24102186,0.03891524,223.90746,0.096526906,68093.74,3187.1995,78180.47,2189.5176,74.89948,,,,,,,,,,0.00010579313,4.269646e-05,1.9939424e-05,0.00028258972,23016.537,0.16793339,213.33318,,,,
1999,2024-01-07 00:00:00+02:00,-0.18172708,0.03804816,177.71921,0.0,,,,,,,,,,,,,,,0.00014026921,4.311871e-05,1.7745248e-05,0.00022476335,22223.836,0.1719979,215.66162,,,,
2000,2024-01-08 00:00:00+02:00,0.059210796,,,,,,,,,,,,,,,,,,8.5147396e-05,2.8003065e-05,1.6898533e-05,0.00019150738,17315.816,0.16649619,215.69685,,,,
2001,2024-01-09 00:00:00+02:00,-0.10810298,0.03585725,705.6856,0.77229905,80009.78,2045.6919,90283.016,1045.6919,37.123077,,,,,,,,,,8.236292e-05,3.6233792e-05,1.2904118e-05,0.00014009612,16719.637,0.13511473,215.04309,,,,
2002,2024-01-10 00:00:00+02:00,-0.013109207,0.03847997,1153.6897,0.8730855,77418.39,2279.2617,87660.22,1290.7097,40.39997,,,,,,,,,,2.148344e-05,,9.965946e-06,7.5435986e-05,16714.176,0.11542043,210.56581,,,,
2003,2024-01-11 00:00:00+02:00,-0.38439688,0.037718464,259.53534,0.09353184,63880.38,3672.9988,73013.586,2673.1963,112.92278,,,,,,,,,,1.0333747e-05,-6.10836e-06,1.6151014e-05,9.0500405e-05,19274.08,0.13089608,210.25525,,,,
2004,2024-01-12 00:00:00+02:00,-0.6400313,,,0.9974569,58763.977,4199.6895,67237.84,3199.689,86.32213,,,,,,,,,,1.141952e-05,,1.3894942e-05,8.408315e-05,16701.217,0.13014634,211.48389,,,,
2005,2024-01-13 00:00:00+02:00,0.048758518,,,0.64843833,37167.34,7414.448,43023.85,6414.4487,108.50256,,,,,,,,,,9.5609e-06,-2.542737e-06,1.7405568e-05,0.000109488305,15562.701,0.1412018,212.99904,,,,
2006,2024-01-14 00:00:00+02:00,-0.25913763,0.035843655,565.7956,0.8289856,70192.83,2770.136,79910.51,1770.136,53.002464,,,,,,,,,,1.32210325e-05,-1.5927484e-06,1.6573784e-05,0.00010472525,18561.598,0.1432431,211.8844,,,,
2007,2024-01-15 00:00:00+02:00,-0.13693306,,,0.97767055,46747.83,5621.8623,53776.64,4621.8623,48.114437,,,,,,,,,,,,,,,0.1475274,212.64073,,,,
2008,2024-01-16 00:00:00+02:00,0.0411613,0.03845114,159.52559,0.7610866,68085.23,2915.9346,77702.46,1915.9346,48.03547,,,,,,,,,,-1.3835784e-05,,2.5134514e-05,0.00011741455,24168.232,0.15360783,215.45575,,,,
2009,2024-01-17 00:00:00+02:00,-0.28374335,0.036104515,149.60239,0.030110154,88062.625,1037.3987,98955.71,142.59749,79.824554,,,,,,,,,,4.3347623e-05,1.6297523e-05,2.8425547e-05,0.0002034422,22404.781,0.1509335,216.9496,,,,
2010,2024-01-18 00:00:00+02:00,-0.60055363,0.03709095,219.93188,0.59388995,73725.79,2296.5684,84159.9,1296.5684,31.294504,,,,,,,,,,7.521078e-05,2.07527e-05,2.4419893e-05,0.00020039928,16671.738,0.1391288,220.99573,,,,
2011,2024-01-19 00:00:00+02:00,-0.2902759,0.035656635,408.52045,0.59586847,54270.695,4666.052,62044.297,3666.052,86.11113,,,,,,,,,,5.6006284e-05,3.577672e-05,3.2725417e-05,0.00021085783,23959.223,0.17263517,221.96474,,,,
2012,2024-01-20 00:00:00+02:00,-0.40041316,0.03614758,196.75,0.8985987,64541.938,3476.5532,73991.875,2476.5535,58.692772,,,,,,,,,,6.6540255e-05,,2.6113496e-05,0.00018164366,24264.838,0.1883839,222.59409,,,,
2013,2024-01-21 00:00:00+02:00,-0.9590668,0.0377326,565.5293,0.00525559,52611.01,5149.56,60418.53,4149.56,8.712629,,,,,,,,,,0.0001141233,4.6021905e-05,2.2818878e-05,0.00019710154,16719.51,0.1952484,224.06966,,,,
2014,2024-01-22 00:00:00+02:00,-0.7028729,,,0.9986346,35575.14,8033.035,41180.75,7033.035,154.80829,,,,,,,,,,,,,,,0.1791318,221.6915,,,,
2015,2024-01-23 00:00:00+02:00,-0.2557918,0.03387869,519.64374,0.7850456,78765.28,1989.5791,89082.6,989.5791,23.913782,,,,,,,,,,8.605581e-05,4.7365862e-05,1.7358405e-05,0.00016341402,22122.959,0.15991013,218.0414,,,,
2016,2024-01-24 00:00:00+02:00,-0.22576939,0.03162876,522.0663,1.0,45206.906,6188.324,51813.742,5188.324,119.41315,,,,,,,,,,,,,,,0.15498653,216.61838,,,,
2017,2024-01-25 00:00:00+02:00,0.10314125,0.032425813,632.70526,0.9097363,69987.31,2864.711,79731.445,1864.7109,61.29394,,,,,,,,,,0.00011586523,,2.0400405e-05,0.00017657787,22110.15,0.17158616,215.40707,,,,
2018,2024-01-26 00:00:00+02:00,-0.049444497,0.036448494,140.86345,0.95340323,93841.08,676.58545,101761.32,9.871236,24.924038,,,,,,,,,,1.2266844e-05,,1.763661e-05,9.594322e-05,16709.51,0.15438332,212.99103,,,,
2019,2024-01-27 00:00:00+02:00,-0.23360613,0.035861593,357.9111,0.9695869,76636.0,2293.7715,87050.64,1293.7716,94.011696,,,,,,,,,,2.5347986e-06,,2.0238787e-05,8.976576e-05,16708.172,0.16855817,215.76105,,,,
2020,2024-01-28 00:00:00+02:00,0.055823624,0.035736013,622.06244,0.9840152,72517.76,2881.9922,82353.92,1881.9924,137.77277,,,,,,,,,,-5.018787e-05,,2.3251423e-05,7.57707e-05,19309.654,0.16215351,215.58658,,,,
2021,2024-01-29 00:00:00+02:00,0.06469568,,,0.56069696,41268.734,7194.8784,47386.797,6194.8784,42.569168,,,,,,,,,,1.8963907e-05,-2.5439704e-06,1.7943525e-05,9.8852994e-05,14434.089,0.17049259,215.2225,,,,
2022,2024-01-30 00:00:00+02:00,0.48451737,,,0.5912792,45901.812,6392.769,52537.547,5392.7695,36.571857,,,,,,,,,,7.365906e-05,5.6948087e-05,1.6578346e-05,0.00013105388,14433.297,0.16989553,215.1765,,,,
2023,2024-01-31 00:00:00+02:00,-0.38152558,0.03513648,632.6991,0.9967592,86685.45,1377.436,95887.86,528.978,31.7058,,,,,,,,,,6.8003676e-05,,1.7571048e-05,0.00013485759,16708.719,0.17078936,215.04007,,,,
2024,2024-02-01 00:00:00+02:00,0.24055308,0.034823272,269.77606,0.8003226,82040.984,1617.9418,93004.516,617.94183,29.291914,,,,,,,,,,-1.2153708e-05,-2.6914065e-06,2.3244835e-05,9.235297e-05,18727.281,0.18383908,217.57289,,,,
2025,2024-02-02 00:00:00+02:00,0.026748285,0.035977453,355.99628,0.22769421,77040.37,2160.3418,87923.734,1161.1709,30.548965,,,,,,,,,,1.9438756e-05,-5.4721913e-06,2.4826299e-05,0.00012618204,19078.39,0.18475518,216.90607,,,,
2026,2024-02-03 00:00:00+02:00,-0.15330395,0.035608448,628.1224,0.897771,83230.3,1472.4562,93992.875,472.45615,20.83668,,,,,,,,,,2.204793e-05,1.0303688e-06,2.2464505e-05,0.00011420318,19223.156,0.16756336,216.94888,,,,
2027,2024-02-04 00:00:00+02:00,0.2360012,0.035738043,409.34314,0.30336845,61137.08,3934.8994,70024.69,2934.8992,23.1903,,,,,,,,,,1.3949559e-05,-9.205632e-06,2.3087643e-05,0.00010100301,23325.125,0.20335136,216.25983,,,,
2028,2024-02-05 00:00:00+02:00,-0.21661656,0.033579998,404.77734,0.9319468,70675.45,2736.891,80357.805,1745.474,56.691853,,,,,,,,,,2.2900502e-05,1.7250542e-05,1.8955969e-05,0.000101697515,16674.973,0.18243892,214.54532,,,,
2029,2024-02-06 00:00:00+02:00,-0.15059832,0.03712058,176.54355,0.7722167,72519.14,2561.7085,82688.3,1561.8677,21.703356,,,,,,,,,,4.113583e-05,1.3145703e-05,1.6380334e-05,0.00010798213,15070.421,0.15690456,211.73434,,,,
2030,2024-02-07 00:00:00+02:00,-0.37943676,0.03522995,343.44962,0.58524007,70279.89,2717.921,80134.05,1717.9209,17.222498,-7.364902e-05,1.308857,-0.00011246859,0.2323827,,,,,,3.044335e-05,-1.465236e-05,1.9412078e-05,0.00011455544,17279.55,0.17520382,211.83224,,,,
2031,2024-02-08 00:00:00+02:00,-0.55070543,0.03766367,221.51889,0.90983105,79074.53,1871.6909,89953.234,872.61755,15.92903,,,,,,,,,,7.414394e-05,,1.921333e-05,0.00014462494,18469.605,0.16574723,212.41714,,,,
2032,2024-02-09 00:00:00+02:00,-0.4496915,0.038718887,240.3653,0.47384423,83264.484,1528.5413,94237.55,552.1193,8.767298,2.1973627e-05,1.1399552,1.2846474e-05,0.31354436,,,,,,8.3367326e-05,,1.9902001e-05,0.00015108238,16694.96,0.15790325,212.18239,,,,
2033,2024-02-10 00:00:00+02:00,-0.26764575,0.036300175,649.34045,0.94179416,66982.71,3261.4153,76201.03,2261.4153,21.531887,,,,,,,,,,5.483887e-05,,2.0317504e-05,0.00013252595,16696.008,0.15525591,213.29753,,,,
2034,2024-02-11 00:00:00+02:00,-0.28266338,0.037608206,799.6274,0.99772656,81402.18,1765.6411,91969.89,781.1431,28.409317,,,,,,,,,,5.3079457e-05,2.1219344e-05,2.082785e-05,0.00012889771,16694.654,0.15875669,213.3699,,,,
2035,2024-02-12 00:00:00+02:00,-1.1096344,0.031170817,613.75653,1.0,68582.34,3117.1865,77689.2,2117.1863,86.41722,,,,,,,,,,7.1904426e-05,,1.911856e-05,0.00010609729,16690.264,0.17405808,215.29054,,,,
2036,2024-02-13 00:00:00+02:00,-0.3461265,0.03784445,739.2134,1.0,63703.55,3699.1782,72456.4,2699.1777,88.674675,,,,,,,,,,,,,,,0.17841731,214.09152,,,,
2037,2024-02-14 00:00:00+02:00,-0.1965913,0.036934722,300.06238,0.8531157,86529.2,1350.6177,97879.15,358.92947,12.896382,,,,,,,,,,5.0550458e-05,8.184617e-06,2.2984255e-05,0.00012689995,22183.11,0.18618858,215.88583,,,,
2038,2024-02-15 00:00:00+02:00,-0.47528142,,,1.0,58558.21,4413.729,66817.125,3413.729,31.652805,,,,,,,,,,2.1707656e-05,,2.1852811e-05,9.429489e-05,20024.924,0.16153276,216.02963,,,,
2039,2024-02-16 00:00:00+02:00,-0.36814246,0.0354188,1317.0427,0.99999976,76799.13,2344.4702,87009.69,1344.4703,44.383797,,,,,,,,,,,,,,,0.15848672,214.35675,,,,
2040,2024-02-17 00:00:00+02:00,-0.24844462,0.036799077,762.6299,0.9926326,63367.734,3817.06,72039.4,2817.4414,106.417694,,,,,,,,,,0.000118388816,,2.1242735e-05,0.00013770825,17736.588,0.16630223,214.16226,,,,
2041,2024-02-18 00:00:00+02:00,-0.052431256,0.039216325,291.15643,0.18949963,94007.19,767.4943,102453.125,53.177788,2.8007505,2.8166301e-05,1.2237288,3.1333493e-05,0.19079344,1883.853,3000.0,0.031045025,1907.7349,6.366232,3.277101e-05,1.416222e-05,1.8586241e-05,0.000102952225,19309.77,0.14492412,210.46017,,,,
2042,2024-02-19 00:00:00+02:00,-0.049128503,,,0.8767711,46383.33,6098.978,53040.14,5098.978,12.730616,,,,,,,,,,4.069152e-05,,1.9311665e-05,9.484093e-05,16712.732,0.1482307,212.32448,,,,
2043,2024-02-20 00:00:00+02:00,-0.30184215,0.038925648,558.98596,0.99782676,81341.24,1803.0425,92136.42,803.12915,41.2338,,,,,,,,,,6.12957e-05,,2.1222451e-05,0.00011859687,19271.977,0.168289,212.97627,,,,
2044,2024-02-21 00:00:00+02:00,-0.17674965,0.039859466,556.8242,0.9998679,86240.336,1347.6746,95082.89,537.53644,21.271646,,,,,,,,,,4.895917e-05,,1.8231704e-05,9.822128e-05,16701.725,0.16602105,212.82663,,,,
2045,2024-02-22 00:00:00+02:00,-0.27409226,0.03627617,447.21442,0.9970994,91642.33,770.92847,100373.95,10.132471,19.15207,,,,,,,,,,6.866548e-05,,1.8528714e-05,0.00012469235,16693.121,0.16163811,215.45053,,,,
2046,2024-02-23 00:00:00+02:00,-0.5711839,,,1.0,50382.25,5503.5537,57494.6,4503.5537,150.1302,,,,,,,,,,,,,,,0.15819663,219.39584,,,,
2047,2024-02-24 00:00:00+02:00,-0.46498206,,,1.0,46433.914,6074.535,53216.992,5074.534,134.44144,,,,,,,,,,,,,,,0.17158347,219.37036,,,,
2048,2024-02-25 00:00:00+02:00,-0.090683736,0.03807421,461.40576,0.28977066,69690.05,3095.042,79235.11,2095.0422,9.578592,8.071222e-05,1.1256742,7.990317e-05,0.20031679,,,,,,5.1332365e-05,2.211926e-05,3.0218085e-05,0.00014634736,19272.676,0.17364751,216.56592,,,,
2049,2024-02-26 00:00:00+02:00,-0.1124917,0.037695613,664.0503,1.0,90151.53,966.3458,99154.62,158.19455,67.68402,,,,,,,,,,5.693767e-05,,2.2350458e-05,0.00013216177,16698.719,0.15235354,215.0528,,,,
2050,2024-02-27 00:00:00+02:00,-0.5206436,,,0.99999994,59484.742,4349.123,67750.23,3349.216,43.71428,,,,,,,,,,6.629237e-05,,2.0394407e-05,0.00010566489,16707.637,0.1496883,213.03342,,,,
2051,2024-02-28 00:00:00+02:00,-1.5994049,0.03680007,820.7477,0.99832034,75824.555,2413.0857,85971.61,1413.0857,21.130428,,,,,,,,,,7.418196e-05,,2.1990863e-05,0.00010869701,16707.268,0.15441395,214.52283,,,,
2052,2024-02-29 00:00:00+02:00,-0.35657993,0.039025128,367.7427,1.0,95687.95,575.0293,102232.56,5.802168,38.190907,,,,,,,,,,4.0027822e-05,,2.429456e-05,0.00012071045,16714.918,0.17180228,214.23868,,,,
2053,2024-03-01 00:00:00+02:00,-0.31595978,0.041040618,683.12115,0.5185999,89312.67,1146.9109,98505.46,324.11493,8.134002,6.779935e-05,0.99662066,5.1859402e-05,0.20931749,1844.3894,3000.0273,0.054513164,1857.3486,3.1261206,4.1761632e-05,1.936476e-05,2.2465965e-05,0.00011148063,14429.63,0.16681524,216.43484,,,,
2054,2024-03-02 00:00:00+02:00,0.1180491,,,0.30024296,41834.414,7028.6104,47926.23,6028.6104,6.0875983,6.508075e-05,1.0004282,5.7917485e-05,0.15718877,,,,,,3.827645e-05,1.4475961e-05,2.3804703e-05,0.00010798349,15085.77,0.16865656,217.95712,,,,
2055,2024-03-03 00:00:00+02:00,-0.0573833,0.03632033,526.944,0.09018952,91610.81,924.4625,101303.95,68.14738,3.0394356,8.4061714e-05,1.0783486,8.026773e-05,0.08791674,1886.4724,3000.0,0.023307856,1899.0586,3.1426692,4.2535776e-05,1.9215542e-05,2.3320234e-05,0.000111311616,14429.463,0.15814574,217.91327,,,,
2056,2024-03-04 00:00:00+02:00,0.7072643,0.033059392,440.3582,0.114337325,68652.57,3181.7434,77964.09,2200.5955,2.3275766,3.1974232e-05,1.0569787,2.7702361e-05,0.12109566,1881.9342,3000.0625,0.17897056,1897.2965,7.0334325,4.3910863e-05,2.0010299e-05,2.3900564e-05,0.00011905996,16712.604,0.16255704,218.09366,,,,
2057,2024-03-05 00:00:00+02:00,-0.07865049,0.036871776,427.44446,0.17289497,96143.96,559.67505,102430.35,6.826827,3.1450875,0.00010490865,0.9220681,8.929004e-05,0.17008923,1891.5444,3000.0,0.026913354,1904.2102,2.9620645,5.022402e-05,2.6257718e-05,2.3966299e-05,0.00012527446,16717.465,0.1534463,216.72066,,,,
2058,2024-03-06 00:00:00+02:00,-0.18646744,0.039385196,359.92462,0.0,,,,,,8.324424e-05,1.0482032,7.553189e-05,0.09622265,1871.405,2999.999,0.02354676,1882.4377,3.0378718,5.396644e-05,3.270182e-05,2.1264623e-05,0.00011673925,14435.434,0.14298749,215.90692,,,,
2059,2024-03-07 00:00:00+02:00,-0.09473341,0.038506255,275.07498,0.18016368,95932.94,591.12976,101871.79,81.12585,5.77744,8.0689395e-05,1.2730178,7.931395e-05,0.19701219,,,,,,4.9019007e-05,4.0092775e-05,2.0300513e-05,0.00011318161,14433.628,0.13619667,214.63358,,,,
2060,2024-03-08 00:00:00+02:00,-0.07925168,0.0390947,332.55902,,,,,,,,,,,,,,,,4.2094507e-05,,2.2784816e-05,0.00011782503,14430.994,0.14536807,216.515,,,,
2061,2024-03-09 00:00:00+02:00,-0.2867229,0.03713555,306.1485,1.0,91992.516,857.2472,102024.62,16.24602,51.051674,,,,,,,,,,5.0091025e-05,,3.2711025e-05,0.00014359149,16713.453,0.1567207,219.35684,,,,
2062,2024-03-10 00:00:00+02:00,-0.025995448,0.03985306,279.7579,0.18788905,92515.85,838.809,99368.6,249.28284,2.0171547,9.941975e-05,0.96508306,8.7027496e-05,0.17766638,,,,,,6.545606e-05,2.20152e-05,4.344085e-05,0.0001859139,16716.479,0.16240211,222.78214,,,,
2063,2024-03-11 00:00:00+02:00,-0.012139767,0.039138656,219.6535,0.11706031,93155.31,783.2874,101808.12,40.645397,3.9764388,8.17556e-05,1.0668998,7.450258e-05,0.11232998,1856.3279,3000.0083,0.057093844,1865.7227,3.3203797,6.873463e-05,2.0698077e-05,4.8036556e-05,0.00018865058,16716.332,0.16187069,225.59854,,,,
2064,2024-03-12 00:00:00+02:00,-0.25290987,0.04231493,510.60562,0.7019976,52978.26,5169.829,60582.617,4169.829,7.3275604,0.00010489857,0.82158184,6.487262e-05,0.4015826,,,,,,5.878922e-05,1.4769496e-05,4.397642e-05,0.00016021769,16710.414,0.15990946,225.31616,,,,
2065,2024-03-13 00:00:00+02:00,-0.2307635,0.03832361,675.73474,1.0,87976.375,1221.378,98976.86,246.67584,23.650164,,,,,,,,,,7.698085e-05,,3.5714154e-05,0.00014776667,16708.895,0.15617695,222.90033,,,,
2066,2024-03-14 00:00:00+02:00,-0.1062403,0.040472336,463.28235,0.7299255,89684.2,1071.4349,98211.734,301.04916,9.094163,0.00011492951,1.0966998,0.00011628391,0.19958283,,,,,,5.5988745e-05,2.4148727e-05,3.523288e-05,0.00014810875,13741.6455,0.1492491,221.22662,0.00073605956,0.2262125,0.00016597519,-8.9374835e-06
2067,2024-03-15 00:00:00+02:00,-1.2892889,0.03624774,1098.3566,0.38407725,64386.14,3700.6155,73009.14,2700.6152,11.457879,6.143643e-05,1.0457376,5.4332908e-05,0.25308877,,,,,,6.2293264e-05,2.6072768e-05,3.634777e-05,0.00012993898,14424.7295,0.15165457,219.97203,0.0006567207,0.20924167,0.00013385907,-9.667203e-06
2068,2024-03-16 00:00:00+02:00,-0.43183905,0.038714983,817.90015,0.8342276,77462.516,2231.2458,87043.05,1266.664,15.747412,0.00015914446,1.0895857,0.00016193213,0.558146,,,,,,5.661152e-05,2.7409826e-05,3.611952e-05,0.00015445257,16697.078,0.16176164,221.36938,,,,
2069,2024-03-17 00:00:00+02:00,-0.47793096,0.03802401,374.33603,1.0,80976.17,1785.0042,91971.25,785.1576,40.219204,,,,,,,,,,5.858885e-05,,3.512332e-05,0.00014549181,19966.809,0.18488218,222.50272,,,,
2070,2024-03-18 00:00:00+02:00,-0.22198959,0.04066197,581.0434,0.9998704,95159.81,589.73694,101870.17,8.939555,16.803314,,,,,,,,,,6.522961e-05,,3.356502e-05,0.00016065815,19286.352,0.19611996,223.0827,,,,
2071,2024-03-19 00:00:00+02:00,-0.3934874,,,0.99648714,91973.11,894.9486,101733.93,57.92892,18.020836,,,,,,,,,,4.9895072e-05,,3.4438868e-05,0.00012967878,19295.672,0.19014993,223.50317,,,,
2072,2024-03-20 00:00:00+02:00,-0.38967705,0.040130734,425.0961,0.6755262,86684.055,1384.3378,95561.41,575.65375,22.334223,0.00015055867,1.442237,0.00016580454,0.32945424,,,,,,6.0409184e-05,1.4640443e-05,3.315392e-05,0.00015403214,19877.332,0.18332776,224.60884,0.0009835906,0.28488746,0.00027572422,-1.9314051e-05
2073,2024-03-21 00:00:00+02:00,-0.5019313,0.034576185,388.01147,1.0,72874.49,2711.3384,82935.45,1711.3384,30.592464,,,,,,,,,,3.5941444e-05,,3.829808e-05,0.00013487473,19282.344,0.1839838,224.78067,,,,
2074,2024-03-22 00:00:00+02:00,-0.6236761,0.037316673,913.1782,1.0,65224.516,3514.8955,74114.766,2514.896,24.025276,,,,,,,,,,7.083911e-05,,3.5988553e-05,0.00013105164,14923.789,0.1755376,225.49657,,,,
2075,2024-03-23 00:00:00+02:00,-0.3820362,0.03688389,478.18866,0.401443,57691.438,4379.708,65874.24,3379.709,7.0888557,8.625696e-05,0.8500887,5.2203024e-05,0.30164948,,,,,,4.6306533e-05,1.2385735e-06,4.5922447e-05,0.00014837313,20357.354,0.17669125,227.56982,0.0011851424,0.23531398,0.00027274224,2.9443325e-05
2076,2024-03-24 00:00:00+02:00,-0.3777489,0.034507424,413.4195,0.8689945,90085.61,866.2117,98513.7,110.95968,9.795481,-8.729235e-06,1.4863623,-2.7359582e-05,0.39599046,,,,,,5.122333e-05,5.3481685e-06,4.9898677e-05,0.00016537608,24190.8,0.19242638,228.84991,-0.00029105632,0.901285,-0.00026232464,-1.2801006e-06
2077,2024-03-25 00:00:00+02:00,-0.5882511,0.034748606,445.2787,0.919611,80917.34,1765.2832,91469.97,789.8412,15.484146,-1.0184866e-05,1.319136,-3.3977034e-05,0.41592973,,,,,,6.320819e-05,3.1607968e-05,4.6789315e-05,0.0001714146,24219.105,0.20345446,228.8381,-0.0007378965,0.5519964,-0.00040731623,3.1439333e-06
2078,2024-03-26 00:00:00+02:00,-0.42421177,0.037412282,485.4026,0.76885223,75325.25,2385.7534,85343.04,1394.0023,11.580552,1.0207935e-05,0.9977329,-6.3444836e-06,0.19189638,,,,,,7.4293144e-05,3.8449845e-05,4.6882968e-05,0.00018482101,22140.91,0.20265447,227.17459,0.000501609,0.35418636,0.00019232897,-2.7816524e-05
2079,2024-03-27 00:00:00+02:00,-0.20650864,,,0.80108106,45018.812,6332.126,51476.168,5332.126,9.990657,0.0001321514,0.81178236,8.928799e-05,0.40077585,,,,,,6.4189626e-05,,4.3761116e-05,0.00015529676,17213.176,0.17020941,227.49496,0.0023678383,0.280774,0.00066336995,8.497036e-06
2080,2024-03-28 00:00:00+02:00,0.069438264,0.034126297,956.79016,0.54209006,67226.66,3316.766,76018.29,2320.5007,8.850077,6.106497e-05,1.0715157,4.982587e-05,0.19975239,,,,,,6.496279e-05,1.81631e-05,4.481735e-05,0.00016105032,16684.787,0.17890741,226.60114,0.00085615495,0.29043216,0.00023609298,1.4915259e-05
2081,2024-03-29 00:00:00+02:00,-0.7415447,0.033269696,622.2991,0.9550812,80953.055,1791.9016,90646.55,851.4204,20.168621,0.00010433695,1.3181679,0.0001234057,0.31530416,,,,,,6.676612e-05,1.2975849e-05,4.7545655e-05,0.00017644833,21678.422,0.1928524,227.49557,0.00023656638,0.467617,0.0001459032,-1.8074372e-05
2082,2024-03-30 00:00:00+02:00,-0.236562,0.03570777,816.42017,0.13581565,83135.266,1607.7625,93539.78,632.99115,8.325055,6.143171e-05,1.0608395,4.9356066e-05,0.10978157,,,,,,7.612137e-05,3.4076176e-05,4.213426e-05,0.00017866309,19254.518,0.18037707,225.10754,0.0021223037,0.24679857,0.0003817315,4.0934905e-05
2083,2024-03-31 00:00:00+02:00,0.6463021,0.033640474,1093.061,0.16233853,69403.9,3140.058,78352.68,2140.0583,14.06098,6.806918e-05,0.9895183,5.7161087e-05,0.049693085,,,,,,6.9316826e-05,2.598849e-05,4.3673135e-05,0.00014134475,19250.395,0.16754058,225.31642,0.000116157455,0.41622442,4.7845195e-05,-2.0984127e-05
2084,2024-04-01 00:00:00+03:00,1.1443683,0.032343272,961.0721,0.52479124,68976.086,3274.621,77833.38,2288.204,10.271816,7.310496e-05,0.8227481,4.7552094e-05,0.33515868,,,,,,7.3276955e-05,3.2203996e-05,4.580585e-05,0.00017870155,19238.3,0.19170535,224.71889,0.00094770314,0.19496888,0.0001887141,1.1082339e-05
2085,2024-04-02 00:00:00+03:00,-0.42131552,0.03247262,1641.6293,0.9894942,48279.11,5835.4956,55077.914,4835.4956,20.857635,,,,,,,,,,0.00010616049,,4.0693216e-05,0.00015049186,16677.55,0.19175757,225.05815,,,,
2086,2024-04-03 00:00:00+03:00,-0.30604953,0.0351525,957.64417,1.0,70840.34,2761.0537,80301.28,1761.0538,34.2284,,,,,,,,,,0.00011795697,,4.1970306e-05,0.00015813106,22080.621,0.19783255,226.01103,,,,
2087,2024-04-04 00:00:00+03:00,-0.38804567,0.036520824,237.04124,0.9929683,88901.3,1092.5428,99685.83,157.8106,17.263863,,,,,,,,,,8.223251e-05,,4.1731626e-05,0.00016199198,22163.045,0.18972209,224.92484,,,,
2088,2024-04-05 00:00:00+03:00,-0.73020506,0.035095245,916.4747,0.9840107,88635.78,1094.2413,98165.03,228.42093,42.213097,,,,,,,,,,7.809901e-05,,4.0508414e-05,0.00018211565,19258.535,0.18517593,225.56888,,,,
2089,2024-04-06 00:00:00+03:00,-0.67877096,0.03312219,865.19586,0.99335885,90012.2,978.24634,99321.2,134.05835,33.79551,9.557435e-05,1.7070664,0.0001512407,0.46663818,,,,,,6.632772e-05,,4.5403336e-05,0.00018515071,19258.453,0.19007999,224.29642,,,,
2090,2024-04-07 00:00:00+03:00,-0.31231877,,,0.9989069,44978.008,6572.8247,51411.555,5572.824,13.531129,,,,,,,,,,5.591501e-05,,4.2074244e-05,0.0001382718,14426.785,0.1536435,224.02414,,,,
2091,2024-04-08 00:00:00+03:00,-0.27462512,,,0.99987566,36028.05,8104.6055,41531.703,7104.6064,21.715973,,,,,,,,,,9.738486e-05,,3.776174e-05,0.00013789439,16706.445,0.1611948,223.3918,,,,
2092,2024-04-09 00:00:00+03:00,-0.11273729,0.037025984,1220.378,0.09312568,56383.44,4879.8164,63976.824,3879.8164,4.0985546,0.00014411946,0.9536847,0.00011765765,0.09703749,1858.292,3000.356,0.11194631,1869.3059,2.3723538,8.589146e-05,4.5912588e-05,3.997887e-05,0.0001772941,16699.842,0.15194848,223.87392,0.00045319676,0.29353255,0.00013001177,2.4372524e-05
2093,2024-04-10 00:00:00+03:00,0.22772512,0.03593036,1506.3944,0.32968926,58184.72,4699.079,66014.91,3699.079,6.2125134,0.00015949583,0.8881308,0.00011719772,0.25556383,,,,,,7.211443e-05,2.6361951e-05,4.2881107e-05,0.0001663344,15537.104,0.15539175,223.78876,0.00024850076,0.44570476,0.00011185018,4.1041254e-05
2094,2024-04-11 00:00:00+03:00,-0.37447655,0.03460393,810.683,0.7112107,49577.812,5941.2207,56566.586,4941.22,15.168566,8.819763e-05,1.0171664,7.582455e-05,0.12255768,1884.793,3000.1,0.11094434,1896.8776,3.1351593,5.9407597e-05,2.7238451e-05,3.8167505e-05,0.00014324911,16716.74,0.15517825,222.61226,0.00031249004,0.34858984,0.00010167844,5.6543736e-06
2095,2024-04-12 00:00:00+03:00,-0.7130493,0.03664147,437.45013,0.63472307,74916.234,2831.6797,84073.14,1878.264,7.1026173,8.095803e-05,0.96768486,5.497687e-05,0.39308864,,,,,,6.66113e-05,2.1534746e-05,4.040996e-05,0.00014491755,19060.465,0.16332613,223.76602,0.001018904,0.18631127,0.00019043492,1.9997391e-05
2096,2024-04-13 00:00:00+03:00,-0.5392604,0.03488285,771.04645,0.9992167,93705.31,690.46387,101302.58,10.982552,19.175743,,,,,,,,,,5.3043153e-05,,3.5338344e-05,0.00013765908,19274.63,0.16486898,224.24603,,,,
2097,2024-04-14 00:00:00+03:00,-0.55029243,0.03300719,467.16547,0.8040094,80019.36,1858.0889,90161.66,892.3821,29.122,-3.966503e-06,0.94481874,-1.423851e-05,0.14690241,,,,,,6.265608e-05,1.3250744e-05,4.0898874e-05,0.00014044871,22223.172,0.16787729,226.74316,0.00025694745,0.38748685,8.417812e-05,1.1729685e-05
2098,2024-04-15 00:00:00+03:00,-0.6004902,0.0328297,656.1244,0.59782124,91849.17,741.7749,100002.41,14.050608,8.227456,0.000110201756,1.1083183,0.000105649844,0.23454672,,,,,,5.8403348e-05,1.8544319e-05,4.301525e-05,0.00015230896,24018.225,0.18532848,227.22795,0.0013105639,0.36961547,0.0003728798,3.1136384e-05
2099,2024-04-16 00:00:00+03:00,-0.93056756,0.03246318,505.98236,0.25557292,45125.68,6236.6577,51821.16,5236.6577,8.9317665,7.362673e-05,0.991119,5.700937e-05,0.114976674,,,,,,7.3045216e-05,2.5212152e-05,5.0546943e-05,0.0001533192,24185.602,0.20347202,227.94604,9.652628e-05,0.44362268,4.2061936e-05,1.3569709e-06
2100,2024-04-17 00:00:00+03:00,-0.58190614,0.030900486,645.0229,0.5871403,88577.375,1046.0359,97462.29,248.36664,6.845193,2.2954384e-05,1.5574768,1.7801804e-05,0.35190022,,,,,,6.8936206e-05,2.4595887e-05,4.8292015e-05,0.00017993203,24213.03,0.20176789,227.13226,0.00016317917,0.6114815,7.532296e-05,-1.9155555e-05
2101,2024-04-18 00:00:00+03:00,-0.54095966,0.0345577,591.1241,0.70902634,92562.05,730.14026,99441.81,125.79051,8.478679,-6.4612024e-05,1.1553478,-0.000101273814,0.40304264,,,,,,6.441792e-05,,4.7256053e-05,0.00017937677,23191.098,0.19906056,227.66507,,,,
2102,2024-04-19 00:00:00+03:00,-0.2280443,,,0.9942638,90367.4,872.058,100245.766,11.779191,22.43576,,,,,,,,,,6.416561e-05,,5.1076666e-05,0.00017213682,24222.309,0.19381574,228.5958,,,,
2103,2024-04-20 00:00:00+03:00,-0.52461374,0.03345967,392.0799,0.67035615,84630.766,1452.1104,95645.19,472.40256,9.028313,4.7887326e-05,1.2967168,3.222324e-05,0.31253773,,,,,,6.9631904e-05,2.1292473e-05,5.2873213e-05,0.00017646534,24254.613,0.20690912,228.8771,0.0011221817,0.3623338,0.0002483115,3.4450146e-05
2104,2024-04-21 00:00:00+03:00,-0.2831666,0.037465222,535.93134,0.11458762,91298.66,966.115,99786.2,223.16347,8.872802,5.330416e-05,1.1838589,4.0254214e-05,0.10965832,1885.5413,3000.141,0.058456928,1893.5393,1.9501806,7.844499e-05,2.9730927e-05,4.9502407e-05,0.00019690918,19483.555,0.181039,227.97037,0.00040067942,0.6118574,0.00021268411,3.2016604e-05
2105,2024-04-22 00:00:00+03:00,-0.48554343,0.030622387,429.35052,1.0,74977.516,2423.7957,84986.34,1423.7957,59.958515,,,,,,,,,,0.00016356954,,4.9551953e-05,0.0001610364,22140.031,0.19435523,228.08084,,,,
2106,2024-04-23 00:00:00+03:00,-0.62215364,0.035070974,455.55118,0.99551064,88614.03,1139.9569,99668.17,171.0145,28.019178,,,,,,,,,,6.7012355e-05,,5.5838074e-05,0.00018030804,24285.227,0.19903776,228.41225,,,,
2107,2024-04-24 00:00:00+03:00,-0.57878435,0.03416874,451.60483,0.9157497,76700.31,2268.7837,87109.09,1268.7834,14.888077,-9.1919675e-05,1.3934505,-0.00015266633,0.42994165,,,,,,7.960832e-05,,5.2830146e-05,0.00017449885,22155.21,0.19130467,228.11455,,,,
2108,2024-04-25 00:00:00+03:00,-0.4889177,0.03433843,1049.199,1.0,78045.36,2066.025,88121.14,1084.9963,39.316162,,,,,,,,,,0.000102715494,,5.8090398e-05,0.00018999238,24206.88,0.19567367,228.23306,,,,
2109,2024-04-26 00:00:00+03:00,-0.900875,0.034847394,744.63873,0.4863726,86538.17,1320.5549,95646.07,485.77246,9.26812,4.3621323e-05,1.268763,2.8254206e-05,0.25341818,,,,,,8.243584e-05,2.3253524e-05,5.9479455e-05,0.00021924259,23180.7,0.1953057,228.89677,0.0005895578,0.5076188,0.00020856847,6.259399e-05
2110,2024-04-27 00:00:00+03:00,-0.77964246,0.03557262,766.8772,0.3569574,78304.16,2201.5327,88482.266,1209.0854,6.8443675,6.2078485e-05,1.1226283,5.0327588e-05,0.2704505,1884.6503,3000.256,0.07755397,1899.6521,2.6228755,8.0301135e-05,2.7923337e-05,5.4221768e-05,0.00020429667,19848.262,0.18192315,228.04135,7.01193e-05,0.4293695,3.0354726e-05,-3.1069965e-07
2111,2024-04-28 00:00:00+03:00,-0.5704126,0.03420125,673.66187,0.22705609,80736.69,2059.257,90664.68,1080.2646,7.248393,0.0001284256,1.045911,0.00011079178,0.21087243,,,,,,8.020719e-05,2.4515242e-05,5.5663026e-05,0.00019039272,22197.422,0.18645805,228.17557,0.00086517085,0.319524,0.00019929768,3.7774564e-05
2112,2024-04-29 00:00:00+03:00,-0.6104762,,,0.6602615,47832.863,6162.497,54516.883,5162.497,8.874241,0.00012014407,0.8566002,7.588674e-05,0.29301903,,,,,,7.027847e-05,2.8370692e-05,4.6440065e-05,0.00014911237,16717.416,0.1679376,227.69635,-8.251874e-05,0.3797869,-2.9096516e-05,5.692635e-06
2113,2024-04-30 00:00:00+03:00,-0.8424135,0.03581519,1344.3872,0.72161996,72014.52,3008.004,81492.06,2008.0039,9.406648,0.000134344,1.0371685,0.00010995474,0.41835627,,,,,,7.63488e-05,3.187856e-05,4.824683e-05,0.00016052513,16721.738,0.17246717,227.72978,0.00017919818,0.49733993,-7.137739e-06,2.6291424e-05
2114,2024-05-01 00:00:00+03:00,-0.4650903,0.03650572,1794.5115,0.14090754,71004.84,3156.7625,80098.484,2162.073,6.677424,0.00012877079,0.8855121,9.186027e-05,0.10139881,1873.1348,3000.959,0.09736247,1888.5988,2.9299634,7.632613e-05,2.7423224e-05,4.8902904e-05,0.00017878671,16716.395,0.16996394,227.56593,0.00051125506,0.43766603,0.00020089802,4.555433e-05
2115,2024-05-02 00:00:00+03:00,-0.39288673,0.036362197,645.2569,0.0,,,,,,4.0324736e-05,0.86367726,1.8261724e-05,0.00043237876,,,,,,7.268765e-05,1.9269406e-05,5.3418244e-05,0.00014963343,16711.89,0.16183211,227.68622,0.00018001882,0.3989706,7.105775e-05,1.716183e-05
2116,2024-05-03 00:00:00+03:00,-0.017789975,0.03327568,617.661,0.088405706,86651.17,1424.1963,94351.33,685.4617,3.31263,4.3515454e-05,0.9829791,2.3081613e-05,0.08592903,1875.8635,3000.1152,0.03536886,1889.7101,2.5560517,8.2018414e-05,2.4547633e-05,5.7470777e-05,0.0002041761,16709.64,0.1739839,227.84128,0.00030287725,0.40184495,0.00011561355,1.832617e-05
2117,2024-05-04 00:00:00+03:00,-0.2882882,0.036843225,847.35596,0.03476797,90146.08,1040.5658,98695.7,240.28087,5.201021,0.00010381731,0.8300718,6.468344e-05,0.03012378,1860.0132,3000.1074,0.046845336,1876.6023,2.8259134,8.300384e-05,2.543109e-05,5.757276e-05,0.00019401078,16704.61,0.16588235,229.45248,0.00038440406,0.30974036,0.00012281624,2.2373219e-05
2118,2024-05-05 00:00:00+03:00,-0.7208734,0.03620501,1138.4797,0.68857783,63864.34,3796.685,72545.766,2796.685,10.976349,8.908904e-05,0.9280338,5.5005774e-05,0.35325924,,,,,,8.0461556e-05,2.8397733e-05,5.558107e-05,0.00017061245,16700.336,0.16918132,229.22932,-2.7703885e-05,0.6445686,-1.953678e-05,4.8107027e-05
2119,2024-05-06 00:00:00+03:00,-0.58560795,0.03113813,1123.1804,0.9993949,63246.453,3813.5264,71854.06,2813.5264,32.103157,,,,,,,,,,8.696747e-05,,5.105133e-05,0.00017433942,19260.322,0.17907819,228.95605,,,,
2120,2024-05-07 00:00:00+03:00,-0.32669133,0.03373288,443.50372,0.018566675,78339.62,2125.4753,87542.055,1234.9133,6.129316,6.154366e-05,0.77771187,2.2366592e-05,0.0028838494,1868.323,3000.08,0.059878778,1885.1146,3.1317964,8.949477e-05,2.9056275e-05,6.04385e-05,0.0002115442,22173.674,0.18145433,229.98163,0.0013469337,0.28313625,0.0003024109,5.6455465e-05
2121,2024-05-08 00:00:00+03:00,-0.5859424,0.033874534,510.30292,0.39618656,68121.58,3305.7495,77491.7,2305.7495,9.429458,0.0002424781,0.7295879,0.00013046295,0.26522365,1874.7906,3000.5308,0.13735224,1892.6427,4.0051465,8.216771e-05,2.5341953e-05,6.264491e-05,0.0002029507,19909.023,0.18419385,228.54108,0.00015256507,0.3660274,5.844352e-05,3.4389068e-06
2122,2024-05-09 00:00:00+03:00,-0.6240272,0.037569746,805.5813,0.9701673,82403.36,1784.0244,93315.12,784.18115,12.706785,,,,,,,,,,0.00010816782,,5.3817486e-05,0.00018002634,18522.12,0.18323505,229.32166,,,,
2123,2024-05-10 00:00:00+03:00,-0.7065739,0.034643434,691.7611,0.94350857,90751.14,967.0905,100068.17,138.28197,16.586079,2.0489857e-05,1.5703964,4.7465974e-06,0.36250216,,,,,,6.5475026e-05,-4.7813664e-08,6.204919e-05,0.00017886945,19274.736,0.18296923,229.70908,-0.00017881222,0.559494,-0.00010242852,9.720984e-06
2124,2024-05-11 00:00:00+03:00,-0.28696546,0.034395296,353.78702,0.0,,,,,,3.8621674e-05,0.7867676,1.17941145e-05,0.0,1861.3201,3000.0056,0.031029766,1874.8372,2.7213905,8.2540435e-05,1.5030031e-05,6.751041e-05,0.00017571553,22190.62,0.19144332,229.85033,0.00012367239,0.33611524,4.0993862e-05,-1.3767835e-05
2125,2024-05-12 00:00:00+03:00,-0.4693497,0.031814314,513.7801,0.0,,,,,,1.5861031e-05,0.81267655,-7.2516887e-06,0.0,1870.5532,3000.1062,0.07267252,1883.5314,2.9354396,8.1489525e-05,1.5106145e-05,6.638338e-05,0.00016324643,19295.115,0.18260887,229.8414,0.0002827136,0.31597924,8.8282126e-05,-4.111693e-06
2126,2024-05-13 00:00:00+03:00,-0.4843238,0.03183885,1020.45496,0.64880407,80737.66,1979.1471,91117.06,987.7689,11.709702,4.0301788e-05,0.9207927,1.19386605e-05,0.045401838,1860.4701,3001.3523,0.086389184,1872.0094,2.266937,7.8891346e-05,3.0965246e-05,6.110806e-05,0.00020392818,16713.11,0.1744791,229.45871,0.0004754249,0.24326096,0.000115936535,1.2737944e-05
2127,2024-05-14 00:00:00+03:00,-0.48740965,0.03306903,1016.6057,0.3123721,78400.94,2282.105,87999.75,1320.3787,8.98443,5.2717518e-05,1.0347354,3.037052e-05,0.18086085,,,,,,8.8218585e-05,2.7034403e-05,6.2166364e-05,0.00020484067,16712.512,0.17329267,229.81805,0.00022347817,0.42369527,8.658142e-05,2.925799e-05
2128,2024-05-15 00:00:00+03:00,-0.8314549,0.03287897,1221.9397,0.8144749,68469.56,3375.7434,77520.81,2375.7434,11.329004,5.868268e-05,0.823184,2.6253885e-05,0.34215468,,,,,,8.130551e-05,2.0081749e-05,6.111783e-05,0.00018415239,16715.012,0.1690214,230.1264,-0.00036478887,0.36483383,-0.00013214875,-2.1839337e-06
2129,2024-05-16 00:00:00+03:00,-0.72691345,0.03146316,1220.871,0.035393074,83321.16,1818.4701,92326.41,942.17645,6.973191,0.000104558385,0.8864579,6.654087e-05,0.0117866825,1885.9634,3000.0886,0.037087984,1901.0695,2.8861704,8.863079e-05,2.799978e-05,6.0631013e-05,0.00019415052,16717.902,0.16811544,231.1001,0.000360844,0.32867956,0.00011300675,3.5360143e-05
2130,2024-05-17 00:00:00+03:00,-0.37987274,0.034027006,1269.842,0.0,,,,,,0.00011744094,0.96143115,8.801525e-05,0.0,1867.5168,3000.4473,0.079672895,1881.29,2.6113434,7.7626784e-05,1.6647307e-05,6.0979473e-05,0.00019272728,16714.975,0.17081124,230.27596,0.00037549742,0.37108552,0.000121321405,-4.067381e-06
2131,2024-05-18 00:00:00+03:00,-1.0718986,0.03600419,1424.7091,0.5195898,73106.81,2811.103,82555.6,1829.995,12.406236,0.000113705624,0.87786216,7.7906654e-05,0.117804736,1851.9418,3000.0032,0.048305113,1884.2343,5.6456428,8.529783e-05,3.0726278e-05,5.9220074e-05,0.00016238935,16708.496,0.17231797,230.9276,5.155088e-05,0.40831935,1.5122882e-05,-6.2284967e-06
2132,2024-05-19 00:00:00+03:00,-0.18506007,0.031638354,1008.4324,0.6128857,71363.5,3039.2651,80021.75,2096.1775,17.544846,0.00017284161,0.9245694,0.0001281919,0.28996775,,,,,,8.295116e-05,2.2804477e-05,6.1410494e-05,0.0002006506,18227.258,0.1845138,227.09337,0.00016586266,0.383555,4.8385635e-05,-1.5522104e-05
2133,2024-05-20 00:00:00+03:00,-0.82166755,0.036576934,1444.1089,0.18751615,73649.94,2924.0269,81567.89,2060.666,6.95257,0.000101304715,1.1676598,8.526613e-05,0.10918912,1868.9136,3000.0732,0.028802294,1894.2397,4.1709795,8.764824e-05,2.5803822e-05,6.187003e-05,0.00020393493,18170.426,0.17908034,231.2527,6.76136e-05,0.63464844,3.996625e-05,5.460901e-06
2134,2024-05-21 00:00:00+03:00,-0.6393206,0.035278924,1372.6355,0.1470207,92593.26,855.6466,100444.83,131.64032,8.515913,9.4327406e-05,1.0966859,7.238357e-05,0.05529837,1879.0498,3000.0376,0.020479258,1902.146,3.7050374,8.1112434e-05,1.8981804e-05,6.209431e-05,0.00019382284,18267.012,0.18059444,231.52234,1.3776973e-05,0.57471776,6.083438e-06,-2.3034912e-05
2135,2024-05-22 00:00:00+03:00,-0.414697,0.0328933,1078.9102,0.0,,,,,,6.974839e-05,0.91453457,3.3976314e-05,0.0,1874.4497,2999.9998,0.016183265,1893.072,2.87705,8.4268235e-05,2.2527793e-05,6.1740444e-05,0.00020508101,16710.836,0.17789517,230.94724,0.00026224722,0.50289774,0.00012136646,2.6952775e-05
2136,2024-05-23 00:00:00+03:00,-0.57591933,0.03460072,1689.3662,0.11279172,88641.33,1257.8833,97726.42,407.99976,12.285041,8.906994e-05,1.0740291,6.302727e-05,0.0580942,1890.2532,3000.4053,0.04572873,1907.5466,2.7923794,8.05467e-05,1.992548e-05,6.11208e-05,0.00021060392,16712.594,0.17649297,231.96298,0.00024542847,0.6057142,0.00011487109,1.8185405e-05
2137,2024-05-24 00:00:00+03:00,-0.46861467,0.033277705,1547.5806,0.20973921,89457.36,1217.4728,98336.86,377.70087,9.989103,0.000110613386,1.191508,9.2051385e-05,0.19291997,,,,,,8.709061e-05,2.5176496e-05,6.2004314e-05,0.00021862466,16715.465,0.17496641,230.82797,-9.197887e-05,0.5258213,-2.0836187e-05,-1.1956476e-05
2138,2024-05-25 00:00:00+03:00,-0.78003967,0.03423634,1680.7217,0.2134937,79257.33,2304.1694,88250.79,1390.4785,7.897223,8.761053e-05,1.102802,5.6060228e-05,0.11569207,1871.1246,3000.4404,0.046038076,1890.2616,2.893177,8.9173685e-05,2.5112558e-05,6.4111715e-05,0.00020840977,18238.168,0.18137711,228.7561,6.884292e-05,0.46105766,3.9274095e-05,6.942671e-06
2139,2024-05-26 00:00:00+03:00,-0.80208325,0.033142976,1321.5344,0.3007452,74029.125,2816.5044,83089.84,1865.0212,9.552921,0.000117825286,1.076995,8.514186e-05,0.10840365,1864.0695,3000.1106,0.030733192,1889.779,3.6886618,8.488656e-05,2.2060214e-05,6.312768e-05,0.00019818693,16717.117,0.17439643,231.80692,0.000105682986,0.51343113,4.5862354e-05,-8.970457e-06
2140,2024-05-27 00:00:00+03:00,-0.830945,0.034029044,1211.7228,0.19808945,78280.69,2367.1313,87639.266,1405.7026,8.960775,0.00010855845,1.0522246,7.940499e-05,0.10350497,,,,,,8.748715e-05,2.6583204e-05,6.1682294e-05,0.00020341744,16714.71,0.17291734,231.79779,2.534764e-05,0.5881904,1.402807e-05,3.7589248e-06
2141,2024-05-28 00:00:00+03:00,-0.71472347,0.03240186,1466.9033,0.059584156,74141.94,2797.1191,83108.5,1835.5847,8.092911,0.00015146652,0.9915974,0.00011808566,0.02075582,1859.374,3001.1755,0.09452156,1874.1051,2.5953927,9.226249e-05,3.0833122e-05,6.148425e-05,0.00022005201,16710.25,0.17464069,231.9873,0.0003305549,0.5606624,0.00016746277,2.977222e-05
2142,2024-05-29 00:00:00+03:00,-0.55231255,0.03251607,1881.9797,0.51313776,73462.28,2890.848,81959.914,1966.9392,7.4905806,0.000111705034,1.1269919,9.129761e-05,0.28878075,,,,,,8.861521e-05,2.610776e-05,6.2968116e-05,0.00021807537,19273.707,0.16317075,231.97795,4.141803e-05,0.62984186,2.755377e-05,3.6649078e-06
2143,2024-05-30 00:00:00+03:00,-0.36457717,0.034252033,1895.0732,0.1663377,74444.42,2734.6577,83049.16,1792.0835,6.345175,0.00012243948,1.1472815,0.000108287175,0.14382121,1888.9851,3004.9443,0.09554897,1911.7235,3.2900345,8.774718e-05,2.4896148e-05,6.2795945e-05,0.00020399278,19265.64,0.16214196,230.50177,0.00010430293,0.7065251,6.772838e-05,2.9691739e-05
2144,2024-05-31 00:00:00+03:00,-0.7180274,0.03294482,1714.5242,0.6009785,68650.7,3338.0552,77242.39,2364.249,10.865082,0.00013674833,1.1742206,0.00011603016,0.24972542,,,,,,8.0516314e-05,2.2913366e-05,6.204469e-05,0.00019037402,19267.26,0.15824609,230.72566,-3.4907076e-05,0.83899987,-4.4783843e-05,1.2932455e-06
2145,2024-06-01 00:00:00+03:00,-0.7842988,0.027865192,1603.244,0.9370537,46199.35,6536.1797,52764.36,5536.5713,39.234535,0.00011353192,1.1370163,9.034043e-05,0.41429192,,,,,,7.350302e-05,1.0137726e-05,6.5856075e-05,0.00018448663,21027.37,0.16538581,233.701,0.00010376297,0.7657417,7.945563e-05,-2.7374217e-06
2146,2024-06-02 00:00:00+03:00,-0.82753366,0.030589718,2361.41,0.68489844,52627.766,5481.55,59862.11,4481.865,21.128199,0.00014331462,0.96656364,8.80039e-05,0.25273684,,,,,,8.671125e-05,3.183021e-05,6.0260383e-05,0.00020387891,19261.148,0.16163695,234.12125,-9.030962e-06,0.67638963,-2.98518e-06,1.4395728e-05
2147,2024-06-03 00:00:00+03:00,-0.6307674,0.03213481,1559.7863,0.8787545,83368.93,1638.3627,93229.52,693.5326,18.7343,0.00014261034,1.1028521,0.0001249233,0.15987402,,,,,,8.424753e-05,2.7960441e-05,6.3237676e-05,0.00017543919,19256.615,0.16747807,234.37857,-6.673483e-05,0.84145397,-5.543283e-05,-3.3861346e-05
2148,2024-06-04 00:00:00+03:00,-0.14348753,0.029911418,1529.3862,0.5257608,84893.766,1528.0674,94451.17,611.79126,10.157436,7.6472075e-05,1.2667439,5.0163704e-05,0.27713025,,,,,,7.719128e-05,1.6766158e-05,6.3979736e-05,0.00019645542,19261.766,0.16277172,231.21114,-9.438644e-05,0.48456156,2.8756403e-06,-3.8547228e-06
2149,2024-06-05 00:00:00+03:00,-0.17511404,0.032716684,1361.4102,0.20635568,87012.86,1314.2812,96223.16,438.63318,10.0526705,6.824967e-05,1.2556136,5.040745e-05,0.13323995,,,,,,8.735987e-05,1.9814968e-05,6.7168294e-05,0.00021026799,19260.527,0.16352214,231.4824,6.745239e-05,0.65705687,2.941354e-05,1.50152e-05
2150,2024-06-06 00:00:00+03:00,-0.90224814,0.031000823,1094.0447,0.3327079,85823.56,1445.0098,95221.36,559.9548,11.065238,6.804647e-05,1.3044468,4.898949e-05,0.18765253,,,,,,8.241493e-05,2.0204701e-05,6.1856656e-05,0.00019710275,21526.25,0.16431814,235.0831,0.00017340064,0.5023699,6.723689e-05,8.078653e-06
2151,2024-06-07 00:00:00+03:00,-0.9354143,0.029136738,878.0393,0.3773542,81229.57,1909.6313,91296.625,948.975,10.419809,3.483161e-05,1.2218282,3.0723595e-06,0.18565738,1830.4283,3000.0059,0.02750305,1859.3563,4.784342,8.347694e-05,1.9370644e-05,6.615065e-05,0.00020732926,22166.207,0.1789078,234.52057,2.6920676e-05,0.5749283,7.131075e-08,-2.3967259e-05
2152,2024-06-08 00:00:00+03:00,-0.72253346,0.02950351,1151.9592,0.29536146,79917.39,2015.9196,89834.72,1054.3817,9.526451,2.6615118e-05,1.0733113,5.2363976e-07,0.09808753,1830.1708,3000.018,0.04177705,1857.2042,5.3367224,8.208795e-05,1.2324608e-05,7.0334194e-05,0.00022043107,22591.826,0.1870532,234.33,0.00028802184,0.49465704,0.000120499244,-3.9785373e-05
2153,2024-06-09 00:00:00+03:00,0.18445176,0.029293174,1020.1443,0.8273528,66625.76,3819.552,75092.336,2845.0173,53.880817,-1.7598941e-06,1.3605016,-4.2187494e-05,0.4165188,,,,,,8.110216e-05,1.1168589e-05,7.1497474e-05,0.0002149042,22114.195,0.18082471,232.70155,0.0020726407,0.25329727,0.0004726337,1.796065e-05
2154,2024-06-10 00:00:00+03:00,-0.8990568,0.029132366,1236.2827,0.90904,70742.72,2920.8167,79990.28,1927.5342,17.831057,-2.3870893e-05,1.2663481,-5.750742e-05,0.4646723,,,,,,7.821081e-05,1.4543055e-05,6.5943306e-05,0.00019171045,19824.941,0.17473337,234.50359,,,,
2155,2024-06-11 00:00:00+03:00,-0.54017824,0.032002944,1159.5596,0.5658071,66539.836,3470.121,75333.04,2470.6719,28.438807,7.0879134e-05,1.209152,5.4228836e-05,0.11103855,,,,,,7.779061e-05,1.7610568e-05,6.2085965e-05,0.00018296545,19253.14,0.1604051,235.49509,0.00021763986,0.4255323,9.1946116e-05,2.6126272e-05
2156,2024-06-12 00:00:00+03:00,-0.9650687,0.030990284,1215.648,0.6909146,74146.69,2621.4658,83590.86,1647.9861,19.011395,3.5824756e-05,1.4253054,2.3633658e-05,0.19890885,,,,,,7.909291e-05,1.610184e-05,6.6338864e-05,0.00019882768,20028.895,0.16551372,235.54471,0.00010715998,0.7600299,6.4375745e-05,1.9418749e-05
2157,2024-06-13 00:00:00+03:00,-0.5833696,0.02719,830.9258,0.57480806,76572.97,2390.759,86326.94,1407.6711,17.342941,5.7782858e-05,1.2234876,3.713668e-05,0.23398787,,,,,,8.1345395e-05,1.6841059e-05,6.95709e-05,0.00021816832,22167.297,0.16761792,235.2424,0.0002507366,0.49720755,9.830609e-05,2.6363103e-05
2158,2024-06-14 00:00:00+03:00,-0.57981366,0.029537566,1028.0607,0.80129313,80502.75,1975.7017,90510.09,1014.83405,15.839497,-9.714318e-06,1.170759,-2.1655658e-05,0.28972697,,,,,,8.9529574e-05,1.7776783e-05,6.926008e-05,0.00022834438,21025.914,0.16766578,235.05376,-1.705949e-05,0.6432099,-1.4813876e-05,1.67755e-06
2159,2024-06-15 00:00:00+03:00,-0.24385904,0.02907028,1119.6248,0.39271104,83003.18,1740.3446,92920.14,788.9072,9.0973625,4.437645e-05,1.1894879,2.1355583e-05,0.28375497,,,,,,8.003265e-05,1.8106406e-05,6.41986e-05,0.00019660263,17085.848,0.15823556,232.89227,7.635365e-05,0.44083017,2.2081189e-05,-3.3073547e-07
2160,2024-06-16 00:00:00+03:00,-0.5849741,0.029025458,1354.3301,0.29938883,77398.445,2394.913,86730.445,1435.0983,7.7523756,0.00010844234,1.2033706,0.000100645004,0.23092842,,,,,,8.040208e-05,1.6689075e-05,6.4445e-05,0.00019056612,16703.613,0.15342233,232.34094,-9.225807e-05,0.6692295,-6.746406e-05,-9.977524e-06
2161,2024-06-17 00:00:00+03:00,-1.0234386,0.02771682,2155.3865,0.8258865,68435.516,3414.4092,77087.54,2433.5332,15.742548,7.911351e-05,1.3560506,5.945595e-05,0.26461065,,,,,,7.4602634e-05,1.8588305e-05,6.693088e-05,0.00018473418,19267.363,0.15474236,235.59361,-7.3422474e-05,0.7577049,-3.0604773e-05,-9.562877e-06
2162,2024-06-18 00:00:00+03:00,-0.65055937,0.027581792,1823.043,0.5300344,72124.89,2918.2734,81080.875,1951.0146,13.608307,8.273195e-05,1.1768844,6.336704e-05,0.25780195,,,,,,8.241057e-05,1.5804828e-05,7.08512e-05,0.00021048795,20934.04,0.16405062,235.06216,-0.00021286053,0.47381377,-8.38759e-05,-2.3235616e-06
2163,2024-06-19 00:00:00+03:00,-0.52568066,0.026708089,2170.97,0.99999815,80474.98,1955.7992,90537.016,957.6362,43.620605,,,,,,,,,,0.00010507658,,5.7514393e-05,0.00016320814,19253.588,0.1637883,235.27005,,,,
2164,2024-06-20 00:00:00+03:00,-0.16473486,0.02682323,1340.9252,0.4505556,81521.65,1913.845,91143.86,967.8063,11.64454,3.6811187e-05,1.1906321,8.00495e-06,0.21421051,,,,,,7.721649e-05,1.3074407e-05,6.5189146e-05,0.00019588476,17759.672,0.15832272,232.91644,6.848853e-05,0.4254215,-6.102142e-06,-2.4478526e-05
2165,2024-06-21 00:00:00+03:00,-0.26994357,0.031109208,1469.763,0.22620803,64327.82,4247.6694,71932.75,3309.0317,8.140591,4.8498157e-05,1.1357377,8.528228e-06,0.12879652,,,,,,8.265539e-05,1.2756132e-05,7.02978e-05,0.00020039204,19273.406,0.16059051,232.6533,0.00017052965,0.4082033,7.5541255e-05,1.7761682e-05
2166,2024-06-22 00:00:00+03:00,-0.8197291,0.030855522,1812.0881,0.2974248,56397.97,5101.9814,63820.113,4106.0103,10.455795,7.448139e-05,0.9580741,3.0277854e-05,0.24615443,,,,,,0.000100558704,3.1051353e-05,6.4719316e-05,0.00020089369,16700.154,0.1536983,234.61023,1.9703439e-06,0.28660676,3.6178144e-06,-5.5495434e-06
2167,2024-06-23 00:00:00+03:00,-0.8916501,0.028181335,1744.3259,0.99986464,83500.266,1648.9674,93690.81,650.07965,31.608534,,,,,,,,,,8.0655256e-05,,6.434346e-05,0.00020054329,19255.102,0.16826889,235.2244,,,,
2168,2024-06-24 00:00:00+03:00,-0.5753349,0.030392734,1793.8212,0.4960538,80988.82,2115.3428,90422.91,1169.4932,23.21633,8.162427e-05,1.1794791,5.6082048e-05,0.16809012,,,,,,7.968402e-05,2.1337208e-05,6.0654726e-05,0.0001981617,17596.39,0.14604983,236.41127,0.0005028202,0.4444061,0.0001535156,1.52419425e-05
2169,2024-06-25 00:00:00+03:00,0.10620278,0.028061766,1267.2891,0.10157864,79825.1,2167.1863,87999.016,1355.2438,3.6801476,6.955025e-05,1.0803798,3.9230843e-05,0.095631406,1855.6552,3004.459,0.09875588,1877.3812,3.703588,8.2970015e-05,1.7266597e-05,6.5703425e-05,0.00020173794,15523.52,0.14943297,232.41637,0.00040064368,0.3527537,0.00011222054,2.2507864e-05
2170,2024-06-26 00:00:00+03:00,-0.081794456,0.029317686,1422.0195,0.045968637,79538.64,2194.5117,88482.805,1286.2552,2.8065243,3.6166857e-05,0.95693284,-5.9966433e-06,0.0306703,1865.8145,3000.0154,0.018067822,1887.3483,3.1900501,9.3348695e-05,2.8081206e-05,6.5267486e-05,0.00020795464,15194.436,0.15456362,232.97327,0.0004103288,0.28721702,0.00011621369,2.087353e-05
2171,2024-06-27 00:00:00+03:00,-0.6192314,0.029369913,1592.7308,0.08392962,92029.84,898.98926,99511.35,193.3062,9.119357,0.000109756336,1.005534,6.6898305e-05,0.03547987,1867.5385,3000.0767,0.025641683,1890.7705,3.305542,8.355062e-05,1.923128e-05,6.426958e-05,0.00019352068,14427.191,0.15075828,233.57971,0.00013359096,0.41481835,5.176903e-05,9.498223e-06
2172,2024-06-28 00:00:00+03:00,-0.7429036,0.029585015,1555.8523,0.13044089,80583.11,2075.347,89732.63,1145.823,10.917179,0.00015163084,1.1826773,0.0001277802,0.0806152,,,,,,8.441716e-05,1.9431904e-05,6.500239e-05,0.00020151987,14425.727,0.15507063,235.36224,-6.426182e-05,0.64255834,-3.4711393e-05,-1.9656254e-05
2173,2024-06-29 00:00:00+03:00,-0.2192703,0.038394347,1435.2524,0.36448726,81866.8,1910.1772,91135.93,991.9511,11.098648,5.516555e-05,1.1834215,2.1575568e-05,0.14640003,1884.1898,3000.028,0.038955055,1904.4054,3.3035963,7.7584846e-05,1.0351507e-05,6.679441e-05,0.00020514816,16705.271,0.154303,235.71329,0.00036036497,0.46297824,0.00012150494,-1.8885788e-05
2174,2024-06-30 00:00:00+03:00,0.43419856,0.030729843,1605.6903,0.13249503,86649.31,1378.9844,95454.445,515.8811,5.4525537,9.8725155e-05,1.1499817,6.8373076e-05,0.13208355,1869.9296,3006.3364,0.16454181,1888.7484,3.2037635,8.467621e-05,1.8316294e-05,6.635991e-05,0.00021478019,14424.899,0.14319569,234.91518,8.892789e-05,0.40634674,2.58535e-05,-3.5310553e-05
2175,2024-07-01 00:00:00+03:00,0.083616674,0.03498691,2562.953,0.99774647,60663.246,4596.7026,68507.266,3604.1086,113.28947,,,,,,,,,,8.986986e-05,,5.858091e-05,0.00018538929,16691.02,0.14839302,234.2478,,,,
2176,2024-07-02 00:00:00+03:00,-1.0296828,0.027342297,1478.7745,0.7494031,50767.906,5644.677,57764.445,4644.677,8.819488,4.0858726e-05,0.81994724,-1.9735951e-05,0.37297723,,,,,,8.0247e-05,,6.633364e-05,0.00018766662,19249.424,0.14751913,233.67894,-0.00023955098,0.50135887,-0.00010814857,-3.5526127e-06
2177,2024-07-03 00:00:00+03:00,-0.8586184,0.027640663,1472.5813,0.73624015,78817.484,2041.5769,88998.01,1043.2975,12.482418,2.899823e-05,1.3889098,-1.791574e-05,0.28990147,,,,,,7.756038e-05,1.7009788e-05,6.6808265e-05,0.00019512125,19245.242,0.15910465,237.38972,0.00011472488,0.46488863,5.4533342e-05,-1.774817e-05
2178,2024-07-04 00:00:00+03:00,-0.76196337,0.026209507,1598.1635,0.9814106,59517.324,4345.544,67584.61,3345.741,27.258125,-1.5660353e-05,1.4891908,-6.8928064e-05,0.3539169,,,,,,7.4014955e-05,1.3285032e-05,6.360965e-05,0.00018135051,19256.562,0.14848346,237.65012,,,,-2.508689e-05
2179,2024-07-05 00:00:00+03:00,-0.8953816,0.027214387,1205.8301,0.5557939,77795.78,2199.7207,87306.83,1244.1454,10.630736,3.0532232e-05,1.1448737,-7.845108e-06,0.16884454,,,,,,8.402794e-05,9.360776e-06,7.6191274e-05,0.00017833523,22782.86,0.1779743,237.40543,-1.9365129e-05,0.7172059,-3.0247917e-05,2.467642e-06
2180,2024-07-06 00:00:00+03:00,-0.39120734,0.02800883,865.559,0.32443234,77209.81,2313.8093,86861.41,1336.9893,7.682397,5.521973e-05,1.0195508,5.974989e-06,0.22738004,1818.4517,3000.111,0.081334375,1844.4644,4.003335,8.581951e-05,1.7744134e-05,6.837436e-05,0.00020983134,18271.484,0.16576166,233.63335,0.00027632597,0.40280092,7.830613e-05,-1.3058956e-05
2181,2024-07-07 00:00:00+03:00,-0.6751194,0.030435208,2557.1462,0.9934205,61850.04,4141.7544,69850.11,3141.7542,35.414963,,,,,,,,,,8.246931e-05,,5.9472415e-05,0.0001699255,16698.797,0.15172778,233.74377,,,,
2182,2024-07-08 00:00:00+03:00,-0.755716,0.029912394,1215.3074,0.19564739,67440.63,3601.828,75771.586,2642.3027,8.234149,9.0300586e-05,1.0354596,3.639533e-05,0.11098683,1879.95,3000.0383,0.04233013,1917.3208,8.469521,8.306983e-05,1.7042932e-05,6.602425e-05,0.0001960608,19284.254,0.15425986,236.569,0.00017574888,0.3984776,6.421648e-05,8.477621e-06
2183,2024-07-09 00:00:00+03:00,-0.6503169,0.029829618,1197.9958,0.16582397,75912.19,2631.127,85291.66,1657.686,8.3680725,0.00010470336,0.94312525,4.1785264e-05,0.058163796,1858.641,2999.9944,0.015962202,1889.7971,4.9092765,8.500555e-05,2.1077067e-05,6.469469e-05,0.0002039442,19912.275,0.15111186,235.99515,0.00011113328,0.44888064,3.9254915e-05,1.5470525e-05
2184,2024-07-10 00:00:00+03:00,-0.6355518,0.03024194,2052.0095,0.21101597,76122.766,2607.4905,85285.78,1653.3746,15.929363,0.00013827161,1.0314419,8.7553606e-05,0.1286267,,,,,,8.143486e-05,1.8922085e-05,6.292512e-05,0.0002053304,16715.63,0.14950716,235.61423,0.00039146753,0.5422571,0.00016211117,3.824052e-05
2185,2024-07-11 00:00:00+03:00,-0.6395125,0.030255852,2644.4258,0.61354053,62091.42,4376.819,69867.25,3395.4521,15.275789,0.00012257902,1.1610622,7.109968e-05,0.345092,,,,,,8.616314e-05,2.7026208e-05,5.9429305e-05,0.00019582937,14426.614,0.14411096,232.7718,-5.057193e-05,0.7374029,-3.7627466e-05,-1.7675757e-05
2186,2024-07-12 00:00:00+03:00,-0.84536564,0.032937605,1583.0317,0.73578465,88451.336,1225.6182,98423.09,288.48108,9.338056,2.7721686e-05,1.2694675,-8.894783e-06,0.28352487,,,,,,7.656601e-05,1.0714932e-05,6.576891e-05,0.00019736489,19273.66,0.15094614,232.81226,0.00036253262,0.64748126,0.00024042731,2.6097006e-05
2187,2024-07-13 00:00:00+03:00,-0.7722053,0.028602652,2112.0452,0.99816453,55560.92,5059.623,62967.07,4059.6226,37.66821,,,,,,,,,,9.7450145e-05,,5.4290467e-05,0.0001737099,14423.332,0.13862321,235.89798,,,,
2188,2024-07-14 00:00:00+03:00,-1.0000252,0.029908672,1174.3339,0.65726477,52192.0,5629.9814,59140.758,4629.9814,10.18236,0.00018379881,0.79736006,9.744952e-05,0.41241544,,,,,,8.841947e-05,,6.1801824e-05,0.00018901881,16703.768,0.13917354,236.52032,,,,
2189,2024-07-15 00:00:00+03:00,-0.841836,0.027953919,1676.061,0.364152,53846.43,5486.966,61143.465,4491.8604,13.714099,8.578213e-05,0.977842,3.0577154e-05,0.19405508,,,,,,8.525161e-05,2.1724842e-05,6.380683e-05,0.00020951853,17739.383,0.15202588,236.5294,0.00025280862,0.45497686,8.455251e-05,-3.5340105e-05
2190,2024-07-16 00:00:00+03:00,0.23271677,0.040426403,1526.7372,0.1434106,62384.28,4425.6426,70148.01,3450.6213,5.1687217,0.00013947987,0.8738289,7.539269e-05,0.14225034,1886.215,3001.2727,0.04906522,1907.3237,3.2162454,9.0511065e-05,2.741213e-05,6.309893e-05,0.00021721936,16705.43,0.14700973,234.85385,0.0002513273,0.4396295,7.685134e-05,-3.4710106e-06
2191,2024-07-17 00:00:00+03:00,-0.75218105,0.03573846,1406.8286,0.3342452,91158.31,961.4116,99935.125,135.35443,10.744825,9.1265014e-05,1.463458,8.1554994e-05,0.28490654,,,,,,8.449544e-05,2.3395572e-05,6.1757324e-05,0.00020576635,16702.89,0.1450057,233.51772,-2.241399e-05,0.65608037,-4.3860953e-05,-2.1182068e-05
2192,2024-07-18 00:00:00+03:00,-0.94546026,0.030229464,1484.1753,0.5101143,80161.72,2078.6284,89599.03,1133.5757,10.16195,5.4815973e-06,1.3436878,-2.579783e-05,0.29529446,,,,,,7.616644e-05,9.875292e-06,6.613367e-05,0.00019219858,20680.02,0.15751864,235.67781,-0.0001182315,0.74874383,-9.3885574e-05,1.5646634e-05
2193,2024-07-19 00:00:00+03:00,-0.5964407,0.036340587,1590.3523,0.8969431,79636.05,2102.006,89597.2,1122.707,14.956797,8.2379476e-05,1.5917006,6.6315595e-05,0.403441,,,,,,6.889812e-05,1.0908081e-05,6.433527e-05,0.00017740793,19682.344,0.1540924,235.74301,6.9942944e-05,0.84719586,4.813051e-05,4.773122e-06
2194,2024-07-20 00:00:00+03:00,-0.8941027,0.03155615,2025.9138,0.68185997,66113.61,3636.2708,74660.95,2651.622,13.717539,-1.9999577e-05,1.1990968,-9.347453e-05,0.23565593,1889.6465,3000.0188,0.057770103,1911.2153,3.593837,7.146265e-05,1.2071858e-05,6.464792e-05,0.00018772762,22152.018,0.1539048,235.77719,-8.431418e-05,0.48885843,-4.1874773e-05,-3.714263e-05
2195,2024-07-21 00:00:00+03:00,-1.0102233,0.02935788,1940.8619,0.518471,77246.99,2376.8955,86207.41,1450.1132,9.323912,4.752204e-05,1.3965229,2.3275024e-05,0.15206403,,,,,,8.389896e-05,1.9101082e-05,6.4581116e-05,0.00017108758,22146.86,0.16201428,236.48433,-0.00013337117,0.911831,-0.00011387792,-4.2865562e-05
2196,2024-07-22 00:00:00+03:00,-0.6757052,0.032391593,1581.3208,0.23223048,88109.93,1255.9274,96148.41,480.32324,7.7599006,8.3855484e-05,1.3137794,5.1304647e-05,0.18959486,,,,,,8.964425e-05,2.330176e-05,6.755781e-05,0.00021611976,19268.578,0.15008456,232.44087,-1.7684735e-05,0.61749184,3.0987667e-06,-9.2289665e-06
2197,2024-07-23 00:00:00+03:00,-0.7648674,0.03177632,2627.246,0.6959489,51930.36,5669.165,58936.617,4669.165,14.757217,-8.691827e-05,0.7133213,-8.3434745e-05,0.3826705,,,,,,7.283304e-05,1.6805787e-05,6.311153e-05,0.0001771943,16701.924,0.14458889,236.73936,-5.0645012e-05,0.47706142,-2.0825888e-05,-1.5940746e-05
2198,2024-07-24 00:00:00+03:00,-1.0348461,0.035490535,1797.7694,0.45851824,84366.84,1637.2079,93103.34,769.25806,10.112753,3.39373e-05,1.1784772,-2.0675854e-05,0.2095539,,,,,,7.881645e-05,1.6590755e-05,6.198828e-05,0.00019228867,16701.287,0.14864679,236.70895,6.0218357e-05,0.5350574,3.80267e-05,-9.903499e-06
2199,2024-07-25 00:00:00+03:00,-0.8451865,0.03424254,3066.112,0.92858225,51782.434,5593.045,58872.082,4593.073,16.678654,1.5867105e-05,1.1760913,-3.8196034e-05,0.28328872,,,,,,6.879006e-05,1.0809023e-05,6.238415e-05,0.00017785141,16698.926,0.14847928,236.17883,-0.00013435034,0.8523714,-0.000112887195,-6.115502e-06
2200,2024-07-26 00:00:00+03:00,-0.69174814,0.034858976,2022.6653,0.46715176,80136.21,2080.8809,89377.375,1148.8063,13.308344,4.002692e-05,1.2528136,-1.3135594e-05,0.25360686,,,,,,8.274359e-05,2.1041546e-05,6.0296203e-05,0.0002144507,16701.258,0.155861,236.24084,0.00013567285,0.7821795,8.07843e-05,1.0603228e-05
2201,2024-07-27 00:00:00+03:00,-0.7692491,0.042404514,1599.5922,0.5741886,38542.4,8106.7373,44136.734,7106.7373,6.436351,2.9399462e-07,0.64039516,-6.644097e-05,0.3952974,,,,,,7.2524716e-05,1.0633935e-05,6.461775e-05,0.00019300339,16704.053,0.15649112,233.3136,-0.00026037067,0.37407622,-9.5884156e-05,-1.7635193e-05
2202,2024-07-28 00:00:00+03:00,-0.66611475,,,1.0,52347.535,5420.622,59547.258,4420.622,48.868546,,,,,,,,,,8.962666e-05,,5.528106e-05,0.000169019,16698.242,0.15727702,236.28566,,,,
2203,2024-07-29 00:00:00+03:00,-0.8156013,0.031120969,1955.1469,1.0,61015.07,4252.418,69149.695,3252.418,27.619053,,,,,,,,,,0.00011952862,,5.4595825e-05,0.00016780324,16692.7,0.15780087,235.55603,,,,
2204,2024-07-31 00:00:00+03:00,-0.5369486,0.0427805,1417.8713,0.53153086,68335.56,3358.4456,77257.484,2358.446,10.543944,0.000110769346,0.8386247,2.6688325e-05,0.29602844,,,,,,6.773816e-05,1.1583485e-05,5.999374e-05,0.00018372205,19259.645,0.15679581,235.60318,0.00043716215,0.33600146,0.00010479147,2.7393133e-05
2205,2024-08-01 00:00:00+03:00,-0.7665315,0.038536318,1644.337,0.54844934,76603.78,2372.2983,85702.89,1432.6594,8.739628,6.2090236e-05,1.0722058,2.9752287e-06,0.2149411,1845.0319,3000.0798,0.040759575,1871.4033,4.232151,7.449111e-05,1.3069264e-05,6.2301646e-05,0.00020296058,19256.527,0.16229731,235.03546,0.00061855343,0.4021436,0.0001873881,7.181663e-06
2206,2024-08-02 00:00:00+03:00,-0.8567114,0.042532787,1371.9198,0.33762872,79702.47,2045.5375,89398.18,1091.8472,7.208289,5.2571362e-05,1.0940515,-9.005403e-06,0.17925754,1855.4116,3000.53,0.06281338,1879.4218,3.5881736,7.2075956e-05,1.116521e-05,6.0869155e-05,0.0001845356,19025.857,0.15404582,235.19113,0.00017348725,0.37790293,6.534715e-05,3.142239e-06
2207,2024-08-03 00:00:00+03:00,-0.9003408,0.034697298,1510.6139,0.58297133,76943.2,2326.0713,86364.58,1364.8313,11.693931,2.5775182e-05,1.3952549,-2.6426093e-05,0.34870237,,,,,,7.14791e-05,1.128633e-05,5.957322e-05,0.00017927808,20417.488,0.15785691,235.26955,0.0002482144,0.626868,0.00014938225,-9.421062e-06
2208,2024-08-04 00:00:00+03:00,-0.7703697,0.037903335,1567.494,0.37709007,74948.44,2563.9167,84558.84,1567.8347,9.002895,7.874725e-05,1.1217978,3.084413e-05,0.10111564,1920.5487,3000.0159,0.028100697,1943.2635,3.4919567,7.43579e-05,1.6561215e-05,5.8488804e-05,0.00017936979,17738.77,0.1491228,236.55399,-3.030283e-05,0.5912014,-1.5623478e-05,-5.689623e-06
2209,2024-08-05 00:00:00+03:00,-0.6111316,0.038545847,1604.6443,0.13610542,82994.11,1748.2642,91760.516,876.54736,6.4131413,6.163189e-05,1.0265434,7.590428e-06,0.10817579,1923.2289,3000.0183,0.022228325,1945.6451,3.780199,7.960224e-05,2.0218471e-05,5.8618207e-05,0.0001948988,19261.195,0.15060878,236.14516,0.0002528916,0.514922,0.000111943096,9.8722985e-06
2210,2024-08-06 00:00:00+03:00,-1.2323047,0.031802807,2454.4314,0.19689475,58853.293,4649.1855,66233.14,3694.3616,12.296148,4.499493e-05,1.0354093,-1.0765731e-05,0.07980452,1910.0376,3000.9521,0.054938167,1934.0178,3.4979606,8.3773026e-05,2.906826e-05,5.4869248e-05,0.00016170606,19268.129,0.16014439,234.975,9.3017996e-05,0.71704495,6.228658e-05,1.8173874e-05
2211,2024-08-07 00:00:00+03:00,-0.53470474,0.031368535,1432.49,0.15115821,86001.66,1497.7792,93371.67,769.1081,6.3173466,6.7416324e-05,1.2453403,2.9025776e-05,0.122503586,1897.0775,3000.196,0.030257488,1922.8289,4.1548586,8.51611e-05,2.7592181e-05,5.7567842e-05,0.00020647835,19271.219,0.1556607,234.74048,8.65566e-05,0.72605366,6.946482e-05,2.9195264e-05
2212,2024-08-08 00:00:00+03:00,-0.87567896,0.037441995,1574.9839,0.16572313,77264.875,2437.4482,86164.55,1506.9594,6.547228,7.55122e-05,1.0966285,1.8703879e-05,0.14177203,,,,,,8.988076e-05,3.089956e-05,5.73866e-05,0.00020273589,16702.742,0.14501093,235.76776,1.364254e-05,0.53451025,7.183645e-06,-1.136912e-06
2213,2024-08-09 00:00:00+03:00,-0.96727824,0.03841132,1972.2842,0.38640207,74937.05,2708.349,83967.5,1746.9016,7.909485,8.4519204e-05,1.0426459,2.6006303e-05,0.18389812,,,,,,7.867646e-05,2.033457e-05,5.8188823e-05,0.00018507571,16701.18,0.1489999,235.9126,-5.4936383e-05,0.48267287,-2.886596e-05,-1.33362655e-05
2214,2024-08-10 00:00:00+03:00,-0.68818545,0.03967652,1045.0782,0.42595825,57669.367,4963.8193,65320.35,3973.8735,9.413837,4.582255e-05,1.0051945,-2.4814239e-05,0.19206712,1878.8058,3000.018,0.03465756,1915.7723,6.9615564,7.139363e-05,1.4587915e-05,5.7916965e-05,0.00018163573,17729.262,0.14723483,235.95615,-2.567206e-05,0.49445295,-2.1746384e-05,-2.3925695e-05
2215,2024-08-11 00:00:00+03:00,-0.8813467,0.037390172,1589.0885,0.5602992,64213.586,3870.2478,72623.03,2898.3901,10.132096,-1.1678823e-05,1.0778592,-6.621745e-05,0.11975284,,,,,,6.127194e-05,1.2272896e-05,6.225462e-05,0.00019042962,24162.262,0.16261813,235.07117,3.750992e-05,0.74202037,2.2101445e-05,-7.3521837e-06
2216,2024-08-12 00:00:00+03:00,-0.6233485,0.032087825,1340.9553,0.6758753,78790.28,2136.3618,88290.72,1187.0569,11.561893,1.1318087e-05,1.0907772,-4.1323277e-05,0.22726125,,,,,,7.5313365e-05,1.6282695e-05,5.950182e-05,0.00020236228,20407.361,0.16382264,234.49896,0.00032317213,0.4781944,0.00011536073,4.9764476e-06
2217,2024-08-13 00:00:00+03:00,-0.5645731,0.03576954,1247.9861,0.11299215,84651.09,1611.5205,93875.16,732.57874,5.1586337,2.0766278e-05,1.0065204,-3.0437131e-05,0.09020302,1850.1545,3000.083,0.020194054,1874.8447,3.9014723,8.960524e-05,3.001899e-05,5.9558697e-05,0.00020864725,19275.754,0.16076854,234.7947,0.00017430246,0.647057,0.0001102402,5.1205076e-05
2218,2024-08-14 00:00:00+03:00,-0.34973875,0.033111345,1666.858,0.3682454,68355.62,3474.1558,77282.305,2479.2673,6.8003244,5.0613737e-05,0.99588096,3.8928574e-06,0.11202517,1862.0391,3000.04,0.047065638,1888.8474,4.241555,7.701589e-05,1.910277e-05,5.73473e-05,0.00018064206,16710.535,0.14001673,234.9945,0.00030567465,0.33199614,9.396832e-05,-2.0239142e-05
2219,2024-08-15 00:00:00+03:00,-0.3932348,0.037005033,2235.871,0.025218202,44163.027,6980.099,50301.23,5980.099,7.447027,7.342994e-05,0.93592215,2.0883188e-05,0.004880672,1867.5701,3000.0076,0.018330133,1896.4133,4.6795464,8.4198546e-05,2.8285955e-05,5.591259e-05,0.0001962959,14428.447,0.13229403,234.92148,2.001576e-05,0.3833567,2.7203714e-07,-2.1604115e-05
2220,2024-08-16 00:00:00+03:00,-0.60708666,0.03029877,2359.8591,0.9608692,61519.117,4249.397,69492.36,3249.3975,15.53096,,,,,,,,,,6.4599415e-05,,5.2602845e-05,0.00016562402,14424.963,0.124641776,235.37625,,,,
2221,2024-08-17 00:00:00+03:00,-0.66017807,0.034026235,2083.2842,0.7254822,87050.83,1328.6697,96505.7,424.68445,9.983248,0.00010411219,1.1742895,7.809365e-05,0.3400773,,,,,,7.9415004e-05,2.8509847e-05,5.1561532e-05,0.00020336953,16027.785,0.12966694,234.91286,-0.00019482641,0.4107426,-7.808929e-05,-3.140066e-05
2222,2024-08-18 00:00:00+03:00,-0.005082682,0.039954983,1209.0667,0.073956855,76306.875,2571.0906,83518.11,1755.6272,4.759805,5.746427e-05,1.0656084,1.7560584e-05,0.069922626,1832.0714,3000.8577,0.05638093,1857.6038,4.549219,8.029532e-05,2.6118145e-05,5.4177173e-05,0.00019724708,16701.453,0.13505283,234.84079,0.00022924364,0.3525775,7.5884156e-05,3.053403e-06
2223,2024-08-19 00:00:00+03:00,-0.31216636,0.040611014,2837.9683,0.7786617,76490.08,2452.6074,86083.56,1452.8848,12.395668,9.6336225e-05,1.0986212,5.8032125e-05,0.33652553,,,,,,8.012133e-05,2.2900866e-05,5.365428e-05,0.00018747218,14563.816,0.13845102,234.77005,3.9277136e-05,0.36670372,-3.7419034e-06,-1.110063e-05
2224,2024-08-20 00:00:00+03:00,-0.54695284,0.045009997,952.7494,0.22655274,90566.86,1042.921,99575.8,202.20914,9.282654,8.257224e-05,1.1660881,3.800322e-05,0.15556371,,,,,,7.466942e-05,1.8834176e-05,5.643624e-05,0.00018722884,14427.883,0.13709706,234.57137,0.00013659967,0.46612054,4.9292823e-05,1.2887599e-05
2225,2024-08-21 00:00:00+03:00,-0.4832716,0.034084,2730.681,0.38780317,71685.34,3043.013,80172.56,2085.6816,8.505732,0.00013516226,1.0352807,7.994666e-05,0.22260118,,,,,,7.49054e-05,2.413595e-05,5.152092e-05,0.0001870026,14422.84,0.14003703,234.10597,0.00012036517,0.6138926,4.806826e-05,-4.6909345e-06
2226,2024-08-22 00:00:00+03:00,-1.052225,0.039069556,1029.2806,0.4737419,77798.57,2285.3328,87384.08,1315.889,13.447964,5.374091e-05,1.1553277,1.2496492e-05,0.14178078,,,,,,7.243631e-05,1.6917087e-05,5.6581164e-05,0.00015782066,16697.28,0.13832451,234.52155,-1.2846333e-05,0.99320024,-1.41494775e-05,-9.6099375e-06
2227,2024-08-23 00:00:00+03:00,-0.7651056,0.034828503,1603.2295,0.99956536,72687.2,2830.7275,82022.805,1830.7274,29.18782,,,,,,,,,,6.3506595e-05,,5.165435e-05,0.0001662346,15562.018,0.13287753,233.5057,,,,
2228,2024-08-24 00:00:00+03:00,-0.38450748,0.040668346,1191.0546,0.034296084,90017.4,1094.3107,97956.375,345.99493,5.800707,8.6482294e-05,1.0909404,4.5373934e-05,0.034549102,1872.8887,3000.0476,0.030567303,1895.5769,3.878941,7.576034e-05,2.3646315e-05,5.2114025e-05,0.00018330745,12518.041,0.12493639,234.50404,8.764291e-05,0.39883375,3.7435115e-05,-4.647851e-06
2229,2024-08-25 00:00:00+03:00,-0.4755968,0.041030392,1702.3125,,,,,,,0.00015242022,0.91428655,9.0649126e-05,0.0054393373,1895.7972,3000.0483,0.018787112,1919.0139,3.6083136,7.756121e-05,2.706061e-05,5.0500603e-05,0.0001830349,14424.223,0.12738106,233.39066,-1.5431913e-05,0.39747342,-5.310858e-06,-1.1066979e-05
2230,2024-08-26 00:00:00+03:00,-0.637203,0.043610327,1026.9781,0.22310576,78241.9,2498.849,85534.9,1702.2083,8.322316,0.00011564948,1.1669757,8.401972e-05,0.14800803,,,,,,7.802642e-05,2.9350318e-05,4.8386908e-05,0.0001903512,14430.5625,0.12851724,233.46725,5.197352e-06,0.6257385,2.5168201e-06,-1.1592292e-05
2231,2024-08-27 00:00:00+03:00,-0.57904744,0.04139401,998.5483,0.05588711,91178.36,1042.615,100194.34,214.12689,7.2735853,7.342546e-05,1.0060016,2.2026961e-05,0.06654241,1890.0669,3000.034,0.031043494,1911.6637,3.5063665,7.697598e-05,2.535392e-05,5.1646995e-05,0.00020855527,16716.854,0.1388422,232.80243,0.0007845475,0.44571823,0.0003116165,7.002065e-05
2232,2024-08-28 00:00:00+03:00,-0.55101544,0.037430234,1764.1624,0.124039665,89954.48,1183.1306,99158.91,328.92188,5.3624735,8.706234e-05,1.0445035,4.4175133e-05,0.119650096,1859.7751,3003.5317,0.16348912,1881.3856,3.7798865,8.837361e-05,3.461022e-05,5.3763386e-05,0.00021389782,14433.406,0.12817773,231.62524,0.00041735143,0.3546055,0.0001421991,6.0901693e-06
2233,2024-08-29 00:00:00+03:00,-0.5725512,0.040085033,1054.1763,0.06818064,94657.15,714.54376,102018.836,20.71701,9.849144,0.00012029118,0.85512125,5.524781e-05,0.06582714,1871.6244,3000.063,0.022404816,1891.1779,3.1866782,7.761998e-05,2.4271805e-05,5.3348173e-05,0.00019115797,14431.24,0.13102037,232.97635,0.00042580982,0.36278456,0.00014133778,4.761088e-05
2234,2024-08-30 00:00:00+03:00,-0.66927886,0.03880366,1673.6082,0.035634022,95761.36,596.9334,101670.84,34.181755,7.545407,0.00014185494,0.92000103,8.54238e-05,0.029447265,1880.4087,3000.055,0.021044502,1903.5742,3.8322604,7.635685e-05,2.5995349e-05,5.03615e-05,0.00018502832,14429.27,0.13164836,232.46803,-0.00012207183,0.6203377,-7.572985e-05,-3.4180623e-05
2235,2024-08-31 00:00:00+03:00,-0.7644093,0.041600768,752.73785,0.7865746,72137.95,3215.8547,80248.77,2301.723,24.836796,6.0934603e-05,1.3113446,3.4957055e-05,0.12636878,1870.5239,3000.0051,0.045780268,1891.6455,3.5023844,7.60229e-05,2.1327234e-05,4.534162e-05,0.00016094648,17704.143,0.13216682,232.1875,-9.068336e-05,0.68818545,-6.1531646e-05,-3.3575936e-05
2236,2024-09-01 00:00:00+03:00,-0.63558966,0.037487555,1369.2539,0.30475867,73216.68,2954.6775,82448.2,1979.671,9.260704,9.601255e-05,0.98904,4.216317e-05,0.1837264,,,,,,5.8430443e-05,1.0262883e-05,4.9476403e-05,0.00016889459,21590.605,0.13659099,232.57993,0.00053009065,0.39543056,0.00017309497,3.1052376e-05
2237,2024-09-02 00:00:00+03:00,-0.26942152,0.03932348,1200.786,0.20766228,90479.54,1063.4204,99324.44,248.0292,6.9895115,8.0886944e-05,1.095218,4.4269465e-05,0.19187106,1841.1246,3000.3884,0.13177449,1859.966,3.4795313,7.185337e-05,2.3614248e-05,4.8243215e-05,0.00018942084,19285.746,0.1281906,231.80237,0.0017238014,0.28120366,0.00033372262,4.9907416e-05
2238,2024-09-03 00:00:00+03:00,-0.67033625,,,0.77875584,42754.8,7119.6514,48819.715,6119.6514,8.250041,8.3359526e-05,0.54195595,7.119245e-06,0.45917985,,,,,,7.7212615e-05,2.6597761e-05,4.788726e-05,0.00016158525,16714.973,0.12419575,231.37144,,,,
2239,2024-09-04 00:00:00+03:00,-0.44139838,0.038461957,1625.324,0.036717843,93618.47,833.10345,101750.95,72.02008,4.885027,0.00013759967,0.9581842,9.138091e-05,0.035203047,1893.4963,3000.206,0.03150108,1914.4099,3.551002,6.79552e-05,2.1297597e-05,4.665761e-05,0.00017109289,16717.781,0.1280559,230.98871,0.00015002872,0.46861476,6.988188e-05,2.1219239e-05
2240,2024-09-05 00:00:00+03:00,-0.6874715,0.037171148,1644.7253,0.13319755,89708.8,1226.2109,98479.14,398.81763,9.540149,0.00011471099,1.143219,8.7053384e-05,0.09705174,1874.7316,3000.0518,0.040015116,1900.3125,4.5400944,6.9363756e-05,2.3455053e-05,4.5807523e-05,0.00017759282,16720.213,0.124530375,231.33331,2.6469963e-05,0.898976,2.3458773e-05,7.517944e-06
2241,2024-09-06 00:00:00+03:00,-0.32249296,0.03728755,1219.6467,0.0,,,,,,0.00010489643,0.90915287,5.31721e-05,0.0058864406,1915.5587,2999.9878,0.014072045,1935.7134,3.4269264,6.6475826e-05,2.1544529e-05,4.49313e-05,0.00016937038,16719.709,0.12358844,230.50337,0.0005882943,0.38782367,0.00021487745,-1.9165846e-05
2242,2024-09-07 00:00:00+03:00,-0.72400606,0.038463004,1292.0071,0.0,,,,,,9.950092e-05,1.0143819,5.989846e-05,0.0,1908.1871,3000.057,0.028828178,1929.1136,3.6401644,6.9854614e-05,2.3726716e-05,4.6127905e-05,0.00014977569,16717.465,0.12955564,231.39087,0.00018234935,0.73046935,0.0001335684,6.0489183e-05
2243,2024-09-08 00:00:00+03:00,-0.18266906,0.041048333,814.62244,0.1340883,94368.05,720.95776,101998.58,3.8034506,3.430372,0.00013575195,1.1165462,0.000105480314,0.13456881,1907.6486,3000.0396,0.02087085,1925.9586,3.356947,7.6572585e-05,2.8200027e-05,4.837256e-05,0.0001982413,16712.95,0.13183597,230.71149,0.00012105041,0.5781521,6.5125634e-05,2.0956286e-05
2244,2024-09-09 00:00:00+03:00,-0.2423842,0.04162439,762.51984,0.11958018,60913.14,4356.8447,68951.3,3356.8445,6.662633,0.00015090936,0.93282115,9.918587e-05,0.118899465,1910.9447,3000.0183,0.027549224,1931.6697,3.5446682,7.076349e-05,2.2830976e-05,4.7932517e-05,0.00017923507,14425.41,0.13014546,232.54752,6.7101355e-05,0.4830029,2.9812101e-05,-4.1212325e-06
2245,2024-09-10 00:00:00+03:00,-0.66986024,,,0.95800453,42780.85,6963.8975,48701.062,5963.8984,10.322683,,,,,,,,,,7.171608e-05,,4.6302113e-05,0.00015128951,14421.215,0.12695794,231.34856,,,,
2246,2024-09-11 00:00:00+03:00,-0.4956777,0.033422187,1248.0326,0.29780537,90904.84,901.7866,99531.0,99.41138,10.764562,5.6321744e-05,1.4670444,3.5839297e-05,0.25681823,,,,,,7.041899e-05,2.5116884e-05,4.70347e-05,0.00018276102,16694.363,0.12982163,230.96881,0.00012188435,0.53539455,5.4778026e-05,2.6277144e-06
2247,2024-09-12 00:00:00+03:00,-0.55421,0.03576496,1831.1112,0.349451,80333.69,2040.33,90110.95,1070.6216,7.722179,9.913181e-05,1.1973684,7.8289915e-05,0.27161732,,,,,,8.063722e-05,3.4656157e-05,4.675539e-05,0.00020024559,16700.088,0.12786365,231.5675,0.00069203594,0.43193686,0.0002489654,-2.2639077e-05
2248,2024-09-13 00:00:00+03:00,-0.74894214,0.03330938,3324.5288,1.0,66962.02,3513.7358,75673.67,2513.7358,46.58323,,,,,,,,,,8.981046e-05,,4.767235e-05,0.00019981316,16700.916,0.12768495,230.51152,,,,
2249,2024-09-14 00:00:00+03:00,-0.70613873,0.034454122,1926.1503,0.993371,72175.75,2905.128,81536.41,1905.1278,21.4623,,,,,,,,,,7.562913e-05,,4.4582594e-05,0.00016871469,16703.404,0.125135,230.32832,,,,
2250,2024-09-15 00:00:00+03:00,-0.471402,,,0.9855133,54157.03,5272.3325,61478.09,4272.333,12.210852,,,,,,,,,,7.166506e-05,,4.2358613e-05,0.00015016901,16709.848,0.12470758,228.38176,,,,
2251,2024-09-16 00:00:00+03:00,0.7494595,0.049476363,930.7755,0.35316646,91981.445,961.9777,101083.42,116.32683,3.1410308,0.00025910194,1.0027847,0.00022640935,0.2082389,1876.4714,3000.081,0.04724145,1896.3601,3.72711,7.589442e-05,3.049046e-05,4.2877517e-05,0.00018123101,16714.979,0.12510115,228.50668,0.00018803735,0.35663635,6.82354e-05,1.5155757e-05
2252,2024-09-17 00:00:00+03:00,-0.18242818,0.0382701,1010.32153,0.03371032,81260.41,2047.9343,91384.86,1047.9344,5.0490484,0.00011603748,0.86263025,6.438679e-05,0.032404132,1893.6256,3000.0146,0.02494896,1914.6868,3.8164248,8.040196e-05,3.6083744e-05,4.4318207e-05,0.00018903989,16722.062,0.12679023,228.82196,0.00097177585,0.34815097,0.00031173782,6.126588e-05
2253,2024-09-18 00:00:00+03:00,-0.29723564,0.037321404,1134.301,0.0,,,,,,5.4056014e-05,1.1132733,1.8017969e-05,0.2154024,1898.4312,3000.009,0.022344489,1920.3583,3.7345796,7.2993e-05,2.901788e-05,4.5198154e-05,0.00019631615,16724.494,0.13770002,228.22638,0.00025278272,0.3942262,9.227136e-05,8.994522e-06
2254,2024-09-19 00:00:00+03:00,-0.3082438,0.03863588,1067.189,0.005220405,93123.71,921.78906,101529.586,169.2084,11.276744,6.20426e-05,1.1849949,3.9598446e-05,0.15045667,1896.977,3000.0334,0.019659698,1916.2917,3.5307875,7.527481e-05,4.2304226e-05,4.186894e-05,0.00018092371,13369.545,0.12631123,228.48227,3.2262047e-05,0.35281405,7.859824e-06,-2.767264e-05
2255,2024-09-20 00:00:00+03:00,-0.464989,0.034480684,1209.4805,0.11008308,93502.484,868.9668,101221.58,166.58551,10.017268,8.4618965e-05,1.015868,5.20934e-05,0.08081567,1867.7004,3000.021,0.04542937,1886.6609,3.7480648,6.6376655e-05,2.6182923e-05,4.0620034e-05,0.0001649631,13060.982,0.12461804,228.0245,0.0004192955,0.26699862,0.00010778241,1.9280687e-06
2256,2024-09-21 00:00:00+03:00,-0.54047984,0.035926156,1036.5227,0.10256399,91324.625,1022.18884,98771.05,337.28268,7.628059,8.157427e-05,1.1715336,5.2438732e-05,0.11732506,1893.0928,2999.999,0.011278892,1913.6487,3.6706934,5.81618e-05,1.9725425e-05,3.968204e-05,0.0001565654,13059.292,0.12427679,228.35547,0.00026413056,0.36187398,7.489524e-05,1.8775982e-06
2257,2024-09-22 00:00:00+03:00,-0.13858336,0.0356764,1301.1923,0.28237712,79596.61,2167.6206,88884.33,1249.4668,9.228236,6.510304e-05,1.0338786,3.404547e-05,0.20821835,,,,,,6.996894e-05,2.8951496e-05,3.937765e-05,0.00016307883,16232.315,0.13111687,227.6732,0.0013320493,0.27417964,0.0002771268,3.8424925e-05
2258,2024-09-23 00:00:00+03:00,-1.0362772,0.03679599,971.60223,0.24398462,83745.53,1674.3927,94158.97,680.9742,12.472131,0.00010568023,1.0711838,8.055023e-05,0.19219552,,,,,,6.518651e-05,2.618745e-05,4.0726576e-05,0.00015242277,16705.578,0.13680278,228.15445,5.7983216e-05,0.60542667,4.0615276e-05,8.458978e-06
2259,2024-09-24 00:00:00+03:00,0.30702484,,,0.34295243,63456.523,4044.045,71913.75,3045.788,4.372628,8.4817046e-05,0.79305464,3.6777485e-05,0.34311068,,,,,,7.729271e-05,3.3461052e-05,4.383166e-05,0.00021477237,16697.537,0.13172753,226.48645,,,,
2260,2024-09-25 00:00:00+03:00,-0.3062562,0.038338043,1155.3604,0.5893306,82614.414,1727.0134,91984.86,809.3613,15.531947,7.7061806e-05,1.2865698,7.840499e-05,0.31724134,,,,,,7.5929805e-05,3.9004728e-05,4.3494474e-05,0.00020245294,18376.16,0.13875213,228.49762,9.4776835e-05,0.64830613,5.84052e-05,1.6798916e-05
2261,2024-09-26 00:00:00+03:00,-0.27154127,0.034867667,1653.2848,0.22208357,55098.223,5232.055,62721.953,4232.055,7.432519,0.0001314449,0.8419382,8.594715e-05,0.16225795,,,,,,6.711198e-05,2.7861654e-05,4.395104e-05,0.00017330438,19247.438,0.14122887,227.64941,0.00047599027,0.2752814,0.00013087761,4.127844e-05
2262,2024-09-27 00:00:00+03:00,-0.3151219,0.030743308,1510.5073,0.7743623,82208.305,1635.8132,92148.7,667.38,17.035349,7.143147e-05,1.2503713,6.238781e-05,0.24361445,,,,,,8.657585e-05,4.1980627e-05,3.8512724e-05,0.00018285029,19224.268,0.14299113,227.741,0.000267651,0.38003603,0.00010821999,1.686183e-05
2263,2024-09-28 00:00:00+03:00,-0.3978869,0.034448743,1182.1676,0.45621204,80745.05,1819.4927,91138.47,819.56146,14.613576,6.717384e-05,1.2142456,5.8959784e-05,0.23825482,,,,,,7.187079e-05,3.2809156e-05,4.1418585e-05,0.00020221087,20507.629,0.147957,228.42401,-6.803754e-06,0.627095,-7.363522e-06,-9.792807e-06
2264,2024-09-29 00:00:00+03:00,-0.4733231,0.03243577,793.7721,0.5136259,80017.53,2087.3186,88605.44,1238.3176,18.976704,6.8508074e-05,1.0659778,4.4856664e-05,0.24254027,,,,,,6.082832e-05,1.8743434e-05,4.3947202e-05,0.00019335106,19611.176,0.14929235,227.84476,0.000115299,0.59122396,6.436575e-05,-3.374107e-08
2265,2024-09-30 00:00:00+03:00,-0.43233836,0.0365803,524.9794,0.25899175,83991.81,1729.3779,94006.41,803.78864,9.130941,2.5964524e-05,0.929449,-1.8194478e-06,0.18576662,,,,,,6.906193e-05,2.3520968e-05,4.497288e-05,0.00018932117,18763.025,0.14716616,227.87598,-0.00014109645,0.3603126,-5.0157618e-05,-4.7991027e-05
2266,2024-10-01 00:00:00+03:00,-0.18502836,,,0.99789447,53102.633,5233.996,60693.117,4233.996,14.895013,,,,,,,,,,7.6494616e-05,,4.0056333e-05,0.00015385835,16711.18,0.13807169,228.02643,,,,
2267,2024-10-02 00:00:00+03:00,0.45725304,0.03415364,1083.4081,1.0,89092.67,1089.1709,99070.2,191.53,42.446404,,,,,,,,,,8.5079926e-05,,3.7038455e-05,0.00017151097,20097.691,0.13844872,228.20273,,,,
2268,2024-10-03 00:00:00+03:00,-0.3535326,,,0.9999734,51236.695,5469.422,58435.64,4469.422,26.477749,,,,,,,,,,9.704568e-05,,3.51274e-05,0.00013544963,19275.895,0.13800368,226.8396,,,,
2269,2024-10-04 00:00:00+03:00,-0.7698592,0.033991713,951.0498,0.8978789,85835.89,1436.9556,96505.64,468.9641,16.125807,9.178641e-05,1.5924928,0.00012577059,0.36039302,,,,,,6.786955e-05,3.530806e-05,3.5155103e-05,0.00017626221,19278.43,0.13071918,225.90198,,,,
2270,2024-10-05 00:00:00+03:00,-0.40830132,0.032546163,795.75854,0.27015406,88736.984,1207.191,98992.99,273.82028,11.310977,2.3301302e-05,1.1183738,-4.1747853e-07,0.18923627,1878.5366,2999.9998,0.015825804,1900.1904,4.463586,7.843438e-05,4.6041343e-05,3.4987464e-05,0.00017579357,16710.967,0.12707973,225.88661,,,,
2271,2024-10-06 00:00:00+03:00,-0.27872345,0.03218909,733.9889,0.03494696,31138.654,9116.575,36013.95,8116.5747,8.545967,5.030483e-05,0.98793626,2.5455116e-05,0.059798673,1908.2927,2999.9949,0.013428308,1922.317,3.3766685,6.0237504e-05,2.4775542e-05,3.5674246e-05,0.00016518807,16706.18,0.12848593,225.74887,,,,
2272,2024-10-07 00:00:00+03:00,-0.06837821,0.035104148,843.5771,0.40625018,50252.87,5653.903,57276.68,4653.903,10.790086,3.7130016e-05,0.79598033,1.6510071e-06,0.26392636,,,,,,7.542616e-05,3.978685e-05,3.6948637e-05,0.00017621202,19266.805,0.12763198,226.7081,,,,
2273,2024-10-08 00:00:00+03:00,-0.19801848,0.032449063,954.7849,0.059379462,84069.46,1630.1528,93464.86,711.27625,3.94861,0.00011265151,1.0560251,9.020814e-05,0.03583061,1873.9302,3000.3943,0.077814676,1894.4044,4.9382586,7.135277e-05,3.271456e-05,3.8638213e-05,0.00018720934,16702.816,0.12578274,226.08391,,,,
2274,2024-10-09 00:00:00+03:00,-0.8319635,0.032218147,2140.1086,1.0,63996.043,3777.4448,72347.27,2777.4448,165.03073,,,,,,,,,,0.000105285675,,3.3552653e-05,0.00013969475,14418.331,0.11847272,226.57643,,,,
2275,2024-10-10 00:00:00+03:00,0.024867088,0.0304486,2531.2961,0.860135,60748.6,4188.207,68682.55,3188.207,22.264938,6.046214e-05,0.55871564,1.6727381e-05,0.527408,,,,,,0.0001188038,7.763242e-05,3.340881e-05,0.00018711225,14415.682,0.11823237,225.34195,,,,
2276,2024-10-11 00:00:00+03:00,-0.2449102,0.030066803,987.64575,0.9896109,50132.055,5575.421,57263.58,4575.421,25.651978,,,,,,,,,,7.838354e-05,,3.4848716e-05,0.00016848277,17091.277,0.12786667,226.55139,,,,
2277,2024-10-12 00:00:00+03:00,0.033909597,0.036345385,812.3048,0.58890784,83172.08,1712.3254,93946.83,715.14233,14.625359,3.4746314e-05,1.0566471,1.0086127e-05,0.18089087,,,,,,5.7985955e-05,2.2422368e-05,3.5918532e-05,0.00016889712,16709.71,0.13526906,225.51741,,,,
2278,2024-10-13 00:00:00+03:00,0.06089036,0.03549994,522.8561,0.51252896,43384.633,6697.061,49731.36,5697.061,10.866563,3.146853e-05,0.7806793,6.368259e-07,0.41632104,,,,,,6.151346e-05,2.2276394e-05,3.6189464e-05,0.00015917179,17608.47,0.13519807,224.80788,,,,
2279,2024-10-14 00:00:00+03:00,-0.19822896,0.03289712,860.1706,0.95527154,66918.375,3373.6936,75754.59,2389.222,16.064352,3.4727676e-05,1.2559633,-6.608505e-06,0.3702707,,,,,,8.858944e-05,,3.27806e-05,0.00014555964,22132.873,0.14474174,225.17383,,,,
2280,2024-10-15 00:00:00+03:00,-0.14549747,0.033059265,739.7741,0.867198,82995.05,1691.7715,93847.69,695.1414,23.538113,-1.9843224e-05,1.2343472,-5.3900054e-05,0.2641095,,,,,,5.460011e-05,1.6265627e-05,3.8690618e-05,0.00018827361,22167.195,0.13892913,224.57492,,,,
2281,2024-10-16 00:00:00+03:00,-0.15027042,0.036298227,576.6482,0.14282766,77580.86,2542.2097,85402.69,1693.4323,6.305087,3.5167013e-05,0.9395036,1.2018169e-05,0.12800334,1894.3729,3000.0022,0.026849182,1917.3551,5.239021,8.4433486e-05,4.8222115e-05,3.621137e-05,0.00019362211,17266.684,0.13821056,224.23221,,,,
2282,2024-10-17 00:00:00+03:00,-0.20278592,0.035889804,496.98367,0.0,,,,,,7.5723845e-05,1.0986941,6.614328e-05,0.040717863,1911.6614,2999.9917,0.016160628,1930.354,4.791382,6.755326e-05,3.3907556e-05,3.3645694e-05,0.00016846319,14435.575,0.12730813,222.48123,,,,
2283,2024-10-18 00:00:00+03:00,-0.14928979,0.03661652,632.85376,0.0,,,,,,5.1194416e-05,1.2055578,4.2144784e-05,0.009488504,1914.7766,2999.9932,0.012378482,1932.7048,4.426192,6.702905e-05,3.6295518e-05,3.0733525e-05,0.00016145005,14433.601,0.11683351,222.47327,,,,
2284,2024-10-19 00:00:00+03:00,-0.069663584,0.0322645,567.6528,0.0481285,75441.64,2616.4097,85353.39,1616.4099,5.157157,9.470037e-05,1.0931106,8.1276725e-05,0.049752675,1903.5059,3000.0298,0.05542314,1923.7959,6.2219677,6.7566114e-05,3.9787745e-05,2.7778366e-05,0.0001638949,14434.603,0.118064284,222.05328,,,,
2285,2024-10-20 00:00:00+03:00,0.09526387,0.031674106,775.8765,0.22192222,44404.65,6844.0874,50683.773,5844.0874,10.922897,8.37947e-05,1.1939183,8.079213e-05,0.0049190857,1864.8014,3000.13,0.083253,1885.1443,7.432573,5.8102018e-05,2.5665111e-05,3.255361e-05,0.00018281618,14434.289,0.11827739,220.10257,,,,
2286,2024-10-21 00:00:00+03:00,-0.25635052,,,0.9802264,39895.766,7626.95,45602.1,6626.95,30.36652,,,,,,,,,,,,,,,0.11577071,220.02708,,,,
2287,2024-10-22 00:00:00+03:00,-0.54480135,,,0.99991715,50236.227,5778.973,57045.71,4778.973,42.349213,,,,,,,,,,,,,,,0.11497638,220.06721,,,,
2288,2024-10-23 00:00:00+03:00,-0.042325683,0.035501465,564.43396,0.33819115,87703.08,1319.9263,98720.22,325.68442,13.551173,9.0316425e-05,1.0129385,6.280755e-05,0.21177822,,,,,,5.311658e-05,2.161404e-05,3.053733e-05,0.00015947566,19852.676,0.12770948,221.662,,,,
2289,2024-10-24 00:00:00+03:00,-0.094426304,,,0.9949324,58975.094,4528.7383,67154.45,3528.9272,23.801998,,,,,,,,,,4.900191e-05,,2.9749339e-05,0.00012673195,16718.639,0.13025612,221.1953,,,,
2290,2024-10-25 00:00:00+03:00,-0.592701,0.034031045,731.00244,0.044907212,86053.125,1513.593,96757.1,539.2825,17.63392,6.471151e-05,1.3245293,7.343956e-05,0.056415666,1866.2345,3000.008,0.036243822,1884.3624,4.7708125,5.1987623e-05,2.2214359e-05,2.9583156e-05,0.00015095399,14432.201,0.11881859,221.01715,,,,
2291,2024-10-26 00:00:00+03:00,-0.2982082,0.031676143,852.4038,1.0,87460.47,1343.91,96764.69,483.16263,99.552895,,,,,,,,,,8.363553e-05,,2.6236605e-05,0.00020828782,14152.841,0.1197768,219.69205,,,,
2292,2024-10-27 00:00:00+03:00,-0.17568652,0.03383847,647.2494,0.93777895,88327.13,1220.1135,99463.72,220.58597,18.229296,,,,,,,,,,6.556991e-05,,2.4142004e-05,0.00018221422,16710.584,0.1154176,219.43634,,,,
2293,2024-10-28 00:00:00+02:00,0.071739346,0.034956157,631.869,0.5479004,77642.64,2287.0112,87812.5,1289.9552,37.56807,5.80619e-05,1.3036468,5.565112e-05,0.16104604,,,,,,4.744871e-05,2.531297e-05,2.1910597e-05,0.00013049725,15338.594,0.12440337,219.38174,,,,
2294,2024-10-29 00:00:00+02:00,0.31379086,,,0.42856097,46465.812,6349.5586,53118.707,5349.5586,14.522083,8.264517e-05,1.0587173,7.0348906e-05,0.19745627,,,,,,4.012962e-05,1.3060353e-05,2.501074e-05,0.00012916629,16712.367,0.132046,218.79276,,,,
2295,2024-10-30 00:00:00+02:00,-0.12560543,0.03435377,743.7837,0.82941985,60616.57,4229.1553,68868.22,3229.155,39.970787,4.651301e-05,1.0609275,4.0740353e-05,0.3597426,,,,,,3.342081e-05,3.6397647e-05,2.6574711e-05,0.00013407288,16699.129,0.13434681,220.87582,,,,
2296,2024-10-31 00:00:00+02:00,-0.2678542,0.030406026,1266.651,0.8958268,59119.438,4325.038,67106.695,3325.0383,39.7426,,,,,,,,,,5.696301e-05,,2.3268638e-05,0.00011477186,14735.045,0.13501754,220.31378,,,,
2297,2024-11-01 00:00:00+02:00,-0.57042754,0.033189464,1116.2368,0.85178846,54243.973,4952.074,61740.773,3952.0742,18.711885,,,,,,,,,,3.591335e-05,1.0291815e-05,2.974936e-05,0.00015154475,14414.422,0.13265479,222.88046,,,,
2298,2024-11-02 00:00:00+02:00,0.31708127,0.034477264,470.87274,0.72760427,79619.19,1980.8108,90295.11,990.3871,31.729721,8.074484e-05,1.1753174,6.646103e-05,0.39114222,,,,,,3.4866112e-05,5.0754325e-06,3.2015778e-05,0.00015824396,21928.02,0.15389027,222.67767,,,,
2299,2024-11-03 00:00:00+02:00,-0.2553417,,,0.9813626,62567.016,3898.5288,71021.4,2898.5288,53.00953,,,,,,,,,,8.4901214e-05,,2.9971477e-05,0.0001690196,17515.748,0.13753639,220.4653,,,,
2300,2024-11-04 00:00:00+02:00,0.105290964,0.03471359,449.7801,0.11364728,76575.41,2466.7896,86678.47,1466.7894,8.210118,,,,,,,,,,3.9364157e-05,1.2540933e-05,2.6562699e-05,0.00014814247,16010.99,0.1211151,219.1995,,,,
2301,2024-11-05 00:00:00+02:00,-0.27808124,0.031816524,1273.2439,0.75527745,72788.17,2816.7324,82380.42,1816.7322,47.39775,,,,,,,,,,3.770563e-05,1.0205255e-05,2.6454522e-05,0.00016870469,17026.309,0.11619345,217.65398,,,,
2302,2024-11-06 00:00:00+02:00,-0.34665778,0.03300386,863.9072,1.0,92288.86,909.97375,101862.375,74.176025,31.103687,,,,,,,,,,3.3713033e-05,,2.4469851e-05,0.00014617816,16719.117,0.10968335,217.75407,,,,
2303,2024-11-07 00:00:00+02:00,-0.1847466,0.030289363,908.7552,0.9717844,84993.516,1618.7229,95875.234,619.61786,60.9839,,,,,,,,,,4.263297e-05,,2.4024428e-05,0.00015598434,16720.98,0.12000175,217.18356,,,,
2304,2024-11-08 00:00:00+02:00,0.21468815,0.03391987,790.8965,0.8826672,87420.91,1437.9526,98403.46,447.51102,16.920069,,,,,,,,,,4.5771183e-05,,2.227457e-05,0.00014048984,13062.484,0.11073272,216.006,,,,
2305,2024-11-09 00:00:00+02:00,-0.047902048,0.03373602,647.0479,0.96449256,95574.6,680.76587,103368.74,11.509147,19.979717,,,,,,,,,,4.0586365e-05,,2.1988268e-05,0.00014362935,13269.348,0.110287294,215.08585,,,,
2306,2024-11-10 00:00:00+02:00,-1.1181421,0.031589624,768.6506,0.8809342,94339.83,780.1942,102425.414,75.920235,21.431675,,,,,,,,,,5.591785e-05,,2.14833e-05,0.0001440371,14436.025,0.1236478,214.97356,,,,
2307,2024-11-11 00:00:00+02:00,-0.47885713,0.030972987,527.7272,0.9731566,90128.25,1110.6074,101211.14,150.974,21.06264,,,,,,,,,,4.96044e-05,,2.258678e-05,0.00017152789,16722.041,0.12906474,214.14354,,,,
2308,2024-11-12 00:00:00+02:00,-0.21249925,0.03399606,750.8131,0.99729306,89521.75,1190.798,100551.53,224.07967,46.020054,,,,,,,,,,6.151697e-05,,1.9286086e-05,0.00017465831,16724.363,0.113420226,214.07263,,,,
2309,2024-11-13 00:00:00+02:00,-0.15311378,0.032518294,637.80334,0.9992355,89972.836,1099.7756,101385.07,116.90599,34.345234,,,,,,,,,,3.4515542e-05,,1.6371967e-05,0.00011688315,14433.063,0.12108053,213.08383,,,,
2310,2024-11-14 00:00:00+02:00,-1.0131644,0.03342878,833.74963,0.95527947,63302.86,3969.4404,71998.17,2969.4404,35.68132,,,,,,,,,,5.6113757e-05,,1.7706458e-05,0.00012867327,17984.691,0.12157626,213.72827,,,,
2311,2024-11-15 00:00:00+02:00,0.45710704,0.035849188,1467.7767,0.31558287,76011.97,2326.133,86543.03,1331.5319,32.28671,,,,,,,,,,8.709253e-06,-2.0348638e-05,1.9582054e-05,0.000109071385,14886.151,0.12980965,212.58484,,,,
2312,2024-11-16 00:00:00+02:00,-0.3658874,0.03156972,1033.78,0.9873044,83720.93,1533.6201,94066.36,563.96375,78.07449,,,,,,,,,,3.609788e-05,,1.8379287e-05,0.00014215759,16690.508,0.11814259,212.1644,,,,
2313,2024-11-17 00:00:00+02:00,0.081575684,0.03294699,608.68335,0.85323775,60181.555,4014.2178,68618.375,3014.2178,72.32156,,,,,,,,,,7.295754e-05,2.6308939e-05,1.8647977e-05,0.00015259895,19397.88,0.13622685,215.75763,,,,
2314,2024-11-18 00:00:00+02:00,0.2369415,0.03395129,683.6571,0.64416814,70164.13,2808.1436,79853.86,1808.1436,71.7862,,,,,,,,,,3.17408e-05,6.8980225e-06,2.276215e-05,0.00014338049,23356.97,0.16073304,216.96414,,,,
2315,2024-11-19 00:00:00+02:00,-0.4801887,0.034614734,533.6948,0.8883617,81609.89,1680.4648,92065.92,706.5195,17.284723,,,,,,,,,,6.367212e-05,4.342908e-05,2.2502667e-05,0.00018927737,22103.111,0.1602157,217.79967,,,,
2316,2024-11-20 00:00:00+02:00,0.07282275,0.033713426,380.65045,0.64602673,69355.69,2802.495,78759.08,1802.4949,29.179989,,,,,,,,,,0.000100609526,8.142018e-05,2.1707838e-05,0.00022923038,19186.275,0.15259701,217.87862,,,,
2317,2024-11-21 00:00:00+02:00,0.11789967,0.030277347,422.7035,0.37925047,67395.69,3054.3994,76940.25,2054.3997,59.5496,,,,,,,,,,4.3743337e-05,2.0760757e-05,2.3200304e-05,0.00015676675,22048.615,0.16228878,216.93042,,,,
2318,2024-11-22 00:00:00+02:00,-0.042259485,0.033439722,255.27393,0.8808031,81853.11,1562.2283,92609.43,583.6876,52.743225,,,,,,,,,,6.468251e-05,3.5492805e-05,2.2018963e-05,0.00020657839,24159.465,0.1469607,215.60873,,,,
2319,2024-11-23 00:00:00+02:00,-0.050657243,0.03483872,275.01544,0.5788528,72633.7,2584.647,82447.56,1584.6467,39.78266,,,,,,,,,,5.192801e-05,2.7530978e-05,2.102478e-05,0.00017929045,24214.137,0.1505245,215.23352,,,,
2320,2024-11-24 00:00:00+02:00,0.295923,0.035420053,452.35712,0.76096916,92643.97,793.0636,101588.32,25.677664,18.673275,,,,,,,,,,6.779205e-05,5.927112e-05,1.6803504e-05,0.00019113673,14428.715,0.13601571,212.87256,,,,
2321,2024-11-25 00:00:00+02:00,0.7408177,,,0.23239894,36952.35,8254.4,42378.883,7254.4004,45.881878,,,,,,,,,,8.866126e-05,7.484575e-05,1.3815508e-05,0.0001492165,13356.717,0.11777632,211.19446,,,,
2322,2024-11-26 00:00:00+02:00,-0.7884671,,,0.9839431,56283.695,4763.5264,64002.14,3763.5261,169.59267,,,,,,,,,,,,,,,0.115670286,214.99472,,,,
2323,2024-11-27 00:00:00+02:00,-0.6577171,0.03285939,624.6874,0.89860106,72081.32,2841.4277,81871.555,1843.0186,56.378105,,,,,,,,,,5.660919e-05,,2.1799891e-05,0.00019281435,22170.818,0.122667655,215.62593,,,,
2324,2024-11-28 00:00:00+02:00,-0.86421067,0.034799065,353.40012,0.7649032,68922.445,3198.625,78305.02,2198.625,30.325613,,,,,,,,,,5.5702018e-05,2.0794732e-05,2.3172885e-05,0.00018086818,22171.422,0.12992492,216.93655,,,,
2325,2024-11-29 00:00:00+02:00,0.07132736,0.036360666,511.90552,0.46305797,87869.47,1295.4712,97738.97,432.03726,17.194242,,,,,,,,,,7.216408e-05,5.270121e-05,1.9469127e-05,0.00018246286,16236.461,0.13144606,215.68317,,,,
2326,2024-11-30 00:00:00+02:00,0.11820952,0.034938328,1103.0776,0.982201,53887.81,5271.919,61336.914,4271.919,194.1341,,,,,,,,,,7.161445e-05,,1.7561537e-05,0.00015268158,14434.006,0.13829294,214.73738,,,,
2327,2024-12-01 00:00:00+02:00,-0.4400119,0.03796491,817.26434,0.3720802,53692.25,5258.062,61294.883,4258.0615,76.575165,,,,,,,,,,5.598209e-05,3.9092345e-05,1.7646522e-05,0.00016748789,16718.29,0.13810349,214.11981,,,,
2328,2024-12-02 00:00:00+02:00,0.17593105,0.034153875,615.74536,0.7318125,87794.42,1229.0164,98686.516,247.36234,55.80356,,,,,,,,,,6.141377e-05,4.1638563e-05,1.8764073e-05,0.00018296606,16705.13,0.13632375,214.0344,,,,
2329,2024-12-04 00:00:00+02:00,0.3107422,,,0.56313413,46738.32,6083.9136,53569.18,5083.9136,135.74374,,,,,,,,,,5.454977e-05,3.3014e-05,2.1094911e-05,0.00018309217,19303.2,0.14541976,218.24184,,,,
2330,2024-12-05 00:00:00+02:00,-0.038724452,0.03514012,626.1669,0.87742317,69272.22,3109.6438,79162.234,2109.6438,37.379875,,,,,,,,,,6.428902e-05,3.656895e-05,2.0512958e-05,0.00017796911,19302.36,0.1589114,218.12448,,,,
2331,2024-12-06 00:00:00+02:00,-0.119323194,0.034890424,442.29892,0.9050431,75510.234,2420.9465,85770.81,1420.9465,35.18786,,,,,,,,,,5.9894126e-05,,1.82088e-05,0.00017418328,22182.885,0.15054591,216.20387,,,,
2332,2024-12-07 00:00:00+02:00,-1.1130786,0.03371382,451.01163,0.99647266,92050.555,820.43207,101654.32,11.893018,46.153774,,,,,,,,,,4.562113e-05,,1.8079612e-05,0.00016668325,21312.58,0.13611999,214.08142,,,,
2333,2024-12-08 00:00:00+02:00,-0.33743942,0.03572737,536.27344,0.7394108,90018.45,1050.0444,100828.71,115.832184,39.898167,,,,,,,,,,5.6007815e-05,4.021457e-05,1.3664474e-05,0.00014923146,16713.164,0.12548444,211.97968,,,,
2334,2024-12-09 00:00:00+02:00,-0.15612665,0.035036687,600.6306,0.71839106,83590.484,1777.9946,94028.09,816.05505,40.4729,,,,,,,,,,5.0300634e-05,3.9003273e-05,1.3415539e-05,0.00014411041,18323.008,0.13839296,209.4318,,,,
2335,2024-12-10 00:00:00+02:00,-0.13541293,0.034998685,753.514,0.8776461,67763.18,3433.4685,76747.484,2433.4683,58.856804,,,,,,,,,,5.1378753e-05,3.9049526e-05,1.2329226e-05,0.0001268915,14435.362,0.11264236,208.46732,,,,
2336,2024-12-11 00:00:00+02:00,0.45147118,,,0.5340525,74528.11,2717.3105,84130.484,1719.532,85.85903,,,,,,,,,,4.2376476e-05,3.0212559e-05,1.390786e-05,0.00013673671,16713.8,0.119963996,208.18356,,,,
2337,2024-12-12 00:00:00+02:00,-0.9765596,,,0.8517366,80317.85,1954.2423,90993.72,970.16583,106.11662,,,,,,,,,,3.0672923e-05,1.5373713e-05,1.4819706e-05,0.0001271033,16712.996,0.13375446,209.52043,,,,
2338,2024-12-13 00:00:00+02:00,-0.1590073,0.035032894,355.29312,0.7701266,65160.2,3613.1606,74165.91,2613.1606,116.117004,,,,,,,,,,4.282553e-05,2.7682314e-05,1.3212916e-05,0.00012148007,14434.928,0.12424505,206.64185,,,,
2339,2024-12-14 00:00:00+02:00,-0.032622956,,,1.0,73579.766,2645.289,83281.31,1645.3848,111.31412,,,,,,,,,,,,,,,0.12492862,208.29077,,,,
2340,2024-12-15 00:00:00+02:00,-0.2743017,,,0.9199035,75096.836,2271.7017,85291.44,1271.7019,39.872387,,,,,,,,,,1.4932277e-05,3.6434185e-06,1.36712715e-05,0.000100751255,13050.724,0.13227484,209.97481,,,,
2341,2024-12-16 00:00:00+02:00,0.17848355,,,0.324728,48822.81,5489.798,55833.082,4489.798,30.968782,,,,,,,,,,1.9363773e-05,2.4887945e-06,1.7160117e-05,0.0001293034,16675.176,0.14359042,212.27325,,,,
2342,2024-12-17 00:00:00+02:00,-0.95266837,,,0.88014704,75439.445,2268.931,85787.695,1268.9312,86.66127,,,,,,,,,,9.241916e-06,,2.2086624e-05,0.00013069554,22104.312,0.14743558,214.3548,,,,
2343,2024-12-18 00:00:00+02:00,-0.23984,,,0.38705403,44293.582,6465.5728,50864.6,5465.5728,153.59319,,,,,,,,,,4.0355815e-05,2.452804e-05,1.4848858e-05,0.00012432689,14425.244,0.1292597,210.64713,,,,
2344,2024-12-19 00:00:00+02:00,-0.52274424,,,0.7466076,38135.61,7438.3745,43948.758,6438.375,90.27552,,,,,,,,,,4.335854e-05,2.489189e-05,1.39758495e-05,0.00012272444,16678.975,0.13394938,210.91553,,,,
2345,2024-12-20 00:00:00+02:00,-0.07379697,,,0.7947613,73308.65,2448.5566,83086.47,1448.5566,61.458694,,,,,,,,,,3.7228136e-05,,1.9054667e-05,0.00016406628,22069.582,0.14166078,212.09653,,,,
2346,2024-12-21 00:00:00+02:00,-0.07885811,,,0.7880963,45200.805,6160.7666,51938.52,5160.767,92.9532,,,,,,,,,,3.1603126e-05,-3.1233817e-06,1.5072668e-05,0.000120929646,22123.867,0.14052427,213.64508,,,,
2347,2024-12-22 00:00:00+02:00,-0.2708021,,,0.9791329,48616.875,5588.835,55683.938,4588.835,60.56201,,,,,,,,,,0.000117545154,,1.6626358e-05,0.00020420703,19220.385,0.15230933,215.66986,,,,
2348,2024-12-23 00:00:00+02:00,-0.6485862,,,0.9406209,74359.59,2446.0996,84355.98,1450.1259,79.05039,,,,,,,,,,0.0001456827,,2.0802354e-05,0.00026272767,22120.031,0.16621739,216.05368,,,,
2349,2024-12-24 00:00:00+02:00,-0.060253598,,,0.56396097,81421.56,1799.2291,92559.85,799.22906,77.3408,,,,,,,,,,6.3416686e-05,4.4689812e-05,1.5470408e-05,0.00019991922,19284.535,0.14790332,214.75797,,,,
2350,2024-12-25 00:00:00+02:00,0.12227611,,,0.47771752,53332.164,5266.0693,60840.164,4266.069,125.93443,,,,,,,,,,5.681863e-05,4.3263193e-05,1.355544e-05,0.00013651117,14433.896,0.1329441,213.29852,,,,
2351,2024-12-26 00:00:00+02:00,0.9054964,,,0.9857174,81756.94,1988.2112,92094.09,995.55023,165.7812,,,,,,,,,,0.0001113919,,1.2735391e-05,0.00018189338,14434.941,0.1308737,212.54303,,,,
2352,2024-12-27 00:00:00+02:00,0.009594053,,,0.8754556,82855.86,1873.6931,93200.16,899.06915,45.903,,,,,,,,,,6.23204e-05,4.303017e-05,1.35321225e-05,0.00016025512,16725.234,0.12199548,212.20164,,,,
2353,2024-12-28 00:00:00+02:00,-0.47552863,,,0.90828335,77338.87,2349.2632,87458.78,1358.2395,122.42325,,,,,,,,,,7.972634e-05,,1.2289706e-05,0.00014520837,16718.318,0.12301485,211.54346,,,,
2354,2024-12-29 00:00:00+02:00,-0.61455625,0.032803643,746.29694,0.9861059,83490.16,1652.8741,93960.62,680.22046,55.252808,,,,,,,,,,8.456031e-05,,1.1472806e-05,0.00013019118,16706.18,0.13322717,206.32391,,,,
2355,2024-12-30 00:00:00+02:00,-0.72929364,,,0.93129027,37997.727,7430.776,43934.69,6430.7764,100.31284,,,,,,,,,,,,,,,0.1412811,208.16235,,,,
2356,2024-12-31 00:00:00+02:00,0.3071923,,,0.5064139,30820.832,8789.871,35873.65,7789.871,119.04837,,,,,,,,,,2.6396152e-05,1.1601403e-05,1.4145758e-05,0.00011529709,14538.287,0.1430813,207.20851,,,,
2357,2025-01-01 00:00:00+02:00,-0.6296912,,,0.8435451,35072.418,7947.113,40570.133,6947.113,85.0997,,,,,,,,,,,,,,,0.13905177,207.24432,,,,
2358,2025-01-02 00:00:00+02:00,0.1267766,0.034544606,309.34644,0.88936704,58676.43,4090.909,67097.19,3090.909,125.60301,,,,,,,,,,2.2204073e-05,,1.4370254e-05,0.00011474485,13096.117,0.15061149,208.2985,,,,
2359,2025-01-03 00:00:00+02:00,-0.05105106,,,0.5261616,47979.926,5499.3613,55485.164,4499.3613,230.83957,,,,,,,,,,-3.554518e-05,,2.2509748e-05,9.947656e-05,22671.242,0.16754809,208.54051,,,,
2360,2025-01-04 00:00:00+02:00,0.11247738,0.039198577,248.03345,0.7913858,71723.87,2666.5847,81496.05,1690.733,167.38797,,,,,,,,,,-1.2728426e-05,-2.7577527e-05,2.146368e-05,0.00010102061,23466.104,0.15860587,210.74191,,,,
2361,2025-01-05 00:00:00+02:00,-0.2989393,,,,,,,,,,,,,,,,,,1.8558594e-05,-3.1068335e-05,2.4893812e-05,0.00016275063,19254.555,0.1555134,211.31744,,,,
2362,2025-01-06 00:00:00+02:00,-0.89444256,,,0.6728008,35431.812,7854.5454,40935.254,6854.5444,187.1814,,,,,,,,,,4.41374e-05,2.1917725e-05,2.269077e-05,0.000163266,16693.143,0.1367314,214.96205,,,,
2363,2025-01-07 00:00:00+02:00,0.054122597,,,0.58713853,35878.793,7843.193,41469.92,6843.1924,96.217285,,,,,,,,,,8.492706e-05,6.674152e-05,2.2661668e-05,0.00018652115,16686.463,0.14186333,218.53949,,,,
2364,2025-01-08 00:00:00+02:00,-0.46356422,0.03237918,517.44415,0.7929365,71319.72,2682.776,81285.33,1685.7959,127.81497,,,,,,,,,,0.00011094459,7.00652e-05,2.7486258e-05,0.00026205977,24180.896,0.17435467,220.97325,,,,
2365,2025-01-09 00:00:00+02:00,-0.26212424,,,0.7996194,38848.742,7192.2812,44857.5,6192.2812,183.19043,,,,,,,,,,,,,,,0.1630546,220.07413,,,,
2366,2025-01-10 00:00:00+02:00,-0.3758155,,,0.98863745,42273.58,6664.918,48625.24,5664.918,159.02646,,,,,,,,,,,,,,,0.1643601,216.34633,,,,
2367,2025-01-11 00:00:00+02:00,0.36902517,0.032817602,320.65375,0.9755162,80680.69,1762.854,91624.91,762.854,113.918655,,,,,,,,,,4.1692354e-05,,1.9693563e-05,0.00015592403,21516.484,0.16035584,214.74414,,,,
2368,2025-01-12 00:00:00+02:00,-0.25639462,0.040393017,602.2924,0.9190105,70856.6,2933.1367,80682.33,1933.2192,91.05851,,,,,,,,,,0.00019377204,,1.6225678e-05,0.00023404542,22174.186,0.15446503,211.5628,,,,
2369,2025-01-13 00:00:00+02:00,-1.2388575,,,0.476569,54083.926,5084.193,61744.625,4084.1926,102.62253,,,,,,,,,,3.8174443e-05,1.9019084e-05,1.0825711e-05,8.698694e-05,14436.185,0.13134377,208.31586,,,,
2370,2025-01-14 00:00:00+02:00,-1.3274338,0.03506431,963.94116,0.87114495,70311.766,3283.3472,79761.34,2286.705,31.331831,,,,,,,,,,4.0986146e-05,1.9898043e-05,1.3480354e-05,0.0001255226,17986.934,0.12835558,208.03336,,,,
2371,2025-01-15 00:00:00+02:00,-0.35200316,0.035691448,482.01376,0.99791324,90523.734,1029.0916,101611.05,72.73061,37.016754,,,,,,,,,,5.070799e-05,,1.4282496e-05,0.000121840705,17489.658,0.13685368,209.89587,,,,
2372,2025-01-16 00:00:00+02:00,-0.91945547,0.0354432,1361.7823,0.9644521,62997.215,4048.553,71604.88,3048.553,58.039078,,,,,,,,,,6.6192835e-05,,1.3353965e-05,0.00013279206,14430.633,0.12333793,209.15614,,,,
2373,2025-01-17 00:00:00+02:00,-0.37174618,0.033961743,846.9429,0.9801849,83290.984,1780.5444,93632.33,807.84485,56.941742,,,,,,,,,,6.352973e-05,,1.5005187e-05,0.00013882731,16717.055,0.12688196,209.44948,,,,
2374,2025-01-18 00:00:00+02:00,0.33904532,0.03857109,609.576,0.22349043,35846.844,8114.588,41380.258,7114.589,11.149631,,,,,,,,,,3.72527e-05,2.0203726e-05,1.6257936e-05,0.00012820821,16714.09,0.13917169,208.95541,,,,
2375,2025-01-19 00:00:00+02:00,-0.23195416,0.032412376,633.5696,0.89393663,92956.5,798.1793,101983.03,11.798742,25.385386,,,,,,,,,,4.2077532e-05,,1.4516156e-05,0.00016319385,14430.068,0.121625185,207.60143,,,,
2376,2025-01-20 00:00:00+02:00,-0.06481899,0.03466456,793.35175,1.0,81001.8,1993.4807,91474.95,994.9566,101.35072,,,,,,,,,,6.8353474e-05,,1.443705e-05,0.00014910585,14432.139,0.11614834,210.06638,,,,
2377,2025-01-21 00:00:00+02:00,-0.06344204,,,0.9999436,52471.08,5317.6143,59868.22,4317.6143,109.604126,,,,,,,,,,,,,,,0.1435239,207.79108,,,,
2378,2025-01-22 00:00:00+02:00,-0.22255167,0.038603656,622.1814,0.8575076,82496.266,1666.469,93753.16,666.469,27.78146,,,,,,,,,,2.5897476e-05,,1.30144435e-05,9.0442496e-05,16704.668,0.1383476,204.7562,,,,
2379,2025-01-23 00:00:00+02:00,-0.91012084,0.038631864,543.19696,0.91659236,73920.35,2564.9395,83858.79,1564.9395,29.811089,,,,,,,,,,7.9617734e-05,,1.2882365e-05,0.00012670139,16700.55,0.13500097,210.3453,,,,
2380,2025-01-24 00:00:00+02:00,-0.13399874,0.034836613,357.75595,0.49237975,63749.316,3771.2998,72687.375,2771.2998,46.271614,,,,,,,,,,2.995635e-05,1.4250457e-05,2.4702029e-05,0.0001624613,19265.223,0.18130678,212.74762,,,,
2381,2025-01-25 00:00:00+02:00,-0.014607593,0.034874763,571.01587,0.9991527,64713.18,3803.2285,73294.95,2810.3396,162.29388,,,,,,,,,,0.00014231792,,1.7821303e-05,0.00016408358,16219.207,0.14927123,214.66458,,,,
2382,2025-01-26 00:00:00+02:00,-0.14604667,,,0.88188165,45994.523,6180.1523,52618.133,5180.1523,62.851723,,,,,,,,,,7.307125e-05,,2.0075695e-05,0.00014681561,16698.73,0.1558423,215.26692,,,,
2383,2025-01-27 00:00:00+02:00,-0.44702855,0.035522856,481.8178,1.0,83986.17,1487.7542,95005.84,487.7542,46.528084,,,,,,,,,,7.615957e-05,,1.9945222e-05,0.00017807336,19251.797,0.15591371,217.60886,,,,
2384,2025-01-28 00:00:00+02:00,0.22099295,0.036638085,715.41846,0.49727643,65671.85,3505.7358,74772.02,2505.7368,75.34239,,,,,,,,,,9.940114e-05,7.4690746e-05,2.4584606e-05,0.00019818175,20381.055,0.15119302,219.60236,,,,
2385,2025-01-29 00:00:00+02:00,-0.91103965,0.033515878,1685.077,0.9988043,71872.55,2750.6548,81464.55,1750.6548,141.51805,,,,,,,,,,0.00018084896,,2.4828823e-05,0.00021659068,19241.455,0.15450493,220.00674,,,,
2386,2025-01-30 00:00:00+02:00,-0.7423226,0.034863085,642.7159,0.9471278,74570.14,2496.853,84335.89,1496.8533,23.271849,,,,,,,,,,8.431933e-05,,2.54144e-05,0.00018202196,22991.057,0.16006884,217.38275,,,,
2387,2025-01-31 00:00:00+02:00,0.0358309,0.0334836,659.82495,0.9563714,61068.242,4050.2764,69568.28,3050.2764,38.402622,,,,,,,,,,0.00011189104,,1.8109555e-05,0.00015764909,22162.72,0.14090692,214.43034,,,,
2388,2025-02-01 00:00:00+02:00,0.30149353,0.033052795,453.9626,0.8891581,73364.83,2635.226,83671.19,1635.2262,74.28068,0.00012966293,0.7905219,8.79535e-05,0.3994318,,,,,,2.9748724e-05,1.6633148e-05,1.6587557e-05,9.7951066e-05,22179.488,0.18050031,212.7169,,,,
2389,2025-02-02 00:00:00+02:00,-0.72063667,0.035762068,314.4675,0.98299164,68155.63,3165.0781,77875.33,2165.0781,19.883272,,,,,,,,,,3.948559e-05,,1.7277345e-05,0.0001057818,24298.938,0.1615982,213.61438,,,,
2390,2025-02-03 00:00:00+02:00,-0.26837057,0.041532815,408.95084,0.9543478,88184.984,1207.9636,99258.44,247.75763,19.358585,,,,,,,,,,9.346437e-05,,1.7226768e-05,0.00015352567,19288.32,0.16394702,213.19308,,,,
2391,2025-02-04 00:00:00+02:00,-0.86662763,0.0360448,607.1332,0.9601872,78194.31,2200.8125,88821.45,1200.8123,17.464066,,,,,,,,,,5.6940615e-05,2.4736097e-05,2.0157135e-05,0.00013293202,14538.848,0.14216787,212.74973,,,,
2392,2025-02-05 00:00:00+02:00,0.056974962,0.035735287,479.14844,0.9379934,87795.55,1338.5142,97785.28,452.0453,38.823193,,,,,,,,,,0.00012396922,,2.0066116e-05,0.00020513781,14434.212,0.14270732,215.78952,,,,
2393,2025-02-06 00:00:00+02:00,-0.59893495,0.03517807,607.3341,1.0,84310.09,1686.3914,95518.2,689.2571,41.89453,,,,,,,,,,6.24329e-05,,2.8317068e-05,0.00016448903,22245.48,0.16956796,218.3919,,,,
2394,2025-02-07 00:00:00+02:00,0.07726595,0.037776366,260.90143,0.8676597,88181.06,1424.4504,99764.77,435.3144,18.419872,,,,,,,,,,4.098109e-05,1.9783938e-05,2.7323626e-05,0.00014828492,21569.5,0.16556075,218.74088,,,,
2395,2025-02-08 00:00:00+02:00,-0.27187988,0.03313618,210.63022,1.0,96531.41,663.53357,104517.67,10.675465,28.695988,,,,,,,,,,5.244528e-05,,2.4644996e-05,0.00015772299,19345.033,0.15351415,219.0574,,,,
2396,2025-02-09 00:00:00+02:00,-0.016187668,0.03414136,284.08002,0.22449096,96818.79,600.8086,103841.67,14.766535,3.4062357,-0.000100183155,0.8099053,-6.6637156e-05,0.23086528,,,,,,5.8200123e-05,3.138699e-05,2.681313e-05,0.00018101715,19334.219,0.16024038,216.17502,,,,
2397,2025-02-10 00:00:00+02:00,-0.17944631,0.033159003,183.52287,,,,,,,,,,,,,,,,4.6397465e-05,,2.5132795e-05,0.00016074185,18444.691,0.16065039,215.64435,,,,
2398,2025-02-11 00:00:00+02:00,-0.05583762,0.033969603,184.09952,0.9583542,97746.8,532.00604,104046.13,8.071019,11.264615,,,,,,,,,,4.0527997e-05,1.2855925e-05,2.3169561e-05,0.00014064292,16737.19,0.1504759,214.64276,,,,
2399,2025-02-12 00:00:00+02:00,-0.25469834,0.03721949,188.12291,0.24378048,87369.875,1411.1886,96441.54,605.1247,2.8859363,3.527833e-05,0.8490051,2.0672775e-05,0.1582756,,,,,,7.638756e-05,5.7835798e-05,1.8556988e-05,0.00015486582,16727.96,0.1477402,214.74567,,,,
2400,2025-02-13 00:00:00+02:00,0.23960054,0.035743967,232.30397,0.96731615,79284.14,2090.901,89693.04,1111.6052,27.369305,,,,,,,,,,6.0981398e-05,,1.7742217e-05,0.00011462276,19291.791,0.14918646,213.97424,,,,
2401,2025-02-14 00:00:00+02:00,-1.3796055,0.035853118,113.4231,0.9267125,82293.1,1668.3372,93856.664,673.8809,25.064938,-2.26751e-05,1.2442855,-3.390976e-05,0.3468808,,,,,,3.8690876e-05,,2.1520762e-05,9.888101e-05,22736.875,0.16282064,215.3988,,,,
2402,2025-02-15 00:00:00+02:00,-0.34447074,0.03401893,184.14429,0.6042696,86385.81,1347.1869,96510.59,462.44568,11.387093,-5.5318265e-05,0.7600491,-1.6409143e-05,0.3332231,,,,,,7.157902e-05,3.4223784e-05,2.5341593e-05,0.00016657606,26743.984,0.16704346,213.97443,,,,
2403,2025-02-16 00:00:00+02:00,-0.14219299,0.039148375,171.08618,0.7379012,90932.67,922.18146,101141.11,72.27713,10.573181,6.766433e-05,0.91974604,5.0502833e-05,0.24007696,,,,,,7.146063e-05,2.934202e-05,2.4287387e-05,0.00017538841,24018.354,0.17443734,215.60535,,,,
2404,2025-02-17 00:00:00+02:00,-0.38732493,0.03903627,261.73517,0.9376821,78324.24,2062.9004,89170.41,1065.2368,12.708431,3.9485203e-05,0.79001355,2.9285791e-05,0.31123102,,,,,,6.8641406e-05,1.5790816e-05,2.8254974e-05,0.00014276353,22169.152,0.17974855,218.41565,,,,
2405,2025-02-18 00:00:00+02:00,-0.104543924,0.039475948,328.10016,0.9676416,85665.7,1416.4226,96872.2,440.1136,22.036827,,,,,,,,,,7.804825e-05,,3.35623e-05,0.00017556653,19286.809,0.16837442,221.78964,,,,
2406,2025-02-19 00:00:00+02:00,-0.4989194,0.03980386,228.15366,0.23595372,89316.15,1147.7074,100221.555,214.56117,1.4257601,4.2008673e-05,1.0967598,3.8104063e-05,0.22580168,1896.4994,3000.0525,0.055326007,1917.1259,5.019404,0.00010487906,5.545955e-05,3.255599e-05,0.00021874008,19305.395,0.18314923,221.44467,,,,
2407,2025-02-20 00:00:00+02:00,-0.5146771,0.036439344,324.19153,0.68336713,87807.58,1336.3179,98066.5,457.3545,9.033398,5.6091656e-05,0.768725,3.622692e-05,0.33187765,1880.4886,3000.1182,0.04606672,1904.0571,5.3164783,0.000106583626,3.505429e-05,3.48952e-05,0.00022766841,16727.275,0.18228212,221.59503,,,,
2408,2025-02-21 00:00:00+02:00,-0.24115355,0.039681964,266.27322,0.7677691,60958.85,4427.6035,69065.67,3456.9294,7.606216,0.00012069622,1.1204501,0.00012089641,0.25868985,1928.1344,3000.1697,0.057712037,1951.6951,7.8188653,7.792583e-05,3.8548955e-05,3.786095e-05,0.00018720285,16726.752,0.17655495,226.63437,,,,
2409,2025-02-22 00:00:00+02:00,-0.64693534,0.03502858,678.757,0.99617743,60988.39,4310.1655,69431.06,3310.1655,18.802301,,,,,,,,,,8.221828e-05,,4.191817e-05,0.0001818306,14434.615,0.17534907,228.40878,,,,
2410,2025-02-23 00:00:00+02:00,-0.109454855,0.039155893,401.93372,0.82729995,81856.59,1889.6836,92277.766,915.4961,5.073659,1.4059989e-05,0.9627884,6.7223846e-06,0.23685396,,,,,,0.00011764176,4.8068356e-05,4.0172024e-05,0.00019370802,14433.381,0.18067649,228.32584,,,,
2411,2025-02-24 00:00:00+02:00,-0.10681331,0.03851352,424.15918,0.40151408,74911.16,2642.3977,83583.22,1778.8339,1.6371963,7.659657e-05,0.8629004,5.9971375e-05,0.22794716,1894.8082,2999.9214,0.029381303,1921.4366,5.7031703,9.609877e-05,6.12664e-05,3.7825055e-05,0.00023082213,14432.59,0.17045265,227.54199,,,,
2412,2025-02-25 00:00:00+02:00,-0.14620627,0.038601555,567.15735,0.35826582,78369.16,2230.0098,87069.2,1373.1897,1.5154891,5.6342215e-05,0.7945554,4.2260734e-05,0.26898474,1887.3662,2999.9722,0.019099236,1915.2334,5.574968,8.321012e-05,4.3606466e-05,4.019346e-05,0.0002485155,16708.621,0.17610008,225.1734,,,,
2413,2025-02-26 00:00:00+02:00,-0.41247422,0.034911763,513.12775,1.0,90535.6,968.8627,100986.94,59.64662,25.884407,,,,,,,,,,7.508178e-05,,3.647463e-05,0.0001687452,19277.799,0.17736828,224.97845,,,,
2414,2025-02-27 00:00:00+02:00,-0.3411494,0.03636761,509.00644,0.99999964,79379.51,2038.1104,89969.84,1038.1102,35.808712,,,,,,,,,,6.434612e-05,,3.4841803e-05,0.0001521869,19713.176,0.17087764,222.48549,,,,
2415,2025-02-28 00:00:00+02:00,-0.45016253,0.039013848,379.32916,0.94957,84745.67,1565.124,95235.19,609.105,10.383029,,,,,,,,,,8.0146085e-05,,2.8178183e-05,0.00014026329,19288.941,0.15152375,217.61584,,,,
2416,2025-03-01 00:00:00+02:00,-0.5621444,0.037720665,311.67572,0.99715436,82939.92,1729.2457,93741.0,753.87646,30.6605,,,,,,,,,,7.806704e-05,,1.7168199e-05,0.00010539091,16714.365,0.13977325,212.16928,,,,
2417,2025-03-02 00:00:00+02:00,-1.4588109,0.0424967,306.17032,1.0,80946.93,1885.3549,91718.14,886.8278,17.134588,,,,,,,,,,3.9290448e-05,,1.7521626e-05,8.261801e-05,14047.328,0.13848998,210.14815,,,,
2418,2025-03-03 00:00:00+02:00,-0.220218,0.03836528,355.1936,0.92161214,75216.3,2637.95,83505.47,1769.7583,24.70806,-0.000111838286,0.57276696,-7.431405e-05,0.59097916,,,,,,4.107067e-05,2.8343442e-05,1.6994425e-05,9.5095194e-05,13055.0,0.122097366,206.60619,,,,
2419,2025-03-04 00:00:00+02:00,-0.32251352,0.04370672,417.22687,0.9610619,56901.805,4713.967,64801.9,3713.967,12.818356,,,,,,,,,,3.2536922e-05,,1.5560896e-05,6.805375e-05,13053.749,0.12002086,208.35854,,,,
2420,2025-03-05 00:00:00+02:00,-0.78932333,0.039364442,1614.4857,0.9999901,54162.855,5037.9854,61673.71,4037.9854,20.589092,,,,,,,,,,6.630077e-05,,1.5058118e-05,7.6908436e-05,12317.403,0.11413798,208.96944,,,,
2421,2025-03-06 00:00:00+02:00,-0.36583096,0.032204345,1684.334,0.45427817,30606.916,9980.149,35227.684,8980.15,6.186884,0.000104627965,0.8606485,7.475048e-05,0.262954,,,,,,2.437034e-05,6.7248548e-06,1.6364582e-05,7.2559335e-05,11206.174,0.10695279,208.4679,,,,
2422,2025-03-07 00:00:00+02:00,-0.18641472,0.03456278,702.3303,0.94607586,93981.88,695.03345,101307.0,40.380592,14.209701,0.0001264801,1.0659611,0.000116958014,0.34593582,,,,,,3.5774694e-05,1.8158426e-05,2.190539e-05,0.00011883321,16708.693,0.12420869,213.00677,,,,
2423,2025-03-08 00:00:00+02:00,-0.30707747,0.036065176,519.60156,0.9723618,62110.28,4024.2046,70621.09,3024.204,15.036655,,,,,,,,,,3.626645e-05,,2.3490004e-05,0.0001027197,16708.113,0.12098253,212.42519,,,,
2424,2025-03-09 00:00:00+02:00,-0.34938562,0.039358273,901.7782,0.13637514,57972.39,4700.2393,65464.945,3743.9287,1.3572196,0.00011718253,0.95482236,0.0001009804,0.14022504,1852.029,3000.0652,0.109298944,1866.9219,3.827068,4.8487436e-05,2.5404017e-05,2.308342e-05,0.00011294437,16707.113,0.1288569,212.20488,,,,
2425,2025-03-10 00:00:00+02:00,0.3908285,0.039524984,650.4534,0.17557597,66020.53,3487.1052,74849.34,2487.1052,1.7501075,0.0001362651,0.9386134,0.00011312372,0.19054736,1877.3766,3000.068,0.10070692,1887.8589,3.8717258,4.798168e-05,2.37176e-05,2.4264084e-05,0.00012393741,16693.023,0.12788534,214.90656,,,,
2426,2025-03-11 00:00:00+02:00,0.2483761,0.043060012,608.3281,0.23364557,76662.14,2212.7651,86492.0,1218.0907,8.963887,0.00015077861,0.89570117,0.00011966174,0.19674268,1869.6897,3000.0723,0.048195265,1881.043,3.0673523,6.3624946e-05,4.140703e-05,2.2217908e-05,0.00011682336,19232.893,0.12353665,215.62134,,,,
2427,2025-03-12 00:00:00+02:00,0.2717358,0.04171199,736.17847,1.0,82158.84,1664.5154,91418.39,779.20496,57.774773,,,,,,,,,,7.224057e-05,,2.0185893e-05,0.00012546124,18727.586,0.11967539,215.24066,,,,
2428,2025-03-13 00:00:00+02:00,-0.5639627,0.04168455,560.4652,1.0,78184.266,1996.596,88425.086,996.59607,122.78294,,,,,,,,,,7.0676804e-05,,2.1657968e-05,0.00012747798,16681.023,0.12600844,215.00146,,,,
2429,2025-03-14 00:00:00+02:00,-0.43795496,0.03690003,192.00296,0.9814007,82608.09,1575.2637,93857.47,580.82684,30.14772,1.36430335e-05,0.95747113,9.248521e-06,0.5370402,,,,,,3.841545e-05,8.220742e-06,3.1094896e-05,0.00011668028,21196.922,0.1467582,218.45457,,,,
2430,2025-03-15 00:00:00+02:00,-0.31949285,0.04102365,278.29712,0.08359221,90098.58,1050.3652,96420.0,475.43845,5.3093123,0.0001026501,0.79482377,6.7067e-05,0.06377191,1895.0891,3000.0015,0.024244767,1906.5333,2.9408796,3.996064e-05,1.0187025e-05,2.9773615e-05,0.00011481784,16710.965,0.1358558,219.17142,0.00016840168,0.25429597,4.521165e-05,2.497911e-06
2431,2025-03-16 00:00:00+02:00,-0.6032548,0.036552563,549.66425,1.0,59960.79,4097.873,68686.68,3097.873,39.603172,,,,,,,,,,,,,,,0.14039493,220.37714,,,,
2432,2025-03-17 00:00:00+02:00,-0.18167192,0.039420508,200.05255,0.08531371,92723.5,812.2943,101487.27,66.30533,3.3209484,4.3605767e-05,0.93705475,2.965797e-05,0.091202416,1882.2585,3000.001,0.04548649,1895.9861,3.2843137,3.361929e-05,8.118535e-07,3.2827727e-05,0.00011652536,19124.895,0.14749882,219.42856,0.00046826657,0.28871384,0.0001022285,-4.0720233e-06
2433,2025-03-18 00:00:00+02:00,-1.3298303,0.038856164,612.9554,0.8267154,87561.87,1241.2115,98898.125,243.83177,13.768718,2.3054632e-05,1.0232948,1.8169043e-05,0.19916452,,,,,,3.6616824e-05,9.643475e-06,2.6975895e-05,8.955155e-05,14427.449,0.12725218,220.8142,0.00026443225,0.3692928,0.0001006518,-3.273154e-06
2434,2025-03-19 00:00:00+02:00,-0.19247401,0.03772818,682.7946,0.13788018,92215.26,872.04474,100626.76,122.552124,3.9885533,0.00011429007,0.92903715,9.680183e-05,0.14136407,,,,,,5.6024306e-05,3.160063e-05,2.442368e-05,0.00012376811,14429.029,0.120147616,220.19505,0.00010423156,0.30343944,3.1767737e-05,8.182791e-06
2435,2025-03-20 00:00:00+02:00,-0.29170114,0.03730742,395.9805,0.89544606,93579.03,744.275,101541.24,48.47568,13.151143,,,,,,,,,,4.9025184e-05,,2.7611988e-05,0.0001311212,17064.535,0.1292932,222.25305,,,,
2436,2025-03-21 00:00:00+02:00,-0.6271155,0.037268855,419.19507,0.14493582,94643.65,680.2718,100075.61,195.4982,4.5254736,0.0001351001,0.9137051,9.888281e-05,0.16632894,1896.4747,2999.9998,0.019082833,1909.4354,2.8545537,6.466729e-05,3.9756633e-05,3.3254317e-05,0.0001490617,19292.805,0.14763245,222.58737,1.7801536e-05,0.27012244,-1.9281651e-06,-1.798784e-05
2437,2025-03-22 00:00:00+02:00,-0.2818726,0.03907367,298.8191,0.0,,,,,,0.00014857468,0.6717269,8.6921784e-05,0.04736996,1902.8354,3000.0022,0.025336923,1913.8071,2.4847703,4.6823785e-05,1.451089e-05,3.23129e-05,0.00012277828,19314.01,0.14777972,221.37271,0.00028940328,0.15928915,3.8803148e-05,-8.0972895e-06
2438,2025-03-23 00:00:00+02:00,-0.16637473,0.040832505,247.6597,0.083494715,89889.3,1138.473,100434.734,218.13918,3.2965434,0.00016019658,0.86220086,0.00012457189,0.08747701,1905.1783,3000.0005,0.060524184,1917.738,3.2729478,7.544784e-05,4.6383135e-05,2.90647e-05,0.00014617151,16721.324,0.1377931,221.30133,0.0009495907,0.18038246,0.000110403365,-2.8383485e-05
2439,2025-03-24 00:00:00+02:00,-0.41109267,,,1.0,90876.266,909.1698,101002.59,31.04095,45.72116,,,,,,,,,,6.704179e-05,,4.0156192e-05,0.0001733359,18968.701,0.15014917,225.23257,,,,
2440,2025-03-25 00:00:00+02:00,-0.46525198,0.041170925,804.7966,0.7929572,62025.414,3991.3076,70499.375,2991.3076,8.111188,4.277943e-06,0.88244545,-5.7203115e-06,0.30790687,,,,,,4.9789895e-05,7.771771e-06,4.613614e-05,0.00015078814,14425.381,0.13822974,225.79034,-7.3020936e-05,0.28483358,-9.715355e-06,-7.907691e-06
2441,2025-03-26 00:00:00+02:00,-0.60775,0.03746944,747.8811,1.0,88391.91,1130.1368,99084.125,182.00124,46.685143,,,,,,,,,,8.133132e-05,,4.1258347e-05,0.0001567946,18280.293,0.14746551,226.9082,,,,
2442,2025-03-27 00:00:00+02:00,-0.16648702,0.039210074,499.4823,0.0,,,,,,8.755061e-05,0.88363266,6.692305e-05,0.011116825,1858.2507,3000.0137,0.028009716,1869.7253,2.7117915,8.760133e-05,3.7204205e-05,5.0397117e-05,0.00019721054,16708.023,0.15300131,228.05246,0.00045556237,0.2075721,8.9844194e-05,2.5786198e-05
2443,2025-03-28 00:00:00+02:00,-0.61393213,0.031796653,1125.068,1.0,93000.85,758.88745,101384.875,16.3802,28.540058,,,,,,,,,,7.3388546e-05,,3.8808306e-05,0.00015239924,16705.885,0.14611149,228.16345,,,,
2444,2025-03-29 00:00:00+02:00,-0.20834777,0.03613626,730.8648,0.17466193,88406.24,1199.3539,95942.21,497.96484,2.238942,8.496067e-05,0.929797,6.582358e-05,0.1705408,1896.1642,3000.0,0.022547865,1908.7089,2.5759592,7.855546e-05,3.6918886e-05,4.1636573e-05,0.00019097191,16705.887,0.15385516,226.65286,0.00015136834,0.26637203,4.0274055e-05,-1.0282198e-05
2445,2025-03-30 00:00:00+02:00,-0.43318,0.036657684,1107.9783,0.8567001,56251.406,4684.897,64116.477,3684.8967,8.538199,,,,,,,,,,8.29544e-05,,4.2448824e-05,0.00015371034,21130.479,0.16498643,226.67996,,,,
2446,2025-03-31 00:00:00+03:00,-0.44696653,0.03713239,629.4919,0.51850367,79882.06,2020.6897,90187.19,1033.9314,8.789458,0.00013753859,0.8847804,0.00010171994,0.2048953,,,,,,8.323438e-05,4.3601558e-05,4.3132393e-05,0.0001731037,19274.61,0.16122395,226.72925,0.00022454695,0.21117485,4.768014e-05,-1.5622167e-05
2447,2025-04-01 00:00:00+03:00,-0.40281445,0.037955236,667.5294,0.15884626,92422.42,904.176,101914.75,69.28417,5.3786936,0.00013176285,0.9121977,0.00010342247,0.06726034,1888.0358,3000.0278,0.026951812,1901.6387,2.8701525,8.206359e-05,3.7314756e-05,4.474883e-05,0.00018304688,19299.355,0.17412546,225.42725,0.00027775907,0.22896048,6.2140214e-05,1.4421012e-05
2448,2025-04-02 00:00:00+03:00,-0.21699405,0.03565888,990.0747,0.0,,,,,,5.9670805e-05,0.9659147,4.0866755e-05,0.037398558,1905.1202,2999.995,0.015104219,1917.2769,2.6553226,8.983443e-05,4.5168665e-05,4.4665765e-05,0.00018095525,16720.969,0.16871606,225.81406,0.0009920325,0.17886186,0.00014129511,2.8082794e-05
2449,2025-04-03 00:00:00+03:00,-0.55020803,0.033264775,734.3298,0.0,,,,,,4.2719945e-05,1.000889,2.866728e-05,0.0,1870.9172,3000.0093,0.027713649,1883.293,2.5561898,7.918729e-05,3.333429e-05,4.585299e-05,0.00015729491,14431.993,0.15952508,227.9303,6.8438996e-05,0.36371255,2.3520683e-05,9.428259e-07
2450,2025-04-04 00:00:00+03:00,-0.16780911,0.034125064,390.32385,0.0,,,,,,6.3090745e-05,1.1440432,5.3644522e-05,0.10694292,1871.501,3000.0122,0.032969438,1886.9087,3.3189487,6.369395e-05,1.6752803e-05,4.6941146e-05,0.00017221537,20413.137,0.16581306,228.58737,3.2981676e-05,0.3153392,8.272913e-06,-1.1445451e-05
2451,2025-04-05 00:00:00+03:00,-0.6163999,0.03335248,286.50092,0.99902093,84312.234,1506.2755,94883.734,556.43915,18.336353,,,,,,,,,,4.8447313e-05,,4.4271907e-05,0.00014048573,27723.352,0.20945655,230.25891,,,,
2452,2025-04-06 00:00:00+03:00,-0.42677796,0.03657196,235.36414,0.15545097,86135.375,1380.639,96775.44,448.9234,7.273274,4.1275227e-05,1.0694144,2.2562705e-05,0.11599808,,,,,,5.454216e-05,1.0891384e-05,4.3406515e-05,0.00014174808,22182.871,0.18837515,229.4783,0.0002435383,0.31256723,6.797811e-05,2.9155895e-05
2453,2025-04-07 00:00:00+03:00,-0.4480866,0.034452893,381.19067,0.3229537,84040.234,1573.0493,94548.71,621.2694,7.5524797,2.7850278e-05,0.9752867,4.826562e-06,0.21676488,,,,,,6.733838e-05,2.4931025e-05,4.5579025e-05,0.00015893945,24293.49,0.18437344,228.81494,0.00017917063,0.3263895,2.722197e-05,-3.9066097e-05
2454,2025-04-08 00:00:00+03:00,-0.38045767,0.0355103,383.56796,0.2182732,87993.625,1246.0986,99075.625,283.42575,7.9643044,0.00010680707,0.94016206,8.119692e-05,0.12498123,,,,,,6.3939515e-05,1.6088698e-05,4.741001e-05,0.00016821054,23075.879,0.18368861,229.61136,0.0011430931,0.25028235,0.00017425757,-6.5553145e-06
2455,2025-04-09 00:00:00+03:00,-0.38284332,0.029865727,274.66843,0.9989085,60894.406,4119.4927,69425.68,3119.4927,32.071228,,,,,,,,,,3.873457e-05,,4.986017e-05,0.00015811081,23239.453,0.18723801,228.97182,,,,
2456,2025-04-10 00:00:00+03:00,-0.39502236,0.037752025,263.16547,0.25180444,88905.195,1075.129,98294.46,264.20367,8.950283,5.343093e-05,1.1770803,4.71753e-05,0.13799459,,,,,,6.438553e-05,1.6242364e-05,4.8648522e-05,0.00016310989,20262.395,0.18805349,229.42819,-4.365713e-06,0.3670275,-1.6770775e-05,-3.070537e-05
2457,2025-04-11 00:00:00+03:00,-0.4901403,0.03381738,391.1353,0.50981253,87893.984,1100.5791,97913.64,207.91193,8.553848,4.54811e-05,0.94427574,2.6653222e-05,0.09051808,1891.209,3000.043,0.066036776,1898.65,2.2733028,6.82578e-05,1.5229671e-05,4.886242e-05,0.00016174276,22113.545,0.19095576,229.43387,-5.325521e-05,0.3593675,-1.35346845e-05,-2.5212365e-05
2458,2025-04-12 00:00:00+03:00,-0.6650677,0.03611555,900.2446,0.63371825,57677.37,4647.6836,65502.39,3659.1672,8.231075,6.838598e-05,0.9042482,5.305074e-05,0.18872444,,,,,,8.022729e-05,2.992413e-05,4.5751294e-05,0.00015565442,16698.059,0.17092967,228.53407,0.00011877659,0.23743536,2.6228327e-05,2.0387229e-06
2459,2025-04-13 00:00:00+03:00,-0.055871107,0.034323316,481.63025,0.05166732,74547.45,2558.5635,84368.586,1576.0035,3.4931974,4.7274076e-05,1.0294425,3.0217601e-05,0.051638864,1877.6144,3000.0088,0.040422514,1888.9135,2.5620997,7.441972e-05,2.6498092e-05,4.7921618e-05,0.00018682293,16704.082,0.16071938,228.86453,0.00064422854,0.25551057,0.000136965,6.6652938e-06
2460,2025-04-14 00:00:00+03:00,-0.37849098,0.035901174,1172.994,0.78339154,66553.34,3490.484,75371.5,2492.288,15.807919,0.0002123703,0.940736,0.00018230826,0.3010313,,,,,,8.4120125e-05,3.6790138e-05,5.4995784e-05,0.00021134541,19262.223,0.17051229,228.21445,-1.5704147e-05,0.31611547,-4.9243135e-06,-2.8135373e-06
2461,2025-04-15 00:00:00+03:00,-0.3172561,0.035136774,798.6273,0.10775802,92263.75,838.2258,100855.69,77.07219,4.434433,0.000109151566,0.981351,9.104826e-05,0.10637334,1871.4949,3000.0098,0.021803416,1890.864,3.5513158,8.973104e-05,3.6687423e-05,5.3043612e-05,0.0002041796,19280.164,0.16084912,228.04437,0.00010632513,0.27778038,2.6721706e-05,1.3674503e-06
2462,2025-04-16 00:00:00+03:00,-0.5384567,0.03360313,1337.4874,1.0,69903.14,3190.0942,79010.55,2190.0942,52.67926,,,,,,,,,,9.5365285e-05,,4.420765e-05,0.00015200928,18186.889,0.15077808,227.9882,,,,
2463,2025-04-17 00:00:00+03:00,-0.5228817,0.034035366,873.2173,,,,,,,0.00013476935,1.3558152,0.0001615108,0.17398866,,,,,,7.808012e-05,2.708757e-05,4.9911672e-05,0.00019951338,17836.23,0.14926842,228.73605,-2.8041519e-05,0.55827796,-5.5012983e-06,5.656453e-06
2464,2025-04-18 00:00:00+03:00,0.4048606,0.036203034,1486.7445,0.1515241,64294.723,4084.4844,72709.36,3085.1626,9.722712,0.0001091025,0.9576311,8.4526146e-05,0.115484826,,,,,,8.107956e-05,3.052484e-05,5.0326627e-05,0.00018134869,16700.385,0.13712122,228.46185,0.00021543377,0.32712403,6.30649e-05,1.3029998e-05
2465,2025-04-19 00:00:00+03:00,-0.8268998,0.03560021,1666.6235,0.33547568,83845.52,1630.9802,93562.734,685.1988,10.74745,0.000104663144,1.045832,8.9828354e-05,0.06627096,,,,,,8.044405e-05,3.0106623e-05,5.0386185e-05,0.00015547771,16696.83,0.14143066,228.36465,-3.6620546e-05,0.46419877,-1.4059733e-05,-8.28133e-06
2466,2025-04-20 00:00:00+03:00,-0.86635184,0.03241379,706.03925,0.6933955,74486.75,2566.1665,84095.31,1573.0388,11.1907015,2.7785645e-05,1.0106518,1.4089295e-05,0.3115422,,,,,,6.234115e-05,1.49729585e-05,5.3921853e-05,0.0001755121,21129.365,0.1621702,226.8974,1.5852176e-05,0.41413838,7.226607e-06,8.130279e-06
2467,2025-04-21 00:00:00+03:00,-0.4401636,0.035609603,863.8027,0.43164194,87414.586,1256.3252,96845.766,386.81927,6.5550284,8.971644e-05,1.0786278,7.084549e-05,0.123651564,1873.9135,3000.1619,0.033446934,1886.6649,2.3997471,6.463085e-05,2.0234982e-05,4.8461858e-05,0.00017226214,19850.152,0.15350918,228.45035,-0.00015652049,0.3721661,-5.0470684e-05,-6.8138147e-06
2468,2025-04-22 00:00:00+03:00,-0.60696036,0.03475732,1263.9443,0.78397214,71248.15,3019.6514,80105.19,2055.2712,9.566399,9.888647e-05,1.0471523,8.3389845e-05,0.16012941,1883.91,3001.6047,0.16014269,1898.1813,2.8509488,7.63946e-05,2.809759e-05,4.6536465e-05,0.0001659411,17083.666,0.15304728,228.07297,-6.450484e-05,0.46375608,-2.335705e-05,-4.347723e-06
2469,2025-04-23 00:00:00+03:00,-0.88503003,0.03316856,1080.4258,0.16787265,87928.53,1270.4547,96634.02,463.2516,9.407485,9.40513e-05,1.1024888,8.272292e-05,0.095732465,1867.2589,3000.1392,0.05657547,1882.1086,2.6170309,7.698565e-05,3.2111293e-05,4.5157296e-05,0.00018131407,19858.969,0.15781444,227.97972,2.034894e-05,0.49036878,1.1463079e-05,6.712621e-06
2470,2025-04-24 00:00:00+03:00,-0.6219784,0.03452099,844.2182,0.9995872,80577.08,1927.7646,91127.83,931.74896,40.244053,,,,,,,,,,6.337278e-05,,4.6486566e-05,0.00016868117,22165.719,0.16866258,228.13501,,,,
2471,2025-04-25 00:00:00+03:00,-0.6684006,0.033441897,419.16034,0.24876037,89095.7,1152.9744,96479.37,485.86865,6.2113743,5.8685036e-05,1.0731256,3.864755e-05,0.1833537,,,,,,6.651008e-05,1.5082078e-05,5.1095336e-05,0.00017552375,22177.89,0.173763,227.18419,6.802336e-05,0.3802277,3.3144963e-05,-2.7253198e-05
2472,2025-04-26 00:00:00+03:00,-0.95757735,0.036643524,321.4057,0.8742202,78694.58,2140.809,89395.82,1142.5146,11.164337,,,,,,,,,,6.2969004e-05,,4.8049522e-05,0.00015187103,22194.654,0.17288546,228.08263,,,,
2473,2025-04-27 00:00:00+03:00,-0.6154884,0.03645233,401.34448,0.11861803,90947.47,1052.3333,100469.72,219.83594,6.379655,9.1846196e-05,1.0863028,7.8745274e-05,0.043946266,1915.1991,3000.0054,0.045728248,1928.1486,3.0824637,6.8215086e-05,1.9916493e-05,4.7626476e-05,0.00015559126,17088.617,0.15562323,228.98166,-0.0001079577,0.34978384,-4.0138322e-05,-1.2575159e-05
2474,2025-04-28 00:00:00+03:00,-0.9493179,0.03656465,642.6449,0.72069514,55245.453,5069.3687,62913.062,4069.3687,8.694527,-6.2425876e-05,0.77288115,-5.2119638e-05,0.3680745,,,,,,6.692062e-05,1.863411e-05,5.17459e-05,0.00015586204,19294.438,0.16114345,227.83601,0.00072877423,0.21704324,0.00015817552,-1.367405e-08
2475,2025-04-29 00:00:00+03:00,-0.31524336,0.03129553,845.2156,0.10198215,88481.97,1166.9763,98951.47,216.29312,9.517765,7.5034506e-05,0.90130365,4.784487e-05,0.028788349,1872.1198,3000.0305,0.027280105,1888.0822,2.8565679,7.674414e-05,1.9736648e-05,5.6942445e-05,0.00019433684,22156.006,0.17162754,228.96094,0.0003689034,0.26950946,8.6519845e-05,-3.541229e-05
2476,2025-04-30 00:00:00+03:00,-0.48157188,0.034171753,833.6559,0.9050925,59948.742,4333.117,68141.79,3333.1172,14.134212,,,,,,,,,,7.745775e-05,-5.1862266e-06,6.137698e-05,0.00019765204,22151.225,0.16892862,228.92694,,,,
2477,2025-05-01 00:00:00+03:00,-0.7430393,0.03460001,708.8733,0.2869314,73430.664,2808.4482,82113.5,1902.3821,8.380183,4.0923558e-05,0.9346694,2.1357346e-05,0.18473509,1887.4509,3000.008,0.032161657,1897.624,2.0069442,9.522974e-05,3.4577708e-05,6.0553502e-05,0.000198097,19703.387,0.17418799,229.57663,5.545739e-05,0.3168656,1.974007e-05,5.109889e-06
2478,2025-05-02 00:00:00+03:00,-0.7122528,0.03253349,919.56274,0.15736131,79133.92,2122.3257,88832.08,1169.1661,8.171209,0.000105071755,0.9912706,8.338448e-05,0.09990052,1878.8232,3000.1672,0.08451114,1892.9863,2.5064535,8.1199694e-05,1.7655659e-05,6.352847e-05,0.00019768917,18513.89,0.17710447,229.67316,3.9932016e-05,0.40165955,1.14403865e-05,-4.43458e-06
2479,2025-05-03 00:00:00+03:00,-0.58658206,0.031638935,577.5788,0.47430915,71838.85,2760.1748,81435.18,1770.0859,9.605871,4.5808385e-05,0.877746,2.0217722e-05,0.114627965,,,,,,7.4312404e-05,1.0512697e-05,6.2425475e-05,0.00018677514,20197.574,0.17743719,230.95341,0.00021446534,0.31321314,6.302393e-05,1.8255327e-05
2480,2025-05-04 00:00:00+03:00,-0.56245255,0.031497456,917.4216,0.9700668,67453.08,3257.643,76593.37,2261.683,36.587784,0.0002097225,1.0472282,0.00019865979,0.27864546,,,,,,8.313397e-05,2.6946256e-05,5.6806064e-05,0.00018584306,22101.078,0.17954063,230.84207,0.00041277436,0.27147433,0.00011249277,3.1841286e-05
2481,2025-05-05 00:00:00+03:00,-0.97902393,0.031850908,482.47464,0.1313984,84552.49,1487.3177,94397.81,602.5004,12.012318,2.9677583e-05,0.95814687,1.191247e-05,0.033285506,1840.6108,3000.019,0.07671113,1862.7081,4.387734,7.320199e-05,1.2013446e-05,6.12976e-05,0.00015633662,24267.693,0.19482526,230.84966,-1.5028955e-05,0.45025557,-6.7218825e-06,-5.2313785e-06
2482,2025-05-06 00:00:00+03:00,-0.4112733,0.028115768,478.01288,0.9724493,75748.68,2351.7646,86167.81,1351.7649,61.597244,1.7149025e-05,0.6484,-4.394299e-06,0.6065932,,,,,,8.257496e-05,1.6541244e-05,5.7555095e-05,0.00018980158,22975.602,0.18978858,230.0092,,,,
2483,2025-05-07 00:00:00+03:00,-0.7994076,0.031796098,332.8639,0.77204776,84144.16,1553.5028,95069.09,587.1765,13.158649,1.8238245e-05,1.0067745,4.083997e-06,0.14909711,,,,,,8.179663e-05,2.130714e-05,5.9545477e-05,0.00018705108,24296.441,0.19425997,230.91878,-0.00015577397,0.36915255,-5.4289285e-05,-1.34312595e-05
2484,2025-05-08 00:00:00+03:00,-0.99974155,0.031425137,409.13452,0.4023884,86695.42,1337.6602,97177.625,404.8005,9.23506,3.8512968e-05,1.1060786,1.8385454e-05,0.14217573,,,,,,7.744606e-05,1.5842485e-05,6.15747e-05,0.0001866545,24294.12,0.19521707,231.51315,3.461127e-05,0.45407552,1.3144091e-05,-1.2189995e-05
2485,2025-05-09 00:00:00+03:00,-0.63165736,0.029846711,466.01282,0.7072767,82185.78,1737.816,93382.484,739.7231,12.270279,0.00011275745,0.86080825,7.6631564e-05,0.15680811,,,,,,8.7870605e-05,2.9980412e-05,5.8134585e-05,0.00019013825,22176.719,0.19214284,231.24632,-7.6866585e-05,0.2997238,-9.339647e-06,-2.4813186e-05
2486,2025-05-10 00:00:00+03:00,-0.9589273,0.032116547,657.776,0.25655094,77775.42,2237.315,87654.29,1283.9036,11.744226,7.27961e-05,0.8886578,4.1477728e-05,0.054893658,1857.6664,3000.1226,0.055117175,1872.3291,2.9725857,8.950485e-05,2.7503647e-05,6.239387e-05,0.00021528968,22463.926,0.19498673,231.6562,0.00061782426,0.31243756,0.000129882,-9.703112e-06
2487,2025-05-11 00:00:00+03:00,-0.78940225,0.02942525,654.54736,0.23019163,83237.484,1705.5973,92413.484,847.5254,5.8812943,2.815035e-05,1.0290202,9.00777e-06,0.16228352,1835.5663,3000.0173,0.082867585,1859.546,3.8249836,8.712533e-05,2.4033241e-05,6.260403e-05,0.00020906597,22178.39,0.19523378,227.18628,-6.854111e-05,0.3542277,-2.951995e-05,-3.2918026e-05
2488,2025-05-12 00:00:00+03:00,-0.34630704,0.03438592,639.1219,0.0633906,93268.945,755.8967,100903.05,76.53575,4.058609,5.403418e-05,0.93332505,2.6329617e-05,0.062398713,1872.0803,3000.0435,0.029214162,1887.1603,2.7242513,7.931201e-05,1.6076718e-05,6.32353e-05,0.00018786246,20604.418,0.18219909,231.45428,2.1799002e-05,0.32172877,2.6326088e-06,-1.1697639e-06
2489,2025-05-13 00:00:00+03:00,-0.53482497,0.033409007,498.56604,0.0325199,61950.016,4441.1074,70513.96,3441.1074,8.925671,8.000837e-05,0.86544526,4.4856897e-05,0.013877556,1889.5818,3000.0537,0.042628277,1898.9692,2.224398,7.842347e-05,1.5470978e-05,6.295249e-05,0.0001852919,22164.898,0.17903139,231.69302,4.0447885e-05,0.33862334,1.5276693e-05,4.5247716e-06
2490,2025-05-14 00:00:00+03:00,-0.56489897,0.03123797,621.07446,0.9997935,69446.625,3014.5078,78879.28,2014.5078,57.033413,,,,,,,,,,9.574581e-05,,5.532935e-05,0.00017003404,22617.184,0.17631474,232.49063,,,,
2491,2025-05-15 00:00:00+03:00,-0.657514,,,1.0,65807.12,3412.6958,74693.35,2412.6958,82.12343,,,,,,,,,,0.0001358242,,5.732066e-05,0.00015561002,24216.37,0.18487057,233.02313,,,,
2492,2025-05-16 00:00:00+03:00,-0.5439576,0.025576018,960.3168,1.0,57979.184,4463.9434,66060.97,3463.9436,63.579044,,,,,,,,,,7.7005156e-05,,6.11339e-05,0.00019319524,24246.824,0.18930238,232.35352,,,,
2493,2025-05-17 00:00:00+03:00,-0.7056737,0.029209241,479.6004,0.7088039,65993.94,3528.9097,74889.42,2531.618,9.479988,8.750096e-05,0.8051489,4.511565e-05,0.2080219,,,,,,7.682393e-05,1.3750247e-05,6.3403015e-05,0.0001939708,22146.855,0.18097474,228.67836,-8.3992425e-05,0.3993172,-3.5015026e-05,-1.9246563e-05
2494,2025-05-18 00:00:00+03:00,-0.50901973,0.028224235,1421.3489,1.0,68758.13,3139.601,77991.55,2139.6016,29.657795,,,,,,,,,,0.00010121326,,5.4122727e-05,0.0001730909,19254.281,0.16471744,231.44774,,,,
2495,2025-05-19 00:00:00+03:00,-1.1735544,0.031126317,1158.2288,0.56153524,81922.97,1803.3898,91669.766,859.05615,9.119624,3.609324e-05,1.1119556,1.1385772e-05,0.17715889,,,,,,8.3272884e-05,2.1057313e-05,6.176024e-05,0.00019347295,19261.219,0.16803312,232.28165,8.279536e-05,0.50935996,3.3543376e-05,1.0590098e-05
2496,2025-05-20 00:00:00+03:00,-0.2817999,0.030794324,1308.9253,0.0048732315,47160.816,6086.3145,53914.297,5086.3145,12.085924,7.4038864e-05,0.8298639,3.6601003e-05,0.0029234902,1871.6278,3000.235,0.06647396,1889.9065,3.0119884,8.359157e-05,1.844083e-05,6.515074e-05,0.00019968118,18756.508,0.16278838,231.71747,0.00036646478,0.27815118,8.96286e-05,2.08483e-05
2497,2025-05-21 00:00:00+03:00,-0.5498172,0.03222662,978.4629,9.5993506e-05,59998.566,4212.47,67849.414,3212.47,8.190576,4.0484065e-05,0.88805676,1.4360733e-05,0.00028473695,1882.6393,3000.085,0.035587974,1899.4214,2.7926214,0.00010561819,4.0246246e-05,6.537194e-05,0.00018368184,19256.025,0.16658032,231.69188,9.055146e-05,0.36560833,3.3914406e-05,1.992544e-05
2498,2025-05-22 00:00:00+03:00,-0.3543576,0.029716108,673.5478,0.6441232,66604.72,3459.431,75530.81,2461.752,7.744426,3.9868053e-05,1.0619296,3.0846688e-05,0.26424086,,,,,,7.9747464e-05,1.4927482e-05,6.522457e-05,0.00020232835,20076.555,0.16607763,230.25494,-2.1968226e-05,0.60877424,-9.642116e-06,-1.3231331e-05
2499,2025-05-23 00:00:00+03:00,-0.85503876,0.031417415,756.4737,0.9148282,59799.453,4277.1475,68028.73,3277.1477,9.077999,,,,,,,,,,0.00010717413,,5.9208927e-05,0.00019237226,19264.344,0.16238287,232.49011,,,,
2500,2025-05-24 00:00:00+03:00,-0.9136789,,,0.99997944,54069.11,5068.575,61630.438,4068.5754,22.340227,,,,,,,,,,9.034034e-05,,6.150145e-05,0.00018245008,19278.12,0.16439348,232.26233,,,,
2501,2025-05-25 00:00:00+03:00,-0.8829907,0.027702777,764.4513,0.37320322,80410.14,1980.9939,90585.875,1005.18646,10.532841,6.401836e-05,1.0600982,4.3315827e-05,0.15791109,,,,,,8.335733e-05,1.7701084e-05,6.782463e-05,0.00021220994,19420.836,0.17681089,232.73901,6.795798e-05,0.42942306,1.8624141e-05,-2.138557e-06
2502,2025-05-26 00:00:00+03:00,-0.9947902,0.032405995,1036.2598,0.27755982,53276.117,5385.207,60667.62,4385.9233,12.112531,6.971078e-05,0.8322953,2.8359455e-05,0.18850097,,,,,,9.155343e-05,3.0052594e-05,6.4279564e-05,0.00021926791,18748.895,0.16354705,233.0878,0.00013312444,0.30583623,3.098498e-05,-2.9306184e-06
2503,2025-05-27 00:00:00+03:00,-0.035059396,0.03106147,836.1704,0.28766817,82221.14,1828.6836,92323.66,870.8135,7.810663,8.356517e-05,0.9992223,5.9955593e-05,0.15043332,,,,,,8.740305e-05,2.3181059e-05,6.5523105e-05,0.00022334338,16868.91,0.1610114,230.20496,0.00026436808,0.4222603,8.4119034e-05,2.0497631e-05
2504,2025-05-28 00:00:00+03:00,-0.81093395,,,0.31588233,54515.0,5132.2227,61999.816,4132.2227,9.097582,9.428522e-05,0.7356976,4.3892494e-05,0.29324546,,,,,,8.262566e-05,1.6020836e-05,6.597549e-05,0.0001966759,16879.172,0.15553355,233.12857,4.2941097e-05,0.38433164,1.663386e-05,7.5110024e-06
2505,2025-05-29 00:00:00+03:00,-0.85967517,0.030175326,1444.7518,0.9725454,73732.234,2656.434,83248.05,1656.4341,15.158918,,,,,,,,,,7.250886e-05,,6.1125116e-05,0.00017789075,19258.635,0.1541431,232.93909,,,,
2506,2025-05-30 00:00:00+03:00,-0.37140816,0.030421719,749.4299,0.07283248,90195.71,1006.31445,99071.58,180.82439,14.406218,6.711258e-05,1.0367602,3.8812257e-05,0.028308852,1856.6836,3000.0103,0.025229122,1876.6692,3.1977987,8.333985e-05,2.1205225e-05,6.209017e-05,0.00019814825,17813.477,0.15632626,233.25464,8.5975946e-05,0.3631822,2.8491217e-05,1.4645993e-05
2507,2025-05-31 00:00:00+03:00,-0.49105564,0.032778222,1060.4758,0.41724896,73492.84,2828.4504,82995.95,1846.1357,10.863126,6.894383e-05,0.90193355,3.6954898e-05,0.120409854,,,,,,7.809239e-05,1.2226681e-05,6.450023e-05,0.00020001255,21276.832,0.15329698,233.79828,0.00019516349,0.37647754,6.8294554e-05,5.3503563e-06
2508,2025-06-01 00:00:00+03:00,1.4754394,0.0482127,830.18097,0.29102176,69269.016,3431.331,77428.67,2505.9412,6.250953,5.2977506e-05,0.9499599,2.8821494e-05,0.26192382,1843.0173,3000.0332,0.09368452,1867.6122,4.877804,7.8781144e-05,1.3667973e-05,6.508952e-05,0.00020914845,17064.145,0.14886367,233.4113,-0.00014378587,0.34311044,-2.7518063e-05,1.1585752e-05
2509,2025-06-02 00:00:00+03:00,0.08140874,0.037795015,1403.2278,0.9665021,82789.58,1696.3501,92971.74,723.0054,16.199278,1.9065596e-05,0.98082066,-8.922461e-06,0.41523805,,,,,,8.643686e-05,,5.6561294e-05,0.00019795199,16853.453,0.15295474,231.82845,,,,6.8343697e-06
2510,2025-06-03 00:00:00+03:00,-0.8456087,0.029322334,699.7349,0.49454215,77643.734,2260.7686,87431.86,1286.4685,9.153926,2.4765244e-05,1.0460622,-1.5358901e-06,0.16999176,,,,,,8.4138155e-05,1.5266227e-05,6.8904206e-05,0.00020993911,20353.418,0.16018662,231.49052,-5.8639685e-05,0.50614244,-2.4529332e-05,6.006333e-06
2511,2025-06-04 00:00:00+03:00,2.7991307,0.053537287,965.4407,0.17484395,46947.688,6565.4375,53548.996,5565.4375,7.4542294,0.00010777257,0.90035665,6.983008e-05,0.1697608,1788.2291,3004.1257,0.16305548,1801.4795,2.4452891,7.844168e-05,1.8541225e-05,6.304149e-05,0.00018719447,16704.785,0.14929545,234.03815,9.118201e-05,0.3634106,3.0395036e-05,1.5385307e-05
2512,2025-06-05 00:00:00+03:00,-0.60458314,0.034838438,2497.7866,0.9094101,67102.305,3482.7715,75838.11,2484.4902,18.176254,-4.8230897e-05,0.70827013,-5.8628957e-05,0.41295585,,,,,,9.7855635e-05,,6.010797e-05,0.00020726939,16696.719,0.15419151,234.17853,,,,
2513,2025-06-06 00:00:00+03:00,0.13097586,0.04174479,1591.4993,0.36747146,87076.52,1285.4019,96736.016,381.46295,10.956967,9.104008e-05,1.1190193,7.636049e-05,0.1621857,,,,,,8.539262e-05,2.1334165e-05,6.757318e-05,0.0001724652,19259.584,0.15559743,234.7293,-3.054339e-05,0.573833,-2.1853837e-05,-2.1203168e-06
2514,2025-06-07 00:00:00+03:00,0.013551067,0.037863612,982.5155,0.7621237,74735.82,2566.8374,84272.25,1576.6873,12.389849,0.000106439365,1.0615884,7.6526216e-05,0.263157,,,,,,7.543721e-05,1.5922207e-05,6.457783e-05,0.00019407112,18461.43,0.15639935,232.3112,4.7951453e-05,0.6107332,1.9419462e-05,1.3584675e-05
2515,2025-06-08 00:00:00+03:00,0.5119302,0.05260077,1229.5786,0.6427033,80848.03,1896.3323,90769.78,920.6964,9.442161,0.00014746835,1.2718208,0.0001310262,0.33680043,,,,,,8.156472e-05,2.0963418e-05,6.524175e-05,0.00020112132,19256.34,0.15955387,232.53767,-0.00017706002,0.8322691,-0.00013671308,-8.589355e-06
2516,2025-06-09 00:00:00+03:00,0.971157,0.050565615,1660.8677,0.9374361,77722.53,2160.5474,87795.33,1161.4388,22.670479,,,,,,,,,,7.778882e-05,,6.814614e-05,0.00019416263,24209.094,0.16843781,234.70923,,,,
2517,2025-06-10 00:00:00+03:00,0.05458406,0.0394945,895.4935,0.50454605,77433.016,2309.0125,87166.516,1336.2439,10.917355,0.000102803926,0.96165264,6.639832e-05,0.13204253,,,,,,7.910123e-05,1.2264264e-05,6.934938e-05,0.00019935258,22165.41,0.16226754,234.47937,-5.0773542e-05,0.46189177,-1.9430427e-05,1.8691721e-06
2518,2025-06-11 00:00:00+03:00,-0.5272946,,,0.99989235,71868.72,2834.3403,81404.94,1834.4966,35.83484,,,,,,,,,,9.585467e-05,,6.380028e-05,0.00020719861,22142.4,0.16883804,234.86539,,,,
2519,2025-06-12 00:00:00+03:00,-0.15052253,0.038292207,1273.63,0.99779266,75928.43,2621.6702,85159.96,1661.8815,39.508762,,,,,,,,,,9.078463e-05,,6.747157e-05,0.00022313485,21023.188,0.17397843,232.98738,,,,
2520,2025-06-13 00:00:00+03:00,-0.24745105,0.04271163,1112.7656,0.101571366,82288.55,1868.8284,91520.35,998.001,3.8451538,2.8127986e-05,1.0454181,-9.116955e-06,0.09892197,1858.0532,3000.35,0.045281895,1878.9607,3.0359938,8.937282e-05,1.7947848e-05,7.1424976e-05,0.00021085111,18738.914,0.16137563,232.47255,2.2260374e-05,0.4462001,7.625692e-06,1.9659014e-06
2521,2025-06-14 00:00:00+03:00,-0.6079336,0.040044747,746.6699,0.0415218,69665.88,3310.0522,77447.5,2406.7231,3.2302737,5.567827e-05,0.9415786,1.5871843e-05,0.031052655,1882.0677,3000.242,0.053858157,1903.4858,3.7864873,8.4728585e-05,1.7794444e-05,6.693414e-05,0.00019584087,16716.906,0.15218252,231.69511,5.786436e-05,0.32958466,1.890307e-05,8.262111e-06
2522,2025-06-15 00:00:00+03:00,-0.31507528,0.035129473,943.59485,0.0,,,,,,3.2728287e-05,1.018028,-5.786501e-06,0.009696872,1881.7854,3000.1055,0.040546298,1902.2208,3.44309,8.5209846e-05,1.7806793e-05,6.7403045e-05,0.00020177901,16357.535,0.14595495,234.40344,-2.1983114e-05,0.4128734,-1.1516863e-05,-5.4401894e-06
2523,2025-06-16 00:00:00+03:00,-0.4864805,0.03271011,1343.7167,0.09546211,44182.73,7090.3286,50419.04,6090.3286,10.24939,8.147306e-05,1.0324298,4.3307908e-05,0.08131992,,,,,,8.724243e-05,2.2945074e-05,6.433152e-05,0.0002130045,14425.238,0.14272007,234.9907,3.8792296e-05,0.37372708,1.3847325e-05,-5.071091e-06
2524,2025-06-17 00:00:00+03:00,-0.27565295,0.040163793,1411.8369,0.19774356,89029.09,1133.993,96313.945,458.01672,4.9836035,7.418037e-05,1.0663205,4.403433e-05,0.16660765,1852.2128,3000.4194,0.059611212,1874.0455,3.5503728,8.639862e-05,1.4962789e-05,7.1461865e-05,0.0002283992,19268.975,0.15347636,234.17938,-1.0591497e-05,0.42139453,-5.5194205e-06,-2.0663789e-05
2525,2025-06-18 00:00:00+03:00,-0.3596917,0.03223674,1172.0831,0.9173781,63382.84,4214.772,71699.57,3224.37,65.69445,,,,,,,,,,8.480225e-05,,6.988806e-05,0.0002092256,20126.408,0.15673284,234.0124,,,,
2526,2025-06-19 00:00:00+03:00,0.043170284,0.039742485,997.84985,0.8465922,58319.156,4557.634,66189.02,3567.2551,21.317894,1.1773922e-05,0.9653277,-1.9423689e-05,0.3646399,,,,,,8.991794e-05,1.3025462e-05,7.9661295e-05,0.0002220868,24229.902,0.16166168,233.85094,-0.00014004843,0.648695,-7.600754e-05,2.2748691e-07
2527,2025-06-20 00:00:00+03:00,-0.8050231,0.03937146,1469.7227,0.72867537,67120.01,3597.4702,75495.78,2635.185,20.13183,2.1057549e-05,0.84144866,-1.582303e-05,0.21754688,,,,,,9.93182e-05,1.4592021e-05,6.975236e-05,0.00019654923,22154.879,0.15540946,235.57736,-3.401885e-05,0.34186843,-8.715769e-06,4.3083182e-06
2528,2025-06-21 00:00:00+03:00,-0.7543434,0.03417873,1378.6753,0.34755346,68455.805,3398.8657,77174.24,2421.42,12.41649,1.6573405e-05,1.1308513,-2.0228035e-05,0.17828178,,,,,,7.941024e-05,1.01173455e-05,7.0635084e-05,0.00020361615,16704.307,0.14926556,235.3616,-1.8386414e-05,0.46944267,-1.597184e-05,-8.106997e-06
2529,2025-06-22 00:00:00+03:00,-0.38702774,0.039689913,1091.907,0.96820664,82877.45,1701.206,93523.38,701.84674,19.724495,-0.00024950472,0.9977314,-0.000286367,0.469067,,,,,,8.3964755e-05,,7.002041e-05,0.00016995955,21306.076,0.15969995,235.26477,,,,-2.2931828e-05
2530,2025-06-23 00:00:00+03:00,0.08833608,0.025967801,1574.8075,1.0,54130.34,5277.856,61349.77,4277.856,90.95452,,,,,,,,,,7.592139e-05,,6.4749474e-05,0.00018579022,16697.371,0.1485764,234.0135,,,,
2531,2025-06-24 00:00:00+03:00,-0.65207154,0.02888206,1867.7196,0.99695563,65129.043,3535.0664,73956.53,2535.0664,26.284718,,,,,,,,,,7.756977e-05,,7.313953e-05,0.00019867135,24181.047,0.15922455,235.44049,,,,
2532,2025-06-25 00:00:00+03:00,-0.45717132,,,1.0,75854.19,2325.9082,85693.9,1325.9082,35.682404,,,,,,,,,,7.597407e-05,,6.53178e-05,0.00018411361,22095.168,0.15718186,236.53384,,,,
2533,2025-06-26 00:00:00+03:00,-0.42563838,0.033743154,1264.1023,0.18173574,77967.06,2258.1807,87418.4,1303.6578,9.105591,3.1281706e-05,0.97514665,-1.28645e-05,0.05997658,,,,,,8.64067e-05,1.6569877e-05,7.006852e-05,0.00020987209,19264.11,0.15287024,236.3894,9.334122e-05,0.4008783,3.7340556e-05,1.5927984e-05
2534,2025-06-27 00:00:00+03:00,-0.52282745,0.031073807,2027.0665,0.9758735,60083.234,4349.0117,68090.625,3349.106,33.560753,,,,,,,,,,8.8334025e-05,,6.150492e-05,0.00019351204,19256.348,0.14961791,236.19537,,,,
2535,2025-06-28 00:00:00+03:00,-0.13575988,0.031587478,1189.855,0.50956035,68934.71,3699.5461,76695.89,2792.0354,8.953675,5.1950257e-05,0.98402756,1.23424215e-05,0.20963016,1835.5002,3000.1013,0.060384765,1864.1216,4.338272,8.372969e-05,1.834363e-05,6.657648e-05,0.00021038137,17597.97,0.15065144,233.6285,9.907856e-05,0.45715016,5.169949e-05,-4.3575637e-06
2536,2025-06-29 00:00:00+03:00,-0.3027336,0.03292549,994.41986,0.22196281,79293.05,2044.5399,88840.42,1092.7754,6.2786202,3.7479967e-05,1.0789871,2.8453533e-06,0.108212225,1852.8549,3000.139,0.05126877,1881.0864,4.202128,7.988601e-05,1.11431e-05,6.9515896e-05,0.00019866237,16691.281,0.144535,234.41461,5.2884443e-05,0.46502796,2.0767595e-05,2.1579262e-06
2537,2025-06-30 00:00:00+03:00,-0.5551712,0.031237934,1251.6284,0.24695283,83927.47,1616.407,92600.64,781.8162,8.446326,7.305356e-05,1.0105406,3.1225696e-05,0.057621393,1871.5734,3000.0308,0.023173101,1890.5841,3.236702,8.7312976e-05,1.698219e-05,7.036896e-05,0.0002104598,21226.277,0.16179125,233.53673,-4.661898e-05,0.517992,-2.3976765e-05,-4.818982e-06
2538,2025-07-01 00:00:00+03:00,-0.37078038,0.033261828,1030.1877,4.743045e-05,79466.2,2108.6003,89176.445,1108.6005,4.559734,8.0081896e-05,0.8918587,2.9047816e-05,4.5936915e-05,1883.5044,3000.044,0.022385586,1905.1709,3.2160697,8.77257e-05,2.061778e-05,6.7107925e-05,0.0002018011,19275.434,0.14279261,236.121,5.763446e-06,0.33202505,2.8127142e-06,2.5991826e-06
2539,2025-07-02 00:00:00+03:00,-0.40005177,0.027836865,1821.3857,0.0,,,,,,0.00011567194,0.94017524,6.900248e-05,0.0,1882.9354,3000.3086,0.045957632,1904.7053,3.5829492,8.1376806e-05,1.7715032e-05,6.366178e-05,0.00020149173,16705.395,0.13309076,235.62537,0.00022194278,0.33046645,7.012136e-05,2.3089828e-05
2540,2025-07-03 00:00:00+03:00,-0.6002773,0.027901392,1514.4136,0.2329228,83053.63,1760.8402,91656.734,889.2584,5.219178,0.0001678885,0.91648334,0.00010856695,0.2208007,1876.7214,3000.1006,0.024754312,1896.1252,2.9845362,8.780996e-05,2.5858617e-05,6.220264e-05,0.00021403028,15314.488,0.13404456,235.8298,4.9604027e-06,0.43419147,1.6740076e-06,8.9648813e-07
2541,2025-07-04 00:00:00+03:00,-0.3267708,0.032504942,1062.2739,0.30343416,76907.02,2556.9026,85943.47,1628.442,9.062783,4.1322644e-05,1.0810127,-2.6167247e-06,0.15644512,1814.7921,3000.1094,0.081611685,1842.1868,4.6663947,8.1735714e-05,9.668755e-06,7.2963696e-05,0.0002075879,22173.312,0.15293941,235.82443,1.8760104e-05,0.46870878,9.68777e-06,3.63572e-06
2542,2025-07-05 00:00:00+03:00,-0.7214148,0.026723083,1422.1431,0.99810904,70841.59,3040.7554,80226.14,2040.7552,27.704216,,,,,,,,,,9.1931855e-05,,6.1319515e-05,0.00018317925,19272.78,0.14929186,233.57915,,,,
2543,2025-07-06 00:00:00+03:00,-0.7050182,0.030823223,1508.2769,0.9161341,77645.234,2226.92,87609.7,1226.9198,22.624783,,,,,,,,,,7.314968e-05,,6.9068046e-05,0.00018692316,19254.402,0.15031433,236.62332,,,,
2544,2025-07-07 00:00:00+03:00,-0.923066,0.030599512,1862.554,0.9967592,56839.562,4746.842,64490.312,3746.913,45.14074,,,,,,,,,,0.00010990783,,5.8847305e-05,0.00018556586,16689.88,0.14533821,237.06824,,,,
2545,2025-07-08 00:00:00+03:00,-0.39772362,0.038721014,1366.0629,0.99455607,85795.625,1375.6752,96184.664,375.67532,25.924448,,,,,,,,,,7.9151476e-05,,7.079241e-05,0.0001718961,19590.934,0.14723565,237.08955,,,,
2546,2025-07-09 00:00:00+03:00,-0.54419595,0.033890765,1484.7942,0.99688935,45421.367,6520.1543,51736.53,5520.1543,20.85802,,,,,,,,,,8.332408e-05,,6.2857885e-05,0.00018760754,16697.262,0.14692752,234.25786,,,,
2547,2025-07-10 00:00:00+03:00,-0.6368605,0.028140588,3278.9282,1.0,55808.023,5008.844,63254.42,4008.8442,47.34854,,,,,,,,,,8.450653e-05,,5.963588e-05,0.00017598731,17074.54,0.14554311,233.94908,,,,
2548,2025-07-11 00:00:00+03:00,-0.60734975,0.031198684,1739.8855,0.5995946,84158.03,1588.363,94161.75,608.30865,12.297371,0.00020458017,0.9030932,0.00013298792,0.19738516,,,,,,8.159023e-05,1.8198029e-05,6.787757e-05,0.00020179382,18553.105,0.14253968,236.87518,-0.00014657126,0.5446046,-7.4541145e-05,7.676008e-06
2549,2025-07-12 00:00:00+03:00,-0.6381488,0.03095964,1087.6665,0.5698884,86116.34,1448.5271,96529.51,467.3852,15.336775,0.00023190444,0.95311517,0.00017656981,0.31996113,,,,,,8.450264e-05,1.8527433e-05,6.638162e-05,0.00020808837,18452.676,0.14598995,236.82196,-0.0001326647,0.8213831,-0.00011303144,4.144591e-06
2550,2025-07-13 00:00:00+03:00,-0.9141878,,,0.6837787,50514.258,5791.617,57343.29,4794.3223,23.31108,0.00028926687,0.75278044,0.00015854552,0.17718601,,,,,,7.5856704e-05,1.7364062e-05,7.202861e-05,0.00021663676,18232.531,0.14791167,236.18156,0.00041329314,0.4150195,0.00015930303,8.206038e-06
2551,2025-07-14 00:00:00+03:00,-0.08029887,0.030989338,1998.6017,0.20901713,66896.08,3854.584,74666.86,2922.7905,7.245061,0.00011116297,0.8638792,4.614798e-05,0.1882476,,,,,,9.311695e-05,1.9589756e-05,7.3753894e-05,0.00023552889,20376.785,0.15110047,233.07552,-3.202023e-05,0.7054392,-2.556034e-05,-1.902927e-05
2552,2025-07-15 00:00:00+03:00,-0.89944094,0.032603458,2879.6125,0.7716426,46642.72,6457.2363,53165.766,5460.048,15.281329,0.00014616043,0.85711163,6.371479e-05,0.31058854,,,,,,8.2181796e-05,3.6382767e-06,6.950094e-05,0.00020010595,18276.598,0.14199077,233.16194,7.056362e-05,0.80565584,4.959788e-05,-4.2739143e-06
2553,2025-07-16 00:00:00+03:00,-1.1678756,0.03123999,3088.059,0.6733614,60314.75,4390.5327,68199.55,3399.243,11.1948595,9.918938e-05,0.9878087,4.9286442e-05,0.3104201,,,,,,9.2648945e-05,2.1861744e-05,6.5458036e-05,0.00020212676,18289.725,0.14368924,236.1467,-4.711204e-05,0.9163361,-4.1168907e-05,-7.73735e-06
2554,2025-07-17 00:00:00+03:00,-0.96821076,0.032853797,3881.2615,0.4743874,52827.844,5519.743,59951.227,4520.3506,10.934699,0.00014399255,0.8548586,7.1708e-05,0.20892508,,,,,,7.847761e-05,9.558758e-06,6.851378e-05,0.00019526869,16698.09,0.14186779,236.85077,-5.45047e-05,0.64161336,-3.3953922e-05,-4.597171e-06
2555,2025-07-18 00:00:00+03:00,-0.6806112,0.03448818,1885.6162,0.22137417,78484.56,2243.9822,87930.09,1274.926,9.398015,0.00013309123,1.1826138,9.977112e-05,0.08594013,,,,,,8.379734e-05,1.6845777e-05,6.755502e-05,0.00021494189,16701.602,0.14323182,237.5025,6.312142e-05,0.6452902,3.9708862e-05,1.8983003e-05
2556,2025-07-19 00:00:00+03:00,-0.7590224,0.034680467,2365.4285,0.76570934,45191.49,7117.5503,51446.688,6126.2534,50.779686,0.00011237556,0.9843624,6.03531e-05,0.17854232,,,,,,9.192263e-05,2.6885298e-05,6.65548e-05,0.00021583276,16698.96,0.1471592,236.22147,4.0161317e-06,0.7070674,6.58766e-06,6.1609267e-06
2557,2025-07-20 00:00:00+03:00,-0.935877,0.03463079,1887.6465,0.45384324,86938.69,1321.6189,96101.86,438.21408,9.173894,0.000118905584,1.022291,6.853014e-05,0.19327068,,,,,,8.7167704e-05,1.9457262e-05,6.714475e-05,0.00021304422,16694.77,0.14570369,233.55159,6.566076e-05,0.6684462,3.8206435e-05,9.259756e-06
2558,2025-07-21 00:00:00+03:00,-0.87830716,0.034601673,1944.5139,0.41131872,88542.02,1156.8339,97375.95,314.7907,9.969227,0.00011019189,1.1234407,7.3703326e-05,0.12284914,,,,,,8.9332214e-05,2.2697579e-05,6.61884e-05,0.00021487291,16694.904,0.14757285,236.10437,2.3828234e-06,0.94203156,2.8474994e-06,5.5608016e-06
2559,2025-07-22 00:00:00+03:00,-0.7511479,0.031696342,2092.7322,0.65224624,82964.64,1675.4717,93204.01,684.96484,11.086185,2.3049482e-05,1.1877792,-4.012074e-05,0.30798948,,,,,,8.427875e-05,1.7461029e-05,6.446122e-05,0.00020142578,16692.88,0.14692014,237.01707,2.230275e-05,0.86382735,1.7421611e-05,8.893396e-06
2560,2025-07-23 00:00:00+03:00,-0.7958571,0.03075004,2147.9663,0.68340874,72306.31,2829.4124,81673.0,1837.7649,14.355798,0.00013574598,1.0164503,8.395042e-05,0.21104236,,,,,,8.503352e-05,2.8387467e-05,5.9489594e-05,0.00019533612,16693.043,0.14562914,237.00783,-9.399792e-05,0.74101317,-7.114212e-05,-1.1405746e-07
2561,2025-07-24 00:00:00+03:00,-0.90396583,0.035413094,2042.7097,0.3753647,72012.46,2942.9888,81007.555,1962.3735,10.877952,9.133957e-05,1.2583694,5.745316e-05,0.15878148,,,,,,7.867515e-05,1.545297e-05,6.376871e-05,0.00016316756,16697.723,0.13976443,235.85173,-2.5646711e-06,0.80892295,-2.4600247e-06,-2.4013518e-06
2562,2025-07-25 00:00:00+03:00,-0.7184828,0.032723196,1771.5513,0.32969165,80914.84,1987.2749,89267.23,1133.4723,7.7308416,0.00011619143,1.1310322,7.820742e-05,0.14677283,,,,,,9.153703e-05,2.946156e-05,6.3055624e-05,0.00021413008,18216.936,0.14151177,232.7088,5.6245713e-05,0.64151335,3.51114e-05,1.0935895e-05
2563,2025-07-26 00:00:00+03:00,-0.85295963,0.033245485,3340.7334,0.66400224,52021.03,5788.5293,58887.543,4812.5356,13.959255,9.093471e-05,0.93855417,3.2966796e-05,0.29806596,,,,,,8.657016e-05,3.736891e-05,6.251105e-05,0.00019420745,19263.838,0.14130214,235.64137,-0.00011306033,0.80172807,-8.817467e-05,-2.9881312e-06
2564,2025-07-27 00:00:00+03:00,-0.98277843,0.034108922,2150.5444,0.52608126,82080.69,1844.5353,91121.84,938.3758,10.170961,0.00019565306,1.2556428,0.00018820813,0.10402823,,,,,,8.4504805e-05,2.2116405e-05,6.178711e-05,0.00020404036,16698.395,0.13999543,236.5557,8.877287e-06,0.88022757,8.98271e-06,1.0944899e-05
2565,2025-07-28 00:00:00+03:00,-0.76921237,0.03381583,2294.802,0.9722949,55530.53,5022.014,62884.688,4022.0142,30.666435,,,,,,,,,,7.587719e-05,,5.789425e-05,0.00017362967,16693.184,0.13500062,236.40088,,,,
2566,2025-07-29 00:00:00+03:00,-0.870766,0.032347992,1936.8044,0.67092997,74340.83,2701.5,83549.8,1714.0627,17.356707,0.00021941081,1.3624245,0.00023047211,0.17792611,,,,,,8.566147e-05,,6.2341525e-05,0.0002168953,16690.883,0.13911937,236.45123,0.0002078919,0.6636306,0.00014019865,2.4274066e-05
2567,2025-07-30 00:00:00+03:00,-0.74688995,,,1.0,57054.516,4821.1025,64575.305,3821.1025,50.179985,,,,,,,,,,7.49406e-05,,5.9455248e-05,0.00018518369,16696.75,0.1400879,235.05003,,,,
2568,2025-07-31 00:00:00+03:00,-0.5195484,0.0359926,1865.7914,0.98766303,71710.31,2942.3645,80923.766,1946.3699,48.49629,,,,,,,,,,7.135115e-05,,6.0959333e-05,0.00017821923,18201.18,0.1414123,236.19415,,,,
2569,2025-08-01 00:00:00+03:00,-0.6923347,0.031017492,1892.6213,0.8757689,77612.08,2243.812,87344.93,1259.3824,21.634308,0.00014067441,1.065735,9.9978555e-05,0.38794526,,,,,,7.298487e-05,1.1509264e-05,6.568563e-05,0.00018769853,20362.604,0.14241609,235.76204,-0.00014870976,0.9545724,-0.00014685298,-8.118885e-06
2570,2025-08-02 00:00:00+03:00,-0.76175183,0.035350576,1602.3064,0.3270061,86631.56,1363.36,96122.8,463.67065,10.662176,8.626192e-05,1.3054688,5.4423923e-05,0.16149867,,,,,,8.6012966e-05,2.1408014e-05,6.573014e-05,0.00021597222,22146.422,0.14397842,236.47623,-9.471187e-07,0.7921558,-3.004393e-06,6.964142e-06
2571,2025-08-03 00:00:00+03:00,-0.69050825,0.03695116,2265.3398,0.1132057,68025.46,3619.0623,76423.33,2651.1992,7.7835875,0.00013393338,0.99495184,7.96173e-05,0.08370465,,,,,,9.011883e-05,2.6328435e-05,6.3897474e-05,0.0002221876,19276.744,0.13773105,235.9701,8.355842e-05,0.4848262,3.650528e-05,8.362527e-06
2572,2025-08-04 00:00:00+03:00,-0.4728451,0.034793787,2769.5117,0.7443439,64989.445,3812.6138,73326.195,2824.7715,10.789448,0.00013612039,1.123141,9.205514e-05,0.1513577,,,,,,9.363293e-05,3.1950676e-05,6.3994834e-05,0.00022834525,19271.006,0.14046803,235.19897,-1.809362e-05,0.7208029,-1.1079248e-05,2.146297e-06
2573,2025-08-05 00:00:00+03:00,-0.87567997,0.032833334,1556.2141,0.92894816,71976.375,2910.683,81308.14,1910.6831,20.273933,4.643879e-05,1.0392016,-3.2715936e-06,0.40158072,,,,,,7.281016e-05,,5.8818052e-05,0.00017870982,13055.129,0.13117865,235.43272,,,,
2574,2025-08-06 00:00:00+03:00,-0.48827153,0.033224575,1369.6968,0.5908083,75334.29,2521.244,84976.57,1527.2184,10.26211,3.4583376e-05,1.1570153,-1.3075251e-05,0.07652624,,,,,,7.966906e-05,1.7918053e-05,6.29133e-05,0.00020264875,19268.195,0.14117551,235.64938,8.424744e-05,0.6883076,5.647286e-05,1.4712691e-05
2575,2025-08-07 00:00:00+03:00,-0.6465248,0.038741022,1166.5017,0.5342581,77786.33,2290.2583,87595.12,1310.0773,10.360268,7.18082e-05,1.1135216,3.005294e-05,0.20988804,,,,,,7.6706325e-05,1.0358352e-05,6.6269145e-05,0.00019573497,20722.734,0.14716999,235.54242,-6.277184e-06,0.66507715,-2.0321431e-06,-1.3989295e-06
2576,2025-08-08 00:00:00+03:00,-0.7554847,0.031832457,1970.0271,0.94395447,61950.562,4118.4863,70307.664,3118.4863,43.28026,6.7117566e-05,0.82637745,7.2602606e-06,0.24997422,,,,,,8.19449e-05,3.1758427e-05,6.0254377e-05,0.0001869475,21540.656,0.14808491,235.99371,0.0001369879,0.43002144,5.8941736e-05,1.1183073e-05
2577,2025-08-09 00:00:00+03:00,-1.0595651,0.05278432,1489.8564,0.0,,,,,,7.493215e-05,0.91910946,2.1299087e-05,0.0012301622,1899.0714,3000.4324,0.041942872,1922.2859,3.5739968,8.187714e-05,1.9480956e-05,6.239618e-05,0.00016667755,18806.492,0.14268789,234.93155,3.1624462e-05,0.38101077,1.2805468e-05,5.141008e-06
2578,2025-08-10 00:00:00+03:00,-0.47845316,0.042455964,1264.0168,0.7877968,65561.35,4104.2114,72478.45,3240.259,24.599083,0.00010107657,1.0765848,6.130183e-05,0.32548028,,,,,,7.625676e-05,2.0069301e-05,5.9533857e-05,0.0001960209,20007.818,0.14826739,234.73262,-5.871472e-05,0.3353395,-2.223537e-05,-1.3647206e-05
2579,2025-08-11 00:00:00+03:00,-0.7905991,0.033151105,1582.8682,0.16659234,70007.74,3245.2395,78932.67,2272.1084,6.0114284,4.402639e-06,0.94249094,-4.2720643e-05,0.11451472,1860.3243,3000.0332,0.032921292,1887.1149,3.9318628,7.237129e-05,1.2222901e-05,6.0768038e-05,0.00018323377,19282.344,0.14110877,234.6578,-2.0653677e-05,0.4477151,-8.980246e-06,-2.8918832e-06
2580,2025-08-12 00:00:00+03:00,-0.77809274,0.034018636,1485.666,0.7916403,78434.82,2249.4707,88052.17,1279.4019,12.964501,2.8610122e-05,1.208186,-1.0451121e-05,0.26645318,,,,,,6.904558e-05,8.298446e-06,5.9569666e-05,0.0001760977,19282.172,0.14033026,234.55095,0.00013563396,0.66593987,8.772172e-05,-1.6687956e-06
2581,2025-08-13 00:00:00+03:00,-0.7876985,0.033826187,1400.7915,0.26245898,76961.266,2531.2285,85841.086,1601.7476,10.538694,9.27089e-05,0.99898946,4.094453e-05,0.123791814,1896.8544,3000.0007,0.023963142,1922.9523,4.2375593,8.1003825e-05,1.9812409e-05,5.829808e-05,0.0001902015,19291.521,0.13525152,234.37003,2.9065564e-05,0.3578211,1.1861885e-05,-7.348523e-06
2582,2025-08-14 00:00:00+03:00,-0.4676317,0.03919442,1462.693,0.03175727,87002.62,1460.375,96635.72,546.49457,8.976379,0.00010907366,0.89708704,4.863026e-05,0.029265383,1863.8474,3000.008,0.036855374,1897.585,6.6708198,8.265319e-05,2.646054e-05,5.6192643e-05,0.00020336185,16717.258,0.12958288,234.52762,0.00022007621,0.30712178,5.069332e-05,1.0650744e-05
2583,2025-08-15 00:00:00+03:00,-0.3449802,0.036016464,2775.2366,0.25421154,47874.297,6420.282,54335.383,5432.668,7.0671706,0.00011608651,1.0670304,7.344369e-05,0.13337107,,,,,,7.676061e-05,1.9934556e-05,5.7287485e-05,0.00019761003,16712.24,0.12865345,232.72748,-2.7947073e-05,0.41611224,-5.934065e-06,-7.566482e-06
2584,2025-08-16 00:00:00+03:00,-0.67864674,0.037572805,916.9267,0.33320504,66109.87,3736.1902,74657.445,2755.789,7.940618,5.4977274e-05,1.013955,2.5071477e-06,0.17758745,,,,,,6.659499e-05,6.002953e-06,6.0730817e-05,0.00017987157,17736.148,0.13326347,234.45325,0.00018521104,0.4362797,6.8762936e-05,2.7670816e-05
2585,2025-08-17 00:00:00+03:00,-0.6502102,0.035815425,1561.4797,0.75692827,77692.68,2208.4712,87454.86,1239.2451,10.927089,5.9000038e-05,1.1463804,1.0710066e-05,0.35895395,,,,,,7.123215e-05,1.544572e-05,5.633089e-05,0.00017829564,22131.3,0.14731038,234.66324,2.2726206e-05,0.70540965,2.9782732e-05,-4.596462e-06
2586,2025-08-18 00:00:00+03:00,-0.15478157,0.036417253,1431.8378,0.99998474,89172.336,1125.9614,100149.89,132.50401,34.15455,,,,,,,,,,7.1567374e-05,,5.2564115e-05,0.00017494528,16705.414,0.13190064,234.53598,,,,
2587,2025-08-19 00:00:00+03:00,-0.32020122,0.037860945,1751.2975,0.45699596,76402.54,2399.7764,86214.39,1406.5264,9.249624,0.00013099356,1.0571477,9.1191745e-05,0.24973863,,,,,,6.97643e-05,1.2871606e-05,5.9176673e-05,0.00019285231,16496.254,0.13383967,235.1327,7.0682196e-05,0.5314646,3.18007e-05,1.8195191e-05
2588,2025-08-20 00:00:00+03:00,-0.3695284,0.034626696,962.8816,0.17998987,83491.54,1617.969,90951.516,916.55493,5.463008,3.7262023e-05,1.0989692,-7.807438e-06,0.16227694,1828.9283,3000.0237,0.03937012,1861.2262,5.8287077,8.103422e-05,1.6057755e-05,6.4207314e-05,0.00022210018,21511.223,0.1492869,234.8175,1.8343302e-05,0.47885838,1.2373472e-05,-1.3691879e-05
2589,2025-08-21 00:00:00+03:00,-0.6922271,0.031180877,919.5003,0.4318339,78949.16,2093.3884,88979.8,1112.1191,7.889447,2.7531837e-06,1.0221468,-4.338223e-05,0.18877406,,,,,,7.626023e-05,1.4521194e-05,6.270838e-05,0.0002005483,20431.777,0.1489072,234.74808,-9.69473e-05,0.4555074,-4.3674998e-05,-1.9526859e-05
2590,2025-08-22 00:00:00+03:00,-0.7178851,0.030237192,1198.5898,0.8435149,72279.875,2769.8535,81855.54,1771.71,16.406994,,,,,,,,,,7.5450225e-05,9.0385065e-06,6.1027666e-05,0.00018757574,20372.291,0.15048862,234.40343,,,,7.605934e-06
2591,2025-08-23 00:00:00+03:00,-0.65998346,0.03168259,945.524,0.5129537,79409.2,1972.2275,89403.39,996.0498,9.554522,5.121531e-05,1.1386082,8.318536e-06,0.18749294,,,,,,6.8106776e-05,9.612962e-06,6.124602e-05,0.00020165466,23313.611,0.1578929,235.73709,8.79482e-05,0.6631124,5.353471e-05,1.6985421e-05
2592,2025-08-24 00:00:00+03:00,-0.7007004,0.031714976,1655.9247,0.9829842,58853.234,4440.4863,66969.586,3440.5432,41.543663,,,,,,,,,,6.51797e-05,,5.771849e-05,0.00017903616,22842.059,0.15946305,234.81656,,,,
2593,2025-08-25 00:00:00+03:00,-1.3624692,0.03268215,1330.3344,0.53616846,68021.73,3285.5173,77004.445,2298.5667,12.933833,-1.4217213e-05,1.1783255,-6.619687e-05,0.10579301,,,,,,7.295402e-05,1.4949566e-05,5.8604943e-05,0.00016005585,24217.182,0.16455728,234.86755,-3.5056233e-05,0.7756028,-2.2447086e-05,-6.5443533e-06
2594,2025-08-26 00:00:00+03:00,-0.793313,0.030350626,1106.9786,0.5843375,73971.03,2639.503,83249.25,1681.1232,36.08291,-6.5663326e-06,1.1696486,-6.252767e-05,0.19574337,1853.5963,3001.4094,0.122660555,1885.9475,5.3232775,7.397939e-05,1.7175691e-05,5.96233e-05,0.00019768398,24241.164,0.16135201,233.32068,-0.0002084808,0.60248435,-0.0001180301,-2.232142e-05
2595,2025-08-27 00:00:00+03:00,-0.6279004,0.031683832,618.6333,0.5815412,71608.52,3006.252,80929.64,2013.9808,8.434275,-2.7863089e-06,1.0418012,-5.4719778e-05,0.23306952,,,,,,7.298017e-05,1.8254384e-05,5.557572e-05,0.00018446213,19273.89,0.15498,233.70279,-5.3962554e-05,0.5753959,-2.7893311e-05,1.4186812e-05
2596,2025-08-28 00:00:00+03:00,-0.5493289,0.032936238,1891.6165,0.8867019,50444.45,5788.1123,57394.266,4788.1123,13.251556,2.2373497e-06,0.7109253,-4.67523e-05,0.31606165,,,,,,6.8755835e-05,2.1784068e-05,5.2426534e-05,0.00016373704,16702.494,0.14440086,232.81299,-0.00042633142,0.2505064,-0.00010668544,1.7977467e-05
2597,2025-08-29 00:00:00+03:00,-0.5823476,0.03424873,2791.6626,0.81123513,57069.22,4795.8086,64660.72,3795.808,16.494282,0.00021360726,0.8139325,0.00012803994,0.14317475,,,,,,0.00015290422,4.4385128e-05,4.9934046e-05,0.00020264107,14419.973,0.1347445,232.16785,-0.00011775205,0.27897593,-3.422057e-05,-3.7908032e-07
2598,2025-08-30 00:00:00+03:00,-0.5729476,0.032197025,2015.3022,1.0,72162.49,2906.381,81086.09,1926.4952,41.934814,,,,,,,,,,6.53103e-05,,5.0113886e-05,0.00017670158,16182.305,0.13227344,233.04593,,,,
2599,2025-08-31 00:00:00+03:00,-0.30599907,0.026618002,2500.2896,0.8953074,53479.03,5441.497,60070.844,4503.7007,30.34861,0.00031352206,0.8821691,0.00015903311,0.46141508,,,,,,8.903844e-05,3.0267087e-05,5.0128365e-05,0.00019686138,16702.402,0.14079505,231.46967,,,,
2600,2025-09-01 00:00:00+03:00,-0.8056565,0.030977147,1239.8652,0.734499,88493.17,1212.7151,98802.984,255.20615,8.3137245,7.6294644e-05,1.1295214,3.913095e-05,0.17940268,,,,,,7.430043e-05,2.42798e-05,4.7648235e-05,0.00019021866,15883.506,0.13155994,232.34988,-0.000101440324,0.6541271,-6.674607e-05,-1.9937359e-05
2601,2025-09-02 00:00:00+03:00,-0.637132,0.031501018,1654.5444,0.15487953,89673.86,1072.1223,99284.11,197.55273,7.365547,6.336478e-05,1.0985837,2.132071e-05,0.05508797,1847.3739,3000.272,0.052273408,1864.1244,2.9460647,7.577315e-05,3.0172345e-05,4.651783e-05,0.00018255517,16704.504,0.12989308,231.87277,-7.6725155e-07,0.8030357,-2.833371e-06,1.6778422e-06
2602,2025-09-03 00:00:00+03:00,-0.5444344,0.030376378,2241.5781,0.5577333,68416.7,3451.415,77005.77,2466.483,16.162611,8.7537126e-05,1.086201,3.6658104e-05,0.26679724,,,,,,8.100501e-05,2.8226836e-05,4.7017238e-05,0.00017277579,14766.614,0.1208691,231.57828,-6.395434e-06,0.5577788,-2.1104828e-05,6.2972717e-06
2603,2025-09-04 00:00:00+03:00,-0.6479089,0.029153898,1666.9714,0.52587247,88291.17,1258.6746,98133.64,332.81165,9.04846,4.5615496e-05,1.1478262,2.1042615e-06,0.20342585,,,,,,7.599154e-05,2.5992009e-05,4.692183e-05,0.00019514284,14427.456,0.11919375,231.97092,2.9262128e-06,0.52708375,-2.521473e-05,-2.2226573e-05
2604,2025-09-05 00:00:00+03:00,-0.45188642,0.028184332,1699.1257,0.22500685,89096.89,1227.8474,97400.125,430.56534,5.7132874,9.079515e-05,1.0219458,4.3918484e-05,0.1986076,,,,,,7.468331e-05,2.7816797e-05,4.6881683e-05,0.00020061494,14428.467,0.11361974,231.49854,0.00016630077,0.35493392,2.9564482e-05,-9.473917e-06
2605,2025-09-06 00:00:00+03:00,-0.6143272,0.031213038,2739.669,0.76132524,57143.28,5013.074,64709.824,4021.1104,12.013352,0.00017588396,0.90450776,9.5696305e-05,0.33381557,,,,,,8.404636e-05,3.34449e-05,4.784476e-05,0.00018025193,14428.905,0.11531383,232.72208,9.816607e-05,0.5712961,5.4970693e-05,-7.2339135e-06
2606,2025-09-07 00:00:00+03:00,-0.7256932,0.03029812,2254.4902,0.4237485,63017.273,4224.392,71055.84,3245.0615,7.117712,9.087677e-05,0.98134196,3.865071e-05,0.14600731,1876.917,3000.0056,0.038214166,1912.4293,6.0022693,7.390573e-05,2.5373585e-05,4.7599817e-05,0.00017760336,15781.553,0.110830255,232.04095,-5.710503e-06,0.5474737,-3.0734159e-06,2.3622072e-06
2607,2025-09-08 00:00:00+03:00,-0.5585567,0.032228615,1079.4294,0.06122171,89000.375,1263.067,96974.11,505.5629,8.340631,7.573538e-05,0.94436944,2.1271408e-05,0.032888934,1903.0288,3000.064,0.035105478,1925.7653,3.71067,7.6911e-05,2.916166e-05,4.7749338e-05,0.00019090262,16715.64,0.10880499,231.511,3.4587247e-06,0.3437007,3.810179e-06,1.5616797e-07
2608,2025-09-09 00:00:00+03:00,-0.61940235,0.030359311,1238.1094,0.3727688,85018.734,1619.7115,94910.266,684.2049,7.272686,0.00010229904,0.96639645,4.4662644e-05,0.17823331,,,,,,7.2258306e-05,2.7325343e-05,4.430287e-05,0.00018140064,16715.057,0.11028212,231.73804,0.00013690535,0.43551648,5.1487455e-05,9.233229e-06
2609,2025-09-10 00:00:00+03:00,-1.0708892,0.03560572,1593.8,0.0074061425,82600.86,1840.8739,91719.17,958.3376,7.644549,0.00013034724,1.0281054,8.9660265e-05,0.032737587,1840.2094,3000.127,0.09329774,1862.3135,3.8124986,6.5864675e-05,1.7910907e-05,4.7903704e-05,0.00015621704,16713.488,0.11305808,231.7066,-6.815576e-05,0.65861726,-4.4237273e-05,-1.9212117e-05
2610,2025-09-11 00:00:00+03:00,-0.28057083,0.03300068,4377.491,0.5388322,28850.719,9919.641,33294.195,8919.642,8.460842,0.00015228197,0.8868858,8.198808e-05,0.14874698,,,,,,6.9785005e-05,2.0190604e-05,4.7282123e-05,0.0001709784,14426.535,0.10910837,230.69994,4.8291113e-05,0.49590704,1.7124885e-05,3.5345667e-07
2611,2025-09-12 00:00:00+03:00,-0.29083046,,,0.9999956,58511.074,4614.451,66473.59,3614.4507,39.22966,,,,,,,,,,0.0001242839,,4.3795255e-05,0.0001745667,16707.941,0.111592844,232.01642,,,,
2612,2025-09-13 00:00:00+03:00,-0.47863358,0.03562003,1107.2178,0.3111132,94027.3,762.3389,101308.35,95.70231,9.120876,2.9811887e-05,1.2651013,-3.8428393e-06,0.20461905,,,,,,6.399151e-05,1.6658385e-05,4.833147e-05,0.00018120339,17379.523,0.115713865,231.14445,-3.2897056e-05,0.6124111,-6.353068e-06,-4.221566e-06
2613,2025-09-14 00:00:00+03:00,-0.12124002,0.035951547,2062.7002,0.5708203,60210.11,4440.9014,68295.914,3440.9019,13.529301,0.00015446868,0.8951314,0.00010652688,0.14532655,,,,,,8.404845e-05,3.804035e-05,4.3131913e-05,0.00017006928,16708.219,0.11726783,230.31699,6.4820306e-05,0.3568977,2.4849423e-05,1.411401e-05
2614,2025-09-15 00:00:00+03:00,-0.792783,0.032249175,1331.8427,0.82317734,81063.125,1894.8972,91223.66,906.25995,20.575436,2.9794921e-05,1.2199243,9.824293e-06,0.30706272,,,,,,6.787561e-05,2.4750725e-05,4.0619198e-05,0.00017959772,16699.354,0.12521791,230.48004,-4.086201e-05,0.64019495,-3.892567e-05,-9.988211e-07
2615,2025-09-16 00:00:00+03:00,-0.21929383,0.030229265,1358.8328,0.6484416,69146.38,3239.9714,77745.766,2278.2322,13.892472,9.792454e-05,1.1158806,7.591224e-05,0.08213125,,,,,,7.3683055e-05,2.9754408e-05,4.6862882e-05,0.00019540344,19579.207,0.12478161,229.43881,0.00011885338,0.49403057,5.915039e-05,1.6217482e-05
2616,2025-09-17 00:00:00+03:00,-0.4901473,0.0308438,1517.3652,0.6173601,73224.89,2726.3618,82580.91,1739.8469,10.25815,6.085045e-05,1.2199061,4.0377665e-05,0.20164907,,,,,,6.540956e-05,2.1748872e-05,4.6946752e-05,0.000181644,22135.152,0.12752177,230.1611,7.7519064e-05,0.7752231,5.179434e-05,1.4759339e-05
2617,2025-09-18 00:00:00+03:00,-0.65416706,0.033103816,1120.0642,0.48473784,74634.984,2637.3452,84211.375,1652.7935,7.639094,3.4578698e-05,1.0610925,6.6779394e-06,0.20208916,,,,,,6.622587e-05,2.717461e-05,4.1237286e-05,0.00016698803,16701.418,0.11587529,229.50244,-4.735447e-05,0.5147471,-2.422323e-05,2.1259873e-06
2618,2025-09-19 00:00:00+03:00,-0.6058198,0.032842025,1137.4458,0.53162295,88099.625,1216.7106,98138.56,284.75507,9.031569,8.416183e-05,1.1569157,6.729909e-05,0.23783743,,,,,,5.9288774e-05,1.7555529e-05,4.2693482e-05,0.00016686451,17600.586,0.12393077,228.54803,0.00015948025,0.58629733,8.711395e-05,1.9102376e-06
2619,2025-09-20 00:00:00+03:00,-0.48587096,0.029097097,1574.6636,0.7511437,79511.94,2162.3164,89137.85,1189.5618,10.426144,5.6944788e-05,1.0984865,3.3954875e-05,0.09396084,,,,,,6.166084e-05,1.7251858e-05,3.9580606e-05,0.00016189556,14426.4,0.11595632,228.24991,-5.7050285e-05,0.528403,-3.3150256e-05,-4.5578886e-06
2620,2025-09-21 00:00:00+03:00,-0.4753592,,,0.27837002,56486.17,5366.217,63762.69,4380.653,7.963342,0.00018416272,0.88759923,0.0001246386,0.26003528,,,,,,7.3294184e-05,3.2144242e-05,4.1235417e-05,0.0001851348,14422.71,0.11572956,227.7604,4.9335875e-05,0.31150666,1.8872148e-05,3.0573142e-06
2621,2025-09-22 00:00:00+03:00,-0.5001942,,,0.99990916,46828.113,6192.936,53300.832,5192.936,30.627682,,,,,,,,,,0.00010408989,,4.001528e-05,0.00017680967,15009.135,0.12135171,228.59256,,,,
2622,2025-09-23 00:00:00+03:00,-0.4370774,0.031633057,622.0879,0.1951955,85283.67,1525.4624,94870.14,639.2835,8.57776,2.5646194e-05,1.1663129,-1.8026403e-06,0.12781154,,,,,,5.9549027e-05,1.3262883e-05,4.6111163e-05,0.00018006821,17950.387,0.14064883,228.886,0.00012260805,0.5970441,7.341344e-05,3.31726e-05
2623,2025-09-24 00:00:00+03:00,-0.48001358,0.03117251,788.62146,0.7155528,85694.66,1532.9463,96078.74,587.50397,14.12277,1.3892546e-05,1.1256067,-2.1402859e-05,0.17804724,,,,,,5.489197e-05,8.0511945e-06,4.6234818e-05,0.00016837544,22206.203,0.14843619,228.76305,9.8161516e-05,0.45741516,2.6266236e-05,-4.60675e-06
2624,2025-09-25 00:00:00+03:00,-0.3205988,0.033227824,843.4432,0.5731271,92215.24,966.9766,102260.2,86.875084,10.719556,6.897237e-05,1.1388373,3.9106475e-05,0.22206913,,,,,,6.0899903e-05,1.30786675e-05,4.107423e-05,0.0001672975,14435.807,0.13200971,228.25653,0.00013499263,0.33611023,3.042065e-05,2.1526856e-05
2625,2025-09-26 00:00:00+03:00,-1.099069,0.033585034,1003.3858,0.06544635,94392.38,823.58655,101735.15,163.80981,8.332465,5.839396e-05,1.0515854,2.8880657e-05,0.06615532,1859.0529,3000.0017,0.02720015,1885.1935,4.772277,5.9056423e-05,1.7284472e-05,4.2444095e-05,0.00014881295,16282.032,0.1278599,227.7594,7.240284e-05,0.36696303,2.6303063e-05,1.0302225e-05
2626,2025-09-27 00:00:00+03:00,-0.4032058,0.030964334,887.5122,0.32469276,59955.188,4598.8154,67976.4,3599.789,8.03735,7.211736e-05,0.72300804,2.3272552e-05,0.23733594,,,,,,7.396778e-05,2.943048e-05,4.3517324e-05,0.00017770054,14434.714,0.12952131,227.34259,0.00020307582,0.29805142,6.172317e-05,2.1746324e-05
2627,2025-09-28 00:00:00+03:00,-0.7020497,0.032347444,758.4896,0.6528891,88444.53,1308.4431,99096.69,355.95978,10.846967,5.39592e-06,0.9927381,-2.474934e-05,0.190264,,,,,,5.565251e-05,1.37054885e-05,3.9684317e-05,0.00015329703,14434.822,0.12931746,227.89102,5.279268e-05,0.33174127,1.4206053e-05,-9.386652e-06
2628,2025-09-29 00:00:00+03:00,-0.36994463,0.03413515,577.6781,0.0,,,,,,9.7359414e-05,0.6813065,3.7593607e-05,0.005911023,1908.668,2999.998,0.012683867,1928.3423,3.8683934,6.8866495e-05,2.7535527e-05,4.1330968e-05,0.00016976085,16726.447,0.12603396,227.08176,0.00025423686,0.23629673,6.0306986e-05,1.8183015e-05
2629,2025-09-30 00:00:00+03:00,-0.44815004,0.031898823,779.1647,0.77643335,95488.305,694.8301,103214.984,20.616005,9.740436,5.651839e-05,0.78528774,8.489572e-06,0.32760978,,,,,,6.4479056e-05,3.4625875e-05,3.9233913e-05,0.00016949391,18275.76,0.13221592,226.45052,,,,
2630,2025-10-01 00:00:00+03:00,-0.40372062,0.03341264,626.2801,0.21425618,79120.66,2400.8801,87565.12,1544.3,10.172312,6.9369e-05,0.81378746,2.7422344e-05,0.15564167,,,,,,6.722429e-05,2.8149698e-05,3.9190476e-05,0.00017382651,19490.537,0.13196327,225.31519,,,,
2631,2025-10-02 00:00:00+03:00,-0.3030187,0.028994009,880.7083,0.27340084,67914.97,3465.5864,76968.625,2468.9277,9.719952,6.3373765e-05,0.84125394,3.3897784e-05,0.18227267,,,,,,6.633751e-05,2.128963e-05,4.4915807e-05,0.00019766064,19310.166,0.13487576,224.19533,,,,
2632,2025-10-03 00:00:00+03:00,-0.48797807,0.03289725,867.5859,0.6032652,88403.31,1290.0679,98370.55,392.1789,8.983272,3.9955106e-05,1.0556667,1.49965435e-05,0.19418435,,,,,,7.455201e-05,3.1481108e-05,4.5616514e-05,0.0002018949,19304.203,0.13540237,226.46921,,,,
2633,2025-10-04 00:00:00+03:00,-0.4959753,0.030268263,512.6555,0.66512036,89962.63,1030.3035,99494.97,176.40424,9.333832,2.6185924e-05,1.167735,-1.6069618e-05,0.22813319,,,,,,6.000796e-05,2.038417e-05,4.0558487e-05,0.00017609165,13506.453,0.12036049,227.6167,,,,
2634,2025-10-05 00:00:00+03:00,-0.4144255,,,1.0,62543.883,3847.2144,71052.13,2847.2144,75.96206,,,,,,,,,,0.00012808207,,4.120793e-05,0.0001722592,16687.6,0.12021454,227.36234,,,,
2635,2025-10-06 00:00:00+03:00,-0.23185286,0.030315083,990.5277,0.99152803,81502.766,1779.8525,92310.37,779.8524,16.46984,,,,,,,,,,4.667876e-05,,4.2688374e-05,0.00017047432,22147.574,0.13059698,226.48236,,,,
2636,2025-10-07 00:00:00+03:00,-0.2787994,0.03273481,978.91785,0.30177248,82366.15,1855.9175,92554.91,896.29913,15.273901,3.4413944e-05,0.8763765,2.953333e-06,0.21058781,1854.5721,3000.0574,0.04513651,1874.6294,4.3595514,7.3033065e-05,3.5245917e-05,3.8576607e-05,0.00020369326,21661.21,0.12422106,224.14128,,,,
2637,2025-10-08 00:00:00+03:00,-0.31912613,0.033229645,1006.14514,0.13462017,92892.5,794.63586,101348.17,36.458,5.0594835,5.458391e-05,0.99703157,2.2101683e-05,0.12913685,1844.5731,3000.0398,0.07018577,1870.834,6.1407714,6.516108e-05,2.500751e-05,4.015358e-05,0.00018407343,16709.57,0.11735779,224.0181,,,,
2638,2025-10-09 00:00:00+03:00,-0.3020438,0.026477136,1525.4197,0.93422174,79071.42,2128.388,88683.26,1167.9427,18.797318,,,,,,,,,,9.513187e-05,3.0055351e-05,3.768796e-05,0.00017660818,19272.8,0.11632777,224.94212,,,,
2639,2025-10-10 00:00:00+03:00,-0.12085925,0.024850449,1036.3085,0.7474532,72429.84,2815.8628,81776.06,1828.6327,12.93087,1.120005e-05,1.1201187,-1.7388933e-05,0.14984292,,,,,,5.0794668e-05,9.176732e-06,3.9314218e-05,0.00016194617,22140.637,0.13290614,225.98006,,,,
2640,2025-10-11 00:00:00+03:00,-0.4680294,0.031205492,1179.3019,0.32435986,62493.875,4259.42,70365.31,3300.3145,12.240424,5.943807e-05,1.1519008,3.8447164e-05,0.08223482,1894.7161,3000.077,0.034927644,1917.8446,4.998427,4.7308786e-05,1.4459736e-05,3.2418582e-05,0.00014524432,16022.797,0.119540334,222.8099,,,,
2641,2025-10-12 00:00:00+03:00,-0.9529777,0.027251435,658.14453,0.67512697,78373.44,2129.2053,88349.24,1154.3007,56.387447,-2.2376333e-05,1.2447757,-5.2866853e-05,0.13346276,,,,,,4.6247857e-05,1.250379e-05,3.2889915e-05,0.00013443745,19259.855,0.1389073,225.8002,,,,
2642,2025-10-13 00:00:00+03:00,-0.19385037,0.027369231,528.9007,0.8572378,72685.06,2739.4165,82578.95,1739.4165,26.221798,8.647516e-05,1.3094428,7.455423e-05,0.29352605,,,,,,5.7402533e-05,1.8233097e-05,3.6114398e-05,0.00016603578,23733.896,0.14889151,225.69734,,,,
2643,2025-10-14 00:00:00+03:00,-0.43713087,0.031489313,384.83527,0.99025583,76666.39,2315.8386,87043.17,1315.8386,17.571514,,,,,,,,,,9.955741e-05,,3.320577e-05,0.0001641725,22172.014,0.12846859,226.82062,,,,
2644,2025-10-15 00:00:00+03:00,-0.24026647,0.02904433,824.1986,0.9169653,85831.875,1436.763,96602.87,457.64664,15.969542,,,,,,,,,,5.9757236e-05,,3.1277603e-05,0.000149831,16707.334,0.13212015,226.07642,,,,
2645,2025-10-16 00:00:00+03:00,-0.42231506,0.02745846,1048.1971,0.9330313,81244.06,1842.2073,91762.32,843.3114,16.034346,-3.160966e-05,1.0737188,-5.3827196e-05,0.3840887,,,,,,7.542065e-05,2.8503458e-05,3.0552284e-05,0.00016284455,16700.453,0.1273725,225.95576,,,,
2646,2025-10-17 00:00:00+03:00,-0.25430313,0.030588957,617.362,0.3358032,83267.09,1658.1737,93896.68,677.8033,18.355095,-3.2690914e-05,1.0162859,-5.8332076e-05,0.13486,,,,,,6.286094e-05,2.5755337e-05,3.5972735e-05,0.0001775955,22158.617,0.13421808,225.9888,,,,
2647,2025-10-18 00:00:00+03:00,0.0104474425,0.029736053,570.20044,0.18274324,93362.875,768.6013,101453.97,49.317074,5.652886,0.00011945622,0.88722056,8.511005e-05,0.16833168,1911.041,2999.999,0.01526634,1935.7736,4.9914794,5.9503123e-05,2.3256858e-05,3.6246267e-05,0.00018473348,22178.65,0.1427872,223.10588,,,,
2648,2025-10-19 00:00:00+03:00,-0.07745678,0.030960098,568.71857,0.28228137,83294.41,1694.4915,94201.47,700.37573,15.494484,7.138488e-05,0.9172547,3.945057e-05,0.16514947,,,,,,5.890392e-05,2.5259478e-05,3.462383e-05,0.00016784863,19289.594,0.12694429,223.07663,,,,
2649,2025-10-20 00:00:00+03:00,0.09031382,0.02860515,448.56323,0.5206896,82006.98,1777.2262,93039.16,777.2263,14.44941,7.314353e-05,0.89127964,4.798733e-05,0.25906533,,,,,,5.2805648e-05,2.4828016e-05,3.266363e-05,0.00015705488,16709.352,0.11993192,221.7749,,,,
2650,2025-10-21 00:00:00+03:00,-0.088852584,0.031982984,706.9055,0.13314639,44588.75,6524.4287,50963.332,5524.4287,17.529766,7.74995e-05,0.9536532,5.5787837e-05,0.048064284,1816.2021,3000.9404,0.13619556,1834.6918,7.3571277,6.486361e-05,3.3525146e-05,3.1338466e-05,0.00016258223,14425.43,0.11289373,221.31448,,,,
2651,2025-10-22 00:00:00+03:00,0.06312668,0.028322589,1327.9292,0.27362597,65650.266,3629.248,74291.125,2629.2478,10.616856,9.339738e-05,0.94742614,6.699197e-05,0.14347279,,,,,,,,,,,0.119743794,222.62474,,,,
2652,2025-10-23 00:00:00+03:00,-0.6405506,0.027409732,2291.8506,1.0,65325.977,3589.8042,74197.89,2589.8042,87.51471,,,,,,,,,,,,,,,0.12459884,222.3204,,,,
2653,2025-10-24 00:00:00+03:00,-0.78383964,0.02914397,2160.6248,0.96480036,70495.53,2925.58,79675.805,1925.5798,18.864084,,,,,,,,,,,,,,,0.12587795,220.89671,,,,
2654,2025-10-25 00:00:00+03:00,-0.79105437,0.024578575,1966.32,0.9984306,53422.1,5020.9805,60778.836,4020.98,67.50889,,,,,,,,,,,,,,,0.12242183,221.1354,,,,
2655,2025-10-26 00:00:00+03:00,-0.07169968,0.029050104,718.06055,0.88416517,90860.875,760.24854,98669.47,49.41973,23.544472,,,,,,,,,,5.4405504e-05,,2.9776744e-05,0.00019198465,22078.066,0.13256338,220.84338,,,,
2656,2025-10-27 00:00:00+02:00,0.07465443,0.028411103,457.82886,0.9827981,77713.84,1999.1885,87832.59,1014.5133,26.191189,,,,,,,,,,6.0248305e-05,,3.10933e-05,0.00017253586,22062.756,0.14864734,220.75598,,,,
2657,2025-10-28 00:00:00+02:00,-1.3172176,0.031425692,748.637,0.9127461,81988.69,1597.3986,92705.2,597.9514,19.818245,,,,,,,,,,6.6286026e-05,,2.594314e-05,0.00015886668,22080.758,0.13913232,220.73782,,,,
2658,2025-10-29 00:00:00+02:00,-0.0071936995,0.027288005,680.9158,0.12447521,73604.45,2531.3674,83433.95,1531.3673,14.708415,4.671146e-05,1.1096655,4.0472398e-05,0.09860206,,,,,,5.788939e-05,2.9118859e-05,2.6784355e-05,0.00016969163,22111.078,0.13152047,219.8954,,,,
2659,2025-10-30 00:00:00+02:00,-0.13391623,,,,,,,,,,,,,,,,,,4.118188e-05,,2.4879833e-05,0.00014099835,16688.6,,,,,,
2660,2025-10-31 00:00:00+02:00,-0.17845528,0.02900479,1015.72424,,,,,,,,,,,,,,,,6.6104985e-05,,1.9089704e-05,0.00014019774,16691.648,,,,,,
2661,2025-11-01 00:00:00+02:00,0.21884304,0.028562203,836.6317,,,,,,,0.00017276604,0.98181486,0.00016059667,0.42192268,,,,,,,,,,,,,,,,
2662,2025-11-02 00:00:00+02:00,-0.503642,0.030554919,1297.3071,,,,,,,,,,,,,,,,,,,,,,,,,,
2663,2025-11-03 00:00:00+02:00,-0.5649946,,,,,,,,,,,,,,,,,,,,,,,,,,,,
2664,2025-11-04 00:00:00+02:00,-0.37690473,0.030435016,1198.8667,0.9803704,78704.84,2155.0566,89035.09,1155.0566,35.24881,,,,,,,,,,0.000102546284,,2.0312345e-05,0.00016005024,16708.66,0.1259717,215.74275,,,,
2665,2025-11-05 00:00:00+02:00,0.10539964,,,0.5880497,39863.785,7476.3115,45660.066,6476.312,20.164692,,,,,,,,,,7.539785e-05,4.8458645e-05,2.2050852e-05,0.00014386352,14429.706,0.12313179,215.68185,,,,
2666,2025-11-06 00:00:00+02:00,-0.20017435,0.030060349,1742.977,,,,,,,,,,,,,,,,9.6247015e-05,4.8787148e-05,2.4046196e-05,0.00016179183,14427.747,,,,,,
2667,2025-11-07 00:00:00+02:00,0.19929239,,,0.46134484,40576.086,7352.612,46478.51,6352.612,36.350346,-8.817198e-06,1.1010227,-7.32884e-06,0.12789507,,,,,,6.1728555e-05,3.608778e-05,2.1532025e-05,0.00014170131,14428.025,0.10865996,213.61,,,,
2668,2025-11-08 00:00:00+02:00,-0.3820564,0.03100746,637.3635,0.9995402,94173.836,662.4563,101684.64,2.2886071,32.084675,,,,,,,,,,7.01252e-05,,2.1989968e-05,0.0002196333,14427.684,,,,,,
2669,2025-11-09 00:00:00+02:00,-0.49453762,0.028519461,731.32025,1.0,84528.1,1539.28,95425.41,539.44794,46.866936,,,,,,,,,,4.41995e-05,,1.9380293e-05,0.00014410661,14776.531,0.11821743,214.69565,,,,
2670,2025-11-10 00:00:00+02:00,-0.0833889,0.027882611,1269.4244,0.9718536,78590.516,2118.8726,88879.06,1118.8728,53.236595,,,,,,,,,,4.5627996e-05,,1.9276598e-05,0.0001355416,16968.023,0.1145042,213.62805,,,,
2671,2025-11-11 00:00:00+02:00,0.09811509,0.029174238,757.6947,0.9844859,78954.02,2093.0928,88998.16,1114.659,69.70432,,,,,,,,,,5.544888e-05,,2.0352738e-05,0.00013853316,19273.578,0.1169548,213.63882,,,,
2672,2025-11-12 00:00:00+02:00,0.14758492,,,0.9821701,92767.44,800.58545,100821.34,81.422714,26.147533,,,,,,,,,,5.8830232e-05,,2.0269232e-05,0.0001576042,16707.777,0.11689659,214.49205,,,,
2673,2025-11-13 00:00:00+02:00,-1.0486113,,,0.71894777,34045.035,8403.14,39283.32,7403.14,32.653545,,,,,,,,,,9.966018e-05,8.0949176e-05,1.8711013e-05,0.00014757265,14421.3545,0.11879474,215.12427,,,,
2674,2025-11-14 00:00:00+02:00,0.04703279,,,0.8016961,41116.0,6914.6978,47260.18,5914.698,71.50068,,,,,,,,,,4.5869856e-05,1.637681e-05,2.371514e-05,0.00017013766,17219.824,0.13090989,214.23709,,,,
2675,2025-11-15 00:00:00+02:00,0.2258202,0.03321635,345.5667,0.2873561,62007.75,3918.1353,70909.53,2918.1357,16.698792,,,,,,,,,,2.430583e-05,-2.5084967e-06,2.6677e-05,0.00015356555,17422.432,0.1420201,214.18745,,,,
2676,2025-11-16 00:00:00+02:00,0.529318,0.031215366,258.61407,0.6747623,56651.61,4667.036,64687.84,3667.0361,45.699512,,,,,,,,,,2.2497245e-05,3.935313e-06,2.3544282e-05,0.00013741967,16916.357,0.13166517,213.151,,,,
2677,2025-11-17 00:00:00+02:00,0.10228732,0.029977199,587.60065,0.73413575,85204.84,1342.087,95299.87,414.9624,24.090084,,,,,,,,,,5.023751e-05,3.0222604e-05,2.449997e-05,0.00018369494,20681.324,0.14064863,213.49883,,,,
2678,2025-11-18 00:00:00+02:00,0.40012985,0.032008134,422.08035,0.6379156,78365.83,2068.907,88264.74,1125.8972,74.93388,,,,,,,,,,3.732631e-05,9.379176e-06,2.4890971e-05,0.00016582292,24215.076,0.13905486,214.47543,,,,
2679,2025-11-19 00:00:00+02:00,-0.736539,0.031875912,690.2269,0.9975514,56090.64,4633.0615,64199.418,3633.0615,85.15845,,,,,,,,,,0.00022195531,,2.088949e-05,0.00023457847,22129.076,0.13399667,213.53763,,,,
2680,2025-11-20 00:00:00+02:00,0.21735719,0.034222715,561.6154,0.011783326,39582.65,7097.4707,45526.504,6097.4707,21.685402,,,,,,,,,,8.574786e-05,6.4663975e-05,2.0558458e-05,0.00019633655,19260.215,0.13313183,212.37923,,,,
2681,2025-11-21 00:00:00+02:00,-0.2831344,0.031558976,520.9538,0.57474005,72849.99,2715.1416,83011.48,1715.1416,27.993176,,,,,,,,,,8.1737875e-05,5.8948644e-05,2.0311963e-05,0.00020104287,19262.791,0.13016233,212.90463,,,,
2682,2025-11-22 00:00:00+02:00,0.15901734,0.032590352,342.92953,0.22731903,78712.625,2097.4106,89339.32,1097.4106,25.605494,,,,,,,,,,2.431247e-05,2.7657052e-06,2.1638432e-05,0.00013594609,19287.29,0.13366777,210.87292,,,,
2683,2025-11-23 00:00:00+02:00,0.038892142,,,0.0,,,,,,,,,,,,,,,5.2312036e-05,3.601006e-05,1.630198e-05,0.00015122257,17582.473,0.11977749,210.69116,,,,
2684,2025-11-24 00:00:00+02:00,-0.454248,0.03294989,506.17905,0.94969404,64570.96,3485.7988,73608.85,2485.799,29.649494,,,,,,,,,,5.298326e-05,,1.7411721e-05,0.00014375844,22126.143,0.12097126,210.8812,,,,
2685,2025-11-25 00:00:00+02:00,-0.024335727,0.031642493,408.06735,0.97547257,88475.19,1100.2522,99857.516,116.540565,32.8126,,,,,,,,,,5.6524288e-05,,1.9775072e-05,0.00017350179,20425.35,0.12879647,210.16841,,,,
2686,2025-11-26 00:00:00+02:00,0.1790057,,,0.66931206,35621.355,7907.84,41236.25,6907.8403,39.803513,,,,,,,,,,1.8344905e-05,-3.150238e-06,2.5152967e-05,0.0001662554,16708.723,0.13352731,210.62643,,,,
2687,2025-11-27 00:00:00+02:00,0.39626178,0.032118507,590.1609,0.92754537,67464.125,3276.1182,76498.875,2276.1184,71.1886,,,,,,,,,,2.3678218e-05,1.6695789e-06,2.3266402e-05,0.00015557512,17242.805,0.13609298,211.52222,,,,
2688,2025-11-28 00:00:00+02:00,0.010477662,0.029021153,876.4449,0.9943501,64453.87,3725.791,73054.06,2725.8667,103.20369,,,,,,,,,,,,,,,0.121111624,211.39276,,,,
2689,2025-11-29 00:00:00+02:00,-1.1318461,,,0.99993694,54616.78,4945.271,62261.633,3945.2708,128.6203,,,,,,,,,,,,,,,0.13026226,213.1359,,,,
2690,2025-11-30 00:00:00+02:00,-0.11521767,0.0317064,751.5248,0.971894,93952.41,679.2331,101672.11,8.233105,24.341875,,,,,,,,,,4.6414305e-05,,1.8917053e-05,0.0001556348,19281.367,0.12588349,210.42256,,,,
2691,2025-12-01 00:00:00+02:00,0.09579869,0.030061131,894.8938,0.9630646,69689.67,3092.5742,79228.81,2092.5742,83.27968,,,,,,,,,,,,,,,0.14538741,210.33548,,,,
2692,2025-12-02 00:00:00+02:00,0.38721576,0.03049605,533.2305,0.8956588,90044.836,1056.4987,100038.96,191.3292,25.160675,,,,,,,,,,5.4212214e-05,,1.4171936e-05,0.00018137234,15630.028,0.12672019,208.0453,,,,
2693,2025-12-03 00:00:00+02:00,0.107198656,0.03226928,496.85504,0.9997374,90206.22,1037.8671,101613.54,64.347374,39.827454,,,,,,,,,,6.059737e-05,,1.4978532e-05,0.00018145029,16715.041,0.11285553,208.05469,,,,
2694,2025-12-04 00:00:00+02:00,-1.6742191,0.033794932,623.75867,0.9952828,69561.54,3071.2583,79234.57,2071.2583,46.316242,,,,,,,,,,8.447573e-05,,2.0046553e-05,0.00017589737,22178.027,0.1095479,209.38797,,,,
2695,2025-12-05 00:00:00+02:00,0.5547234,0.030311497,511.6628,0.9931252,70143.22,3081.228,79578.4,2081.2278,204.35379,,,,,,,,,,5.2321517e-05,,1.4060275e-05,0.00012758377,16711.705,0.12389532,208.1376,,,,
2696,2025-12-06 00:00:00+02:00,-0.23298131,,,0.9995607,40001.484,7276.526,45982.21,6276.5254,165.98776,,,,,,,,,,,,,,,0.13528907,208.55252,,,,
2697,2025-12-07 00:00:00+02:00,0.112406254,,,1.0,60612.594,4151.5547,68905.266,3151.5542,142.87595,,,,,,,,,,0.00010945312,,1.883325e-05,0.00021276646,16706.21,0.12786032,208.60602,,,,
2698,2025-12-08 00:00:00+02:00,0.14945695,,,0.9811465,40465.258,7104.7607,46540.742,6104.7607,66.24965,,,,,,,,,,2.3657776e-05,,1.6844655e-05,0.00012883633,14501.516,0.12374201,208.90796,,,,
2699,2025-12-09 00:00:00+02:00,-0.30649942,,,0.9057384,66179.06,3493.7173,75229.23,2493.717,68.557175,,,,,,,,,,1.680539e-05,-3.392573e-06,1.8764622e-05,0.00013576634,19254.25,0.13429874,209.22887,,,,
2700,2025-12-10 00:00:00+02:00,-0.48581597,,,0.9714312,36342.527,7975.1074,41794.04,6975.1074,159.51602,,,,,,,,,,,,,,,0.12726732,210.05658,,,,
2701,2025-12-11 00:00:00+02:00,0.18616806,0.028094722,770.2752,0.94058096,72832.79,2661.9272,82678.46,1661.9751,146.59065,,,,,,,,,,-8.972133e-06,-2.6705273e-05,2.5577949e-05,0.00013351782,24237.652,0.15368572,212.07986,,,,
2702,2025-12-12 00:00:00+02:00,0.38776508,0.030228095,785.2548,0.7372492,84460.83,1549.4761,95103.36,590.0209,78.680786,,,,,,,,,,3.406172e-05,1.283572e-05,2.0102909e-05,0.00014707493,16705.186,0.13523978,213.96143,,,,
2703,2025-12-13 00:00:00+02:00,0.0752241,,,0.8878808,36907.77,7782.377,42499.28,6782.378,69.37247,,,,,,,,,,,,,,,0.15120038,214.63354,,,,
2704,2025-12-14 00:00:00+02:00,-0.5248395,,,0.83787316,65174.17,3589.3687,74039.55,2593.1328,30.616089,,,,,,,,,,6.733481e-05,2.9078754e-05,2.0333417e-05,0.00018915787,16707.123,0.15945509,214.75438,,,,
2705,2025-12-15 00:00:00+02:00,-0.9535643,,,0.99988556,78729.23,2083.5264,89152.164,1083.5262,73.11668,,,,,,,,,,,,,,,0.12148015,213.4229,,,,
2706,2025-12-16 00:00:00+02:00,-0.34729412,,,1.0,93216.805,737.57477,101682.41,13.421408,50.18844,,,,,,,,,,5.645032e-05,,1.4915463e-05,0.00017392397,16709.42,0.1342311,209.11403,,,,
2707,2025-12-17 00:00:00+02:00,-0.14127758,,,0.97540253,52277.906,5308.749,59770.742,4308.749,117.161224,,,,,,,,,,0.00012199319,,1.1930365e-05,0.00016658845,16708.568,0.12197478,207.95963,,,,
2708,2025-12-18 00:00:00+02:00,-0.3040244,,,0.93400127,76429.734,2401.564,86391.22,1401.564,33.73394,,,,,,,,,,6.359803e-05,,9.262045e-06,0.00013806767,14429.672,0.1146082,206.43173,,,,
2709,2025-12-19 00:00:00+02:00,1.1999422,,,0.9884664,67056.3,3470.864,75837.58,2470.864,189.9755,,,,,,,,,,0.000116397554,,1.06725965e-05,0.00016832376,14429.1,0.10992475,207.58813,,,,
2710,2025-12-20 00:00:00+02:00,-0.27852273,,,0.9703138,53022.508,5207.6387,60414.37,4207.6387,59.807854,,,,,,,,,,0.000110921676,,1.4087445e-05,0.0001729462,14425.446,0.14197409,207.72058,,,,
2711,2025-12-21 00:00:00+02:00,0.13905305,,,0.86055565,85888.87,1405.714,96827.45,405.71396,53.434868,,,,,,,,,,1.9630515e-05,,1.3739853e-05,0.00010185709,19273.867,0.1283133,207.37949,,,,
2712,2025-12-22 00:00:00+02:00,-0.07299606,,,0.7949827,69545.086,3205.7769,79103.516,2205.7769,60.461906,,,,,,,,,,3.4529498e-06,-1.3622069e-05,1.7425888e-05,0.00010756836,19288.809,0.13962731,207.77757,,,,
2713,2025-12-23 00:00:00+02:00,0.029630015,,,0.0,,,,,,,,,,,,,,,,,,,,0.15741445,208.01855,,,,
2714,2025-12-24 00:00:00+02:00,0.085841745,,,0.9155624,83792.89,1678.3533,95435.27,678.3533,29.922407,,,,,,,,,,-7.590072e-06,,1.4874497e-05,9.024087e-05,14437.789,0.14553162,207.00037,,,,
2715,2025-12-25 00:00:00+02:00,-0.26748472,,,0.8613922,29961.602,9259.041,34848.625,8259.041,55.642,,,,,,,,,,1.877074e-05,1.1736389e-05,1.11200825e-05,8.7140754e-05,16722.604,0.12691611,207.65399,,,,
2716,2025-12-26 00:00:00+02:00,0.12551135,,,0.0,,,,,,,,,,,,,,,4.2704447e-05,3.1295014e-05,1.1409429e-05,0.00010227103,14430.885,0.12859526,206.54416,,,,
2717,2025-12-27 00:00:00+02:00,-0.02940932,,,0.92437565,62952.42,3737.779,71592.03,2737.7788,68.231606,,,,,,,,,,2.8595721e-05,,1.49573925e-05,0.00011616837,16694.314,0.14578155,210.1326,,,,
2718,2025-12-28 00:00:00+02:00,0.4855541,0.03196978,246.97925,0.6702222,77099.16,2163.9954,87545.87,1163.9954,76.1339,,,,,,,,,,3.552019e-05,1.3893392e-05,1.4863498e-05,0.00012275095,19263.102,0.1540983,209.71451,,,,
2719,2025-12-29 00:00:00+02:00,0.33255887,,,0.82173413,67940.63,3027.1895,77530.47,2028.6338,109.950714,,,,,,,,,,1.9160398e-05,2.594033e-06,1.6264754e-05,0.00012108209,22102.121,0.16391282,211.16022,,,,
2720,2025-12-30 00:00:00+02:00,0.11910424,,,0.39125085,65766.53,3253.837,75263.34,2261.711,58.68161,,,,,,,,,,8.700011e-06,-2.7759465e-05,2.0060286e-05,0.00013371569,26942.68,0.17774272,210.83176,,,,
2721,2025-12-31 00:00:00+02:00,-0.560234,,,0.03817713,83543.53,1477.2443,95054.484,477.24414,130.06241,,,,,,,,,,1.1096522e-05,-2.3945791e-05,1.8769986e-05,0.00011807379,22129.412,0.17511782,210.97626,,,,
2722,2026-01-01 00:00:00+02:00,-0.29231888,,,0.94380915,37069.58,7282.3203,43053.785,6282.32,82.74756,,,,,,,,,,,,,,,0.15823485,211.06204,,,,
2723,2026-01-02 00:00:00+02:00,-0.6236829,0.030679734,629.00055,0.78803885,65480.973,3183.3865,74785.25,2183.3867,24.183277,8.622375e-05,2.3590872,0.00018968554,0.7386154,,,,,,8.74785e-06,,2.0366537e-05,0.000123418,22344.88,0.1693567,213.43854,,,,
2724,2026-01-03 00:00:00+02:00,-0.6202648,,,0.80780876,67204.33,2985.5444,77371.29,1985.5447,28.336037,,,,,,,,,,,,,,,0.1770917,215.3221,,,,
2725,2026-01-04 00:00:00+02:00,0.30677405,0.029828815,256.14948,0.79833233,69835.44,2807.8389,79778.39,1812.5835,100.42178,,,,,,,,,,6.875029e-05,3.5155266e-05,2.4029794e-05,0.00021538243,24187.77,0.179025,217.78763,,,,
2726,2026-01-05 00:00:00+02:00,0.08923367,0.03648228,264.30716,0.9433422,88352.78,1100.229,99614.08,128.53235,31.949368,7.7758195e-05,2.5600553,0.00018860244,0.8599964,,,,,,8.933243e-05,,1.956588e-05,0.00022632285,22575.934,0.17641726,216.80226,,,,
2727,2026-01-06 00:00:00+02:00,0.33216742,0.03346176,323.2164,0.78647304,65134.1,3543.3667,74501.875,2548.3567,141.55347,0.000100185476,1.8940147,0.00017756649,0.45960477,,,,,,9.62251e-05,,2.1804593e-05,0.00021253756,19277.734,0.16896626,215.7312,,,,
2728,2026-01-07 00:00:00+02:00,0.010511741,0.03545407,194.17911,0.83855975,81572.56,1753.2168,92618.625,757.29285,42.332024,0.00010739284,2.2253602,0.00022568775,0.77503103,,,,,,9.6402386e-05,7.186478e-05,1.8815485e-05,0.0002297473,17061.305,0.16757561,215.31818,,,,
2729,2026-01-08 00:00:00+02:00,-0.20406905,,,0.90438104,54215.445,4781.6543,62384.58,3781.6545,50.8654,,,,,,,,,,0.00011123901,,1.8776449e-05,0.00020294663,20733.816,0.17047922,213.60233,,,,
2730,2026-01-09 00:00:00+02:00,0.3241881,,,0.8059922,41326.715,6740.831,47711.58,5740.8306,89.40425,5.228832e-05,2.0350382,0.000102194026,0.25739738,,,,,,9.602964e-05,3.0029509e-05,1.5026781e-05,0.00017469277,19267.803,0.14368224,213.78561,,,,
2731,2026-01-10 00:00:00+02:00,-0.9288446,0.034962334,416.35657,0.8877619,63593.51,3520.4143,72524.664,2520.4146,110.22299,,,,,,,,,,0.00010890289,,1.6655353e-05,0.00017779657,22117.074,0.14866935,212.30756,,,,
2732,2026-01-11 00:00:00+02:00,-0.5046421,0.034897484,311.85715,0.8176501,61830.168,3759.0518,70338.84,2759.0515,49.64317,5.0924118e-05,2.5865111,0.00012327326,0.5642098,,,,,,8.904342e-05,,1.8237914e-05,0.00015760044,22142.154,0.15708283,210.59837,,,,
2733,2026-01-12 00:00:00+02:00,-0.09195354,0.040014174,311.70782,0.663993,89057.1,1065.7595,100039.96,139.56221,46.616932,0.00013130523,1.9713467,0.0002474447,0.3756297,,,,,,0.00012700148,6.32476e-05,1.8079663e-05,0.00028593335,19278.186,0.15447354,211.35689,,,,
2734,2026-01-13 00:00:00+02:00,-0.01627855,0.0322206,282.13147,0.70441043,76837.33,2239.1304,87539.125,1239.1304,41.6635,0.00016964105,2.0688314,0.0003329699,0.74304926,,,,,,8.3532745e-05,3.5631845e-05,1.5826858e-05,0.00015738582,22184.11,0.15199593,213.61655,,,,
2735,2026-01-14 00:00:00+02:00,0.21767631,0.03566164,265.51636,0.7583863,88610.72,1149.1844,99675.266,206.33894,43.61211,8.3193365e-05,2.0045593,0.00015144798,0.79998446,,,,,,0.00012395986,8.4613595e-05,2.0935013e-05,0.00023476026,21323.617,0.1416234,215.81009,,,,
2736,2026-01-15 00:00:00+02:00,0.049823076,,,0.9477099,58768.484,4361.8,67078.7,3364.6558,49.00632,,,,,,,,,,,,,,,0.15535924,218.37788,,,,
2737,2026-01-16 00:00:00+02:00,-0.76730686,0.035222627,484.6921,0.64531004,82354.586,1833.0686,93199.11,833.7439,69.96971,6.308305e-05,2.3022196,0.00013405117,0.60642654,,,,,,0.0001118587,7.2515504e-05,2.3810899e-05,0.00019825315,16724.848,0.14330415,220.08784,,,,
2738,2026-01-17 00:00:00+02:00,-0.2101177,0.032377794,236.58083,0.25265986,84425.63,1692.9436,95114.93,726.45984,85.152534,9.6182834e-05,1.9534738,0.00017518985,0.2978167,,,,,,9.566989e-05,4.7961505e-05,2.5679998e-05,0.00024144643,14438.29,0.14656854,219.03795,,,,
2739,2026-01-18 00:00:00+02:00,0.3928758,,,0.5562084,56396.414,4927.307,64352.273,3927.3071,130.22452,,,,,,,,,,0.00010908893,5.700181e-05,2.346612e-05,0.00021403072,14440.206,0.1457588,217.75418,,,,
2740,2026-01-19 00:00:00+02:00,-0.017650023,,,0.4871661,64760.35,3795.44,73502.59,2795.44,63.46324,0.00010185021,1.8438032,0.00017026921,0.42983502,,,,,,0.00011242679,5.2516356e-05,2.3315279e-05,0.00022126792,14437.779,0.16417715,214.21877,,,,
2741,2026-01-20 00:00:00+02:00,0.13643287,0.037288465,191.2811,0.47512355,80679.8,2004.2168,91145.445,1016.99805,54.19865,0.00012268488,1.6950419,0.0001849245,0.45517808,,,,,,0.00016055425,0.00010151083,1.5062988e-05,0.00022141865,15567.221,0.1506707,213.1353,,,,
2742,2026-01-21 00:00:00+02:00,-0.180819,0.039234925,276.31332,0.5172867,76358.45,2365.4646,86598.86,1370.1952,63.19652,0.00018492929,1.6178887,0.00026108284,0.47320563,,,,,,0.00010938595,5.1245843e-05,1.8385392e-05,0.00020227248,16711.342,0.17179263,213.02327,,,,
2743,2026-01-22 00:00:00+02:00,-0.27058166,0.031580478,217.45798,0.9886484,90735.95,932.2805,101623.45,27.101803,31.92175,6.5818414e-05,2.4922605,0.00012978971,0.99864876,,,,,,3.1300297e-05,,2.2155924e-05,0.00015530722,16709.973,0.16527654,212.86717,,,,
2744,2026-01-23 00:00:00+02:00,0.011109434,0.03230049,206.47871,0.8352539,87021.22,1284.193,98696.9,288.3302,37.70534,6.3560685e-05,2.2918832,0.00012202772,0.8601734,,,,,,0.00017260257,8.031489e-05,2.1287995e-05,0.00023983486,16712.459,0.17699847,217.18561,,,,
2745,2026-01-24 00:00:00+02:00,-0.22281107,0.03570742,198.08363,0.40300474,90761.35,950.85645,101796.51,48.410255,32.789852,0.00010925379,1.6105026,0.0001538204,0.42356694,,,,,,6.746464e-05,3.5291894e-05,2.1769978e-05,0.00018944919,22196.346,0.17840104,219.61763,,,,
2746,2026-01-25 00:00:00+02:00,-0.16020136,0.03261339,149.43697,0.6664331,79995.45,1937.2217,90826.984,943.50275,25.352219,6.4115375e-05,2.1027834,0.000112167916,0.70967937,,,,,,7.722191e-05,2.5927984e-05,1.930472e-05,0.00014862044,19636.254,0.16732961,220.11235,,,,
2747,2026-01-26 00:00:00+02:00,0.08049768,0.031195777,628.1366,0.99510616,61271.09,4012.1997,69765.68,3012.1997,119.22603,,,,,,,,,,8.5070256e-05,,2.3007078e-05,0.00015238138,19263.81,0.17315078,220.33578,,,,
2748,2026-01-27 00:00:00+02:00,-0.1394696,0.03410737,1044.2441,0.8133358,56155.523,4635.829,64082.203,3635.8286,46.97658,,,,,,,,,,7.901114e-05,3.2949523e-05,2.7967675e-05,0.00023328088,19268.266,0.189409,221.94583,,,,
2749,2026-01-28 00:00:00+02:00,-0.35568547,0.031050786,396.13028,0.73025143,68279.72,3125.8247,77553.836,2125.8247,24.756516,4.6742738e-05,1.6196227,5.5667624e-05,0.6094774,,,,,,8.472479e-05,2.670932e-05,3.1085332e-05,0.00022406806,19398.45,0.19123521,224.46594,,,,
2750,2026-01-29 00:00:00+02:00,-0.33754528,0.031805314,135.05136,0.40528232,91064.41,859.80664,101179.91,31.60479,29.305824,6.5965e-05,1.8507766,0.00010618575,0.50246185,,,,,,8.184927e-05,4.232089e-05,2.9836472e-05,0.00025277515,22164.625,0.16325098,226.52072,,,,
2751,2026-01-30 00:00:00+02:00,-0.3654834,0.03516688,105.915955,0.3750208,91392.69,894.60315,101852.88,40.42614,28.136547,8.827495e-05,1.8534701,0.00014559459,0.5008117,,,,,,8.3662795e-05,4.281354e-05,3.1418633e-05,0.00023842041,19294.35,0.20041062,226.95917,,,,
2752,2026-01-31 00:00:00+02:00,-0.2824537,0.03625091,124.94071,0.41836226,92615.34,823.9149,102418.984,40.474346,27.169548,0.00011705121,1.8265805,0.00019650566,0.4083032,,,,,,8.28439e-05,2.445218e-05,2.9150284e-05,0.00022568883,19307.096,0.19355136,228.29813,,,,
2753,2026-02-01 00:00:00+02:00,-0.7761353,0.034621682,102.89503,0.17220968,91333.82,950.12024,102541.6,54.884212,60.48898,2.422581e-05,1.7641621,5.1217703e-05,0.1900178,,,,,,8.799718e-05,3.402071e-05,3.311662e-05,0.00022766688,19312.547,0.17834768,230.08385,,,,
2754,2026-02-02 00:00:00+02:00,-0.31321186,0.03233042,175.19783,0.38397008,90354.11,999.0045,100098.68,195.37085,20.020601,9.005951e-05,1.6163344,0.00013090482,0.4191258,,,,,,6.422274e-05,2.9252009e-05,3.8446946e-05,0.00021951726,22200.582,0.19521853,229.67982,,,,
2755,2026-02-03 00:00:00+02:00,-0.21937236,0.037703007,184.30101,0.42091376,87951.484,1226.8553,97987.65,383.35352,10.569786,7.037226e-05,1.6554785,0.0001068125,0.3817381,,,,,,0.00014275071,4.743818e-05,3.611614e-05,0.00027099656,22204.734,0.16079026,232.27106,,,,
2756,2026-02-04 00:00:00+02:00,-0.15075622,0.035856713,156.91333,0.4856395,88095.57,1222.2606,98326.54,358.71033,15.252377,7.6392826e-05,1.7896006,0.00012546743,0.3709789,,,,,,0.00011681826,6.508189e-05,3.3848955e-05,0.00025701098,22207.398,0.17411545,231.25333,,,,
2757,2026-02-05 00:00:00+02:00,-0.03197378,0.03284342,483.5005,0.96518517,75068.91,2404.858,85350.984,1404.8582,19.164309,3.3014545e-05,2.3467793,5.7293608e-05,0.9157778,,,,,,7.397769e-05,,2.9364672e-05,0.00016560403,19279.646,0.19285408,229.49374,,,,
2758,2026-02-06 00:00:00+02:00,0.6106596,0.030705757,585.4723,0.96483195,71042.11,2828.6924,80758.03,1828.6925,35.98131,3.575021e-05,2.7319014,6.531537e-05,0.9345028,,,,,,6.3208274e-05,,2.8832037e-05,0.00016308532,19265.91,0.1873875,229.31625,,,,
2759,2026-02-08 00:00:00+02:00,-0.2924619,0.035727177,135.37416,0.40551412,89218.0,1106.6417,98566.1,307.24112,7.8405037,3.5314464e-05,1.6210454,5.1140098e-05,0.27330932,,,,,,6.415104e-05,3.1806587e-05,3.0229861e-05,0.00020423092,19293.504,0.1821971,227.76413,,,,
2760,2026-02-09 00:00:00+02:00,-0.12544677,0.035683326,130.77316,0.4657455,94496.66,621.3658,102064.75,0.7307607,8.597004,4.4366898e-05,1.9210038,6.745823e-05,0.3317798,,,,,,0.00010115255,5.745548e-05,3.2149856e-05,0.0002455985,19288.7,0.18654093,225.47754,,,,
2761,2026-02-10 00:00:00+02:00,0.5482846,0.0335942,167.2058,0.9894532,67616.305,3166.1016,77027.51,2166.1016,52.286278,2.7160693e-05,2.7479389,6.5657e-05,0.97313035,,,,,,0.00014406111,,3.2683864e-05,0.00020224092,20699.531,0.18731672,225.34631,,,,
2762,2026-02-11 00:00:00+02:00,0.18975365,0.031046893,383.63495,0.9275088,66568.35,3200.6526,75766.875,2200.6526,23.340668,4.1176874e-05,2.2667468,8.08805e-05,0.7740788,,,,,,0.00010367809,,3.4000903e-05,0.0001992871,22091.748,0.19394821,225.8219,,,,
2763,2026-02-12 00:00:00+02:00,-0.3316621,0.038995225,465.18375,0.9927022,84544.84,1294.0468,94826.53,366.0057,13.206277,8.560359e-05,2.3983774,0.000179255,0.99659544,,,,,,9.826411e-05,,4.156233e-05,0.00026609976,22065.361,0.19264595,225.17355,,,,
2764,2026-02-13 00:00:00+02:00,0.031834617,,,1.0,57267.78,4305.1846,65504.844,3305.1846,109.18414,,,,,,,,,,,,,,,0.19036059,225.87329,,,,
2765,2026-02-14 00:00:00+02:00,-0.25347954,0.034279637,237.52507,0.39747354,79869.125,1954.8529,88514.37,1143.8179,5.3189344,4.886825e-05,1.9954566,9.580115e-05,0.45246992,1910.0979,3000.002,0.020216009,1927.961,5.402143,7.0514434e-05,3.5098834e-05,3.4554712e-05,0.000226697,19257.238,0.20685333,224.10034,,,,
2766,2026-02-15 00:00:00+02:00,-0.1849262,0.0328243,104.764755,0.5998939,91726.11,844.5043,101250.39,60.981037,4.8289175,7.5069765e-05,1.8744267,0.00012608901,0.26282272,,,,,,0.00010499846,6.3235566e-05,3.5146033e-05,0.00026553555,22488.266,0.19765429,221.5881,,,,
2767,2026-02-16 00:00:00+02:00,0.07974914,0.034448635,115.96385,0.95805985,86086.57,1308.106,97523.83,323.49353,11.460102,4.7372334e-05,2.3847466,0.00010426697,0.9583378,,,,,,0.00017598526,,2.1701333e-05,0.00018565793,22156.928,0.16312392,219.01556,,,,
2768,2026-02-17 00:00:00+02:00,-0.62320733,0.037310105,138.36632,,,,,,,6.175658e-05,2.150078,0.00012032781,0.07654495,1908.6195,2999.9263,0.0343063,1934.0569,5.9521832,9.238037e-05,6.953636e-05,2.043754e-05,0.00019174379,21023.2,0.16755986,215.69125,,,,
2769,2026-02-18 00:00:00+02:00,-0.062907174,0.036779616,210.70865,1.0,67322.31,3182.0212,76874.34,2182.0215,64.44295,,,,,,,,,,0.00012378776,,2.023695e-05,0.00015206207,22149.88,0.16919743,211.98575,,,,
2770,2026-02-19 00:00:00+02:00,-0.02022385,0.040598832,238.3421,0.99997246,87349.625,1155.565,98136.7,235.39133,17.86214,7.1870774e-05,2.706337,0.00017723716,0.9856957,,,,,,0.00010241033,,1.9840594e-05,0.00017461364,22139.91,0.17344719,211.81902,,,,
2771,2026-02-20 00:00:00+02:00,-0.09151007,0.038612455,316.9776,1.0,94091.0,662.2269,101950.664,7.874509,16.954868,4.702075e-05,2.5542908,0.00010184794,0.76129353,,,,,,5.256399e-05,3.260302e-05,1.5963711e-05,0.00013078217,22185.95,0.16062379,210.6691,,,,
2772,2026-02-21 00:00:00+02:00,-0.05694726,0.036463413,229.60893,0.89510185,59666.586,4313.6367,68054.2,3314.5718,7.434963,5.6064797e-05,2.1280715,0.000119136166,0.82437646,,,,,,9.704938e-05,,1.736718e-05,0.00011861959,16706.01,0.14562301,209.46205,,,,
2773,2026-02-22 00:00:00+02:00,-0.17979684,0.03759496,139.07507,0.98787975,90112.305,920.91394,99928.64,76.427414,11.327188,4.327422e-05,2.4773617,9.058574e-05,0.9634849,,,,,,3.223586e-05,6.0733046e-06,1.904323e-05,0.00010359219,18189.664,0.15496674,210.29047,,,,
2774,2026-02-23 00:00:00+02:00,-0.4175734,,,0.99761164,56737.02,4473.495,64898.83,3473.4946,92.26362,,,,,,,,,,4.6426136e-05,,2.0830566e-05,9.115367e-05,22128.775,0.15142173,211.18927,,,,
2775,2026-02-24 00:00:00+02:00,-0.5221195,0.03771872,357.1726,1.0,86146.484,1312.2988,97303.03,325.41684,41.181885,3.1221483e-05,3.1824832,8.823516e-05,0.9999939,,,,,,6.212156e-05,,1.8580546e-05,0.00011266848,22143.373,0.15359417,215.22456,,,,
2776,2026-02-25 00:00:00+02:00,-0.49465412,0.036134813,341.80243,0.4880063,90298.09,1074.9384,100550.555,179.1674,1.7290002,5.0067945e-05,1.9016707,8.50006e-05,0.07584606,1911.9492,2999.9536,0.015392508,1929.3046,3.5444927,7.1654125e-05,5.4764492e-05,2.245421e-05,0.00018879841,18416.195,0.17448686,215.71738,,,,
2777,2026-02-26 00:00:00+02:00,0.1924499,0.031819046,574.7958,0.9951375,58675.6,4506.1562,66837.62,3506.1558,19.106428,2.0818554e-05,2.5655339,4.467046e-05,0.9972324,,,,,,,,,,,0.16303128,217.13644,,,,
2778,2026-02-27 00:00:00+02:00,-0.26433963,0.028596183,963.9299,0.99988043,56565.1,4796.4834,64335.71,3796.4832,18.793129,,,,,,,,,,,,,,,0.1548501,217.86975,,,,
2779,2026-02-28 00:00:00+02:00,-0.3219389,0.033728868,602.69666,0.99669755,75783.586,2534.385,85409.125,1550.1823,64.00717,3.732342e-05,3.01252,9.700787e-05,0.9890219,,,,,,,,,,,0.15450457,217.85924,,,,
2780,2026-03-01 00:00:00+02:00,0.4363102,0.033397406,546.75616,0.995903,84691.766,1528.6703,95373.83,549.8455,63.300156,6.480946e-05,2.6356947,0.00014858611,0.9875139,,,,,,,,,,,0.15884152,219.521,,,,
2781,2026-03-02 00:00:00+02:00,-0.40676937,0.03257017,475.84897,0.76776254,82362.17,1751.1753,92843.945,798.9126,3.7342288,3.7489048e-05,1.7964975,6.438825e-05,0.6488292,,,,,,,,,,,0.20451526,220.29898,,,,
2782,2026-03-03 00:00:00+02:00,-0.36756897,0.033855975,696.11,0.81961125,59566.78,4466.96,67751.6,3472.7913,4.384193,7.905046e-05,2.14727,0.00014994251,0.67218965,,,,,,,,,,,0.17629421,219.29305,,,,
2783,2026-03-04 00:00:00+02:00,,0.035896458,476.8946,,,,,,,0.00014933785,0.8097757,0.0001059051,0.13866276,1909.2534,2999.965,0.02344917,1936.9475,5.885235,,,,,,0.1841107,219.34467,,,,
2784,2026-03-05 00:00:00+02:00,,0.03559841,610.0572,,,,,,,6.676334e-05,0.9860314,5.808217e-05,0.04192555,1902.9675,2999.9836,0.022588897,1928.8997,5.3313575,,,,,,0.17213723,220.95387,,,,
2785,2026-03-06 00:00:00+02:00,,0.032519743,634.4333,,,,,,,7.111351e-05,1.0170324,5.7807963e-05,0.19773802,,,,,,,,,,,0.17018956,220.63583,,,,
2786,2026-03-07 00:00:00+02:00,,0.036157105,771.6267,,,,,,,8.998545e-05,1.0648978,8.27552e-05,0.17445172,,,,,,,,,,,0.17827937,222.67352,,,,
2787,2022-10-25 00:00:00+03:00,,,,0.9068322,76599.89,2382.7407,85860.51,1436.9349,23.305077,0.00017601177,1.3598711,0.00022256635,0.37531784,,,,,,,,,,,0.1307238,220.36531,,,,
2788,2026-03-08 00:00:00+02:00,,,,,,,,,,,,,,1893.697,3000.0195,0.046477802,1910.7338,3.6425207,,,,,,0.16063958,222.73035,,,,
2789,2026-03-09 00:00:00+02:00,,,,,,,,,,,,,,1904.8036,3000.0886,0.055745974,1920.3889,3.9424324,,,,,,0.16996673,221.79263,,,,
2790,2026-03-10 00:00:00+02:00,,,,,,,,,,,,,,1908.44,3000.0066,0.033541426,1923.8796,3.437749,,,,,,,,,,,
2791,2026-03-11 00:00:00+02:00,,,,,,,,,,,,,,1909.3407,3000.1223,0.124897346,1923.394,4.1557827,,,,,,,,,,,
2792,2018-06-28 00:00:00+03:00,,,,,,,,,,,,,,,,,,,0.00010903884,4.311436e-05,6.802072e-05,0.00020937381,16713.8,,,,,,
2793,2018-06-29 00:00:00+03:00,,,,,,,,,,,,,,,,,,,7.807073e-05,1.453473e-05,6.654189e-05,0.00020684506,19267.695,,,,,,
2794,2018-06-30 00:00:00+03:00,,,,,,,,,,,,,,,,,,,9.647348e-05,2.5072679e-05,7.206051e-05,0.00023863718,19845.188,,,,,,
2795,2018-07-01 00:00:00+03:00,,,,,,,,,,,,,,,,,,,8.104349e-05,,6.551345e-05,0.00020185643,19273.818,,,,,,
2796,2018-07-02 00:00:00+03:00,,,,,,,,,,,,,,,,,,,7.4040625e-05,,6.362186e-05,0.00019331303,20659.25,,,,,,
2797,2018-07-03 00:00:00+03:00,,,,,,,,,,,,,,,,,,,7.158743e-05,,6.780375e-05,0.00018513238,22132.467,,,,,,
2798,2019-07-15 00:00:00+03:00,,,,,,,,,,,,,,,,,,,,,,,,0.15461563,231.48073,,,,
