,time,absorbing_aerosol_index,CO_column_number_density,H2O_column_number_density,cloud_fraction,cloud_top_pressure,cloud_top_height,cloud_base_pressure,cloud_base_height,cloud_optical_depth,tropospheric_HCHO_column_number_density,tropospheric_HCHO_column_number_density_amf,HCHO_slant_column_number_density,cloud_fraction,CH4_column_volume_mixing_ratio_dry_air,aerosol_height,aerosol_optical_depth,CH4_column_volume_mixing_ratio_dry_air_bias_corrected,CH4_column_volume_mixing_ratio_dry_air_uncertainty,NO2_column_number_density,tropospheric_NO2_column_number_density,stratospheric_NO2_column_number_density,NO2_slant_column_number_density,tropopause_pressure,O3_column_number_density,O3_effective_temperature,SO2_column_number_density,SO2_column_number_density_amf,SO2_slant_column_number_density,SO2_column_number_density_15km
0,2018-07-04 00:00:00+03:00,-1.2744442,,,,,,,,,,,,,,,,,,7.633541e-05,9.5934765e-06,6.996335e-05,0.00015833863,18946.758,,,,,,
1,2018-07-05 00:00:00+03:00,-0.81211066,0.029942613,2094.4473,,,,,,,,,,,,,,,,7.06469e-05,1.8020735e-05,6.83855e-05,0.00019627411,19254.63,,,,,,
2,2018-07-06 00:00:00+03:00,-1.0251497,0.029322658,1210.3677,,,,,,,,,,,,,,,,6.764702e-05,6.1756928e-06,7.0306676e-05,0.0001878961,19257.615,,,,,,
3,2018-07-07 00:00:00+03:00,-1.3584074,0.029214455,1403.5643,,,,,,,,,,,,,,,,7.880994e-05,7.2897446e-06,7.1493254e-05,0.00019584855,19265.777,,,,,,
4,2018-07-08 00:00:00+03:00,-1.3021147,0.027476605,1221.9482,,,,,,,,,,,,,,,,7.88227e-05,8.592026e-06,7.023067e-05,0.00020050557,19275.502,,,,,,
5,2018-07-09 00:00:00+03:00,-1.2218846,0.028250797,1525.2211,,,,,,,,,,,,,,,,8.151931e-05,1.38037985e-05,6.8049994e-05,0.00020974228,19268.531,,,,,,
6,2018-07-10 00:00:00+03:00,-0.31132907,,,,,,,,,,,,,,,,,,7.747536e-05,1.1993023e-05,6.762887e-05,0.00020576228,19274.697,,,,,,
7,2018-07-11 00:00:00+03:00,-0.6014738,,,,,,,,,,,,,,,,,,8.21609e-05,2.0136184e-05,6.571837e-05,0.00019449624,19272.506,,,,,,
8,2018-07-12 00:00:00+03:00,-0.9822745,,,0.7333398,35151.79,8272.115,40530.953,7269.923,38.25333,,,,,,,,,,7.401031e-05,,6.506857e-05,0.00017762577,19265.955,,,,,,
9,2018-07-13 00:00:00+03:00,-0.87189126,,,0.81248593,43081.586,6804.4185,49412.46,5795.2495,50.425335,,,,,,,,,,7.3131625e-05,,6.4249514e-05,0.00017947234,19261.865,,,,,,
10,2018-07-14 00:00:00+03:00,-0.947502,0.028299095,2913.2507,0.5545005,60509.164,4393.334,68510.87,3406.2756,9.645147,,,,,,,,,,7.883133e-05,1.3211218e-05,6.420364e-05,0.00019701337,19262.938,,,,,,
11,2018-07-15 00:00:00+03:00,-1.4790566,0.028545966,1835.6643,0.040357567,92537.58,1479.611,97740.04,616.4946,4.766448,,,,,,,,,,8.457591e-05,1.688278e-05,6.7505985e-05,0.00016884734,16699.299,,,,,,
12,2018-07-16 00:00:00+03:00,-1.0495682,,,0.6568517,40642.53,7206.6865,46696.55,6195.2393,14.162035,,,,,,,,,,7.454604e-05,,6.545699e-05,0.00018969875,16698.533,,,,,,
13,2018-07-17 00:00:00+03:00,-1.3084729,0.03349984,2415.068,0.1418184,40577.227,7878.178,46494.71,6862.8125,7.450337,,,,,,,,,,9.113035e-05,2.4475825e-05,6.4958745e-05,0.00019194235,16694.672,,,,,,
14,2018-07-18 00:00:00+03:00,-1.3566422,0.031648725,1911.5364,0.06539752,86182.7,2352.5261,91937.02,1565.388,5.200447,,,,,,,,,,8.2942235e-05,1.6409283e-05,6.640279e-05,0.00019957358,14421.83,,,,,,
15,2018-07-19 00:00:00+03:00,-1.3319007,0.031345166,1997.3506,0.56871086,64195.062,3873.3796,72392.2,2894.798,17.828112,,,,,,,,,,7.821305e-05,1.2885657e-05,6.715926e-05,0.00019868088,16696.066,,,,,,
16,2018-07-20 00:00:00+03:00,-1.4234475,0.029360412,1929.3544,0.11115861,85965.48,1426.5017,94555.57,623.35626,4.6895347,,,,,,,,,,7.86226e-05,9.631155e-06,6.946343e-05,0.00016345365,16695.68,,,,,,
17,2018-07-21 00:00:00+03:00,-1.2492149,0.02912648,1733.0503,0.017071215,98168.56,514.48413,100447.79,131.86447,5.0877204,,,,,,,,,,8.163582e-05,1.3308373e-05,6.8327456e-05,0.00021460874,16696.625,,,,,,
18,2018-07-22 00:00:00+03:00,-1.5036478,0.0328369,2295.0254,0.06837524,80542.51,2205.5698,87680.51,1473.8875,5.011112,,,,,,,,,,8.094436e-05,1.4304381e-05,6.676598e-05,0.0002020907,16698.129,,,,,,
19,2018-07-23 00:00:00+03:00,-1.4116185,0.033565372,1548.8629,0.011446126,97437.58,529.09045,99762.69,152.39246,4.8788195,,,,,,,,,,8.503221e-05,1.9806706e-05,6.5225504e-05,0.00020702058,16700.164,,,,,,
20,2018-07-24 00:00:00+03:00,-1.214765,0.03065036,1714.2056,0.01687301,98096.45,544.6757,100618.22,102.47062,4.794158,,,,,,,,,,8.1986465e-05,1.8185616e-05,6.380084e-05,0.00020305048,16700.863,,,,,,
21,2018-07-25 00:00:00+03:00,-1.1176497,0.030535253,2083.6355,0.19036037,74641.016,2657.0898,83554.91,1717.2478,6.8767505,,,,,,,,,,8.677956e-05,2.226359e-05,6.330982e-05,0.00021325963,16702.562,,,,,,
22,2018-07-26 00:00:00+03:00,-0.8527442,0.02906508,2182.292,0.1972674,70909.28,3250.7021,79237.25,2276.8027,8.259236,,,,,,,,,,8.549432e-05,1.8665156e-05,6.584567e-05,0.00021882716,16705.8,,,,,,
23,2018-07-27 00:00:00+03:00,-1.0576715,0.030225545,2098.6072,0.27962178,68035.91,3435.462,76968.67,2429.4292,11.017179,,,,,,,,,,8.2550934e-05,1.6700416e-05,6.440857e-05,0.00020125661,16706.725,,,,,,
24,2018-07-28 00:00:00+03:00,-0.80031663,0.033050865,2813.3872,0.6589111,42883.555,7364.374,49120.64,6344.8594,35.345993,,,,,,,,,,7.694109e-05,,6.371955e-05,0.00018805076,16700.582,,,,,,
25,2018-07-29 00:00:00+03:00,-1.1439128,0.031266157,2868.9639,0.4012413,80166.1,2210.7178,88605.77,1341.7291,18.354073,,,,,,,,,,8.105098e-05,2.1649184e-05,5.932804e-05,0.00019835823,16702.758,,,,,,
26,2018-07-30 00:00:00+03:00,-0.31484497,0.034339953,3280.138,0.2754977,55097.355,5476.3633,61616.086,4541.188,6.2727404,,,,,,,,,,8.5354906e-05,2.7096195e-05,5.9644506e-05,0.00019661797,14427.625,,,,,,
27,2018-07-31 00:00:00+03:00,-1.7384536,0.031736795,2856.965,0.09253977,73061.69,2916.2139,81885.98,1958.7017,4.535129,,,,,,,,,,8.714322e-05,2.6671525e-05,6.046433e-05,0.0001680466,16709.473,,,,,,
28,2018-08-01 00:00:00+03:00,-1.2611803,0.031373397,2443.71,0.048455335,94520.36,1993.2979,98846.17,1207.4705,5.494828,,,,,,,,,,8.2308936e-05,1.8400953e-05,6.3807776e-05,0.00020554595,14428.979,,,,,,
29,2018-08-02 00:00:00+03:00,-1.3876328,0.029962517,2978.7515,0.045847215,77024.16,3299.768,80489.234,2696.1316,5.1587524,,,,,,,,,,8.229609e-05,2.0581581e-05,6.171704e-05,0.00019744472,16710.352,,,,,,
30,2018-08-03 00:00:00+03:00,-1.2211778,0.030145742,1884.2239,0.25763467,27833.793,10507.928,32184.213,9503.509,7.2380366,,,,,,,,,,7.42138e-05,1.3707799e-05,6.0587292e-05,0.00018402953,15567.723,,,,,,
31,2018-08-04 00:00:00+03:00,-1.374534,0.025972374,1954.7139,0.10683643,93029.1,744.47833,98947.93,207.1322,5.0019746,,,,,,,,,,7.4418655e-05,1.3050996e-05,6.131548e-05,0.0001930095,16702.469,,,,,,
32,2018-08-05 00:00:00+03:00,-1.3145134,0.032048106,1509.8643,0.20415491,85914.56,1407.6729,95070.67,557.8235,5.4409304,,,,,,,,,,7.718228e-05,1.6090982e-05,6.098135e-05,0.00016335014,16698.908,,,,,,
33,2018-08-06 00:00:00+03:00,-0.9314322,0.028202323,1335.9564,0.21102276,49901.42,6002.4365,56980.74,4987.7495,7.5992794,,,,,,,,,,7.390167e-05,1.1019267e-05,6.3947824e-05,0.00019715706,14424.749,,,,,,
34,2018-08-07 00:00:00+03:00,-1.2885026,0.031747166,1751.6865,0.19317305,85228.5,1503.4203,93541.46,706.88275,8.198866,,,,,,,,,,7.415621e-05,1.322951e-05,6.099253e-05,0.00019378465,16464.875,,,,,,
35,2018-08-08 00:00:00+03:00,-1.0993464,0.03098087,1570.8162,0.032490164,95996.445,495.03555,99962.17,132.52492,4.9444723,,,,,,,,,,8.291263e-05,2.4331943e-05,5.8580685e-05,0.000193364,16705.906,,,,,,
36,2018-08-09 00:00:00+03:00,-1.3086997,0.03017897,1546.8657,0.04326362,92183.78,879.17834,98282.445,307.21335,4.792098,,,,,,,,,,9.0179405e-05,3.4582772e-05,5.5558543e-05,0.0001975399,15567.119,,,,,,
37,2018-08-10 00:00:00+03:00,-1.6175815,0.03227659,2343.0686,0.14444382,89543.766,1105.7933,97018.17,400.5677,4.388713,,,,,,,,,,9.027157e-05,3.2461267e-05,5.538713e-05,0.00021656707,16703.807,,,,,,
38,2018-08-11 00:00:00+03:00,,,,,,,,,,,,,,,,,,,,,,,,,,,,,
39,2018-08-12 00:00:00+03:00,-1.156734,0.029792272,1055.5236,0.25946704,66785.055,3768.6877,75272.67,2790.4626,8.4179325,,,,,,,,,,6.962895e-05,5.980468e-06,6.19662e-05,0.00018612917,19265.383,,,,,,
40,2018-08-13 00:00:00+03:00,-0.84082216,,,0.7742189,59032.137,4361.4307,67194.67,3351.0562,23.391489,,,,,,,,,,9.009912e-05,,5.3409713e-05,0.00017347024,16698.809,,,,,,
41,2018-08-14 00:00:00+03:00,-0.59473294,,,0.99068224,52696.156,5285.424,60143.164,4267.0195,44.204407,,,,,,,,,,0.00011220305,,5.2054787e-05,0.00016391299,16695.434,,,,,,
42,2018-08-15 00:00:00+03:00,-0.3848722,0.03368368,2204.541,0.51484084,85310.0,1436.439,94850.03,548.5665,14.851234,,,,,,,,,,6.990373e-05,,5.9920432e-05,0.0001946278,19261.092,,,,,,
43,2018-08-16 00:00:00+03:00,-1.1090281,0.044550803,1862.0447,0.0935697,85365.22,1493.0444,94371.84,644.119,5.2854924,,,,,,,,,,7.2959076e-05,1.3148807e-05,5.931147e-05,0.00015774179,14428.104,,,,,,
44,2018-08-17 00:00:00+03:00,-0.6444887,0.044968266,1545.0529,0.09846165,89511.266,1260.792,97358.39,417.12015,5.4559307,,,,,,,,,,7.285242e-05,1.617855e-05,5.6863726e-05,0.00019246573,14427.641,,,,,,
45,2018-08-18 00:00:00+03:00,-1.4748731,0.033693485,1955.8412,0.28665462,73451.12,2915.776,82229.65,1975.2092,9.715727,,,,,,,,,,7.830934e-05,3.197374e-05,5.4285327e-05,0.0001912434,16706.652,,,,,,
46,2018-08-19 00:00:00+03:00,-0.9099356,0.035369363,2091.441,0.58730274,60292.727,4511.7827,68555.93,3492.5913,15.652966,,,,,,,,,,6.585878e-05,2.483656e-05,5.300942e-05,0.00016018987,14427.309,,,,,,
47,2018-08-20 00:00:00+03:00,-0.6942258,,,0.7109531,65084.66,3606.7302,73918.18,2585.507,11.986968,,,,,,,,,,7.4719894e-05,3.579672e-05,5.401502e-05,0.00017788351,14428.775,,,,,,
48,2018-08-21 00:00:00+03:00,-1.2831377,0.03399399,1136.6929,0.067139335,85816.0,1415.5741,94349.164,626.0515,4.768062,,,,,,,,,,6.6079796e-05,9.414511e-06,5.666528e-05,0.00014643531,16389.672,,,,,,
49,2018-08-22 00:00:00+03:00,-0.81868243,0.032475628,1216.9728,0.07406525,93239.27,1160.7444,98399.305,445.58255,5.8571467,,,,,,,,,,6.973896e-05,1.4575999e-05,5.498743e-05,0.00019516618,14429.776,,,,,,
50,2018-08-23 00:00:00+03:00,-1.1035099,0.03484149,1400.5806,0.025226643,98387.2,502.82086,100685.57,93.29738,4.881806,,,,,,,,,,7.936837e-05,2.5469784e-05,5.389859e-05,0.00019576604,14426.016,,,,,,
51,2018-08-24 00:00:00+03:00,-1.3945224,0.035739698,2530.878,0.36857423,48390.58,6185.202,54969.305,5196.415,6.3429694,,,,,,,,,,0.0001064056,5.1049195e-05,5.1256327e-05,0.00019249078,14420.883,,,,,,
52,2018-08-25 00:00:00+03:00,-0.61338246,,,0.93651366,52221.645,5256.5615,59622.742,4244.2876,40.309708,,,,,,,,,,8.061943e-05,,5.0142466e-05,0.00016005305,16696.082,,,,,,
53,2018-08-26 00:00:00+03:00,-1.5150305,,,0.81656426,41760.84,6885.901,47946.957,5878.042,12.292085,,,,,,,,,,9.281869e-05,,5.5207718e-05,0.0001454069,16698.785,,,,,,
54,2018-08-27 00:00:00+03:00,-0.3990841,0.03490269,1227.8661,0.23255932,80395.05,1964.3931,89964.19,1038.6188,7.249806,,,,,,,,,,6.714244e-05,9.738702e-06,5.799711e-05,0.00020105593,17227.896,,,,,,
55,2018-08-28 00:00:00+03:00,-0.2851436,0.05288861,1772.104,0.35300156,80039.42,1998.871,90151.45,1022.8784,12.469924,,,,,,,,,,7.896562e-05,1.6762471e-05,5.347142e-05,0.00020205404,19272.92,,,,,,
56,2018-08-29 00:00:00+03:00,-0.84417117,0.049587045,1359.2622,0.21695559,79587.56,2141.4343,88653.01,1243.3927,14.958878,,,,,,,,,,7.334485e-05,1.987517e-05,5.37494e-05,0.00019200222,19282.156,,,,,,
57,2018-08-30 00:00:00+03:00,-0.6552468,0.046314716,1439.6177,0.2007283,73730.33,2776.323,83085.47,1797.2363,5.7291436,,,,,,,,,,7.4217416e-05,1.9232788e-05,5.0973038e-05,0.00018491778,16705.29,,,,,,
58,2018-08-31 00:00:00+03:00,-0.17974512,0.045265485,1266.85,0.93960804,82399.64,1763.061,92979.734,763.66327,52.45806,,,,,,,,,,9.231562e-05,,4.6516456e-05,0.00018864399,19271.11,,,,,,
59,2018-09-01 00:00:00+03:00,-1.6163774,0.043004774,1705.3789,0.30632454,70247.65,3255.5544,79505.35,2256.6042,7.034702,,,,,,,,,,6.7534165e-05,1.8395536e-05,5.15535e-05,0.00015393543,16712.705,,,,,,
60,2018-09-02 00:00:00+03:00,-0.9494389,0.042231813,1362.0981,0.304111,84971.414,1801.9646,93316.72,890.81415,11.352179,,,,,,,,,,7.08563e-05,2.3002813e-05,4.7852875e-05,0.00019079156,16718.139,,,,,,
61,2018-09-03 00:00:00+03:00,-1.079714,0.041101966,1356.2554,0.13398936,90022.06,1128.4451,97288.49,441.2406,4.977498,,,,,,,,,,6.9445654e-05,2.11507e-05,4.807875e-05,0.00018009401,16418.469,,,,,,
62,2018-09-04 00:00:00+03:00,-0.5571946,0.041974984,1503.2861,0.46100268,71660.64,2962.7358,80462.516,2014.427,12.455857,,,,,,,,,,6.7155925e-05,1.905987e-05,4.797838e-05,0.00017333256,16703.908,,,,,,
63,2018-09-05 00:00:00+03:00,-0.36113414,0.04086869,1346.7964,0.8510423,90532.96,972.0148,99272.44,193.69078,21.61935,,,,,,,,,,6.35595e-05,,4.675993e-05,0.00018067655,16705.77,,,,,,
64,2018-09-06 00:00:00+03:00,-1.5843353,0.037454326,1926.0189,0.094692625,72334.984,2942.141,81261.32,1986.6846,4.6834817,,,,,,,,,,7.692967e-05,2.8774954e-05,4.8416987e-05,0.00016123385,16704.025,,,,,,
65,2018-09-07 00:00:00+03:00,,,,,,,,,,,,,,,,,,,,,,,,,,,,,
66,2018-09-08 00:00:00+03:00,-0.9435642,,,0.4628144,57295.82,4692.674,65224.992,3687.9426,12.599115,,,,,,,,,,7.210419e-05,3.4896042e-05,4.582294e-05,0.00016819872,16706.455,,,,,,
67,2018-09-09 00:00:00+03:00,-1.362444,0.03714416,1136.4253,0.07290055,89204.35,1392.7175,94922.234,745.0856,4.4075413,,,,,,,,,,6.7053465e-05,2.1754502e-05,4.529897e-05,0.00017206144,16713.059,,,,,,
68,2018-09-10 00:00:00+03:00,-1.1997995,0.034479752,1159.7596,0.044795174,90212.09,1052.7435,97738.516,366.3387,4.618042,,,,,,,,,,7.514865e-05,2.8850503e-05,4.6298155e-05,0.00018460464,16711.402,,,,,,
69,2018-09-11 00:00:00+03:00,-0.7246288,,,0.73011273,46742.633,6259.9204,53490.668,5263.8584,18.088524,,,,,,,,,,8.170337e-05,,4.3784472e-05,0.00016021659,14426.904,,,,,,
70,2018-09-12 00:00:00+03:00,-0.7677785,,,0.9738414,76431.39,2329.577,86482.08,1321.1487,65.65376,,,,,,,,,,6.783513e-05,,4.382517e-05,0.00017974147,13055.652,,,,,,
71,2018-09-13 00:00:00+03:00,-0.9371004,0.036901534,670.91034,0.17898005,90140.03,1040.0065,98065.89,320.93146,5.191574,,,,,,,,,,5.92168e-05,1.2745577e-05,4.7001806e-05,0.0001760525,14428.075,,,,,,
72,2018-09-14 00:00:00+03:00,-1.2584534,0.03317418,981.699,0.099773005,92069.25,1045.2112,98594.24,333.97778,4.5581365,,,,,,,,,,6.1191524e-05,1.573118e-05,4.5509045e-05,0.00016949777,16708.63,,,,,,
73,2018-09-15 00:00:00+03:00,-0.46530488,0.03405726,1175.2126,0.8228973,68447.94,3255.6177,77602.34,2259.622,24.112637,,,,,,,,,,0.000115349845,,4.395273e-05,0.00018129667,19273.078,,,,,,
74,2018-09-16 00:00:00+03:00,-0.9611789,0.035134666,935.6183,0.17710182,91576.04,905.94324,98715.38,273.375,4.6513004,,,,,,,,,,6.0216924e-05,1.37112365e-05,4.5926685e-05,0.0001756302,17837.824,,,,,,
75,2018-09-17 00:00:00+03:00,-0.9321695,,,0.9290891,63184.42,3887.1572,71804.44,2881.4087,27.640894,,,,,,,,,,6.5607484e-05,,4.757932e-05,0.00013683576,16705.123,,,,,,
76,2018-09-18 00:00:00+03:00,-1.0944502,0.031580545,1494.1588,0.07326271,94153.41,1296.0815,99269.44,351.0806,4.743685,,,,,,,,,,7.382123e-05,2.775156e-05,4.606967e-05,0.00018820241,13056.782,,,,,,
77,2018-09-19 00:00:00+03:00,-1.0988977,0.03323785,1640.0392,0.09362245,90430.07,986.0056,98317.78,262.30692,4.3329887,,,,,,,,,,7.63062e-05,3.070697e-05,4.5599223e-05,0.00019493683,13823.279,,,,,,
78,2018-09-20 00:00:00+03:00,-1.0143497,0.03268278,1824.6578,0.20401274,77978.1,2295.3037,86783.195,1390.8331,4.628666,,,,,,,,,,7.5718024e-05,3.0128176e-05,4.5203757e-05,0.00017638027,16704.21,,,,,,
79,2018-09-21 00:00:00+03:00,-0.7905723,0.031562876,1936.5293,0.08618938,84438.28,1579.4691,91679.74,886.65295,4.409572,,,,,,,,,,8.625587e-05,3.57909e-05,4.3953587e-05,0.00018178871,16697.008,,,,,,
80,2018-09-22 00:00:00+03:00,-1.4327714,0.029803118,1079.7609,0.44660676,68631.164,3183.879,77397.58,2230.906,15.15438,,,,,,,,,,6.4014894e-05,1.2071759e-05,5.1589734e-05,0.00016771693,22133.912,,,,,,
81,2018-09-23 00:00:00+03:00,-1.0149646,0.031642288,799.90344,0.25509447,82302.83,1700.1423,90912.31,901.6018,5.9231777,,,,,,,,,,5.900317e-05,1.4579857e-05,4.4302153e-05,0.00018457814,19253.861,,,,,,
82,2018-09-24 00:00:00+03:00,-0.79904777,0.034119636,1014.1041,0.37582046,68385.11,3472.3662,76316.79,2517.3142,14.643269,,,,,,,,,,5.661388e-05,1.3294916e-05,4.600534e-05,0.00016074012,24229.531,,,,,,
83,2018-09-25 00:00:00+03:00,-1.0376192,0.03568018,533.94775,0.20099118,88928.22,1195.2156,97084.86,473.57034,4.489544,,,,,,,,,,5.3205968e-05,1.3072955e-05,4.0279574e-05,0.00015916927,22198.176,,,,,,
84,2018-09-26 00:00:00+03:00,-0.52863276,,,1.0,47996.56,5951.0327,54912.22,4928.4272,77.15282,,,,,,,,,,0.00023912554,,3.712382e-05,0.00014229328,13743.191,0.12331321,228.4,,,,
85,2018-09-27 00:00:00+03:00,-0.91183764,0.02828477,1043.0771,0.14389133,81342.75,1848.5884,91205.9,914.77057,4.6277537,,,,,,,,,,5.4374388e-05,1.3080406e-05,4.145396e-05,0.00017061742,14426.217,0.11439124,228.98492,,,,
86,2018-09-28 00:00:00+03:00,-0.8066575,0.032082364,446.3167,0.6389924,76688.69,2261.4023,86756.41,1277.8674,22.107132,,,,,,,,,,5.32096e-05,1.3085472e-05,4.4464585e-05,0.0001849345,17983.652,0.1267964,229.60345,,,,
87,2018-09-29 00:00:00+03:00,-0.940299,0.0335923,637.4234,0.2015225,81699.516,1833.6108,90848.16,978.1609,5.3142776,,,,,,,,,,5.356279e-05,1.519284e-05,3.8605263e-05,0.00016287953,15402.94,0.12848586,228.46884,,,,
88,2018-09-30 00:00:00+03:00,-0.45948076,,,0.7626794,51089.156,5559.268,58337.305,4554.431,19.566084,,,,,,,,,,6.880662e-05,2.2159027e-05,3.985827e-05,0.0001570771,14426.248,0.1287725,228.92496,,,,
89,2018-10-01 00:00:00+03:00,-0.9354961,0.032248836,847.05725,0.15362543,73848.39,2701.1338,82268.35,1830.5245,4.9544144,,,,,,,,,,8.043413e-05,3.981119e-05,4.016864e-05,0.00018874329,15563.652,0.13193713,229.14088,,,,
90,2018-10-02 00:00:00+03:00,-0.72943056,0.031949412,885.0598,0.6083454,78878.38,2028.6045,88223.03,1138.1033,14.687388,,,,,,,,,,5.6835146e-05,2.0408306e-05,3.9777442e-05,0.00017661846,19253.465,0.13515073,228.51727,,,,
91,2018-10-03 00:00:00+03:00,-1.6279448,0.028881937,818.3449,0.39694232,70512.78,2845.8992,79677.7,1916.0518,14.911233,,,,,,,,,,5.809727e-05,6.5716245e-06,4.523593e-05,0.00015550345,24172.508,,,,,,
92,2018-10-04 00:00:00+03:00,-0.86569226,0.033399224,674.30994,0.25939232,87243.86,1239.5931,96170.0,449.88538,6.703589,,,,,,,,,,5.4151362e-05,1.6402384e-05,3.8201928e-05,0.00017023833,17838.889,0.12560233,227.22223,,,,
93,2018-10-05 00:00:00+03:00,-0.553342,0.029421648,1529.2656,0.9409023,72234.93,2879.4355,81783.34,1888.4785,35.9504,,,,,,,,,,7.507567e-05,,3.5380366e-05,0.00015883919,14428.226,0.11846283,226.86258,,,,
94,2018-10-06 00:00:00+03:00,-0.9658234,0.031709336,1145.0726,0.12907761,73930.9,2667.5403,83102.38,1712.2832,4.7089176,,,,,,,,,,7.516192e-05,3.7742415e-05,3.7419504e-05,0.00017942522,14424.158,0.12294945,227.29388,,,,
95,2018-10-07 00:00:00+03:00,-0.26390982,,,1.0,45404.457,6254.81,52010.98,5260.466,47.058495,,,,,,,,,,7.406436e-05,,3.4068416e-05,0.00015394951,16693.48,0.14103521,226.81421,,,,
96,2018-10-08 00:00:00+03:00,-1.5078567,0.03135294,937.36676,0.5367566,59854.965,4350.447,68091.23,3356.0486,21.280344,,,,,,,,,,6.9110676e-05,7.781953e-06,3.439757e-05,0.000127748,14430.231,0.13514256,225.55208,,,,
97,2018-10-09 00:00:00+03:00,-0.9553549,0.030031739,1240.54,0.17023593,85961.33,1742.7341,93789.34,858.66675,4.5510235,,,,,,,,,,7.0483715e-05,3.1194955e-05,3.8683087e-05,0.00018948514,16675.105,0.13541467,227.44807,,,,
98,2018-10-10 00:00:00+03:00,-1.0288943,0.030048935,1040.839,0.15722147,90928.3,1009.4061,98198.16,351.4659,4.3712006,,,,,,,,,,6.6758475e-05,2.9683437e-05,3.7075035e-05,0.0001908558,14431.4375,0.12369941,226.44125,,,,
99,2018-10-11 00:00:00+03:00,-1.0074344,0.032668836,829.73596,0.12516178,88183.31,1307.9473,96995.71,496.2001,4.4243255,,,,,,,,,,5.9650098e-05,2.3553206e-05,3.609689e-05,0.00016984592,14433.316,0.119263336,227.43303,,,,
100,2018-10-12 00:00:00+03:00,-0.97458935,0.028974038,1097.5165,0.13069606,93224.08,830.5995,98940.875,311.5345,4.6291523,,,,,,,,,,6.136611e-05,2.5396243e-05,3.5969868e-05,0.00016639137,13746.475,0.12570705,226.35072,,,,
101,2018-10-13 00:00:00+03:00,-0.79200315,0.032297276,856.67316,0.050326567,81331.63,1967.2859,91678.41,966.9896,4.660811,,,,,,,,,,6.2992374e-05,2.6265578e-05,3.67268e-05,0.00018324786,13059.801,0.12356068,226.42976,,,,
102,2018-10-14 00:00:00+03:00,-0.93191016,0.029113807,760.89197,0.17888077,85049.516,1789.3008,94055.484,842.07837,4.2970624,,,,,,,,,,6.1131905e-05,2.3019498e-05,3.8112397e-05,0.00019388093,13058.819,0.123815954,225.43819,,,,
103,2018-10-15 00:00:00+03:00,,,,,,,,,,,,,,,,,,,,,,,,,,,,,
104,2018-10-16 00:00:00+03:00,-0.29863343,0.029954383,1434.1564,0.20060936,68460.625,3877.6682,75324.16,3050.2544,5.19997,,,,,,,,,,8.6384156e-05,4.6948713e-05,3.8591174e-05,0.00020127105,14428.88,0.12393972,225.67918,,,,
105,2018-10-17 00:00:00+03:00,-0.5643247,0.031729527,890.59485,0.18324271,92460.06,868.0409,97446.16,403.48013,4.3696604,,,,,,,,,,8.407073e-05,4.8515358e-05,3.555537e-05,0.00021677741,13057.947,0.12878442,225.55418,,,,
106,2018-10-18 00:00:00+03:00,-0.55127096,0.032980334,1252.1892,0.22176759,86651.41,1376.4028,95837.2,527.60394,4.7481337,,,,,,,,,,7.937606e-05,4.4509034e-05,3.4867022e-05,0.00021386897,14427.826,0.11986609,225.01617,,,,
107,2018-10-19 00:00:00+03:00,-1.1918486,0.030802228,555.85504,0.06854497,83185.72,1897.1885,92460.3,911.4878,4.9355636,,,,,,,,,,6.004259e-05,2.6588508e-05,3.2593918e-05,0.00015634681,16712.738,0.11939919,226.04022,,,,
108,2018-10-20 00:00:00+03:00,-0.66476554,,,0.7855413,54433.64,5017.4272,62073.26,4026.084,32.48847,,,,,,,,,,6.0693437e-05,,3.15866e-05,0.00017052327,16712.234,0.12885825,224.00845,,,,
109,2018-10-21 00:00:00+03:00,-0.7785713,0.030754829,869.63696,0.42276764,90103.625,1049.897,99474.66,239.27713,8.772543,,,,,,,,,,4.617341e-05,1.6226328e-05,2.950583e-05,0.0001521812,13651.535,0.12102921,223.9854,,,,
110,2018-10-22 00:00:00+03:00,-0.5606291,,,0.99981725,61096.63,4082.9456,69491.51,3078.4788,45.264626,,,,,,,,,,0.00014174431,,2.7200538e-05,0.00015024398,13056.65,0.11785039,225.11743,,,,
111,2018-10-23 00:00:00+03:00,-0.20297426,,,0.99940217,48766.805,5614.0703,55768.26,4631.449,24.036297,,,,,,,,,,5.1619987e-05,,3.0708252e-05,0.00014172643,22070.945,0.14907402,226.14073,,,,
112,2018-10-24 00:00:00+03:00,-1.0118593,0.029895676,833.02747,0.9029391,65793.055,3259.5642,74681.766,2299.5715,31.445215,,,,,,,,,,3.875551e-05,6.470502e-06,3.4376553e-05,0.00013842247,22083.688,0.1555368,224.43184,,,,
113,2018-10-25 00:00:00+03:00,-0.6516799,0.02790716,806.55884,0.83138025,62690.844,3694.6147,71247.58,2729.2014,28.323456,,,,,,,,,,5.981089e-05,7.720594e-06,3.2661643e-05,0.00018110368,22079.219,0.13186204,223.26093,,,,
114,2018-10-26 00:00:00+03:00,-0.48774546,0.032326736,555.7507,0.311139,77963.56,2049.8071,87607.36,1139.0771,4.7864027,,,,,,,,,,5.1066316e-05,1.6920356e-05,3.219801e-05,0.00017212318,22114.938,0.13191488,223.30168,,,,
115,2018-10-27 00:00:00+03:00,-0.25508428,0.028295543,815.6579,0.57857716,72923.45,2580.6328,81683.72,1699.7502,14.999226,,,,,,,,,,7.077592e-05,2.861318e-05,3.2948956e-05,0.00020423185,22081.094,0.13755956,223.94565,,,,
116,2018-10-28 00:00:00+03:00,-0.82672465,0.032475658,477.149,0.36728024,89220.33,1010.95764,98083.484,264.87817,7.151807,,,,,,,,,,5.4144348e-05,2.697146e-05,2.9488609e-05,0.00018124882,16707.291,0.13433507,222.1272,,,,
117,2018-10-29 00:00:00+02:00,-0.67851084,0.032629948,1042.1393,0.66618514,81446.75,1814.7937,91147.305,922.4414,14.59683,,,,,,,,,,5.907238e-05,2.3016899e-05,2.8565668e-05,0.00017911234,16709.568,0.12761265,221.71457,,,,
118,2018-10-30 00:00:00+02:00,0.33893847,,,,,,,,,,,,,,,,,,6.6431145e-05,1.3699974e-05,3.256726e-05,0.0002297277,13054.22,0.13199131,219.4196,,,,
119,2018-10-31 00:00:00+02:00,-0.70029426,0.032774404,743.2682,0.16394632,86230.44,1387.4935,94770.086,599.2174,4.407195,,,,,,,,,,8.7088614e-05,5.2066673e-05,3.5021945e-05,0.00023248541,19282.71,0.13956128,220.29953,,,,
120,2018-11-01 00:00:00+02:00,-0.080003224,,,0.4322773,36800.414,7874.348,42390.156,6887.174,3.266026,,,,,,,,,,8.6181135e-05,1.5222337e-05,2.8282793e-05,0.0001618111,16713.145,0.1249232,219.9341,,,,
121,2018-11-02 00:00:00+02:00,-0.20456056,,,0.46219206,58233.938,5542.242,64072.484,4714.644,10.100439,,,,,,,,,,0.00012780665,9.6128904e-05,2.6505459e-05,0.00020298544,16708.324,0.12547176,218.96124,,,,
122,2018-11-03 00:00:00+02:00,-0.4647747,0.02942415,846.467,0.69226766,85602.484,1555.0397,94451.53,739.7065,3.58687,,,,,,,,,,5.261792e-05,2.8425931e-05,2.224804e-05,0.00015228553,14431.791,0.12077338,218.32027,,,,
123,2018-11-04 00:00:00+02:00,-1.1664126,0.02773957,710.0412,,,,,,,,,,,,,,,,4.729155e-05,2.5784453e-05,2.1507094e-05,0.00012933748,13060.072,0.10884856,216.67075,,,,
124,2018-11-05 00:00:00+02:00,-0.49029157,0.029723473,1146.871,0.9731341,97508.61,386.47836,101019.08,95.840385,35.592876,,,,,,,,,,3.9253955e-05,,1.9805302e-05,0.00015027718,14429.336,0.12631516,214.82518,,,,
125,2018-11-06 00:00:00+02:00,-0.5502261,0.030181319,1130.3645,0.19255242,93729.76,700.0845,100294.9,123.5831,2.7969565,,,,,,,,,,5.744457e-05,3.385178e-05,2.3151944e-05,0.00016447785,14427.649,0.13260868,218.12434,,,,
126,2018-11-07 00:00:00+02:00,0.069260895,0.027927961,1030.0254,0.96050733,98852.25,240.80383,100889.7,68.32272,28.995514,,,,,,,,,,3.908576e-05,,2.6152817e-05,0.000166274,14427.426,0.13295987,219.13013,,,,
127,2018-11-08 00:00:00+02:00,0.12044603,0.030509803,1100.584,0.85255814,94909.67,579.6647,100671.67,87.48561,19.959995,,,,,,,,,,6.572675e-05,4.1194762e-05,2.3498424e-05,0.00023847158,14428.473,0.12940352,219.65863,,,,
128,2018-11-09 00:00:00+02:00,-1.1538833,,,0.99292505,60675.59,4227.53,69011.414,3227.57,37.949234,,,,,,,,,,0.00012784703,,2.7856779e-05,0.00018002208,16709.338,0.1297887,218.81352,,,,
129,2018-11-10 00:00:00+02:00,-0.6757499,,,0.96157503,60382.133,4216.0527,68683.555,3224.5544,27.785378,,,,,,,,,,9.9770565e-05,,2.8396484e-05,0.00021188203,16705.191,0.13571282,216.44533,,,,
130,2018-11-11 00:00:00+02:00,-0.30391666,0.03176006,803.489,0.9993998,97898.95,318.3813,100389.625,106.16406,32.596786,,,,,,,,,,4.7177586e-05,,2.2687582e-05,0.00019269943,16707.262,0.13031235,218.50177,,,,
131,2018-11-12 00:00:00+02:00,-0.29690507,0.034617227,1231.8983,0.7542107,67214.88,3412.9106,76268.16,2419.9326,11.13372,,,,,,,,,,0.00013590688,,2.1487813e-05,0.00018866433,17998.76,0.11753817,218.75533,,,,
132,2018-11-13 00:00:00+02:00,-0.5119973,,,0.9968933,44529.89,6465.744,51039.96,5475.4326,17.29317,,,,,,,,,,0.00049431575,,2.3769066e-05,0.00020081489,16706.498,0.1299996,217.38832,,,,
133,2018-11-14 00:00:00+02:00,-0.33674702,0.031869687,938.5356,0.7216318,84973.914,1534.8523,91535.57,901.574,10.923367,,,,,,,,,,5.38082e-05,2.8057e-05,2.5963222e-05,0.0001989573,22182.707,0.13192728,218.99724,,,,
134,2018-11-15 00:00:00+02:00,-0.545836,0.033214614,512.33185,0.516942,76342.266,2391.6677,86388.4,1409.6034,16.742813,,,,,,,,,,4.9947423e-05,,2.2627857e-05,0.00017396879,16724.633,0.13096124,216.17532,,,,
135,2018-11-16 00:00:00+02:00,-0.61287177,0.032984667,536.2949,0.47544906,88751.66,1297.0731,97087.5,562.40967,7.124236,,,,,,,,,,4.6700014e-05,2.6767639e-05,2.103479e-05,0.00015928425,16734.32,0.12693332,218.11331,,,,
136,2018-11-17 00:00:00+02:00,-0.3576416,,,0.9091619,48213.867,6100.879,55135.535,5110.8965,27.42926,,,,,,,,,,7.5475706e-05,,2.344753e-05,0.00016233676,14439.727,0.13098213,219.84058,,,,
137,2018-11-18 00:00:00+02:00,-0.33410004,0.031982884,613.04126,0.6571169,88762.42,1220.9988,96813.09,508.54053,8.956984,,,,,,,,,,3.5085293e-05,1.2323621e-05,2.2904349e-05,0.00014159112,18005.025,0.13941002,220.13292,,,,
138,2018-11-19 00:00:00+02:00,-0.47738045,0.034465414,556.6229,0.50643384,83567.75,1750.853,90143.08,1116.0333,4.7705693,,,,,,,,,,4.269603e-05,2.0647722e-05,1.9699986e-05,0.0001460377,16723.99,0.13523465,218.44037,,,,
139,2018-11-20 00:00:00+02:00,-1.2442316,0.033770137,412.1088,0.39387426,74436.086,2582.96,84275.09,1614.2561,11.077547,,,,,,,,,,4.2686428e-05,2.2245313e-05,1.8109651e-05,0.00011999318,14434.253,0.1457228,218.122,,,,
140,2018-11-21 00:00:00+02:00,-0.36174208,0.031782504,451.8164,0.69094247,92628.41,838.436,100781.94,167.8784,22.217573,,,,,,,,,,3.3552107e-05,,2.0067244e-05,0.00016090035,16721.785,0.13317075,216.49692,,,,
141,2018-11-22 00:00:00+02:00,-0.38906485,0.031198315,235.87503,0.8361636,94300.914,678.5597,100960.12,138.06036,12.162323,,,,,,,,,,3.3006625e-05,,1.8538321e-05,0.00014643426,14433.359,0.12973328,217.0776,,,,
142,2018-11-23 00:00:00+02:00,-0.21191117,0.031478457,203.37582,0.9365914,94303.95,685.8458,100542.22,164.88937,20.015503,,,,,,,,,,3.0097379e-05,,1.9741557e-05,0.00013960323,14432.641,0.13336349,217.33408,,,,
143,2018-11-24 00:00:00+02:00,-0.28966895,0.03241842,475.05847,0.99202,77579.97,2243.1326,87274.55,1314.835,15.177846,,,,,,,,,,0.00010860551,,2.3793084e-05,0.00024624917,19273.416,0.148873,219.19293,,,,
144,2018-11-25 00:00:00+02:00,-2.5732548,0.03204847,753.18567,0.5437518,59791.074,4103.4185,68039.625,3132.7954,19.271053,,,,,,,,,,6.699631e-05,9.90258e-06,2.6941712e-05,0.00017144642,22155.79,0.14835025,220.53287,,,,
145,2018-11-26 00:00:00+02:00,-0.5281717,0.03437555,418.79257,0.52915883,72762.76,2613.5508,82423.21,1653.4532,18.301878,,,,,,,,,,4.2382948e-05,1.8371711e-05,2.1935593e-05,0.00014082965,22158.258,0.15703624,218.59244,,,,
146,2018-11-27 00:00:00+02:00,-0.6436379,0.0375004,397.47208,0.14245227,81312.125,1744.8615,91653.77,811.80304,3.3310673,,,,,,,,,,5.31092e-05,2.7929464e-05,2.316912e-05,0.00018343588,22172.562,0.15379626,219.51703,,,,
147,2018-11-28 00:00:00+02:00,-0.54256463,0.03670266,245.77237,0.272278,81361.25,1891.1011,90820.58,1030.7832,4.361567,,,,,,,,,,6.421346e-05,3.825594e-05,1.9227842e-05,0.00017523952,20764.021,0.1418285,217.11398,,,,
148,2018-11-29 00:00:00+02:00,-0.107521415,,,0.4956463,74019.12,2863.0442,81098.31,2110.7883,5.006136,,,,,,,,,,9.340182e-05,3.7002865e-05,1.640448e-05,0.00016104191,16725.28,0.1372481,214.5028,,,,
149,2018-11-30 00:00:00+02:00,-0.50976074,0.03469923,157.87395,0.40169793,85827.65,1441.1896,94884.36,624.743,5.009801,,,,,,,,,,6.489207e-05,4.3969478e-05,1.5222362e-05,0.00016715936,15573.516,0.12338916,213.64377,,,,
150,2018-12-01 00:00:00+02:00,-0.47361147,,,0.13455996,51733.523,5227.0,59075.652,4252.926,4.493156,,,,,,,,,,5.67434e-05,4.0102263e-05,1.8742925e-05,0.00014967025,19281.547,0.13019921,210.8638,,,,
151,2018-12-02 00:00:00+02:00,-0.32442653,0.0340749,742.30206,0.7337008,77495.65,2114.317,87625.74,1155.0162,17.848642,,,,,,,,,,0.00011403027,,1.5358648e-05,0.00017382787,19260.416,0.12408555,210.8987,,,,
152,2018-12-03 00:00:00+02:00,-0.6813784,0.034174882,1017.5716,0.98929375,82702.36,1525.6265,93112.96,601.5105,4.2648625,,,,,,,,,,0.00016867748,,1.361541e-05,0.0002105753,16684.275,0.12265661,211.98633,,,,
153,2018-12-04 00:00:00+02:00,-0.7159333,0.03535387,1111.3193,0.87008053,67067.96,3238.3804,75935.29,2276.1782,11.893552,,,,,,,,,,0.00028325222,,1.6608534e-05,0.00025800292,19240.695,0.14300686,210.67542,,,,
154,2018-12-05 00:00:00+02:00,0.14132345,0.0340636,379.64206,0.98453015,96563.375,378.53918,101089.86,21.8117,4.880558,7.248785e-05,0.82481986,5.1982795e-05,0.17775886,,,,,,3.0266561e-05,1.34030915e-05,1.5528696e-05,0.00012576551,22169.004,0.14250104,211.27794,,,,
155,2018-12-06 00:00:00+02:00,-1.7255144,0.03223578,671.3825,0.48404974,47226.56,5857.6987,54046.41,4895.5015,16.395887,8.930776e-05,0.889212,9.245794e-05,0.37104163,,,,,,5.6579884e-05,,1.6395874e-05,0.00012723118,19285.1,0.12879533,210.8621,,,,
156,2018-12-07 00:00:00+02:00,-1.1754671,0.032894693,1004.88763,0.9186141,72098.234,2675.6826,81686.766,1695.1635,22.64661,,,,,,,,,,0.0003027395,,1.218055e-05,0.00025790438,16688.398,0.118066326,207.567,,,,
157,2018-12-08 00:00:00+02:00,-0.22887513,,,0.98832744,41292.887,6774.988,47419.75,5783.8687,19.251005,,,,,,,,,,0.00013984833,,1.521855e-05,0.00014243764,19226.379,0.124504566,211.12189,,,,
158,2018-12-09 00:00:00+02:00,-0.412984,0.0320587,641.83405,0.9008453,77605.57,1967.79,87286.37,1055.3539,6.7817397,,,,,,,,,,0.00017570627,,1.8058525e-05,0.0001636796,24134.445,0.14264521,214.98189,,,,
159,2018-12-10 00:00:00+02:00,0.1974133,0.03360562,491.64658,0.1284775,68701.836,2891.4136,77925.375,1928.0338,4.4758215,4.54972e-05,0.93076795,4.030215e-05,0.12855896,,,,,,6.9058995e-05,1.9259565e-05,2.1818869e-05,0.00016904456,24169.09,0.1554897,218.91223,,,,
160,2018-12-11 00:00:00+02:00,-0.9878832,0.033836305,495.91727,0.23159514,68579.98,3030.4512,77527.836,2103.696,5.2918854,4.345099e-05,1.0861831,4.075555e-05,0.23072645,,,,,,5.5622662e-05,2.8998771e-05,2.4978659e-05,0.00018661882,24248.557,0.16094472,220.43082,,,,
161,2018-12-12 00:00:00+02:00,-0.73670644,0.03537371,647.56024,0.5944202,73591.73,2541.6309,83344.516,1588.0061,15.172793,2.9716992e-05,1.231291,2.6399635e-05,0.40580833,,,,,,6.6205816e-05,,2.0949865e-05,0.00017377043,22191.547,0.16464588,216.7882,,,,
162,2018-12-13 00:00:00+02:00,-0.37551135,0.033668794,422.40002,0.9504927,88743.37,1132.3356,99967.53,202.91708,17.177298,,,,,,,,,,4.9136597e-05,,1.8992296e-05,0.00016702498,22200.285,0.15094966,218.3919,,,,
163,2018-12-14 00:00:00+02:00,-0.30626768,0.040114664,468.8815,0.9479341,79140.71,2029.53,89480.56,1080.1561,4.0130377,,,,,,,,,,5.44611e-05,,1.8844641e-05,0.000161995,22213.957,0.14619394,216.078,,,,
164,2018-12-15 00:00:00+02:00,-0.4058443,0.035911188,420.00946,0.99253416,75988.66,2413.4155,85905.516,1465.8347,2.473531,,,,,,,,,,6.9078e-05,,1.6937089e-05,0.00014928756,22227.39,0.15067849,214.0191,,,,
165,2018-12-16 00:00:00+02:00,-0.37705192,,,0.94705045,51030.254,5732.31,58213.258,4774.426,22.939672,,,,,,,,,,0.00015972045,,2.0183861e-05,0.00018372407,22195.05,0.13892522,215.88876,,,,
166,2018-12-17 00:00:00+02:00,-1.1074667,0.035899002,363.3435,0.8132345,76422.94,2248.7295,86472.125,1297.7484,18.64719,,,,,,,,,,8.278263e-05,,1.5961865e-05,0.00018960648,22186.396,0.13329503,212.79813,,,,
167,2018-12-18 00:00:00+02:00,-0.5165458,0.037812565,392.50885,0.83110267,77653.125,2165.1272,87837.81,1210.3234,22.76514,,,,,,,,,,7.094223e-05,,1.3701885e-05,0.00014398417,22206.752,0.14471255,208.86375,,,,
168,2018-12-19 00:00:00+02:00,-1.6099759,0.03785034,328.13284,0.95312613,68141.7,3269.713,76229.85,2393.5708,3.702654,,,,,,,,,,0.0002668831,,9.079786e-06,0.000120776866,14432.738,0.116003975,206.37674,,,,
169,2018-12-20 00:00:00+02:00,-0.5141538,,,0.9913803,38795.57,7240.9834,44631.926,6269.661,2.1315353,,,,,,,,,,0.00029775075,,1.1928232e-05,0.00015194737,16710.762,0.13282982,206.74849,,,,
170,2018-12-21 00:00:00+02:00,0.073839486,0.0377804,846.7482,0.79553294,79016.164,2053.409,88172.06,1190.3196,9.3748,,,,,,,,,,0.00012567735,4.2927113e-05,1.35583605e-05,0.00018018068,19267.348,0.13509516,206.45041,,,,
171,2018-12-22 00:00:00+02:00,-1.5133233,,,0.7902693,60549.883,3946.1963,68874.04,2980.508,15.368368,,,,,,,,,,0.00024047459,,1.2181192e-05,0.0001834553,19235.281,0.12718412,206.5325,,,,
172,2018-12-23 00:00:00+02:00,-0.9552618,0.03664172,506.87845,0.89234495,70558.98,2803.4175,79978.484,1851.6832,24.030344,,,,,,,,,,2.0286452e-05,,1.6900223e-05,0.00011074833,22145.193,0.13658269,209.00557,,,,
173,2018-12-24 00:00:00+02:00,-0.6473439,0.039221704,439.8688,0.97169226,70584.36,2731.3975,80014.64,1793.7736,11.076791,,,,,,,,,,2.9259923e-05,,1.6277618e-05,0.000107865664,19268.838,0.1380175,211.64526,,,,
174,2018-12-25 00:00:00+02:00,-0.25054672,0.035031933,719.3629,0.9973927,77564.1,2123.704,87574.91,1182.938,5.824498,,,,,,,,,,2.9963483e-05,,1.6695418e-05,0.00012330138,16702.4,0.125541,214.37643,,,,
175,2018-12-26 00:00:00+02:00,-0.4299053,,,0.41484278,70311.75,2910.1792,79508.586,1951.0292,4.0530996,-0.00010153621,1.3597711,-0.0001404532,0.10294771,,,,,,-5.355522e-06,-9.2589935e-06,1.9880728e-05,0.00010675071,16700.957,0.1253589,215.90501,,,,
176,2018-12-27 00:00:00+02:00,-1.2053003,,,0.9621185,52473.473,5242.8984,59878.21,4263.424,23.649176,,,,,,,,,,-3.5304096e-05,,2.0288708e-05,0.000101713886,19264.826,0.12841906,217.9294,,,,
177,2018-12-28 00:00:00+02:00,-0.96519494,0.03329707,625.87634,0.6331703,52231.492,5049.3765,59632.355,4089.91,23.227867,0.00044585642,0.9786037,0.0004043337,0.43236715,,,,,,-2.5795856e-05,,2.0554051e-05,7.904684e-05,22156.215,0.14142933,214.75804,,,,
178,2018-12-29 00:00:00+02:00,-0.33901894,0.035260353,685.7754,0.9952665,85346.84,1421.4578,96309.24,456.05087,24.44041,,,,,,,,,,2.0756517e-05,,1.8973491e-05,0.00011899006,19280.627,0.15393071,217.2591,,,,
179,2018-12-30 00:00:00+02:00,-0.38448638,,,0.9973726,45291.508,6092.5947,51894.22,5130.361,14.612253,,,,,,,,,,7.700463e-05,,2.0015083e-05,0.00014402562,22151.055,0.15708727,218.1342,,,,
180,2018-12-31 00:00:00+02:00,-0.20981629,0.03520747,372.4264,0.6774803,90338.75,995.5095,98849.61,274.68954,7.150756,0.00017080682,1.207827,0.00020298103,0.3255474,,,,,,2.7789607e-05,1.3182605e-05,1.499817e-05,0.00012573719,18005.283,0.13690266,216.21367,,,,
181,2019-01-01 00:00:00+02:00,-1.3563132,0.03238463,785.07153,0.61031,66445.336,3329.382,75420.21,2344.0896,10.263148,6.914378e-06,1.1722221,1.870579e-06,0.45244825,,,,,,1.7438198e-05,-7.1063046e-06,1.7979339e-05,0.0001085142,22082.42,0.15027677,216.55373,,,,
182,2019-01-02 00:00:00+02:00,-0.61827797,0.03141392,587.9381,0.54883534,35921.203,7556.552,41382.5,6601.0903,14.591661,-3.1492243e-06,1.1838456,1.626406e-06,0.39891282,,,,,,5.0157614e-05,,1.2352354e-05,9.0334426e-05,24215.97,0.144516,214.73904,,,,
183,2019-01-03 00:00:00+02:00,-0.6069479,0.03572786,264.34125,0.18630393,75555.69,2284.203,85512.71,1355.4813,2.3497994,7.527402e-05,1.2189451,7.946695e-05,0.18321595,,,,,,1.5785698e-05,5.477069e-06,1.0693319e-05,6.9897374e-05,22186.186,0.11928607,212.56267,,,,
184,2019-01-04 00:00:00+02:00,-0.28239417,,,1.0,51973.824,5137.11,59345.492,4177.9204,29.009323,,,,,,,,,,3.192483e-05,,1.0550932e-05,8.015832e-05,17987.574,0.12490435,210.32394,,,,
185,2019-01-05 00:00:00+02:00,-0.2994514,0.036575545,369.66388,0.87970793,89084.56,999.2529,97442.91,293.54166,8.455105,,,,,,,,,,1.0039635e-05,,1.2579666e-05,7.491968e-05,19266.027,0.15409881,211.67316,,,,
186,2019-01-06 00:00:00+02:00,-0.66887194,0.03708198,316.0243,0.5571941,73512.08,2708.4822,82317.26,1833.1799,6.120242,7.139076e-05,1.1145207,8.026526e-05,0.18307424,,,,,,1.494687e-05,7.218694e-06,1.391324e-05,9.4199386e-05,16715.54,0.14742336,212.63498,,,,
187,2019-01-07 00:00:00+02:00,-2.326417,0.034323417,1072.9178,0.92561024,66933.3,3320.6567,75965.71,2351.5981,26.590263,,,,,,,,,,8.0534315e-05,,1.6288905e-05,0.00011694549,14429.503,0.12013422,216.96242,,,,
188,2019-01-08 00:00:00+02:00,-0.49051058,,,0.9740401,36332.82,7579.3945,41870.992,6611.553,27.351059,,,,,,,,,,0.00093999656,,2.3436829e-05,0.0002502071,19232.965,0.13988978,219.05255,,,,
189,2019-01-09 00:00:00+02:00,-0.3418951,0.036774773,541.29663,0.87886846,63898.85,3491.5942,72602.71,2533.2705,15.549634,,,,,,,,,,0.00020837566,,2.6422906e-05,0.0002265729,19252.672,0.16204369,220.6901,,,,
190,2019-01-10 00:00:00+02:00,-0.2626629,0.037115686,399.9657,0.82781565,85716.8,1334.0204,95441.62,495.74142,7.3313203,0.00012976186,0.95069814,0.0001224357,0.43296722,,,,,,6.690902e-05,1.371477e-05,2.679956e-05,0.0002094068,16708.113,0.17005156,221.06468,,,,
191,2019-01-11 00:00:00+02:00,0.30449587,0.033293754,1306.0327,0.99477506,63123.28,3891.6787,71308.86,2952.9697,11.056155,,,,,,,,,,3.9195915e-05,,2.388974e-05,0.00014197477,14421.359,0.14559177,223.22687,,,,
192,2019-01-12 00:00:00+02:00,-0.73360467,,,0.44841725,44160.914,6203.1475,50620.84,5239.5195,14.243455,5.9032256e-05,1.4240788,7.106831e-05,0.23056732,,,,,,3.2792745e-05,-7.6236684e-06,2.3041892e-05,0.00012854447,16687.494,0.1734252,221.97105,,,,
193,2019-01-13 00:00:00+02:00,-0.7365893,0.032123994,768.2575,0.5730634,74443.33,2282.9006,84281.46,1319.0593,10.349404,1.2392408e-05,1.5707941,1.5062179e-05,0.38428912,,,,,,2.0597676e-05,,2.3423832e-05,0.00015010938,22049.934,0.15322757,221.69727,,,,
194,2019-01-14 00:00:00+02:00,-0.21102045,0.028096642,181.33228,0.8828959,57874.78,3990.325,65913.07,3034.4048,18.898067,,,,,,,,,,-1.7115823e-05,,2.7414979e-05,0.00011970396,27480.357,0.16741088,223.21399,,,,
195,2019-01-15 00:00:00+02:00,-0.33843896,0.03391508,319.38116,0.93333805,77670.66,1915.3424,87841.08,977.9768,19.204967,,,,,,,,,,2.5683587e-05,,2.2197248e-05,0.00013818512,22073.84,0.17581356,222.12582,,,,
196,2019-01-16 00:00:00+02:00,-0.6511271,0.034126826,469.63214,0.74036735,80207.63,1844.3121,88873.2,1100.1421,5.9283233,7.678621e-05,1.063154,7.071996e-05,0.36716536,,,,,,4.8403104e-05,,2.102807e-05,0.00015926061,19240.434,0.15696965,220.45383,,,,
197,2019-01-17 00:00:00+02:00,-0.5030926,0.033379465,501.382,0.71674716,74642.64,2379.8113,83231.18,1545.1686,7.3872533,-3.3031894e-05,1.4666334,-4.4549135e-05,0.27561188,,,,,,0.00011616831,1.7949447e-05,2.0733805e-05,0.00016220858,19219.66,0.15459967,221.49997,,,,
198,2019-01-18 00:00:00+02:00,-0.7286139,0.035236746,212.77597,0.70564747,70548.13,2725.574,79913.016,1787.6626,20.68433,3.7426348e-06,0.88785875,-2.0095507e-05,0.48088098,,,,,,2.7614058e-05,,2.4452662e-05,0.00016214748,24223.582,0.1665546,219.42241,,,,
199,2019-01-19 00:00:00+02:00,-0.520407,0.03755851,317.1941,0.5289879,90945.24,864.6096,97456.33,320.58875,8.533291,6.686727e-05,1.004986,4.3071304e-05,0.29728284,,,,,,3.736167e-05,1.4823243e-05,2.2356313e-05,0.00016848126,22158.383,0.16964872,219.58376,,,,
200,2019-01-20 00:00:00+02:00,-0.7225219,0.034667257,106.85906,0.8782115,62257.363,3700.7773,70778.734,2765.2568,14.727933,-3.9026945e-06,0.8996498,-1.51471295e-05,0.4332071,,,,,,3.1469837e-05,,2.5189958e-05,0.00014693462,22152.256,0.18390846,220.91885,,,,
201,2019-01-21 00:00:00+02:00,-0.6243639,0.037516363,378.71204,0.7060561,74714.9,2591.0654,82102.75,1836.2018,9.55515,0.00010001262,1.1317846,0.000100975914,0.44517618,,,,,,4.3881777e-05,3.9746583e-06,2.4053541e-05,0.00015616996,20720.562,0.17922351,220.59294,,,,
202,2019-01-22 00:00:00+02:00,-0.48520955,0.03661365,329.42337,0.9026697,81009.016,1802.8197,90117.43,971.7268,18.564484,,,,,,,,,,4.9917966e-05,,2.608318e-05,0.00016340397,22159.828,0.17770882,220.59769,,,,
203,2019-01-23 00:00:00+02:00,-0.9751363,0.039939493,368.70898,0.5165984,88520.164,1068.6904,97501.96,321.7571,13.873907,7.569561e-05,0.9913827,4.9733848e-05,0.30186206,,,,,,4.66668e-05,2.298046e-05,2.5618829e-05,0.00018501579,19267.6,0.16402678,222.24165,,,,
204,2019-01-24 00:00:00+02:00,-0.38804305,0.03917736,286.75647,0.69192266,83075.375,1574.3655,93281.734,676.0307,10.289896,7.4149546e-05,1.0210534,5.9031812e-05,0.47350067,,,,,,3.98869e-05,1.139748e-05,2.7328053e-05,0.00017353304,19280.826,0.1801014,219.98438,,,,
205,2019-01-25 00:00:00+02:00,-0.13147393,0.0365981,434.37646,0.8059324,55803.117,4547.2812,63604.05,3593.6118,20.360352,,,,,,,,,,3.2679018e-05,,2.6007869e-05,0.00014620442,19275.367,0.18130624,221.09454,,,,
206,2019-01-26 00:00:00+02:00,-0.24616414,0.033173986,182.8696,0.88944864,64067.96,3482.7534,72737.61,2543.5645,17.735281,-2.0164698e-05,0.93891263,-2.6201504e-05,0.39718464,,,,,,7.9105834e-05,,2.6448704e-05,0.00017064072,24212.578,0.1771746,221.41878,,,,
207,2019-01-27 00:00:00+02:00,-0.06754705,,,0.8596151,55989.258,4625.867,63567.25,3696.1235,15.997059,,,,,,,,,,0.00017564734,,2.296078e-05,0.00016151291,19240.195,0.17050481,220.89285,,,,
208,2019-01-28 00:00:00+02:00,-1.6305939,0.03340281,709.441,0.8029691,64304.77,3380.8325,73052.29,2417.722,40.109447,,,,,,,,,,6.202441e-05,,2.8182285e-05,0.00015617837,22080.744,0.17175385,220.52765,,,,
209,2019-01-29 00:00:00+02:00,-0.72520876,0.035068385,401.78284,0.8822842,66061.95,3261.6133,74982.69,2302.4895,22.218393,,,,,,,,,,9.6797994e-05,,2.596116e-05,0.0002148308,24175.844,0.186117,218.43948,,,,
210,2019-01-30 00:00:00+02:00,-0.15291038,0.03575279,345.68304,0.9352379,87375.49,1123.2407,95684.62,441.94876,22.153425,,,,,,,,,,7.773193e-05,,2.4321238e-05,0.000241191,22125.543,0.16265246,219.63312,,,,
211,2019-01-31 00:00:00+02:00,-0.29831228,0.037472393,309.9554,0.7413751,77688.29,2098.055,86940.875,1223.9851,8.013289,,,,,,,,,,8.889321e-05,,2.2368433e-05,0.000182662,19258.133,0.15680806,219.33298,,,,
212,2019-02-01 00:00:00+02:00,-0.17739768,0.036098525,465.9583,0.88625777,81967.734,1618.8684,92473.61,677.4672,23.865686,,,,,,,,,,8.8089204e-05,,2.4837851e-05,0.00018994836,22122.143,0.16757968,218.97968,,,,
213,2019-02-02 00:00:00+02:00,-0.80108184,,,0.9477354,58350.363,4473.702,66302.336,3512.2349,15.911344,,,,,,,,,,0.00021855073,,2.003939e-05,0.00017311514,19243.562,0.14638707,217.97269,,,,
214,2019-02-03 00:00:00+02:00,-0.967155,0.035576105,570.026,0.8334066,68921.586,3005.57,78164.93,2017.466,38.279915,,,,,,,,,,5.921815e-05,,2.2793982e-05,0.00018237618,19257.945,0.15440786,215.8977,,,,
215,2019-02-04 00:00:00+02:00,-0.6680201,0.037332464,204.68535,0.94514036,93539.07,645.2466,100921.31,42.967163,37.12207,,,,,,,,,,3.8006263e-05,,2.6867245e-05,0.00016113035,22183.27,0.16761759,217.37958,,,,
216,2019-02-05 00:00:00+02:00,-0.59412086,0.035396688,376.2647,0.94460905,60850.617,3990.1108,69218.19,3032.1113,36.597446,,,,,,,,,,0.00022027842,,2.6605847e-05,0.00017285091,22183.977,0.1723113,217.93323,,,,
217,2019-02-06 00:00:00+02:00,-0.3198614,0.038353793,225.65906,0.7241283,93325.734,696.89716,99423.125,183.10324,6.457372,,,,,,,,,,4.752469e-05,1.991534e-05,2.6600319e-05,0.00017418191,19288.219,0.16008496,218.00722,,,,
218,2019-02-07 00:00:00+02:00,-0.36315423,,,0.9264538,53758.336,4992.7603,61322.875,4014.0747,15.811175,,,,,,,,,,0.0004079105,,2.281621e-05,0.0001842908,16703.191,0.13554855,219.1393,,,,
219,2019-02-08 00:00:00+02:00,-1.5268251,0.03305418,558.3869,0.90629363,65871.94,3370.0173,74786.516,2393.3735,48.34005,,,,,,,,,,0.00013046863,,2.819597e-05,0.00019114053,19262.62,,,,,,
220,2019-02-09 00:00:00+02:00,-0.40530932,,,0.821698,47745.957,5733.561,54632.215,4760.778,50.537933,,,,,,,,,,0.0002063172,,2.7457922e-05,0.00015831043,16689.773,0.16747694,217.42989,,,,
221,2019-02-10 00:00:00+02:00,-0.45257133,0.038337786,277.3448,0.5324329,83168.1,1489.2773,93051.28,611.9886,8.206649,2.1788324e-05,1.1942713,6.872078e-06,0.29474196,,,,,,8.3243445e-05,4.6313096e-05,2.4300489e-05,0.0001597594,19244.848,0.19816682,217.906,,,,
222,2019-02-11 00:00:00+02:00,-0.5461725,,,0.932086,57468.15,4261.707,65455.18,3286.933,26.003933,,,,,,,,,,0.00018208683,,2.5412575e-05,0.00019787834,20642.785,0.20030856,218.60628,,,,
223,2019-02-12 00:00:00+02:00,-0.7699331,0.03689815,329.6806,0.27706575,88838.15,1495.9364,95485.39,747.7723,4.3590727,4.5377597e-05,1.3543954,3.521695e-05,0.2308551,,,,,,3.331639e-05,7.2270213e-06,2.6597405e-05,0.00013330774,22150.621,0.20475379,218.33731,,,,
224,2019-02-13 00:00:00+02:00,-1.4566982,0.034086276,808.80164,0.007704523,98603.47,3751.2769,99179.05,2781.2117,3.39171,1.1907718e-05,1.2639682,7.3833894e-06,0.006867162,1815.337,3733.185,0.011603065,1830.6387,4.128839,4.847953e-05,2.356077e-05,2.5050193e-05,0.00013526686,19265.771,0.16823559,216.77235,,,,
225,2019-02-14 00:00:00+02:00,-0.6708139,,,0.5452699,53169.19,5910.159,59453.914,4946.173,21.365795,2.1398333e-05,1.3613527,1.1544286e-06,0.23011945,,,,,,5.948797e-05,3.1239953e-05,2.2625798e-05,0.00013292683,16719.082,0.14371166,214.90399,,,,
226,2019-02-15 00:00:00+02:00,-0.47758478,0.034557234,1056.0782,0.6874894,66255.234,3956.5713,74266.34,3044.7954,12.668096,5.368144e-05,1.2550637,2.1707001e-05,0.44022557,,,,,,6.3001455e-05,,2.2784478e-05,0.00012597996,14432.195,0.15511705,214.95801,,,,
227,2019-02-16 00:00:00+02:00,-1.0075393,0.03520341,426.05032,0.0,101010.11,,101010.11,,,8.313429e-05,1.2731993,9.019126e-05,0.013338003,,,,,,7.316694e-05,4.8783488e-05,2.4383455e-05,0.00016238597,14428.901,0.12873742,216.98843,,,,
228,2019-02-17 00:00:00+02:00,-0.4789831,0.036649242,692.8995,0.7539085,81810.44,1769.7296,92291.0,800.24084,7.3364673,6.830274e-05,1.1964813,7.375621e-05,0.4060998,,,,,,6.515251e-05,5.7122117e-05,2.3329922e-05,0.00013905321,14428.113,0.14258416,216.30783,,,,
229,2019-02-18 00:00:00+02:00,-0.37310964,0.031123456,712.75287,0.9215025,93709.43,709.4101,100238.53,155.81879,23.62585,,,,,,,,,,3.4402547e-05,,2.2664608e-05,0.00013813117,14429.718,0.1266039,219.05661,,,,
230,2019-02-19 00:00:00+02:00,-0.61961806,,,0.26293564,41806.4,7101.383,47917.523,6139.5,4.6353984,5.0313694e-05,0.9731584,3.6480236e-05,0.26715407,,,,,,0.0003564343,,2.7794435e-05,0.00028280006,16693.29,0.15703171,217.24356,,,,
231,2019-02-20 00:00:00+02:00,-0.61695564,0.039106436,377.86716,0.36937633,88199.875,1116.9229,97572.16,274.2854,5.482703,3.9227594e-05,1.3363426,4.106949e-05,0.30073363,,,,,,3.962756e-05,8.954997e-06,3.3301618e-05,0.00014704495,19256.516,0.17926902,219.10513,,,,
232,2019-02-21 00:00:00+02:00,-0.57673144,0.037821874,636.58014,0.3084293,44995.926,6675.0967,51135.625,5710.8584,4.837673,4.3389202e-05,1.1238482,3.244391e-05,0.3272295,,,,,,3.910192e-05,1.259485e-05,3.0838455e-05,0.0001345364,16710.09,0.17272061,218.85287,,,,
233,2019-02-22 00:00:00+02:00,-1.0619946,0.040713727,144.21088,0.06469974,90093.016,2061.828,95221.5,1133.391,4.4461703,5.1293617e-05,1.3532985,5.630447e-05,0.057848852,1829.4205,3263.019,0.025040464,1834.1256,2.6993358,5.2442927e-05,2.4469802e-05,2.7973127e-05,0.0001383269,16733.824,0.17983708,217.48392,,,,
234,2019-02-23 00:00:00+02:00,-0.5756891,0.039260052,1019.3122,0.91768026,74110.61,2695.0952,83806.664,1738.0721,30.54235,,,,,,,,,,5.479461e-05,,2.237122e-05,0.000110561705,14439.496,0.12878239,218.57748,,,,
235,2019-02-24 00:00:00+02:00,-1.3554631,,,0.0,101162.26,,101162.26,,,4.865594e-05,1.464988,6.177236e-05,2.644916e-05,1814.4531,5011.034,0.05529446,1824.0516,3.026536,5.2776653e-05,2.6090234e-05,2.6686423e-05,0.0001279542,13060.585,0.13425481,217.56738,,,,
236,2019-02-25 00:00:00+02:00,-1.0610791,0.037293144,715.8601,0.073965505,95340.336,5013.225,99137.34,4216.6045,4.799062,8.289561e-05,1.2146933,8.884533e-05,0.08570682,1854.7189,5338.865,0.053553052,1864.514,3.7090275,4.9796952e-05,2.441241e-05,2.5384548e-05,0.00013750857,14432.476,0.15485784,215.54376,,,,
237,2019-02-26 00:00:00+02:00,-0.9965676,0.037969045,573.8462,0.025497723,92568.84,1591.094,97982.72,625.39087,3.2289486,6.769497e-05,1.1861103,7.371206e-05,0.055301875,1839.0632,3710.5046,0.008437356,1850.293,3.1598065,3.7394693e-05,1.0308667e-05,2.708603e-05,0.00012489637,16713.48,0.14484641,217.47707,,,,
238,2019-02-27 00:00:00+02:00,-0.17744598,0.035281543,431.8443,0.91388893,95037.234,612.00586,99748.17,207.20354,15.114637,,,,,,,,,,4.9952745e-05,,2.4976605e-05,0.00017719649,14426.716,0.12975915,217.76526,,,,
239,2019-02-28 00:00:00+02:00,-0.8293897,0.03357864,523.4482,0.07167518,91226.44,1661.6696,96504.85,685.30786,4.5041046,0.000102401464,0.92954135,8.043513e-05,0.07098,1811.6824,3230.0967,0.0061277933,1818.0985,2.688906,4.0314975e-05,8.60865e-06,3.1706324e-05,0.00013546401,22089.61,0.18037716,219.68573,,,,
240,2019-03-01 00:00:00+02:00,,0.035556927,154.54794,,,,,,,,,,,,,,,,3.3191645e-05,6.929983e-07,3.514441e-05,0.00011498381,22132.406,0.18837631,219.96443,,,,
241,2019-03-02 00:00:00+02:00,-0.7765596,0.036240898,304.71652,0.90858257,85365.17,1325.5254,96232.2,397.09467,55.13623,-6.019828e-05,1.7238423,-0.00013358612,0.45607233,,,,,,3.8306505e-05,,3.1465985e-05,0.00013793548,19264.941,0.15395486,219.15805,,,,
242,2019-03-03 00:00:00+02:00,-0.7901821,0.037565343,910.60913,0.89150417,67836.81,3073.8364,76964.3,2103.6492,33.939953,,,,,,,,,,0.00010048167,,2.8480357e-05,0.00012848976,17788.783,0.15344843,220.47449,,,,
243,2019-03-04 00:00:00+02:00,-0.599645,0.03633599,1352.008,0.8564435,66018.58,3305.477,74930.66,2329.7441,29.79529,-8.805477e-05,0.7639766,-8.0033846e-05,0.5111167,,,,,,0.00013435482,,2.8081588e-05,0.00015354989,16673.51,0.16288841,220.3764,,,,
244,2019-03-05 00:00:00+02:00,-0.56324655,0.03573269,344.87018,0.98551714,71184.83,2542.175,80662.31,1581.0597,24.760216,,,,,,,,,,0.000112071386,,3.196784e-05,0.00016466141,23084.129,0.19216433,221.81732,,,,
245,2019-03-06 00:00:00+02:00,-1.0429777,0.03713382,442.44867,0.08509307,96088.52,818.4465,99890.11,203.15169,4.091713,3.419765e-05,1.125578,2.40583e-05,0.08963112,1832.2585,3341.2224,0.01923493,1841.0427,2.939459,6.175313e-05,3.095329e-05,3.0800424e-05,0.00016234891,19267.883,0.18742588,220.37442,,,,
246,2019-03-07 00:00:00+02:00,-0.67815495,,,0.9690654,52308.0,5041.2246,59718.727,4055.874,89.98386,,,,,,,,,,0.00014943728,,3.0986084e-05,0.00014363116,16683.383,0.17045107,217.86665,,,,1.7607501e-05
247,2019-03-08 00:00:00+02:00,-0.57894015,0.03319172,288.806,0.9324455,56488.555,4455.5312,64354.816,3489.0107,50.488632,,,,,,,,,,0.0001487215,,3.6995276e-05,0.00017739965,22075.84,0.18231887,220.66014,,,,2.916503e-05
248,2019-03-09 00:00:00+02:00,-0.7825551,0.03632976,446.96786,0.8218528,73129.28,2463.813,82820.0,1509.6228,31.269466,-8.391472e-05,1.0007933,-0.00010167596,0.43843225,,,,,,8.28627e-05,2.5892263e-05,3.707982e-05,0.00016013498,23145.496,0.18059945,224.20895,,,,1.7557699e-05
249,2019-03-10 00:00:00+02:00,-0.5531804,0.035837222,561.87085,0.9115747,89184.86,839.95795,99546.234,59.852234,24.464739,,,,,,,,,,5.0625124e-05,,3.679793e-05,0.00015136332,24159.91,0.1846162,225.7301,,,,
250,2019-03-11 00:00:00+02:00,-0.7986844,0.04016848,336.1259,0.6387731,83793.984,1359.6434,94067.96,489.15326,14.918771,1.3580575e-06,1.2928331,-1.2386396e-05,0.42439246,,,,,,4.789003e-05,9.802746e-06,4.210727e-05,0.00016653186,24199.447,0.2100355,225.48177,-0.00014535009,0.47686324,-7.330689e-05,0.00012231925
251,2019-03-12 00:00:00+02:00,-1.455144,0.036023274,269.10208,0.08366015,90699.12,1045.5938,97678.086,342.9688,5.3584957,5.0247927e-05,1.0372308,3.3534267e-05,0.066877246,,,,,,5.295103e-05,1.2994689e-05,4.0291798e-05,0.000142821,19266.762,0.20059378,224.95056,1.5741974e-05,0.4878388,1.1203014e-06,-8.769649e-05
252,2019-03-13 00:00:00+02:00,-0.4352665,,,1.0,56901.49,4366.524,64824.867,3404.5586,59.044403,,,,,,,,,,0.0004858396,,3.7496124e-05,0.00020659728,16687.883,0.18526289,222.21158,,,,8.6644434e-07
253,2019-03-14 00:00:00+02:00,-0.49925894,0.034519657,848.1058,0.98959285,80738.67,1686.4194,91164.734,743.9604,43.764435,,,,,,,,,,0.00011500725,,4.0411243e-05,0.00020296892,22080.656,0.21484438,221.478,,,,2.0782458e-05
254,2019-03-15 00:00:00+02:00,-0.502813,0.03697777,600.8348,0.99950004,87669.41,998.36096,98252.59,141.33191,37.117542,,,,,,,,,,6.9731184e-05,,3.4104967e-05,0.00016373133,22079.066,0.19157715,220.24211,,,,8.898164e-06
255,2019-03-16 00:00:00+02:00,-0.4205609,0.035532065,578.8077,0.9989275,92433.33,486.29767,100435.17,47.84812,36.986786,,,,,,,,,,6.0081504e-05,,3.2704706e-05,0.00017342172,22082.172,0.19806617,221.55115,,,,
256,2019-03-17 00:00:00+02:00,-0.9080088,,,0.9996119,68032.44,3099.34,77171.1,2125.725,56.809887,,,,,,,,,,9.742789e-05,,3.2051645e-05,0.00012279845,14416.125,0.1559032,220.1258,,,,
257,2019-03-18 00:00:00+02:00,-0.81933916,0.034572102,421.38037,0.94061756,79657.5,1811.2189,90052.41,851.6984,40.98635,,,,,,,,,,5.1006908e-05,,4.23675e-05,0.00016333835,22113.576,0.19202362,221.34378,,,,-1.5067113e-05
258,2019-03-19 00:00:00+02:00,-0.88536966,0.036020085,533.5718,0.8002881,83355.96,1543.8239,94054.92,601.19946,24.022358,,,,,,,,,,5.9378202e-05,,3.5155274e-05,0.00015072079,23060.77,0.18596411,221.22864,,,,-1.0934152e-05
259,2019-03-20 00:00:00+02:00,-1.0720513,0.037294313,755.2843,0.53401643,54684.562,4866.1426,62358.38,3891.148,10.445928,4.5457244e-05,0.8546329,2.2471475e-05,0.3473935,,,,,,7.520417e-05,5.1734325e-05,3.0999054e-05,0.00013066258,17863.158,0.13913655,220.97772,0.0010111474,0.21340188,0.00019924599,-2.0824737e-06
260,2019-03-21 00:00:00+02:00,-0.78807133,0.035671245,1226.7606,0.9535114,70705.2,3033.2385,79655.5,2089.5522,16.298111,,,,,,,,,,8.808597e-05,,2.944185e-05,0.00012759506,14431.566,0.13709635,219.91638,,,,-1.9010988e-06
261,2019-03-22 00:00:00+02:00,-1.2675719,0.039469518,322.93292,0.06873652,91972.44,1095.9674,97715.07,475.87805,4.1200757,-1.614734e-06,1.0924771,-1.7420967e-05,0.07522617,1838.7692,3931.2139,0.11613031,1844.9873,2.9886167,5.3649594e-05,1.2361757e-05,4.1287836e-05,0.00016411435,19142.975,0.15073141,222.85017,0.00061233283,0.2408148,0.00012881873,-5.1275605e-05
262,2019-03-23 00:00:00+02:00,-0.539661,0.03551061,1009.24677,0.98277515,89438.734,1103.1456,98544.59,310.64398,62.248222,,,,,,,,,,6.4716e-05,,4.000317e-05,0.00017372065,14429.668,0.14567117,222.30879,,,,-1.4990831e-05
263,2019-03-24 00:00:00+02:00,-1.0277406,,,0.3326313,36946.41,7495.591,42555.16,6539.896,8.104759,-1.9529147e-05,0.7840519,-2.7263502e-05,0.31823015,,,,,,5.3491e-05,6.0335383e-06,4.3596796e-05,0.00015533203,16709.783,0.17198278,223.68231,0.00022676894,0.27602983,5.9435017e-05,-1.8599112e-05
264,2019-03-25 00:00:00+02:00,-0.9322606,0.03924718,571.3379,0.51723105,84670.625,1420.0137,94300.88,577.67615,12.066126,5.9466616e-05,1.4241265,5.6027096e-05,0.37156948,,,,,,5.913782e-05,7.3741976e-06,4.778146e-05,0.00017572455,24241.113,0.21266666,223.56622,-0.00015149983,0.4152963,-9.4210685e-05,2.4258788e-05
265,2019-03-26 00:00:00+02:00,-1.1832225,0.03021643,375.51752,0.72930056,81169.72,1749.7832,91259.05,837.05774,18.061983,1.8856912e-05,1.0309092,-1.2858509e-05,0.31028098,,,,,,6.8622016e-05,2.7298716e-05,3.8985272e-05,0.00016720447,22130.062,0.23373422,223.1846,0.0003235667,0.2992932,8.996145e-05,-6.780504e-05
266,2019-03-27 00:00:00+02:00,-0.8324473,0.041510936,409.38696,0.79041266,65166.195,3446.6255,74008.766,2497.624,13.576693,,,,,,,,,,7.715463e-05,,3.0936353e-05,0.00012976155,19288.447,0.14624004,222.59601,,,,-2.1108248e-05
267,2019-03-28 00:00:00+02:00,-1.5979259,0.039682236,462.4663,0.29723135,87015.016,1387.2214,94681.14,693.34875,8.390418,4.225779e-05,1.2146202,3.24553e-05,0.24893603,,,,,,6.577137e-05,2.8932782e-05,3.989619e-05,0.00016297337,19302.742,0.15440804,222.9938,0.00047024185,0.29400003,0.0001372754,2.7721226e-05
268,2019-03-29 00:00:00+02:00,-1.1325696,0.03785826,524.9261,0.1874903,33462.883,8934.153,38579.406,7941.301,5.968171,6.543792e-05,0.9011395,3.9830178e-05,0.18599693,,,,,,6.900847e-05,2.7277925e-05,4.0476887e-05,0.00016110344,14430.165,0.14435133,223.6283,0.00030866655,0.22112921,7.280023e-05,-9.050154e-06
269,2019-03-30 00:00:00+02:00,-1.1697705,0.040996574,352.08447,0.2093943,91395.56,947.5502,96836.0,435.8405,5.588394,6.945926e-05,1.3847762,7.420643e-05,0.20840108,,,,,,5.205715e-05,1.0724611e-05,4.2663032e-05,0.00015506487,16708.27,0.14643112,225.27911,0.00040765712,0.41342515,9.817601e-05,1.9356532e-05
270,2019-03-31 00:00:00+02:00,-1.3508013,0.038639225,321.99042,0.16568106,69035.266,3251.343,76891.41,2380.227,5.3383083,4.176972e-05,1.0124111,1.9075937e-05,0.16366452,,,,,,5.3111216e-05,8.619775e-06,4.4276203e-05,0.00015040915,19268.02,0.15275186,227.86069,0.00028545648,0.37637025,0.0001039525,2.8905262e-05
271,2019-04-01 00:00:00+03:00,-1.1953797,0.038419306,233.22821,0.026963059,96125.83,508.7328,101274.13,25.58557,5.1950536,5.833253e-05,0.91688657,3.0462132e-05,0.02673297,,,,,,5.2065327e-05,3.2875946e-06,4.8777732e-05,0.00015979732,22215.342,0.16482839,227.5257,0.00076123053,0.27051225,0.0001717826,-2.0277332e-05
272,2019-04-02 00:00:00+03:00,-1.4001174,0.040642697,228.28586,0.011517289,,,,,,6.351448e-05,0.95399016,4.2083175e-05,0.011517289,,,,,,6.592595e-05,1.913305e-05,4.6792906e-05,0.00014555457,19299.092,0.1585581,225.75217,0.0005341192,0.28415382,0.00015009528,3.7210073e-05
273,2019-04-03 00:00:00+03:00,,,,,,,,,,,,,,,,,,,,,,,,,,,,,
274,2019-04-04 00:00:00+03:00,-1.1113393,0.04188502,234.03674,0.0470094,97008.28,375.58203,98988.32,190.34337,5.153424,0.000133458,0.91232866,9.6710355e-05,0.046786446,,,,,,6.619543e-05,1.968995e-05,4.6505487e-05,0.00017774562,19267.795,0.16389671,223.62938,0.0003313445,0.28945357,9.158236e-05,3.109334e-05
275,2019-04-05 00:00:00+03:00,-1.2128329,0.043047458,323.70526,0.05826924,93277.234,757.76825,96214.0,465.11444,5.0224047,0.00014722708,0.9035367,0.00010576055,0.05897133,1845.0812,3780.287,0.016249804,1848.2776,1.9466989,6.345969e-05,1.8065854e-05,4.539383e-05,0.00017319318,19272.023,0.16920272,223.32317,0.00055003376,0.30597734,0.00015169768,5.2015323e-05
276,2019-04-06 00:00:00+03:00,-0.9529439,0.04530617,479.87616,0.13880894,93462.36,757.4923,96993.055,415.48587,4.6907268,0.00016206045,0.9579534,0.00012934301,0.14048588,,,,,,6.551384e-05,2.0555872e-05,4.6162142e-05,0.00018351263,19277.7,0.1882483,223.37048,0.0006131446,0.31174242,0.000172106,6.152499e-05
277,2019-04-07 00:00:00+03:00,-0.97795945,0.041992392,661.67883,0.1794689,86668.41,1323.375,94380.26,608.15967,5.137232,8.487655e-05,0.9570607,5.8831734e-05,0.17772193,,,,,,7.1213384e-05,2.455419e-05,4.687822e-05,0.00018903696,19259.977,0.19430111,225.4368,0.0010116824,0.28420308,0.00022410389,8.6630476e-05
278,2019-04-08 00:00:00+03:00,-1.4657466,0.03884159,575.73267,0.30698475,80428.91,1935.5322,87811.29,1199.5074,14.303038,3.9753355e-05,1.1972127,2.2722528e-05,0.25939536,,,,,,7.4712894e-05,2.8460283e-05,4.564115e-05,0.00019450806,19265.672,0.19853958,224.66806,0.0011655189,0.2950206,0.00018874831,-5.331859e-06
279,2019-04-09 00:00:00+03:00,-0.85843784,0.03680586,459.7599,0.7187408,84652.305,1428.5916,96198.0,429.5009,42.926506,3.8635997e-05,1.5640669,4.2633525e-05,0.29197168,,,,,,5.847573e-05,7.458049e-06,4.0712577e-05,0.00015666548,22155.121,0.20254019,225.69556,0.00038650417,0.63254166,0.00021023244,1.3929848e-05
280,2019-04-10 00:00:00+03:00,,0.04227309,406.6726,0.734464,80584.56,1828.0215,91690.3,828.0214,35.62033,,,,,,,,,,7.4698866e-05,,3.977808e-05,0.00015735682,22170.39,0.20081782,226.30225,,,,-2.4002133e-05
281,2019-04-11 00:00:00+03:00,-0.15243027,0.045794584,412.76056,0.82979053,86719.59,1295.852,98501.84,296.5105,29.406145,-2.6940606e-05,2.066098,-8.366615e-05,0.40208834,,,,,,6.601323e-05,1.5355845e-05,4.1587136e-05,0.00015369972,22193.867,0.19319072,226.01013,9.57826e-05,0.38356292,3.6738653e-05,4.9292692e-05
282,2019-04-12 00:00:00+03:00,-1.2148525,0.04408934,406.79648,0.14861804,91091.9,975.2321,97186.0,411.263,5.3938785,5.353911e-05,1.0531886,3.0170311e-05,0.14346927,,,,,,6.71302e-05,2.3828205e-05,4.3961416e-05,0.00017463304,22207.8,0.19029602,226.01839,0.0010618239,0.3601283,0.00029045506,5.904122e-05
283,2019-04-13 00:00:00+03:00,-1.5416209,0.037557587,382.18137,0.011974681,,,,,,0.00013130203,0.95177644,0.0001047275,0.011974681,,,,,,7.691302e-05,2.9341734e-05,4.7571288e-05,0.00015823156,19303.002,0.18941015,227.06581,0.0005669494,0.3121119,0.00017584355,7.0892005e-05
284,2019-04-14 00:00:00+03:00,-1.3713284,0.039160624,342.49734,0.049362577,98339.21,325.04956,99610.805,199.23177,5.313479,9.668787e-05,0.91231656,6.15803e-05,0.04933797,,,,,,6.914568e-05,2.5003403e-05,4.414228e-05,0.00017509004,19307.988,0.17129639,224.53195,0.00038167072,0.33206555,0.00011987501,3.5058616e-05
285,2019-04-15 00:00:00+03:00,,,,,,,,,,,,,,,,,,,,,,,,,,,,,
286,2019-04-16 00:00:00+03:00,-0.60197854,0.039944947,895.4971,0.6911076,71050.016,2966.3071,80856.8,1966.3071,22.976555,7.895177e-05,0.876026,4.8618487e-05,0.35892874,,,,,,9.221448e-05,4.8286165e-05,4.014321e-05,0.0001464801,19307.312,0.15652063,223.71933,-0.00023213793,0.21013619,-4.572002e-05,-1.9786488e-05
287,2019-04-17 00:00:00+03:00,-1.2688581,0.03816504,401.6493,0.035671182,96791.64,466.4183,99219.76,225.06387,5.364007,0.00013220074,0.8830842,8.891641e-05,0.035232306,,,,,,6.524773e-05,2.4898425e-05,4.0349303e-05,0.00015710814,16722.531,0.13833171,223.43182,0.0006366198,0.21937284,9.045593e-05,1.395811e-05
288,2019-04-18 00:00:00+03:00,-1.4814008,0.03765821,447.26596,0.019408701,,,,,,0.00010363748,0.9570014,7.746759e-05,0.019408701,,,,,,7.4271054e-05,3.5881076e-05,3.838998e-05,0.00013551986,16725.908,0.13064957,220.79002,0.00016033844,0.23381688,3.791347e-05,-1.2895206e-05
289,2019-04-19 00:00:00+03:00,-1.2331811,0.037220832,406.40918,0.042159103,95109.56,646.29224,97642.0,391.89108,5.290223,0.00014451609,0.9081459,0.00010514719,0.04304133,1829.32,3498.426,0.024184383,1832.2933,1.8809909,7.336795e-05,3.0970445e-05,4.23975e-05,0.0001769189,16726.168,0.15144768,221.17935,0.0010445161,0.25356573,0.00022486539,4.7134738e-05
290,2019-04-20 00:00:00+03:00,-1.3283379,0.038866416,1054.5754,0.24897882,53578.516,5157.832,61316.984,4157.8315,11.260142,6.6814035e-05,0.9356482,4.1847787e-05,0.21425302,,,,,,6.746089e-05,2.6661435e-05,4.332853e-05,0.00016028516,19146.633,0.1498633,222.93549,0.0005128005,0.21224993,9.515788e-05,9.879675e-06
291,2019-04-21 00:00:00+03:00,-1.4354091,0.038511142,462.00684,0.16636992,82251.36,1838.3755,90662.61,1026.5703,6.623681,6.945556e-05,1.3103898,6.09009e-05,0.16411713,,,,,,6.300438e-05,2.1094816e-05,4.124282e-05,0.00015501468,16712.293,0.1399581,224.85968,-9.332367e-05,0.57061744,-4.794568e-05,-1.8119252e-05
292,2019-04-22 00:00:00+03:00,-1.5587854,0.038712826,790.80347,0.058933634,95350.72,615.41406,97188.02,415.2105,5.554402,9.8376564e-05,0.95602685,6.925208e-05,0.056991525,,,,,,6.651928e-05,2.196784e-05,4.4551438e-05,0.00016589297,16716.213,0.14232564,225.29024,0.00020281636,0.3518105,2.0876476e-05,-8.260094e-06
293,2019-04-23 00:00:00+03:00,-1.2802777,0.040226836,457.85266,0.052960917,95606.164,583.8118,98663.6,273.3357,5.265973,2.4540635e-05,0.98198223,7.767005e-06,0.052193124,,,,,,6.90062e-05,2.1164888e-05,4.7841306e-05,0.00018434064,16718.04,0.14479722,228.22964,0.0005891992,0.30280602,0.0001256883,1.5087603e-05
294,2019-04-24 00:00:00+03:00,-0.86607695,0.036198173,607.2202,0.07045067,80763.3,2023.8702,87970.53,1282.2639,5.384265,7.1319264e-05,1.0986515,5.519586e-05,0.06973621,1830.2671,3558.5757,0.036431905,1836.44,2.0808344,7.3421295e-05,2.0014102e-05,5.3407195e-05,0.00020411257,16710.164,0.15462995,228.85873,0.00057498796,0.39605987,0.00020751239,2.3558698e-05
295,2019-04-25 00:00:00+03:00,-0.8839606,0.036251716,1329.5529,0.27441654,69395.63,3211.3838,77649.375,2293.1323,22.939007,8.4312596e-05,1.0615606,7.025025e-05,0.17127985,,,,,,7.764514e-05,2.307431e-05,5.0418334e-05,0.00018079535,16704.807,0.15606743,228.24802,3.2425265e-05,0.31809714,-8.830062e-06,-2.4720446e-05
296,2019-04-26 00:00:00+03:00,-1.1516566,0.039484814,1352.9982,0.113373846,76306.266,2402.4949,86192.445,1405.7659,9.825815,0.000116304946,1.161561,0.00010222524,0.108096845,1857.5951,3788.444,0.020369334,1864.9203,2.06282,6.937839e-05,2.059172e-05,4.869441e-05,0.00017730397,16700.375,0.15614928,227.88736,9.971005e-05,0.4381277,3.045481e-05,1.1508691e-05
297,2019-04-27 00:00:00+03:00,-1.1702409,0.03993416,1607.7915,0.09902213,77478.55,2382.9204,84486.78,1627.0768,5.866158,0.0001513891,1.0752864,0.00012975435,0.09722537,1834.0039,4178.5713,0.028854195,1843.6093,2.182495,7.006859e-05,2.3828336e-05,4.6178888e-05,0.00016857396,16693.926,0.1442929,227.27422,-4.4632823e-05,0.45475474,-2.7528622e-05,-1.8736248e-05
298,2019-04-28 00:00:00+03:00,-1.0778674,0.039784454,1239.9224,0.1309239,89592.39,1070.2631,94496.59,588.5342,6.065926,0.00012450287,1.1091548,0.000113191156,0.1272255,1834.0322,3793.2756,0.032757558,1840.551,2.0839584,7.290165e-05,2.4870164e-05,4.7832855e-05,0.0001860678,16699.805,0.14711791,226.8866,0.00026712604,0.43177843,8.2877224e-05,-1.1615103e-05
299,2019-04-29 00:00:00+03:00,-1.2627957,0.035830162,489.6018,0.0,,,,,,0.000114753006,0.85413384,7.914167e-05,0.0,1816.5643,3586.9807,0.06022153,1824.0828,2.1148906,7.452976e-05,2.0333546e-05,5.419621e-05,0.00015400718,16706.75,0.1662336,227.25171,0.00030286246,0.32994843,9.9682125e-05,5.2868512e-05
300,2019-04-30 00:00:00+03:00,-1.3742901,0.038144276,583.82495,0.08059004,64155.812,4358.5435,69586.17,3620.2356,6.5942335,9.665645e-05,0.9857856,7.145385e-05,0.08107181,,,,,,8.213002e-05,2.3856852e-05,5.91188e-05,0.00019598482,19273.68,0.17167184,226.7189,0.00024046333,0.29832786,6.942642e-05,4.8418924e-06
301,2019-05-01 00:00:00+03:00,-1.2315856,0.036907382,594.4851,0.0029703863,100110.22,20.394049,100110.22,20.394049,5.351022,4.2721287e-05,0.9002391,1.5673779e-05,0.002968264,1824.8936,3646.503,0.026165897,1832.3347,2.1177402,7.022468e-05,1.1956377e-05,5.82683e-05,0.00018113738,19252.574,0.1721563,228.9927,0.000108699125,0.3265171,4.3300955e-05,-1.305659e-05
302,2019-05-02 00:00:00+03:00,-0.56287956,0.03665164,803.59515,0.9123659,79933.92,1752.9136,90595.97,752.9135,44.893925,,,,,,,,,,6.652216e-05,1.3544482e-05,5.0816117e-05,0.00015894603,16675.164,0.16876325,230.21815,-9.549514e-05,0.45151228,-3.9472176e-05,-2.6897837e-05
303,2019-05-03 00:00:00+03:00,-1.2865834,0.036165327,472.20013,0.07432474,87435.875,1102.5994,93354.19,547.3598,5.6390333,2.6265176e-05,1.0887504,-5.3542353e-06,0.074354425,,,,,,7.386466e-05,6.3332586e-06,6.6518754e-05,0.00020305911,22106.168,0.18873708,232.15152,2.0223939e-05,0.6248659,-1.5425321e-06,-1.8583165e-05
304,2019-05-04 00:00:00+03:00,-1.5900403,0.03459477,481.07318,0.094058685,88739.305,1031.9631,94925.164,465.66943,9.1884365,6.118357e-05,0.9865826,3.3058117e-05,0.032754123,,,,,,9.744055e-05,2.763317e-05,7.213487e-05,0.00019833662,22115.084,0.19988437,231.89537,6.850445e-05,0.5947713,2.91424e-05,4.6572713e-06
305,2019-05-05 00:00:00+03:00,-1.2401804,0.033308882,387.81653,0.0,,,,,,4.6138353e-05,0.9368473,1.5490958e-05,0.0,,,,,,9.983282e-05,2.0474712e-05,7.93581e-05,0.0002674631,19265.672,0.21544039,231.49094,0.00065523526,0.39478725,0.00017382397,-3.4268505e-06
306,2019-05-06 00:00:00+03:00,-1.3996191,0.03713966,531.8551,0.0,,,,,,3.1653068e-05,0.9285248,8.727329e-07,0.0,,,,,,8.832279e-05,1.13915285e-05,7.693127e-05,0.00022741582,19268.684,0.20617574,232.3107,0.00025033933,0.30964005,7.269313e-05,6.0802085e-07
307,2019-05-07 00:00:00+03:00,-1.2493589,0.035013877,413.92834,0.09736594,94923.56,548.24677,99627.016,142.18552,7.2569876,3.8701455e-05,1.4325093,1.9511976e-05,0.096475355,,,,,,8.366989e-05,1.1462031e-05,7.281508e-05,0.00022008973,22150.75,0.2011446,233.10327,0.00032660872,0.6514879,0.00018384794,8.31762e-05
308,2019-05-08 00:00:00+03:00,-1.6217384,0.03461166,539.0415,0.01410898,100606.17,77.84789,101048.31,40.015926,5.4616003,8.9138004e-05,0.9214417,4.9567672e-05,0.014168509,,,,,,8.9955094e-05,2.167769e-05,6.827741e-05,0.00022071153,20720.63,0.19334602,231.98354,0.00047416665,0.33758223,0.0001562132,3.5985544e-05
309,2019-05-09 00:00:00+03:00,-1.1169512,0.033955082,579.6394,0.06694487,41477.164,8287.098,46839.676,7331.937,8.257046,8.447395e-05,0.87658846,3.9158083e-05,0.060465135,,,,,,8.060345e-05,1.1970954e-05,6.774357e-05,0.00021639241,19259.418,0.17450485,232.62576,0.0008852572,0.30493146,0.00021840748,-4.943402e-05
310,2019-05-10 00:00:00+03:00,-1.3941122,0.031871423,1450.7085,0.49611837,58160.83,4368.884,66307.3,3368.8843,17.132908,4.4797867e-05,0.8555157,1.0144428e-05,0.37969482,,,,,,9.739577e-05,,6.339144e-05,0.00021003577,22127.473,0.16603912,232.09274,,,,1.6913458e-05
311,2019-05-11 00:00:00+03:00,-1.646223,0.034700587,1033.4949,0.27396435,83113.34,1730.2837,90662.836,993.4242,10.856249,6.1091705e-05,1.3625616,4.360534e-05,0.22133619,,,,,,7.886918e-05,1.11964455e-05,6.736978e-05,0.00021277831,22138.447,0.16616699,233.1452,6.3722386e-05,0.519638,2.688675e-05,-3.0401168e-06
312,2019-05-12 00:00:00+03:00,-1.0092945,0.03653437,821.61304,0.5335291,48956.742,5769.426,56116.04,4769.426,25.376225,0.00010532095,0.768473,4.6322075e-05,0.26247406,,,,,,8.355469e-05,,6.6616856e-05,0.0002047806,22186.896,0.16017544,232.8169,-8.233586e-06,0.23791963,1.972583e-06,-1.3164024e-05
313,2019-05-13 00:00:00+03:00,-1.0501766,,,0.8257878,58812.73,4386.751,67133.984,3386.751,42.760895,,,,,,,,,,7.811993e-05,,6.1054234e-05,0.00018355378,22209.312,0.16414496,232.59457,,,,-4.2489573e-05
314,2019-05-14 00:00:00+03:00,-1.2438039,0.036417775,944.11633,0.5515253,82976.34,1746.5156,94027.48,750.32965,13.71925,2.3983284e-05,1.3604469,-1.7109214e-06,0.20541388,,,,,,7.971457e-05,2.6160784e-05,5.3452288e-05,0.00018998444,19304.773,0.15599331,232.59003,0.00036384843,0.46687764,0.000110472814,-2.2549455e-05
315,2019-05-15 00:00:00+03:00,-2.007505,0.032506432,1470.416,0.20912845,60488.715,4558.47,67279.69,3673.692,6.630061,7.277923e-05,0.9550841,4.0505434e-05,0.20732096,,,,,,8.552199e-05,2.1411623e-05,6.4335174e-05,0.00017005438,19294.062,0.16110983,233.36693,-8.831569e-05,0.48843452,-4.4121873e-05,-1.8805147e-05
316,2019-05-16 00:00:00+03:00,-1.4953269,0.033571333,1531.3015,0.14843659,40611.57,7519.872,46658.22,6519.8726,35.31038,0.00011477375,0.8929994,7.632994e-05,0.066918015,1848.2007,3486.468,0.012289955,1858.6147,2.2949615,8.6775006e-05,2.0305399e-05,6.820756e-05,0.00022145017,19284.355,0.16106977,232.0724,0.00011171958,0.3900861,3.94961e-05,3.7647537e-06
317,2019-05-17 00:00:00+03:00,-0.92259485,0.036691442,1773.7574,0.6870984,62062.188,4111.165,70489.92,3111.6543,33.463596,5.466332e-05,1.2170131,5.340997e-05,0.3430775,,,,,,0.00010240311,,5.4881966e-05,0.00018930883,16705.053,0.14930047,232.59346,-4.9541944e-05,0.67649585,-2.9609573e-05,-1.3697831e-05
318,2019-05-18 00:00:00+03:00,-1.2723583,0.036417488,2581.6108,0.53017473,58936.195,4541.9697,66998.7,3542.0486,26.043419,0.00016495299,0.8634589,0.000111859736,0.30860978,,,,,,9.4593845e-05,,5.89782e-05,0.00019443469,16702.033,0.14682716,232.49757,-0.00034743664,0.4347774,-0.0001518843,-2.5939633e-05
319,2019-05-19 00:00:00+03:00,-1.274284,0.03364205,1723.5505,0.085271895,52045.45,6246.224,56426.086,5472.5635,9.379671,0.00017056678,0.91454995,0.00013078425,0.08063435,1841.3405,4768.9775,0.041833676,1858.3434,2.698452,8.5812935e-05,1.868072e-05,6.550759e-05,0.00020835869,16699.066,0.14928678,232.10818,9.5686984e-05,0.37374765,2.6548729e-05,-1.4263898e-05
320,2019-05-20 00:00:00+03:00,-1.7875178,0.035168327,1909.4585,0.16205683,79439.016,2120.2522,87029.72,1333.4865,6.924796,7.6567165e-05,1.194986,6.0777635e-05,0.15514392,,,,,,8.211912e-05,1.6429412e-05,6.6394896e-05,0.00017142267,16696.295,0.16054396,231.3554,-6.590324e-05,0.6992479,-4.6636684e-05,-2.5837882e-05
321,2019-05-21 00:00:00+03:00,-1.3956684,0.03225269,1901.2788,0.0481722,77147.38,2495.5244,82912.5,1832.8425,6.6453314,0.00014195382,1.0675668,0.00012438722,0.04628384,,,,,,9.1767244e-05,2.2391017e-05,6.915614e-05,0.00023661446,16694.646,0.16397479,230.41705,0.00020185427,0.51976657,8.738012e-05,1.5231132e-05
322,2019-05-22 00:00:00+03:00,-1.5674646,0.03333329,1752.0679,0.049387388,85732.92,1397.4508,93754.266,626.8414,7.234413,0.00012422467,1.1718829,0.000112197136,0.051069368,,,,,,8.705215e-05,2.4332592e-05,6.378121e-05,0.00021400183,16694.973,0.15533793,232.21158,7.8256e-06,0.64948475,7.259616e-06,3.410441e-06
323,2019-05-23 00:00:00+03:00,-1.2805235,0.033270944,1858.6641,0.25679046,93968.59,662.46216,97160.59,351.61606,14.438074,7.6754324e-05,2.0748582,0.00011423982,0.20467505,,,,,,7.328027e-05,1.9754743e-05,5.3876814e-05,0.00018781397,16698.055,0.14838791,232.6131,-1.6709244e-05,1.1634735,-1.4616798e-05,-1.749628e-05
324,2019-05-24 00:00:00+03:00,-1.6649344,0.032540694,1380.075,0.02292852,78593.67,2560.161,82077.98,2094.3333,6.264278,9.039593e-05,1.131314,6.8153066e-05,0.023539688,1842.6809,4030.782,0.052082352,1852.8531,2.190326,7.035547e-05,1.078717e-05,5.9568294e-05,0.00018177705,16700.54,0.14663166,232.31003,-3.1209125e-05,0.5878278,-1.4596395e-05,-8.096751e-06
325,2019-05-25 00:00:00+03:00,-1.6084597,0.032033157,853.91284,0.34025118,93609.59,629.9615,99259.22,129.08205,9.542498,6.461374e-06,1.5810583,-2.4300552e-05,0.18763262,,,,,,6.75281e-05,8.572413e-06,6.104796e-05,0.00019499534,19257.94,0.15495619,232.90929,0.00017068587,0.6212441,8.9062494e-05,3.9011036e-05
326,2019-05-26 00:00:00+03:00,-1.19014,0.030609395,1302.0696,0.74924266,61192.957,4045.5684,69611.625,3045.5688,45.92192,-4.490265e-06,0.8819705,-3.4009132e-05,0.4298686,,,,,,8.265153e-05,,5.211697e-05,0.00017745062,16694.018,0.14697832,233.04135,,,,7.661519e-06
327,2019-05-27 00:00:00+03:00,-0.5014531,0.028156178,1725.2201,0.9955493,60698.477,4192.8857,69007.34,3192.8857,113.13168,,,,,,,,,,0.00012370998,,5.1080093e-05,0.00017054539,16691.07,0.1482819,231.9176,,,,-1.1807125e-05
328,2019-05-28 00:00:00+03:00,-0.6003041,0.030175176,2202.302,0.99949205,73396.79,2583.6387,83076.66,1583.6389,47.90389,,,,,,,,,,8.920327e-05,,4.973761e-05,0.00016872011,16690.832,0.14787987,233.66272,,,,-6.187768e-06
329,2019-05-29 00:00:00+03:00,-1.7681271,0.03313159,740.7537,0.07432189,63592.703,4771.017,67144.16,4164.284,9.529119,5.632135e-05,1.1658957,2.3516694e-05,0.06940433,,,,,,8.1378945e-05,1.7328879e-05,6.5208136e-05,0.00019957553,19271.584,0.15761101,233.18576,-0.00010195188,0.43264413,-4.258297e-05,-3.2410688e-05
330,2019-05-30 00:00:00+03:00,-1.4121977,0.034557432,669.0182,0.0,,,,,,5.0171293e-05,0.927105,8.594987e-06,0.0,1816.6674,3686.7925,0.038148344,1831.1204,2.7082767,7.385493e-05,8.170686e-06,6.5684246e-05,0.00019539334,19293.262,0.15519533,233.27173,0.000779207,0.2987669,0.00019709728,4.0028568e-05
331,2019-05-31 00:00:00+03:00,-0.33098865,0.029472245,1882.562,1.0,78348.61,2172.764,88618.68,1173.5798,37.501694,,,,,,,,,,9.491197e-05,,5.3636966e-05,0.00014060996,16707.76,0.14834051,234.12389,,,,-7.3863853e-06
332,2019-06-01 00:00:00+03:00,-0.88866824,0.029396426,1957.0906,0.20512256,37339.305,8239.767,42911.168,7239.7666,12.687144,5.7542078e-05,0.9414506,1.605014e-05,0.17864253,,,,,,8.0246435e-05,1.3944354e-05,6.899136e-05,0.00020291744,16709.492,0.15510108,231.6166,0.00053785235,0.18710428,8.365736e-05,2.175818e-05
333,2019-06-02 00:00:00+03:00,-1.5422518,0.035180107,1052.461,0.0016199867,100963.9,64.65217,100963.9,64.65217,5.6494083,6.2403415e-05,0.9491258,2.3846434e-05,0.0017796033,,,,,,8.0884885e-05,9.503479e-06,7.138139e-05,0.00020480865,16707.31,0.1571002,232.04974,0.00024054124,0.24809994,6.261375e-05,-3.5454832e-07
334,2019-06-03 00:00:00+03:00,-1.7337276,0.03192875,1368.568,0.0,,,,,,0.00010986725,1.0239272,7.9735575e-05,0.0,1821.3602,3663.1963,0.011022111,1839.7817,3.12188,8.2881e-05,1.599537e-05,6.688562e-05,0.00019846877,14427.871,0.14805585,234.45694,0.00015741371,0.5078895,7.9456404e-05,2.8996681e-05
335,2019-06-04 00:00:00+03:00,-1.420088,0.029153023,1252.3889,0.0,,,,,,0.00013887264,0.9025424,9.394772e-05,0.0,1834.299,3160.5747,0.0049184915,1848.4259,2.6944761,8.852196e-05,2.1578444e-05,6.694351e-05,0.00021186571,16704.81,0.14950216,233.76245,-7.3129166e-05,0.6723285,-5.2291514e-05,-3.1423693e-05
336,2019-06-05 00:00:00+03:00,-1.5214138,0.033219587,1691.6155,0.02272635,93387.34,821.4555,95508.95,585.812,5.367593,0.00015184276,0.8902862,0.00010110671,0.022687573,,,,,,8.723195e-05,2.0069154e-05,6.728438e-05,0.00017534356,16704.436,0.14735305,233.8276,-0.00014930347,0.6108273,-9.211281e-05,-5.7154324e-05
337,2019-06-06 00:00:00+03:00,-1.2962272,0.032126475,2132.615,0.048169468,80869.64,2123.233,86752.0,1478.5475,7.974151,0.00019948422,1.1758128,0.00019459578,0.05118355,,,,,,0.000101975624,3.423635e-05,6.87327e-05,0.000252701,16703.691,0.14697222,233.82397,-3.701807e-05,0.68778133,-3.2266624e-05,-2.444973e-05
338,2019-06-07 00:00:00+03:00,-1.1729099,0.031485014,1998.6617,0.0,,,,,,0.00015567511,1.0258458,0.00012570931,0.0,,,,,,0.00010199251,3.852372e-05,6.346879e-05,0.00022700269,16703.668,0.14811003,233.39839,3.4679986e-05,0.69270456,2.1116031e-05,9.659147e-06
339,2019-06-08 00:00:00+03:00,-2.1769042,0.03205493,2108.7722,0.014649836,76834.7,2611.6665,82338.125,1962.8293,6.8125525,0.00019228112,0.93998766,0.0001438818,0.015706364,,,,,,8.824358e-05,2.2821441e-05,6.501175e-05,0.00021053215,16704.506,0.14798847,235.97974,3.237997e-05,0.509711,1.8480248e-05,8.436375e-06
340,2019-06-09 00:00:00+03:00,-1.8772318,0.031114696,1056.6885,0.005586868,99354.336,201.35747,100493.87,94.15977,7.2641916,9.467975e-05,0.93730456,4.957183e-05,0.0028808725,1824.7655,3452.9424,0.017302675,1839.6772,2.6498542,8.8550616e-05,1.935158e-05,6.9210444e-05,0.00021352689,19295.379,0.15405017,234.33484,5.0492006e-05,0.37552565,1.7120768e-05,-1.7668217e-05
341,2019-06-10 00:00:00+03:00,-1.6446534,0.029524306,1656.6466,0.30776924,41497.766,7287.293,47609.383,6287.2925,13.820358,0.000102854334,1.0169189,6.413351e-05,0.17215659,,,,,,8.877304e-05,2.0218307e-05,6.217634e-05,0.00020832199,16711.586,0.14588758,234.93301,0.00052736024,0.31015024,0.00015544405,-2.8072196e-05
342,2019-06-11 00:00:00+03:00,-1.0262191,0.02919484,3124.6099,0.023264512,63537.5,4351.8867,69244.56,3570.0415,5.2640724,0.0001783376,0.9514587,0.00012751293,0.023827447,,,,,,8.71213e-05,1.689145e-05,7.018607e-05,0.00022799638,14425.277,0.13851017,234.56357,1.2062301e-06,0.53380364,7.0819806e-07,-1.1157344e-05
343,2019-06-12 00:00:00+03:00,-0.74536777,,,0.0005132044,100581.5,53.677765,100581.5,53.677765,5.7388344,0.00017667747,0.932563,0.00011957374,0.0005752551,,,,,,9.684209e-05,3.301941e-05,6.3822685e-05,0.00024182114,14424.666,0.1391045,232.70425,2.8866598e-05,0.5179285,1.5100281e-05,6.6670523e-06
344,2019-06-13 00:00:00+03:00,-1.208586,0.032138564,3014.9717,0.20482405,55895.58,5212.508,63028.156,4249.839,12.927997,0.0002029578,1.1261054,0.00014331675,0.1622125,,,,,,8.924301e-05,2.4698678e-05,6.5268214e-05,0.00020710404,14424.959,0.13301848,234.03593,-0.00021366804,0.61010385,-0.00010952375,-3.5573707e-05
345,2019-06-14 00:00:00+03:00,-2.1155076,0.032688938,2960.0903,0.032629278,71963.83,4074.2083,75646.375,3519.2534,10.1885805,0.00011052303,1.0227104,6.21673e-05,0.029050525,,,,,,8.2650535e-05,1.8574923e-05,6.40831e-05,0.00020227575,14757.498,0.13789746,235.6563,4.6579124e-05,0.5159059,2.4786264e-05,1.0525965e-05
346,2019-06-15 00:00:00+03:00,-1.292953,0.031592015,2282.3877,0.079235524,44027.527,7631.876,48927.098,6737.3535,5.984232,9.4326635e-05,0.9931135,3.7732807e-05,0.07867913,,,,,,8.308397e-05,1.753409e-05,6.2866675e-05,0.00019924433,16707.643,0.13874388,234.79889,0.0004991352,0.33529592,0.00015532272,2.776709e-05
347,2019-06-16 00:00:00+03:00,-0.067350484,0.03354613,2806.972,1.0,82742.305,1697.09,93241.64,697.09,40.913204,,,,,,,,,,7.7614226e-05,,6.185664e-05,0.00015958975,14424.226,0.13560458,237.36385,,,,-3.503393e-05
348,2019-06-17 00:00:00+03:00,-1.4248482,0.030464523,1715.185,6.444877e-05,98689.97,236.37373,100701.18,63.776993,5.5108304,0.0001087313,0.9950278,6.1895e-05,6.4304986e-05,,,,,,7.971961e-05,1.4974943e-05,6.4745036e-05,0.00020333481,16707.707,0.14512263,234.40173,-2.7121872e-05,0.37415642,-1.0147316e-05,-1.2562343e-05
349,2019-06-18 00:00:00+03:00,-1.214498,0.031171681,1189.1035,0.0,,,,,,6.412693e-05,0.98559546,1.6947362e-05,0.0,,,,,,7.470857e-05,1.2693348e-05,6.201522e-05,0.000185037,16710.105,0.14300232,233.51628,-3.469563e-05,0.44377393,-1.8881678e-05,-1.4886599e-05
350,2019-06-19 00:00:00+03:00,-1.5817924,0.030630166,1378.7515,0.0,,,,,,0.00010841472,0.9503293,6.0147482e-05,0.0,1809.2731,3854.2725,0.021078223,1826.7871,2.7420309,7.7627454e-05,1.8647894e-05,5.8979567e-05,0.00017874963,16704.018,0.13942656,235.84775,-1.9017716e-06,0.428051,-1.852316e-06,-5.859091e-06
351,2019-06-20 00:00:00+03:00,-1.8553765,0.031489883,3123.5293,0.033322774,50427.37,8058.6196,52919.477,7391.244,11.005311,0.00018984551,0.9867085,0.0001359627,0.03194937,,,,,,8.5345964e-05,2.4196901e-05,6.0901963e-05,0.00019929052,16696.738,0.13620026,235.86975,0.00014116615,0.48355913,6.377543e-05,1.7907043e-05
352,2019-06-21 00:00:00+03:00,-1.8660276,0.028494667,2028.8331,0.033493776,88090.52,1355.2646,90644.69,1042.6963,4.994091,0.0001265919,1.0534847,9.288331e-05,0.03595876,,,,,,8.969367e-05,2.5256944e-05,6.4436725e-05,0.00017769377,16701.861,0.14229928,235.39702,-0.000105242696,0.8277489,-8.529016e-05,-4.6302437e-05
353,2019-06-22 00:00:00+03:00,-1.2432251,0.028888624,762.876,0.0,,,,,,4.582543e-05,0.9487681,-1.8465448e-07,0.0,,,,,,8.536015e-05,1.5479463e-05,6.988068e-05,0.00022054257,16712.04,0.14659706,234.96794,0.00024403838,0.36524493,6.681692e-05,-1.2174273e-05
354,2019-06-23 00:00:00+03:00,-1.1503993,0.029556606,1166.3722,0.0,,,,,,6.0159487e-05,0.9438224,1.3212838e-05,0.0,1831.076,3164.4382,0.01125263,1851.0493,3.4286036,8.9037894e-05,1.8226387e-05,7.081151e-05,0.00021331654,16714.223,0.15002315,234.05408,2.9027673e-05,0.31597042,4.192132e-06,-1.0003711e-05
355,2019-06-24 00:00:00+03:00,-1.5812522,0.029192487,1781.3279,0.080759324,27576.086,10471.559,31904.0,9471.559,7.3027954,0.00011717932,0.90806353,4.8742957e-05,0.07816701,,,,,,8.502974e-05,1.479469e-05,6.815151e-05,0.00019789563,14432.506,0.14614753,235.41168,6.6162596e-05,0.30197647,2.2639435e-05,-1.6493385e-06
356,2019-06-25 00:00:00+03:00,-1.7031136,0.028333532,3495.5615,0.07314811,29045.477,10042.107,33568.695,9043.547,6.6210694,0.000108987224,0.9593835,4.806924e-05,0.07124664,,,,,,8.736299e-05,1.9795716e-05,6.7663976e-05,0.00020419147,14432.541,0.14333367,235.06592,0.00021495885,0.37599385,7.721301e-05,2.3464852e-05
357,2019-06-26 00:00:00+03:00,-1.743046,0.027025059,2971.5486,0.13368265,42302.64,7669.3174,48130.312,6684.1016,6.920377,0.00010518651,0.997175,4.2763815e-05,0.13090804,,,,,,9.016217e-05,2.3029335e-05,6.56165e-05,0.00021684695,14436.347,0.14300805,235.12067,0.00045160786,0.35376173,0.00013901285,1.8821485e-05
358,2019-06-27 00:00:00+03:00,-1.4474496,0.02898267,1346.3586,0.07100945,95234.09,552.4321,98376.875,254.68982,6.1976576,1.5989755e-05,1.1981704,-3.0226625e-05,0.06743595,,,,,,8.461438e-05,9.586671e-06,7.542907e-05,0.0002337723,22153.043,0.15908292,235.36615,0.0001962119,0.54152054,5.386553e-05,-4.033531e-06
359,2019-06-28 00:00:00+03:00,-1.103012,0.02903789,1385.1475,0.0,,,,,,4.1812586e-05,1.047985,-1.22021e-05,0.0,,,,,,8.6056694e-05,1.0573338e-05,7.548336e-05,0.00021506906,19278.98,0.14986749,234.41693,0.00012758058,0.3780809,3.898737e-05,5.338312e-06
360,2019-06-29 00:00:00+03:00,-1.4517132,0.028290622,1868.0625,0.1772086,51453.785,5628.3945,58579.406,4628.3945,22.830166,0.00010400856,1.1127902,5.733646e-05,0.10854154,,,,,,8.504855e-05,1.5274758e-05,6.990308e-05,0.00020620649,16385.34,0.14405724,235.35965,-1.479411e-05,0.35599726,-5.160563e-06,-1.334465e-05
361,2019-06-30 00:00:00+03:00,-0.99543655,0.02701709,1330.8772,1.4335662e-06,49665.785,5795.695,56574.254,4795.695,5.163765,6.816028e-05,1.1001383,1.3518626e-05,0.00012408028,1819.0197,3668.7078,0.013541535,1834.1885,2.7641194,8.574431e-05,1.5177596e-05,7.056672e-05,0.0002071661,14423.463,0.14290303,235.91325,-0.00013955845,0.47056937,-6.562396e-05,-4.6408335e-05
362,2019-07-01 00:00:00+03:00,-1.5625896,0.02827388,1280.407,0.13151336,92609.05,735.1041,98369.17,202.44719,8.016203,1.845277e-05,1.4402928,-4.6099394e-05,0.089901775,,,,,,8.089171e-05,1.3744365e-05,6.772797e-05,0.00021468644,16695.035,0.15429701,236.24725,5.9855964e-05,0.6268766,2.8541974e-05,-2.2394848e-05
363,2019-07-02 00:00:00+03:00,-0.6884142,0.027530182,1322.3435,0.803801,79114.11,2020.3718,88349.08,1110.0065,21.392189,3.4391735e-05,1.7510228,-1.2579648e-05,0.2507059,,,,,,7.135595e-05,-2.568519e-06,7.03743e-05,0.00015760252,22129.076,0.15935817,237.73366,0.00012156308,0.86400926,0.00010719201,2.7646995e-05
364,2019-07-03 00:00:00+03:00,-1.0316964,0.02540225,948.63544,0.10060735,95672.664,518.54816,97848.06,306.24585,6.53951,3.2040272e-05,1.3609753,-2.221692e-05,0.102153376,,,,,,8.1108636e-05,8.668368e-06,7.273127e-05,0.00021326823,24260.297,0.16527578,235.69936,-0.00010462472,0.66965544,-6.6675086e-05,-4.189809e-05
365,2019-07-04 00:00:00+03:00,-1.4574265,0.028272681,811.87445,0.2133137,85701.97,1402.9138,94526.66,588.0732,14.174904,3.349005e-05,1.5830265,-2.0510488e-05,0.15430155,,,,,,7.498196e-05,8.331499e-06,6.8288384e-05,0.00019371338,22150.5,0.16223025,235.33995,-3.141452e-05,0.6575692,-2.1454678e-05,-1.3609391e-05
366,2019-07-05 00:00:00+03:00,-1.4825743,0.022529358,980.0486,0.26110888,83404.44,1543.748,92871.33,658.0259,10.4051285,3.3506243e-05,1.6358488,-2.0509877e-05,0.19191152,,,,,,7.60719e-05,2.3667421e-06,7.1178954e-05,0.00019645388,24211.807,0.17766863,238.10059,-6.9513386e-05,0.8365488,-6.8551475e-05,-3.6625224e-05
367,2019-07-06 00:00:00+03:00,-1.3594942,0.028238477,1238.5775,0.37016287,37521.5,8046.8623,42589.414,7090.377,17.902176,0.00010811874,0.7485212,1.1089249e-05,0.2051867,,,,,,6.3250816e-05,4.589294e-06,6.568484e-05,0.00017825543,21913.969,0.15245698,236.79503,0.0004263877,0.30258143,9.679519e-05,5.149466e-05
368,2019-07-07 00:00:00+03:00,-0.7372634,0.01924347,1577.2822,0.9610004,73449.234,2509.9539,83263.84,1509.9843,22.434168,,,,,,,,,,7.545023e-05,,7.4259806e-05,0.00016627154,24191.102,0.18165599,237.19736,,,,-7.1908526e-06
369,2019-07-08 00:00:00+03:00,-0.72754204,0.023621066,1699.3186,0.8815746,57799.98,4607.923,65883.29,3607.9229,79.14011,,,,,,,,,,9.686459e-05,,7.0285e-05,0.0002140573,23001.324,0.16685452,236.84863,,,,-3.793714e-05
370,2019-07-09 00:00:00+03:00,-1.7544129,0.02600475,2001.3328,0.31292588,66706.88,3621.004,73286.086,2815.13,12.905169,1.4448724e-05,1.3139458,-5.6445824e-05,0.1938101,,,,,,9.309409e-05,1.8820167e-05,7.405857e-05,0.00021999839,22122.791,0.16395247,235.41504,-3.3814908e-05,0.7609402,-2.679776e-05,-2.079474e-05
371,2019-07-10 00:00:00+03:00,-1.0745918,0.025102295,1507.1506,0.6946212,76793.12,2239.1826,86958.39,1239.1824,27.984118,,,,,,,,,,8.610384e-05,,6.730676e-05,0.00019988758,22130.945,0.1629609,237.23361,,,,-2.8653192e-05
372,2019-07-11 00:00:00+03:00,-1.7862908,0.030280218,1602.4587,0.04599106,53322.836,5500.7427,59755.785,4585.8276,5.2993646,4.3779655e-05,0.91790104,-3.372546e-05,0.045911103,,,,,,8.3038576e-05,1.1742966e-05,7.127167e-05,0.00020497735,19258.402,0.15732843,236.75427,0.0006554631,0.3062176,0.0001984832,9.376958e-05
373,2019-07-12 00:00:00+03:00,-1.8846495,0.028734893,1423.598,0.24504888,66146.445,3491.9912,74638.86,2528.2432,9.647057,-2.8391403e-05,0.83249235,-9.687169e-05,0.11157186,,,,,,8.303775e-05,1.486598e-05,7.044511e-05,0.00021994222,19267.705,0.16568276,236.754,0.0023975414,0.27127817,0.00051023415,0.00023003604
374,2019-07-13 00:00:00+03:00,-1.4356072,0.028150536,1309.8794,0.108916864,82281.59,1843.7136,87677.58,1264.6492,8.95088,-1.0099492e-05,0.88048136,-7.678567e-05,0.05645069,,,,,,8.476252e-05,1.0653603e-05,7.470341e-05,0.00022715423,22140.48,0.16907968,236.66078,0.00030591848,0.25657508,5.496671e-05,-5.2132826e-05
375,2019-07-14 00:00:00+03:00,-1.6055615,0.02911415,1128.2703,0.084648915,70767.94,3171.2715,77878.1,2358.4163,8.776335,6.163138e-05,0.9672909,-1.7480623e-05,0.059515208,,,,,,8.267792e-05,1.3536551e-05,7.0168586e-05,0.0002057185,19266.043,0.16466717,234.18652,4.243647e-05,0.33463743,3.028801e-06,-1.774039e-05
376,2019-07-15 00:00:00+03:00,,,,,,,,,,,,,,,,,,,,,,,,,,,,,
377,2019-07-16 00:00:00+03:00,-1.6710958,0.023483621,1564.8799,0.18016374,66868.68,4069.8096,70571.41,3485.8408,11.706945,6.284255e-05,1.0243151,-1.2326516e-05,0.16041788,,,,,,7.613243e-05,9.384244e-06,6.76453e-05,0.000191689,22124.746,0.1681951,236.70013,0.0005290649,0.51158655,0.00025152278,0.000110151464
378,2019-07-17 00:00:00+03:00,-1.3043644,0.029379692,1636.5413,0.48710567,70996.766,2870.862,80467.44,1877.1067,12.679207,0.000105375155,1.2736058,4.213387e-05,0.2418806,,,,,,7.4776486e-05,1.3889631e-05,6.4840206e-05,0.00019935115,21911.713,0.15801924,236.03719,0.0001983496,0.5372268,0.00010482091,2.435757e-05
379,2019-07-18 00:00:00+03:00,-1.9472079,0.028697012,1300.8188,0.008527938,85667.05,1436.0944,92624.37,760.5684,6.440295,6.584731e-05,0.8024657,-7.853287e-06,0.0060396167,,,,,,8.4216364e-05,1.8375236e-05,6.589899e-05,0.0001669677,19265.244,0.15637784,237.7883,-0.00016768066,0.3382005,-5.5542485e-05,-6.7749876e-05
380,2019-07-19 00:00:00+03:00,-1.6577644,0.035394885,1236.1394,0.0005457391,100957.266,36.272533,100957.266,36.272533,5.023564,6.5060434e-05,0.86103153,-4.523224e-06,0.0005385871,,,,,,8.2280785e-05,1.4673995e-05,6.7606794e-05,0.00020526772,19269.43,0.152577,234.39433,0.0003011542,0.31897926,8.516386e-05,3.9004635e-07
381,2019-07-20 00:00:00+03:00,-1.6407883,0.031405073,1201.3741,0.0031784757,100971.53,45.156776,101058.305,37.11961,5.419872,6.188302e-05,0.855669,-6.9276166e-06,0.0031783935,1813.6111,3668.7222,0.011533151,1830.7552,2.962708,7.9386096e-05,1.3266013e-05,6.612009e-05,0.0001966026,19274.352,0.15458718,236.46513,0.00012010245,0.360391,3.8632894e-05,1.0974678e-05
382,2019-07-21 00:00:00+03:00,-1.0681688,0.029853841,3853.8484,0.6607322,41881.33,7398.231,47948.062,6398.23,19.424389,0.0002811831,0.6079102,9.764825e-05,0.2833352,,,,,,9.202724e-05,,5.736182e-05,0.00017270508,16701.91,0.14713833,236.3211,0.0005299974,0.26685342,0.00012907063,6.8977124e-06
383,2019-07-22 00:00:00+03:00,-0.6463993,0.03196905,1563.2067,0.768684,91269.89,907.66943,100198.86,113.631546,38.268482,-5.2507926e-06,2.3904386,-8.1342136e-05,0.37227818,,,,,,6.539932e-05,,5.8278994e-05,0.00017936576,19276.309,0.15738344,235.2075,5.8120477e-05,1.4175506,8.238872e-05,-9.012533e-06
384,2019-07-23 00:00:00+03:00,-1.8402635,0.028251648,1729.7559,0.011744314,52694.01,5895.4424,58873.52,4982.4688,4.8656106,9.892553e-05,0.9604277,3.422446e-05,0.013216198,1823.6143,3729.418,0.03259934,1838.4281,2.683345,7.006383e-05,1.1637395e-05,5.842643e-05,0.00014461775,16706.223,0.1368163,235.44933,-0.00023547457,0.41626373,-9.8568366e-05,-6.3486565e-05
385,2019-07-24 00:00:00+03:00,-1.5037998,0.028941974,1707.7406,0.0068530967,101008.69,67.3577,101183.7,51.178402,5.2645574,9.3232076e-05,0.89130175,2.1369651e-05,0.006975176,,,,,,7.825575e-05,1.9696268e-05,5.8559483e-05,0.00019593864,16707.377,0.13383803,234.8121,0.00027826978,0.35086238,5.790734e-05,-3.6104102e-05
386,2019-07-25 00:00:00+03:00,-1.6278853,0.030456169,1554.4921,5.0319766e-05,99304.94,209.47737,100895.83,61.389256,5.43749,3.88911e-05,1.0181,-2.0176514e-05,4.8251437e-05,,,,,,7.466964e-05,1.37676325e-05,6.0902006e-05,0.00018456441,16707.414,0.1343688,236.1865,-9.359256e-05,0.40909177,-3.9130988e-05,-2.8518012e-05
387,2019-07-26 00:00:00+03:00,-1.6136613,0.029863503,1886.541,0.3353742,78036.28,2312.0461,85488.125,1520.9175,16.172932,8.727443e-05,1.2878251,4.472802e-05,0.27866066,,,,,,7.7231394e-05,1.626715e-05,6.322301e-05,0.0001907646,19274.979,0.15170585,235.64764,-3.3229244e-05,0.8598565,-2.6657472e-05,-2.1935048e-05
388,2019-07-27 00:00:00+03:00,-1.1084094,0.033132665,2417.6416,0.63754064,57704.5,4716.402,65486.742,3722.5034,19.413065,0.0002134838,0.9349572,0.00013428836,0.19667631,,,,,,8.102426e-05,1.7055709e-05,5.5933793e-05,0.00017269677,16702.066,0.1381013,236.0052,0.00052153866,0.46925437,0.00024875745,6.67602e-05
389,2019-07-28 00:00:00+03:00,-1.5239424,0.032267075,1682.2659,0.0,,,,,,0.00018908868,0.9120212,0.00011883162,0.0,1848.308,3428.339,0.007519683,1862.4336,2.7311904,8.350934e-05,2.2627359e-05,6.088198e-05,0.00021438442,16697.18,0.13681799,236.43884,-5.1477295e-05,0.5853373,-3.1644122e-05,-2.091691e-05
390,2019-07-29 00:00:00+03:00,-1.4123721,0.031588815,2319.7893,0.16330314,63740.94,4044.121,71622.3,3086.066,8.584459,0.0001498952,0.8592953,7.4137846e-05,0.13993445,,,,,,8.563265e-05,2.1852678e-05,6.422849e-05,0.00022246919,16695.197,0.13271523,236.33864,9.392892e-05,0.45113504,2.6688647e-05,9.285799e-06
391,2019-07-30 00:00:00+03:00,-1.0590576,0.030623,1999.46,0.66721904,67376.81,3485.0059,75331.945,2560.9602,32.28356,8.58385e-05,1.2073069,2.3440307e-05,0.2121939,,,,,,7.6346456e-05,2.0519294e-05,5.9982158e-05,0.00018472844,16541.086,0.13437904,236.20474,0.00023235795,0.3829817,6.722637e-05,3.445313e-05
392,2019-07-31 00:00:00+03:00,-1.9892911,0.031549953,1122.5122,0.11771095,86069.05,1429.5365,92506.2,794.13654,10.848202,3.6701185e-05,1.1051769,-1.6045924e-05,0.06593443,,,,,,7.918812e-05,1.9659583e-05,5.9569586e-05,0.00019749899,16703.566,0.1308653,237.38208,0.00017354409,0.50528204,8.668807e-05,4.218475e-05
393,2019-08-01 00:00:00+03:00,-0.9441674,0.035063963,1580.1484,0.8707843,64553.832,3708.0996,73222.8,2708.0996,29.207178,,,,,,,,,,7.4213254e-05,,6.331833e-05,0.00018118678,17987.191,0.1392273,236.47281,,,,-1.1033299e-05
394,2019-08-02 00:00:00+03:00,-2.1043472,0.033849716,1248.3435,0.20515338,80545.17,1943.8516,89059.34,1098.5698,8.339,3.7682603e-05,1.1157168,-2.6523696e-05,0.11961521,,,,,,7.738138e-05,1.13651595e-05,6.537215e-05,0.0002055632,19265.088,0.14290476,236.21706,0.00041351578,0.4332143,0.0001459941,5.338471e-05
395,2019-08-03 00:00:00+03:00,-2.020383,0.029499995,1935.3245,0.3176037,70398.945,3046.0325,79442.766,2074.601,7.8722796,4.772042e-05,1.2353412,-4.727407e-06,0.24637797,,,,,,7.77243e-05,1.2608016e-05,6.4995394e-05,0.0001656984,19264.686,0.1475517,237.41841,7.846663e-05,0.6147028,4.5362736e-05,2.7408292e-05
396,2019-08-04 00:00:00+03:00,-1.5183964,0.032035436,1791.5415,0.240448,50040.555,5899.326,56817.008,4929.662,13.595053,6.0739552e-05,0.92531383,-5.0212366e-06,0.20468973,,,,,,8.247068e-05,1.605265e-05,6.512305e-05,0.00020307925,19265.148,0.15161481,235.71365,0.00011328752,0.3865615,2.5437643e-05,5.2708447e-07
397,2019-08-05 00:00:00+03:00,-1.6771377,0.03537166,1292.0896,0.02117148,97271.484,357.23822,98502.49,231.20169,5.2081122,5.7614634e-05,0.98580796,-3.4300347e-06,0.021336783,,,,,,8.018892e-05,1.4169411e-05,6.601951e-05,0.00020315227,16699.227,0.15210578,236.48985,0.00039004092,0.3119192,0.00012557996,4.3274253e-05
398,2019-08-06 00:00:00+03:00,-1.6196122,0.03402424,1934.2358,0.49908108,80847.41,1979.3962,86559.61,1356.4636,21.987255,6.2382926e-05,1.1121573,7.932332e-06,0.12108548,,,,,,8.342659e-05,2.309301e-05,5.978882e-05,0.00018737183,16698.969,0.14904216,236.9299,-0.00017832249,0.4373474,-7.186833e-05,-3.420762e-05
399,2019-08-07 00:00:00+03:00,-1.6076906,0.03537333,1922.772,0.06181049,76884.64,2401.1294,86338.57,1442.6124,4.8654685,9.817388e-05,1.0828519,4.6881614e-05,0.061711296,,,,,,7.820028e-05,1.4090254e-05,6.4110034e-05,0.00020763295,16874.562,0.15219922,236.73227,0.00010554434,0.5690522,5.9794544e-05,-8.3682935e-06
400,2019-08-08 00:00:00+03:00,-1.4463446,0.029174758,1962.5267,0.82050955,70443.836,2931.0044,79771.94,1931.0044,18.78298,7.928253e-05,1.3513719,3.155385e-05,0.32818615,,,,,,7.911442e-05,2.0801197e-05,6.321779e-05,0.00017185215,19248.172,0.15740784,235.74756,-0.0003287677,0.6115143,-0.00020591161,-2.8783188e-05
401,2019-08-09 00:00:00+03:00,-1.4349769,0.027354075,1791.5198,0.111280434,81960.39,1809.2921,89655.305,1040.4438,6.4995894,6.896003e-05,1.3863351,2.7699272e-05,0.11044609,,,,,,8.346948e-05,2.1165253e-05,6.4117245e-05,0.0002249312,20695.176,0.15941106,234.73895,6.722544e-05,0.84923023,5.0128932e-05,1.4363131e-05
402,2019-08-10 00:00:00+03:00,-0.8668835,,,0.959033,52371.508,5362.296,59629.953,4362.296,36.157516,,,,,,,,,,0.000100278725,,4.83693e-05,0.00016620217,14425.041,0.13850754,235.82109,,,,-6.481603e-05
403,2019-08-11 00:00:00+03:00,-1.7248406,0.035105214,1222.9893,0.02681045,92248.266,960.991,95042.02,663.4021,4.9525814,7.2303985e-05,0.98222446,2.5076179e-06,0.02709484,,,,,,7.482416e-05,1.5708794e-05,5.9115366e-05,0.00018618279,19272.955,0.146904,235.92459,-0.000110373294,0.4432178,-5.268929e-05,-4.4789496e-05
404,2019-08-12 00:00:00+03:00,-1.29568,0.035665102,1951.3777,0.7016057,60474.812,4228.0513,68668.336,3228.0518,24.207325,0.00020793731,0.85040796,0.00010724955,0.40686393,,,,,,8.756202e-05,,5.0485804e-05,0.00016237664,16699.914,0.13236754,234.67776,,,,-4.157972e-05
405,2019-08-13 00:00:00+03:00,-1.6816988,0.031992853,1683.4341,0.1328264,85665.56,1472.7446,93196.88,743.44946,5.6339216,5.594286e-05,1.288522,5.924574e-06,0.13169001,,,,,,7.40636e-05,1.4882447e-05,5.794932e-05,0.00020558166,18040.219,0.14140199,235.82559,7.663498e-05,0.55554247,1.398483e-05,4.0947025e-06
406,2019-08-14 00:00:00+03:00,-1.1223888,0.03405992,1308.9326,0.30269694,41098.543,7656.126,47069.633,6656.126,8.796328,5.9173362e-05,1.0649093,2.200798e-06,0.24840388,,,,,,7.556759e-05,1.4214009e-05,6.4108965e-05,0.00021012305,19267.22,0.1514835,235.99783,0.00022583011,0.55779254,9.8203374e-05,9.866502e-06
407,2019-08-15 00:00:00+03:00,-1.5765295,0.034695186,1346.9758,0.14060318,89254.09,1154.7533,93954.766,686.69354,6.2534323,6.122136e-05,1.2816885,2.0381003e-05,0.1275141,,,,,,7.127346e-05,9.605461e-06,6.2873296e-05,0.00019212421,19271.188,0.14698605,235.36014,0.00013551711,0.53061414,6.530259e-05,2.7899478e-05
408,2019-08-16 00:00:00+03:00,-1.7111022,0.035267502,1548.0056,0.16728818,69737.03,3322.4475,76402.95,2528.4148,6.0911837,8.6550164e-05,1.001374,2.7546908e-05,0.165577,,,,,,8.197529e-05,2.3764058e-05,5.6166587e-05,0.000190174,19268.723,0.14538378,235.6181,3.4548677e-05,0.3984092,1.8411767e-05,-2.738072e-06
409,2019-08-17 00:00:00+03:00,-1.8116188,0.035881527,1730.8003,0.07158564,91620.53,898.8464,97426.94,358.34845,5.246499,0.0001560144,0.9924573,9.359785e-05,0.06916721,,,,,,7.593326e-05,2.076902e-05,5.5120363e-05,0.00018721301,18943.95,0.13980214,236.05142,8.012257e-06,0.45165476,8.156006e-06,-2.1452884e-06
410,2019-08-18 00:00:00+03:00,-1.5226359,0.032040723,2231.7976,0.13046165,35241.4,8360.449,40568.1,7360.4487,6.925309,0.00012621965,0.8430617,5.169613e-05,0.11942747,,,,,,7.900085e-05,2.4851293e-05,5.2756506e-05,0.00018619755,16533.17,0.13360101,234.88663,0.0006382404,0.27346462,0.00015453082,1.507778e-05
411,2019-08-19 00:00:00+03:00,-1.7650223,0.033729862,1604.741,0.584694,51152.867,5533.264,58203.074,4533.264,11.152798,0.00012626726,0.8670404,6.249397e-05,0.37448466,,,,,,7.176497e-05,,5.571547e-05,0.00014489252,16701.64,0.1320644,236.09258,0.0007817731,0.27374604,0.00021894141,4.4859476e-06
412,2019-08-20 00:00:00+03:00,-1.8287611,0.033341967,1952.7607,0.08354591,59396.117,5398.992,64142.227,4652.5347,5.9253745,4.2591026e-05,1.0240731,-8.053761e-06,0.08191882,,,,,,7.287759e-05,1.5087184e-05,5.7702247e-05,0.00019207314,16711.35,0.14312835,233.71956,9.370511e-06,0.392777,6.3980197e-06,-1.2598509e-05
413,2019-08-21 00:00:00+03:00,-1.0706167,0.034236416,1526.4526,0.76400375,54393.33,5085.7627,61967.117,4085.7627,24.439384,,,,,,,,,,7.801396e-05,,5.3983054e-05,0.00017280015,16712.676,0.13248068,234.1726,,,,
414,2019-08-22 00:00:00+03:00,-1.7181139,0.03810902,946.8367,0.09853243,91791.69,978.7512,97268.8,434.32874,5.2001743,1.3900293e-05,1.1479846,-2.5055666e-05,0.098636806,,,,,,6.442769e-05,5.7037387e-06,5.855533e-05,0.000175494,18011.535,0.13824925,234.21031,3.5335404e-05,0.52292305,2.6136036e-05,-2.485156e-06
415,2019-08-23 00:00:00+03:00,-1.8601665,0.036547758,1828.6199,0.06974795,73332.484,3032.6455,80929.5,2171.063,4.857853,5.019157e-05,0.9296439,-2.5268828e-06,0.06819047,,,,,,7.600723e-05,2.1281587e-05,5.472325e-05,0.00018907728,16570.707,0.13079861,233.58276,0.000472794,0.33939946,0.0001462399,1.2278368e-05
416,2019-08-24 00:00:00+03:00,-1.8188381,0.031399187,1734.136,0.0,,,,,,6.090331e-05,1.065019,2.0873156e-05,0.0,,,,,,7.0584996e-05,1.5563806e-05,5.5021188e-05,0.00015378237,14431.9375,0.13191055,233.26367,0.00034918237,0.3482404,0.00012082256,4.937167e-05
417,2019-08-25 00:00:00+03:00,-1.5213548,0.030554265,1431.4163,0.04010206,93035.36,857.6899,95826.55,561.43616,4.8773694,0.000114102426,0.93106896,5.9344173e-05,0.042109936,1841.4492,3253.4062,0.0072272015,1851.6947,2.752411,7.67467e-05,2.2747743e-05,5.3998956e-05,0.00019785846,14432.055,0.13126004,233.33665,0.00070446375,0.27830273,0.00016407331,2.766887e-05
418,2019-08-26 00:00:00+03:00,-1.8074689,0.03219071,1980.5979,0.048858754,80001.945,2477.996,84799.52,1901.5873,5.076243,0.0001127086,0.9070791,5.381911e-05,0.049923506,1835.1682,3951.4336,0.019096836,1852.1049,3.2244198,7.786986e-05,2.673982e-05,5.1179428e-05,0.00019231891,14431.479,0.1324405,233.1015,0.00021856031,0.31303868,6.591174e-05,1.30183835e-05
419,2019-08-27 00:00:00+03:00,-1.7174363,0.033122785,1455.8171,0.023851484,99768.44,184.35263,100465.63,110.80558,5.018628,0.00015062196,0.89736354,8.580206e-05,0.023993041,,,,,,6.8644615e-05,2.065289e-05,4.799173e-05,0.00016935582,13058.934,0.12823135,232.90231,6.5251515e-05,0.32707012,2.183103e-05,-5.2614632e-06
420,2019-08-28 00:00:00+03:00,-1.6262145,0.03249338,1441.4977,0.026061801,95489.37,589.93317,99014.17,248.58519,4.853584,0.00012622985,0.92998403,6.846512e-05,0.02685209,1832.4443,3749.7666,0.008544775,1843.0637,2.6403472,7.142466e-05,2.2291759e-05,4.9132905e-05,0.00018443324,14429.045,0.1319208,232.42789,-5.6629677e-05,0.59515333,-3.4734792e-05,-2.0084677e-05
421,2019-08-29 00:00:00+03:00,-1.5035264,0.03505557,2573.7646,0.57696843,62652.094,4107.8257,70138.02,3178.6123,19.280724,0.00021323535,0.8526392,0.00013770313,0.28558004,,,,,,7.839395e-05,2.8542492e-05,5.098201e-05,0.00018984328,14427.789,0.13065556,233.87839,-0.00015088062,0.415409,-6.152264e-05,-1.293797e-05
422,2019-08-30 00:00:00+03:00,-1.6003572,0.033251658,1671.7161,0.07896193,92199.11,884.1676,97548.27,372.68335,4.941534,8.825569e-05,1.1184075,4.9719005e-05,0.08002085,,,,,,6.23323e-05,1.1836481e-05,5.0495815e-05,0.00018325268,16562.742,0.1272592,232.10464,0.00022972834,0.35340327,6.172124e-05,-1.956783e-05
423,2019-08-31 00:00:00+03:00,-1.5914359,0.030020088,1232.784,0.106016606,75514.12,2814.81,83094.875,1969.8481,5.391863,8.7616485e-05,1.1148391,4.5055025e-05,0.10528227,,,,,,6.304708e-05,1.5171775e-05,4.8389964e-05,0.00016707633,14429.6,0.12315538,231.87442,2.0631336e-05,0.34958237,3.0109518e-06,-1.2749337e-05
424,2019-09-01 00:00:00+03:00,-1.6560061,0.03077599,1752.4695,0.048766613,78243.48,2271.2236,86541.89,1405.8304,4.5956373,0.00012758702,0.96034324,7.188716e-05,0.04800085,,,,,,6.4047796e-05,1.545816e-05,4.858964e-05,0.00016863074,14424.642,0.122683086,233.07751,5.5374654e-05,0.31228876,1.5560892e-05,-1.0067589e-05
425,2019-09-02 00:00:00+03:00,-0.9420426,0.030814093,2197.946,0.8639034,56080.92,4837.9067,63731.15,3837.9067,21.788189,,,,,,,,,,7.180577e-05,,4.3893357e-05,0.00015140515,16702.035,0.12425466,233.28867,,,,-1.5458812e-05
426,2019-09-03 00:00:00+03:00,-1.688211,0.032575347,1315.1523,0.23859307,70604.19,3234.6333,79061.516,2307.7585,5.2427297,6.2147265e-05,1.1236577,1.9580772e-05,0.2045965,,,,,,6.343919e-05,1.23578675e-05,4.9535698e-05,0.00017830875,19280.523,0.1335621,233.23213,0.00022953373,0.47753477,8.3566e-05,-6.6702346e-06
427,2019-09-04 00:00:00+03:00,-2.019107,0.02973102,1171.5135,0.18941125,79461.65,2078.346,89010.68,1141.1941,6.5216255,3.6072033e-05,1.34576,8.4576817e-07,0.15153292,,,,,,6.0138627e-05,1.4425857e-05,4.7173045e-05,0.00014259241,14426.186,0.122820795,234.4952,-3.720066e-05,0.5153014,-2.9824789e-05,-1.7691438e-05
428,2019-09-05 00:00:00+03:00,-0.95966375,,,0.8179515,65884.51,3505.971,74735.45,2505.971,30.82212,,,,,,,,,,8.249506e-05,,4.7227026e-05,0.0001748156,13836.018,0.12109728,232.55188,,,,-1.92396e-05
429,2019-09-06 00:00:00+03:00,-1.5254337,0.035067014,817.1825,0.2269158,86989.3,1327.8638,95850.22,512.58673,6.131651,1.5100184e-05,1.3255538,-2.2942673e-05,0.22288772,,,,,,6.247486e-05,1.3027738e-05,4.9584996e-05,0.00017976477,16888.04,0.13502413,232.61905,7.968786e-05,0.5955255,4.894951e-05,1.6094626e-05
430,2019-09-07 00:00:00+03:00,-1.5296395,0.03606389,983.99603,0.16052938,52040.484,5780.6387,59215.477,4790.506,4.957523,9.281993e-05,1.0035737,4.8204667e-05,0.16018423,,,,,,6.819419e-05,1.8207318e-05,4.86367e-05,0.00016954212,16710.537,0.13319024,232.38306,0.00010054652,0.3636759,3.4010078e-05,-1.7472689e-06
431,2019-09-08 00:00:00+03:00,-1.0104482,0.033540335,2293.1648,0.94031316,54817.914,4999.955,62461.91,3999.955,15.884326,,,,,,,,,,8.535512e-05,,4.470826e-05,0.00016042874,16705.238,0.131661,231.81645,,,,1.4776575e-05
432,2019-09-09 00:00:00+03:00,-2.0936985,0.03492302,1699.9525,0.044221405,66686.19,3540.9648,75419.1,2553.2053,4.4419045,0.00015301317,0.957441,0.000108841516,0.047537703,1847.8177,4782.64,0.060335904,1860.268,2.7958217,8.01681e-05,3.25197e-05,4.7235695e-05,0.00016875952,16704.225,0.12785237,230.21988,0.00015544832,0.55151707,8.549761e-05,3.1400607e-05
433,2019-09-10 00:00:00+03:00,-1.0042601,0.033614337,1354.5376,0.7409409,77086.63,2270.9568,87151.76,1270.9565,42.133995,0.00010644374,1.2408832,9.019741e-05,0.33685285,,,,,,7.815713e-05,2.805248e-05,5.0404014e-05,0.00020804137,19266.184,0.1385144,230.76306,0.00014593992,0.5319516,4.5412038e-05,1.0579065e-05
434,2019-09-11 00:00:00+03:00,-1.074301,0.031971626,1093.1055,0.643504,78878.49,2128.129,89024.2,1142.4264,18.869978,4.9402654e-05,1.4814317,2.6322909e-05,0.32575285,,,,,,6.389007e-05,1.04176415e-05,4.827157e-05,0.00018270926,16709.988,0.1369519,231.4169,0.00050126243,0.5354423,0.00024048724,3.2417377e-06
435,2019-09-12 00:00:00+03:00,-1.1029935,0.0324317,1303.6648,0.5964309,84757.05,1584.8646,94331.8,684.9044,14.557991,-1.5850019e-05,1.6854141,-8.659444e-05,0.31151652,,,,,,6.722532e-05,1.5945838e-05,4.3919877e-05,0.00017211995,15406.047,0.12637319,231.5271,-3.9128226e-05,0.46608418,-4.002996e-05,-1.7329792e-05
436,2019-09-13 00:00:00+03:00,-0.5293702,0.033789188,2267.3025,0.99973255,69799.41,3350.3433,78647.49,2376.231,55.84943,,,,,,,,,,0.00012903272,,4.158874e-05,0.0001861343,16554.623,0.1250801,230.4191,,,,-2.7830283e-05
437,2019-09-14 00:00:00+03:00,-1.2651101,0.035256702,831.1649,0.35950372,64622.336,4130.456,70986.88,3312.259,5.7510324,1.2747718e-05,1.0528768,-2.5627925e-05,0.12953672,,,,,,6.666854e-05,1.1238902e-05,4.641941e-05,0.00017812595,19292.95,0.12991321,230.28697,0.00016069275,0.5796357,9.3197326e-05,1.9607092e-05
438,2019-09-15 00:00:00+03:00,-0.78455424,,,0.9908416,52626.477,5213.3486,59986.16,4213.3486,126.21459,,,,,,,,,,,,,,,0.11667372,230.02393,,,,2.2001104e-05
439,2019-09-16 00:00:00+03:00,-1.410298,0.033435978,764.3535,0.30436885,81168.42,1774.5922,90863.2,853.8402,7.5516033,1.5346617e-05,1.3697538,-2.195775e-05,0.25539652,,,,,,5.9740305e-05,1.3403099e-05,4.7788653e-05,0.00017752568,17971.43,0.13002133,230.14043,2.4696063e-05,0.53929687,1.7672479e-05,1.8818444e-05
440,2019-09-17 00:00:00+03:00,-1.1687315,0.033260673,1065.0938,0.6336498,67253.125,3213.29,76561.69,2214.0605,20.78896,7.903407e-06,1.3679082,-4.0083905e-05,0.35459232,,,,,,6.1451035e-05,8.876699e-06,4.939034e-05,0.00017615121,23149.406,0.14758745,232.06567,-7.894591e-06,0.5704698,-7.74548e-07,-1.13607675e-05
441,2019-09-18 00:00:00+03:00,-0.8243735,,,0.888379,47592.273,5733.0825,54749.406,4733.083,32.598244,0.00017562878,0.7997151,9.823919e-05,0.40334433,,,,,,6.460501e-05,4.1679355e-05,4.771901e-05,0.0001616796,24228.816,0.15170561,232.53021,-1.1249656e-05,0.6225467,-7.003436e-06,6.4958904e-06
442,2019-09-19 00:00:00+03:00,-1.2533524,0.033948556,909.0966,0.45638376,69156.875,3087.3982,78443.47,2108.534,10.656887,7.080133e-06,1.2065384,-3.379711e-05,0.3218279,,,,,,5.0885934e-05,8.525578e-06,4.1022817e-05,0.00015356255,22167.896,0.1527055,230.96188,0.0006687188,0.6277464,0.0003432862,4.670824e-05
443,2019-09-20 00:00:00+03:00,-1.9544464,0.033344887,842.8346,0.21682103,65741.92,3501.5137,74978.48,2501.5137,7.773946,5.156502e-05,1.203366,1.4126488e-05,0.18740433,,,,,,5.305677e-05,1.0604613e-05,4.3236585e-05,0.00013599337,16711.986,0.13832456,230.52805,0.00027865078,0.5553918,0.00013861014,2.8863753e-05
444,2019-09-21 00:00:00+03:00,-0.77496594,0.028009562,1523.2489,0.8809228,90915.05,928.10175,100616.17,77.74803,29.912548,,,,,,,,,,5.2424308e-05,,4.4171917e-05,0.00016850095,14426.463,0.1258953,229.14505,,,,-1.9791798e-05
445,2019-09-22 00:00:00+03:00,-1.1377888,0.028465334,1269.4734,0.4608134,97257.13,366.29413,100813.44,57.204544,8.473973,8.037513e-05,1.4437096,6.53382e-05,0.30085927,,,,,,5.839169e-05,2.1730153e-05,4.3300563e-05,0.00018155924,14425.525,0.123731345,230.39604,-3.0083487e-05,0.4047559,-3.1291424e-05,-1.4843343e-05
446,2019-09-23 00:00:00+03:00,-1.4185982,0.03693812,673.16003,0.08078015,65106.098,3895.7593,73578.734,2924.007,4.4561906,2.386406e-05,0.90530205,-1.4845336e-05,0.08453722,,,,,,6.864391e-05,2.2607474e-05,4.6036435e-05,0.00017372143,16712.441,0.1347901,229.53683,0.00059455435,0.24809782,0.0001474388,3.780839e-05
447,2019-09-24 00:00:00+03:00,-1.3596478,0.028204352,1077.1051,0.08798085,73271.25,2733.4207,82573.57,1771.3657,4.1956835,6.556205e-05,0.95357454,2.6298103e-05,0.09584028,1825.2184,3221.61,0.0130496975,1835.6122,3.0569556,6.858755e-05,2.4065255e-05,4.4352724e-05,0.00017797423,14427.865,0.1259608,229.7731,0.0010150282,0.23477608,0.00020665095,2.780873e-05
448,2019-09-25 00:00:00+03:00,-1.70263,0.028709095,900.7675,0.8406511,58636.277,4366.661,66827.266,3366.661,19.892994,-0.00011592372,0.9124674,-0.00013821913,0.3506976,,,,,,6.567643e-05,,4.3363852e-05,0.00013696669,16700.674,0.1284367,229.20934,0.00029080376,0.2665926,7.752612e-05,6.526229e-06
449,2019-09-26 00:00:00+03:00,-1.380734,0.032545693,1145.502,0.11289253,80750.03,1982.6304,86739.7,1341.8594,4.1749897,0.00015501093,0.8300891,7.7752855e-05,0.11625898,1832.2133,3326.2693,0.005663205,1842.2272,3.159732,6.5923465e-05,2.0075124e-05,4.584834e-05,0.00019601217,16701.504,0.12773985,227.98117,0.00042717074,0.30196315,0.00013027432,2.0995154e-05
450,2019-09-27 00:00:00+03:00,-1.4382408,0.032804716,955.41956,0.09643883,84208.04,1612.5927,90829.266,949.9047,4.452986,9.029818e-05,0.8484739,4.4716777e-05,0.10021235,,,,,,6.860258e-05,2.5032532e-05,4.357005e-05,0.00019031591,16702.074,0.12172596,229.09131,0.00016927595,0.27119982,4.4303815e-05,-1.6331096e-05
451,2019-09-28 00:00:00+03:00,-0.70272076,0.030914107,1285.8158,0.7907251,66602.16,3713.7078,74177.7,2823.0942,22.197855,4.2820433e-05,1.8994043,5.8565012e-05,0.33541209,,,,,,7.06249e-05,6.644547e-06,4.3957647e-05,0.00017008558,19256.568,0.122966126,230.54698,,,,
452,2019-09-29 00:00:00+03:00,-1.226822,0.030223731,1524.6489,0.66331184,71355.164,2873.1494,80633.86,1896.9236,22.817339,0.00019239089,1.1379821,0.00012781796,0.4217003,,,,,,7.0215596e-05,1.4014353e-05,3.970915e-05,0.0001725206,19244.281,0.12973174,229.77777,0.00026161925,0.48569718,0.00012794978,-2.0293062e-05
453,2019-09-30 00:00:00+03:00,-0.7238284,0.027504923,2064.1394,0.9663454,63690.164,3738.803,72237.83,2745.4973,32.412052,,,,,,,,,,0.00012934941,,3.8405185e-05,0.00017220307,19208.588,0.13100222,229.02466,,,,
454,2019-10-01 00:00:00+03:00,-1.0733504,0.03011005,893.7517,0.52098936,61068.54,3954.8867,69570.516,2954.8867,20.242596,5.258482e-05,1.0475543,7.6088327e-06,0.33006072,,,,,,8.1936494e-05,1.832948e-05,3.8684426e-05,0.00018595225,16683.787,0.13046241,228.33855,0.0002359211,0.41419825,9.2825816e-05,1.4000201e-06
455,2019-10-02 00:00:00+03:00,-0.7730597,,,0.99919593,46516.586,5942.7036,53312.78,4942.7036,62.823822,,,,,,,,,,0.00010788947,,4.2797925e-05,0.00018751525,19238.182,0.13205773,228.67328,,,,-4.004147e-06
456,2019-10-03 00:00:00+03:00,-1.2147589,0.030701712,1025.6576,0.29930592,81912.47,1685.3674,91846.78,758.58545,5.7758193,6.307072e-05,1.4233186,4.8306218e-05,0.28603464,,,,,,6.3027146e-05,1.7111342e-05,4.6443398e-05,0.00020135226,22125.727,0.14359567,229.35992,0.00021181708,0.67110944,0.00014288894,2.6478276e-05
457,2019-10-04 00:00:00+03:00,-1.2462246,0.032617785,928.54553,0.46332377,82870.84,1595.2593,93495.06,625.2802,10.716307,-5.860118e-06,1.2870098,-5.071923e-05,0.38371047,,,,,,5.5471923e-05,1.8524064e-05,4.100558e-05,0.00016865483,22139.457,0.13433313,230.36014,,,,-7.461173e-06
458,2019-10-05 00:00:00+03:00,-1.4617298,0.034726687,593.49634,0.19177738,85224.42,1423.7668,94599.305,581.05664,3.3591702,2.449097e-05,1.0775334,-6.270493e-06,0.20345344,,,,,,5.673534e-05,1.7919709e-05,3.8852704e-05,0.00016817189,22162.86,0.13804972,229.22125,,,,6.397946e-05
459,2019-10-06 00:00:00+03:00,-2.1085436,0.031424347,570.3165,0.19474553,65844.5,3494.9604,75126.17,2498.5442,5.3554974,1.7466315e-05,1.0740654,-1.369728e-05,0.1908341,,,,,,5.9006255e-05,1.912321e-05,3.7977148e-05,0.00014485508,22177.557,0.15037096,228.96529,,,,2.5687574e-05
460,2019-10-07 00:00:00+03:00,-0.6553752,,,0.9030067,62671.605,3756.733,71670.83,2756.7332,53.481243,,,,,,,,,,6.0844854e-05,,3.938078e-05,0.00016709357,22161.469,0.14928308,228.36206,,,,-9.259485e-06
461,2019-10-08 00:00:00+03:00,-0.794879,0.027203688,1416.3999,0.9634163,61132.57,3944.7456,69724.16,2944.7456,53.80854,,,,,,,,,,9.989953e-05,,3.6757592e-05,0.00017046795,15385.815,0.12765107,228.28662,,,,
462,2019-10-09 00:00:00+03:00,-1.002983,0.029937143,1020.51917,0.48816058,79328.37,2090.0322,88765.055,1173.968,25.301243,2.4609359e-05,1.4076848,8.3332725e-07,0.3539282,,,,,,5.9921258e-05,1.6033511e-05,4.126757e-05,0.00018229528,22116.197,0.13197672,228.17441,,,,
463,2019-10-10 00:00:00+03:00,-0.7586956,0.03202551,1411.5853,0.90387106,65789.766,3428.2883,74867.81,2428.2883,22.014078,,,,,,,,,,0.00010954648,,4.236962e-05,0.00023456075,23149.488,0.1371578,227.66638,,,,
464,2019-10-11 00:00:00+03:00,-1.499903,,,0.9997131,62427.18,3788.3647,71166.76,2788.3647,80.81235,,,,,,,,,,8.629959e-05,,3.7276855e-05,0.0001467519,19255.934,0.14096163,226.36635,,,,
465,2019-10-12 00:00:00+03:00,-0.8145578,,,0.9073125,44938.39,6336.915,51481.875,5336.915,56.63632,,,,,,,,,,,,,,,0.12043536,226.35822,,,,
466,2019-10-13 00:00:00+03:00,-1.0233183,0.030989587,1667.5641,0.62747574,58287.977,4452.598,66358.49,3452.5981,9.960213,4.3544096e-05,0.95024204,1.8181456e-05,0.48021704,,,,,,0.00010364669,4.742874e-05,3.3009706e-05,0.00016365346,14424.798,0.12186067,226.07913,,,,
467,2019-10-14 00:00:00+03:00,-0.9912355,0.031303085,726.5733,0.3527947,56170.32,4982.0693,63865.867,3984.6873,25.077715,6.468309e-05,0.9723315,3.194959e-05,0.25274152,,,,,,7.518072e-05,3.7897425e-05,3.4530065e-05,0.00016259201,14423.113,0.12155227,227.18692,,,,
468,2019-10-15 00:00:00+03:00,-1.1542982,0.03332594,1459.4799,0.16729052,79093.75,2139.554,88150.625,1233.323,3.4321184,0.00012001587,1.1235008,0.00010838166,0.17910779,1818.752,5493.1934,0.04903213,1835.4854,4.3395367,6.6596695e-05,3.420112e-05,3.2387128e-05,0.00016584003,14426.391,0.121873796,225.46216,,,,
469,2019-10-16 00:00:00+03:00,-1.1399046,0.028471483,1516.1212,0.20194742,75446.58,2459.9058,84901.54,1479.4,2.8524323,7.90555e-05,0.85264456,4.017228e-05,0.22252645,1826.051,3942.467,0.02280345,1839.5085,3.7307293,7.996528e-05,4.5732253e-05,3.4233017e-05,0.00019239658,14420.688,0.12495918,225.39536,,,,
470,2019-10-17 00:00:00+03:00,-0.71903354,0.031665422,1353.8456,0.9962903,83035.234,1613.9048,93402.78,650.47363,100.38422,,,,,,,,,,6.804426e-05,,3.236934e-05,0.000186606,16699.21,0.12593356,224.45555,,,,
471,2019-10-18 00:00:00+03:00,-0.64230794,0.02770417,1721.381,0.9641535,51974.062,5310.4033,59321.797,4310.4033,60.56303,,,,,,,,,,,,,,,0.1250789,224.17604,,,,
472,2019-10-19 00:00:00+03:00,-0.76315737,,,0.5913188,29617.645,9206.293,34431.973,8206.293,17.366152,0.0001988155,0.56224024,7.5394586e-05,0.4485015,,,,,,7.4527146e-05,3.6613044e-05,3.211479e-05,0.00014761185,16700.72,0.12618458,224.88336,,,,
473,2019-10-20 00:00:00+03:00,-0.51766753,0.030495265,2223.9087,0.68202853,40900.547,7251.8027,47016.953,6251.8027,7.355319,0.00015246416,0.6395651,7.17363e-05,0.4698157,,,,,,0.00010528877,5.9162998e-05,3.001481e-05,0.00015854232,16701.996,0.12527385,223.894,,,,
474,2019-10-21 00:00:00+03:00,-0.7800619,0.030802933,2032.1628,0.52992874,54463.562,5047.557,62068.156,4047.5571,5.8807425,5.432388e-06,1.0311868,-1.471848e-06,0.3905784,,,,,,7.380871e-05,3.7195503e-05,2.66934e-05,0.00015794915,14428.227,0.124752074,222.09846,,,,
475,2019-10-22 00:00:00+03:00,-1.3899971,0.030158486,1364.9535,0.93741167,95475.28,544.5105,101241.42,23.272202,46.18848,,,,,,,,,,5.1735093e-05,,3.1068877e-05,0.00017030553,14428.572,0.11817025,221.20392,,,,
476,2019-10-23 00:00:00+03:00,-0.5778206,0.03048291,575.5747,0.69888186,89291.48,1101.2632,99426.84,200.14485,17.675531,0.0001766792,1.5682273,0.00020226877,0.5026325,,,,,,4.962088e-05,1.6589755e-05,3.1865668e-05,0.00018448295,14428.873,0.117369175,219.53455,,,,
477,2019-10-24 00:00:00+03:00,-0.9622539,0.030873569,1575.3224,0.16484524,71771.234,2959.1597,81189.16,1959.1597,4.143423,0.00013110055,1.1197073,0.00013001129,0.17203782,,,,,,7.018645e-05,3.8398735e-05,3.1787706e-05,0.00019828836,13056.857,0.11440631,219.49762,,,,
478,2019-10-25 00:00:00+03:00,-0.21457815,0.029783823,1853.1068,0.9687809,84858.766,1532.39,93695.24,694.1623,34.983498,,,,,,,,,,0.0001330249,,2.6636531e-05,0.00019862961,14424.839,0.112744674,219.88351,,,,
479,2019-10-26 00:00:00+03:00,-0.7596472,,,0.78680456,33098.72,8679.767,38205.855,7679.7666,20.836464,0.00019699176,0.45512348,6.210935e-05,0.51722634,,,,,,7.9610836e-05,2.8642193e-05,2.3036553e-05,0.00013716044,13055.553,0.10445105,218.79135,,,,
480,2019-10-27 00:00:00+03:00,-1.9334974,,,0.80143255,43212.86,6711.576,49432.35,5711.576,88.22751,-2.8389102e-06,1.0075233,-1.4010395e-05,0.44067943,,,,,,9.3871204e-05,2.361641e-05,2.1518357e-05,0.00012916709,14419.211,0.10700441,219.29492,,,,
481,2019-10-28 00:00:00+02:00,-0.7552893,0.03063728,1025.7673,0.71976215,66252.23,3513.3826,75424.03,2520.5337,54.346397,5.435411e-05,1.0930022,4.1323997e-06,0.38810286,,,,,,4.433395e-05,1.7673818e-05,2.772333e-05,0.00016354633,23198.531,0.13148196,219.28656,,,,
482,2019-10-29 00:00:00+02:00,-0.7102694,0.032461494,746.3311,0.48402846,71094.97,2841.8872,81049.86,1841.8875,21.955826,3.5296598e-05,1.13348,1.8797038e-05,0.28937176,,,,,,3.3623768e-05,6.5088025e-06,2.8427601e-05,0.00013867592,22098.713,0.12578404,220.62262,,,,
483,2019-10-30 00:00:00+02:00,-0.9185315,0.03262636,500.29315,0.26817688,78680.234,2185.8052,88021.016,1285.7072,3.421729,2.990434e-05,1.0947195,1.225261e-05,0.35968825,,,,,,4.2638523e-05,1.5213303e-05,2.9119217e-05,0.00014825162,22203.045,0.12916727,221.66982,,,,
484,2019-10-31 00:00:00+02:00,-0.7494446,0.030572053,842.7956,0.76813304,52177.293,5195.545,59938.3,4195.545,23.133013,0.00011656389,0.9399886,9.599674e-05,0.5596191,,,,,,3.562426e-05,1.2437324e-05,2.7712678e-05,0.00013215531,22181.39,0.13888754,222.04767,,,,
485,2019-11-01 00:00:00+02:00,-0.65856105,0.031277783,695.6518,0.5965128,55156.445,4811.6006,63159.21,3811.6006,3.838377,3.1324464e-05,1.1835586,2.0825672e-05,0.19894043,,,,,,4.5728626e-05,1.2978288e-05,2.712293e-05,0.00014745473,16706.973,0.13288629,221.7594,,,,
486,2019-11-02 00:00:00+02:00,-0.6758567,,,0.99554926,51031.566,5367.214,58183.61,4382.4517,140.71057,,,,,,,,,,,,,,,0.12776376,222.0588,,,,
487,2019-11-03 00:00:00+02:00,-0.74374926,0.03286774,2001.7556,0.83219427,42199.67,6930.91,48477.65,5930.91,46.693542,-1.7908105e-06,0.8141587,-3.2711105e-05,0.38339457,,,,,,0.0001386073,,3.091892e-05,0.00018085602,16680.242,0.13778827,222.12392,,,,
488,2019-11-04 00:00:00+02:00,-0.42830816,,,1.0,43756.336,6381.3867,50203.23,5381.3867,107.84146,,,,,,,,,,,,,,,0.1424655,221.77817,,,,
489,2019-11-05 00:00:00+02:00,-0.49051738,0.032399327,1248.4727,0.8232546,73970.32,2360.8066,83792.37,1362.5066,17.450888,,,,,,,,,,0.00010599897,6.0831764e-05,3.1812084e-05,0.00022040737,20637.719,0.12936589,221.33316,,,,
490,2019-11-06 00:00:00+02:00,-0.7942409,0.033597074,1011.997,0.7805474,71826.33,2627.2563,81541.09,1629.7555,13.591522,,,,,,,,,,6.709053e-05,4.6485962e-05,3.1804455e-05,0.00020376561,22075.64,0.13327008,220.57422,,,,
491,2019-11-07 00:00:00+02:00,-1.5611516,0.032169826,694.2261,0.5069144,72067.5,2661.9446,81881.17,1664.9846,31.02434,,,,,,,,,,4.435178e-05,1.6863733e-05,2.801951e-05,0.00014558497,22120.965,0.1226039,219.91054,,,,
492,2019-11-08 00:00:00+02:00,-0.68675876,0.033020448,794.1098,0.47760358,59541.562,4396.0093,67834.83,3402.6296,9.278183,,,,,,,,,,0.00012108906,8.261187e-05,2.6030282e-05,0.00022623732,19269.227,0.12433028,217.78262,,,,
493,2019-11-09 00:00:00+02:00,-0.68606555,,,0.93449885,45678.785,6393.3706,52405.19,5393.3706,78.16155,,,,,,,,,,7.786066e-05,,2.4681052e-05,0.00016196084,19253.387,0.12933828,219.1687,,,,
494,2019-11-10 00:00:00+02:00,-0.47198632,0.033920333,669.8906,0.7384205,78168.984,2043.5216,88638.39,1043.5215,13.420308,5.3087526e-05,1.2453396,5.6629902e-05,0.37815344,,,,,,6.3537926e-05,3.1705527e-05,2.8643331e-05,0.00021314449,19260.879,0.13752735,219.84601,,,,
495,2019-11-11 00:00:00+02:00,-0.4905782,0.033776082,687.4815,0.61344147,79867.016,1925.0239,90490.516,936.54175,10.332819,,,,,,,,,,4.7441958e-05,1.8303508e-05,2.785221e-05,0.00018940975,19267.469,0.1415168,220.2176,,,,
496,2019-11-12 00:00:00+02:00,-1.3389974,,,0.96977204,32680.12,9259.346,37565.027,8272.504,173.31055,,,,,,,,,,,,,,,0.12686826,220.32426,,,,
497,2019-11-13 00:00:00+02:00,-0.9541791,,,0.99891037,38717.945,7434.2715,44555.82,6434.2715,164.71011,,,,,,,,,,,,,,,0.12723602,218.15726,,,,
498,2019-11-14 00:00:00+02:00,-0.67533094,0.03196809,759.4724,0.72135437,76926.625,2192.6628,87219.664,1192.792,11.385438,0.00020442976,1.0765404,0.00020982466,0.4779555,,,,,,6.368554e-05,3.7143775e-05,2.1225456e-05,0.00018768663,16699.125,0.12005651,218.92926,,,,
499,2019-11-15 00:00:00+02:00,-0.3404131,0.03244403,1101.5741,0.81877613,75859.5,2423.875,85885.78,1431.2305,13.964377,,,,,,,,,,6.78657e-05,,1.9302677e-05,0.00016310812,16708.184,0.10939719,215.53732,,,,
500,2019-11-16 00:00:00+02:00,-0.6794281,,,0.9961452,36749.86,8059.196,42371.496,7059.196,96.34767,,,,,,,,,,,,,,,0.120128915,215.53119,,,,
501,2019-11-17 00:00:00+02:00,-0.30271506,0.031673744,1169.018,0.6682683,53979.227,5011.6934,61627.367,4011.6934,6.054407,5.6914654e-05,1.1345336,4.8619677e-05,0.3126662,,,,,,9.822911e-05,6.755491e-05,2.2574675e-05,0.00017179562,14428.622,0.12226102,214.61554,,,,
502,2019-11-18 00:00:00+02:00,-0.7872069,,,0.30799806,47176.438,6196.519,53966.133,5196.519,15.319647,0.0001218212,1.1961981,0.00012215458,0.24402198,,,,,,4.265923e-05,1.9130362e-05,2.2889746e-05,0.00017020438,13056.021,0.12771785,213.56491,,,,
503,2019-11-19 00:00:00+02:00,-0.7884251,0.033877492,991.8833,0.26531586,69801.19,3195.0684,78730.766,2232.9487,3.7786756,0.00018459088,0.93032646,0.00016127591,0.2705146,,,,,,9.506104e-05,7.1745584e-05,2.331545e-05,0.00021535529,19281.629,0.12878798,213.70345,,,,
504,2019-11-20 00:00:00+02:00,-1.0139252,,,0.72377473,67861.32,3384.65,77052.67,2385.4485,12.734178,0.00019697781,0.9270935,0.00016423536,0.47416556,,,,,,7.393553e-05,3.6538375e-05,1.9206382e-05,0.00016691966,16716.29,0.12069279,213.86633,,,,
505,2019-11-21 00:00:00+02:00,-0.45752615,0.032768335,922.5071,0.87472683,92871.94,805.39557,100150.945,158.16621,20.188414,,,,,,,,,,5.461561e-05,,2.0211726e-05,0.00016338748,16711.11,0.11906169,213.20493,,,,
506,2019-11-22 00:00:00+02:00,-0.45710492,,,0.71302676,39683.168,7220.217,45801.258,6220.217,12.196124,5.3122087e-05,0.9255039,4.0194234e-05,0.33484825,,,,,,5.9695107e-05,4.1180607e-05,1.8953819e-05,0.00014484832,16711.867,0.11369458,213.75285,,,,
507,2019-11-23 00:00:00+02:00,-1.1023705,0.032667372,871.041,0.09109155,68771.695,3188.6182,78207.13,2188.6182,5.200916,4.8210284e-05,1.3360497,5.9751976e-05,0.07294941,,,,,,5.9164726e-05,3.9691295e-05,1.9473431e-05,0.00016976547,16712.676,0.12304924,214.25128,,,,
508,2019-11-24 00:00:00+02:00,-0.55011153,0.03307506,959.27466,0.41995656,66338.2,3493.367,75468.52,2493.367,14.451676,0.00015869566,1.1528921,0.00016847599,0.28476667,,,,,,5.1872397e-05,3.2913613e-05,2.0017382e-05,0.0001765258,16710.889,0.11882941,210.48164,,,,
509,2019-11-25 00:00:00+02:00,-0.44565997,0.034200232,716.9857,0.89946043,96776.6,411.7887,101277.484,21.286936,14.426519,,,,,,,,,,4.1264695e-05,,1.7462775e-05,0.00016445432,14427.863,0.11914979,208.98676,,,,
510,2019-11-26 00:00:00+02:00,0.25147715,,,1.0,60005.883,4218.212,68335.7,3218.2114,128.14708,,,,,,,,,,7.743985e-05,,1.6586979e-05,0.00015446247,14424.6875,0.11802532,208.72604,,,,
511,2019-11-27 00:00:00+02:00,0.107485555,0.033424065,1099.9906,0.96966416,61857.797,4367.0894,69652.71,3422.1934,99.102295,,,,,,,,,,,,,,,0.11339581,208.86407,,,,
512,2019-11-28 00:00:00+02:00,-1.8619913,0.031756584,1436.3364,0.84450245,74752.69,2360.722,83717.63,1445.2179,101.96313,,,,,,,,,,0.00015242927,,1.7411532e-05,0.0001881298,16678.53,0.11121927,210.12715,,,,
513,2019-11-29 00:00:00+02:00,-0.7557051,0.033567082,656.7675,0.469059,66707.06,3147.1406,75940.76,2147.384,22.009983,6.4803767e-06,1.0873922,4.8726547e-06,0.29930252,,,,,,6.118389e-05,3.3687276e-05,1.7121672e-05,0.0001375498,19212.209,0.12376575,212.5585,,,,
514,2019-11-30 00:00:00+02:00,-0.53115827,0.033350054,611.07184,0.4220192,67864.7,3025.8093,77577.016,2025.8093,8.437232,0.00013135564,0.9798415,0.00010732413,0.35515907,,,,,,1.6275186e-05,-3.9495008e-06,2.0481752e-05,0.00012763945,22138.598,0.1266959,213.78647,,,,
515,2019-12-01 00:00:00+02:00,-0.81173307,,,0.30670547,64602.18,3558.9717,73690.34,2572.7603,2.4313717,7.204538e-05,1.1176193,6.300858e-05,0.32351372,,,,,,2.4077799e-05,6.550413e-06,1.7527389e-05,0.00011991106,19278.102,0.107038096,211.90982,,,,
516,2019-12-02 00:00:00+02:00,-0.77834284,,,0.7775296,44664.883,6098.3223,51648.844,5098.3223,17.898815,9.187646e-05,0.9507947,7.714483e-05,0.2876537,,,,,,7.935337e-07,-5.6335525e-06,1.8605164e-05,0.000103540886,22132.633,0.12237064,212.62946,,,,
517,2019-12-03 00:00:00+02:00,-0.98970777,0.035441376,205.44115,0.51881367,63776.65,3611.5256,73006.47,2613.3088,3.1200862,6.75232e-05,1.1730661,6.835653e-05,0.169639,,,,,,2.1950838e-05,6.91671e-06,1.4583624e-05,0.00011187651,15568.058,0.11431125,210.16486,,,,
518,2019-12-04 00:00:00+02:00,-0.7661298,0.033443645,2273.0134,0.78509665,78023.0,2147.4265,87598.92,1212.7626,62.83246,,,,,,,,,,3.813036e-05,,1.3445488e-05,0.000102334336,11206.67,0.09640846,207.87729,,,,
519,2019-12-05 00:00:00+02:00,-0.59417224,0.031497713,787.4196,0.9551487,83033.26,1679.7009,93497.15,710.91077,77.96476,,,,,,,,,,5.6517638e-05,,1.6058306e-05,0.00013695266,13055.915,0.10523228,209.11134,,,,
520,2019-12-06 00:00:00+02:00,-1.5585731,,,0.99934894,44263.062,6373.3125,50728.05,5373.3125,10.798603,,,,,,,,,,,,,,,0.11064725,210.47797,,,,
521,2019-12-07 00:00:00+02:00,-0.6736497,,,0.99475765,42712.285,6511.2847,49104.273,5511.2847,3.5377054,,,,,,,,,,,,,,,0.12453835,210.64249,,,,
522,2019-12-08 00:00:00+02:00,-0.87806,0.034726616,1158.6982,0.9781926,50158.883,5457.665,57563.445,4457.665,98.92399,,,,,,,,,,,,,,,0.11275739,208.81604,,,,
523,2019-12-09 00:00:00+02:00,-0.8758914,0.03183475,795.7833,0.39684463,64944.78,3746.6924,73226.04,2804.6865,25.69431,4.9350132e-05,1.0916761,4.5139237e-05,0.26313642,,,,,,3.9761195e-05,5.9077e-06,2.3329643e-05,0.0001680676,19226.477,0.11673032,211.05025,,,,
524,2019-12-10 00:00:00+02:00,-0.92210555,0.032275293,903.47485,0.568819,66026.38,3283.6333,75327.16,2283.6335,43.23479,0.00013626965,1.2964125,0.00016568332,0.30559763,,,,,,3.361406e-05,5.419982e-06,2.1720192e-05,0.00015678957,19256.799,0.12310557,210.67471,,,,
525,2019-12-11 00:00:00+02:00,-0.49780065,,,0.42487717,25118.094,10172.691,29393.795,9172.691,4.1294417,0.00010317756,0.66183424,5.7891768e-05,0.414547,,,,,,,,,,,0.12248707,211.03357,,,,
526,2019-12-12 00:00:00+02:00,-0.9806839,0.032021314,398.40842,0.8086882,91910.05,764.90125,99297.99,138.20384,1.3355097,,,,,,,,,,4.9747243e-05,2.9803206e-05,1.7989125e-05,0.0001535471,16690.377,0.11444223,212.91194,,,,
527,2019-12-13 00:00:00+02:00,-0.6043719,0.033132903,875.24915,0.85190034,53180.324,4893.8086,60889.543,3893.8079,26.87986,,,,,,,,,,2.5145315e-05,2.1847216e-05,2.2298846e-05,0.00015467143,22090.766,0.13719812,214.99777,,,,
528,2019-12-14 00:00:00+02:00,-1.2541149,,,0.9558054,35265.08,8311.518,40765.05,7311.5166,207.06773,,,,,,,,,,,,,,,0.13705978,215.31715,,,,
529,2019-12-15 00:00:00+02:00,-0.8536974,0.033766463,631.038,0.8124766,71951.1,2977.2886,80448.38,2084.549,80.220535,-1.9038558e-05,0.9264218,-2.9549625e-05,0.42392752,,,,,,3.624832e-05,4.3483846e-07,2.019755e-05,0.00015371514,19233.584,0.13570838,215.27457,,,,
530,2019-12-16 00:00:00+02:00,-0.5573023,,,0.549019,31866.043,8377.743,37034.55,7377.7437,9.103275,0.00011697493,0.81587815,8.4461615e-05,0.40996808,,,,,,2.6935239e-05,-7.670383e-06,1.8938497e-05,0.00012457585,22131.703,0.15501763,217.15132,,,,
531,2019-12-17 00:00:00+02:00,-0.71002173,,,0.9492943,45206.562,6149.174,51958.37,5149.174,3.5347936,,,,,,,,,,,,,,,0.14954756,216.85376,,,,
532,2019-12-18 00:00:00+02:00,-0.55439174,,,,,,,,,,,,,,,,,,0.00011881301,,1.6844702e-05,0.0002133499,16692.188,0.16570596,216.48045,,,,
533,2019-12-19 00:00:00+02:00,-0.26956135,,,0.15709493,45348.516,6240.7236,52159.047,5240.7236,5.424823,-1.9458773e-06,1.1112313,-5.8450555e-06,0.15762147,,,,,,6.664465e-05,5.344127e-05,1.401716e-05,0.000131918,16713.73,0.147278,215.76968,,,,
534,2019-12-20 00:00:00+02:00,-0.8877558,0.031899627,1316.4979,0.31952184,54576.45,5094.584,62260.125,4094.584,9.788383,6.6733315e-05,1.0367998,5.4826967e-05,0.2890447,,,,,,0.00014341007,0.000105554565,1.261228e-05,0.00019763816,16693.832,0.13904485,213.70874,,,,
535,2019-12-21 00:00:00+02:00,-1.0380467,,,0.28962204,34852.41,8174.953,40281.902,7174.9536,7.815036,0.00011606343,0.88866866,8.345532e-05,0.26622853,,,,,,9.141157e-05,7.6222925e-05,1.5188648e-05,0.00015826161,19220.045,0.15381703,214.59087,,,,
536,2019-12-22 00:00:00+02:00,-0.724967,0.033936784,1071.7892,0.8582343,77036.234,2100.6667,87211.23,1114.1857,3.9079936,,,,,,,,,,9.0927104e-05,8.6877015e-05,1.5164909e-05,0.00022189564,19224.062,0.152094,215.55388,,,,
537,2019-12-23 00:00:00+02:00,-0.037440475,,,0.9894691,37266.188,7426.0767,43066.418,6426.0767,3.2174478,,,,,,,,,,8.351317e-05,,1.7173077e-05,0.00017438996,16683.156,0.15540338,216.59105,,,,
538,2019-12-24 00:00:00+02:00,-0.8429241,,,0.84691364,52568.93,5109.917,60119.727,4109.917,43.133038,,,,,,,,,,,,,,,0.15691009,217.5513,,,,
539,2019-12-25 00:00:00+02:00,-1.385346,0.03389272,691.4885,0.34610394,69702.57,2966.6604,79154.66,1980.8269,10.020273,-3.695455e-05,1.157019,-3.7257312e-05,0.306396,,,,,,5.318401e-05,2.7346518e-05,2.0687296e-05,0.00017804961,22137.053,0.13726997,219.72157,,,,
540,2019-12-26 00:00:00+02:00,-0.68903357,,,0.6050238,43645.36,6330.4683,50382.445,5330.4683,32.25131,1.9763327e-05,0.9148232,8.081425e-06,0.39625123,,,,,,5.5051085e-05,,2.0867348e-05,0.00015788422,22159.904,0.17272133,217.73636,,,,
541,2019-12-27 00:00:00+02:00,-0.8317269,0.037414994,659.7013,0.22127102,82534.55,1671.1503,93814.57,671.1503,2.7125993,0.00010958446,1.0267273,9.445112e-05,0.237968,,,,,,5.6986923e-05,3.614711e-05,2.0839816e-05,0.00018128491,22188.523,0.17487952,217.03212,,,,
542,2019-12-28 00:00:00+02:00,-0.48080528,0.037219163,256.549,0.9059425,100686.55,129.4953,101284.59,24.354883,1.5275184,,,,,,,,,,5.3880205e-05,,1.8985604e-05,0.00016961759,16728.584,0.1529018,217.55153,,,,
543,2019-12-29 00:00:00+02:00,-0.2881871,0.037744034,1139.3717,0.7536103,61541.22,4295.277,70235.05,3295.2769,10.906992,0.00013121309,0.73587465,8.536183e-05,0.34414068,,,,,,8.616237e-05,,1.8753264e-05,0.00017167776,14437.105,0.14693655,216.3878,,,,
544,2019-12-30 00:00:00+02:00,-1.4709095,,,0.33989,25987.025,10481.23,30246.332,9481.23,24.401093,-4.8923255e-05,1.0145594,-5.858094e-05,0.27368575,,,,,,9.4392446e-05,7.750471e-05,1.6887745e-05,0.00016109135,11206.606,0.1309798,213.18945,,,,
545,2019-12-31 00:00:00+02:00,-0.6823932,0.033959426,717.0899,0.15658155,61743.086,3840.2327,70425.26,2840.233,4.6028175,-1.9731588e-05,0.8687179,-1.3343848e-05,0.15554775,,,,,,3.395188e-05,1.5335618e-05,1.8672623e-05,0.00013823816,19256.303,0.14087492,213.98596,,,,
546,2020-01-01 00:00:00+02:00,-0.7317171,,,0.7042079,64100.992,3729.9182,73152.78,2729.9182,6.827467,0.00010122478,1.0537697,9.765566e-05,0.41351902,,,,,,6.207771e-05,4.4422624e-05,1.5170994e-05,0.00012838736,14429.397,0.13911267,212.53003,,,,
547,2020-01-02 00:00:00+02:00,-0.30301398,,,0.81643456,59102.957,4365.7896,67335.1,3365.7893,1.2524219,,,,,,,,,,6.295204e-05,4.1155767e-05,1.600079e-05,0.00014266967,13057.06,0.13076115,212.57025,,,,
548,2020-01-03 00:00:00+02:00,-0.5751152,0.033690065,630.9243,0.9541017,90555.734,993.226,95742.86,498.13998,20.958126,,,,,,,,,,4.9380593e-05,,1.6719852e-05,0.00015382431,14423.855,0.13589272,214.63042,,,,
549,2020-01-04 00:00:00+02:00,-0.66482824,0.03177644,590.2435,0.6842391,57492.29,4587.5264,65355.055,3622.834,9.528277,4.791732e-06,0.8879698,4.333995e-06,0.3252662,,,,,,2.029994e-06,-3.2244905e-05,2.8302944e-05,0.00014536826,24201.604,0.16094762,218.59868,,,,
550,2020-01-05 00:00:00+02:00,-0.8483674,0.03548673,307.6202,0.2889785,52553.89,5145.9023,60477.9,4145.9023,9.392264,3.938823e-05,1.2838057,4.475201e-05,0.1999111,,,,,,3.1216827e-05,1.2090899e-05,1.8174573e-05,0.00012442321,16714.475,0.13430873,215.69797,,,,
551,2020-01-06 00:00:00+02:00,-0.91038644,0.03533649,1031.3853,0.8525568,79495.84,2006.1659,89840.2,1038.2064,12.483318,,,,,,,,,,5.9659687e-05,,1.8309636e-05,0.00015402996,16709.701,0.13643765,217.58722,,,,
552,2020-01-07 00:00:00+02:00,-0.63326967,0.032888632,1001.1078,0.9949088,94964.52,575.1409,101248.78,26.562645,4.5403256,,,,,,,,,,0.00010576933,,1.793797e-05,0.00017585717,16710.354,0.15218535,218.67734,,,,
553,2020-01-08 00:00:00+02:00,-1.3294997,,,0.9645437,38544.117,7585.265,44359.92,6585.2656,31.09526,,,,,,,,,,,,,,,0.1328854,217.29144,,,,
554,2020-01-09 00:00:00+02:00,-0.42352188,0.036205716,460.0699,0.6584306,59227.734,4395.625,67626.64,3395.625,6.5044956,-4.5754916e-07,1.2399096,-2.2601148e-06,0.3406916,,,,,,4.357e-05,2.6233336e-05,1.477363e-05,0.00012351328,20719.436,0.1421167,215.09349,,,,
555,2020-01-10 00:00:00+02:00,-1.2172368,0.031781305,1023.4786,0.8399003,53727.785,5847.328,60290.676,4921.2544,68.40467,,,,,,,,,,,,,,,0.14788897,217.32391,,,,
556,2020-01-11 00:00:00+02:00,-0.62088543,,,0.51686764,39581.492,7287.254,45701.293,6287.2544,13.500721,5.4578628e-05,1.1154695,4.0216542e-05,0.343164,,,,,,5.649501e-05,3.8294187e-05,1.5843136e-05,0.00013904533,19293.46,0.15157193,215.94016,,,,
557,2020-01-12 00:00:00+02:00,-0.82669866,,,0.9912734,40247.71,7063.247,46359.047,6063.247,75.63387,,,,,,,,,,,,,,,0.12798062,215.98251,,,,
558,2020-01-13 00:00:00+02:00,-0.44034463,0.037198454,575.36865,0.79283285,81668.86,1734.2325,91503.39,825.56995,6.276876,0.00014014404,1.0280491,0.00014018964,0.43161857,,,,,,4.0585568e-05,,1.7760613e-05,0.00013063659,22155.8,0.15374897,219.70538,,,,
559,2020-01-14 00:00:00+02:00,-0.5933851,,,0.61329794,36697.54,7744.2207,42482.996,6744.2207,3.3318043,4.8278842e-05,1.0806545,4.2605276e-05,0.2309856,,,,,,6.4653315e-05,4.827554e-05,1.6377784e-05,0.000118122174,16701.965,0.15831502,219.85822,,,,
560,2020-01-15 00:00:00+02:00,,,,0.66710824,29095.684,9807.92,33729.73,8807.92,61.214005,2.8675364e-05,0.9962215,3.900337e-05,0.4019907,,,,,,,,,,,0.14383695,221.35965,,,,
561,2020-01-16 00:00:00+02:00,-0.56349504,0.03515497,452.0315,0.4573664,78466.64,2101.8901,88973.336,1101.8903,7.865383,-2.2140912e-05,1.169436,-3.594311e-05,0.36565512,,,,,,4.9842616e-05,1.5846243e-05,2.3938788e-05,0.00018940368,17998.791,0.1632207,223.37613,,,,
562,2020-01-17 00:00:00+02:00,-0.62806535,,,0.32165736,43760.273,7053.2646,50243.367,6053.264,3.247365,7.690375e-05,1.0130138,7.1835595e-05,0.31915045,,,,,,0.00010030263,7.7891025e-05,2.1149963e-05,0.00018192129,16716.426,0.15967342,224.39966,,,,
563,2020-01-18 00:00:00+02:00,-0.7537714,0.036124878,1299.1699,0.9432199,64203.64,3812.4702,73148.484,2812.4702,47.57255,,,,,,,,,,,,,,,0.16277835,224.72624,,,,
564,2020-01-19 00:00:00+02:00,-0.6986453,0.03637036,593.35394,0.8184569,87561.84,1241.0183,98909.23,255.43079,6.4726267,,,,,,,,,,3.9413346e-05,,2.6062573e-05,0.00016430239,19297.443,0.17379975,223.45232,,,,
565,2020-01-20 00:00:00+02:00,-0.3283008,0.03665559,673.98505,0.49512753,51808.246,5396.8926,59363.773,4396.892,2.792164,-1.6950153e-05,1.1464576,-2.5120993e-05,0.011468157,,,,,,3.7685764e-05,1.2201211e-05,2.2921246e-05,0.0001478442,13750.127,0.16444266,221.9174,,,,
566,2020-01-21 00:00:00+02:00,-0.84306395,0.03384712,2412.2876,0.91634905,46816.906,6399.3867,53651.07,5399.386,74.37308,,,,,,,,,,8.910053e-05,,2.1922164e-05,0.00014690329,14426.919,0.1510028,219.15364,,,,
567,2020-01-22 00:00:00+02:00,-0.81027937,0.035210982,500.98944,0.26608753,65586.61,3537.5942,74856.58,2538.212,2.718218,6.702301e-05,0.82921284,4.4264998e-05,0.27067882,,,,,,4.054299e-05,1.7934311e-05,2.1561431e-05,0.0001547451,22160.98,0.16914058,217.28854,,,,
568,2020-01-23 00:00:00+02:00,-0.8589771,0.036844924,583.80164,0.24388415,57462.63,4697.039,65458.094,3707.5876,2.573564,1.5377513e-05,1.1474288,7.623041e-06,0.22638465,,,,,,3.6381596e-05,1.8594259e-05,1.6574028e-05,0.00011556825,14430.836,0.13949066,213.05795,,,,
569,2020-01-24 00:00:00+02:00,-0.63818353,0.034538783,1032.2528,0.9505134,79076.7,2166.8955,87979.484,1295.3079,45.833233,,,,,,,,,,7.5307784e-05,,1.4035008e-05,0.000120546305,14424.256,0.12157814,210.7238,,,,
570,2020-01-25 00:00:00+02:00,-0.71970206,0.038746037,646.1864,0.42208743,70837.61,3018.4424,79099.47,2131.785,2.4699216,5.1853152e-05,1.1424131,4.35974e-05,0.3332689,,,,,,3.0106246e-05,2.4922558e-05,9.557224e-06,8.096481e-05,14424.221,0.11568074,205.17883,,,,
571,2020-01-26 00:00:00+02:00,-1.7694542,0.03557622,1022.1361,0.94807297,76616.07,2314.2393,86949.086,1316.1826,122.89179,,,,,,,,,,9.493887e-05,,7.3539286e-06,9.745511e-05,13056.139,0.10113975,204.27641,,,,
572,2020-01-27 00:00:00+02:00,-0.47670084,,,0.90794694,46038.734,6051.6436,52995.055,5051.6436,67.0349,,,,,,,,,,3.7991667e-05,,1.4221406e-05,8.273043e-05,16699.076,0.12342563,205.58585,,,,
573,2020-01-28 00:00:00+02:00,-0.55668646,,,0.81900775,33117.773,8200.158,38570.098,7200.1587,47.298264,,,,,,,,,,,,,,,0.13929814,208.98018,,,,
574,2020-01-29 00:00:00+02:00,-0.6090485,,,0.92697704,41115.566,6545.121,47622.195,5545.121,32.408314,,,,,,,,,,,,,,,0.14233369,212.43802,,,,
575,2020-01-30 00:00:00+02:00,-0.92123824,0.03637972,588.0769,0.5959921,67627.31,3158.088,77150.75,2158.188,5.0022526,,,,,,,,,,2.3337085e-05,8.148622e-06,1.8830187e-05,0.000104406776,17961.96,0.15388402,211.45343,,,,
576,2020-01-31 00:00:00+02:00,-1.4514165,0.03696868,753.9495,0.100383766,54091.03,4922.4194,61897.6,3923.6528,4.0944037,,,,,,,,,,4.711075e-05,3.1020838e-05,1.546773e-05,0.00014216836,16676.053,0.14276502,208.82741,,,,
577,2020-02-01 00:00:00+02:00,-1.3468977,0.03945715,798.68634,0.87191284,50306.78,5578.4883,57573.89,4578.489,42.466415,,,,,,,,,,9.537004e-05,,1.617147e-05,0.000113194976,16680.416,0.1259164,210.36014,,,,
578,2020-02-02 00:00:00+02:00,-0.8345461,0.033842467,667.2372,0.8371528,71947.21,2542.977,81903.06,1542.9773,27.073442,,,,,,,,,,1.1980793e-05,,2.318473e-05,0.000106461484,24138.934,0.15012723,216.92223,,,,
579,2020-02-03 00:00:00+02:00,-0.55416745,0.0374842,373.01956,0.6530046,82220.25,1563.7355,92628.016,622.15784,8.885004,,,,,,,,,,1.7737613e-05,1.3552706e-06,2.2879523e-05,0.00010345185,24191.758,0.15289783,218.89005,,,,
580,2020-02-04 00:00:00+02:00,-0.42517844,0.035792768,224.40207,0.80130637,48006.688,5641.3374,55295.727,4641.3374,16.772745,,,,,,,,,,5.7876845e-05,,2.4467778e-05,0.0001237966,24194.188,0.18450728,220.8854,,,,
581,2020-02-05 00:00:00+02:00,-0.8637146,,,0.43966395,48945.23,6228.173,55755.62,5263.0464,5.515001,,,,,,,,,,2.4998384e-05,-8.078747e-07,2.577999e-05,0.00013077755,22180.379,0.16858226,220.10165,,,,
582,2020-02-06 00:00:00+02:00,-1.1291659,0.03679805,936.8906,0.32755876,31637.72,9076.912,36617.914,8076.912,5.593826,-5.6599984e-06,0.9767462,-1.0530208e-05,0.32741997,,,,,,4.8837253e-05,1.7455703e-05,2.518909e-05,0.00015093625,19273.586,0.16075253,216.52063,,,,
583,2020-02-07 00:00:00+02:00,-0.99831396,0.037240878,386.52686,0.0939066,78877.49,2130.3645,89712.09,1130.3646,2.5882554,2.9059423e-05,1.4735588,3.7660662e-05,0.0,,,,,,5.0061735e-05,2.321922e-05,2.6842512e-05,0.00015805132,16720.395,0.15121669,216.28598,,,,
584,2020-02-08 00:00:00+02:00,-0.38575706,0.033790767,720.83936,0.8578063,97959.69,356.38742,101277.77,26.20726,14.230931,,,,,,,,,,3.7009726e-05,,2.015606e-05,0.00013586433,14430.473,0.13914457,215.15906,,,,
585,2020-02-09 00:00:00+02:00,-0.40293923,0.037706718,480.2932,0.73698246,59891.977,4293.4414,68248.75,3293.4414,11.688319,4.7694008e-05,0.734134,1.7745886e-05,0.39753532,,,,,,7.061511e-05,,1.9699233e-05,0.00011452596,16700.54,0.1664243,211.7778,,,,
586,2020-02-10 00:00:00+02:00,-0.7369551,0.0342638,468.59024,0.54352987,46660.594,5940.6436,53470.434,4940.6436,3.4730778,3.804962e-05,1.4277493,4.9866132e-05,0.09258079,,,,,,3.9330076e-05,6.879342e-06,1.8519331e-05,0.000102567064,22016.65,0.15059085,212.68665,,,,
587,2020-02-11 00:00:00+02:00,-1.7493297,0.03377435,441.4586,0.6191981,39476.883,6920.8804,45756.625,5920.8804,37.882683,-2.5819141e-05,1.0103278,-2.853272e-05,0.3724886,,,,,,6.323559e-05,,2.2027802e-05,0.000120605764,24106.904,0.18137002,216.68407,,,,
588,2020-02-12 00:00:00+02:00,-0.8805471,0.03764473,590.9439,0.5199654,53871.766,4847.6396,61923.36,3847.64,9.4232855,2.0684394e-05,1.4472736,1.4186786e-05,0.30108497,,,,,,3.9838742e-05,1.5090317e-05,2.369097e-05,0.00012408693,24155.486,0.18967497,216.52768,,,,
589,2020-02-13 00:00:00+02:00,-1.0415671,0.038707018,582.4481,0.12532683,72189.51,2696.1226,81855.266,1729.2317,3.2023315,3.1992284e-05,1.1020726,2.4015879e-05,0.13091223,,,,,,3.7075297e-05,4.4275475e-06,3.2324133e-05,0.00014900186,22120.914,0.17583403,218.47987,,,,
590,2020-02-14 00:00:00+02:00,-0.7656293,,,0.3060954,31569.883,8871.485,36719.348,7871.4854,4.316849,5.5586228e-05,0.921064,3.618727e-05,0.27413344,,,,,,8.032253e-05,5.3436182e-05,2.4488829e-05,0.00014698697,16703.766,0.18321612,217.75804,,,,
591,2020-02-15 00:00:00+02:00,-0.8574923,0.03789787,712.4411,0.6360326,32296.238,8729.201,37466.74,7729.201,6.194125,4.222501e-05,1.05231,2.727738e-05,0.24928147,,,,,,8.7366694e-05,5.7701665e-05,2.2588207e-05,0.00012230234,16710.646,0.16325325,218.68906,,,,
592,2020-02-16 00:00:00+02:00,-1.7562988,,,0.751817,31765.25,8905.756,36795.71,7905.7554,54.549305,0.00054597354,0.5138799,0.00025662722,0.5263189,,,,,,,,,,,0.15438406,218.34457,,,,
593,2020-02-17 00:00:00+02:00,-0.94105625,0.034809038,609.85333,0.09715778,57544.03,4981.6406,65673.625,3985.2468,3.6119668,7.288417e-05,1.2207344,5.9019534e-05,0.110374615,1859.2404,3724.0222,0.013109734,1869.7563,3.741259,5.58185e-05,3.0065108e-05,2.532536e-05,0.00015403744,16690.674,0.16022387,219.50882,,,,
594,2020-02-18 00:00:00+02:00,-0.7845653,0.037689615,510.00595,0.7998307,77767.375,2062.155,88348.64,1063.5891,16.914532,3.9235594e-05,1.3942242,4.5165492e-05,0.47536537,,,,,,5.1541487e-05,,2.9058698e-05,0.00013703293,24222.244,0.18080297,222.18648,,,,
595,2020-02-19 00:00:00+02:00,-0.74013054,0.036428034,395.77332,0.842661,76499.266,2182.6948,87022.14,1182.8198,16.717781,,,,,,,,,,0.00011375939,,2.6795826e-05,0.00017058912,24229.113,0.20199594,222.69926,,,,
596,2020-02-20 00:00:00+02:00,-0.7764455,0.0366228,364.14062,0.62679696,91108.75,876.0807,97860.1,284.3944,4.9335265,3.8227037e-05,1.6517928,6.934931e-05,0.44717047,,,,,,4.2660722e-05,1.695726e-05,2.4017692e-05,0.00014290967,19274.46,0.14847958,221.61209,,,,
597,2020-02-21 00:00:00+02:00,-0.49189836,0.035280265,839.46814,0.97646976,76491.33,2355.7358,86892.4,1355.9214,40.66488,,,,,,,,,,0.00012602596,,2.7824253e-05,0.00024289219,22126.977,0.17913064,223.7536,,,,
598,2020-02-22 00:00:00+02:00,-0.76967573,,,0.887813,42362.78,7703.7285,48399.15,6710.945,59.48035,,,,,,,,,,,,,,,0.16534656,224.02939,,,,
599,2020-02-23 00:00:00+02:00,-0.8802145,0.03532758,562.8308,0.633345,76412.97,2103.9824,86930.53,1103.9823,12.158804,-1.3752047e-05,1.6098104,-2.9688763e-05,0.43465453,,,,,,4.258968e-05,1.1894101e-06,3.6258512e-05,0.00015655655,24181.273,0.18545929,224.45695,,,,
600,2020-02-24 00:00:00+02:00,-1.1970932,0.0371233,331.63422,0.016951641,65033.5,3393.7231,74352.74,2394.5518,3.7692485,5.7752477e-05,1.0536659,4.665513e-05,0.033878397,,,,,,4.538043e-05,1.6009471e-05,2.937096e-05,0.00014215891,23178.469,0.18031049,221.09799,,,,
601,2020-02-25 00:00:00+02:00,-0.82851964,0.03626517,425.1511,0.9918376,73372.19,2525.6462,83336.83,1542.9594,36.19519,,,,,,,,,,0.00013337078,,2.3209603e-05,0.0001759511,22069.615,0.1629328,219.26898,,,,
602,2020-02-26 00:00:00+02:00,-0.5908905,0.035222065,305.75616,0.9415894,77952.67,1879.2096,88578.86,882.8059,33.45867,-2.4637318e-05,1.0129904,-2.9066146e-05,0.48768803,,,,,,4.718868e-05,,2.75526e-05,0.00014569194,24123.18,0.18727192,219.11105,,,,
603,2020-02-27 00:00:00+02:00,-1.628315,0.035604473,353.02286,0.9365497,69746.26,2770.4827,79599.26,1770.4828,60.373543,,,,,,,,,,5.7914385e-05,,2.6641095e-05,0.00012564674,24153.85,0.1803547,217.64543,,,,
604,2020-02-28 00:00:00+02:00,-1.3005776,0.03998597,428.58197,0.26893377,73339.305,2539.8386,82820.33,1601.2252,4.391034,0.00011931875,1.260308,0.000126164,0.2609035,,,,,,4.6883273e-05,1.6804837e-05,2.8860406e-05,0.00014679773,24211.81,0.18059295,216.26721,,,,
605,2020-02-29 00:00:00+02:00,-1.3200097,0.040351264,452.2537,0.26328593,57409.03,4402.008,65754.89,3402.708,3.514417,7.2983436e-05,1.0549896,6.1545295e-05,0.2059342,,,,,,4.3366214e-05,1.0178561e-05,3.2515505e-05,0.00013836772,19039.557,0.1756164,219.61015,,,,
606,2020-03-01 00:00:00+02:00,-1.3577464,0.036643967,635.2511,0.029697351,76543.58,2088.5125,86780.45,1092.479,4.4544587,3.588412e-05,1.1140665,2.8043662e-05,0.039935343,,,,,,4.890132e-05,1.50133e-05,3.388615e-05,0.00014696129,19435.992,0.18469584,224.10136,,,,
607,2020-03-02 00:00:00+02:00,-0.8382042,,,0.60724366,40414.305,6801.8164,46724.33,5801.8164,12.008627,-5.673685e-06,0.6962745,-7.1216973e-06,0.3866112,,,,,,3.8376595e-05,4.67019e-06,3.5293673e-05,0.00013590833,22097.957,0.18178308,227.34702,,,,
608,2020-03-03 00:00:00+02:00,-1.7986107,0.039597474,645.07367,0.7606825,60530.18,3998.8694,69063.01,2998.8694,43.3782,-1.2827675e-05,1.146694,-2.005006e-05,0.48857322,,,,,,7.376263e-05,3.1292573e-05,3.3667577e-05,0.00012878914,22105.277,0.18048045,228.7737,,,,
609,2020-03-04 00:00:00+02:00,-1.0441781,0.035992995,589.49963,0.90354866,72161.664,2698.3696,81990.22,1699.7585,50.47541,,,,,,,,,,6.0818085e-05,,3.765536e-05,0.00017488949,22118.77,0.20314276,228.45053,,,,
610,2020-03-05 00:00:00+02:00,-1.320011,0.035094313,519.5805,0.28316915,87232.08,1169.5165,95509.45,432.96713,8.280143,1.654043e-05,1.3835675,1.4924257e-05,0.25403917,,,,,,5.8312155e-05,2.565583e-05,3.5043457e-05,0.00016953584,24225.559,0.17747997,228.4414,,,,-7.0075066e-06
611,2020-03-06 00:00:00+02:00,-1.2076223,0.038879983,553.8067,0.2123563,55717.93,4850.2173,63786.504,3850.2173,6.6691837,4.781933e-05,0.9857118,3.6781126e-05,0.20211482,,,,,,6.766268e-05,3.0876177e-05,3.2635726e-05,0.0001540376,22116.75,0.16026306,227.58862,,,,5.186522e-05
612,2020-03-07 00:00:00+02:00,-0.87727433,0.0362413,674.4654,0.9755944,83423.91,1510.9915,92861.3,650.6707,20.755041,,,,,,,,,,8.1706676e-05,,3.44569e-05,0.00016532908,24219.627,0.17267677,227.05145,,,,
613,2020-03-08 00:00:00+02:00,-1.5436428,0.038989615,519.79126,0.29467738,90774.89,910.4138,98559.36,237.57932,4.8899426,1.18158305e-05,1.3833413,5.680663e-06,0.29784366,,,,,,4.6197827e-05,7.008008e-06,3.6353944e-05,0.00015664771,19274.748,0.19489835,226.98851,,,,
614,2020-03-09 00:00:00+02:00,-1.5139644,0.039324835,581.42377,0.16238174,77297.69,2267.0403,85103.05,1470.1606,4.172668,9.149194e-05,0.88521194,5.994185e-05,0.16464402,1848.8445,3621.7314,0.029816102,1859.1471,3.3452685,5.581516e-05,1.50126325e-05,4.0724124e-05,0.00017370723,22149.254,0.18756573,225.5572,0.0005802588,0.29792175,0.00017278062,-3.8196846e-05
615,2020-03-10 00:00:00+02:00,-0.69993365,0.03494145,508.35797,0.8363739,91786.06,755.57043,99852.41,66.78418,38.894936,5.514281e-05,1.8326206,0.00011049833,0.3617527,,,,,,6.437478e-05,3.099733e-05,3.5983663e-05,0.00018456929,22127.941,0.18884663,226.32727,,,,-5.3572872e-05
616,2020-03-11 00:00:00+02:00,-1.1503838,0.0325154,402.04938,0.5195598,76441.7,2181.3628,84041.09,1395.4918,10.180795,6.1255276e-05,0.93780375,4.703248e-05,0.11852337,,,,,,4.4927743e-05,4.1707735e-06,3.907593e-05,0.00014501193,23121.281,0.1646469,226.67389,,,,-2.7815153e-05
617,2020-03-12 00:00:00+02:00,-0.9949048,0.036097936,734.05896,0.9646552,69079.66,2948.2148,78636.92,1948.2147,23.217117,,,,,,,,,,0.000123785,,3.6202226e-05,0.00016385896,22059.48,0.16267529,227.04178,,,,3.870071e-05
618,2020-03-13 00:00:00+02:00,-0.7280614,0.035778485,323.64093,0.948923,82610.25,1520.9341,93550.84,537.78925,36.691616,0.00018191343,0.9757728,0.00014363765,0.49412167,,,,,,6.4696236e-05,,3.7006732e-05,0.00016494431,27641.605,0.19015309,227.78429,,,,0.000105039406
619,2020-03-14 00:00:00+02:00,-1.5892707,0.033376217,386.28323,0.6049635,82053.54,1684.4805,89892.375,949.92957,25.32993,4.1931686e-05,1.5831943,2.5697564e-05,0.37673184,,,,,,4.8713915e-05,8.565669e-06,4.066329e-05,0.00013716907,24291.416,0.21570362,228.80388,-8.527443e-05,0.6234322,-5.0426992e-05,-3.8054813e-07
620,2020-03-15 00:00:00+02:00,-1.5073411,0.041067287,233.525,0.09828521,96780.55,456.71008,98954.195,241.40921,5.191044,5.2853793e-05,1.1066849,4.333756e-05,0.09907805,,,,,,6.64701e-05,2.6551217e-05,3.9918883e-05,0.00017258537,22195.232,0.19046465,226.74687,0.00078863406,0.3214163,0.0002313352,-3.873254e-05
621,2020-03-16 00:00:00+02:00,-0.7255908,,,0.9867734,56793.586,4538.647,64979.41,3538.647,46.62056,,,,,,,,,,,,,,,0.1887255,227.41177,,,,-1.942548e-06
622,2020-03-17 00:00:00+02:00,-0.8202536,0.039863255,282.07605,0.8486316,90375.516,1023.87744,98506.984,280.48584,16.96706,4.8842052e-05,1.6728187,7.083584e-05,0.43165228,,,,,,6.224733e-05,,3.746106e-05,0.00015415778,19292.219,0.15838024,228.30092,,,,-2.6555517e-05
623,2020-03-18 00:00:00+02:00,-0.96476495,0.03728472,1413.8733,0.9027077,53985.816,5032.897,61664.824,4032.8965,24.727467,,,,,,,,,,9.947253e-05,,3.273444e-05,0.00015765085,16709.176,0.15395233,228.42157,,,,1.3462417e-05
624,2020-03-19 00:00:00+02:00,-1.8239573,0.039980788,379.41223,0.055235486,91585.88,873.587,99382.97,193.32498,5.470666,1.2812491e-05,1.1917437,2.9070136e-06,0.054822844,,,,,,4.9777896e-05,7.833391e-06,4.208339e-05,0.00013169652,16709.816,0.16278066,227.42693,0.000103607206,0.4710026,4.0183342e-05,-3.4288487e-06
625,2020-03-20 00:00:00+02:00,-1.1717885,0.03845675,302.17706,0.49176604,79481.445,2031.5618,89559.93,1085.4841,14.814009,1.5582884e-05,1.2863111,-1.8963397e-05,0.35339624,,,,,,5.0326198e-05,8.873811e-06,4.30192e-05,0.00016228465,20737.578,0.17206019,226.97746,0.0009323405,0.45155117,0.00021296395,-2.8950713e-05
626,2020-03-21 00:00:00+02:00,-1.5446979,0.03881057,273.9812,0.10960421,87135.41,1333.6267,94152.414,677.8799,6.9985085,-1.5097879e-05,1.0895337,-3.4676403e-05,0.10929905,1862.5509,3727.9165,0.02289084,1871.443,2.8477669,5.9507678e-05,1.6814569e-05,4.3000153e-05,0.00016276908,24346.242,0.18261105,228.55954,0.00054670876,0.40181357,0.0002223163,4.9053502e-05
627,2020-03-22 00:00:00+02:00,-1.6266923,0.04275876,216.5405,0.23723444,83687.016,1700.6484,93572.25,796.368,7.0674872,-1.459025e-07,1.1081634,-1.7685497e-05,0.21458071,,,,,,5.6471355e-05,1.11274e-05,4.7048117e-05,0.00016269877,22249.133,0.18173805,229.48679,0.00061137066,0.35894865,0.00019935142,2.398836e-05
628,2020-03-23 00:00:00+02:00,-1.6173892,0.042261474,271.2115,0.06739386,87476.266,1391.4968,93660.68,779.3112,4.558326,5.37728e-05,0.9694692,3.2407836e-05,0.07494949,1867.8944,3420.9844,0.041798666,1871.9065,2.4174013,6.5489316e-05,1.9490275e-05,4.5999044e-05,0.00017108572,19325.672,0.17877358,229.66803,0.00071859,0.27418882,0.00018728865,-2.3997114e-05
629,2020-03-24 00:00:00+02:00,-1.2445204,0.041313358,362.35327,0.3118548,52317.887,5818.719,59960.066,4818.719,5.645773,9.210447e-06,0.92857605,-1.34115535e-05,0.21466438,1880.7546,3327.935,0.06385737,1887.5007,2.7796206,7.162419e-05,3.447017e-05,3.7757407e-05,0.0001572113,16732.715,0.15324453,228.70709,0.00051571144,0.32080117,0.00016580142,-9.531832e-07
630,2020-03-25 00:00:00+02:00,-1.6216228,0.040803883,303.3363,0.10435799,97038.7,447.21622,99862.43,176.42728,4.2644234,1.610088e-05,1.0936687,-1.1495382e-05,0.10636063,1875.3672,3423.1313,0.04130457,1881.5931,2.5815253,6.540508e-05,2.2638735e-05,4.276634e-05,0.00017881062,16730.473,0.1546318,226.3573,0.0017362802,0.22210935,0.00033295123,-7.684117e-06
631,2020-03-26 00:00:00+02:00,-1.5776906,0.039552994,334.01434,0.07921418,97612.945,408.14502,99690.34,191.59431,4.620043,7.272214e-05,1.0644991,5.6066237e-05,0.080603614,1863.2122,3675.039,0.035187952,1872.4291,2.8860097,6.401204e-05,2.1792523e-05,4.2219523e-05,0.0001738451,16727.639,0.1659677,226.45412,0.0005110317,0.2524914,0.00013226786,-1.0423635e-05
632,2020-03-27 00:00:00+02:00,-1.3720157,0.042003296,425.00055,0.13435142,71749.37,3143.804,79323.15,2296.969,4.6371393,7.179724e-05,1.0307019,4.7534744e-05,0.1367974,,,,,,6.7955116e-05,2.5256388e-05,4.249345e-05,0.00017010674,19108.496,0.16206911,226.83704,0.00075964216,0.23627502,0.00017022993,1.2378831e-05
633,2020-03-28 00:00:00+02:00,-1.2437096,0.043180082,401.77557,0.13742816,89767.53,1104.816,95467.34,563.22723,4.0950108,7.269431e-05,0.9248899,4.5270084e-05,0.1432955,1868.5265,3459.569,0.020217407,1868.2291,2.2291558,7.046691e-05,3.097077e-05,3.9496135e-05,0.0001731677,19280.61,0.16247657,226.8676,0.0007991891,0.24314538,0.00015784669,2.5273783e-05
634,2020-03-29 00:00:00+02:00,-0.6967959,0.037729826,433.43683,0.8872597,70010.9,2924.0903,79759.89,1924.0906,14.344181,,,,,,,,,,8.282352e-05,,3.8064354e-05,0.00014965133,22169.533,0.17753005,226.53633,,,,2.1562932e-05
635,2020-03-30 00:00:00+03:00,-2.0414484,0.03689967,402.93307,0.073126726,78370.67,2100.4507,88182.95,1182.257,8.363338,6.598706e-05,1.0553408,3.640556e-05,0.047231272,,,,,,5.7463876e-05,8.807706e-06,4.8721915e-05,0.00014137119,27790.135,0.17805289,226.95448,0.0003195628,0.50772405,0.00015614003,5.309562e-05
636,2020-03-31 00:00:00+03:00,-1.6907997,0.04049763,244.86653,0.21253979,82146.23,1739.4955,91520.695,881.6616,10.223564,5.916953e-05,1.3487964,5.3536933e-05,0.18520111,,,,,,6.009436e-05,2.3493367e-05,3.8871163e-05,0.00015734066,19292.402,0.1545127,223.48291,0.00015366892,0.48377067,6.2277875e-05,2.015247e-05
637,2020-04-01 00:00:00+03:00,-0.87884974,0.039262116,644.4066,0.8871074,88577.95,1052.3923,99688.8,107.86549,33.830162,,,,,,,,,,5.0763436e-05,,3.4182933e-05,0.0001330538,17797.82,0.1491841,223.6076,,,,-6.5489385e-06
638,2020-04-02 00:00:00+03:00,-0.951427,0.038451016,325.29156,0.7775003,83110.59,1488.9808,94290.06,490.4808,22.64236,-2.3823908e-05,1.7694377,-6.0064427e-05,0.37948275,,,,,,4.4246997e-05,9.875496e-06,3.7684043e-05,0.00012588904,19241.848,0.14112413,224.32843,0.00018673879,0.37294486,6.137333e-05,4.597512e-06
639,2020-04-03 00:00:00+03:00,-1.9133232,0.03385047,420.75302,0.2138345,87376.56,1054.7175,95364.51,341.99744,8.130942,2.7553697e-05,1.1519566,1.1123946e-05,0.17492631,,,,,,5.749739e-05,1.1626529e-05,4.694656e-05,0.00017005368,22098.582,0.16770628,226.11673,0.00020785787,0.55203867,9.9478035e-05,4.5904777e-05
640,2020-04-04 00:00:00+03:00,-1.9479396,0.038272556,427.02905,0.112344705,91185.01,882.6987,98247.79,270.27505,6.58576,8.010668e-05,1.2583994,6.94435e-05,0.10880186,,,,,,6.3088926e-05,1.5521537e-05,4.87495e-05,0.00014954038,19285.418,0.18240245,224.84486,0.000121334604,0.6435679,5.5974862e-05,2.5381523e-05
641,2020-04-05 00:00:00+03:00,-1.6952085,0.039340504,747.6941,0.07369585,88061.34,1296.1903,93845.234,724.7353,6.5575943,0.00011712915,1.0474843,9.022106e-05,0.07327531,1857.9683,3133.9744,0.010538345,1861.3422,2.2150404,7.7352684e-05,2.91933e-05,4.7377835e-05,0.0001896712,14360.107,0.15236324,223.94272,0.0015998654,0.27400875,0.0003315381,1.6817794e-05
642,2020-04-06 00:00:00+03:00,-1.6764057,0.04046587,363.6966,0.04227254,95332.34,619.11,97832.82,369.14493,5.156152,0.00010189015,1.0379517,7.828289e-05,0.042732112,1853.5807,3653.5378,0.033650655,1856.6832,2.1407616,5.7362486e-05,2.494693e-05,3.241555e-05,0.00013425614,14434.7,0.12484497,222.8614,0.00051865744,0.30515367,0.00015031986,2.1700973e-05
643,2020-04-07 00:00:00+03:00,-1.6682359,0.042522915,583.96985,0.07037078,89625.75,1164.1688,94780.766,650.89825,4.9476023,0.00015658533,0.9903235,0.00013184472,0.072694324,1869.2649,3536.5269,0.0122204535,1870.821,2.2067397,6.39094e-05,2.9571971e-05,3.4337427e-05,0.00015369036,14431.302,0.14182965,223.26132,0.0002594727,0.34627217,7.73932e-05,4.3297114e-06
644,2020-04-08 00:00:00+03:00,-1.7292118,0.04120063,574.03,0.10134491,52131.566,6111.383,59183.887,5128.7705,5.6195564,0.00011645886,0.9191072,8.479564e-05,0.097874284,,,,,,5.704321e-05,1.7104907e-05,3.981559e-05,0.0001454014,16721.066,0.15449259,221.52617,0.0007116852,0.24951833,0.00016469722,2.501202e-05
645,2020-04-09 00:00:00+03:00,-1.6127695,0.038263828,768.831,0.20680487,78129.75,2220.9106,86754.78,1356.3024,8.157325,4.4992514e-05,0.954856,1.4659887e-05,0.17258906,1859.6901,3420.765,0.021676654,1861.3618,2.1656654,5.5049226e-05,1.7521998e-05,3.937389e-05,0.00015433374,16702.508,0.16503453,222.74336,0.0021361678,0.27959806,0.00033535215,1.6427235e-05
646,2020-04-10 00:00:00+03:00,-1.3271284,0.0391637,455.22137,0.07218311,51207.793,5566.0737,58662.25,4567.996,6.2386637,6.506938e-05,0.9770815,4.3261054e-05,0.07008991,1862.6805,3402.8184,0.06474637,1865.0143,2.2528136,5.730589e-05,1.717696e-05,4.012893e-05,0.00015974579,16713.676,0.15106802,221.693,0.0012261005,0.33475077,0.00030376515,9.9760015e-05
647,2020-04-11 00:00:00+03:00,-1.6161383,0.04059082,408.69257,0.046287697,95206.52,653.45874,96655.42,484.12558,5.4357443,7.585059e-05,0.9818584,5.1349787e-05,0.04705204,1844.4775,3633.2544,0.04068485,1846.0107,2.020012,6.277376e-05,1.702734e-05,4.5746427e-05,0.00016279709,16718.969,0.13851145,222.98672,0.00033789486,0.34568697,0.0001009064,2.834008e-05
648,2020-04-12 00:00:00+03:00,-0.6353038,0.042922236,1036.5089,0.9605395,72530.78,2716.3643,82377.04,1716.3641,43.450207,,,,,,,,,,5.7279016e-05,,4.454887e-05,0.00014078357,14425.333,0.13454422,224.46448,,,,-3.0385967e-05
649,2020-04-13 00:00:00+03:00,-1.3963317,0.037928846,522.1518,0.3998279,81958.09,1663.5996,91052.69,800.2709,17.554422,5.9417092e-05,1.4771318,5.1558556e-05,0.24628103,,,,,,5.8088906e-05,1.1855931e-05,4.7619054e-05,0.00015714517,16687.91,0.14551902,227.78036,-6.431792e-05,0.6919912,-5.4597578e-05,-1.0155203e-05
650,2020-04-14 00:00:00+03:00,-1.3809174,0.0419204,566.55725,0.5696845,77105.58,2105.652,87585.19,1126.0913,18.796225,-1.6675138e-05,1.349288,-5.7221725e-05,0.3026097,,,,,,6.1529245e-05,1.6135298e-05,4.456671e-05,0.00017013088,17794.984,0.1386876,226.45557,-3.210447e-05,0.7728106,-2.8863014e-05,-1.145331e-05
651,2020-04-15 00:00:00+03:00,-2.1856754,0.03859341,854.557,0.09013722,92685.49,707.33563,98199.53,223.93059,7.1547494,6.57785e-05,1.1994416,4.4811266e-05,0.08151403,,,,,,5.030667e-05,1.3039484e-05,3.75371e-05,0.000112638125,14421.98,0.14636298,225.17216,0.00010104759,0.5406184,2.779193e-05,8.6217915e-06
652,2020-04-16 00:00:00+03:00,-1.2398301,0.039724134,542.8297,0.048145514,97959.14,260.0049,98783.34,176.3721,5.6317806,7.7808145e-05,1.102674,4.513355e-05,0.04806304,1865.6298,3478.4417,0.021012707,1868.4396,2.291844,5.6098383e-05,1.4596379e-05,4.1502004e-05,0.00015097245,16692.502,0.1477478,225.5003,0.00013837602,0.4330922,6.0335748e-05,2.2368873e-05
653,2020-04-17 00:00:00+03:00,-1.5077865,0.038889587,423.7625,0.03239913,92769.57,750.1724,98412.75,252.67456,5.3936777,5.655188e-05,0.9834955,1.4976464e-05,0.03315282,,,,,,5.5944227e-05,1.182023e-05,4.4123997e-05,0.00015188423,22156.598,0.14224906,227.07434,0.0001606527,0.4322143,6.970405e-05,2.548501e-05
654,2020-04-18 00:00:00+03:00,-1.9031144,0.036398623,645.7962,0.27507067,65547.7,3534.7324,74747.87,2541.9277,9.749403,6.813706e-05,0.94034576,1.8720317e-05,0.19151974,,,,,,5.4250042e-05,9.977755e-06,4.3657892e-05,0.00014033142,22170.762,0.16054769,227.09299,8.903162e-05,0.4594957,4.1746367e-05,1.9853576e-05
655,2020-04-19 00:00:00+03:00,-1.5274181,0.038727522,374.37695,0.20311327,82222.266,1736.9637,92032.125,835.0993,7.803746,4.362242e-05,1.3754702,1.9261952e-05,0.18698768,,,,,,6.1246225e-05,2.5482954e-05,3.909992e-05,0.00015142126,19284.242,0.15287206,227.00848,0.00014519549,0.5730507,4.4362718e-05,7.1788886e-06
656,2020-04-20 00:00:00+03:00,-1.9114038,0.039306387,639.8269,0.33003655,83865.12,1661.9396,90757.586,989.84216,10.367978,9.1532616e-05,1.0077523,5.651904e-05,0.10863339,,,,,,6.2716346e-05,2.4244204e-05,3.7483824e-05,0.00012410493,16718.225,0.15362085,225.89742,0.00013084135,0.37324297,4.4066484e-05,4.570645e-06
657,2020-04-21 00:00:00+03:00,-1.5912309,0.038833357,706.76135,0.045512874,90827.664,1009.7778,97243.984,430.06754,7.1545835,0.00010465112,1.05574,7.832015e-05,0.046141412,1840.3911,3514.3499,0.025973346,1843.9374,2.1152413,6.615087e-05,2.6722697e-05,3.9429382e-05,0.00015893643,16720.285,0.14657581,225.44316,0.0006628209,0.3274849,0.00016433411,3.39212e-05
658,2020-04-22 00:00:00+03:00,-1.6315854,0.039542284,607.76086,0.02740344,97808.32,362.8676,99970.24,163.14037,5.454725,8.140343e-05,0.937127,4.5051693e-05,0.027588539,1878.5975,3298.2961,0.010252259,1884.2112,2.344332,6.446177e-05,2.3990475e-05,4.0471296e-05,0.00014793873,18891.89,0.13829812,228.02802,6.8596164e-05,0.351989,3.1677588e-05,1.1456887e-06
659,2020-04-23 00:00:00+03:00,-1.6553533,0.037473936,799.94104,0.0691145,73954.95,3150.1113,78447.24,2566.87,6.7291265,9.816975e-05,0.96816504,6.3427426e-05,0.06513265,,,,,,6.7412686e-05,2.4456182e-05,4.2450447e-05,0.00015506402,19282.824,0.15098512,227.8622,0.0001318378,0.41920704,5.5829838e-05,1.2146362e-05
660,2020-04-24 00:00:00+03:00,-1.6495343,0.036576852,787.4084,0.03959466,58271.477,5130.0703,63896.14,4325.4155,5.950947,9.627243e-05,0.9885511,6.7174245e-05,0.039407812,1853.5759,3223.2947,0.0075212806,1852.713,2.004622,6.892424e-05,1.6857939e-05,5.2066294e-05,0.00017050919,22119.623,0.18122342,228.14523,0.0007251557,0.30714425,0.00020491441,5.935081e-05
661,2020-04-25 00:00:00+03:00,-1.3015914,0.03561286,573.26324,0.068265975,69935.16,2917.373,78967.41,1965.4275,7.3600235,4.2288706e-05,0.92902863,1.41960845e-05,0.06523022,,,,,,6.554845e-05,1.5502623e-05,4.9172457e-05,0.00016915536,24219.605,0.16777407,230.78497,0.0004065578,0.3782868,0.00013211099,6.1270293e-06
662,2020-04-26 00:00:00+03:00,-1.5346489,0.036467493,654.8928,0.29695663,67739.7,3272.4648,76310.63,2341.9302,10.6691,6.1727784e-05,1.0186526,3.2805e-05,0.13954264,,,,,,6.686306e-05,1.6237107e-05,5.0826922e-05,0.00018031208,21946.229,0.1640449,229.90672,0.00047349138,0.4187159,0.00014061236,8.279929e-06
663,2020-04-27 00:00:00+03:00,-1.4321749,0.03735713,603.2825,0.2357989,68387.59,3150.376,77351.375,2186.0132,14.643263,3.7687583e-05,1.1616297,1.9863046e-05,0.19520664,,,,,,6.8101974e-05,1.8657951e-05,4.9540053e-05,0.0001635938,19261.37,0.15801314,229.94258,0.00028014285,0.2975167,8.6302665e-05,9.403706e-06
664,2020-04-28 00:00:00+03:00,-1.5189435,0.036294945,940.0014,0.45244884,67757.54,3216.4644,76442.43,2262.7935,18.840668,8.50932e-05,1.0301569,5.5107288e-05,0.25782698,,,,,,7.574377e-05,1.9886735e-05,5.080415e-05,0.00016497565,20672.527,0.15757357,230.64824,0.00056389184,0.26324105,0.000114418646,2.3522296e-05
665,2020-04-29 00:00:00+03:00,-2.1285248,0.035796177,658.30054,0.35961023,84996.83,1394.293,93983.45,576.7787,22.402132,7.154267e-05,1.579457,7.604795e-05,0.16224445,,,,,,6.727649e-05,1.5122996e-05,5.3245312e-05,0.00017083122,22132.027,0.15981777,230.60446,0.00028353566,0.5537936,0.00012970093,2.1146236e-05
666,2020-04-30 00:00:00+03:00,-1.3013664,0.037474804,764.2888,0.4198851,69194.62,3037.7285,78685.0,2039.8896,15.760336,1.1042739e-05,1.3563113,1.1852171e-06,0.30558032,,,,,,6.728798e-05,2.632018e-05,4.910809e-05,0.00016876635,20515.666,0.15689322,229.88043,0.0009690879,0.35809767,0.00018516176,3.150956e-05
667,2020-05-01 00:00:00+03:00,-2.1555927,0.03430167,1143.5967,0.05369769,62160.305,4029.3923,70522.93,3048.504,4.722345,6.807312e-05,0.96270674,4.6580062e-05,0.054895796,,,,,,7.89921e-05,2.8723598e-05,5.041827e-05,0.00015436162,19249.771,0.16931663,230.6053,2.2299e-05,0.4359913,8.628124e-06,-1.5272079e-05
668,2020-05-02 00:00:00+03:00,-1.8031775,0.035184026,937.43005,0.17052802,81097.81,2216.0093,85897.85,1674.9988,7.933574,0.000117252435,1.335563,9.5599695e-05,0.16705722,,,,,,7.32891e-05,9.648997e-06,5.941707e-05,0.00019799097,22111.758,0.16866282,230.56259,-6.8592664e-05,0.6227034,-2.9946521e-05,-1.6310612e-05
669,2020-05-03 00:00:00+03:00,-1.1674457,0.034152776,882.5521,0.48939782,95315.59,508.95703,98607.47,213.15765,22.569683,1.6207345e-05,1.8582274,1.7035103e-05,0.31475967,,,,,,6.167611e-05,9.074452e-06,5.285081e-05,0.00017448625,22141.684,0.1695625,230.38773,3.406322e-05,0.90100443,3.106983e-06,-1.7362936e-06
670,2020-05-04 00:00:00+03:00,-2.0258338,0.035920776,677.28503,0.014808548,91482.695,877.28033,97352.1,343.58072,5.307907,7.431886e-05,0.8716217,4.019747e-05,0.014859226,,,,,,6.697911e-05,1.0203244e-05,5.6776087e-05,0.00017054306,22159.867,0.17345737,231.06442,0.00054556166,0.32714137,0.00017592005,5.2582734e-05
671,2020-05-05 00:00:00+03:00,-1.3142319,0.035011325,870.5652,0.4544473,64560.727,3597.349,73597.766,2597.349,12.827044,0.00010971891,0.9991379,8.328082e-05,0.26493216,,,,,,7.5374606e-05,1.6510017e-05,5.6374323e-05,0.00018747317,22436.008,0.18033212,231.60559,0.00037474497,0.43245745,0.0001497279,5.4012333e-05
672,2020-05-06 00:00:00+03:00,-1.648521,0.036631584,578.46124,0.0,,,,,,7.3774325e-05,0.8667084,4.098184e-05,0.0,1862.4493,3191.9507,0.009671991,1866.6523,2.3158827,7.7304445e-05,1.7391463e-05,5.9912978e-05,0.00015794927,19266.38,0.17638995,230.94362,0.00022058314,0.41651434,9.30469e-05,2.8917586e-05
673,2020-05-07 00:00:00+03:00,-1.6335756,0.03669086,625.9032,0.0,,,,,,6.1582585e-05,0.9518486,3.2163556e-05,0.0,1833.1797,3484.2012,0.041397065,1839.4308,2.2767434,7.103152e-05,1.4949846e-05,5.6081677e-05,0.00018709575,18864.094,0.16201416,230.28966,0.0010532951,0.31214207,0.00026857367,2.3442566e-05
674,2020-05-08 00:00:00+03:00,-2.0787349,0.034850426,1028.058,0.15932812,84801.1,1729.7203,89263.92,1246.3673,9.052732,3.449192e-05,1.2488112,4.518417e-06,0.13215837,,,,,,6.6664266e-05,1.0447608e-05,5.636268e-05,0.00017706866,19270.83,0.16864958,231.48393,0.00026587787,0.3920409,0.00010139687,1.1997402e-05
675,2020-05-09 00:00:00+03:00,-2.2965353,0.034015864,920.255,0.034197178,90293.38,1008.5685,95373.86,522.88574,8.12091,6.274301e-05,0.95445853,2.5213481e-05,0.02367067,,,,,,6.930833e-05,8.822761e-06,6.014214e-05,0.0001792406,19269.754,0.17300197,232.00558,0.00035865704,0.3190622,0.000107381726,2.063317e-05
676,2020-05-10 00:00:00+03:00,-1.6279192,0.036153216,823.0192,0.010970692,94875.34,570.6083,98766.51,218.64673,5.2559714,9.4582516e-05,0.9249046,5.6534303e-05,0.01084051,,,,,,7.675677e-05,1.7914965e-05,5.8841804e-05,0.0001896272,17981.547,0.17115581,231.33148,0.00050293235,0.29365486,0.00013207337,-5.41816e-06
677,2020-05-11 00:00:00+03:00,-0.9188658,,,0.88930666,76823.516,2182.3652,86880.77,1183.1625,80.093765,,,,,,,,,,6.9830705e-05,,4.8820577e-05,0.00017651235,19238.512,0.16370112,233.16986,,,,-3.07141e-05
678,2020-05-12 00:00:00+03:00,-1.591943,0.034388043,531.92535,0.02166194,92772.08,707.36273,96906.66,330.97418,5.5234427,8.991236e-05,0.8940296,4.7300353e-05,0.022011017,,,,,,7.623517e-05,1.028626e-05,6.604008e-05,0.00021206032,24244.0,0.17126875,231.7894,0.0006364834,0.42670378,0.0001931535,5.761094e-05
679,2020-05-13 00:00:00+03:00,-1.3645759,0.030983625,532.7752,0.3856664,69453.836,3069.8057,78490.83,2122.5054,17.731272,3.8809303e-05,1.2638338,1.2357926e-06,0.22403893,,,,,,7.7829165e-05,1.8353441e-05,6.0303566e-05,0.00019398876,24244.375,0.17067721,233.0902,5.612878e-05,0.67556924,5.175366e-05,8.462033e-06
680,2020-05-14 00:00:00+03:00,-1.9413407,0.03462697,543.08887,0.043162383,67780.984,3488.8994,73200.016,2794.0522,7.2590237,9.114364e-06,1.0347352,-2.4141722e-05,0.04279496,,,,,,7.004187e-05,7.1963295e-06,6.27416e-05,0.00018329776,22154.92,0.16925447,233.14713,0.00019847942,0.52137434,0.00010399689,4.2457614e-05
681,2020-05-15 00:00:00+03:00,-2.0369902,0.034446403,772.7871,0.26258045,88130.84,1172.6194,95263.89,520.9149,22.675486,2.2595324e-05,1.4806328,-6.792383e-06,0.11409913,,,,,,6.908257e-05,1.4012999e-05,5.7007484e-05,0.00017472918,19267.63,0.16117984,232.99289,-5.68444e-06,0.64353627,-1.6321113e-05,-1.0797994e-05
682,2020-05-16 00:00:00+03:00,-1.7946582,0.034594253,840.5265,0.40302998,76279.484,2401.8354,84922.99,1533.0486,20.549751,2.6709104e-05,1.4036008,-4.346817e-06,0.24961656,,,,,,6.984788e-05,1.8421872e-05,5.9391896e-05,0.00018735675,22144.064,0.15931553,233.66428,0.00017737849,0.6616876,9.1496986e-05,3.4950467e-06
683,2020-05-17 00:00:00+03:00,-2.0370393,0.034256287,876.1495,0.44187742,84210.22,1514.7921,94318.18,600.83624,10.638925,7.1473456e-05,1.3257706,5.6885667e-05,0.19539545,,,,,,7.048121e-05,4.944045e-06,6.8976085e-05,0.00015838582,22145.4,0.16450253,234.41423,-0.00012782827,0.70890915,-8.059075e-05,-3.0528172e-05
684,2020-05-18 00:00:00+03:00,-1.4841121,0.035485685,634.22974,0.061695587,89544.07,1297.8535,92150.91,998.667,6.0573006,4.607123e-05,0.999025,1.2799447e-05,0.061217204,,,,,,7.4216645e-05,1.3235515e-05,6.0619794e-05,0.00019055087,19272.969,0.16149144,231.82353,7.634859e-05,0.5103586,3.0354542e-05,1.2416909e-05
685,2020-05-19 00:00:00+03:00,-1.5803545,0.03433661,1204.5526,0.44374883,57547.195,4519.4624,65710.44,3521.9106,20.9967,3.557298e-05,0.8673701,-5.22573e-06,0.3201446,,,,,,7.135415e-05,2.5561862e-05,5.919175e-05,0.0001740136,20514.371,0.16568078,233.41003,-0.00011272216,0.3048106,-3.3810302e-05,-1.8773559e-05
686,2020-05-20 00:00:00+03:00,-1.8661993,0.03470523,508.4862,0.0035220496,77586.17,2472.2566,81519.08,1972.2568,5.9231434,5.0731178e-05,0.901772,1.3676172e-05,0.0035391457,,,,,,7.444539e-05,1.20212935e-05,6.238084e-05,0.00018377692,22178.117,0.16982354,233.73872,5.9219517e-05,0.41222447,2.457375e-05,-6.0910734e-06
687,2020-05-21 00:00:00+03:00,-1.7268139,0.032520827,435.87213,0.0024802126,95698.664,544.5325,97491.414,362.09467,5.333407,8.243347e-05,0.922149,4.802287e-05,0.002619911,1830.0784,3108.2295,0.007687584,1835.9407,2.2952733,8.1531776e-05,1.7337548e-05,6.4194224e-05,0.00020283405,22186.809,0.17326339,233.14558,0.00024651957,0.42586404,9.9072204e-05,1.4299445e-06
688,2020-05-22 00:00:00+03:00,-1.968285,0.031764362,705.3735,0.04278542,95002.83,618.7607,98973.82,235.06966,5.8419,4.774352e-05,0.903939,1.4955131e-05,0.042591713,,,,,,8.2299164e-05,2.446663e-05,5.775671e-05,0.00015901325,19292.963,0.17922768,232.61583,0.00014069474,0.4371704,5.7652273e-05,1.3692359e-05
689,2020-05-23 00:00:00+03:00,-1.3972987,,,0.5175146,34449.54,8594.088,39766.316,7594.088,19.399704,8.104104e-05,0.5518873,1.2344491e-05,0.30511817,,,,,,6.397568e-05,,5.7914545e-05,0.00016922646,14429.083,0.15070164,232.14825,0.00091178546,0.13688296,0.00012892763,-1.6377096e-05
690,2020-05-24 00:00:00+03:00,-1.4938364,0.031171702,1109.3425,0.3418288,75561.56,2922.338,80948.95,2285.6255,15.298828,2.7612828e-05,1.5513515,-1.6697695e-05,0.22194284,,,,,,7.181481e-05,3.1771826e-06,6.94138e-05,0.00019250662,22166.678,0.17275661,233.1218,0.000106564214,0.7748879,5.1648825e-05,1.3495455e-05
691,2020-05-25 00:00:00+03:00,-1.8755845,0.03161525,1290.3381,0.33352712,77836.0,2265.8225,86145.52,1428.4166,24.86324,2.0958503e-05,1.3287396,-7.537312e-06,0.1582356,,,,,,7.329256e-05,5.303074e-06,6.445862e-05,0.00018663795,24314.09,0.17058197,233.66653,4.9491493e-05,0.7259853,2.2094018e-05,1.0516546e-05
692,2020-05-26 00:00:00+03:00,-1.8504732,0.033696543,1203.7832,0.23377782,77072.766,2427.1414,86194.91,1507.69,11.86055,8.6409214e-05,1.2214606,5.233963e-05,0.14385797,,,,,,7.848201e-05,2.3715653e-05,5.747097e-05,0.00018975945,19309.582,0.161003,232.4592,8.698051e-06,0.5743122,-6.6335397e-06,-1.09511075e-05
693,2020-05-27 00:00:00+03:00,-1.3709697,0.033479538,1212.7808,0.22007146,73146.57,2963.5176,81086.17,2104.3562,11.88336,1.1625736e-05,1.2194128,-8.604766e-06,0.11114262,,,,,,7.122336e-05,1.477825e-05,5.779186e-05,0.00018983337,16719.688,0.15006757,233.6086,0.000468409,0.4868637,0.00014628493,2.7566439e-06
694,2020-05-28 00:00:00+03:00,-1.2860248,0.033280604,1179.5422,0.35325074,63145.305,4143.9155,71169.62,3193.77,12.365158,2.54476e-05,1.2253993,-4.6193004e-06,0.14391804,,,,,,7.565597e-05,1.5067224e-05,6.116108e-05,0.00020354186,19296.12,0.15592182,233.21506,0.00027910012,0.4875251,9.050182e-05,-5.0183524e-05
695,2020-05-29 00:00:00+03:00,-1.1980251,0.032761563,932.1123,0.14773713,67091.85,3793.5984,75241.4,2865.7324,15.815005,7.106959e-05,1.1946006,4.5735178e-05,0.11717744,,,,,,7.392555e-05,1.6331847e-05,5.940275e-05,0.00018286622,19294.996,0.15309542,231.55544,0.00017620146,0.5067185,4.8284186e-05,9.626305e-06
696,2020-05-30 00:00:00+03:00,-2.0403948,0.033228327,808.43896,0.025837949,19022.127,12175.108,22189.637,11175.108,10.063567,9.372702e-05,0.9409486,5.9104346e-05,0.022929767,1862.6581,3431.475,0.012233184,1874.021,2.8151157,7.5941134e-05,1.5347108e-05,6.0331284e-05,0.00017873503,16710.043,0.14829627,234.0026,2.7201399e-05,0.479842,1.4460975e-05,-1.1532638e-06
697,2020-05-31 00:00:00+03:00,-1.6641107,0.032060508,747.4521,0.0,,,,,,5.3403324e-05,0.8551797,1.46113e-05,0.0,1841.3303,3398.795,0.010751818,1855.552,3.0842338,7.676512e-05,1.467291e-05,6.209221e-05,0.0001831809,16709.674,0.14758833,233.9238,0.00021354592,0.30847806,6.4202315e-05,2.7285619e-06
698,2020-06-01 00:00:00+03:00,-1.5852888,0.033947635,1423.645,0.23934852,66705.72,3558.4165,75268.0,2595.661,12.169416,6.49617e-05,1.0160077,2.6305184e-05,0.13103011,,,,,,7.5875076e-05,1.40414e-05,6.122543e-05,0.00018934697,19289.203,0.15097865,234.12906,0.000949309,0.31369013,0.00021952926,3.2002827e-05
699,2020-06-02 00:00:00+03:00,-1.7265643,0.0303648,900.3328,0.14318565,81497.52,1918.5706,89467.32,1128.9912,6.2304916,2.274908e-05,1.1671851,-8.098654e-06,0.13907498,,,,,,7.6784694e-05,1.1974306e-05,6.66493e-05,0.00016178575,19273.527,0.1613884,235.33542,-1.9587224e-05,0.5859231,-1.6282665e-05,-1.6138754e-05
700,2020-06-03 00:00:00+03:00,-0.505941,,,0.8181747,77774.81,2130.1738,88101.2,1130.174,72.70826,,,,,,,,,,7.103602e-05,,6.565091e-05,0.00019026859,22131.7,0.15424268,233.81645,,,,-9.762615e-07
701,2020-06-04 00:00:00+03:00,-1.1976837,0.033221014,1288.9998,0.5027785,64520.867,3638.8313,73239.586,2649.6455,30.192413,8.408498e-05,1.0999821,3.84976e-05,0.30672014,,,,,,7.1007584e-05,1.39607455e-05,6.61473e-05,0.00018351796,22107.469,0.15284477,233.89568,7.870098e-05,0.682718,5.1742332e-05,5.2075193e-06
702,2020-06-05 00:00:00+03:00,-1.5491562,0.031631116,1691.6636,0.36843204,56130.02,4616.725,63890.875,3616.7246,13.053219,0.00011411005,0.8149687,5.4454256e-05,0.19429024,,,,,,8.4078754e-05,2.542618e-05,5.900155e-05,0.0001793202,19230.406,0.14994743,235.99933,0.00015713624,0.36225462,5.7507066e-05,-7.1537083e-06
703,2020-06-06 00:00:00+03:00,-1.9505426,0.030765694,952.17566,0.041193906,87205.234,1174.3339,92289.09,667.30615,6.5700674,8.815011e-05,1.043557,4.7388326e-05,0.041679572,,,,,,8.6269196e-05,2.7565331e-05,6.061192e-05,0.00020499516,18135.303,0.15288588,235.50809,0.0002227517,0.4751327,9.3604875e-05,2.058655e-05
704,2020-06-07 00:00:00+03:00,-1.0277855,,,0.999402,61517.977,4005.6345,69921.86,3005.6348,23.700293,,,,,,,,,,7.594284e-05,,5.5049462e-05,0.00013649196,17001.672,0.14494602,234.8975,,,,4.3492814e-06
705,2020-06-08 00:00:00+03:00,-1.0610039,0.031640172,2425.0896,0.7496168,64152.14,3890.0078,72561.89,2904.4722,48.071274,6.787348e-05,1.6431774,7.898022e-05,0.36362976,,,,,,7.4623735e-05,,5.9311024e-05,0.00018793752,16696.07,0.14764167,234.20992,0.0002760231,1.3792182,0.00038069612,2.420189e-05
706,2020-06-09 00:00:00+03:00,-0.5266915,0.031312343,1934.3673,0.7600759,90844.87,951.7151,98515.86,263.61172,54.60802,0.00013441726,2.3613362,0.00027274917,0.32742545,,,,,,8.308877e-05,,5.372178e-05,0.000200418,16703.883,0.1488422,233.47316,-0.0004049975,0.93275857,-0.0003777649,-3.377624e-05
707,2020-06-10 00:00:00+03:00,-0.8634321,,,0.9267746,59123.527,4394.306,67185.21,3394.3062,48.64417,,,,,,,,,,8.213826e-05,,5.505218e-05,0.00016775836,16701.59,0.14660001,235.46445,,,,-1.8501121e-05
708,2020-06-11 00:00:00+03:00,-1.7034731,0.032558896,3247.1746,0.45601493,54267.418,5237.51,61347.336,4268.242,48.77956,0.00018006243,1.0276548,0.00012982202,0.23865348,,,,,,9.5159514e-05,3.338803e-05,5.7270307e-05,0.00019715878,16699.543,0.14215505,234.07922,6.2512496e-05,0.90516645,5.5058103e-05,-5.7346533e-06
709,2020-06-12 00:00:00+03:00,-2.2177625,0.030006444,2988.8503,0.05890699,75882.33,3164.3845,82206.86,2435.0068,6.489096,0.00015390961,1.0921288,0.00011448114,0.05723051,,,,,,8.839203e-05,3.077756e-05,5.813256e-05,0.00022114051,14425.355,0.13947695,235.76959,6.7271896e-05,0.9112842,6.199609e-05,2.5825544e-05
710,2020-06-13 00:00:00+03:00,-1.5504029,0.030805994,973.2078,0.026231516,97512.69,384.01273,99630.14,180.7602,5.8239636,0.00010806756,0.94318056,5.636388e-05,0.028085342,,,,,,8.077155e-05,1.466491e-05,6.6156405e-05,0.00021816754,16707.014,0.13872334,234.62943,-7.962009e-05,0.7345742,-5.7279012e-05,-4.4148874e-05
711,2020-06-14 00:00:00+03:00,-0.8482524,0.026940327,1628.7019,0.6346065,63359.54,3952.0535,71970.29,2952.0535,47.695225,8.0361635e-05,0.8537825,2.960396e-05,0.3543973,,,,,,7.686966e-05,,6.313833e-05,0.00019038934,16705.277,0.15010113,234.4979,0.00021236848,0.38719353,7.097797e-05,-9.4727275e-06
712,2020-06-15 00:00:00+03:00,-1.8640499,0.026762106,1470.0911,0.45494002,87705.164,1222.465,96886.45,390.67984,28.178827,5.9699756e-05,1.730344,5.0077764e-05,0.26998535,,,,,,7.970979e-05,1.5790669e-05,6.0106366e-05,0.00019992175,16701.254,0.15459,235.05733,-2.728104e-05,0.5821788,1.3508867e-05,6.1000037e-06
713,2020-06-16 00:00:00+03:00,-2.3982027,0.028780133,1597.8701,0.2717451,83156.53,1711.7053,90159.09,1009.0563,21.037167,1.3431123e-05,1.5368025,-2.8373619e-05,0.1816912,,,,,,7.947671e-05,2.1819775e-05,5.6688914e-05,0.00018785504,16701.64,0.14617771,235.73386,0.0001694175,0.5184375,4.6267724e-05,5.9579625e-06
714,2020-06-17 00:00:00+03:00,-1.8120973,0.03237829,1697.6975,0.0057347864,100153.5,106.565765,100915.41,38.942196,5.433802,9.4938165e-05,1.0384622,5.1847164e-05,0.005774984,,,,,,8.78253e-05,2.7248389e-05,6.0576902e-05,0.00020964633,15722.213,0.13462868,236.66396,9.9794335e-05,0.5911231,4.7819012e-05,9.300831e-06
715,2020-06-18 00:00:00+03:00,-1.9361323,0.029052576,2050.6743,0.06846969,81413.46,1960.8832,88816.52,1196.6337,6.4890604,0.00018500675,0.9947101,0.00013204222,0.06407314,,,,,,8.783592e-05,2.520081e-05,6.304244e-05,0.00017067957,16696.775,0.14027748,237.3424,-9.2517985e-05,0.58369535,-4.6731944e-05,-2.0849558e-05
716,2020-06-19 00:00:00+03:00,-1.3034825,0.030545427,2674.9023,0.059549116,40561.766,7488.5615,46486.594,6488.5615,10.460713,0.00019735332,1.0195193,0.00015409142,0.050051436,,,,,,9.125925e-05,2.8999475e-05,6.254591e-05,0.00021666408,16698.414,0.13868164,234.89807,-4.9720107e-05,0.6117928,-2.8802551e-05,-1.9261399e-05
717,2020-06-20 00:00:00+03:00,-1.4556574,0.03262262,2515.2415,0.51364183,36895.453,8497.73,41911.547,7534.5264,76.870445,0.0001980583,0.9998284,0.00014288863,0.050358582,,,,,,8.685391e-05,1.9348136e-05,6.3258914e-05,0.00019192477,16699.746,0.13915445,234.85493,-0.00039319976,0.48378235,-0.00016722396,-2.60708e-05
718,2020-06-21 00:00:00+03:00,-2.4117925,0.030614857,2350.1003,0.16438057,77056.5,2646.1665,82071.73,2038.853,8.431524,0.00016380858,1.3724954,0.00015435186,0.13878827,,,,,,8.132262e-05,2.2803484e-05,6.1482e-05,0.00019967562,16702.45,0.13980106,236.715,4.5681394e-05,1.1707594,4.4625434e-05,1.4291596e-05
719,2020-06-22 00:00:00+03:00,-2.0178246,0.03049162,2214.878,0.0741925,74763.586,2735.2349,82383.836,1901.0837,6.222737,0.00012487161,1.1244658,7.763898e-05,0.06497547,,,,,,8.691604e-05,2.708407e-05,6.006012e-05,0.00017289513,16703.42,0.14068775,235.95015,5.724981e-06,0.684811,6.282244e-06,-1.2741653e-05
720,2020-06-23 00:00:00+03:00,-1.4467562,0.026790287,4006.3516,0.96974367,40034.906,7378.123,45970.883,6379.5986,14.158802,,,,,,,,,,8.071054e-05,,6.020951e-05,0.00014277145,19281.355,0.14701039,236.0328,,,,2.3509172e-05
721,2020-06-24 00:00:00+03:00,-1.7251908,0.030221382,1515.7,0.04795352,59680.758,4829.294,67452.09,3844.8818,6.1015716,0.000125142,0.9179635,6.499632e-05,0.047918543,,,,,,8.624317e-05,2.2938428e-05,6.3803294e-05,0.0002145961,16714.854,0.14563161,235.03177,0.00033031352,0.37828547,9.6705895e-05,4.4421627e-06
722,2020-06-25 00:00:00+03:00,-1.5004524,0.031975843,1142.4171,0.03743608,87556.516,1409.1117,93816.79,772.8179,6.0646973,0.00013307479,1.0367805,8.434792e-05,0.038548388,,,,,,8.2028186e-05,2.0213853e-05,6.2650055e-05,0.00019540722,16717.076,0.1424715,233.8927,-2.0181375e-05,0.41013515,-6.8997997e-06,-1.6909933e-05
723,2020-06-26 00:00:00+03:00,-2.1209114,0.031976435,1515.3914,0.026047083,98019.83,347.93872,100170.32,141.21687,6.0674505,0.00017265431,1.0591607,0.00012496178,0.026394283,,,,,,8.249763e-05,1.8824514e-05,6.3797095e-05,0.00019577381,16712.037,0.14163013,235.94235,4.2483072e-05,0.51658404,2.544147e-05,3.1426323e-06
724,2020-06-27 00:00:00+03:00,-2.1833992,0.030685855,2173.4263,0.04981432,69825.87,3509.1355,75011.88,2825.6887,6.1239786,0.00018110019,1.0977623,0.00014752771,0.050196335,,,,,,8.7762004e-05,2.4867457e-05,6.346639e-05,0.00021277202,16699.87,0.1437419,235.75854,0.000106396044,0.6196061,6.831583e-05,3.0770254e-05
725,2020-06-28 00:00:00+03:00,-1.9264741,0.03122578,2161.2148,0.0018562931,100360.51,44.451687,100418.56,39.487686,5.263544,0.00012795874,0.984802,7.705044e-05,0.0018482183,,,,,,9.0069945e-05,3.128345e-05,5.878652e-05,0.00022085263,16697.297,0.13922003,237.45378,-2.6058657e-05,0.60008883,-1.50937185e-05,-3.0516347e-05
726,2020-06-29 00:00:00+03:00,-1.3867252,,,0.63617456,34684.836,8622.294,39899.39,7622.294,45.072533,0.00010153904,0.564287,9.459354e-06,0.3929648,,,,,,0.00010512197,,5.650281e-05,0.00018726618,16695.793,0.13655636,236.2215,,,,-1.4454645e-05
727,2020-06-30 00:00:00+03:00,-1.7162758,0.026321325,1976.5437,0.53021985,66146.45,3664.5288,73159.46,2813.973,20.338692,2.6563968e-05,1.3388863,-4.220069e-05,0.2750418,,,,,,7.960813e-05,1.5709174e-05,6.226641e-05,0.00018511109,19246.234,0.14687347,234.92004,7.1695344e-05,0.5452756,3.1496704e-05,-1.3747402e-05
728,2020-07-01 00:00:00+03:00,-1.6629194,0.029392157,1412.7733,0.49855828,81742.555,1771.0903,90151.08,945.9858,27.689592,0.00011232631,1.8194337,0.00014477216,0.17431784,,,,,,7.8734316e-05,1.721919e-05,5.9542355e-05,0.0001898554,16690.047,0.14585647,238.21707,0.00014997464,0.8392938,9.69908e-05,1.527106e-05
729,2020-07-02 00:00:00+03:00,-1.3335325,0.027054984,1662.8661,0.59546584,84659.35,1479.0698,93627.875,630.9824,23.716228,5.244323e-06,1.5387157,-1.911464e-05,0.2517409,,,,,,7.709685e-05,2.1542462e-05,5.917038e-05,0.00018586562,16696.61,0.1515989,236.54855,0.00011094335,0.7914419,8.53109e-05,4.6891146e-06
730,2020-07-03 00:00:00+03:00,-0.8593603,0.025688052,3414.235,0.9719702,52874.96,5198.883,60273.152,4198.883,128.70828,,,,,,,,,,6.917543e-05,,5.9454156e-05,0.00017483172,19264.3,0.15163498,236.5935,,,,-1.5604181e-06
731,2020-07-04 00:00:00+03:00,-1.4125824,0.02698951,2079.7368,0.6912322,62376.816,4359.639,70570.484,3376.3755,46.96242,0.00012424463,0.8364407,2.9664337e-05,0.34028962,,,,,,7.2629606e-05,,5.8199927e-05,0.00013873198,16700.152,0.14211842,236.40335,-0.00013160554,0.25714415,-3.435126e-05,2.4177664e-06
732,2020-07-05 00:00:00+03:00,-1.4893994,0.027888998,2145.024,0.693244,81911.3,1736.8779,92417.25,737.5545,50.479076,6.4870146e-05,1.6132656,3.3438326e-05,0.33355346,,,,,,7.863734e-05,,5.467212e-05,0.00017904164,14421.178,0.14311023,234.44774,-0.00011855197,0.85609025,-8.7366876e-05,-5.253247e-06
733,2020-07-06 00:00:00+03:00,-1.2009802,0.029605133,1470.8345,0.55304474,62593.21,4249.58,70481.625,3294.9763,47.93705,0.00010465113,1.3345413,3.6375946e-05,0.17809017,,,,,,7.953988e-05,1.9820036e-05,6.354659e-05,0.00018794893,16690.48,0.14274584,237.15982,0.0003465683,0.46267438,0.000119709235,-6.2558047e-06
734,2020-07-07 00:00:00+03:00,-1.6431289,0.024503592,1125.5911,0.41381454,82532.53,1686.5339,91886.414,799.0198,19.47921,2.6771679e-05,1.654265,-2.4796198e-05,0.26579988,,,,,,7.380708e-05,6.970771e-06,6.7749774e-05,0.00018943177,19680.328,0.16120103,237.10065,0.00011602882,0.82917035,9.856869e-05,2.3188582e-05
735,2020-07-08 00:00:00+03:00,-1.9846232,0.025443763,1216.3586,0.27507746,83682.016,1590.5548,92195.18,782.598,10.663734,2.8604878e-05,1.2961676,-2.1721013e-05,0.12606801,,,,,,7.4290656e-05,1.3218104e-06,7.468038e-05,0.00020232567,24244.404,0.16212156,237.16618,0.00021340506,0.7028446,0.00011237821,4.0323153e-05
736,2020-07-09 00:00:00+03:00,-1.7701864,0.026243405,1258.1608,0.46422815,80880.31,1899.4979,89033.23,1097.056,10.247606,5.550151e-05,1.3579757,6.683793e-06,0.15494438,,,,,,7.485536e-05,1.0420442e-05,6.948413e-05,0.00016029502,22156.857,0.16178867,236.45276,1.8676925e-05,0.69101495,1.8068333e-06,6.4955707e-06
737,2020-07-10 00:00:00+03:00,-0.9197473,0.027654573,1636.4633,0.61129236,86894.7,1252.2745,97526.05,291.41992,31.493538,0.00014958912,1.5425303,0.00014962196,0.3088879,,,,,,7.9715515e-05,2.261618e-05,6.492155e-05,0.00021484183,16695.436,0.15089236,235.93832,0.00038270824,0.83519083,0.00021207621,-1.5917745e-05
738,2020-07-11 00:00:00+03:00,-1.7379961,0.026452512,1262.7214,0.4245881,53465.35,5743.8286,59270.438,4871.0557,15.959468,6.0893624e-05,1.1016079,-2.4128321e-06,0.32244682,,,,,,7.426168e-05,5.067888e-06,6.377622e-05,0.00017917622,19273.756,0.14791256,235.12486,6.3837695e-05,0.72415215,2.638909e-05,5.4918437e-06
739,2020-07-12 00:00:00+03:00,-1.983308,0.024833493,1119.8232,0.12661286,96480.64,473.63776,99460.98,196.56769,7.2624197,3.6506583e-05,1.5844593,-1.7242353e-05,0.12684202,,,,,,7.552354e-05,8.3198265e-06,6.751917e-05,0.000194739,19283.969,0.16156995,236.56824,3.8600054e-05,0.7608073,3.3715565e-05,1.625502e-05
740,2020-07-13 00:00:00+03:00,-2.0811162,0.026431937,1298.0476,0.08366066,83231.1,1781.036,89415.055,1151.0721,4.559367,8.756575e-05,1.317363,5.206932e-05,0.12338557,,,,,,7.409335e-05,7.350063e-06,6.6926885e-05,0.00019303242,19280.326,0.15409489,236.33716,0.00014090589,0.59175277,5.6831705e-05,2.6496768e-05
741,2020-07-14 00:00:00+03:00,-1.6599572,0.027110547,1484.9886,0.2667975,92688.95,834.83466,99629.41,193.61598,12.982255,5.9128624e-06,1.6582646,-4.2071544e-05,0.2752158,,,,,,7.496952e-05,1.4314768e-05,6.3323976e-05,0.00020603868,16705.902,0.14761472,236.32767,-3.1514683e-05,0.49771047,3.9282822e-06,3.209272e-07
742,2020-07-15 00:00:00+03:00,-2.0465293,0.027031276,1612.2574,0.12994637,82139.414,1854.8805,89027.65,1159.3951,3.0035768,0.00010366285,1.0439212,5.4475488e-05,0.1357052,1842.632,3595.3877,0.015061605,1860.8011,3.6654189,8.678725e-05,1.7609138e-05,6.917812e-05,0.0002282949,17108.168,0.14969848,236.50887,0.00034058874,0.42195123,0.00013473399,3.5620564e-05
743,2020-07-16 00:00:00+03:00,-1.7435215,0.026388675,1573.8235,0.4275251,72235.734,3035.7964,80624.43,2105.4395,6.8978815,0.00012654948,0.97177255,4.982121e-05,0.32055908,,,,,,7.8156365e-05,1.1067427e-05,6.7318586e-05,0.00019637938,19263.172,0.14985053,233.83385,-4.9899692e-05,0.5816728,-2.4635785e-05,2.7296674e-06
744,2020-07-17 00:00:00+03:00,-1.7897458,0.027540883,1434.1102,0.33001703,77853.78,2365.317,86986.83,1429.6683,6.744645,9.289567e-05,1.053817,3.734156e-05,0.20896322,,,,,,7.7660254e-05,1.45080685e-05,6.5160835e-05,0.00019197486,19276.684,0.14785235,236.53561,9.9015924e-05,0.47218227,4.7300553e-05,2.1575805e-05
745,2020-07-18 00:00:00+03:00,-2.1442096,0.027716449,1499.8237,0.09278152,84984.97,1682.6008,92893.16,890.16956,6.2882166,0.000102897124,0.98192334,5.003567e-05,0.09598157,,,,,,8.816409e-05,2.5635181e-05,6.454442e-05,0.00020407818,16710.121,0.14654444,230.9302,7.894414e-05,0.50167835,4.1059113e-05,1.817281e-05
746,2020-07-19 00:00:00+03:00,-2.0299327,0.027395349,3068.2773,0.24285954,61650.668,4395.7266,69330.09,3431.832,5.1865025,0.00013585822,0.8387066,6.048957e-05,0.20027697,,,,,,7.917071e-05,1.7205704e-05,6.227076e-05,0.00019368017,16707.367,0.13842803,236.46333,0.0005326839,0.3844015,0.00017596413,1.8049566e-05
747,2020-07-20 00:00:00+03:00,-2.521556,0.02683411,2014.8616,0.12948658,78748.43,2267.7812,86392.78,1459.6417,5.279002,0.00013866257,0.8897444,7.219208e-05,0.113041416,,,,,,8.093931e-05,1.7094697e-05,6.4722044e-05,0.00016312899,18930.207,0.1471855,237.6156,-4.0275172e-05,0.43157846,-1.9049945e-05,-3.854794e-05
748,2020-07-21 00:00:00+03:00,-1.6711168,0.02703961,1013.8685,0.37206626,84144.266,1659.019,93047.375,804.23584,6.3924956,5.9253878e-05,1.3756925,3.3509245e-05,0.32362175,,,,,,7.556348e-05,1.2148297e-05,6.451306e-05,0.00019961754,19271.016,0.1454574,236.00392,-3.603177e-06,0.5518818,-5.2722035e-06,1.9405259e-05
749,2020-07-22 00:00:00+03:00,-1.5889002,0.027950317,1475.9973,0.6609286,79556.64,2078.713,89053.22,1141.3167,10.2760315,2.103671e-05,1.4225225,-2.551053e-05,0.3632562,,,,,,7.33342e-05,6.638875e-06,6.4358814e-05,0.00018891475,22155.434,0.1522224,236.75665,-7.623097e-05,0.73864746,-7.004643e-05,3.1934585e-06
750,2020-07-23 00:00:00+03:00,-2.001782,0.029425189,1118.7346,0.19979787,81430.44,1909.7291,89701.58,1102.1249,4.258199,2.195487e-05,1.3299799,-2.134451e-05,0.18835813,,,,,,7.536437e-05,1.0361002e-05,6.641286e-05,0.00018974757,22147.582,0.15281731,237.76868,-8.415862e-06,0.6307256,-5.9003623e-06,-4.150397e-06
751,2020-07-24 00:00:00+03:00,-1.0838089,0.024340093,2207.6418,1.0,68502.36,3237.8418,77603.19,2237.842,41.398758,,,,,,,,,,9.845617e-05,,5.66148e-05,0.00017332639,19258.0,0.14455014,237.3024,,,,6.6316343e-06
752,2020-07-25 00:00:00+03:00,-1.7299156,0.027345706,1730.0419,0.601494,83214.664,1684.1604,93034.266,745.5886,7.8136926,3.8296865e-05,1.1636926,-6.593698e-06,0.24277169,,,,,,7.237929e-05,1.2231584e-05,6.279232e-05,0.00015660195,16697.533,0.14686626,236.49142,-0.00014325567,0.49780208,-7.0711685e-05,-1.2561697e-05
753,2020-07-26 00:00:00+03:00,-1.5954062,0.027232133,1689.9056,0.27583686,80449.55,2059.93,89498.91,1149.9061,5.9905777,7.693096e-05,0.9969101,2.5965353e-05,0.20166892,,,,,,7.751391e-05,1.6741347e-05,6.102799e-05,0.00020145188,16702.518,0.14149679,235.90096,0.0002815155,0.34251308,5.7423043e-05,8.306997e-06
754,2020-07-27 00:00:00+03:00,-1.9979683,0.028713018,2232.691,0.62400186,68460.44,3410.0405,77279.22,2419.0107,7.287302,0.00013050842,0.9981899,8.354738e-05,0.4021104,,,,,,7.712419e-05,1.6881879e-05,5.8200167e-05,0.00018315075,16706.102,0.1445314,236.51639,0.00038591799,0.40212283,0.00015518644,4.11567e-06
755,2020-07-28 00:00:00+03:00,-2.2958002,0.028923592,2167.4238,0.19352263,66387.76,3754.7432,74101.65,2824.1975,5.173065,0.00010039884,0.84277874,2.964445e-05,0.1788542,,,,,,7.875764e-05,1.7747936e-05,5.7549067e-05,0.00017816646,16698.135,0.1388722,236.6019,0.0001052131,0.2999083,2.9443734e-05,-1.2873363e-05
756,2020-07-29 00:00:00+03:00,-1.155551,0.025681354,1445.1824,0.8351455,73702.0,2672.3394,83359.94,1672.4321,16.517237,1.34760085e-05,1.3724201,-4.846433e-05,0.43362892,,,,,,6.728378e-05,,6.286251e-05,0.00018050404,20897.123,0.14808783,235.87047,,,,1.0649168e-05
757,2020-07-30 00:00:00+03:00,-1.3307582,0.024702467,1858.5128,0.9630546,71207.08,3020.95,80479.64,2024.5581,19.539743,-6.0017122e-05,1.1955556,-0.00013654328,0.3089603,,,,,,6.406979e-05,-2.4778938e-06,5.943606e-05,0.00018431613,22146.79,0.15068007,236.30304,4.505809e-07,0.64499694,-2.257825e-05,-1.7267575e-05
758,2020-07-31 00:00:00+03:00,-1.4598606,0.02904781,1438.7759,0.7095043,87758.74,1236.1343,97584.56,317.9954,9.067997,6.8926725e-05,1.155299,1.112404e-05,0.34985417,,,,,,7.1932154e-05,1.4360432e-05,6.0014085e-05,0.00020308232,19260.346,0.1455517,235.6225,0.0011913104,0.5030697,0.00032157204,5.9076883e-06
759,2020-08-01 00:00:00+03:00,,,,,,,,,,,,,,,,,,,,,,,,,,,,,
760,2020-08-02 00:00:00+03:00,-1.7164177,0.02955796,1191.7831,0.31470627,54112.816,5686.315,60858.758,4730.3975,4.9317493,7.239547e-05,0.9732409,1.4872245e-05,0.21974498,,,,,,7.406509e-05,1.2003851e-05,6.219967e-05,0.00018519207,16701.809,0.13608816,237.16556,3.206768e-05,0.41711515,1.7020033e-05,3.1563827e-06
761,2020-08-03 00:00:00+03:00,-1.0572133,0.030894425,1636.8156,0.9991923,66982.09,3457.308,75907.6,2457.308,27.378443,,,,,,,,,,8.3596504e-05,,5.4362303e-05,0.00016479492,16697.107,0.1377474,236.81113,,,,-4.6679793e-06
762,2020-08-04 00:00:00+03:00,-1.3335824,0.0320848,3360.9404,0.9992973,64089.562,3833.737,72485.25,2833.737,18.284386,,,,,,,,,,9.1249094e-05,,5.5548335e-05,0.00018145866,15709.051,0.14013115,236.53177,,,,5.385508e-06
763,2020-08-05 00:00:00+03:00,-2.4583611,0.026271932,1617.0892,0.1332485,39301.355,7792.7617,44974.65,6792.7617,5.756304,3.351689e-05,0.9508981,-1.512685e-05,0.12864874,,,,,,6.8300666e-05,7.804936e-06,6.1473795e-05,0.00014824512,16708.652,0.13935995,236.47794,-9.363567e-05,0.38681105,-4.3804244e-05,-2.5850348e-05
764,2020-08-06 00:00:00+03:00,-1.9572132,0.027788848,2164.1316,0.09229859,60646.227,4520.6855,67798.266,3615.0037,2.9118993,7.147227e-05,1.0178447,2.8324499e-05,0.087561496,,,,,,7.3595365e-05,1.5953094e-05,5.7642275e-05,0.00018377333,14431.548,0.135254,234.1863,0.00050568534,0.25969374,0.0001117691,2.3158978e-05
765,2020-08-07 00:00:00+03:00,-1.9676955,0.029800948,1689.7671,0.086893275,90038.86,1172.9844,98974.96,339.016,10.194333,9.2385744e-05,1.0658276,4.6766563e-05,0.052079577,1850.4132,3344.8257,0.005223574,1867.5591,3.3536727,7.577307e-05,1.9736144e-05,5.6036926e-05,0.00018357951,16717.74,0.13504931,235.2962,0.0001431531,0.36961824,4.8147416e-05,4.540449e-06
766,2020-08-08 00:00:00+03:00,-2.0486271,0.029095009,2523.6323,0.13024923,77852.89,2616.1206,84899.8,1836.9382,7.0236826,9.5713935e-05,1.1446075,5.921512e-05,0.12707241,,,,,,7.124025e-05,1.8105977e-05,5.402771e-05,0.00017345659,16715.176,0.1322951,235.04395,1.1956839e-05,0.40995035,7.4402915e-06,1.8305358e-06
767,2020-08-09 00:00:00+03:00,-2.0121145,0.028419316,2256.2266,0.17489591,85255.484,1630.599,92861.92,872.7232,6.009407,9.5009105e-05,1.1130967,5.598651e-05,0.14856234,,,,,,7.3127405e-05,1.8570769e-05,5.478049e-05,0.00018635014,16709.467,0.12983128,234.88828,9.02492e-05,0.39597207,2.079711e-05,-1.8092138e-05
768,2020-08-10 00:00:00+03:00,-2.3688145,0.028450893,5005.5425,0.06055337,58340.348,4898.7485,65975.516,3913.81,6.0868464,9.662354e-05,0.90218335,4.8200625e-05,0.059593644,,,,,,7.335925e-05,1.8255007e-05,5.510424e-05,0.00015133411,16709.156,0.13121802,234.95338,-0.0001448021,0.39395645,-5.821628e-05,-5.1237515e-05
769,2020-08-11 00:00:00+03:00,-1.768717,0.031425107,1701.5206,0.14033253,61118.08,4511.8433,69131.98,3523.4822,5.471534,0.00011575983,0.92386055,6.372947e-05,0.1373999,,,,,,7.783703e-05,2.1253287e-05,5.6582903e-05,0.00019430683,16712.816,0.13244902,233.72319,0.00027620117,0.31311658,5.9550006e-05,-7.0497817e-06
770,2020-08-12 00:00:00+03:00,-1.894331,0.033395685,1041.3789,0.1351262,83309.55,1813.1843,91821.33,976.77203,4.664601,2.1545819e-05,1.1073947,-1.8505825e-05,0.1053691,,,,,,7.642759e-05,2.0778927e-05,5.623496e-05,0.00018883146,16713.375,0.13360259,235.55522,7.796107e-05,0.42282647,2.0093059e-05,-6.838965e-06
771,2020-08-13 00:00:00+03:00,-2.016145,0.03287296,1463.8171,0.03073087,80797.34,2026.3417,90026.84,1106.9058,6.4815397,8.344297e-05,0.9763494,3.5575085e-05,0.02669768,1839.7668,3645.5632,0.010002712,1854.4922,3.0189905,8.054633e-05,2.1662814e-05,5.888351e-05,0.0001928273,16707.414,0.13092914,236.10205,0.00014635944,0.2933233,3.852981e-05,-7.042522e-06
772,2020-08-14 00:00:00+03:00,-1.9331585,0.030900333,1442.4006,0.0148501955,85332.945,1556.1486,94744.555,647.83704,4.86412,0.00011996589,0.9495914,6.925795e-05,0.015325721,1855.9939,3224.6072,0.0067171576,1865.0127,2.6000886,8.0415935e-05,1.9225194e-05,6.119074e-05,0.00020053115,16705.348,0.13154553,235.63693,0.00017024098,0.31018084,4.868643e-05,-2.2149102e-06
773,2020-08-15 00:00:00+03:00,-1.835192,0.030895146,1705.1101,0.033785317,82036.234,1895.9626,92124.0,925.5982,2.8012924,0.0001284397,0.8887939,6.720342e-05,0.018994309,1865.1017,3054.035,0.00687497,1875.5399,2.7803574,7.882798e-05,2.0058038e-05,5.8769947e-05,0.00020437472,16704.67,0.13043599,235.40971,0.0007310768,0.27048916,0.00014127856,-6.3305088e-06
774,2020-08-16 00:00:00+03:00,-1.7713478,0.0303732,1376.827,0.09069318,87582.125,1354.1273,93003.03,805.8312,3.085956,8.6954475e-05,1.069897,4.361236e-05,0.097397916,1867.7942,3030.4893,0.0062552285,1878.5303,2.7192311,8.142872e-05,2.1606027e-05,5.9822698e-05,0.00021451405,13056.609,0.13093492,235.53543,0.000531514,0.32524496,0.00016037333,1.567933e-05
775,2020-08-17 00:00:00+03:00,-1.9197806,0.029129822,1505.1954,0.06843578,79294.9,2151.869,86756.984,1409.8385,2.6836605,6.490904e-05,1.1197441,2.06993e-05,0.07864275,1865.5251,3037.0122,0.0057452973,1879.3488,3.1152124,7.90607e-05,1.995518e-05,5.910552e-05,0.00020167904,14425.332,0.1342529,234.9388,4.6522055e-05,0.51768744,2.41255e-05,-2.0498803e-06
776,2020-08-18 00:00:00+03:00,-1.4103644,0.03192146,2097.5876,0.8225351,51068.004,5631.457,58157.21,4631.457,11.714619,8.25586e-05,0.86574566,1.262499e-05,0.42561045,,,,,,6.8386886e-05,4.904087e-06,5.6234043e-05,0.00017338965,16697.932,0.1371902,235.4154,,,,-4.731028e-06
777,2020-08-19 00:00:00+03:00,-2.156321,0.03213305,2113.2258,0.13606532,83317.19,1716.5317,90754.5,966.79236,6.010175,0.00014736361,1.0814619,9.9204175e-05,0.109779656,,,,,,7.523077e-05,1.972436e-05,5.561386e-05,0.0001908156,16694.773,0.13519621,235.67662,1.9644718e-05,0.55951625,-2.6920243e-06,-1.410792e-05
778,2020-08-20 00:00:00+03:00,-1.6886307,0.031555656,2218.318,0.27667618,81222.53,1958.5562,89859.0,1084.849,6.1488624,0.00010143871,1.1261144,5.8372418e-05,0.19606179,,,,,,7.799955e-05,2.7133836e-05,5.2023912e-05,0.00020383087,14426.012,0.13495302,234.81595,-3.864021e-05,0.47050995,-9.310774e-06,-3.1056472e-05
779,2020-08-21 00:00:00+03:00,-2.4599755,0.029726475,2343.3303,0.3375694,77919.555,2353.4463,86331.23,1472.2589,7.166025,0.00011275021,1.1077623,7.2010866e-05,0.20344944,,,,,,7.210452e-05,2.0597385e-05,5.1277242e-05,0.00015287207,13056.219,0.12454016,236.17563,-7.9292295e-05,0.4199394,-3.366014e-05,-2.5534982e-05
780,2020-08-22 00:00:00+03:00,-1.7244805,0.026660921,2828.8787,0.8369609,57364.39,4784.2915,65014.23,3784.2915,42.86526,0.00012964125,0.96531135,7.127399e-05,0.3727186,,,,,,7.4560725e-05,,5.0860137e-05,0.0001646852,14423.242,0.11983116,234.11598,7.2412244e-05,0.34616002,2.4273355e-05,-1.324327e-05
781,2020-08-23 00:00:00+03:00,-1.6377037,0.032064546,2066.653,0.6990018,49931.984,5822.4326,56888.55,4822.4326,5.9745445,3.0324132e-05,0.7793448,-3.5104054e-05,0.5062312,,,,,,8.1815226e-05,,5.177511e-05,0.00017374934,16697.33,0.1262188,234.5643,,,,1.33659e-05
782,2020-08-24 00:00:00+03:00,-1.9284017,0.029044613,1880.4915,0.39713442,74812.59,2652.415,83772.13,1702.0774,6.3444695,6.065106e-05,1.2780056,1.895006e-05,0.19947979,,,,,,6.657776e-05,1.3078735e-05,5.3799497e-05,0.00017609149,19260.594,0.1323846,234.86227,2.5166977e-05,0.74094546,1.4779733e-05,9.6296135e-06
783,2020-08-25 00:00:00+03:00,-1.3063455,0.029078472,1697.9808,0.8213341,63589.836,4105.6216,71722.59,3131.8198,14.532078,-1.3656947e-06,1.6050103,-4.767851e-05,0.34626952,,,,,,7.1083705e-05,1.5054143e-05,5.0778828e-05,0.00017762443,19256.367,0.1414957,234.3905,-5.736301e-05,0.89393264,-3.3346056e-05,1.0374421e-05
784,2020-08-26 00:00:00+03:00,,,,,,,,,,,,,,,,,,,,,,,,,,,,,
785,2020-08-27 00:00:00+03:00,-1.6262255,0.029238442,1699.8,0.5548208,83165.86,1628.0615,92767.766,703.9901,8.165847,6.939594e-05,1.4067507,4.5020097e-05,0.33948505,,,,,,7.070578e-05,2.0745949e-05,5.5483826e-05,0.00020085741,19244.48,0.13868873,233.58026,0.0001607693,0.69721913,0.00010063385,1.27138455e-05
786,2020-08-28 00:00:00+03:00,-1.6919162,0.029273622,1303.0325,0.28932604,60802.723,4397.7256,69028.055,3400.7192,5.0551114,4.1463863e-05,0.8959388,-1.2115988e-05,0.20976138,,,,,,7.950772e-05,2.7106114e-05,5.2950003e-05,0.0001909681,17979.014,0.14056624,234.63734,0.00021569789,0.4066811,8.6914035e-05,3.0515268e-05
787,2020-08-29 00:00:00+03:00,-0.7199249,,,1.0,61831.688,4076.3838,70195.61,3076.3838,64.2009,,,,,,,,,,0.00014203016,,4.5965273e-05,0.00016965359,14419.249,0.1369682,234.90852,,,,
788,2020-08-30 00:00:00+03:00,-1.7696366,0.0296954,1814.8772,0.44813514,71735.85,2978.438,80270.86,2042.398,7.8131685,0.00011716971,1.2056451,9.8173376e-05,0.24991244,,,,,,8.396016e-05,2.7247406e-05,5.3040647e-05,0.00019778429,14422.797,0.13434431,233.77211,-5.509137e-05,0.44422174,-1.8601899e-05,-6.231123e-06
789,2020-08-31 00:00:00+03:00,-1.3187814,0.028331373,1373.1162,0.9566949,50979.246,5646.87,58065.18,4646.87,26.478407,7.970358e-05,1.0419991,4.2889715e-05,0.3153287,,,,,,5.761443e-05,1.5415695e-05,4.9518443e-05,0.0001672203,19257.812,0.13943295,233.77943,-0.0008241533,0.4483439,-0.0003713806,1.6964618e-06
790,2020-09-01 00:00:00+03:00,-1.6620326,0.03090564,969.9762,0.22656184,80590.984,2012.4036,89132.03,1176.2837,5.710945,8.9022964e-05,1.2104218,6.5046355e-05,0.20144027,,,,,,7.587063e-05,2.5313591e-05,5.052323e-05,0.00020954089,14427.051,0.13220504,232.73927,0.0003134459,0.43821764,0.000103180544,-8.250404e-07
791,2020-09-02 00:00:00+03:00,-0.92551994,0.031143898,1691.2917,0.999987,88895.92,1167.0676,98044.05,314.78635,59.472244,,,,,,,,,,6.726217e-05,,4.547945e-05,0.00017413367,19271.371,0.13028076,232.56226,,,,-2.309656e-05
792,2020-09-03 00:00:00+03:00,-1.586459,0.027680501,1233.0898,0.54975694,85487.55,1519.0364,94791.875,626.3385,20.16198,6.326637e-05,1.2200013,3.1737658e-05,0.13327675,,,,,,6.8794e-05,2.3117422e-05,5.0217106e-05,0.00018852929,19272.426,0.13989809,232.87251,0.00011989085,0.47818682,5.8195328e-05,6.4303217e-06
793,2020-09-04 00:00:00+03:00,-0.8524297,0.029829564,1223.1074,0.9914558,70704.195,3257.9897,79655.81,2273.2073,34.004616,-9.8955075e-05,1.374633,-0.00017158994,0.5303983,,,,,,0.00010489086,,4.277489e-05,0.00016652117,16705.32,0.13194229,232.72711,,,,-1.3217004e-06
794,2020-09-05 00:00:00+03:00,-1.4892963,0.028064368,2422.4077,0.7791406,50275.125,5800.774,57338.438,4800.7734,19.71789,0.00010404765,0.68297553,2.6863996e-05,0.4311663,,,,,,0.00012686197,,4.059115e-05,0.00016644727,16699.598,0.12725548,231.47783,,,,1.4908641e-05
795,2020-09-06 00:00:00+03:00,-2.290407,0.030518921,1436.5985,0.499206,73726.87,2707.8975,83024.34,1736.9688,7.8952284,3.3225828e-05,1.339548,1.0242188e-05,0.2541406,,,,,,6.442659e-05,1.7477423e-05,4.811433e-05,0.00015272832,19268.186,0.1331026,233.35257,4.27782e-05,0.6279506,2.6463074e-05,4.1731532e-06
796,2020-09-07 00:00:00+03:00,-2.2092547,0.02775641,1491.0566,0.3394873,76887.875,2414.628,85819.38,1515.7439,5.136128,8.725418e-06,1.252089,-1.9174859e-05,0.27639523,,,,,,6.432021e-05,1.6186617e-05,4.8370053e-05,0.00018062802,22166.756,0.14435801,231.21771,8.405027e-05,0.6251013,4.6539575e-05,2.4043678e-05
797,2020-09-08 00:00:00+03:00,-0.867877,,,1.0,50095.547,5770.2236,57052.81,4770.2236,66.432236,,,,,,,,,,,,,,,0.12512858,231.94766,,,,
798,2020-09-09 00:00:00+03:00,-1.4896512,0.02923565,1641.4377,0.65517986,81279.66,1950.5518,90835.39,1003.5089,6.410902,4.5266665e-05,1.4638698,2.989427e-05,0.41857785,,,,,,6.171687e-05,1.6061342e-05,4.3610315e-05,0.00016023792,13056.548,0.11620641,232.16504,-0.0006864936,0.43663132,-0.00029605313,-1.0561159e-05
799,2020-09-10 00:00:00+03:00,-1.3934639,0.033588603,1147.0417,0.3939517,79930.9,2016.3088,89484.12,1080.9888,4.8757195,3.177541e-05,1.2699969,1.1887269e-06,0.3255059,,,,,,5.6021287e-05,7.394516e-06,4.947331e-05,0.0001700873,19270.41,0.13526233,231.86064,9.62975e-05,0.5950424,5.1368184e-05,-1.5000347e-05
800,2020-09-11 00:00:00+03:00,-1.034452,0.03965766,788.79535,0.9356233,76414.41,2415.0862,86482.8,1415.0859,52.00033,5.216217e-05,1.1467943,2.5836654e-05,0.27849048,,,,,,5.8093396e-05,1.4083316e-05,4.4626227e-05,0.0001383947,16707.242,0.12915155,230.56406,0.00066304655,0.38309637,0.0002527353,-1.1464322e-05
801,2020-09-12 00:00:00+03:00,-1.0849557,0.044216186,1435.4137,0.23166521,78582.2,2301.6064,86873.54,1442.9706,2.7743616,0.00014348907,1.1041653,0.00012419536,0.22520101,1868.6691,3841.244,0.020791654,1883.5775,3.3416362,6.947943e-05,2.2125927e-05,4.7185786e-05,0.0001938313,14426.156,0.1220742,231.44032,0.002581554,0.22934023,0.0004009771,1.0457774e-05
802,2020-09-13 00:00:00+03:00,-1.6184113,0.030404653,1250.5872,0.51976603,58618.867,4912.465,65524.49,3985.3247,4.6274166,9.525832e-05,1.0622768,5.1186278e-05,0.3217527,,,,,,7.159657e-05,1.6935488e-05,4.5103887e-05,0.00016849927,13057.561,0.12596205,232.07727,0.000100902645,0.416235,2.6627884e-05,8.268649e-06
803,2020-09-14 00:00:00+03:00,,,,,,,,,,,,,,,,,,,,,,,,,,,,,
804,2020-09-15 00:00:00+03:00,-1.0215874,0.038083985,1462.9667,0.09838243,70271.31,3248.6816,79456.375,2248.6816,2.8624966,5.350881e-05,1.0977322,1.8871277e-05,0.12930465,1858.8032,3879.7185,0.022617502,1868.7916,2.8036027,6.0283855e-05,1.5739379e-05,4.454483e-05,0.00016948805,13059.551,0.11681363,230.28107,0.0005583678,0.256927,0.0001367574,7.6243878e-06
805,2020-09-16 00:00:00+03:00,-1.44325,0.032958984,1948.6167,0.12224002,63796.312,4108.51,71849.01,3110.8408,3.040549,7.830428e-05,0.93205667,3.5164983e-05,0.14220668,1857.2266,4222.055,0.03637169,1869.6531,3.0004063,7.1703325e-05,3.1969652e-05,3.9523224e-05,0.000176264,14424.768,0.11354792,230.16525,0.00086009246,0.24025428,0.00017386256,4.510094e-05
806,2020-09-17 00:00:00+03:00,-0.8576227,0.034958255,522.46106,0.93192136,82394.59,1815.3073,92996.03,815.3071,14.11821,,,,,,,,,,5.0180133e-05,,4.028433e-05,0.0001610152,19284.182,0.12108311,229.20016,,,,-1.7151813e-05
807,2020-09-18 00:00:00+03:00,-1.2955451,0.030195571,1179.2542,0.070497274,85733.1,1552.5083,93598.68,819.07306,2.8782928,4.3434353e-05,1.2150946,1.599387e-05,0.080762714,1851.4374,5105.2227,0.056080528,1865.3395,3.7978523,5.7781166e-05,1.7473409e-05,4.0307754e-05,0.00015551707,13059.008,0.11181994,229.25717,0.00021028775,0.3871011,7.505591e-05,1.856458e-05
808,2020-09-19 00:00:00+03:00,-1.229073,0.036326975,1396.3984,0.27601036,90225.44,1140.2654,97138.5,487.54318,5.9218845,5.5082375e-05,1.2879,2.3634082e-05,0.20193562,,,,,,5.25961e-05,1.3022574e-05,3.9558818e-05,0.00015865546,14430.147,0.116750635,229.92606,9.30987e-05,0.4641516,3.3437893e-05,-8.308186e-06
809,2020-09-20 00:00:00+03:00,-1.5680902,0.036068402,1046.9539,0.04487299,80533.555,2118.7954,89578.61,1216.6375,4.403902,2.9629824e-05,0.9824456,-3.6202518e-06,0.041706257,1874.2474,3034.08,0.005026722,1882.4131,3.0191836,6.081896e-05,2.3070439e-05,3.775897e-05,0.00015689817,16713.398,0.12197471,228.74812,0.00048308776,0.26357007,0.00012565515,1.8824214e-05
810,2020-09-21 00:00:00+03:00,0.6161883,0.045348957,1393.6562,0.47496688,77511.266,2488.298,85728.06,1618.8579,6.117473,7.006358e-05,1.2161474,5.1101866e-05,0.33366323,1859.1191,4250.881,0.09562255,1865.1088,2.8109972,6.154333e-05,1.8408586e-05,3.5384764e-05,0.000157185,13742.762,0.11631913,228.60638,0.00042569396,0.3707527,0.0001333999,4.199708e-06
811,2020-09-22 00:00:00+03:00,-1.8976,0.031918682,1028.8212,0.005930458,55210.766,5162.197,62465.387,4162.1978,7.513914,8.116067e-05,0.9747397,4.9704977e-05,0.0089187445,,,,,,6.1455576e-05,2.2414564e-05,3.9041002e-05,0.00013942715,13055.806,0.11842047,228.97125,0.00059540925,0.2796207,0.00016681993,4.4897766e-05
812,2020-09-23 00:00:00+03:00,-1.3877839,0.034865938,1716.8793,0.13169652,85052.164,1510.7056,92776.33,747.9284,1.7162888,0.0001885446,0.9460604,0.00014561176,0.13382447,1887.7092,3189.2666,0.004373504,1902.6444,3.810198,8.31853e-05,4.237266e-05,4.0812643e-05,0.0002055058,16694.512,0.12413385,229.05655,0.00015689024,0.39524433,6.155584e-05,-1.979759e-06
813,2020-09-24 00:00:00+03:00,-1.6225283,0.036477096,2099.5942,0.11714406,75523.34,2486.1443,83805.35,1621.4961,3.6020215,0.00016375809,1.0371294,0.00013210862,0.13131808,1862.7698,4211.5044,0.011735228,1879.842,3.6862326,7.668005e-05,3.5793717e-05,4.0608524e-05,0.0001959984,16691.613,0.1299154,229.49495,0.00037333305,0.36049014,0.00013737008,3.719604e-05
814,2020-09-25 00:00:00+03:00,-1.2092059,0.035168525,2123.725,0.32610342,65863.72,3979.1934,72536.7,3136.7195,3.7819195,0.00013593196,1.000274,9.4879884e-05,0.26410693,,,,,,7.792137e-05,3.103544e-05,4.0072708e-05,0.00017976889,16689.287,0.124051675,229.93527,0.00023584774,0.42500007,8.7031e-05,-8.114697e-06
815,2020-09-26 00:00:00+03:00,-1.3460553,0.039211724,2664.6526,0.306553,46705.32,6413.595,53199.344,5413.5947,5.0196733,0.00019734867,0.7846323,0.00012315839,0.26672453,,,,,,7.451193e-05,3.9729002e-05,4.1773965e-05,0.00017565282,14417.377,0.119615674,228.74219,0.0003984964,0.27419186,0.00013041546,3.105688e-05
816,2020-09-27 00:00:00+03:00,-1.7543288,0.03176478,1854.5837,0.0004281201,65067.535,3730.9666,73305.914,2730.9668,3.8685784,0.0001358034,0.97317404,0.00010638082,0.0042279465,1880.8663,4043.417,0.028639767,1891.7101,3.1761696,6.1952705e-05,1.8142175e-05,4.3810523e-05,0.0001532411,16691.697,0.118909284,227.39394,0.0002833068,0.4894176,0.00013864774,5.289615e-05
817,2020-09-28 00:00:00+03:00,-1.4823432,0.037334636,1188.1475,0.4631895,86464.27,1409.5779,94912.95,614.20795,7.777971,0.00011040212,1.2311003,0.0001051067,0.27797538,,,,,,6.844572e-05,3.1485022e-05,4.1398474e-05,0.0001999872,17989.559,0.121760905,227.91016,0.0004725124,0.38749468,0.00016823086,3.0094792e-05
818,2020-09-29 00:00:00+03:00,-1.679472,0.036635913,1144.0616,0.11286483,57398.86,5153.357,64435.703,4211.8115,5.4118743,7.29154e-05,0.97173476,4.3749973e-05,0.10153189,1889.8093,4640.705,0.029788695,1904.5908,3.8172812,6.286074e-05,2.0751018e-05,4.2109714e-05,0.00018066425,16706.197,0.123505846,228.1033,0.0001736609,0.39527288,7.1434486e-05,4.579198e-06
819,2020-09-30 00:00:00+03:00,-1.5973816,0.03812303,1795.6805,0.21102303,48872.34,6250.044,55579.492,5258.3677,5.199321,0.00010802007,0.88385093,6.782305e-05,0.19367728,,,,,,6.648345e-05,2.4527992e-05,4.2350104e-05,0.00017860575,16704.713,0.12089564,227.76042,0.00022368113,0.4195764,9.5585885e-05,1.2207756e-05
820,2020-10-01 00:00:00+03:00,-0.022372752,0.035375144,1205.7986,0.2705729,81256.6,1927.1018,89210.625,1120.0533,9.852451,0.00011623537,1.2677274,0.0001173708,0.23194693,,,,,,6.761262e-05,2.4346922e-05,4.082093e-05,0.00018501548,14423.333,0.11973655,226.99094,0.00033476256,0.5223684,0.00014113578,3.6182493e-05
821,2020-10-02 00:00:00+03:00,-1.1277422,0.036302857,1498.559,0.45694813,62396.305,4274.6494,70369.36,3312.4111,3.8265448,0.00011743238,1.0207908,9.466782e-05,0.035682116,1880.036,3850.8174,0.018756775,1890.5593,3.231278,5.2749572e-05,1.952023e-05,4.2230567e-05,0.00017404562,19265.219,0.12666377,227.79417,,,,2.781571e-05
822,2020-10-03 00:00:00+03:00,-1.4306227,0.03366233,1739.602,0.9906957,64548.094,3782.862,73102.5,2782.862,48.411774,,,,,,,,,,8.43276e-05,,3.7436712e-05,0.00017763843,16697.162,0.12294959,228.02542,,,,
823,2020-10-04 00:00:00+03:00,-1.0141951,0.033208977,2210.9736,0.27829957,73742.266,2779.7214,81811.3,1878.594,6.964862,0.00013733712,1.1371195,0.00012017638,0.18852547,,,,,,7.472132e-05,3.3484936e-05,3.8740327e-05,0.00018659083,13052.119,0.11924973,226.75793,,,,-4.8530746e-06
824,2020-10-05 00:00:00+03:00,-1.5238881,0.032234624,1839.0359,0.11390118,58573.695,4652.6045,66221.445,3703.7446,4.9208393,0.00011152057,0.99910235,7.918306e-05,0.084519744,1871.0166,3691.1797,0.0055155167,1887.1416,3.7858546,6.878434e-05,3.0473442e-05,3.831091e-05,0.00017850153,16697.824,0.12260121,226.60611,,,,1.4608763e-05
825,2020-10-06 00:00:00+03:00,-1.5656748,0.031766355,1296.5743,0.10403676,63655.266,3850.7915,72107.14,2856.7397,4.4259386,4.9564936e-05,1.0816545,1.9669793e-05,0.1288226,,,,,,8.4948464e-05,4.2980733e-05,4.2067397e-05,0.0002044451,19619.701,0.13103336,226.8512,,,,8.082845e-06
826,2020-10-07 00:00:00+03:00,-1.4210978,0.03325192,1562.7356,0.20576525,73780.18,2739.4167,82389.734,1823.2213,7.1100383,0.00013560912,0.94544494,9.444298e-05,0.1610605,,,,,,8.803309e-05,4.9618367e-05,3.738027e-05,0.00019306438,19658.652,0.12837994,226.67807,,,,3.7731243e-05
827,2020-10-08 00:00:00+03:00,-1.7248844,0.033413604,1134.3746,0.8016007,84477.77,1578.6692,94602.56,630.1339,23.567919,9.169062e-05,1.4488264,9.9366924e-05,0.33042565,,,,,,6.216908e-05,2.5491216e-05,3.5432156e-05,0.0001755059,19272.518,0.1261107,228.00171,,,,
828,2020-10-09 00:00:00+03:00,-0.83594865,0.0324402,1267.2659,0.89849186,80868.7,1924.2849,91203.53,930.6926,31.864513,5.522778e-05,1.5375215,5.7450095e-05,0.51910704,,,,,,0.00011923449,,3.2812583e-05,0.00020555012,16871.924,0.122610666,226.52893,,,,
829,2020-10-10 00:00:00+03:00,-0.7525769,0.032732807,1237.501,1.0,89677.734,1081.292,98437.25,275.4228,35.001247,,,,,,,,,,0.000110493245,,3.401602e-05,0.00019787147,18159.877,0.123318166,226.52338,,,,
830,2020-10-11 00:00:00+03:00,-0.977065,0.034885913,871.53577,0.6298152,59086.41,4554.6885,66984.93,3571.5798,6.706231,0.00010230327,1.0683147,8.191711e-05,0.36634713,,,,,,6.20099e-05,1.9117593e-05,3.8410617e-05,0.00016687243,19665.516,0.13458672,227.49338,,,,
831,2020-10-12 00:00:00+03:00,-0.825434,,,0.99949336,46532.227,6166.005,53337.234,5166.005,12.751257,,,,,,,,,,7.885619e-05,,3.267793e-05,0.00012989086,19273.557,0.14047047,226.16986,,,,
832,2020-10-13 00:00:00+03:00,-2.1341443,,,0.42870718,33208.6,8620.467,38355.027,7620.4663,13.288108,3.725736e-05,0.66261953,3.87206e-06,0.4194042,,,,,,6.8553214e-05,2.6834168e-05,3.0044223e-05,0.00013266363,16703.494,0.13339369,224.70302,,,,
833,2020-10-14 00:00:00+03:00,-0.9476807,,,0.9996091,55139.562,4954.731,62762.195,3955.1162,131.85172,,,,,,,,,,0.00010783037,,3.181051e-05,0.00016993177,16696.738,0.12675261,224.71411,,,,
834,2020-10-15 00:00:00+03:00,-1.2112589,0.0346599,1119.3804,0.99987894,72113.64,2834.8403,81600.42,1834.8401,29.103312,,,,,,,,,,0.00010121899,,2.9738168e-05,0.0001561266,19269.367,0.12669817,224.65692,,,,
835,2020-10-16 00:00:00+03:00,-1.2892839,0.033572108,851.77515,0.64773905,89622.516,1098.4746,99179.83,247.34413,6.250275,5.8546957e-05,1.3518244,5.2950614e-05,0.4052046,,,,,,4.4721193e-05,1.6213435e-05,3.0297291e-05,0.00014605556,18950.717,0.13019499,223.41199,,,,
836,2020-10-17 00:00:00+03:00,-1.5789102,0.03423252,568.462,0.24003989,81038.61,1942.6667,90152.9,1054.4563,3.1743476,8.877602e-05,0.9947041,6.3986576e-05,0.15478565,1832.2936,3471.3403,0.016930334,1847.1943,4.5228643,5.0464376e-05,2.2023512e-05,2.7979677e-05,0.00014404819,16707.223,0.12845391,222.53882,,,,
837,2020-10-18 00:00:00+03:00,-1.0476216,0.034618612,505.32,0.6057559,65543.84,3508.9934,74219.98,2529.9385,5.5804915,5.1052807e-06,1.2207242,-1.3702746e-05,0.16437113,,,,,,5.238474e-05,1.5161489e-05,2.757637e-05,0.00014196074,19243.477,0.13117906,224.45204,,,,
838,2020-10-19 00:00:00+03:00,-1.1480638,0.036244668,516.0171,0.42435002,73869.234,2604.4907,83942.59,1605.7678,9.989786,1.1106069e-05,1.0925276,-3.8939615e-06,0.34789878,,,,,,3.964083e-05,6.6066527e-06,3.2299296e-05,0.00015581875,19270.242,0.131508,224.50221,,,,
839,2020-10-20 00:00:00+03:00,-1.0920208,,,0.64613724,44214.426,6606.9644,50624.24,5606.9644,11.401053,0.000112738184,0.6697557,4.7729685e-05,0.4610038,,,,,,6.2585044e-05,2.1532034e-05,3.010413e-05,0.00014379167,14429.564,0.12480533,224.11272,,,,
840,2020-10-21 00:00:00+03:00,,0.034553647,1822.9963,0.99273676,73666.95,2733.9365,83131.805,1745.9524,19.607763,,,,,,,,,,9.190191e-05,,3.0105326e-05,0.00016957849,14377.777,0.12381868,224.707,,,,
841,2020-10-22 00:00:00+03:00,-0.39086208,0.033637192,1368.4265,0.9991993,86543.625,1291.2642,97181.234,299.0049,30.149979,,,,,,,,,,8.1541315e-05,,2.8591387e-05,0.00017925777,13052.912,0.12223105,223.75034,,,,
842,2020-10-23 00:00:00+03:00,-1.135094,0.035230957,1078.4911,0.8099203,81180.47,1878.1958,91495.11,891.38104,23.674572,3.683646e-05,1.1209856,2.6191528e-05,0.47888947,,,,,,5.6795776e-05,2.4444753e-05,3.0746723e-05,0.00017645766,16693.871,0.12830219,223.4415,,,,
843,2020-10-24 00:00:00+03:00,-1.4471695,0.030600978,1330.6461,0.9579189,63541.99,3796.482,72163.52,2796.482,99.67618,,,,,,,,,,7.5342425e-05,,3.4788383e-05,0.00016333125,19256.473,0.13632324,224.99403,,,,
844,2020-10-25 00:00:00+03:00,1.2299845,,,0.35987568,61897.863,4163.7964,70233.336,3163.7964,3.2608097,0.00013596402,1.0970186,0.00012932479,0.11342841,,,,,,7.695594e-05,4.300703e-05,3.394892e-05,0.0001940373,16474.41,0.12127373,223.70227,,,,
845,2020-10-26 00:00:00+02:00,-0.2192943,,,0.9995046,73960.1,2598.7341,83702.56,1598.7341,31.47047,,,,,,,,,,8.556215e-05,,3.185782e-05,0.00017378572,16695.066,0.12881622,224.60808,,,,
846,2020-10-27 00:00:00+02:00,-0.6746955,,,0.9997773,63073.38,3869.6768,71485.8,2869.6768,92.506096,,,,,,,,,,0.00015183518,,2.7946053e-05,0.00018169328,16697.172,0.12745398,224.94437,,,,
847,2020-10-28 00:00:00+02:00,-0.87990487,0.034299415,1275.0002,0.6461667,40043.516,7395.8257,45917.11,6395.826,13.070979,0.00015615713,0.80168664,7.8028424e-05,0.38808003,,,,,,8.149361e-05,3.1345113e-05,3.1793188e-05,0.00017608542,16699.805,0.121833265,224.07254,,,,
848,2020-10-29 00:00:00+02:00,-1.9729985,0.031547863,1097.74,0.38979873,78443.62,2166.8308,88408.086,1184.3091,12.300019,4.349787e-05,1.2452024,3.7130147e-05,0.19856453,,,,,,6.96956e-05,3.8276088e-05,3.2377135e-05,0.00019837276,19259.004,0.12815087,224.7351,,,,
849,2020-10-30 00:00:00+02:00,-1.2963866,0.034168124,1095.033,0.7089349,81236.58,1849.3237,91434.67,882.5419,15.437761,7.423142e-05,1.5003185,8.855688e-05,0.40006605,,,,,,6.5561384e-05,2.779929e-05,3.2282383e-05,0.0002268875,20532.59,0.13054745,224.09378,,,,
850,2020-10-31 00:00:00+02:00,-1.1230597,0.037217367,696.09094,0.3714537,87386.24,1384.8564,95481.59,626.43463,3.6769838,0.00013453106,1.298025,0.00015180944,0.18493642,,,,,,5.0683724e-05,2.2578986e-05,2.9974592e-05,0.00018659781,16713.84,0.13268757,223.64401,,,,
851,2020-11-01 00:00:00+02:00,-1.2518845,0.036070243,689.43933,0.3547501,90486.125,1051.8076,97231.805,415.005,5.5205564,0.00010967946,1.0621116,9.233978e-05,0.17118809,,,,,,4.6813133e-05,1.7749822e-05,2.970317e-05,0.00016546616,16708.809,0.121435374,224.2449,,,,
852,2020-11-02 00:00:00+02:00,-0.8847151,,,0.99901253,42867.117,6971.473,48964.562,5971.473,120.47406,,,,,,,,,,,,,,,0.123954505,223.10886,,,,
853,2020-11-03 00:00:00+02:00,-1.0473237,0.032110687,872.6069,0.2739302,75970.41,2514.08,84702.83,1588.6401,2.6773622,5.2893854e-05,1.574268,6.9342335e-05,0.22602949,,,,,,5.8458536e-05,2.6606653e-05,2.647025e-05,0.00017459237,9582.852,0.12251065,223.08469,,,,
854,2020-11-04 00:00:00+02:00,-1.3331287,0.033298865,617.2637,0.6454084,82417.19,1867.5239,92266.5,932.29724,11.848056,2.8855453e-05,1.4644186,2.605807e-05,0.24199663,,,,,,8.304835e-05,5.206094e-05,2.7934855e-05,0.0002309682,16711.592,0.13020188,222.87407,,,,
855,2020-11-05 00:00:00+02:00,-0.68594193,0.034788255,1419.7511,0.9785062,65782.195,3738.6775,74610.97,2738.6777,68.946556,,,,,,,,,,4.3283704e-05,,2.7275753e-05,0.00014789395,13744.496,0.13316193,219.51608,,,,
856,2020-11-06 00:00:00+02:00,-1.0158023,0.031434998,1183.992,0.52203655,48763.01,6077.7446,55541.625,5077.7446,4.4210076,4.821005e-05,1.1329352,4.0013976e-05,0.27252775,,,,,,4.419034e-05,1.7080052e-05,2.5459918e-05,0.00014699559,14430.825,0.110226594,219.57068,,,,
857,2020-11-07 00:00:00+02:00,-0.66411424,0.030921582,1126.1985,,,,,,,,,,,,,,,,3.474581e-05,,2.2080825e-05,0.00014705886,13059.635,0.10400327,218.6472,,,,
858,2020-11-08 00:00:00+02:00,-0.64359784,0.032670945,987.8978,0.8258138,86175.695,1466.2032,96863.67,488.79953,12.41423,,,,,,,,,,3.6643483e-05,,2.4914178e-05,0.00014932312,16714.041,0.12872592,219.79706,,,,
859,2020-11-09 00:00:00+02:00,-1.4361665,0.0351588,958.84436,0.9895771,89876.28,1161.8843,100640.05,211.18784,113.866196,,,,,,,,,,4.7805344e-05,,2.2480344e-05,0.00013760131,16721.54,0.12900794,219.65889,,,,
860,2020-11-10 00:00:00+02:00,-0.81916445,0.03460028,1051.1423,0.90094984,87563.945,1402.3081,98529.49,421.1911,15.170144,,,,,,,,,,5.5203593e-05,,2.4936104e-05,0.00016809409,16725.129,0.12744401,218.31134,,,,
861,2020-11-11 00:00:00+02:00,-1.0132487,0.03322083,861.0465,0.7423904,91528.31,1012.8048,100796.914,199.57419,9.689754,,,,,,,,,,4.7312766e-05,2.580246e-05,2.443813e-05,0.0001670529,16722.191,0.12662181,218.60231,,,,
862,2020-11-12 00:00:00+02:00,-0.8009587,0.031046208,599.89276,0.99994063,94079.4,729.85614,102406.414,11.143042,61.399445,,,,,,,,,,4.744938e-05,,2.387679e-05,0.000157662,16715.848,0.1294088,219.23325,,,,
863,2020-11-13 00:00:00+02:00,-0.7604485,,,0.996123,45913.65,6299.738,52696.99,5299.7383,115.37776,,,,,,,,,,,,,,,0.1326974,220.46167,,,,
864,2020-11-14 00:00:00+02:00,-2.3323972,0.034604046,948.493,0.7679888,78103.42,2227.1653,88388.8,1229.2897,33.12733,,,,,,,,,,0.00010377623,7.297862e-05,2.0668396e-05,0.00017910828,16708.54,0.12458212,217.3778,,,,
865,2020-11-15 00:00:00+02:00,-1.2427152,0.03536356,1839.909,0.9740442,59960.766,4402.6426,68147.055,3402.6423,81.18851,,,,,,,,,,,,,,,0.12493722,215.8735,,,,
866,2020-11-16 00:00:00+02:00,-0.8229784,,,0.8247817,53511.164,5222.936,60890.19,4222.936,17.499725,,,,,,,,,,9.2604794e-05,5.9558562e-05,2.0347023e-05,0.00016157542,16701.934,0.123027086,216.32986,,,,
867,2020-11-17 00:00:00+02:00,-0.48964596,0.032958362,1557.009,0.98108774,73398.92,2765.6663,83111.11,1773.9457,79.970345,,,,,,,,,,9.896642e-05,,2.0969903e-05,0.00017625534,19282.865,0.117934704,216.40671,,,,
868,2020-11-18 00:00:00+02:00,-0.751479,0.0317051,2573.6619,0.9992504,78012.91,2285.9893,87732.336,1309.7766,95.10505,,,,,,,,,,,,,,,0.10366671,214.56418,,,,
869,2020-11-19 00:00:00+02:00,-0.51966256,,,0.9926609,48968.47,5866.13,55753.28,4866.13,80.117355,,,,,,,,,,,,,,,0.11442258,215.06084,,,,
870,2020-11-20 00:00:00+02:00,-0.6999397,0.03360157,641.2474,0.73787713,65335.195,3538.1953,74578.69,2538.1953,56.53463,,,,,,,,,,1.1464132e-05,-7.4598624e-06,2.4464254e-05,0.00013542267,24290.18,0.13473643,216.65639,,,,
871,2020-11-21 00:00:00+02:00,-0.56625247,,,0.9460045,40569.477,7411.662,46566.305,6411.662,104.11569,,,,,,,,,,6.222908e-05,,2.0747999e-05,0.0001282612,14432.276,0.12003205,215.34033,,,,
872,2020-11-22 00:00:00+02:00,-1.0663248,0.035648197,687.3428,0.9241437,60938.734,4060.026,69525.05,3060.026,85.286446,,,,,,,,,,7.3730786e-05,3.3468958e-05,2.0821495e-05,0.0001666707,17980.078,0.132918,217.21425,,,,
873,2020-11-23 00:00:00+02:00,-0.5476341,0.035410296,1396.389,0.8945619,54528.812,4847.7188,62436.492,3847.719,47.812454,,,,,,,,,,1.2775899e-05,,2.3887631e-05,0.00012657675,20700.986,0.13966382,217.67896,,,,
874,2020-11-24 00:00:00+02:00,-0.5870416,,,0.9764825,43556.08,6603.4023,50042.19,5603.4023,117.57004,,,,,,,,,,,,,,,0.13137025,217.25644,,,,
875,2020-11-25 00:00:00+02:00,-1.7954481,0.03443068,1116.1484,0.9986902,84519.27,1587.2683,94302.18,676.5719,187.23848,,,,,,,,,,4.3991276e-05,,1.9785955e-05,0.00013385195,16707.025,0.1192693,216.56589,,,,
876,2020-11-26 00:00:00+02:00,-1.0162296,0.03127065,843.8932,0.9999953,88401.42,1159.919,98476.45,255.06975,145.91911,,,,,,,,,,6.463249e-05,,2.2643668e-05,0.00020383211,19270.73,0.123201504,217.28986,,,,
877,2020-11-27 00:00:00+02:00,-0.77316624,0.037838336,410.56287,0.758219,87948.72,1194.3623,98303.945,289.3116,37.441185,,,,,,,,,,3.303451e-05,9.1285965e-06,2.4276313e-05,0.00017372446,16703.8,0.1380218,220.88669,,,,
878,2020-11-28 00:00:00+02:00,-1.1213589,0.035549372,675.41016,0.6991728,93915.625,712.9118,101937.125,26.14251,1.4038149,,,,,,,,,,5.5544988e-05,3.645505e-05,2.1102396e-05,0.0001780935,14429.879,0.13715522,221.36139,,,,
879,2020-11-29 00:00:00+02:00,-0.49746668,0.035826035,316.94586,0.91049165,86006.55,1434.7146,95613.984,583.32947,88.51101,,,,,,,,,,6.5133536e-05,,2.0666936e-05,0.00017972726,16702.824,0.14174996,221.35843,,,,
880,2020-11-30 00:00:00+02:00,-1.9455425,0.035544444,530.22064,0.98517275,84000.33,1604.1045,94635.74,644.7719,124.88277,,,,,,,,,,6.7393674e-05,3.1445226e-05,2.4100931e-05,0.00017650516,19282.697,0.13107876,220.62111,,,,
881,2020-12-01 00:00:00+02:00,-0.49992436,0.038157817,450.33984,0.73818135,79321.86,2143.211,88120.36,1285.5515,116.45318,,,,,,,,,,9.9576326e-05,7.272312e-05,2.6330317e-05,0.00021632122,19289.83,0.14493345,218.40852,,,,
882,2020-12-02 00:00:00+02:00,-1.0049703,0.037253596,330.61682,0.42353347,93544.805,757.7764,102843.086,0.10256352,41.34238,,,,,,,,,,4.507842e-05,2.0698246e-05,2.4380175e-05,0.00019039161,18009.793,0.1411409,219.32242,,,,
883,2020-12-03 00:00:00+02:00,-0.6847058,0.036326345,311.40656,0.96984076,89426.52,1055.4193,98890.516,235.73567,37.422943,,,,,,,,,,6.4657e-05,,2.577887e-05,0.00020856172,19275.951,0.13836086,219.14781,,,,
884,2020-12-04 00:00:00+02:00,-0.89200634,0.036547683,1124.2142,0.80400336,49271.664,5754.339,56262.43,4754.3384,65.91945,,,,,,,,,,0.0001274203,9.200366e-05,2.193738e-05,0.00022618627,16695.285,0.13298398,218.02023,,,,
885,2020-12-05 00:00:00+02:00,-1.2392384,,,0.96384716,24949.93,10410.707,29150.111,9410.707,70.79701,,,,,,,,,,,,,,,0.13251927,217.44833,,,,
886,2020-12-06 00:00:00+02:00,-0.90617645,,,0.96199334,44647.664,6550.371,51176.52,5550.371,187.51585,,,,,,,,,,0.00010429491,,1.677201e-05,0.00015722608,14424.95,0.12338505,214.77066,,,,
887,2020-12-07 00:00:00+02:00,-0.9801681,,,0.046985302,44092.082,6569.2744,50572.844,5569.2744,7.753338,,,,,,,,,,7.305254e-05,5.6748224e-05,1.5595862e-05,0.0001542912,14427.051,0.13053697,212.24481,,,,
888,2020-12-08 00:00:00+02:00,-0.6048583,0.034601472,260.15237,0.90908194,94509.26,643.53217,101946.69,4.0759573,5.873616,,,,,,,,,,5.755791e-05,,1.5383239e-05,0.0001681386,16708.984,0.10480957,212.18045,,,,
889,2020-12-09 00:00:00+02:00,-0.7232937,0.035773866,356.1668,0.8908408,68388.2,3180.3013,78252.41,2180.3013,2.157187,,,,,,,,,,6.841359e-05,4.5645327e-05,1.6038903e-05,0.00016807445,16712.195,0.10927196,210.95914,,,,
890,2020-12-10 00:00:00+02:00,-0.6970873,0.038518462,680.2558,0.9806793,86676.81,1308.196,97280.64,380.7031,45.85104,,,,,,,,,,3.7147795e-05,,1.4122659e-05,0.00012445144,16706.629,0.11533584,210.14821,,,,
891,2020-12-11 00:00:00+02:00,-2.3027472,0.03833269,675.80383,0.9999772,83449.7,1582.4282,93941.586,625.1824,101.76653,,,,,,,,,,6.101771e-05,,1.7846736e-05,0.00016542697,19263.934,0.13134402,211.8283,,,,
892,2020-12-12 00:00:00+02:00,-1.6340175,0.036511153,1030.299,0.9964678,80655.72,1867.138,90945.89,896.9395,49.591995,,,,,,,,,,,,,,,0.13014007,210.86082,,,,
893,2020-12-13 00:00:00+02:00,-1.3970184,0.037351705,708.9589,0.9148587,67224.734,3319.2397,76499.08,2323.1914,69.548706,,,,,,,,,,2.977562e-05,-2.2193174e-06,1.799082e-05,0.00012737079,19270.887,0.12456768,210.61127,,,,
894,2020-12-14 00:00:00+02:00,-0.6393946,0.03932108,416.67624,0.96530926,79433.016,2021.581,90058.92,1028.8885,90.50093,,,,,,,,,,0.00022724162,0.00013996614,1.5325313e-05,0.00028839827,16706.203,0.12271643,209.44188,,,,
895,2020-12-15 00:00:00+02:00,-0.48582774,,,0.77691305,55975.953,4821.6562,63746.773,3821.6565,1.4159379,,,,,,,,,,8.87435e-05,7.010485e-05,1.1780742e-05,0.00013251152,16708.422,0.11137613,209.02701,,,,
896,2020-12-16 00:00:00+02:00,-1.6355634,0.034374505,755.88965,0.8444823,87721.695,1274.3131,97078.78,422.31964,187.31633,,,,,,,,,,0.000118295924,7.0043825e-05,1.6060532e-05,0.00019543145,19274.236,0.11633637,212.00697,,,,
897,2020-12-17 00:00:00+02:00,-1.1575726,0.03755871,566.0504,1.0,91872.3,916.3849,101937.984,46.880318,124.06398,,,,,,,,,,4.8162372e-05,,1.5716614e-05,0.00014027201,16714.328,0.119241096,211.38593,,,,
898,2020-12-18 00:00:00+02:00,-0.91249835,0.035796948,795.7753,0.89235336,86351.016,1407.8699,97212.86,433.28925,41.471367,,,,,,,,,,7.367876e-05,,1.4906583e-05,0.00014731826,16709.496,0.12827593,213.3233,,,,
899,2020-12-19 00:00:00+02:00,-0.15531811,0.036303837,911.2177,0.9676375,86212.625,1427.518,96454.58,519.0376,151.01752,,,,,,,,,,0.000114225,9.840639e-05,1.5818605e-05,0.00019929088,16715.531,0.114938185,210.75711,,,,
900,2020-12-20 00:00:00+02:00,-0.79719466,0.034821764,885.7389,,,,,,,,,,,,,,,,0.00013370762,,1.4165562e-05,0.00018925901,16715.863,0.11769141,210.31006,,,,
901,2020-12-21 00:00:00+02:00,-1.2617579,0.03465046,901.39264,1.0,89804.22,1070.4242,99965.49,201.60954,242.26407,,,,,,,,,,,,,,,0.13034149,210.55904,,,,
902,2020-12-22 00:00:00+02:00,-1.9786716,,,0.96666276,38643.703,7470.0356,44411.13,6470.035,130.73007,,,,,,,,,,,,,,,0.11796363,209.70296,,,,
903,2020-12-23 00:00:00+02:00,-0.61824065,,,0.96363795,62520.938,3945.6587,71193.875,2945.6587,103.1721,,,,,,,,,,2.879452e-05,,1.1762507e-05,9.086807e-05,16697.129,0.12512061,206.45908,,,,
904,2020-12-24 00:00:00+02:00,-0.46125218,0.038969144,928.2233,0.9990177,68993.08,3016.112,78443.2,2018.3647,68.643875,,,,,,,,,,0.00013937241,,1.01460755e-05,0.00018627665,16684.887,0.12595981,205.29529,,,,
905,2020-12-25 00:00:00+02:00,-0.65080416,0.039287433,531.632,0.8090643,78274.91,2039.1155,88885.17,1040.2388,81.19679,,,,,,,,,,1.3144715e-05,-3.6981066e-07,1.2885254e-05,8.641646e-05,19249.973,0.13964298,205.181,,,,
906,2020-12-26 00:00:00+02:00,-1.0931084,0.040761158,624.3304,0.4913479,81366.91,1814.4336,91534.76,866.6449,39.93925,,,,,,,,,,4.441388e-05,2.2022074e-05,1.1240092e-05,0.00012718396,16699.383,0.12559871,204.8089,,,,
907,2020-12-27 00:00:00+02:00,-1.6123915,,,0.94145036,37440.21,7532.0903,43186.934,6532.0903,237.75807,,,,,,,,,,,,,,,0.12437864,206.31189,,,,
908,2020-12-28 00:00:00+02:00,-1.2366471,,,0.9785234,42751.08,6578.6733,49088.28,5578.6733,104.951355,,,,,,,,,,,,,,,0.12123099,210.09227,,,,
909,2020-12-29 00:00:00+02:00,-0.821736,,,0.98247206,38633.375,7190.256,44666.414,6190.256,103.455414,,,,,,,,,,,,,,,0.1411438,215.1824,,,,
910,2020-12-30 00:00:00+02:00,-0.91442925,0.038484674,508.61145,0.030349249,61397.57,3933.5303,69897.64,2933.5305,4.4382358,,,,,,,,,,4.1996387e-05,1.8207575e-05,2.3347488e-05,0.00016466269,19246.945,0.1489202,217.22726,,,,
911,2020-12-31 00:00:00+02:00,-0.7579004,0.03870109,551.992,0.3953275,78295.28,2130.2402,87964.59,1190.5029,28.737406,,,,,,,,,,3.6704958e-05,5.606754e-06,2.7468299e-05,0.0001816981,22129.783,0.16061328,218.37518,,,,
912,2021-01-01 00:00:00+02:00,-1.7628789,0.03727713,502.80405,,,,,,,,,,,,,,,,4.315005e-05,,2.322805e-05,0.00016727015,19261.826,0.15221518,217.97884,,,,
913,2021-01-02 00:00:00+02:00,-1.0143726,0.04090432,412.28412,0.94879293,73271.375,2624.2686,83280.35,1629.9265,127.15212,,,,,,,,,,8.886391e-05,5.781467e-05,1.8675632e-05,0.00015172506,19274.97,0.14875877,216.40643,,,,
914,2021-01-03 00:00:00+02:00,-1.1034547,0.040890016,343.08914,,,,,,,,,,,,,,,,5.6652312e-05,,1.6046237e-05,0.00017662026,19291.102,0.13437417,214.03142,,,,
915,2021-01-04 00:00:00+02:00,-0.2846359,0.038151763,658.10754,0.9007994,73453.0,2677.0251,83457.66,1680.0476,83.046844,,,,,,,,,,1.960172e-05,7.8114335e-06,1.6526736e-05,0.000109366316,22188.566,0.13105032,212.17865,,,,
916,2021-01-05 00:00:00+02:00,-0.97437865,,,0.9157038,48172.336,5847.911,55145.93,4847.911,68.951065,,,,,,,,,,,,,,,0.12700857,210.70316,,,,
917,2021-01-06 00:00:00+02:00,-0.7461962,,,0.97196054,43426.492,6574.4053,49837.164,5574.4053,116.83054,,,,,,,,,,,,,,,0.12077956,211.8829,,,,
918,2021-01-07 00:00:00+02:00,-0.811761,0.03883263,494.6613,0.987021,72399.84,2697.167,82131.36,1705.5762,125.28516,,,,,,,,,,4.8758713e-05,,1.8621158e-05,0.00013680765,22134.33,0.124021724,213.28305,,,,
919,2021-01-08 00:00:00+02:00,-0.28293186,,,0.945945,62805.24,3769.029,71505.94,2769.029,113.9454,,,,,,,,,,0.00010848099,,1.8812689e-05,0.00016123298,22149.836,0.12993202,214.15118,,,,
920,2021-01-09 00:00:00+02:00,-1.0607942,0.040968407,373.72858,0.9001442,78344.53,2115.1975,88934.23,1119.2614,18.643755,,,,,,,,,,,,,,,0.13997297,212.73175,,,,
921,2021-01-10 00:00:00+02:00,-0.88120955,0.038587403,462.59912,,,,,,,,,,,,,,,,3.8850354e-05,3.493739e-05,1.5239701e-05,0.000112639915,20729.395,0.14076689,213.9042,,,,
922,2021-01-11 00:00:00+02:00,-1.315654,0.040374678,294.7703,0.75165427,63528.1,3737.2363,72413.69,2748.9868,67.9202,,,,,,,,,,4.6677378e-05,2.9242772e-05,1.3160112e-05,0.00010832856,16701.37,0.13675664,212.66742,,,,
923,2021-01-12 00:00:00+02:00,-1.0696672,,,1.0,55316.402,4707.6875,63093.008,3707.6873,249.47566,,,,,,,,,,,,,,,0.1272335,213.44699,,,,
924,2021-01-13 00:00:00+02:00,-0.40076277,0.038638953,352.31628,0.7631428,81661.836,1684.9055,91570.72,767.7124,59.916294,,,,,,,,,,0.00013300532,,1.634628e-05,0.00021165077,20676.234,0.1469562,212.40283,,,,
925,2021-01-14 00:00:00+02:00,-1.1681857,0.04157649,462.6679,0.6535792,81202.55,1785.2134,92248.0,789.8961,13.729822,,,,,,,,,,5.1784675e-05,3.981428e-06,1.6427603e-05,0.0001259874,19270.725,0.15115136,213.14595,,,,
926,2021-01-15 00:00:00+02:00,-1.1668527,0.042226307,221.62372,0.031636383,72867.516,2594.7502,83147.414,1594.7504,5.8712034,,,,,,,,,,2.4020414e-05,-8.0294785e-06,2.3913293e-05,0.00014075,22169.645,0.1656215,214.05507,,,,
927,2021-01-16 00:00:00+02:00,-1.125971,0.04130192,235.4177,0.5094588,90722.97,873.82007,99469.016,142.75514,1.0,,,,,,,,,,3.5261335e-05,4.971808e-06,2.0909356e-05,0.00015101998,17993.824,0.15696305,214.85385,,,,
928,2021-01-17 00:00:00+02:00,-1.5325181,0.041112192,190.11246,0.10115425,75076.88,2487.1516,83496.9,1632.2676,7.3972273,,,,,,,,,,3.6900856e-05,6.4456685e-06,2.0028296e-05,0.00012992385,16712.29,0.14016266,214.07391,,,,
929,2021-01-18 00:00:00+02:00,-1.4855947,0.039279446,318.61322,0.9131216,72371.15,2685.644,82585.04,1685.644,31.466782,,,,,,,,,,0.00012793201,,1.5010686e-05,0.0001517267,19279.111,0.13709521,212.90219,,,,
930,2021-01-19 00:00:00+02:00,-0.91310585,0.03981703,323.29153,,,,,,,,,,,,,,,,8.746634e-05,4.577684e-05,2.0719472e-05,0.00020533864,17985.39,0.14415413,214.91795,,,,
931,2021-01-20 00:00:00+02:00,-0.7906326,,,0.98218346,50508.492,5386.3213,57736.914,4386.3213,104.36056,,,,,,,,,,,,,,,0.13426234,217.16487,,,,
932,2021-01-21 00:00:00+02:00,-1.1169115,0.03896498,990.1598,0.70412135,65196.645,3565.21,73857.93,2565.2097,22.908932,,,,,,,,,,0.00015705646,6.715264e-05,2.5354244e-05,0.00019538922,14417.373,0.13117552,218.76978,,,,
933,2021-01-22 00:00:00+02:00,-0.9628053,,,0.8295148,46058.402,6046.756,52772.793,5046.756,46.74252,,,,,,,,,,0.000112031026,,2.3390006e-05,0.00016239326,16678.402,0.13948789,219.38116,,,,
934,2021-01-23 00:00:00+02:00,-1.5260484,,,0.90403926,39106.984,7266.883,45039.613,6266.884,51.628223,,,,,,,,,,7.448882e-05,5.2140484e-05,2.3267243e-05,0.0001411562,16684.244,0.14270736,219.94186,,,,
935,2021-01-24 00:00:00+02:00,-1.1885262,,,0.99998665,52731.86,5003.7207,60323.79,4003.7207,103.21092,,,,,,,,,,0.0001172588,,2.3402277e-05,0.00016850886,19223.465,0.15029411,220.45042,,,,
936,2021-01-25 00:00:00+02:00,-0.8534235,0.04061827,544.46246,0.6192546,74145.0,2524.6372,82894.95,1631.0719,8.25621,,,,,,,,,,4.0347142e-05,7.4857285e-06,2.4237928e-05,0.00014820545,19231.957,0.15324314,220.1326,,,,
937,2021-01-26 00:00:00+02:00,-0.8638024,,,0.98432904,48001.54,5643.991,55436.336,4643.991,29.171152,,,,,,,,,,,,,,,0.15527213,219.14197,,,,
938,2021-01-27 00:00:00+02:00,-1.057193,0.04313481,442.212,0.7271638,79872.99,1947.0779,88339.72,1121.511,31.41884,,,,,,,,,,2.5381196e-05,-5.391173e-06,2.1768814e-05,0.00012211963,19248.58,0.16908118,218.76782,,,,
939,2021-01-28 00:00:00+02:00,-1.4588833,0.035707425,458.0858,0.9183779,56460.07,4484.5435,64790.03,3484.5435,76.82183,,,,,,,,,,-1.4894458e-05,,2.3053435e-05,8.524e-05,22102.826,0.18134259,221.88225,,,,
940,2021-01-29 00:00:00+02:00,-1.057948,0.03525562,252.89645,0.8608868,86885.98,1122.012,96728.88,249.54633,20.71321,,,,,,,,,,1.9820869e-05,1.3026253e-05,2.6932219e-05,0.00014425704,22086.42,0.19153292,220.7015,,,,
941,2021-01-30 00:00:00+02:00,-0.9949657,0.038819246,331.70172,0.84632224,86305.875,1161.3081,96767.17,236.4057,15.905306,,,,,,,,,,2.2120243e-05,-1.10671845e-05,2.7282054e-05,0.00013170997,25875.775,0.16904628,222.53934,,,,
942,2021-01-31 00:00:00+02:00,-0.69558436,0.038224615,219.72235,0.9144335,87568.91,1081.8086,97606.29,194.28949,26.419092,,,,,,,,,,9.904985e-06,-8.555041e-06,2.7965898e-05,0.0001131984,27620.678,0.18031307,222.11627,,,,
943,2021-02-01 00:00:00+02:00,-1.2240741,0.04079423,306.3272,0.68459636,87014.11,1179.9648,97220.586,273.9038,1.0294781,,,,,,,,,,7.725727e-05,4.2825195e-05,2.5816511e-05,0.00020553247,22118.139,0.19075575,221.95424,,,,
944,2021-02-02 00:00:00+02:00,-1.3648195,0.03791826,631.8593,0.93775785,77758.305,2064.9282,87546.64,1132.2303,164.16081,,,,,,,,,,,,,,,0.16145472,221.69046,,,,
945,2021-02-03 00:00:00+02:00,-1.0205412,0.038756594,485.3559,0.5089025,78244.36,2077.1277,86677.56,1247.9365,7.556951,4.8993264e-05,1.5678356,6.2507184e-05,0.19740893,,,,,,8.763809e-05,5.858794e-05,3.1921238e-05,0.00027536368,22120.656,0.16799176,220.67221,,,,
946,2021-02-04 00:00:00+02:00,-0.77094424,0.038216554,133.43858,0.675771,91459.36,830.39734,100521.016,68.28076,4.14863,-6.86634e-06,1.7356853,-2.9127712e-05,0.26251394,,,,,,6.620789e-05,2.0618614e-05,2.7433587e-05,0.00017789219,22147.857,0.15945446,222.09213,,,,
947,2021-02-05 00:00:00+02:00,-1.0730798,0.040217593,306.34628,0.7106456,88387.984,1164.0356,97743.73,366.97803,5.006916,-0.00010950462,1.5067769,-0.0001839693,0.18888322,,,,,,6.0586204e-05,1.7165468e-05,2.4718465e-05,0.00019985365,24299.33,0.15455307,220.17697,,,,
948,2021-02-06 00:00:00+02:00,-1.2946429,0.039259378,201.80943,0.5825387,89343.05,1135.977,97977.734,398.3977,7.3808684,3.7455366e-06,1.4970953,-6.438563e-06,0.26634133,,,,,,5.528444e-05,4.0254574e-05,1.501008e-05,0.00014352615,22196.096,0.16882762,219.37195,,,,
949,2021-02-07 00:00:00+02:00,-1.2979087,0.040375248,207.1811,0.6137433,74760.56,2583.666,84950.945,1606.3787,5.880017,1.9995869e-05,1.4296348,2.1035143e-05,0.19460088,,,,,,7.503126e-05,3.6367415e-05,1.8254177e-05,0.00013960365,22194.482,0.1743482,219.10535,,,,
950,2021-02-08 00:00:00+02:00,-0.8511004,,,0.78750485,38184.266,7369.8096,44098.508,6369.8096,29.119928,5.7315363e-05,1.3668448,7.037374e-05,0.37288558,,,,,,4.7250054e-05,3.766348e-05,2.877918e-05,0.00016011327,19279.742,0.15649581,219.59317,,,,
951,2021-02-09 00:00:00+02:00,-1.0438777,0.03984587,454.3551,0.95417535,70706.586,2799.1592,80522.19,1799.1592,13.049612,,,,,,,,,,7.755851e-05,,2.549187e-05,0.0001670904,22136.365,0.16113278,221.37695,,,,
952,2021-02-10 00:00:00+02:00,-0.5703876,0.04086197,390.85767,0.99567187,75280.34,2295.7322,86024.48,1296.202,20.536633,,,,,,,,,,0.00017703057,,2.6042466e-05,0.00019395186,22148.61,0.15076846,222.85272,,,,
953,2021-02-11 00:00:00+02:00,-1.251497,0.039835453,230.16222,0.55930406,89751.734,1058.1631,98735.12,308.3524,4.4009433,-1.4291904e-06,1.4356836,-9.598953e-06,0.3704874,,,,,,8.697534e-05,3.8615577e-05,2.5220837e-05,0.00020082883,22190.234,0.19377056,222.2579,,,,
954,2021-02-12 00:00:00+02:00,-1.2373518,0.040388085,185.4987,0.42641586,78277.46,2196.7786,87139.914,1375.7968,3.215321,-4.211398e-06,1.4475652,-2.2387017e-05,0.26241896,1870.014,3103.3567,0.021075299,1891.1823,6.6443253,0.000108073014,3.3364213e-05,2.5775878e-05,0.0001893332,24350.832,0.1915377,222.73798,,,,
955,2021-02-13 00:00:00+02:00,-1.6682783,0.038898997,310.0703,0.33001417,77271.9,2329.4326,84741.86,1597.3031,8.815525,2.740451e-05,1.3996445,2.8736158e-05,0.17560227,,,,,,4.894758e-05,1.6641501e-05,2.9059704e-05,0.00015298951,24344.652,0.20465982,223.6739,,,,
956,2021-02-14 00:00:00+02:00,-1.1273513,0.039455272,435.0868,0.74929667,86672.03,1411.4355,96547.195,548.0805,6.9823093,2.368139e-05,1.6429915,2.791981e-05,0.3998748,,,,,,5.0924988e-05,8.364566e-06,3.500466e-05,0.000184137,24340.95,0.18939245,222.00201,,,,
957,2021-02-15 00:00:00+02:00,-1.135217,0.041649636,303.5184,0.8763676,85838.7,1482.2637,96820.47,537.0383,4.710038,,,,,,,,,,7.1059454e-05,,3.5930694e-05,0.00019526758,19310.602,0.18687117,221.94849,,,,
958,2021-02-16 00:00:00+02:00,-1.2338089,0.038486436,393.5378,0.7062291,68284.74,3264.8264,77757.31,2267.711,4.1874294,3.1183787e-05,1.1407545,2.4911578e-05,0.5015345,,,,,,0.00018848658,5.915999e-05,3.5110686e-05,0.00024145874,19287.652,0.17556739,222.69783,,,,
959,2021-02-17 00:00:00+02:00,-1.40988,0.039604742,145.15868,0.71966565,67783.65,3363.849,76363.08,2422.8008,11.44896,2.4655517e-05,0.9608489,1.9357662e-05,0.4642837,,,,,,0.000104064966,2.7638947e-05,3.4787234e-05,0.0001985734,19276.172,0.17176083,224.12802,,,,
960,2021-02-18 00:00:00+02:00,-1.6126629,0.04264326,167.5639,0.31684652,79569.15,2142.8813,86799.89,1418.6555,9.701877,1.160926e-05,1.5375955,1.4741845e-05,0.17064618,,,,,,6.5102526e-05,2.009935e-05,3.357937e-05,0.00015699762,19297.498,0.18241489,222.97116,,,,
961,2021-02-19 00:00:00+02:00,-1.1610047,0.039175756,838.675,0.9879539,60754.195,4345.2695,69230.87,3345.2698,16.805859,,,,,,,,,,0.00013243781,,2.9918454e-05,0.00015299361,16705.266,0.18648154,221.39258,,,,
962,2021-02-20 00:00:00+02:00,-0.9837022,0.037609115,761.3616,0.9999946,82753.91,1828.3281,89628.766,1149.8994,15.379584,6.578019e-07,2.100126,-1.3165608e-05,0.27503988,,,,,,7.132597e-05,,3.252483e-05,0.00016895813,15570.838,0.15503779,220.75433,,,,
963,2021-02-21 00:00:00+02:00,-0.981511,,,0.8885796,38628.867,7865.0576,44331.965,6865.0576,3.523983,,,,,,,,,,0.00019036575,,2.9713932e-05,0.00018654062,14425.814,0.14028159,219.3392,,,,
964,2021-02-22 00:00:00+02:00,-1.1142097,0.03807877,824.75757,0.5129708,86722.87,1492.9456,94761.5,718.44354,2.9792628,8.7907305e-05,1.3204975,0.00010967739,0.37654066,,,,,,9.289196e-05,4.735195e-05,2.5425157e-05,0.0002211961,14430.002,0.13617112,217.46979,,,,
965,2021-02-23 00:00:00+02:00,1.3574021,0.03674727,1136.7065,0.74599445,54213.3,5414.3477,61782.047,4414.3477,7.0783167,5.1589846e-05,1.3389646,5.7184054e-05,0.4208637,,,,,,0.00011548192,5.332771e-05,2.506267e-05,0.00018064321,16716.951,0.16593859,217.85144,,,,
966,2021-02-24 00:00:00+02:00,-1.1556406,,,0.77504534,39641.82,7692.9966,45502.062,6692.996,7.6093283,2.8648605e-05,0.76559037,1.1024162e-05,0.5479356,,,,,,0.00012255296,6.0387436e-05,2.729022e-05,0.00016401795,14432.371,0.13833511,217.818,,,,
967,2021-02-25 00:00:00+02:00,-1.6977298,0.03358081,1020.0141,0.28962988,62708.86,4143.823,71079.52,3144.4412,1.2759979,6.941585e-05,1.1985979,7.122234e-05,0.2484587,,,,,,6.86481e-05,4.087117e-05,2.7201462e-05,0.0001671426,16712.227,0.13202772,217.25583,,,,
968,2021-02-26 00:00:00+02:00,-1.003136,0.03584139,597.0038,0.9970132,94163.61,659.5775,101528.34,13.611678,12.553806,,,,,,,,,,3.6452555e-05,,3.7469705e-05,0.00014949817,23226.402,0.17573646,220.78384,,,,
969,2021-02-27 00:00:00+02:00,-1.7398533,0.037685808,422.32574,0.15704969,93405.4,793.7143,100598.695,170.01042,1.4780484,2.1002415e-05,1.1064644,1.2358845e-05,0.12135352,1849.9889,3319.9102,0.0037411237,1861.947,3.6520572,3.624647e-05,4.2344045e-06,3.2012067e-05,0.00012695136,19298.535,0.16921343,218.84201,,,,
970,2021-02-28 00:00:00+02:00,-1.3743206,0.040193375,861.8246,0.34724057,48147.973,6116.0957,55180.92,5116.0957,2.5177057,1.06399475e-05,0.7835009,1.1963513e-05,0.28571832,1869.1914,3819.4045,0.025674567,1879.556,3.3437097,3.428196e-05,7.1073055e-06,3.1111384e-05,0.00013037592,19296.758,0.16841505,219.12225,,,,
971,2021-03-01 00:00:00+02:00,-1.7668895,0.0380574,611.8916,0.9991346,95311.16,669.67596,102974.56,0.7010697,15.2820215,,,,,,,,,,5.6779714e-05,,2.9099045e-05,0.0001351213,16721.055,0.15361947,219.9648,,,,
972,2021-03-02 00:00:00+02:00,-1.7894179,0.038825475,571.5145,0.0,,,,,,4.4437547e-05,1.1492975,4.0527826e-05,0.17193697,,,,,,5.0228235e-05,1.4797593e-05,3.543064e-05,0.00015766919,16719.957,0.14770003,218.8866,,,,
973,2021-03-03 00:00:00+02:00,-1.0311847,0.03856169,424.67285,,,,,,,,,,,,,,,,4.904801e-05,,2.6765996e-05,0.00014207614,16715.508,0.13846663,218.97449,,,,
974,2021-03-04 00:00:00+02:00,-1.0710518,0.039739765,299.09705,0.9297655,69325.09,2990.0535,78977.26,1990.0535,9.551422,,,,,,,,,,3.636037e-05,3.0567935e-06,3.2034837e-05,0.00012373415,22145.852,0.1419299,219.33176,,,,
975,2021-03-05 00:00:00+02:00,-1.2956469,0.041111186,297.9748,0.63282216,83032.5,1656.7615,93980.57,680.5852,9.854941,9.124356e-06,1.2961426,-5.1514635e-06,0.35003188,,,,,,3.405834e-05,5.9859876e-06,3.1131087e-05,0.00012332365,24290.996,0.21094891,217.55678,,,,
976,2021-03-06 00:00:00+02:00,-2.3657286,0.04227395,542.3439,0.3968079,40634.48,7019.0503,46988.45,6019.051,12.9704275,9.489719e-05,0.717996,5.3906704e-05,0.32159933,,,,,,5.298733e-05,2.0977639e-05,2.7616365e-05,0.000107662716,19287.162,0.18703133,216.38245,,,,
977,2021-03-07 00:00:00+02:00,-1.6390357,0.03973172,330.53107,0.7589419,69917.44,2927.434,79322.83,1955.8397,7.698799,3.196858e-05,1.2996522,2.9833802e-05,0.49536777,,,,,,3.9066406e-05,6.6905936e-06,2.7728358e-05,0.00012572721,15558.266,0.18132046,215.64233,,,,
978,2021-03-08 00:00:00+02:00,-1.2126235,0.037728846,254.47624,0.87456095,86022.82,1359.5016,97410.41,367.3429,12.21171,1.6649374e-06,1.1987083,-9.36628e-06,0.46656823,,,,,,3.62436e-05,2.751198e-06,3.2597945e-05,0.0001232353,22166.217,0.19846188,217.1123,,,,
979,2021-03-09 00:00:00+02:00,-1.3134329,0.04145192,312.84235,0.69818765,86782.29,1326.9985,97440.87,401.00836,5.804288,4.215196e-05,1.0774981,2.7312515e-05,0.32603508,,,,,,2.7311933e-05,2.5504999e-06,3.171332e-05,0.000113107,22182.516,0.1789372,217.51175,,,,1.2493205e-05
980,2021-03-10 00:00:00+02:00,-1.0027349,0.039875943,292.6101,0.9733945,80707.77,1884.1746,91671.11,884.35425,29.151134,-0.000116415955,1.523311,-0.00018448786,0.45740175,,,,,,9.2549686e-05,,2.8064562e-05,0.00013635741,19283.836,0.17271128,216.10718,,,,-3.518685e-07
981,2021-03-11 00:00:00+02:00,-1.1522804,,,0.8267416,50356.4,5661.3945,57712.797,4661.394,7.9806504,4.1124527e-05,0.88640064,2.8664881e-05,0.43425325,,,,,,0.0001636778,4.2901032e-05,2.9216038e-05,0.00016381954,16696.643,0.15071565,217.18817,0.0010888292,0.2695543,0.00029557024,2.6666683e-05
982,2021-03-12 00:00:00+02:00,-1.1171422,0.03696617,820.824,0.99891007,80149.97,1773.891,90755.23,780.2325,34.42446,,,,,,,,,,5.328269e-05,,3.7019112e-05,0.0001552684,22077.922,0.18021134,219.53343,,,,
983,2021-03-13 00:00:00+02:00,-1.5490849,0.0382367,484.72162,0.83941996,78009.36,1994.4845,88520.12,1000.90063,8.562771,2.2734162e-05,1.1679113,1.8667429e-06,0.49894452,,,,,,9.2204544e-05,2.2605755e-05,3.5132187e-05,0.00016629932,24178.854,0.18297118,221.01299,,,,-9.309923e-05
984,2021-03-14 00:00:00+02:00,-0.8584833,0.03496063,532.1319,1.0,72463.72,2565.1477,82319.66,1566.0669,51.635185,,,,,,,,,,0.00012747357,,3.5228797e-05,0.00018146458,24144.223,0.19485578,222.69794,,,,4.4063486e-06
985,2021-03-15 00:00:00+02:00,-0.9222056,0.039538693,704.35144,0.99025416,87098.22,1186.9393,97127.92,293.13397,17.936226,,,,,,,,,,8.582581e-05,,3.2575845e-05,0.00014444435,22121.457,0.19256198,222.79364,,,,6.97271e-05
986,2021-03-16 00:00:00+02:00,-1.210851,0.037565336,627.11523,0.82108724,80176.83,1920.3885,90677.01,943.8137,13.092436,1.8712617e-05,1.2408063,9.199563e-06,0.28075206,,,,,,6.803074e-05,2.5367244e-05,3.4110955e-05,0.00015833133,24264.768,0.1961118,223.77594,0.00063800893,0.37668952,0.00022146391,4.686507e-05
987,2021-03-17 00:00:00+02:00,-1.992781,0.03805397,453.06323,0.005260254,74723.35,2545.6636,83969.52,1616.7631,4.7012367,4.055706e-05,0.9928061,3.548928e-05,0.010890486,1823.7109,3355.6445,0.027442658,1834.0016,2.993883,4.9425427e-05,1.3988532e-05,3.5436893e-05,0.000121286335,22171.717,0.19615778,224.26726,0.0005825559,0.43218926,0.0002503245,8.24158e-05
988,2021-03-18 00:00:00+02:00,-1.1847863,0.037739396,174.15771,0.82420254,67243.45,3317.601,76779.1,2317.601,9.991943,5.859471e-05,1.1377515,4.162733e-05,0.34598252,,,,,,7.247432e-05,3.163833e-05,3.5796715e-05,0.0001426221,22170.863,0.19207494,223.3335,0.00017877581,0.39913177,-1.2928072e-05,3.444589e-05
989,2021-03-19 00:00:00+02:00,-1.5720365,0.035232536,152.08765,0.55206555,83417.484,1618.6642,94111.91,676.9767,5.5105433,3.6936144e-05,1.3242757,4.467165e-05,0.3873135,,,,,,4.7741203e-05,1.0022648e-05,3.9632236e-05,0.0001452112,21809.07,0.2097682,223.76132,0.0009847989,0.3060931,0.00019837855,-5.1696312e-05
990,2021-03-20 00:00:00+02:00,-1.8334341,0.03895788,426.98816,0.35902882,83470.016,1639.8022,93549.586,739.3629,4.005188,2.8016391e-05,1.363759,2.5545245e-05,0.30576867,,,,,,5.0633033e-05,1.5721653e-05,3.450398e-05,0.00013129655,17836.3,0.15909892,222.62506,0.0006715867,0.2743743,0.00019000073,2.1826914e-05
991,2021-03-21 00:00:00+02:00,-1.1603141,0.036799125,286.01538,0.60170174,81801.125,1691.5208,91985.92,735.4898,7.3777323,0.00014107685,1.0193678,0.00013124474,0.2471492,,,,,,5.237588e-05,1.8134922e-05,3.6515507e-05,0.0001399797,22109.125,0.16363141,224.45139,0.00037326332,0.2760108,8.962273e-05,3.1737567e-05
992,2021-03-22 00:00:00+02:00,-2.2831275,0.03977869,504.8829,0.33467656,60503.105,4038.733,69092.484,3038.7332,8.903815,5.7998368e-05,0.97897106,4.911731e-05,0.23919922,,,,,,5.26999e-05,2.0586474e-05,3.376114e-05,0.00011814092,16700.648,0.16665058,221.42856,7.27905e-05,0.47220415,3.1401e-05,-3.1538017e-05
993,2021-03-23 00:00:00+02:00,-1.933562,0.036531013,765.635,0.31966102,78612.5,2150.3298,88154.47,1229.8059,4.0881114,0.00011125486,1.016544,9.574146e-05,0.27835274,,,,,,6.583624e-05,2.9051847e-05,3.723979e-05,0.00016173806,16706.797,0.15722877,221.26083,0.00036602464,0.2713423,9.868386e-05,8.9108335e-06
994,2021-03-24 00:00:00+02:00,-1.0924749,0.033801623,545.628,1.0,91403.984,921.1282,101873.5,13.306114,35.096405,,,,,,,,,,6.688894e-05,,3.4405202e-05,0.00013480376,14428.715,0.15436216,222.97122,,,,-8.507958e-06
995,2021-03-25 00:00:00+02:00,-0.97279185,,,1.0,79011.83,2098.6108,89278.73,1098.6106,33.906097,,,,,,,,,,6.540983e-05,,3.810162e-05,0.00014029499,16706.938,0.16359925,223.50531,,,,
996,2021-03-26 00:00:00+02:00,-1.5383606,0.037751485,672.622,0.32374576,74741.25,2794.2622,82155.55,1993.6587,4.1697087,,,,,1867.8977,3658.6624,0.024924232,1872.0635,2.4024715,6.344355e-05,2.1623304e-05,4.324739e-05,0.00016722822,19287.74,0.17324048,224.46075,-0.0003127788,0.22139665,,-0.000105234605
997,2021-03-27 00:00:00+02:00,-1.4130704,0.04035902,637.55615,0.64266646,69543.27,3137.0967,78876.58,2149.1428,7.193033,,,,,,,,,,7.209967e-05,4.013317e-05,4.1813164e-05,0.00017870832,19272.91,0.16459921,226.1436,0.00031496066,0.26769975,8.4218336e-05,1.4618147e-05
998,2021-03-28 00:00:00+02:00,-1.6225559,0.0384985,476.76007,0.56360084,83958.7,1670.9247,94797.0,685.22046,6.057206,0.00011437739,1.1727847,0.00011146823,0.15103376,,,,,,5.993575e-05,1.6557091e-05,4.6628695e-05,0.00018547496,22191.355,0.17959213,225.6763,0.00018090924,0.6339799,0.00010818213,3.215958e-05
999,2021-03-29 00:00:00+03:00,-0.823917,0.04245577,1575.2598,1.0,83744.95,1698.4857,93996.83,744.4283,76.24504,,,,,,,,,,0.000116397045,,3.7806196e-05,0.00014333613,16713.13,0.15800944,223.54715,,,,-4.1576677e-05
1000,2021-03-30 00:00:00+03:00,-1.1668191,0.03818428,1375.6958,0.8982954,93604.7,772.03235,101720.91,49.15254,7.302071,9.21179e-05,1.0064049,6.7287765e-05,0.30460063,,,,,,5.7856356e-05,9.234348e-06,4.2257278e-05,0.0001622621,14430.322,0.14546527,224.72076,0.00011435381,0.14730817,2.1032454e-05,-2.5768642e-05
1001,2021-03-31 00:00:00+03:00,-0.24155855,0.036217045,501.63226,,,,,,,,,,,,,,,,5.5127384e-05,,4.1830535e-05,0.00015892061,16709.947,0.15407738,224.5869,,,,-1.1043503e-06
1002,2021-04-01 00:00:00+03:00,-1.4188395,0.036278687,1003.63666,0.8719566,59129.46,4417.409,67223.0,3417.8345,16.969986,4.0888688e-05,1.0971276,3.3679207e-05,0.22788522,,,,,,7.323023e-05,2.1887125e-05,4.2454143e-05,0.00015830358,22156.223,0.19307618,225.50734,0.00083602546,0.27875772,0.0002299415,6.476463e-05
1003,2021-04-02 00:00:00+03:00,-2.4073055,0.036975138,581.2785,0.5295435,75634.47,2422.8792,85757.3,1429.9344,7.7078032,4.7306236e-05,1.1580011,4.6101934e-05,0.30613092,,,,,,6.438579e-05,1.754453e-05,4.8819464e-05,0.00014744178,22152.156,0.17994438,227.69194,0.00021949991,0.40258586,6.582884e-05,-1.5698102e-05
1004,2021-04-03 00:00:00+03:00,-1.6279647,0.037345104,500.6978,0.60189676,72650.766,2692.7988,82787.34,1692.7991,6.3619757,7.371177e-05,1.019629,5.6610643e-05,0.3546716,,,,,,6.654432e-05,1.9076824e-05,4.7475885e-05,0.00017917805,22159.945,0.19571859,226.46147,0.00085432065,0.33921355,0.00026073787,-1.1117609e-06
1005,2021-04-04 00:00:00+03:00,-1.8328245,0.04087612,654.588,0.33845133,88301.57,1173.3677,97034.625,388.1124,3.7134762,7.201693e-05,1.160022,5.764475e-05,0.22349827,,,,,,6.13523e-05,1.4041331e-05,4.811908e-05,0.00016815205,16703.43,0.16704673,226.41786,0.0005782655,0.3048529,0.00018125557,8.535917e-06
1006,2021-04-05 00:00:00+03:00,-0.74599695,0.0390502,1057.0018,1.0,63762.227,3517.3657,72557.55,2517.3657,61.56738,,,,,,,,,,0.00018444212,,4.8097394e-05,0.00018139176,22057.97,0.17658055,226.73851,,,,-4.2199667e-06
1007,2021-04-06 00:00:00+03:00,-1.888479,0.037249006,483.61847,0.4855713,81053.01,1707.5605,91236.41,757.588,4.795063,3.2681146e-05,1.0622315,7.892691e-06,0.26575485,,,,,,6.517286e-05,1.40311295e-05,5.2117797e-05,0.00017922264,27601.441,0.20250927,227.35802,0.00087144924,0.47714517,0.00032156595,-3.925527e-06
1008,2021-04-07 00:00:00+03:00,-2.3211768,0.036647078,434.44846,0.5788861,81094.86,1733.1156,91617.35,760.70575,7.5125732,3.9267023e-05,1.2237617,2.519236e-05,0.28662887,,,,,,7.0621805e-05,1.8440283e-05,5.6203586e-05,0.00016353063,24198.152,0.21341297,227.19777,0.0002852023,0.6433299,0.00019082826,-9.2646616e-07
1009,2021-04-08 00:00:00+03:00,-1.6252041,0.03850189,449.08685,0.39644176,72286.86,2704.1333,82277.92,1711.9635,4.5381346,0.000106616324,0.98848414,8.589329e-05,0.30545098,,,,,,6.599745e-05,1.0511758e-05,5.6962726e-05,0.00019560262,24249.71,0.18889138,225.74692,0.00013790086,0.677373,9.400569e-05,-3.2696793e-05
1010,2021-04-09 00:00:00+03:00,-1.1929264,0.038275447,813.78284,0.99999976,56992.875,4509.132,65219.242,3509.1318,17.289732,,,,,,,,,,,,,,,0.16705313,227.30049,,,,
1011,2021-04-10 00:00:00+03:00,-1.5333791,0.03985612,474.01532,0.37342045,69148.34,3145.4556,77516.37,2241.4072,3.7958665,5.7475165e-05,1.0517566,4.1572166e-05,0.2582359,,,,,,6.4439795e-05,1.3415984e-05,4.9316244e-05,0.0001666997,19670.094,0.17824742,228.25519,0.00046840234,0.33380154,0.00013568136,-4.043193e-06
1012,2021-04-11 00:00:00+03:00,-1.364119,0.040036313,1053.6797,0.9408224,62111.453,4028.365,70393.82,3028.3647,7.506742,,,,,,,,,,8.128592e-05,,4.4771976e-05,0.00015841919,19281.771,0.17230742,226.87445,,,,-3.355532e-05
1013,2021-04-12 00:00:00+03:00,-1.7433112,0.03879086,1153.0059,0.75161994,63331.285,4026.6206,71314.03,3075.716,5.9848776,0.0002135546,0.8890618,0.00013023909,0.42874953,,,,,,0.00012004803,6.444089e-05,4.4694076e-05,0.00018928206,19275.416,0.16551803,227.00493,-2.3855948e-06,0.51371104,2.4963494e-05,6.482905e-05
1014,2021-04-13 00:00:00+03:00,-1.5997338,0.041512474,704.17554,0.89054286,59261.867,4343.744,67457.91,3343.7444,7.0774,,,,,,,,,,8.36941e-05,,4.605789e-05,0.00018016458,19291.766,0.16689125,225.86108,,,,
1015,2021-04-14 00:00:00+03:00,-1.0523716,0.042764094,655.77985,0.8299521,63894.906,3761.998,72713.85,2761.998,7.5889263,0.00020113275,0.81606454,0.00015145415,0.5154935,,,,,,8.12426e-05,5.2946474e-05,4.7170186e-05,0.00016254418,19289.527,0.16947517,224.8533,-0.00076182326,0.32078457,-0.00024438114,3.141381e-06
1016,2021-04-15 00:00:00+03:00,-1.5673194,0.037554435,761.0757,0.81510496,67141.13,3430.5078,76185.56,2435.9304,6.704372,1.5483542e-05,1.088689,-5.4756665e-06,0.49865457,,,,,,8.342543e-05,3.8935974e-05,4.82834e-05,0.00016078612,20521.012,0.16717595,225.14297,,,,-3.8046055e-06
1017,2021-04-16 00:00:00+03:00,-0.9028907,0.041416537,1082.2036,0.88273823,62298.812,4012.6633,70858.73,3012.6636,7.5042105,,,,,,,,,,7.67985e-05,,4.9512306e-05,0.00016141144,19280.783,0.164101,224.75519,,,,-1.3769477e-05
1018,2021-04-17 00:00:00+03:00,-1.3597584,0.04356271,1381.554,0.5323689,63005.4,4091.686,71501.664,3096.175,5.1676617,0.00014088233,0.9092661,9.308465e-05,0.3570034,,,,,,7.4905496e-05,3.455617e-05,4.9787253e-05,0.00017880951,19286.72,0.16321746,225.34883,0.001655622,0.3077387,0.00039993465,1.79132e-05
1019,2021-04-18 00:00:00+03:00,-1.9678031,0.037528455,1002.208,0.032511048,68405.85,3360.4153,77703.01,2360.4153,5.070762,0.00012522208,0.8799446,9.064065e-05,0.045989763,1847.0712,4546.0176,0.13968828,1848.458,2.297935,7.440299e-05,2.4302006e-05,5.0100978e-05,0.0001481849,19286.879,0.16356845,225.29906,0.0002726495,0.4382689,0.000117258656,4.724891e-05
1020,2021-04-19 00:00:00+03:00,-1.6712236,0.039238397,474.11127,0.14934628,68793.266,3251.993,75714.24,2484.0427,1.2981318,0.00010637297,0.9048114,7.329732e-05,0.14813039,1870.1287,3569.1443,0.035474557,1872.9758,2.1433523,7.9325975e-05,2.8707474e-05,5.0618502e-05,0.00019244014,19284.977,0.16437218,225.01242,0.0004983959,0.31961176,0.00013204667,1.4201031e-05
1021,2021-04-20 00:00:00+03:00,-1.6934139,0.037921883,842.8564,0.69850934,71193.44,2946.0425,80513.69,1966.479,8.10366,5.026036e-05,0.9188677,2.4571458e-05,0.42539614,,,,,,9.055788e-05,3.7764832e-05,4.9400758e-05,0.00017277367,21753.188,0.17017394,225.9519,-0.0001229683,0.24407667,-3.4448967e-05,2.057743e-06
1022,2021-04-21 00:00:00+03:00,-1.6373104,0.037353836,653.78326,0.04537322,81603.44,1806.6372,90952.91,916.09045,4.767642,6.490675e-05,1.0106432,3.8317285e-05,0.053302564,1871.1207,3499.814,0.015525519,1871.4624,2.0789874,7.283666e-05,1.9582136e-05,5.325452e-05,0.00017784501,22130.86,0.169382,227.18393,0.0002621643,0.35924667,8.26143e-05,-1.2189093e-05
1023,2021-04-22 00:00:00+03:00,-1.2794716,0.033928595,508.73627,0.9112445,78166.82,2058.0347,88583.85,1068.633,9.328182,4.7185054e-05,1.2123744,3.570359e-05,0.46604586,,,,,,6.6278866e-05,1.26178375e-05,5.153683e-05,0.00017121562,24223.844,0.17559001,229.54163,,,,1.4514558e-05
1024,2021-04-23 00:00:00+03:00,-2.2135658,0.033679176,547.7985,0.57100683,81974.484,1741.4851,92795.516,756.7171,8.211848,3.7833528e-05,1.0589925,4.573426e-06,0.29805288,,,,,,6.4125525e-05,5.429281e-06,5.7755988e-05,0.0001486953,24268.88,0.18487848,229.32767,0.00013993647,0.58082765,7.489469e-05,-3.889674e-06
1025,2021-04-24 00:00:00+03:00,-1.6329579,0.03582667,409.4217,0.45104447,89690.72,1055.2307,99466.375,200.18427,6.1351786,1.4191295e-05,1.4182701,-5.5645164e-06,0.40023097,,,,,,7.227741e-05,1.087191e-05,6.176014e-05,0.00020553562,24284.781,0.20248443,227.85242,1.4685094e-05,0.685095,9.6374515e-06,2.02826e-05
1026,2021-04-25 00:00:00+03:00,-2.155669,0.036779128,515.7295,0.3235607,77796.55,2207.9414,87460.41,1280.7148,4.3378963,-7.907629e-07,1.0833919,-2.0721134e-05,0.2510911,,,,,,7.3921125e-05,1.2228414e-05,6.2370345e-05,0.00019411242,24286.625,0.21395686,229.76991,0.00026057326,0.4138093,0.0001275914,2.410423e-06
1027,2021-04-26 00:00:00+03:00,-2.052796,0.03592073,549.1571,0.700514,80720.81,1880.5299,90998.94,929.70435,5.9658637,3.2285974e-05,1.3067287,1.2478344e-05,0.360762,,,,,,7.346868e-05,1.3505558e-05,6.13676e-05,0.00019320092,24279.46,0.1996262,230.03644,3.5022746e-05,0.5243276,4.8589063e-05,-4.596409e-06
1028,2021-04-27 00:00:00+03:00,-1.2817596,0.038818046,616.5973,0.99917984,89518.41,1045.2914,99522.35,176.79909,18.494034,,,,,,,,,,8.77836e-05,,5.4539014e-05,0.00018157304,22159.46,0.18384,229.86804,,,,
1029,2021-04-28 00:00:00+03:00,-1.8732842,0.03543123,611.8057,0.08449182,81574.78,1851.1772,90931.08,970.11755,5.9670053,2.9665209e-05,0.9613087,3.6390852e-06,0.07632106,,,,,,9.1783455e-05,2.9138913e-05,6.250924e-05,0.0002201477,22163.07,0.17307988,231.47275,0.00027280775,0.49029207,0.00011227971,-6.4030855e-06
1030,2021-04-29 00:00:00+03:00,-1.6444422,0.03825491,789.4541,0.7906041,46942.62,6022.919,53788.53,5022.919,6.313755,5.0217386e-05,0.8133983,1.5442807e-05,0.49030802,,,,,,9.736998e-05,,6.416499e-05,0.0002176518,19259.57,0.16631818,231.98523,,,,-1.3356148e-06
1031,2021-04-30 00:00:00+03:00,-1.0380489,0.03932222,751.8291,0.9743315,83400.03,1572.3783,94303.36,572.7197,17.149967,,,,,,,,,,8.637986e-05,1.5961903e-05,6.398074e-05,0.00021405966,22129.21,0.17676286,231.00809,,,,5.855951e-06
1032,2021-05-01 00:00:00+03:00,-2.1399848,0.037074998,505.87958,0.27688837,81642.305,1849.3917,90619.61,1004.3262,4.8599586,5.4286676e-05,1.1090069,3.5215366e-05,0.1671682,,,,,,8.083625e-05,1.5526693e-05,6.572153e-05,0.00020832306,19277.547,0.1692538,231.76207,0.00016397875,0.36761144,5.1873623e-05,-5.794837e-06
1033,2021-05-02 00:00:00+03:00,-1.2221187,,,1.0,40256.64,7160.0254,46184.652,6160.0254,21.388332,,,,,,,,,,7.108161e-05,,5.5171113e-05,0.00016443335,16700.205,0.16072696,231.436,,,,
1034,2021-05-03 00:00:00+03:00,-1.7587245,,,0.84720016,54070.61,4870.7026,61966.133,3870.7031,8.924653,8.145224e-05,0.8128091,3.9934668e-05,0.47441074,,,,,,7.717699e-05,,6.2817824e-05,0.00019146474,22131.531,0.17746797,231.74117,,,,
1035,2021-05-04 00:00:00+03:00,-2.4588704,0.031334113,654.2533,0.8367646,54386.91,4858.1743,62269.266,3858.174,6.251277,,,,,,,,,,9.792724e-05,,6.171053e-05,0.00016742451,19255.168,0.17430146,232.4252,,,,7.2993794e-06
1036,2021-05-05 00:00:00+03:00,-2.3286695,0.036140762,786.7247,0.6022967,73543.266,2560.27,82195.6,1664.6191,6.021014,8.095328e-05,1.0502894,5.68331e-05,0.3422342,,,,,,8.032852e-05,1.8162928e-05,6.4034524e-05,0.00020427024,22089.965,0.1688762,232.51865,-9.0690963e-07,0.4534644,2.0054954e-06,2.4108892e-06
1037,2021-05-06 00:00:00+03:00,-1.1182737,0.03483089,902.81555,0.99998474,84265.03,1423.2141,94996.09,440.18625,28.158558,,,,,,,,,,9.240658e-05,,6.125363e-05,0.0002057532,24187.621,0.20872769,231.98053,,,,
1038,2021-05-07 00:00:00+03:00,-2.0547857,0.037067875,619.08264,0.6043228,83159.63,1602.5627,92901.53,698.87134,5.7907233,7.21674e-05,1.1843747,5.5340315e-05,0.26547953,,,,,,8.966091e-05,2.383858e-05,6.8217734e-05,0.00022344547,22118.225,0.20150086,232.83188,0.00039241384,0.5312218,0.00021751696,3.8029997e-05
1039,2021-05-08 00:00:00+03:00,-1.8519901,0.03576626,524.41437,0.698672,82517.58,1735.3188,91815.91,864.2914,10.120562,-2.9166775e-05,1.1081973,-6.997823e-05,0.25944608,,,,,,7.9561185e-05,1.6178803e-05,6.876146e-05,0.0002124477,24130.5,0.20279092,231.4245,0.0006698139,0.52094704,0.00032861825,5.6237688e-05
1040,2021-05-09 00:00:00+03:00,-1.4341326,0.03247775,1173.0695,0.9975935,68617.04,3210.329,77960.35,2210.329,14.474129,,,,,,,,,,9.5474184e-05,,5.1131905e-05,0.00014167493,16706.06,0.15617634,230.26308,,,,-2.4921983e-05
1041,2021-05-10 00:00:00+03:00,-1.8472669,0.03413256,995.7196,0.14275175,83883.21,1730.896,90511.32,1056.9896,2.8253298,0.0001272026,1.0202729,9.9058816e-05,0.14397836,1828.2213,4632.009,0.12945691,1834.1707,2.6334088,7.365206e-05,1.5044782e-05,5.860728e-05,0.00018925038,16703.088,0.14418873,229.8247,0.0005849174,0.34420544,0.00014326378,1.1600938e-05
1042,2021-05-11 00:00:00+03:00,-1.912557,0.03364085,871.6621,0.096552595,78268.92,2245.5256,85584.375,1508.3788,2.6054885,4.8115253e-05,0.96968067,1.1523464e-05,0.09511819,1875.4291,3235.8335,0.012107518,1885.1278,2.5448904,7.348454e-05,1.5415299e-05,5.8069243e-05,0.00018115691,16702.883,0.14705248,231.0656,0.00022057325,0.3498599,5.9979327e-05,2.7492451e-06
1043,2021-05-12 00:00:00+03:00,-1.8894353,0.03423521,974.9385,0.057801634,84050.086,1631.4899,90871.37,958.8467,4.493309,0.00012570071,1.020209,9.7235665e-05,0.056294966,1868.7808,3281.9421,0.0090361815,1878.2325,2.5896797,7.389669e-05,1.6496246e-05,5.7400455e-05,0.0001791165,16699.502,0.15011926,231.30106,8.152183e-05,0.47061974,3.0114197e-05,-6.533416e-06
1044,2021-05-13 00:00:00+03:00,-1.6644608,0.032532044,1011.4057,0.657387,76412.01,2329.6528,86142.94,1342.8118,10.272873,3.3028642e-05,1.5047467,2.5551886e-05,0.42090297,,,,,,6.9046764e-05,1.0535527e-05,6.184153e-05,0.0001828688,22111.352,0.17534655,230.80713,-0.00043130378,0.3570705,-0.00015400586,5.089866e-06
1045,2021-05-14 00:00:00+03:00,-1.16857,0.03343615,1277.5067,0.9849064,76204.64,2278.2427,86317.97,1278.2427,27.364262,4.9988095e-05,0.9869642,2.3622199e-05,0.42953533,,,,,,7.806444e-05,,5.6393554e-05,0.00019859929,23153.773,0.18078837,232.87997,,,,1.6256165e-05
1046,2021-05-15 00:00:00+03:00,-1.8095536,0.0364054,1152.0842,0.66529155,80429.27,1917.2358,90377.64,946.5254,8.385879,1.4162742e-05,1.1010528,-1.33698995e-05,0.3502994,,,,,,7.5854296e-05,2.0272812e-05,5.9960585e-05,0.00019990545,22126.12,0.15129027,232.91048,3.627967e-05,0.4649734,-1.16969346e-07,-7.386962e-06
1047,2021-05-16 00:00:00+03:00,-1.759871,0.03430825,1049.9901,0.5073032,63871.746,3996.8345,71770.98,3049.5542,42.05457,7.120922e-05,1.0432922,4.4631055e-05,0.020373195,1878.3762,4116.211,0.059689008,1888.9407,2.5195491,9.3999915e-05,2.4654866e-05,5.6411758e-05,0.0001879494,22124.543,0.15772489,232.5622,6.222373e-05,0.5500451,3.3941822e-05,1.6976075e-05
1048,2021-05-17 00:00:00+03:00,-2.2360368,0.033748563,855.3832,0.061752662,87366.47,1231.1326,94715.33,535.9157,5.0816703,7.4685064e-05,1.0401025,4.5718465e-05,0.06155731,,,,,,7.76082e-05,1.3740035e-05,6.385971e-05,0.00019489333,22120.078,0.15922841,233.11456,5.2319516e-05,0.52581847,2.0074565e-05,-3.6645492e-06
1049,2021-05-18 00:00:00+03:00,-2.217813,0.031302042,1910.2716,0.46353748,59969.844,4356.109,67850.51,3387.2952,8.65702,7.751417e-05,0.99178076,5.2592364e-05,0.2715494,,,,,,7.448235e-05,1.4407016e-05,6.105657e-05,0.00018293926,19451.11,0.1555666,232.91231,-6.856416e-05,0.55112505,-4.427426e-05,-7.2742473e-06
1050,2021-05-19 00:00:00+03:00,-2.337851,0.032938324,1277.1036,0.011760501,86203.31,1372.8185,94524.81,584.95276,5.215476,2.5517367e-05,1.0243301,-1.4197412e-06,0.013222348,,,,,,7.759386e-05,1.6156771e-05,6.143708e-05,0.00020096333,22128.254,0.15373099,232.62198,2.7512753e-05,0.7128262,2.0207983e-05,-4.020473e-05
1051,2021-05-20 00:00:00+03:00,-2.0730758,0.03091015,815.5214,0.0,,,,,,8.691644e-05,0.945443,6.0354098e-05,0.0,1864.9017,3458.412,0.018810086,1874.3956,2.6184213,7.998105e-05,1.4640855e-05,6.5340195e-05,0.00016720917,22145.268,0.15518568,232.86919,-5.582198e-05,0.74465424,-4.142389e-05,-2.2581398e-05
1052,2021-05-21 00:00:00+03:00,-2.0998292,0.030136097,697.4746,0.30040812,74555.4,2520.136,83460.39,1608.3279,6.6671124,4.838819e-05,1.2089396,2.826589e-05,0.20016335,,,,,,7.305699e-05,1.25256865e-05,5.9735663e-05,0.0001819397,24234.445,0.14848273,231.95744,-1.9654395e-05,0.506622,-1.0205305e-05,2.5364748e-06
1053,2021-05-22 00:00:00+03:00,-2.0472357,0.03120425,947.1703,0.3230446,42722.855,6784.561,49146.867,5784.561,6.3128185,0.00012845606,0.82282543,7.69877e-05,0.24398352,,,,,,8.1533966e-05,2.1761567e-05,6.013815e-05,0.00019050215,22119.504,0.16076693,233.9342,-0.00020005813,0.40030134,-6.433658e-05,9.736501e-06
1054,2021-05-23 00:00:00+03:00,-2.0408235,0.030544639,1105.1711,0.70575166,83916.516,1560.0669,93696.18,645.07806,12.097258,3.628586e-05,1.106768,2.0427973e-05,0.2986149,,,,,,6.743001e-05,1.2172681e-05,6.051374e-05,0.00017395282,24239.996,0.15538462,233.4614,2.12711e-05,0.42154574,4.5354213e-06,-8.743331e-06
1055,2021-05-24 00:00:00+03:00,-2.172699,0.03617435,952.51843,0.0006896591,76628.23,2535.4536,83565.79,1736.7728,3.2824438,5.340034e-05,0.9651028,2.2184966e-05,0.0012750084,1873.2058,3199.4666,0.00853897,1882.621,2.610677,7.94885e-05,2.5743313e-05,5.3745185e-05,0.00018253837,19291.781,0.15125641,233.06667,-3.0586438e-05,0.35079467,-1.2392077e-05,-6.499275e-05
1056,2021-05-25 00:00:00+03:00,-0.38973096,0.031407192,1757.9833,1.0,77882.58,2194.8618,88002.125,1194.8616,68.26732,,,,,,,,,,0.00012273887,,4.8630238e-05,0.00013785479,19263.398,0.14744568,232.33894,,,,
1057,2021-05-26 00:00:00+03:00,-1.7254853,0.028519813,959.7515,0.9040046,79384.625,2035.3071,89269.08,1073.527,13.989475,2.5330719e-05,1.4144866,6.7527176e-06,0.5010931,,,,,,6.9142225e-05,-1.2476311e-06,7.434869e-05,0.0002052603,24252.385,0.174193,232.88312,,,,-3.163824e-05
1058,2021-05-27 00:00:00+03:00,-1.9190469,0.030417759,1221.3246,0.50769746,77312.97,2280.6777,85948.484,1411.6772,8.481966,5.870682e-05,1.3802173,4.1060674e-05,0.284868,,,,,,8.026435e-05,1.9227016e-05,6.259022e-05,0.00020024582,22143.996,0.16621462,232.4427,1.45288095e-05,0.5957796,2.9789933e-05,-1.2749529e-06
1059,2021-05-28 00:00:00+03:00,-2.4222293,0.027284283,1475.1069,0.6270284,73105.11,2891.671,81714.305,1980.4963,8.186166,4.5048815e-05,1.3199158,3.177609e-05,0.31334227,,,,,,7.849618e-05,1.6607706e-05,6.1964776e-05,0.00019706326,22161.957,0.17625086,234.03064,2.134346e-05,0.68974125,2.5643085e-05,-3.7002528e-06
1060,2021-05-29 00:00:00+03:00,-1.9396431,0.029990513,758.1532,0.65711343,85966.49,1456.5238,96506.375,492.31934,9.12583,8.619722e-06,1.0984759,-2.0213192e-05,0.33621573,,,,,,7.8205776e-05,2.121055e-05,5.4828015e-05,0.00018122784,20501.867,0.15606749,233.5877,0.00011000133,0.557155,6.048182e-05,6.40789e-06
1061,2021-05-30 00:00:00+03:00,-1.9025168,0.032680895,814.09485,0.03699794,80767.03,2081.0837,90489.31,1132.2523,4.2008934,4.3806194e-05,0.8710013,6.888272e-06,0.0406087,,,,,,8.428559e-05,1.9361356e-05,6.478095e-05,0.0002121143,19294.031,0.15890224,233.50952,0.0005443217,0.34245154,0.00013874267,-1.0884052e-05
1062,2021-05-31 00:00:00+03:00,-1.9292136,0.031812392,953.2382,0.15467197,77279.42,2462.29,83659.41,1771.5618,2.675645,3.3443604e-05,1.0720996,5.945367e-06,0.15525477,1836.9548,4158.951,0.109146334,1848.4486,2.60955,8.545817e-05,1.4062522e-05,7.139564e-05,0.0002213569,19287.4,0.15961829,232.5698,-0.00022902187,0.41801542,-0.000109978864,-2.9341936e-05
1063,2021-06-01 00:00:00+03:00,-1.3328891,0.030337568,1205.4214,0.43991497,70200.64,3159.7693,78992.016,2207.62,10.840598,0.00014955798,0.8051077,8.444721e-05,0.30820218,,,,,,8.818337e-05,2.4319956e-05,6.6145614e-05,0.00020150363,22169.203,0.16392334,231.93892,0.00015873039,0.36668202,5.5434255e-05,1.7042626e-05
1064,2021-06-02 00:00:00+03:00,-1.6890991,0.034074485,787.6526,0.5949745,77889.7,2353.5876,87907.88,1367.3038,9.0423355,3.5106605e-05,1.0790849,-3.9705533e-06,0.3937282,,,,,,7.504937e-05,2.04953e-05,5.9314196e-05,0.00018195182,17098.652,0.15585634,233.10321,-0.00017729861,0.3192907,-3.9985818e-05,1.8309129e-07
1065,2021-06-03 00:00:00+03:00,-1.9072535,0.03008334,1065.1625,0.5469971,75193.305,2665.475,84831.19,1680.4202,8.947433,5.1202187e-05,0.9394908,1.23188165e-05,0.3383432,,,,,,7.020644e-05,7.4843942e-06,6.492706e-05,0.0001801242,19302.055,0.15781523,233.72525,-0.00020090581,0.33308372,-6.649638e-05,-4.9701257e-06
1066,2021-06-04 00:00:00+03:00,-2.4926581,0.032391727,1231.2812,0.49485207,74815.47,2714.8154,84215.69,1742.1561,9.150237,0.00010991568,0.8729708,6.360629e-05,0.24200568,,,,,,7.720467e-05,1.6407319e-05,6.0179227e-05,0.00019442884,19296.883,0.15171072,233.52943,0.00029243506,0.3711841,0.00011145929,-2.6510463e-06
1067,2021-06-05 00:00:00+03:00,-2.3496509,0.030062452,1276.7877,0.11042361,82899.83,1851.0386,90364.04,1102.7014,8.256191,,,,,,,,,,8.067679e-05,2.1203825e-05,6.027269e-05,0.00016177357,19286.137,0.15426826,234.64052,-5.1613388e-05,0.47320977,-2.5949355e-05,-2.702758e-05
1068,2021-06-06 00:00:00+03:00,-1.7271624,0.030275127,1262.1951,0.13579826,79395.92,2236.728,86926.63,1464.4844,4.5497537,6.680451e-05,1.1197631,3.742206e-05,0.1377319,1862.4438,3026.3542,0.007793814,1878.462,3.2256563,8.305858e-05,2.064081e-05,6.241776e-05,0.00020589223,16708.799,0.15519768,231.21236,0.0002577856,0.42991725,0.000102638034,2.81523e-05
1069,2021-06-07 00:00:00+03:00,-2.4339347,0.03386196,1455.367,0.18784635,83342.92,1795.9354,91996.89,940.7406,5.406953,0.00014359325,1.1610943,0.00012405365,0.15077773,,,,,,7.974045e-05,1.9002517e-05,6.1634535e-05,0.00019178442,16708.37,0.15001112,232.481,0.00014304985,0.46018362,5.6120873e-05,8.299776e-08
1070,2021-06-08 00:00:00+03:00,-2.627365,0.03328062,1615.7362,0.078636944,68257.3,3614.7808,75070.2,2790.3372,6.818871,0.00013416953,1.1630969,0.000114245544,0.06806234,,,,,,7.741677e-05,1.3456101e-05,6.3961634e-05,0.00018923514,17833.059,0.15317386,234.78818,9.29315e-05,0.5230156,3.489797e-05,5.242109e-06
1071,2021-06-09 00:00:00+03:00,-2.4533167,0.03134568,1507.435,0.03692138,79204.5,2204.5671,87695.23,1349.009,5.1538634,0.00011600077,1.0543735,8.350257e-05,0.04655581,1859.8644,3201.7163,0.0048641693,1873.1919,3.051608,8.628781e-05,2.1847902e-05,6.520309e-05,0.00021274443,19277.676,0.15087216,234.83115,6.3551386e-05,0.49582383,2.8533352e-05,-2.6437323e-05
1072,2021-06-10 00:00:00+03:00,,,,0.0,,,,,,0.00016258801,0.9067078,0.00012050981,0.0,,,,,,,,,,,0.15405075,232.80139,-2.5830856e-05,0.46207088,-1.2833999e-05,-1.6884947e-05
1073,2021-06-11 00:00:00+03:00,-2.315201,0.02861531,2041.994,0.17260489,79813.81,2121.9048,87432.61,1346.1272,4.30471,0.00010760002,1.135597,8.30754e-05,0.1700263,,,,,,9.04561e-05,2.423926e-05,6.593492e-05,0.00022937919,16702.72,0.15768255,232.83928,0.00047005416,0.4998417,0.00020497877,4.30543e-05
1074,2021-06-12 00:00:00+03:00,-0.9991105,,,1.0,50180.48,5652.038,57198.617,4652.038,45.804146,,,,,,,,,,0.0001304952,,6.0760038e-05,0.00018267895,19255.227,0.15217716,234.08293,,,,2.5666417e-05
1075,2021-06-13 00:00:00+03:00,-2.1546106,0.028893355,1005.6823,0.026462678,78207.7,2217.1643,87513.82,1288.254,2.171588,8.2883824e-05,1.0139433,4.446061e-05,0.026499303,1849.3416,3358.9104,0.00623085,1866.0746,3.4141085,8.3872954e-05,1.1980366e-05,7.189259e-05,0.00020875107,19266.152,0.16916545,235.46051,0.00011636608,0.5045919,6.213655e-05,2.7223745e-05
1076,2021-06-14 00:00:00+03:00,-2.1053033,0.028973576,1112.9363,0.0018844204,74907.96,2635.448,84313.695,1635.448,2.3458443,6.758327e-05,1.0452436,3.1466865e-05,0.0038379289,1844.9634,3125.7822,0.0048652645,1863.3201,3.7333245,8.3952866e-05,2.047869e-05,6.347418e-05,0.00020014336,14428.396,0.14356306,235.21906,0.00011123374,0.34888363,3.2973672e-05,-1.5941412e-05
1077,2021-06-15 00:00:00+03:00,-2.2078524,0.027282527,913.4367,0.30769658,50583.023,5819.0376,57634.766,4819.0376,13.20653,1.3787492e-05,0.8596654,-2.3320361e-05,0.23178226,1864.3976,3284.9612,0.018973865,1879.6788,3.2559192,8.32263e-05,2.5734538e-05,6.3031985e-05,0.00020078571,16703.703,0.15125704,234.72903,0.00044901358,0.28732455,0.000110652385,-2.267717e-05
1078,2021-06-16 00:00:00+03:00,-2.0272055,0.031229526,1038.1699,0.18966395,88467.06,1273.3173,94563.97,690.8782,6.1711416,8.438094e-05,1.3009571,6.850277e-05,0.17638955,,,,,,8.201998e-05,1.9094668e-05,6.28564e-05,0.00021238305,13057.718,0.14438476,234.25552,0.0003809053,0.37247413,0.00010246657,-6.0297134e-06
1079,2021-06-17 00:00:00+03:00,-1.6804391,0.029653877,1123.4248,0.08593395,87078.4,1418.3098,94920.49,676.2793,2.7855945,7.559983e-05,1.0508983,3.916266e-05,0.09045183,1852.0886,3716.6714,0.031956777,1871.0339,3.55138,8.172213e-05,1.9496712e-05,6.2225416e-05,0.00019281535,13058.317,0.14317958,232.4889,6.8798145e-05,0.3179686,1.5451498e-05,-3.1904427e-05
1080,2021-06-18 00:00:00+03:00,-2.3604174,0.032635674,1079.3057,0.05330647,81285.195,2008.9974,89121.67,1230.1443,2.6383362,0.00013943117,0.99726236,9.687544e-05,0.06022949,1863.7964,3292.2207,0.006198709,1882.9742,3.7732656,8.284018e-05,2.294701e-05,5.9893166e-05,0.00019004731,13057.591,0.1385122,235.16312,0.000117137344,0.35312596,2.9319242e-05,-4.0564014e-06
1081,2021-06-19 00:00:00+03:00,-2.3238492,0.031316273,1223.9512,0.0067303614,72832.39,2884.1814,82271.42,1884.1813,3.46198,0.00014550064,0.9299476,9.444655e-05,0.0125055695,1850.2529,3340.0415,0.0073394966,1868.4436,3.6873512,8.356479e-05,2.4466746e-05,5.909804e-05,0.00018703,14427.264,0.13851374,234.93327,5.1229057e-05,0.4383009,2.2171975e-05,5.934641e-06
1082,2021-06-20 00:00:00+03:00,-2.1862745,0.028992748,1704.3208,0.051703326,80408.734,2142.1816,87515.03,1374.5654,5.494341,0.000134306,1.0885881,9.259547e-05,0.06344718,,,,,,8.163409e-05,2.2938144e-05,5.8940583e-05,0.00019589969,16702.902,0.13963318,235.4494,0.0002551034,0.571254,0.00011472695,1.2009117e-05
1083,2021-06-21 00:00:00+03:00,-2.1628568,0.030089665,1913.9166,0.0025652645,88284.84,1231.6559,94923.766,590.88794,4.6697493,0.00015108765,0.9396897,0.000104063416,0.008472505,1864.9321,3773.7153,0.027094042,1881.748,3.1441736,8.8347144e-05,2.7372478e-05,6.0974664e-05,0.0001697273,14423.549,0.1355188,236.68869,-0.00018231032,0.60692006,-0.0001105548,-6.308695e-05
1084,2021-06-22 00:00:00+03:00,-1.539287,0.03113889,2212.8562,0.33967036,78409.22,2291.4424,87143.94,1376.8859,5.4964933,0.0001679751,1.0919017,0.00013684074,0.23588368,,,,,,8.3599385e-05,2.3496832e-05,5.9806123e-05,0.00020109769,16697.508,0.13527556,235.13646,-0.00014168592,0.6023588,-7.4642936e-05,-6.648899e-06
1085,2021-06-23 00:00:00+03:00,-2.4587212,0.033274036,2244.8906,0.07957481,81050.055,2053.9058,89460.766,1189.0176,3.5806544,0.00012153608,1.1897414,9.80201e-05,0.08445149,1855.8625,3891.916,0.023388803,1878.5079,4.14762,8.079284e-05,1.6029442e-05,6.47634e-05,0.00019628809,16705.414,0.13362473,234.94109,-1.8108669e-05,0.7005003,-1.5874946e-05,-7.1210407e-06
1086,2021-06-24 00:00:00+03:00,-1.8829308,0.03102902,2684.1624,0.37390256,66884.32,3809.022,74907.34,2867.828,6.2676473,0.0001491217,1.1386273,0.00010534407,0.30193827,,,,,,8.937939e-05,2.80377e-05,6.2581596e-05,0.00020343752,15727.332,0.13075987,236.75314,0.00028009556,0.5220534,0.00012336075,-9.2351456e-07
1087,2021-06-25 00:00:00+03:00,-1.5985827,0.030770293,2056.9426,0.9355247,77224.336,2436.9453,86600.266,1467.1029,18.211561,9.407052e-05,1.5624682,0.000102415426,0.41078714,,,,,,8.171721e-05,9.996032e-06,6.214014e-05,0.00019173542,15714.177,0.13311186,236.25313,,,,-2.6045005e-05
1088,2021-06-26 00:00:00+03:00,-2.368438,0.026846899,1614.1754,0.37174186,86542.67,1439.0405,94785.27,642.5633,6.6590514,9.827206e-05,1.2213221,5.9670085e-05,0.17426434,,,,,,7.8502366e-05,1.3233178e-05,6.549205e-05,0.00016660137,19273.684,0.14162455,235.47708,8.744627e-07,0.8534883,4.322449e-06,1.23326345e-05
1089,2021-06-27 00:00:00+03:00,-2.2508836,0.026276346,2031.9407,0.38132992,77897.65,2331.558,85401.266,1534.2874,5.4216003,7.3131334e-05,1.310455,4.2659594e-05,0.22771627,,,,,,8.039229e-05,1.5215759e-05,6.594221e-05,0.00021390466,19271.555,0.1467861,235.41583,6.768735e-05,0.9023211,3.910492e-05,-1.21266075e-05
1090,2021-06-28 00:00:00+03:00,-1.7718548,0.02721776,3069.6523,0.419844,65421.562,3929.9346,71869.69,3127.643,8.295054,5.6839956e-05,1.178726,1.2704741e-05,0.21146823,,,,,,7.999469e-05,1.18083135e-05,6.7886845e-05,0.00020237494,19271.994,0.14877631,234.44136,-8.620075e-05,0.8264057,-7.408944e-05,7.1225486e-06
1091,2021-06-29 00:00:00+03:00,-2.158351,0.027135808,1545.199,0.021746602,83915.53,1645.553,92879.82,770.84143,2.214815,5.23563e-05,1.004609,2.1383282e-06,0.027329292,1832.2533,3887.467,0.014786383,1847.6586,2.9625738,7.979898e-05,1.1996536e-05,6.780245e-05,0.00019440791,19079.41,0.14789373,236.0249,9.3244875e-05,0.46142226,4.7248024e-05,1.2506209e-05
1092,2021-06-30 00:00:00+03:00,-2.1890936,0.025608137,1743.5305,0.0041641607,82395.586,1794.8658,90343.26,1004.78687,3.5599358,9.8662465e-05,1.0386475,5.0326424e-05,0.007793668,,,,,,8.784454e-05,2.2409393e-05,6.5435146e-05,0.00021105754,16695.945,0.14326504,235.79242,-9.266783e-06,0.7042011,-5.7715188e-06,-6.956282e-06
1093,2021-07-01 00:00:00+03:00,-2.3197908,0.028916083,3181.6353,0.7179272,66280.625,3698.5557,74151.61,2765.422,30.069454,0.0001049743,1.3103199,7.578369e-05,0.24221535,,,,,,7.861854e-05,2.6230893e-05,6.222508e-05,0.00019516393,16695.738,0.14213233,236.57108,-2.5982727e-05,0.7293584,-5.344553e-06,4.295336e-07
1094,2021-07-02 00:00:00+03:00,-0.58945054,0.028449167,2393.9077,0.88403064,50768.703,5819.161,57730.137,4819.161,15.876387,0.00034040483,0.7484242,0.00020235094,0.3843547,,,,,,8.183118e-05,1.9068186e-05,6.548183e-05,0.0002040703,16696.809,0.14389728,235.65485,,,,-3.5348163e-05
1095,2021-07-03 00:00:00+03:00,-0.0443209,0.025972206,1574.9309,0.3779096,74553.11,2650.651,83597.12,1693.3339,6.8104777,0.00042630523,1.0471182,0.0003781172,0.30816925,,,,,,7.786245e-05,7.5233697e-06,7.0259906e-05,0.00019953126,16832.518,0.14980707,233.67657,-3.1086223e-05,0.62345916,-2.0396863e-05,-2.45989e-05
1096,2021-07-04 00:00:00+03:00,-0.7595599,0.029541373,1837.8898,0.46672565,74973.16,2627.9136,83906.6,1681.2262,7.189905,8.4273895e-05,1.1264559,5.7839658e-05,0.24477297,,,,,,7.790956e-05,9.582962e-06,6.9672926e-05,0.00019645022,16699.879,0.14499782,236.14471,3.4037526e-05,0.7397561,1.8495166e-05,-1.0146805e-05
1097,2021-07-05 00:00:00+03:00,-1.0110471,0.024965622,3482.602,0.9108374,56950.67,5104.673,64774.715,4106.454,16.859512,-0.00017448072,0.7812465,-0.00017829705,0.39238656,,,,,,7.494145e-05,1.4096902e-05,6.774132e-05,0.00018905834,19261.938,0.1501044,235.42819,-2.6606675e-05,0.60226446,-2.243833e-05,1.3789254e-05
1098,2021-07-06 00:00:00+03:00,-0.727973,0.029819604,1902.7605,0.15871242,79206.75,2067.764,88178.91,1184.9636,4.2925425,-0.00019651884,1.1036115,-0.00026270424,0.14977916,1832.7375,3955.78,0.03408908,1850.6885,2.30724,8.439534e-05,2.094075e-05,6.299454e-05,0.00021094036,15562.578,0.14519665,236.392,0.0001715446,0.55667484,9.064473e-05,7.872872e-06
1099,2021-07-07 00:00:00+03:00,-1.1447896,0.029822838,1945.709,0.13611738,78072.4,2222.8242,87272.445,1308.079,3.67552,-0.00019441349,1.04043,-0.00024657094,0.13459721,,,,,,8.597064e-05,2.3943063e-05,6.224984e-05,0.00016426884,14426.493,0.13616708,237.09532,-9.316516e-05,0.52004397,-4.1255735e-05,-2.6866737e-05
1100,2021-07-08 00:00:00+03:00,-0.32727927,0.029364672,2313.4038,0.8888706,87538.305,1221.2183,97639.55,313.1366,13.160027,-0.000111940484,1.6044316,-0.00022940028,0.49838185,,,,,,7.92348e-05,,5.5817294e-05,0.00019659477,14429.03,0.13910799,233.58447,,,,-3.1221073e-06
1101,2021-07-09 00:00:00+03:00,-0.67220384,0.031781364,2335.4421,0.9799348,47287.598,6379.739,54059.04,5379.7383,34.43929,,,,,,,,,,6.194234e-05,,6.155859e-05,0.00016607266,14426.242,0.12926072,236.78549,,,,-8.78034e-05
1102,2021-07-10 00:00:00+03:00,-0.7755598,0.029803935,2262.2356,0.6744375,71083.44,2957.6335,80141.45,1994.261,7.583655,5.259312e-06,1.1609446,-3.7445996e-05,0.35612902,,,,,,8.5953136e-05,2.3384007e-05,5.7091536e-05,0.00018305265,16702.812,0.13386329,236.49207,-0.00019390704,0.6159938,-8.12427e-05,-8.656467e-06
1103,2021-07-11 00:00:00+03:00,-0.7485882,0.031719215,1500.0708,0.08139472,85159.91,1518.1772,91315.25,914.1029,3.9610634,,,,,,,,,,8.418987e-05,2.3948814e-05,6.0500708e-05,0.00020385165,16709.01,0.13451292,236.74417,-8.929853e-05,0.8798295,,-4.193884e-05
1104,2021-07-12 00:00:00+03:00,-1.379719,0.029670782,3053.983,0.32902363,67278.97,3388.5195,75993.87,2418.7615,4.1597147,,,,,,,,,,8.37232e-05,1.946251e-05,6.521155e-05,0.00016367367,16705.336,0.13629746,235.71129,-3.458493e-05,0.7074841,-2.3619446e-05,-8.993575e-06
1105,2021-07-13 00:00:00+03:00,-0.37399247,0.030697316,2507.5894,0.33182216,64052.61,3920.401,72529.82,2938.0718,5.636359,0.00028515857,0.90290797,0.00020639025,0.2535313,,,,,,8.980041e-05,1.9956988e-05,6.786984e-05,0.00021912357,16701.867,0.13923484,236.27379,-8.1880265e-05,0.65129066,-4.3750806e-05,-4.4463486e-05
1106,2021-07-14 00:00:00+03:00,-0.6191755,0.03300093,2203.5864,0.22277316,81249.164,1867.059,89927.14,1027.3768,4.5240774,0.0003084498,1.0753013,0.00025985716,0.11480703,,,,,,9.2874776e-05,2.9479266e-05,6.385756e-05,0.00021315043,16699.777,0.13701026,236.73013,-2.0342828e-05,0.6233593,-1.3379486e-05,-1.1868558e-05
1107,2021-07-15 00:00:00+03:00,-0.13124648,0.02932762,2478.6887,0.6891018,53483.58,5132.2363,61021.625,4132.2363,14.064117,,,,,,,,,,9.075664e-05,2.8709444e-05,6.7281726e-05,0.00020121227,14424.134,0.1299774,236.5694,-0.00011836628,0.51124734,-5.7660214e-05,4.939484e-06
1108,2021-07-16 00:00:00+03:00,0.19886926,0.03141319,2424.961,0.012742287,73698.39,2677.2212,82785.94,1730.7825,4.9830675,,,,,,,,,,9.233656e-05,2.5404504e-05,6.693206e-05,0.00021922776,14425.5625,0.13388741,237.24756,0.0001623668,0.53159297,8.4495325e-05,3.3482134e-05
1109,2021-07-17 00:00:00+03:00,-0.7731934,0.031315256,3536.769,0.4666216,53826.89,5190.665,61380.6,4190.8687,8.70199,,,,,,,,,,8.813772e-05,2.1226322e-05,6.334684e-05,0.00021755401,14425.611,0.13696799,236.9011,-8.628926e-05,0.82508695,-6.7315676e-05,-2.2777904e-05
1110,2021-07-18 00:00:00+03:00,-0.014967471,0.03674189,1375.3533,0.27114522,90105.59,991.7611,98198.19,275.4405,7.7064085,4.7217913e-05,1.4097254,7.16452e-06,0.285034,,,,,,7.648028e-05,9.893589e-06,6.680338e-05,0.00021205726,16698.379,0.13833374,236.18967,-4.6254252e-05,0.61746454,-3.83318e-05,-1.9864536e-05
1111,2021-07-19 00:00:00+03:00,-0.5818138,0.04272019,1563.5269,0.24111664,76317.86,2370.9678,84973.78,1492.7891,5.4246845,2.6263091e-05,1.0995886,-2.5974878e-05,0.1378489,,,,,,8.203808e-05,1.613147e-05,6.707608e-05,0.00020301397,20870.0,0.1530659,235.58429,8.284346e-05,0.5090356,3.5340443e-05,1.8839193e-05
1112,2021-07-20 00:00:00+03:00,-0.68587923,0.041852675,1302.6802,0.17297418,84978.44,1489.3054,94272.2,627.0585,4.4688883,6.344082e-05,1.2247207,1.8470257e-05,0.1573246,,,,,,7.453884e-05,7.591355e-06,6.6624e-05,0.00019078639,16701.697,0.1469589,236.2359,-6.9979586e-05,0.48233873,-2.8728402e-05,-1.1936021e-05
1113,2021-07-21 00:00:00+03:00,-0.7245467,0.03927069,1042.1421,0.17199339,80275.8,1987.561,88290.79,1184.523,5.3767257,3.5208934e-05,1.0722115,-2.055454e-05,0.12983686,,,,,,7.8094425e-05,1.3246434e-05,6.622505e-05,0.00019574317,16705.488,0.14566663,236.3986,7.037466e-05,0.4300647,2.7296093e-05,-4.255344e-06
1114,2021-07-22 00:00:00+03:00,-0.51373404,0.03958361,1514.5759,0.12723558,78834.7,2131.5432,87902.02,1233.8461,4.1786003,5.5714725e-05,1.1563556,3.9780225e-06,0.14771043,,,,,,7.854589e-05,1.3190537e-05,6.5032684e-05,0.00020576877,16707.576,0.14705797,236.75497,0.0002913443,0.41155103,7.652917e-05,-2.7680297e-05
1115,2021-07-23 00:00:00+03:00,-1.1098981,0.04640087,1538.6292,0.4789163,85481.02,1420.8219,95508.88,503.23386,6.122144,8.384218e-05,1.146269,3.8873262e-05,0.16763097,,,,,,7.556761e-05,9.742103e-06,6.7065266e-05,0.00016222143,16702.871,0.1417408,237.16731,-7.794942e-05,0.549556,-5.4988486e-05,-1.9438097e-05
1116,2021-07-24 00:00:00+03:00,0.14344472,0.039942477,1130.1943,0.05727618,78926.945,2058.4175,86511.94,1312.7059,2.6677992,2.6570327e-05,0.9262308,-3.1542975e-05,0.055801895,1851.4194,4534.793,0.023657257,1864.5519,2.1077147,8.240396e-05,1.1439627e-05,7.0964335e-05,0.00021269266,19276.072,0.1471015,235.62454,0.00019866982,0.3282506,6.893491e-05,1.9836327e-05
1117,2021-07-25 00:00:00+03:00,-0.26673347,0.043712966,1341.2975,0.16069114,80708.17,1903.8647,89663.2,1034.1405,5.4135675,9.1383175e-05,0.9870326,3.3959062e-05,0.11042632,,,,,,8.713852e-05,1.8125504e-05,6.969129e-05,0.00021338154,16705.562,0.14743116,236.65482,0.00018046751,0.37613502,6.5004526e-05,1.1271398e-05
1118,2021-07-26 00:00:00+03:00,-0.6550738,0.04487209,1639.2983,0.3307711,72025.99,2855.1626,81165.26,1892.2847,5.5232725,0.00018033016,1.0490885,0.00012877476,0.26394054,,,,,,9.488755e-05,2.9716153e-05,6.462256e-05,0.00021498032,16703.727,0.14849463,237.16916,4.31147e-05,0.5520126,2.5231348e-05,1.35426635e-05
1119,2021-07-27 00:00:00+03:00,-0.91626954,0.038334787,2585.1167,0.84462976,79072.78,2088.784,89148.266,1109.7838,11.161305,0.00016981944,1.100049,0.0001235212,0.27318782,,,,,,0.00010313208,3.6978676e-05,5.6734956e-05,0.0002095573,16697.668,0.14555821,236.61392,-0.00018928628,0.53095305,-0.000103078,-1.7369606e-05
1120,2021-07-28 00:00:00+03:00,,0.037149884,2064.9565,0.033430222,76630.08,2306.2417,86526.37,1320.7882,5.6681256,0.00012273512,0.9786721,7.132872e-05,0.043150555,,,,,,8.497123e-05,2.2341314e-05,6.2369276e-05,0.00016730367,16697.676,0.14609557,235.36194,-0.00012493283,0.39337814,-4.994228e-05,-4.980412e-05
1121,2021-07-29 00:00:00+03:00,-0.66959846,0.03500267,1647.7141,0.3399261,83352.89,1644.0027,92681.15,765.34607,7.8028107,8.17207e-05,1.230401,4.993748e-05,0.21453173,,,,,,8.2785344e-05,2.4083565e-05,5.9192418e-05,0.0002044613,16693.93,0.1432764,234.68451,0.00012380177,0.4701437,5.7815643e-05,-9.519781e-06
1122,2021-07-30 00:00:00+03:00,-0.81616414,0.033931166,1378.0465,0.66869056,77656.14,2209.4695,87432.19,1242.7555,13.908178,4.0335333e-05,1.3800902,5.4096267e-06,0.2908787,,,,,,7.0337686e-05,1.0801801e-05,6.36186e-05,0.00018421926,22114.016,0.15724038,235.47221,-0.00011368441,0.8633371,-9.912633e-05,-2.8377204e-05
1123,2021-07-31 00:00:00+03:00,-0.8368182,0.03551389,1949.4128,0.50911057,62970.844,3903.103,71261.7,2931.1997,9.229012,8.168786e-05,1.0519652,3.157845e-05,0.2565354,,,,,,7.707781e-05,1.6695236e-05,6.04231e-05,0.00018284802,19247.166,0.14242285,236.65265,-5.66569e-05,0.4370207,-2.3945955e-05,-9.891051e-06
1124,2021-08-01 00:00:00+03:00,-0.8097708,0.03372641,1497.5916,0.6174525,79890.05,1996.9895,89579.08,1057.5962,7.469105,6.615743e-05,1.4360943,3.6199257e-05,0.29597306,,,,,,7.4249714e-05,1.3759394e-05,6.0604085e-05,0.00019129887,17970.875,0.14703736,236.55597,-0.0001541004,0.6061356,-8.128355e-05,-1.5935913e-05
1125,2021-08-02 00:00:00+03:00,-0.9533238,0.033038344,1454.9747,0.7604053,60233.867,4470.7134,68343.57,3481.6428,10.397936,2.0188265e-05,1.0927782,-2.6731172e-05,0.19488774,,,,,,7.487455e-05,1.9851695e-05,6.0257535e-05,0.00019754565,19244.447,0.1515398,236.16599,-8.7852444e-05,0.62349445,-5.8739657e-05,2.3390616e-05
1126,2021-08-03 00:00:00+03:00,-0.33423218,0.03899557,1119.8079,0.19310072,84951.86,1481.9817,92489.41,775.8662,3.880344,3.5813933e-05,1.1711081,-1.0358621e-05,0.15937045,,,,,,7.7938465e-05,1.3897088e-05,6.454934e-05,0.00021400489,19263.66,0.15785055,235.04373,0.0003904509,0.49170285,0.0001473581,8.532327e-06
1127,2021-08-04 00:00:00+03:00,-0.60887444,0.036675297,1530.7958,0.41795972,63902.445,3913.1587,72286.94,2936.8784,5.0552444,4.447045e-05,1.0475016,-1.0956301e-05,0.26958135,,,,,,8.5077176e-05,2.0805055e-05,6.43893e-05,0.00020294526,22156.105,0.15960446,235.98459,9.472289e-06,0.415739,1.38160085e-05,-1.175503e-05
1128,2021-08-05 00:00:00+03:00,-0.55854774,0.039484322,1202.4309,0.48869434,71722.36,2851.8013,81219.47,1856.0188,5.785304,7.759095e-05,1.018991,2.092266e-05,0.29975265,,,,,,7.8530305e-05,2.0677926e-05,6.200314e-05,0.00019462954,19267.27,0.15287203,236.21115,-1.09953035e-05,0.40389055,-7.1793056e-06,-7.672986e-06
1129,2021-08-06 00:00:00+03:00,-0.9767403,,,0.9965085,36594.664,7870.702,42155.54,6870.702,15.382806,,,,,,,,,,6.127639e-05,,5.951793e-05,0.00016486336,16690.938,0.14690864,235.77167,,,,
1130,2021-08-07 00:00:00+03:00,-0.8038204,0.034801364,2215.6304,0.9999991,80520.22,1926.719,90894.66,935.02686,34.5773,,,,,,,,,,6.2041625e-05,,6.0223538e-05,0.00017946523,19241.945,0.14666846,235.41133,,,,
1131,2021-08-08 00:00:00+03:00,-1.1316793,,,1.0,65067.766,3597.2715,73898.836,2597.2715,59.88422,,,,,,,,,,0.00011778333,,5.1971478e-05,0.00013868301,16979.756,0.13827059,236.18571,,,,-6.594127e-06
1132,2021-08-09 00:00:00+03:00,-0.32525244,0.03770914,1509.0619,0.17770651,68948.016,3340.344,76952.11,2447.114,4.53819,5.21971e-05,1.1070402,9.9849785e-06,0.141855,1841.036,4667.958,0.032739725,1859.3608,2.3143964,8.1866616e-05,1.9498508e-05,6.328679e-05,0.00021040588,19635.172,0.15412308,234.46692,0.00018725835,0.47201774,7.783465e-05,1.1723963e-05
1133,2021-08-10 00:00:00+03:00,-0.53842646,0.04238047,1791.2173,0.58443224,53846.395,5461.9707,61238.617,4464.1997,6.1317406,2.1145956e-05,0.85816383,-3.2255022e-05,0.35320103,,,,,,7.939902e-05,1.3230718e-05,6.333424e-05,0.00019478326,22166.316,0.1503084,235.09955,0.00034046907,0.38587052,0.00012922066,2.0554118e-05
1134,2021-08-11 00:00:00+03:00,-0.70295167,0.039658904,2161.756,0.43215334,71498.125,3237.1313,79081.14,2374.8567,6.050711,8.300238e-05,1.2830606,5.137879e-05,0.3123951,,,,,,7.8483296e-05,1.9984354e-05,6.105774e-05,0.0001967607,22152.352,0.15324044,235.85474,-5.9362246e-06,0.758178,-8.109764e-06,-4.3395335e-06
1135,2021-08-12 00:00:00+03:00,-0.6246542,0.041442588,1374.2241,0.36946324,87886.94,1312.2439,96317.36,514.8684,4.923097,5.744988e-05,1.4231408,2.6910619e-05,0.24365157,,,,,,7.811928e-05,1.8313935e-05,5.9633385e-05,0.00020774783,19281.7,0.147495,235.12987,-2.1892354e-05,0.77754736,-1.0405909e-05,2.6608473e-06
1136,2021-08-13 00:00:00+03:00,-1.4738543,0.042484526,2614.0208,0.1983298,61611.625,4465.2896,68988.61,3528.3984,5.962,7.992352e-05,1.0395019,4.161955e-05,0.16083395,,,,,,7.329257e-05,1.3251859e-05,6.021841e-05,0.00015522637,16710.557,0.13566867,234.03276,-4.4181743e-06,0.36797887,-1.0141175e-05,-3.385605e-05
1137,2021-08-14 00:00:00+03:00,-0.33893186,0.038616527,819.81067,0.48336375,65043.27,3854.051,73367.75,2869.6514,7.2679653,6.308771e-05,1.0349888,1.2262525e-05,0.3387484,,,,,,7.4619675e-05,1.9624336e-05,5.791924e-05,0.00019148354,16704.266,0.1353193,234.10262,-0.00015856186,0.48184916,-7.570427e-05,-6.6459997e-06
1138,2021-08-15 00:00:00+03:00,-0.54800767,0.037788473,1234.4028,0.7501835,77071.64,2349.3333,86858.445,1357.986,7.7835197,5.075281e-05,1.360123,1.51639415e-05,0.34305882,,,,,,7.2767485e-05,1.1592318e-05,5.7677087e-05,0.00018284554,19260.887,0.14169344,235.20474,6.2510706e-05,0.57455456,4.2609445e-05,-1.9027669e-06
1139,2021-08-16 00:00:00+03:00,-0.7282112,0.032364193,2639.6934,0.6430857,54886.016,5160.811,62325.23,4160.8115,7.0417337,0.00019364568,0.6875675,8.865417e-05,0.4065361,,,,,,7.773698e-05,2.6789001e-05,6.099481e-05,0.00018467088,16691.875,0.14054453,235.89487,0.0008023191,0.23323527,0.00018736703,-7.341714e-08
1140,2021-08-17 00:00:00+03:00,-0.69719696,0.03762833,1360.8964,0.9900887,75473.445,2415.687,85144.55,1415.6869,30.862867,,,,,,,,,,9.071537e-05,,5.861013e-05,0.0001969494,18149.045,0.14006333,235.34238,,,,
1141,2021-08-18 00:00:00+03:00,-0.9697108,0.03160587,1761.8704,1.0,56782.08,4852.314,64476.93,3852.314,42.385345,,,,,,,,,,4.2091808e-05,,5.8865233e-05,0.00017943053,22109.69,0.15043682,235.14313,,,,2.8541672e-06
1142,2021-08-19 00:00:00+03:00,-0.34477898,0.03818036,1264.12,0.53341573,85072.734,1457.4131,94504.81,556.2679,8.324723,-1.5036241e-05,1.438295,-6.391382e-05,0.35651803,,,,,,7.39079e-05,1.526786e-05,5.8887228e-05,0.00020697457,19247.527,0.14710589,233.88567,0.00073518045,0.45922494,0.0002485891,1.3025588e-05
1143,2021-08-20 00:00:00+03:00,-0.027153403,0.039867964,1300.9629,0.6787217,80237.07,2018.0288,89943.22,1057.8589,7.79795,6.3331754e-05,1.3062799,4.0716994e-05,0.3764416,,,,,,7.0513626e-05,1.0892501e-05,5.827226e-05,0.00018526788,16700.36,0.14133999,234.06284,-9.470764e-05,0.40087125,-4.053044e-05,-6.6604653e-06
1144,2021-08-21 00:00:00+03:00,-0.49357465,0.03829425,961.00616,0.327524,86130.17,1445.5532,95382.63,581.4713,6.1227837,1.0463878e-06,1.284091,-5.115009e-05,0.22602102,,,,,,6.8858615e-05,1.0053726e-05,5.8598147e-05,0.0001854396,19277.293,0.14469367,234.96509,8.581592e-07,0.49401414,-1.0156533e-05,-1.4227162e-06
1145,2021-08-22 00:00:00+03:00,-0.6197261,0.04109853,1100.8806,0.27754033,79887.02,2121.4097,89057.93,1214.3875,4.9146233,3.845126e-05,1.1524897,-6.9820503e-06,0.21556228,,,,,,6.930743e-05,1.0437733e-05,5.8413716e-05,0.00018417306,19281.188,0.14268668,235.00075,5.6591023e-05,0.48958677,2.7300548e-05,-1.2766276e-05
1146,2021-08-23 00:00:00+03:00,-0.45091042,0.055200737,992.57983,0.36085042,82549.83,1860.738,91844.69,965.4574,5.8650723,-2.5388726e-07,1.1625543,-4.9402228e-05,0.23264208,,,,,,6.821966e-05,1.3825627e-05,5.570839e-05,0.0001892393,16714.215,0.14265656,234.14548,0.00029081837,0.45708352,9.490343e-05,9.061344e-06
1147,2021-08-24 00:00:00+03:00,-1.167154,0.051574834,689.1494,0.21896888,82864.766,1816.2903,92134.58,945.76984,5.896952,8.2403885e-06,1.2140595,-3.247073e-05,0.18201657,,,,,,7.57016e-05,2.1026497e-05,5.4334127e-05,0.00016002679,19294.488,0.14343272,233.62225,2.3686749e-05,0.54454845,-2.4966314e-06,1.4336737e-07
1148,2021-08-25 00:00:00+03:00,-0.6382823,,,1.0,59198.83,4405.9355,66953.75,3405.9353,77.73416,,,,,,,,,,9.69642e-05,,5.014344e-05,0.00016496432,16698.975,0.13805175,233.34332,,,,2.5917252e-05
1149,2021-08-26 00:00:00+03:00,-0.5821547,0.04380406,1579.0386,0.834623,82191.7,1726.2966,91940.31,775.6211,9.163468,2.619849e-05,1.1679718,-5.481509e-06,0.50110716,,,,,,7.42722e-05,2.290669e-06,6.14654e-05,0.00019439004,22111.121,0.15174377,233.95769,,,,1.3976367e-06
1150,2021-08-27 00:00:00+03:00,-0.42164135,0.042595893,1375.7217,0.9343314,73075.375,2770.579,82582.42,1772.9968,15.364918,,,,,,,,,,7.0888105e-05,,5.8586847e-05,0.00018133331,22148.695,0.14311522,234.13245,,,,-1.4914358e-06
1151,2021-08-28 00:00:00+03:00,-0.90031075,0.04199663,1648.7794,0.7954925,61645.17,4332.546,69840.2,3332.6724,6.8614864,4.1045492e-05,0.63398063,-1.788498e-05,0.45239162,,,,,,7.976174e-05,2.568781e-05,5.3919022e-05,0.00018031926,19266.15,0.14564395,233.58838,-0.00013565685,0.34451923,-4.6736397e-05,-1.1018874e-05
1152,2021-08-29 00:00:00+03:00,-1.3549143,0.042328887,1328.3435,0.95238924,80655.42,1939.6091,91057.125,939.6091,17.290026,6.623172e-05,0.74004894,2.5139457e-06,0.49327686,,,,,,6.743985e-05,,5.4862438e-05,0.00015291572,16700.629,0.14129747,232.54726,,,,-6.18943e-06
1153,2021-08-30 00:00:00+03:00,-0.37176597,0.041509435,1477.3844,0.81946266,82376.82,1817.2119,92576.2,825.3241,9.860248,0.00013206064,1.2684879,0.00012044186,0.46373528,,,,,,7.191449e-05,2.1244516e-05,5.357285e-05,0.00019992549,16703.014,0.13692112,232.46208,-0.00016441316,0.5811339,-0.0001008688,-9.657326e-06
1154,2021-08-31 00:00:00+03:00,-0.6444484,0.039858375,1351.3147,0.98017275,54134.734,5239.081,61484.48,4239.081,17.466948,,,,,,,,,,0.000109017616,,5.112424e-05,0.00018325883,16700.332,0.1338347,233.67575,,,,
1155,2021-09-01 00:00:00+03:00,-0.8385855,0.040884998,1166.7644,0.50498873,61483.652,4344.683,69795.664,3344.683,5.3133507,1.1799137e-05,1.0619864,-3.7891223e-05,0.40515745,,,,,,6.174216e-05,7.763001e-06,5.3181713e-05,0.00016935996,16706.057,0.13425528,233.16681,-0.0007537401,0.25907212,-0.00019557506,-2.0019528e-05
1156,2021-09-02 00:00:00+03:00,-0.75733364,0.038470656,1047.2903,0.49603337,80862.89,1991.2258,90407.69,1072.8019,6.5182033,2.7473748e-06,1.3274107,-4.8748676e-05,0.25321373,,,,,,6.3053434e-05,1.297322e-05,5.0875846e-05,0.00017055095,16710.262,0.13366686,232.10822,1.717679e-06,0.5343588,-2.1570173e-05,-3.679594e-05
1157,2021-09-03 00:00:00+03:00,-0.71859676,0.038636196,1105.8525,0.39822322,82463.74,1790.6638,91921.55,871.6446,6.66963,1.7617233e-05,1.4685837,-2.5077647e-05,0.31856266,,,,,,6.113728e-05,7.781547e-06,5.0542214e-05,0.00018114835,16698.652,0.12603529,232.96066,-9.4219096e-05,0.43637136,-5.1711897e-05,-1.8815e-05
1158,2021-09-04 00:00:00+03:00,-0.3529635,0.04441557,768.52295,0.39513522,79727.13,2103.2937,88767.7,1222.9891,13.167004,3.7003178e-05,1.1446142,-1.2635065e-05,0.24794742,,,,,,6.765724e-05,1.3893134e-05,5.4267104e-05,0.0001985892,19282.05,0.13253018,231.75797,0.0007363479,0.43557167,0.00023315121,4.3190605e-05
1159,2021-09-05 00:00:00+03:00,-0.70550984,0.042637117,781.56506,0.45062542,79365.3,2191.55,89103.67,1244.5482,8.150005,1.3634946e-05,1.1808187,-2.991578e-05,0.2102555,,,,,,6.907324e-05,1.7338603e-05,5.1622377e-05,0.00017888428,16718.012,0.13613722,231.82678,0.000495146,0.33462387,0.00014384746,3.2801785e-05
1160,2021-09-06 00:00:00+03:00,-0.57307637,0.040781885,1166.9048,0.78871614,73299.49,2846.514,82771.76,1853.6937,9.180417,4.4965633e-05,1.0966585,-1.6578415e-06,0.2599598,,,,,,6.858725e-05,1.8248282e-05,5.1777315e-05,0.00017440895,14431.836,0.13393457,232.23148,6.17061e-05,0.29137802,2.7783137e-05,-7.3374254e-06
1161,2021-09-07 00:00:00+03:00,-0.37506902,0.042856824,1311.6675,0.11717238,75675.016,2594.1948,84639.734,1662.2246,3.8506107,4.320822e-05,1.0538082,1.6035204e-07,0.10294296,1874.1387,3256.5833,0.013920158,1882.3766,1.9132278,7.349368e-05,2.072372e-05,5.2763375e-05,0.00018524539,14430.85,0.13121158,232.9071,0.00026632624,0.30377403,5.5195676e-05,-2.0130608e-05
1162,2021-09-08 00:00:00+03:00,-0.5293958,0.0342493,1830.843,0.0616024,76496.62,2523.2937,85136.65,1619.4584,2.5165677,8.352589e-05,1.1191251,5.21548e-05,0.06729958,1868.388,3433.1372,0.020765392,1879.0673,2.104041,6.964842e-05,1.714081e-05,5.2507603e-05,0.00019106417,13057.873,0.123354495,233.41333,0.0010921849,0.24940073,0.00022523385,2.7316775e-05
1163,2021-09-09 00:00:00+03:00,-1.2400542,0.035339393,1377.4381,0.0,,,,,,0.00012960794,1.0537951,0.000100929436,0.0,1878.5138,3437.9392,0.019054482,1890.925,2.2239423,7.985997e-05,2.7865684e-05,5.1994284e-05,0.00016980125,13056.678,0.124178685,233.27551,0.00023965936,0.40150973,9.5569034e-05,3.0053056e-05
1164,2021-09-10 00:00:00+03:00,-0.18459652,0.037327312,1131.7435,0.09341977,84760.664,1604.2588,92254.195,867.0453,2.8301134,0.00012502584,0.93529695,7.9088786e-05,0.0943678,1860.5519,4313.4185,0.038166106,1873.3,2.2772558,8.8925626e-05,3.9031856e-05,4.9893773e-05,0.00020412436,14425.848,0.12513891,231.95082,0.0004291757,0.30012846,0.000111587084,2.109673e-07
1165,2021-09-11 00:00:00+03:00,-0.50625247,0.039355785,2018.7346,0.14056,80133.125,2071.3296,88516.266,1227.752,4.126632,0.00012133035,1.0399244,8.429654e-05,0.13625187,1860.4663,3917.0598,0.034182955,1879.4979,2.5913928,7.554877e-05,2.8459126e-05,4.70526e-05,0.00018782225,14425.132,0.1279029,231.815,0.00021037567,0.372629,7.695501e-05,1.8944651e-05
1166,2021-09-12 00:00:00+03:00,-0.44089788,0.037621584,2576.5583,0.99999154,63899.43,3870.7715,72368.74,2870.7715,20.702879,,,,,,,,,,7.1110146e-05,,4.3924127e-05,0.00016295435,16700.148,0.12639078,230.46788,,,,-7.0043648e-06
1167,2021-09-13 00:00:00+03:00,-0.748922,0.03809125,1874.0312,0.9609114,82790.87,1727.7078,93270.03,727.70776,9.079523,5.4455235e-05,0.9122419,1.790381e-05,0.39898902,,,,,,5.7396395e-05,1.5163597e-05,4.0823492e-05,0.00015914871,16700.229,0.12561883,229.68283,,,,-8.298604e-06
1168,2021-09-14 00:00:00+03:00,-1.2692115,0.039153244,979.0185,0.13950053,82699.03,1791.4052,92900.195,830.8898,9.34189,5.119167e-05,1.2084471,3.1720414e-05,0.09288699,,,,,,6.0117232e-05,1.7530607e-05,4.3256903e-05,0.00013859296,14427.918,0.12114241,228.87228,0.00030585213,0.39005277,0.00010210305,2.4406467e-05
1169,2021-09-15 00:00:00+03:00,-0.15615055,0.037094183,1205.9172,0.1964167,87675.53,1318.2759,96530.86,493.8595,5.864398,6.403058e-05,1.3135757,5.0381248e-05,0.15992184,1856.9004,3607.189,0.028532878,1869.2216,2.3190305,6.5616085e-05,2.0801697e-05,4.530041e-05,0.00018726249,15709.305,0.12530665,228.92676,0.0005858538,0.36966062,0.00020229438,1.5194117e-05
1170,2021-09-16 00:00:00+03:00,-0.73513836,0.035006642,1553.2063,0.99999774,67575.29,3382.294,76498.19,2382.294,38.88172,,,,,,,,,,9.2866045e-05,,4.122696e-05,0.0001654938,16701.363,0.12920223,229.75458,,,,-1.5003923e-05
1171,2021-09-17 00:00:00+03:00,-0.57439744,0.03335376,1491.4716,1.0,78082.31,2196.97,88014.8,1198.9019,57.938644,,,,,,,,,,7.150372e-05,,4.3603017e-05,0.00016613645,18171.533,0.12310164,230.30582,,,,
1172,2021-09-18 00:00:00+03:00,-0.33647504,0.03895148,727.9068,0.13363275,80926.67,2085.4985,88964.22,1274.9589,4.738226,7.5018725e-05,1.0069363,3.8384864e-05,0.12904207,1875.1874,3464.2988,0.027459301,1891.5259,2.821548,6.494067e-05,1.842176e-05,4.6358422e-05,0.00017891759,16705.182,0.12184706,230.13771,0.00022129944,0.31793487,6.1624276e-05,2.6046746e-07
1173,2021-09-19 00:00:00+03:00,-0.41478387,0.037126508,812.86676,0.1287469,85226.8,1572.4442,92550.94,855.2378,3.4878936,3.697313e-05,1.004236,8.463473e-06,0.10711855,,,,,,6.291189e-05,1.8907675e-05,4.4004213e-05,0.00017794556,16705.275,0.12380783,231.21237,0.0008175436,0.36953413,0.00022825383,2.4507419e-05
1174,2021-09-20 00:00:00+03:00,-0.11027712,0.039051324,522.41626,0.12357545,86636.83,1367.1792,92421.7,869.9259,2.3113344,1.2623386e-05,0.9047928,-1.515766e-05,0.12573557,1857.552,3626.5764,0.045285083,1871.2427,2.4669826,6.277887e-05,1.603916e-05,4.6739704e-05,0.00019053461,19281.81,0.13564369,229.76651,0.00046195617,0.35107657,0.00016322391,4.000143e-05
1175,2021-09-21 00:00:00+03:00,-0.3856473,0.039802346,695.1687,0.6834514,56993.582,4920.326,64905.66,3921.4958,6.966366,2.3720466e-05,0.9706752,-1.332866e-05,0.38109973,,,,,,6.1963015e-05,1.758511e-05,4.3527954e-05,0.00015781967,19286.797,0.13273188,229.57072,0.0006901979,0.31190118,0.00021405854,5.1810744e-06
1176,2021-09-22 00:00:00+03:00,-0.3170662,0.039281547,864.77625,0.26066947,63711.28,4385.6943,71518.78,3448.6262,5.8409386,7.718483e-05,0.8648615,3.111761e-05,0.19223505,,,,,,5.3462467e-05,1.022463e-05,4.3230182e-05,0.00015818144,16575.277,0.13586874,228.50824,0.00042742523,0.29875728,0.00013215539,2.3472385e-06
1177,2021-09-23 00:00:00+03:00,-0.59013975,,,1.0,57422.652,4605.2314,65243.21,3605.2314,39.58914,,,,,,,,,,,,,,,0.13472086,229.06973,,,,
1178,2021-09-24 00:00:00+03:00,-0.649571,0.037380766,897.34406,0.9581665,81984.71,1657.2466,92541.8,657.2466,15.526352,,,,,,,,,,6.512428e-05,,3.9397157e-05,0.00017452639,19232.254,0.13801345,229.06505,,,,1.2490138e-06
1179,2021-09-25 00:00:00+03:00,-1.1483811,0.036567017,905.03796,0.17436992,90040.77,955.44257,98558.5,172.74559,10.5199795,3.4073197e-05,1.3530991,1.5898573e-05,0.13103053,,,,,,5.847608e-05,1.8190627e-05,4.087651e-05,0.00014631866,14421.111,0.12136849,229.29329,0.00038507843,0.47821948,0.000168819,5.3810858e-05
1180,2021-09-26 00:00:00+03:00,-0.061211184,0.037080303,1027.4702,0.101192206,83219.21,1784.057,90671.79,1062.2887,2.3193862,8.839516e-05,1.1130146,7.0319365e-05,0.10063709,1872.2714,3004.4634,0.016649533,1893.5626,3.0006702,6.8663576e-05,2.8270704e-05,4.039287e-05,0.000181876,14429.844,0.120940454,226.63434,0.00031884995,0.34359854,0.00010925184,1.0540418e-05
1181,2021-09-27 00:00:00+03:00,-0.08428411,0.038467888,1030.2495,0.0,,,,,,3.275209e-05,1.0528727,3.4644067e-06,0.05388943,1850.0238,3014.467,0.02926768,1873.0431,3.3681986,5.9159796e-05,1.8291285e-05,4.0868512e-05,0.00016385224,14431.502,0.12660915,226.98465,0.00031701254,0.2735415,8.6636814e-05,-9.903172e-06
1182,2021-09-28 00:00:00+03:00,-0.4336705,0.037056036,794.77246,0.22356881,86820.92,1445.9431,96427.92,547.1417,5.5427675,3.0945354e-05,1.175556,2.0458747e-06,0.20050631,,,,,,6.0006558e-05,1.98936e-05,4.0487645e-05,0.00016764674,16717.18,0.1258883,227.09837,0.00026377078,0.29378116,6.8426976e-05,2.411678e-05
1183,2021-09-29 00:00:00+03:00,-0.086301625,0.03932274,1008.0434,0.18063155,84748.0,1703.1488,93306.03,886.3113,5.2269325,7.2669376e-05,1.1415714,4.418848e-05,0.16880861,,,,,,6.270138e-05,2.350334e-05,3.925941e-05,0.00017001084,16718.188,0.12386892,226.85574,0.0012323773,0.33142388,0.0002587288,4.6738245e-05
1184,2021-09-30 00:00:00+03:00,-1.6447908,0.036302496,1259.0613,1.0,93043.73,821.84216,101748.984,51.585384,41.904568,,,,,,,,,,8.252817e-05,,3.797852e-05,0.00016335235,17024.531,0.12573634,226.46106,,,,-1.1961231e-05
1185,2021-10-01 00:00:00+03:00,0.0013477802,0.03826765,816.01965,0.14983241,87536.29,1353.2991,93447.96,834.64386,2.629177,0.00010793957,1.1385349,9.4978226e-05,0.16280718,1890.7109,3006.1123,0.017582405,1907.034,2.682795,7.543525e-05,3.2545042e-05,4.2890202e-05,0.0002069775,16717.64,0.14049232,224.78421,0.00026956582,0.41312316,0.00011143185,1.23746895e-05
1186,2021-10-02 00:00:00+03:00,-0.12166133,0.039957263,823.3474,0.22075379,85393.266,1552.5698,93549.91,785.6742,3.5865364,8.832942e-05,1.1647204,6.5694745e-05,0.22996783,1894.3077,2997.7986,0.013041033,1912.5737,2.7680945,7.9124984e-05,3.852885e-05,4.0267918e-05,0.0001987592,16709.375,0.14178884,226.3443,0.0007579322,0.36437032,0.00027194314,7.387295e-05
1187,2021-10-03 00:00:00+03:00,-0.20090827,,,0.8906104,45578.406,6506.301,51923.27,5506.301,7.8098087,-0.00013429232,0.6173098,-0.000103231025,0.52940726,,,,,,6.7306035e-05,,3.9786275e-05,0.0001538588,14426.307,0.12852854,226.75316,,,,-3.685084e-05
1188,2021-10-04 00:00:00+03:00,-0.28819492,,,0.74126524,41952.58,7204.37,47891.555,6204.37,6.5348577,0.00014145854,0.7482927,8.351635e-05,0.37908313,,,,,,5.860767e-05,2.5446088e-05,4.0909214e-05,0.00015856333,13056.847,0.12715337,226.06993,,,,1.2261353e-05
1189,2021-10-05 00:00:00+03:00,-0.28741568,0.034254048,2164.3396,0.5001089,53845.633,5351.9883,61172.055,4351.9883,5.6464734,0.00010126253,1.0383557,8.139784e-05,0.2324107,,,,,,9.3037124e-05,4.0273208e-05,4.061411e-05,0.00019457226,13057.259,0.12546998,225.74564,,,,3.663391e-05
1190,2021-10-06 00:00:00+03:00,-0.39735168,0.035934653,1838.3925,0.9551779,56248.266,4927.4243,63935.6,3927.4243,33.066574,0.00015426091,0.85126555,0.000107496904,0.34948114,,,,,,0.00017216275,8.788986e-05,4.122938e-05,0.00019074771,14591.606,0.12507528,225.81738,,,,1.3097325e-06
1191,2021-10-07 00:00:00+03:00,-0.060143173,0.03655696,827.50366,0.21210647,63440.07,4263.7773,71038.086,3343.8564,4.3959804,9.0804344e-05,1.0200768,6.123213e-05,0.2122765,,,,,,7.674662e-05,4.2146326e-05,3.4430705e-05,0.00017863483,14434.621,0.121592686,224.7721,,,,-1.7046079e-05
1192,2021-10-08 00:00:00+03:00,-0.059547972,0.03717658,418.1723,0.0055172495,70259.69,3246.868,79593.43,2246.868,2.4860206,8.965521e-05,1.0815423,6.39276e-05,0.08861669,1900.9565,2883.3262,0.0162822,1910.9429,2.4866927,6.4082036e-05,2.9371413e-05,3.471062e-05,0.00016744836,14438.006,0.11599134,224.47333,,,,2.231908e-05
1193,2021-10-09 00:00:00+03:00,-0.16884318,0.033974938,774.85815,0.5793092,49956.82,5943.96,57030.4,4943.96,5.9518895,4.359506e-05,0.9070132,8.721716e-06,0.35525975,,,,,,5.7404974e-05,2.3172302e-05,3.2692973e-05,0.00013885813,16730.285,0.11940913,223.90468,,,,
1194,2021-10-10 00:00:00+03:00,-0.048668206,0.03597089,550.82996,0.15243393,84535.055,1708.8279,91695.445,1030.3604,1.0263377,7.685368e-05,0.99240655,4.3035936e-05,0.14255133,,,,,,5.4516575e-05,2.1073805e-05,3.3442764e-05,0.00015433769,16723.047,0.12889633,223.77554,,,,
1195,2021-10-11 00:00:00+03:00,-1.2472587,0.035785705,835.07733,0.6630733,59219.492,4376.508,67369.23,3376.5078,14.506531,1.8422688e-05,0.7313815,-1.684841e-05,0.4274572,,,,,,7.432377e-05,4.1491054e-05,3.401318e-05,0.00013168347,19275.357,0.13406174,225.62344,,,,
1196,2021-10-12 00:00:00+03:00,0.02496016,0.032797467,1354.9188,0.8436061,73290.05,2635.4312,83128.92,1635.431,17.753433,4.4116507e-05,1.3851141,2.6232363e-05,0.3977899,,,,,,6.0910716e-05,2.2363834e-05,3.6428446e-05,0.00017925419,22125.453,0.14578293,225.87508,,,,
1197,2021-10-13 00:00:00+03:00,-0.10554136,0.03770095,756.77893,0.6221308,79606.22,2063.6655,89070.83,1143.9064,11.045122,-2.6100734e-06,1.2100267,-3.151924e-05,0.28743863,,,,,,5.441547e-05,2.05132e-05,3.583592e-05,0.00016550538,22149.918,0.15096647,225.84268,,,,
1198,2021-10-14 00:00:00+03:00,-0.12547445,0.03514885,921.45496,0.6247289,81606.56,1847.519,91654.266,898.942,14.613622,5.9401624e-05,1.034819,3.1702708e-05,0.38515806,,,,,,8.894103e-05,3.9582093e-05,3.751052e-05,0.00018624536,16704.584,0.13496223,226.35352,,,,
1199,2021-10-15 00:00:00+03:00,-0.34999132,0.033610806,1121.707,0.99249446,55866.457,4975.3174,63528.574,3990.977,75.09458,,,,,,,,,,9.842985e-05,,3.5485322e-05,0.0001570337,19247.71,0.13014543,226.34358,,,,
1200,2021-10-16 00:00:00+03:00,-0.92732966,0.036142036,734.74286,0.5467985,82384.96,1711.3354,93064.47,718.54083,15.965901,3.128014e-05,1.335933,2.4509305e-05,0.23309326,,,,,,4.8743168e-05,1.6044742e-05,3.4269942e-05,0.00014107674,19263.697,0.12991385,224.73407,,,,
1201,2021-10-17 00:00:00+03:00,0.044376463,0.035369083,660.7823,0.6365754,81633.26,1834.9832,91399.34,903.78784,9.0308,6.504933e-05,1.3617117,5.7450063e-05,0.26376316,,,,,,4.9171642e-05,1.667184e-05,3.0692863e-05,0.00015871967,19267.229,0.12899886,222.83127,,,,
1202,2021-10-18 00:00:00+03:00,0.2281391,0.036759276,452.72406,0.25429803,87610.84,1310.9019,95998.92,531.2522,3.4869866,6.769336e-05,1.0250115,4.6063316e-05,0.2137381,,,,,,4.156375e-05,1.1257741e-05,3.0306015e-05,0.00014106357,19283.445,0.13464579,222.68813,,,,
1203,2021-10-19 00:00:00+03:00,-0.043753307,0.030389238,1159.4592,0.90406364,53226.816,5340.3765,60645.42,4340.3765,7.342956,6.659757e-05,0.90246546,4.578639e-05,0.56282187,,,,,,5.1243587e-05,1.9026163e-05,2.5827449e-05,0.00012442103,16712.152,0.13239819,221.28043,,,,
1204,2021-10-20 00:00:00+03:00,-0.54449856,,,0.9997986,61285.97,4109.2686,69481.2,3109.268,72.73487,,,,,,,,,,,,,,,0.1238181,220.16566,,,,
1205,2021-10-21 00:00:00+03:00,-0.43851742,,,0.9928202,37659.22,7752.3506,43200.305,6752.3506,107.91745,,,,,,,,,,,,,,,0.12857287,221.67487,,,,
1206,2021-10-22 00:00:00+03:00,-0.361744,0.034816314,344.37433,0.9999969,48352.164,5786.911,55409.14,4786.911,186.77231,,,,,,,,,,0.00010038956,,3.045646e-05,0.00017914338,24172.426,0.14458536,222.6176,,,,
1207,2021-10-23 00:00:00+03:00,-0.09372264,0.036890965,673.3391,0.6518575,82026.51,1770.5338,92411.05,803.7116,7.353244,4.2542943e-05,1.4158483,3.5735196e-05,0.3008027,,,,,,4.7174042e-05,1.5368218e-05,3.170412e-05,0.00016128438,22143.398,0.13716982,221.38739,,,,
1208,2021-10-24 00:00:00+03:00,0.15101193,,,0.48233908,39089.273,7661.4653,44870.734,6661.4653,3.9273105,3.9553215e-05,0.8854183,2.0056534e-05,0.39084652,,,,,,5.6490295e-05,3.2373493e-05,2.4703764e-05,0.00013585566,14433.209,0.10984102,219.31775,,,,
1209,2021-10-25 00:00:00+03:00,0.24293062,0.036007006,462.8273,0.096400306,76983.36,2553.1936,84796.6,1730.5334,4.5143976,0.000112735055,1.1024578,0.000110162364,0.14011936,1889.258,2725.6338,0.008355562,1910.1036,4.014044,9.665197e-05,7.640449e-05,2.0247484e-05,0.00016587831,14429.668,0.1029045,219.43541,,,,
1210,2021-10-26 00:00:00+03:00,-0.3815143,0.034168024,1317.8026,0.9894272,70698.58,3090.1086,79907.68,2097.8442,50.753407,,,,,,,,,,8.767541e-05,,2.3066441e-05,0.00014277818,16858.71,0.118373126,218.37015,,,,
1211,2021-10-27 00:00:00+03:00,-1.895825,,,0.9997146,52819.043,5360.2295,60203.47,4360.2295,186.17357,,,,,,,,,,,,,,,0.11029848,219.47885,,,,
1212,2021-10-28 00:00:00+03:00,-0.11178452,,,1.0,61936.22,4169.9917,70311.42,3169.9915,92.80774,,,,,,,,,,8.896245e-05,,2.0890811e-05,0.00014468154,13057.575,0.101904914,218.0736,,,,
1213,2021-10-29 00:00:00+03:00,0.29171032,0.03809394,676.61,0.010219857,76191.52,2473.7153,85744.21,1473.7156,4.7848144,0.00011674301,1.1256763,0.00011406061,0.058607828,1884.2552,2937.648,0.011200293,1909.7451,4.3705535,7.884935e-05,5.371234e-05,2.5137018e-05,0.0001739915,13056.956,0.10814559,217.4877,,,,
1214,2021-10-30 00:00:00+03:00,0.40795535,0.037077203,535.2085,0.09851742,78679.9,2276.267,86578.19,1433.3595,2.9309301,9.561959e-05,0.93206203,7.671677e-05,0.16262405,1897.8423,2878.2556,0.005773908,1917.4774,3.4283676,8.7645094e-05,6.187681e-05,2.5768284e-05,0.00018316228,14426.133,0.111613095,219.31335,,,,
1215,2021-10-31 00:00:00+03:00,0.030460358,0.035310395,1267.5807,0.500021,84450.75,1585.2479,94622.44,619.3984,15.920573,0.000107242944,1.0078673,8.907408e-05,0.25595388,,,,,,7.378984e-05,5.4074706e-05,2.1911179e-05,0.0001599061,14424.545,0.11809254,218.1095,,,,
1216,2021-11-01 00:00:00+02:00,-0.24149625,0.032127246,529.112,0.0,,,,,,3.0044455e-05,1.0928007,2.0543177e-05,0.0,,,,,,6.0198265e-05,3.541627e-05,2.4781992e-05,0.00014767422,14421.477,0.119876236,218.32329,,,,
1217,2021-11-02 00:00:00+02:00,0.5564702,0.03555365,632.88446,0.33292666,72438.664,2759.0918,81867.22,1759.6152,3.3925307,0.00015337045,1.0573316,0.00014890313,0.020173348,,,,,,5.3780983e-05,2.798281e-05,2.5957133e-05,0.0001725108,16690.477,0.13117307,218.2125,,,,
1218,2021-11-03 00:00:00+02:00,0.05610831,0.032802567,1338.5029,0.97638094,61136.08,4006.4119,69586.2,3006.4119,68.02076,,,,,,,,,,,,,,,0.13312006,220.26596,,,,
1219,2021-11-04 00:00:00+02:00,-0.017848797,0.030926807,910.57324,0.9249799,52648.617,5384.2812,59978.535,4384.281,17.81397,,,,,,,,,,4.5090077e-05,,2.6586094e-05,0.00014001275,16694.441,0.13714896,220.49559,,,,
1220,2021-11-05 00:00:00+02:00,-0.2762617,0.03439567,1001.423,0.99931055,79505.1,1932.7546,89916.016,932.9225,58.98396,,,,,,,,,,0.00012772396,,2.774298e-05,0.00020855854,20676.152,0.14777833,220.15,,,,
1221,2021-11-06 00:00:00+02:00,0.116794944,0.03190146,760.2238,0.977099,64620.438,3785.3906,73165.984,2809.8647,62.442455,,,,,,,,,,3.7116515e-05,,2.3749548e-05,0.00012892869,21960.74,0.13690159,220.60205,,,,
1222,2021-11-07 00:00:00+02:00,-1.1121004,0.028689984,1095.7559,0.9993611,55599.023,4744.1104,63424.688,3748.8484,143.72824,,,,,,,,,,0.00016002133,,2.5587566e-05,0.00018246863,19654.875,0.14087735,219.8945,,,,
1223,2021-11-08 00:00:00+02:00,0.29517987,0.033606105,519.75586,0.4556617,78341.81,2159.5403,88703.31,1170.6296,11.290516,-3.4851888e-05,1.3031538,-5.637753e-05,0.20630638,,,,,,3.668975e-05,7.4751906e-06,2.9419862e-05,0.00015577307,22152.53,0.14762188,221.55554,,,,
1224,2021-11-09 00:00:00+02:00,0.2819777,0.034921914,618.1615,0.53320616,60397.18,4293.367,68673.3,3293.3674,7.8600645,8.0292826e-05,1.0538074,7.8388184e-05,0.2612632,,,,,,4.6985562e-05,1.9497646e-05,2.6375683e-05,0.00014989034,14433.723,0.13089274,220.79617,,,,
1225,2021-11-10 00:00:00+02:00,0.27973518,0.030900296,965.9603,0.826156,72274.28,2894.8667,81702.4,1894.8666,16.202864,,,,,,,,,,9.262311e-05,6.4784224e-05,2.8224797e-05,0.00018216428,14430.65,0.12337566,221.1308,,,,
1226,2021-11-11 00:00:00+02:00,-0.90681046,,,0.9990196,44265.12,6633.941,50715.73,5633.941,99.71885,,,,,,,,,,,,,,,0.1296122,221.08315,,,,
1227,2021-11-12 00:00:00+02:00,-0.34860754,0.033019565,540.3161,0.0009520697,73844.06,2672.047,83212.914,1672.0472,6.7807603,,,,,,,,,,4.8343798e-05,2.2257987e-05,2.6085807e-05,0.00015137832,14428.215,0.124856204,220.37244,,,,
1228,2021-11-13 00:00:00+02:00,0.14178884,0.029418074,723.63354,0.7448957,56285.125,4837.398,64071.5,3837.398,31.32616,,,,,,,,,,5.314392e-05,2.615883e-05,2.8322936e-05,0.00018267779,16710.73,0.12987842,218.99411,,,,
1229,2021-11-14 00:00:00+02:00,0.22858481,0.03513221,740.0582,0.90135646,93017.44,843.9741,102225.58,50.857754,7.918603,,,,,,,,,,5.1494273e-05,2.0825906e-05,2.813438e-05,0.00018897722,14432.715,0.12741543,218.81152,,,,
1230,2021-11-15 00:00:00+02:00,-0.049132705,0.033916503,351.75208,,,,,,,,,,,,,,,,5.3464984e-05,,2.7059406e-05,0.00017893565,14436.979,0.112090126,217.64687,,,,
1231,2021-11-16 00:00:00+02:00,-0.43368953,0.03474823,838.6049,0.9990227,91931.86,948.0783,101799.125,81.81388,106.4802,,,,,,,,,,7.267222e-05,,1.8927642e-05,0.00014629608,16718.123,0.12685439,216.08084,,,,
1232,2021-11-17 00:00:00+02:00,-2.5597572,0.031437755,616.27277,0.9987201,77553.445,2297.4084,87616.04,1300.8439,154.51564,,,,,,,,,,0.00013442969,,1.9412573e-05,0.00017631098,16705.186,0.12181629,217.18698,,,,
1233,2021-11-18 00:00:00+02:00,0.16033795,0.033495065,595.1063,0.83858156,85039.16,1467.4418,95522.22,511.84674,38.40351,,,,,,,,,,2.739037e-05,4.7527436e-07,2.7595139e-05,0.00017082915,19265.469,0.13941398,217.38019,,,,
1234,2021-11-19 00:00:00+02:00,-0.23773953,,,0.9987446,48490.566,5868.7344,55293.633,4868.734,45.4215,,,,,,,,,,,,,,,0.13265336,217.44498,,,,
1235,2021-11-20 00:00:00+02:00,0.13603598,0.035009477,983.3982,0.50229263,59800.562,4309.4043,68021.164,3309.4043,30.907122,,,,,,,,,,4.822054e-05,2.2661108e-05,2.3118657e-05,0.00015917921,16696.176,0.13203025,217.66913,,,,
1236,2021-11-21 00:00:00+02:00,0.3981374,0.032768693,707.34033,0.62725717,77770.83,2083.5686,87605.89,1130.0321,36.539673,,,,,,,,,,4.4149063e-05,1.4011132e-05,2.4220863e-05,0.00017480756,17968.729,0.13901377,217.9115,,,,
1237,2021-11-22 00:00:00+02:00,0.28988135,0.03504594,239.55966,0.29650033,63551.953,3753.6885,72328.52,2753.6885,3.405586,,,,,,,,,,2.7274527e-05,8.077053e-07,2.6643389e-05,0.00015557793,22173.828,0.14778036,218.43248,,,,
1238,2021-11-23 00:00:00+02:00,0.1869149,0.032422215,292.74152,0.5597621,55420.58,4847.9814,63241.645,3847.9814,30.556688,,,,,,,,,,4.066011e-05,1.4523415e-05,2.4022203e-05,0.00014346107,19274.672,0.14136612,217.12933,,,,
1239,2021-11-24 00:00:00+02:00,0.46031117,0.033804495,669.35675,0.87993383,77784.75,2333.456,86575.47,1441.0066,75.15861,,,,,,,,,,4.8248232e-05,3.0438565e-05,2.3227076e-05,0.00017564926,16702.855,0.13458025,216.95236,,,,
1240,2021-11-25 00:00:00+02:00,-0.052995563,0.035551276,518.96277,0.9505837,86435.35,1270.1843,96937.09,324.748,22.55675,,,,,,,,,,6.8230016e-05,3.769754e-05,2.268474e-05,0.0001951568,16693.941,0.13852768,216.01675,,,,
1241,2021-11-26 00:00:00+02:00,0.4541807,,,0.9088098,48707.67,5621.297,55794.484,4621.297,68.89393,,,,,,,,,,5.4985667e-05,2.37505e-05,2.625643e-05,0.00017654533,19229.31,0.14551544,215.63431,,,,
1242,2021-11-27 00:00:00+02:00,-0.18058932,,,0.96831256,47700.71,5795.057,54764.668,4795.057,77.240616,,,,,,,,,,4.744123e-05,,2.0249092e-05,0.00013251734,19226.05,0.1359759,214.86679,,,,
1243,2021-11-28 00:00:00+02:00,-0.70540935,0.034574777,588.715,0.8339647,83398.125,1476.0071,92772.8,624.0917,139.01804,,,,,,,,,,8.9367655e-05,,2.364993e-05,0.00021417564,22096.379,0.1479788,215.34091,,,,
1244,2021-11-29 00:00:00+02:00,-0.042999446,,,0.99830574,58034.117,4274.4062,66436.86,3274.4062,138.34482,,,,,,,,,,2.0983618e-05,,2.3097431e-05,0.00012814645,22079.887,0.1473498,214.01215,,,,
1245,2021-11-30 00:00:00+02:00,0.20463489,0.032504924,310.84857,0.7723414,84672.3,1281.7561,95155.72,349.33047,46.800053,,,,,,,,,,1.185346e-05,-2.1891097e-05,2.7225084e-05,0.00015425899,22067.387,0.16991138,215.66232,,,,
1246,2021-12-01 00:00:00+02:00,0.28875613,0.033884443,246.78456,0.9470868,58316.523,4300.451,66651.01,3300.4514,69.39292,,,,,,,,,,4.685347e-05,1.690612e-05,1.998858e-05,0.00015272127,16681.928,0.13849035,214.31506,,,,
1247,2021-12-02 00:00:00+02:00,-0.66115093,0.031883284,760.68713,0.99681425,67324.92,2997.7556,76464.08,1997.7555,53.27187,,,,,,,,,,0.00016717546,,2.1978998e-05,0.00022279339,22023.818,0.14558266,212.93402,,,,
1248,2021-12-03 00:00:00+02:00,-1.2292603,0.032795385,486.23273,0.15625094,58487.453,4151.1045,67015.09,3151.1045,58.03139,,,,,,,,,,2.620695e-05,2.6246817e-06,2.334037e-05,0.00014534942,22094.15,0.15115026,212.86273,,,,
1249,2021-12-04 00:00:00+02:00,-0.7443715,0.035372794,524.34686,0.99396396,73404.59,2519.8884,83360.33,1523.76,81.814476,,,,,,,,,,0.00027010738,,2.2434782e-05,0.00033986382,22104.676,0.14606324,211.96635,,,,
1250,2021-12-05 00:00:00+02:00,-0.4819435,0.035735507,230.06335,0.9938965,80706.516,1809.4622,91712.17,811.48303,14.534723,,,,,,,,,,0.000113563656,,2.1406633e-05,0.00019299776,22134.35,0.14554378,212.84845,,,,
1251,2021-12-06 00:00:00+02:00,0.052173607,0.03342534,177.59639,0.91138506,89718.766,1012.4154,99822.18,161.68694,1.2343202,,,,,,,,,,2.8858725e-05,1.1187412e-05,2.084958e-05,0.00014979028,22166.785,0.15239277,214.22882,,,,
1252,2021-12-07 00:00:00+02:00,-0.18064955,0.035537902,221.58852,0.030949932,71502.63,2826.0898,80805.836,1888.2867,5.788962,,,,,,,,,,7.235098e-05,4.5728706e-05,1.7875818e-05,0.00022203036,22169.65,0.14843464,215.35825,,,,
1253,2021-12-08 00:00:00+02:00,-0.21714848,0.036217686,187.59804,0.5156099,76887.945,2300.813,87264.016,1304.9513,3.3103049,,,,,,,,,,6.537005e-05,4.4179204e-05,1.848795e-05,0.00019981984,19280.537,0.14722286,215.91507,,,,
1254,2021-12-09 00:00:00+02:00,-0.7544939,0.03226726,616.62933,0.9798745,73130.39,2660.7117,82816.64,1661.8977,77.99805,,,,,,,,,,0.00014403294,,1.9309644e-05,0.00020598418,19275.443,0.14520553,215.51859,,,,
1255,2021-12-10 00:00:00+02:00,-0.49308646,,,0.9968091,53733.484,4993.2617,61140.125,3993.2617,71.926414,,,,,,,,,,,,,,,0.15068385,215.98724,,,,
1256,2021-12-11 00:00:00+02:00,,,,,,,,,,,,,,,,,,,,,,,,,,,,,
1257,2021-12-12 00:00:00+02:00,-0.2546703,0.03399581,321.67065,0.99823034,88017.92,1235.2747,98776.08,295.03296,49.17487,,,,,,,,,,0.00020627823,,1.8642133e-05,0.00029483158,19286.988,0.15255553,214.21844,,,,
1258,2021-12-13 00:00:00+02:00,-0.24615055,0.035740167,746.87726,0.9933584,76684.78,2431.7068,86442.67,1473.1285,74.5013,,,,,,,,,,0.00021689887,,1.53215e-05,0.00023519744,16716.34,0.12653807,211.92337,,,,
1259,2021-12-14 00:00:00+02:00,-1.7128342,0.03179364,1162.8021,0.9924205,74807.66,2579.4666,84259.27,1633.801,192.36067,,,,,,,,,,,,,,,0.14210474,212.69489,,,,
1260,2021-12-15 00:00:00+02:00,-0.675764,0.02844252,2361.3196,0.9999912,74391.61,2641.2861,84258.57,1641.286,102.50441,,,,,,,,,,,,,,,0.12833562,208.59686,,,,
1261,2021-12-16 00:00:00+02:00,0.64731467,0.033830877,481.28665,0.74622214,59364.24,4341.785,67569.28,3341.785,15.349059,,,,,,,,,,5.9511044e-06,-5.2538962e-06,1.6956767e-05,9.6871525e-05,19281.666,0.13787165,211.45984,,,,
1262,2021-12-17 00:00:00+02:00,0.531109,0.034368824,321.2102,0.49739647,91967.38,904.0128,102136.445,30.839659,1.6636629,,,,,,,,,,2.7078248e-05,2.0539605e-05,1.556021e-05,0.00012376478,22011.715,0.12988617,213.8486,,,,
1263,2021-12-18 00:00:00+02:00,0.79645395,0.032058444,1846.1981,0.49920794,57891.484,4656.1514,65683.734,3656.1516,4.053603,,,,,,,,,,5.583479e-05,3.9002516e-05,1.6832275e-05,0.00014163755,16711.922,0.14032759,214.11159,,,,
1264,2021-12-19 00:00:00+02:00,-0.084699176,0.031276077,654.8457,0.18195775,69053.68,3012.779,78607.24,2012.7788,46.052372,,,,,,,,,,3.1723237e-05,1.1199845e-05,2.098847e-05,0.00015452893,19250.553,0.15041168,216.271,,,,
1265,2021-12-20 00:00:00+02:00,0.48638168,0.03789474,240.82779,0.001671274,67961.46,3058.984,78578.75,2058.984,9.933952,,,,,,,,,,3.2472897e-05,1.2046877e-05,2.0861198e-05,0.00014129178,21770.566,0.16633806,213.55316,,,,
1266,2021-12-21 00:00:00+02:00,-0.028056547,0.036390834,270.81946,0.6870229,86305.15,1352.728,94661.72,624.46954,10.322532,,,,,,,,,,4.3571243e-05,2.3185863e-05,1.7863735e-05,0.00014999449,19283.379,0.15211344,212.32797,,,,
1267,2021-12-22 00:00:00+02:00,0.039320163,0.036619954,239.19865,0.95831025,86731.04,1352.211,97659.1,415.62048,47.65514,,,,,,,,,,5.4973505e-05,3.403874e-05,1.6358377e-05,0.00015259668,19297.516,0.15815966,209.21039,,,,
1268,2021-12-23 00:00:00+02:00,-1.248073,0.03427101,528.2828,0.98701084,72536.53,2722.7263,81758.266,1769.4347,32.525753,,,,,,,,,,5.8699967e-05,1.7396393e-05,1.3317904e-05,0.00013571826,16698.531,0.14598432,208.00201,,,,
1269,2021-12-24 00:00:00+02:00,-0.7616539,0.03258202,282.94904,0.99645245,54874.645,4642.109,62828.094,3642.109,70.85053,,,,,,,,,,,,,,,0.14309718,210.19797,,,,
1270,2021-12-25 00:00:00+02:00,0.001465261,0.036962204,241.14804,0.8344871,81615.88,1655.3573,91552.27,755.90674,131.96927,,,,,,,,,,4.3665914e-06,-2.7425105e-05,2.3175238e-05,0.000114131355,24209.002,0.15801102,213.11273,,,,
1271,2021-12-26 00:00:00+02:00,0.05330564,0.03628037,357.9257,0.8520217,79765.05,1874.0554,90636.32,896.08936,80.444016,,,,,,,,,,3.190466e-05,4.92026e-06,2.1085329e-05,0.00014327466,22137.986,0.15394506,215.24591,,,,
1272,2021-12-27 00:00:00+02:00,0.301425,0.036066037,407.0298,0.98748213,89107.6,1092.4646,98270.09,296.616,26.490076,,,,,,,,,,8.800121e-05,3.2999335e-05,2.0560961e-05,0.00022068978,16706.207,0.14827912,216.9624,,,,
1273,2021-12-28 00:00:00+02:00,0.22824292,,,0.9380525,60046.777,4305.6743,68245.74,3305.6743,70.04466,,,,,,,,,,6.376595e-05,2.0034628e-05,2.359999e-05,0.00019214515,16702.273,0.14716536,218.59088,,,,
1274,2021-12-29 00:00:00+02:00,-0.5524258,0.03312712,657.7646,0.9806986,72449.664,2694.8816,82209.234,1699.2861,85.64272,,,,,,,,,,9.456427e-05,,2.1659234e-05,0.00019872245,16695.734,0.15361789,218.5654,,,,
1275,2021-12-30 00:00:00+02:00,-1.9965636,0.032783203,948.1969,0.9673733,76838.0,2232.2659,86939.37,1246.3081,118.29459,,,,,,,,,,,,,,,0.1494306,221.2505,,,,
1276,2021-12-31 00:00:00+02:00,-0.1831293,,,0.9986137,41741.625,6931.366,47860.65,5931.366,134.80998,,,,,,,,,,,,,,,0.13876769,224.75339,,,,
1277,2022-01-01 00:00:00+02:00,0.33655316,0.035946615,440.74313,0.94284946,90143.25,971.18726,99630.58,141.2394,5.2598443,,,,,,,,,,4.6140885e-05,1.9700183e-05,2.8365925e-05,0.00020377808,16545.346,0.16369092,223.62427,,,,
1278,2022-01-02 00:00:00+02:00,0.054100256,,,0.99999964,47614.594,6171.168,54493.703,5171.168,109.98932,,,,,,,,,,,,,,,0.13223876,224.82324,,,,
1279,2022-01-03 00:00:00+02:00,-0.6778263,0.034665823,929.35364,0.9640174,65235.62,3477.019,74043.33,2479.507,72.128174,,,,,,,,,,6.561958e-05,1.8380546e-05,3.0085233e-05,0.00021360631,22089.328,0.17142488,223.26642,,,,
1280,2022-01-04 00:00:00+02:00,-1.2109056,0.032830458,859.7771,0.8815013,71638.42,2691.4817,81318.516,1691.4819,127.27552,,,,,,,,,,9.9919795e-05,,2.7589334e-05,0.000199562,16678.72,0.16752647,222.60645,,,,
1281,2022-01-05 00:00:00+02:00,0.62215966,0.035237,449.0127,0.84685045,82416.234,1529.234,92980.09,556.49915,77.18588,,,,,,,,,,7.739049e-05,5.070942e-05,2.6005964e-05,0.0002049252,22067.615,0.171696,221.18161,,,,
1282,2022-01-06 00:00:00+02:00,-0.31284484,0.032085564,511.2452,0.96362066,70237.25,2792.8955,80312.125,1792.8958,13.376869,,,,,,,,,,0.00010620913,,2.3587187e-05,0.00018928421,24194.201,0.18840188,221.61665,,,,
1283,2022-01-07 00:00:00+02:00,0.14655161,0.03369734,412.76648,0.842237,61981.18,3860.2246,70795.33,2860.2244,41.705868,,,,,,,,,,9.740999e-05,6.692245e-05,2.1544345e-05,0.00019349038,16699.648,0.16272196,223.98544,,,,
1284,2022-01-08 00:00:00+02:00,0.07838479,0.031159868,348.99725,0.99973595,50508.777,5366.742,57953.117,4366.7427,113.22421,,,,,,,,,,,,,,,0.19283256,223.43384,,,,
1285,2022-01-09 00:00:00+02:00,0.08929294,0.03483341,328.00827,0.5081701,73162.91,2552.685,83273.77,1568.5427,3.932036,,,,,,,,,,0.00015996135,9.3972914e-05,2.502065e-05,0.00027889147,19251.45,0.1855419,223.59634,,,,
1286,2022-01-10 00:00:00+02:00,0.35097235,0.036951825,399.60715,0.5294424,84361.66,1611.2136,94616.625,704.53815,12.76515,,,,,,,,,,0.00011651127,8.777736e-05,2.0151212e-05,0.00027810803,16714.164,0.18331824,220.4259,,,,
1287,2022-01-11 00:00:00+02:00,-0.24973811,0.03413323,176.56766,,,,,,,,,,,,,,,,9.490765e-05,,2.142594e-05,0.00019599221,16728.502,0.14521624,220.49825,,,,
1288,2022-01-12 00:00:00+02:00,-0.34244025,0.034583993,541.343,1.0,91269.97,996.05005,101769.43,108.05243,61.68882,,,,,,,,,,0.00015173531,,2.1487056e-05,0.000230868,16722.38,0.15169808,220.95178,,,,
1289,2022-01-13 00:00:00+02:00,0.13838731,0.033012174,749.0755,0.6985136,79155.49,2207.9634,89107.7,1231.9315,25.537937,,,,,,,,,,8.112112e-05,6.195798e-05,1.890476e-05,0.00018246635,14426.176,0.14131406,218.56122,,,,
1290,2022-01-14 00:00:00+02:00,0.60667855,0.03516766,457.18463,0.45792592,62390.69,3762.597,71632.68,2762.5972,3.725297,,,,,,,,,,3.7880618e-05,1.9032032e-05,1.769026e-05,0.00013993293,19252.068,0.1520814,214.02652,,,,
1291,2022-01-15 00:00:00+02:00,-0.21548411,0.035065413,312.53326,0.016749902,81986.98,1830.0607,90366.81,1029.1113,17.028105,,,,,,,,,,3.5508507e-05,1.8827117e-05,1.6129101e-05,0.000116409305,19283.275,0.14533323,213.18253,,,,
1292,2022-01-16 00:00:00+02:00,-0.49450025,0.032343116,912.1052,1.0,53207.777,5166.3726,60877.953,4166.3726,143.35747,,,,,,,,,,8.081655e-05,,1.5388032e-05,0.00012144036,16700.83,0.13759923,212.56586,,,,
1293,2022-01-17 00:00:00+02:00,0.2987259,0.032871976,429.73334,0.67937946,71392.305,2695.1694,81414.95,1695.1696,18.515247,,,,,,,,,,2.3032193e-05,6.901544e-06,1.6919184e-05,0.00011709075,18844.434,0.18112668,213.71294,,,,
1294,2022-01-18 00:00:00+02:00,0.60729337,0.045036815,730.2465,0.4292709,52158.375,5363.1123,59604.746,4363.1123,3.93557,,,,,,,,,,3.0194316e-05,1.72303e-05,1.4496007e-05,0.000104962426,16717.016,0.14888805,211.50131,,,,
1295,2022-01-19 00:00:00+02:00,0.35262817,,,0.7410115,51501.91,5710.094,58851.945,4710.094,57.278687,,,,,,,,,,5.3101474e-05,3.825214e-05,1.4640118e-05,0.00011893506,16702.98,0.143709,210.34126,,,,
1296,2022-01-20 00:00:00+02:00,-1.0998374,0.03311878,585.21594,0.90810883,75121.03,2253.3872,85494.516,1255.2274,97.85035,,,,,,,,,,1.6888322e-05,8.226816e-06,1.6268197e-05,8.6069755e-05,17081.94,0.18673015,211.72113,,,,
1297,2022-01-21 00:00:00+02:00,0.11466551,0.03718038,318.97385,0.7667253,86264.28,1269.3542,96260.516,385.50647,20.494427,,,,,,,,,,1.4274126e-05,-5.181529e-06,1.9916555e-05,0.00011051913,22124.602,0.17539181,210.37045,,,,
1298,2022-01-22 00:00:00+02:00,-0.1721686,0.040432885,228.16351,0.87753654,91940.11,856.80835,100085.625,169.82181,8.867744,,,,,,,,,,8.5541345e-05,5.8677877e-05,1.851183e-05,0.00018612029,16709.709,0.15027294,211.6586,,,,
1299,2022-01-23 00:00:00+02:00,0.04847257,0.03754391,833.76953,0.89436746,71161.92,3000.267,80717.516,2003.2607,29.63807,,,,,,,,,,3.8789636e-05,,1.7622064e-05,0.000112511836,14434.477,0.14975622,213.68427,,,,
1300,2022-01-24 00:00:00+02:00,-0.39786845,0.03604532,709.19806,0.99915797,94752.64,699.88934,102227.14,46.78809,126.499115,,,,,,,,,,7.03873e-05,,1.8212835e-05,0.00012086733,14433.214,0.14969209,212.19179,,,,
1301,2022-01-25 00:00:00+02:00,-0.48384643,0.037524655,502.95535,0.9200285,92653.78,817.87305,101646.55,40.990807,13.910784,,,,,,,,,,4.3465323e-05,,1.534589e-05,0.00011554261,16710.82,0.15085971,212.79482,,,,
1302,2022-01-26 00:00:00+02:00,-0.84313875,0.037012056,736.4086,0.9969767,75292.83,2432.833,85245.11,1432.833,43.09113,,,,,,,,,,6.24368e-05,,1.786797e-05,0.0001401037,17990.832,0.15445936,212.62512,,,,
1303,2022-01-27 00:00:00+02:00,-0.5494916,0.034226608,638.2284,1.0,78311.72,1993.8933,88713.02,995.16974,40.42801,,,,,,,,,,0.00023491732,,1.8265371e-05,0.0002029389,19245.582,0.14709345,214.37717,,,,
1304,2022-01-28 00:00:00+02:00,0.27220112,0.035726685,487.18878,0.7247453,88075.89,1112.1398,97731.2,259.39575,7.2004175,,,,,,,,,,2.3056706e-05,2.766157e-06,2.5938085e-05,0.0001358231,24222.988,0.1811538,216.65152,,,,
1305,2022-01-29 00:00:00+02:00,-0.21617189,,,0.99977577,44549.344,6345.049,50906.258,5345.049,120.33853,,,,,,,,,,,,,,,0.1447661,212.30685,,,,
1306,2022-01-30 00:00:00+02:00,-0.7552136,0.028985996,527.42334,0.985161,51760.594,5033.533,59257.496,4033.5332,60.821705,,,,,,,,,,,,,,,0.1532914,214.83806,,,,
1307,2022-01-31 00:00:00+02:00,-1.2474443,0.03668058,361.79788,0.8200677,83877.8,1415.7585,94041.664,506.9633,60.104656,,,,,,,,,,3.687083e-05,1.5458807e-05,1.948331e-05,0.00010903472,19235.742,0.18761313,212.8828,,,,
1308,2022-02-01 00:00:00+02:00,0.042135566,0.036292642,246.69215,0.9928461,72306.8,2605.974,82432.336,1606.3036,73.43214,,,,,,,,,,2.2512428e-05,,1.5412623e-05,8.432263e-05,20673.223,0.15066719,209.79514,,,,
1309,2022-02-02 00:00:00+02:00,-0.11456747,0.03848404,366.68787,0.9076483,84924.69,1359.489,94124.19,521.96136,14.139187,,,,,,,,,,9.18612e-05,,1.8559698e-05,0.00015349561,19235.588,0.1695654,210.66083,,,,
1310,2022-02-03 00:00:00+02:00,-0.52154434,0.0396247,343.56073,0.81574476,82821.05,1649.6941,93091.05,716.6603,10.030621,,,,,,,,,,7.361178e-05,5.0375595e-05,1.8017e-05,0.0001498012,16702.305,0.14824978,211.3003,,,,
1311,2022-02-04 00:00:00+02:00,-0.6843278,0.035501413,670.5202,0.9990405,82544.55,1650.6322,93308.92,650.6327,53.719032,,,,,,,,,,,,,,,0.1489299,214.16519,,,,
1312,2022-02-05 00:00:00+02:00,-0.74134403,0.03257618,469.54678,0.51341534,85062.1,1333.4788,94936.83,437.72418,45.65264,3.2283628e-05,1.3277334,2.7153294e-05,0.11971869,,,,,,3.295597e-05,2.3062066e-06,3.0904514e-05,0.0001317028,24195.178,0.19056007,219.6544,,,,
1313,2022-02-06 00:00:00+02:00,-0.5426006,0.03524514,548.4895,0.9995059,67035.75,3181.331,76212.92,2181.331,91.20478,,,,,,,,,,0.00014898232,,3.1034386e-05,0.00018451753,22074.912,0.1722376,221.42078,,,,
1314,2022-02-07 00:00:00+02:00,0.3401663,0.032966405,329.36737,0.7324345,82651.01,1549.8873,92481.5,645.8491,8.267883,2.0761061e-05,0.9476502,-1.2827905e-06,0.36008745,,,,,,3.388606e-05,-2.4054443e-06,3.687496e-05,0.00016602357,24169.027,0.22262032,223.40242,,,,
1315,2022-02-08 00:00:00+02:00,-0.36377895,0.036716618,739.2115,0.99964845,72810.55,2685.4631,82604.1,1685.614,64.35127,,,,,,,,,,0.00019600282,,2.5765903e-05,0.0001984841,16694.645,0.15526299,221.10727,,,,
1316,2022-02-09 00:00:00+02:00,-0.044327676,0.035745285,537.54395,0.9056835,93467.484,682.3455,101098.66,13.253394,8.605736,-3.890541e-05,1.7727234,-6.744345e-05,0.43289882,,,,,,5.714218e-05,4.084166e-05,2.6271788e-05,0.00015250196,17822.32,0.16128884,219.76288,,,,
1317,2022-02-10 00:00:00+02:00,-0.022751033,0.033965763,458.02274,0.8990618,67884.766,3209.918,77509.195,2209.9211,15.696671,8.372279e-05,1.0337709,8.748714e-05,0.3933403,,,,,,7.077218e-05,,2.5083302e-05,0.00015628425,16700.121,0.15726826,219.10852,,,,
1318,2022-02-11 00:00:00+02:00,-0.05165875,0.039694477,357.3494,0.7693881,84309.67,1513.6833,95249.56,530.2517,12.050249,-4.7775393e-06,1.3976474,-1.7671537e-05,0.42907313,,,,,,6.0473056e-05,3.232789e-05,2.58091e-05,0.00015357274,24265.656,0.1899148,215.77771,,,,
1319,2022-02-12 00:00:00+02:00,0.41419053,0.04297483,431.22232,0.5561192,50839.223,5489.506,58252.297,4489.506,8.307148,0.00013187499,0.83105963,9.515451e-05,0.37260437,,,,,,6.5555476e-05,4.055343e-05,1.9694377e-05,0.00011683373,16717.117,0.15564886,213.06421,,,,
1320,2022-02-13 00:00:00+02:00,0.41213554,,,0.48698956,49557.855,5672.5986,56814.914,4672.5986,7.01208,0.00014652062,0.91753376,0.000114012655,0.34230918,,,,,,9.065255e-05,6.4610904e-05,2.1852728e-05,0.00014560204,16705.52,0.16317534,213.45126,,,,
1321,2022-02-14 00:00:00+02:00,0.6994817,,,0.29862115,37995.36,7745.038,43782.63,6745.0376,3.8024697,0.000117398406,1.0099628,8.861627e-05,0.19587813,,,,,,7.258375e-05,5.0337945e-05,2.214755e-05,0.00013833953,14422.1045,0.15671474,214.88263,,,,
1322,2022-02-15 00:00:00+02:00,-0.38103795,0.039698467,536.4465,0.9936217,72516.734,2677.6606,82383.56,1677.6604,18.90699,,,,,,,,,,0.00013285306,,2.2842716e-05,0.00013139097,19252.65,0.15697163,216.34564,,,,
1323,2022-02-16 00:00:00+02:00,-1.4515342,,,0.9990337,61105.996,3979.0276,69739.59,2979.0276,149.5553,,,,,,,,,,,,,,,0.158903,221.50514,,,,
1324,2022-02-17 00:00:00+02:00,-0.47106096,0.026132122,342.64157,1.0,62733.164,3477.5527,71549.41,2477.5527,84.44756,,,,,,,,,,0.00012025087,,3.7899325e-05,0.00020356535,27394.156,0.17406207,225.88345,,,,
1325,2022-02-18 00:00:00+02:00,0.026119605,0.036764797,478.59198,0.45136735,82236.78,1554.9574,92913.79,571.30725,4.1162558,4.3178217e-05,1.3120329,4.2355743e-05,0.2205592,,,,,,5.3260534e-05,1.3057427e-05,4.0265862e-05,0.00018320375,22977.066,0.17150916,226.69081,,,,
1326,2022-02-19 00:00:00+02:00,-0.1524791,0.032190196,670.67053,0.9998448,72257.67,2514.767,82214.766,1514.7988,28.08983,,,,,,,,,,8.2194034e-05,,4.5104945e-05,0.00021133569,27490.055,0.20349985,228.48607,,,,
1327,2022-02-20 00:00:00+02:00,,,,,,,,,,,,,,,,,,,,,,,,,,,,,
1328,2022-02-21 00:00:00+02:00,,,,,,,,,,,,,,,,,,,,,,,,,,,,,
1329,2022-02-22 00:00:00+02:00,,,,,,,,,,,,,,,,,,,,,,,,,,,,,
1330,2022-02-23 00:00:00+02:00,-0.47149667,0.032639544,426.2635,1.0,80932.625,1805.5392,91496.31,820.40247,57.33062,,,,,,,,,,0.0001399022,,4.100277e-05,0.00021450553,23172.125,0.17775768,228.82741,,,,
1331,2022-02-24 00:00:00+02:00,0.052625485,,,0.35875437,40048.688,7169.5723,46068.402,6169.5723,4.502514,4.1839587e-05,0.8958339,1.8861652e-05,0.3359456,,,,,,0.000120587894,7.523829e-05,4.0919876e-05,0.00020793962,16702.09,0.14755887,231.92471,,,,
1332,2022-02-25 00:00:00+02:00,-0.11062771,0.032579888,360.08453,0.96569073,80184.125,1918.9504,89702.59,1011.93475,15.390177,1.2970253e-05,1.6074984,6.166896e-07,0.39217514,,,,,,4.4375876e-05,9.384764e-07,4.613948e-05,0.0001714114,22126.615,0.20458242,230.21985,,,,
1333,2022-02-26 00:00:00+02:00,0.0011829734,0.036621463,339.2898,0.2398913,82884.305,1815.6241,92575.82,911.04736,5.0746794,-1.6688819e-05,1.017308,-3.3074146e-05,0.23795316,,,,,,5.6807352e-05,1.95323e-05,3.727505e-05,0.00017030243,19301.67,0.18460207,228.8117,,,,
1334,2022-02-27 00:00:00+02:00,0.101704836,0.038437717,438.50275,0.2988256,68979.59,3338.1243,78382.57,2345.1204,1.6932809,1.3427884e-05,1.249708,5.484087e-06,0.22296457,1908.5051,2999.9988,0.029408269,1924.4258,2.8595324,6.4857915e-05,2.6784932e-05,3.8445396e-05,0.0001813357,16397.08,0.16038528,226.67578,,,,
1335,2022-02-28 00:00:00+02:00,0.055175543,0.038005196,317.3579,0.11668743,90550.89,1152.8915,98934.93,417.30704,1.7285029,6.690823e-05,1.1413894,6.547416e-05,0.113869436,1910.5585,2999.999,0.022362638,1926.9706,2.8664162,6.323216e-05,2.4832883e-05,3.8399277e-05,0.0001734958,16731.57,0.1715251,224.94267,,,,
1336,2022-03-01 00:00:00+02:00,0.054859314,0.039469793,278.94086,0.0048887767,72657.56,2864.3071,82461.46,1864.3075,4.0672703,2.4079352e-05,1.1103926,1.5931666e-05,0.05857818,1905.9081,2999.9973,0.015359802,1924.363,3.1395104,6.318817e-05,2.9151193e-05,3.403698e-05,0.00017032665,16727.16,0.16576155,224.85709,,,,
1337,2022-03-02 00:00:00+02:00,0.056289524,0.039103173,318.4627,0.3799187,60789.434,4269.4434,69119.67,3278.6858,5.739878,5.718598e-05,0.9807035,4.878477e-05,0.26495087,1905.0571,3000.0576,0.04505091,1919.3867,4.2237363,8.138934e-05,4.777056e-05,3.451683e-05,0.00018037288,19295.322,0.1633949,224.0657,,,,
1338,2022-03-03 00:00:00+02:00,-0.19751427,0.035307452,451.95795,0.9183922,79822.74,1973.481,90569.305,973.48096,7.540949,-6.888716e-05,1.0735626,-8.063792e-05,0.43228853,,,,,,4.1465868e-05,,3.9124978e-05,0.00015580803,23227.701,0.1708873,224.21426,,,,
1339,2022-03-04 00:00:00+02:00,-1.2261461,0.03646141,226.86655,0.4867314,82017.82,1786.5808,93165.64,786.5807,13.868903,1.802638e-05,1.4960088,1.7208236e-05,0.2914663,,,,,,5.554102e-05,1.9867537e-05,3.2898166e-05,0.00012333841,19291.178,0.16672052,221.75948,,,,
1340,2022-03-05 00:00:00+02:00,0.15653552,0.037673313,270.49823,0.13443072,92191.164,882.66656,100783.586,153.86359,1.7208444,6.460612e-05,1.2398312,6.890887e-05,0.1307685,1886.9905,3000.0017,0.045022905,1898.445,2.571036,5.9075195e-05,2.5511352e-05,3.3563843e-05,0.00015035196,19297.982,0.16549645,219.59756,,,,7.183292e-05
1341,2022-03-06 00:00:00+02:00,-0.3474999,0.035866648,160.35901,0.97177637,87615.25,1264.7129,99063.16,265.1003,14.101313,,,,,,,,,,3.781527e-05,,2.715001e-05,0.000112586684,19286.133,0.14447184,220.40103,,,,-2.7009177e-05
1342,2022-03-07 00:00:00+02:00,-0.050037418,0.039094783,259.53943,0.6693284,90397.32,992.68604,100810.78,96.38989,5.758021,9.8524915e-06,1.4233041,-3.761625e-06,0.40553916,,,,,,3.814751e-05,1.24355465e-05,3.5717585e-05,0.00013382501,20508.37,0.15304348,222.21426,,,,
1343,2022-03-08 00:00:00+02:00,-0.16532594,0.038130857,706.3064,0.9213115,78917.01,2138.0232,89363.39,1138.0232,7.214584,0.00015348113,1.1556863,0.00016979268,0.5372093,,,,,,5.247122e-05,,3.465249e-05,0.00013865127,16712.938,0.15476435,223.25488,,,,-3.9879716e-05
1344,2022-03-09 00:00:00+02:00,-1.464167,0.03697241,435.97623,0.965985,89686.44,1111.5585,100177.4,198.51874,21.976645,-8.860353e-05,1.6443292,-0.00015405375,0.4739484,,,,,,6.707171e-05,,3.6600435e-05,0.00013248502,16422.934,0.16243726,223.26628,,,,1.23739155e-05
1345,2022-03-10 00:00:00+02:00,0.05668837,0.038595278,194.56793,0.16159345,86090.016,1557.9088,94419.89,818.88794,1.9394482,9.103799e-05,1.2216283,0.0001012646,0.15517777,1888.2719,3000.0059,0.06502712,1897.7441,2.4515903,5.983919e-05,1.324665e-05,4.6592537e-05,0.00018781495,16732.346,0.1744146,220.77417,0.00069381477,0.28532654,0.00019420222,-9.020858e-06
1346,2022-03-11 00:00:00+02:00,-0.034864962,0.039588217,257.43243,0.15338455,60873.61,4262.953,69411.445,3262.9534,4.7900233,5.0660274e-05,1.1766531,4.805665e-05,0.15404898,,,,,,6.619295e-05,2.4674282e-05,4.1518673e-05,0.00016820549,15583.917,0.16986567,221.20984,0.000899689,0.2551198,0.00022642195,-1.7849901e-05
1347,2022-03-12 00:00:00+02:00,-0.06523158,0.041728906,318.04404,0.01774327,87340.67,1447.8022,94220.3,789.92975,4.874753,6.645259e-05,1.1903193,6.74614e-05,0.06995411,1884.3557,3000.0107,0.03779404,1893.1592,2.5286283,8.2051716e-05,5.1222713e-05,3.082901e-05,0.00015726846,14434.942,0.15613793,220.22134,0.00069437025,0.21733272,0.00015184158,2.09349e-05
1348,2022-03-13 00:00:00+02:00,-0.03767097,0.03952834,443.7585,0.08074698,91012.83,1045.7281,98834.39,366.55206,3.5257444,9.164272e-05,1.0281763,8.328511e-05,0.088168174,1888.6445,2999.996,0.012791645,1898.2202,2.1880088,5.6072437e-05,2.4454537e-05,3.1617896e-05,0.00013712606,14434.253,0.15684792,221.0704,0.0009113847,0.21372801,0.00017821803,-1.1295845e-05
1349,2022-03-14 00:00:00+02:00,-0.087572634,0.036827598,293.94815,0.15768613,89736.02,1183.3071,99508.67,331.63544,1.0,6.40852e-05,1.029195,5.592558e-05,0.15543021,1880.7506,3000.0159,0.034545664,1888.1536,1.921634,5.589401e-05,2.4266337e-05,3.162767e-05,0.00014493188,16725.746,0.16762115,223.03293,0.0025326654,0.18693763,0.00033497778,3.794097e-05
1350,2022-03-15 00:00:00+02:00,0.0867807,0.042487152,431.87274,0.22022654,82859.68,1783.1904,91977.58,938.431,1.0809969,9.9234865e-05,0.926814,8.8965426e-05,0.21225227,1891.1823,3000.009,0.037922207,1898.8583,1.9758021,8.313244e-05,4.2163847e-05,4.0968604e-05,0.00020286586,17078.111,0.179023,222.57156,0.00080910383,0.32926294,0.00026539268,7.384383e-05
1351,2022-03-16 00:00:00+02:00,-0.09537892,0.039702106,368.4552,0.1510331,83741.46,1777.5583,92362.66,943.1946,3.0640743,8.783172e-05,0.9207911,6.96034e-05,0.15709332,1900.5314,3000.0007,0.031574972,1908.7802,2.0011625,6.706847e-05,2.7020971e-05,4.0047496e-05,0.0001690398,21696.988,0.16122797,223.34546,0.0005764289,0.31955194,0.00018519505,1.4220188e-05
1352,2022-03-17 00:00:00+02:00,-0.08148676,0.037635803,156.33362,0.03685708,85203.89,1756.9634,91141.03,1149.1744,4.890269,8.18893e-05,0.9795419,6.945986e-05,0.06564021,1895.0787,3000.0083,0.04223778,1901.1782,2.0690901,5.012301e-05,1.1566694e-05,3.8556318e-05,0.00014708159,19323.562,0.15569419,223.2174,0.0009858126,0.2443305,0.0002288333,4.733551e-05
1353,2022-03-18 00:00:00+02:00,-0.13872102,0.04045841,289.65332,0.106785715,99817.3,386.82626,101873.84,208.63095,4.3696475,0.00014237213,0.9968477,0.00013061793,0.15652701,1898.7494,3000.0234,0.028583968,1903.8599,1.9401509,7.698782e-05,4.0509156e-05,3.647866e-05,0.00017082512,16736.21,0.14842376,221.86716,0.0007406887,0.30358782,0.000201625,4.5897694e-05
1354,2022-03-19 00:00:00+02:00,-0.4903629,0.03886979,505.744,0.37176085,88824.484,1387.956,98544.07,535.2385,4.8824244,6.495003e-05,1.0608261,5.624976e-05,0.26165086,1886.3984,3000.0366,0.025830075,1890.989,1.7341533,5.4799748e-05,2.102431e-05,3.3824326e-05,0.00015198598,16741.555,0.16271393,221.39383,0.00048777423,0.31996083,0.0001435773,4.8410617e-05
1355,2022-03-20 00:00:00+02:00,-0.9524476,0.03634689,547.34827,0.0,,,,,,3.9679984e-05,0.9725302,3.096777e-05,0.0,1884.5643,3000.0098,0.027105875,1889.7549,1.7426785,5.4325646e-05,2.1701719e-05,3.262393e-05,0.0001164112,16742.014,0.1564962,221.36722,0.000384347,0.29513136,0.00011324829,1.2888141e-05
1356,2022-03-21 00:00:00+02:00,-0.14180377,0.03782405,371.6364,0.14710067,87682.49,1466.1079,95865.99,711.19336,1.3714625,8.9161695e-05,0.96443427,7.3611394e-05,0.14973755,1897.0529,3000.006,0.029645097,1902.7094,1.7729055,7.398652e-05,4.0041865e-05,3.394465e-05,0.00016488624,16736.855,0.15471114,221.93428,0.0014068838,0.18676248,0.00018095663,8.154454e-06
1357,2022-03-22 00:00:00+02:00,-0.18254298,0.03961134,321.82202,0.11964575,86426.03,1557.3383,95988.39,691.9641,3.5102847,0.0001315579,0.9484157,0.000112559654,0.11951742,1891.1858,3000.009,0.023268841,1896.1982,1.7651262,6.336166e-05,2.7627451e-05,3.5734207e-05,0.00015042207,16730.898,0.1544401,223.66159,0.0008620046,0.22459272,0.0001661135,2.6677948e-05
1358,2022-03-23 00:00:00+02:00,-0.095307484,0.040045083,353.69623,0.21601409,95035.26,685.42505,99014.28,355.03842,2.0872416,5.3931362e-05,0.9871007,4.252445e-05,0.16169068,1897.521,3000.0242,0.02222605,1902.7251,1.8283378,5.4682496e-05,1.3663904e-05,4.101859e-05,0.00015755437,19131.277,0.16175896,224.63983,0.0007200702,0.26006532,0.0001705105,9.540112e-06
1359,2022-03-24 00:00:00+02:00,0.064647734,0.036390305,721.1252,0.09218352,90503.91,1079.1041,98797.92,339.33865,3.6236978,7.241663e-05,0.97361493,5.859621e-05,0.10126551,1892.742,2999.9897,0.013542499,1896.4714,1.6580383,5.9339844e-05,2.0081625e-05,3.9258215e-05,0.00016073263,16717.16,0.15919274,224.6051,0.00088969845,0.23980418,0.0001928744,2.3980998e-05
1360,2022-03-25 00:00:00+02:00,-0.7121184,0.039837133,761.867,0.023115396,76295.09,2479.6118,85990.836,1503.9219,8.686493,7.696491e-05,0.96248937,6.5077315e-05,0.034074582,1895.6877,3000.2185,0.05658044,1900.7954,1.7326306,6.116961e-05,2.1537857e-05,3.967182e-05,0.00013268899,18870.885,0.15433927,223.63239,0.0003522075,0.2937036,0.00010487138,1.549938e-05
1361,2022-03-26 00:00:00+02:00,0.331832,0.03895533,304.66617,0.14317212,81620.67,1860.4019,88132.6,1230.2548,1.8570615,8.115807e-05,1.0413983,7.458712e-05,0.14046578,1859.0359,3000.0068,0.046413682,1863.3639,1.6539278,5.1575204e-05,7.571202e-06,4.4004002e-05,0.00015895125,14427.576,0.16131482,222.51169,0.0011738279,0.30432636,0.0002488253,3.9247563e-05
1362,2022-03-27 00:00:00+02:00,-0.4464295,,,0.4688941,38243.223,7684.544,44043.76,6684.544,4.8052964,0.00011198759,0.6704687,5.895438e-05,0.41611713,,,,,,5.3337688e-05,1.0901515e-05,4.117318e-05,0.00014012138,14433.623,0.161064,222.7563,0.00063930196,0.3008235,0.00018904824,1.1751807e-06
1363,2022-03-28 00:00:00+03:00,-0.08783266,0.037952155,506.31754,0.3903746,87709.69,1204.0062,96056.02,426.9187,4.5434594,8.502921e-05,1.2762516,9.252506e-05,0.295314,,,,,,5.175415e-05,1.6225727e-05,3.484911e-05,0.00013846185,13054.035,0.14304452,223.60107,0.00022761422,0.38723147,9.810184e-05,-4.5206234e-06
1364,2022-03-29 00:00:00+03:00,-0.09464085,0.037904043,351.30664,0.29565096,80925.76,1830.7751,90712.47,910.29834,4.7638655,6.283289e-05,1.1676667,5.4969445e-05,0.246696,,,,,,4.5346256e-05,1.9808888e-06,4.3874003e-05,0.00014440759,16693.45,0.16273516,223.9091,0.0004085814,0.41306704,0.00014043709,2.6589187e-05
1365,2022-03-30 00:00:00+03:00,-0.39224708,0.036439605,248.14189,0.49563926,77081.99,2143.7063,87328.3,1187.2625,5.7264137,3.3278357e-05,1.0669339,2.405986e-05,0.311146,,,,,,5.3332304e-05,1.0553771e-05,4.4758744e-05,0.00016194236,19256.879,0.15701887,226.0875,-0.00012092202,0.52069396,-6.295649e-05,-5.824009e-05
1366,2022-03-31 00:00:00+03:00,0.12910888,0.039951615,336.28925,0.34921402,74731.61,2430.5815,84677.77,1467.6858,5.9517336,8.363809e-05,1.0186719,6.367513e-05,0.27117062,,,,,,6.22369e-05,1.4251764e-05,4.9103804e-05,0.00018526832,16699.328,0.15369438,226.51086,0.0015791226,0.33064473,0.00028159292,2.6001318e-05
1367,2022-04-01 00:00:00+03:00,-0.07449949,0.040810373,278.1089,0.2780707,40484.668,6954.545,46707.773,5954.545,4.897316,0.00011253367,0.873322,8.300339e-05,0.27160344,,,,,,6.1844534e-05,1.3659822e-05,4.8293896e-05,0.00016641396,16699.703,0.15172836,226.63902,0.00032679326,0.24731904,7.1035814e-05,-2.3672055e-05
1368,2022-04-02 00:00:00+03:00,0.11315127,0.042856157,278.28186,0.09989151,73896.3,2671.0718,82723.89,1777.202,4.8553143,9.6193355e-05,1.0894332,9.079206e-05,0.089246884,1876.4581,3000.0388,0.1416258,1882.6277,2.6648366,6.6160545e-05,1.9860898e-05,4.6299647e-05,0.00017219587,16698.86,0.16024032,227.03232,-2.5471074e-05,0.33700347,-1.6822803e-05,-3.7630547e-05
1369,2022-04-03 00:00:00+03:00,-0.038027037,0.038282696,390.68805,0.22597033,86362.03,1341.6029,95170.266,538.4849,4.464466,5.8310554e-05,1.0927246,4.9776765e-05,0.17336965,,,,,,5.8222337e-05,8.574984e-06,4.9749087e-05,0.00016421906,19264.184,0.17880082,226.62491,0.0002904878,0.3900211,0.00011625283,1.4547815e-05
1370,2022-04-04 00:00:00+03:00,-0.5996525,0.03861069,400.9181,1.0,79449.234,1882.9269,90084.984,883.811,28.628172,,,,,,,,,,6.0643575e-05,,4.75636e-05,0.00013224277,16684.785,0.173437,226.29852,,,,
1371,2022-04-05 00:00:00+03:00,-1.0989429,0.03438885,415.42014,0.4560458,75356.17,2170.5017,85678.23,1182.666,8.560198,3.929318e-05,1.1645429,3.031543e-05,0.25691405,,,,,,5.340841e-05,-1.8074098e-06,5.6795347e-05,0.00014237808,22066.98,0.20003004,227.00188,5.4727418e-05,0.63765216,3.262821e-05,-2.1690596e-05
1372,2022-04-06 00:00:00+03:00,-0.61535805,0.031878073,612.00745,0.9864616,58946.62,4141.712,67267.87,3141.7122,11.554301,,,,,,,,,,7.7151824e-05,,4.77108e-05,0.00016606932,17958.68,0.18129507,225.98825,,,,-2.4577366e-05
1373,2022-04-07 00:00:00+03:00,-0.7641051,0.037993494,577.604,0.9438728,56942.52,4416.0723,64984.85,3416.0723,12.7641,,,,,,,,,,4.962801e-05,,4.9537426e-05,0.00015080028,19210.934,0.18000494,226.01862,,,,-9.209611e-06
1374,2022-04-08 00:00:00+03:00,-0.48286897,0.034503408,362.2544,0.8405868,71710.77,2603.4958,81738.7,1603.4958,9.306372,0.00010704133,0.6992242,5.3818385e-05,0.46671757,,,,,,4.8482303e-05,-2.5323093e-06,5.4768076e-05,0.00016325747,24116.418,0.20270357,226.99298,,,,4.957126e-06
1375,2022-04-09 00:00:00+03:00,-0.5125452,0.036440633,551.4779,0.48717004,78069.09,1999.2026,88032.266,1038.2866,4.9869742,5.0800983e-05,1.0814271,2.9794111e-05,0.28424385,,,,,,6.805202e-05,1.5004212e-05,5.369789e-05,0.00018506369,23120.73,0.20060259,227.68227,0.00061611965,0.40271884,0.00018993497,-5.791113e-06
1376,2022-04-10 00:00:00+03:00,-1.3830872,0.03692554,546.0783,0.91808224,77967.85,2086.7095,88386.12,1086.7094,12.154175,5.7613044e-05,0.7560292,3.3610006e-05,0.46491662,,,,,,6.902482e-05,2.1191907e-05,5.1020445e-05,0.00014906794,22120.52,0.19607505,227.65431,0.0011286068,0.429368,0.00048458765,1.6616576e-05
1377,2022-04-11 00:00:00+03:00,-0.18638954,0.036224782,502.52692,0.9591287,89766.28,1031.6294,99966.03,139.15326,13.531759,,,,,,,,,,6.673491e-05,,5.6716905e-05,0.00019721861,22160.098,0.19019765,226.35529,,,,1.9130528e-05
1378,2022-04-12 00:00:00+03:00,0.038350075,0.036582917,361.2437,0.10072496,75429.586,2445.0889,82780.984,1707.4364,2.046092,0.00010459624,0.9242938,8.3019375e-05,0.08520031,1843.8678,3000.0042,0.03359667,1852.4827,1.7566878,8.062417e-05,2.6955997e-05,5.3668176e-05,0.00018513647,19288.393,0.17275822,227.77893,0.0002381546,0.33225816,7.286399e-05,-8.201409e-06
1379,2022-04-13 00:00:00+03:00,-0.18612203,,,0.68751633,31556.535,9079.881,36647.984,8079.881,6.245743,8.134911e-05,0.9171841,5.3936757e-05,0.3047405,,,,,,7.91591e-05,3.1552743e-05,5.2094998e-05,0.00017157578,16715.758,0.16546142,227.43356,0.00081761915,0.19431019,0.0001620162,1.29694445e-05
1380,2022-04-14 00:00:00+03:00,-0.01093371,0.034559526,1213.7506,0.99735105,60814.594,4243.0635,69203.84,3243.0632,35.880123,,,,,,,,,,9.057819e-05,,4.8727896e-05,0.00016228289,17992.574,0.15873206,227.10211,,,,2.701071e-06
1381,2022-04-15 00:00:00+03:00,-0.880857,0.032612707,964.2783,1.0,82907.36,1718.3853,93736.31,721.973,38.879467,,,,,,,,,,7.396612e-05,,4.876261e-05,0.0001671997,22176.748,0.17755808,228.62677,,,,
1382,2022-04-16 00:00:00+03:00,-0.09423438,0.035781592,513.43256,0.28988016,86082.78,1504.9338,95699.41,643.669,5.8141007,2.6020458e-05,1.0352757,1.3385943e-05,0.26600683,,,,,,7.3880045e-05,2.0960946e-05,5.3744836e-05,0.0001898096,22217.71,0.1864351,227.14978,0.0032066137,0.2990921,0.00046342274,4.9388134e-05
1383,2022-04-17 00:00:00+03:00,0.08421968,0.03699025,482.26938,0.15510038,57174.516,4825.635,64924.176,3836.7964,3.7355628,2.5545778e-05,0.77374476,9.493911e-06,0.1552901,1881.8835,3000.014,0.041842815,1889.6519,1.7157805,7.057357e-05,1.7095677e-05,5.347789e-05,0.00017158233,20756.707,0.18003231,227.58005,0.00066021224,0.2504942,0.00013357948,-1.1473025e-05
1384,2022-04-18 00:00:00+03:00,-0.11658886,0.03594054,682.86804,0.3386299,64364.1,3802.7231,72554.56,2845.4639,5.9440875,4.7158668e-05,1.016034,3.2836644e-05,0.1615776,,,,,,5.9802864e-05,9.010442e-06,5.2671807e-05,0.00016365002,19287.342,0.17648935,227.85587,0.00033462938,0.35469598,0.00010500326,1.3085721e-05
1385,2022-04-19 00:00:00+03:00,-0.5197146,0.038137015,861.30054,0.5895084,60159.758,4337.347,68399.14,3337.3472,5.2148085,4.3275988e-05,0.6848064,1.589765e-05,0.44360638,,,,,,8.9868e-05,2.8432125e-05,5.5962242e-05,0.00018266885,20718.303,0.1729921,228.2314,-0.00037584495,0.20701365,-7.8490964e-05,-2.6862963e-05
1386,2022-04-20 00:00:00+03:00,0.20703712,0.035283644,468.03952,0.05856334,79730.09,2216.3633,87050.09,1448.998,4.812948,8.023703e-05,0.86700344,5.2898657e-05,0.063986585,1898.1428,3000.1418,0.034717683,1901.5752,1.5347741,7.977819e-05,2.9142975e-05,5.063521e-05,0.00018708498,19270.46,0.16820788,228.20091,0.0010668001,0.27218938,0.00024406787,-1.5175443e-05
1387,2022-04-21 00:00:00+03:00,-0.3574819,0.031180603,434.83524,0.0,,,,,,8.747881e-05,0.8652628,6.155019e-05,0.0,1874.8411,3000.1074,0.028204102,1879.3002,1.5656843,7.420906e-05,2.271598e-05,5.1493083e-05,0.00015089988,19271.717,0.15782903,228.47896,0.000419007,0.356369,0.00014923622,5.736962e-05
1388,2022-04-22 00:00:00+03:00,-0.07231474,0.037157483,513.8219,0.15711193,81923.04,1857.9408,90467.31,1027.2543,3.0764365,0.00011509352,1.0003413,9.063834e-05,0.14325927,1891.4049,3000.0813,0.04577114,1897.5342,1.6511197,7.967715e-05,2.5541312e-05,5.413584e-05,0.00019577463,22168.18,0.1568623,228.139,9.9842e-06,0.3826456,2.2662734e-06,-1.9244866e-05
1389,2022-04-23 00:00:00+03:00,-0.5779219,0.037513763,635.5709,0.86345494,69643.08,3011.26,79418.48,2015.2112,19.996021,-1.641229e-05,1.1808566,-4.364187e-05,0.40804064,,,,,,6.350149e-05,1.6177519e-05,5.3377466e-05,0.00016741786,22137.418,0.16297637,229.00743,-0.00049497304,0.4915712,-0.00024331448,-2.7510846e-06
1390,2022-04-24 00:00:00+03:00,-0.47990096,0.036241803,816.3061,0.9724581,80524.164,1891.8491,91020.375,891.85046,16.46673,,,,,,,,,,7.32928e-05,,5.5389668e-05,0.00017357054,24231.938,0.16914806,229.4697,,,,
1391,2022-04-25 00:00:00+03:00,-0.45365536,0.037650283,750.795,0.9927999,82789.44,1646.562,93527.78,646.562,19.092762,,,,,,,,,,8.239843e-05,,5.0852832e-05,0.00017122611,22130.357,0.16537052,230.01251,,,,
1392,2022-04-26 00:00:00+03:00,-0.83548903,0.033959836,698.1921,0.0053764046,78758.14,2275.5356,85202.55,1592.158,5.3351974,8.843793e-05,0.93020993,6.212554e-05,0.01239468,1863.5996,3000.4548,0.059553903,1868.7023,1.573046,7.077636e-05,1.7117642e-05,5.365872e-05,0.00014537337,19272.568,0.1629265,228.64923,0.00016110529,0.3429762,4.945231e-05,1.4752319e-06
1393,2022-04-27 00:00:00+03:00,-0.32341063,0.032931555,403.63538,0.31135386,73920.89,2838.6582,81712.484,2020.9681,6.360736,4.512006e-05,1.0604091,2.2993163e-05,0.26205158,,,,,,7.724005e-05,1.9754858e-05,5.777167e-05,0.00019343087,22197.496,0.16796139,228.68382,0.0009944757,0.30019748,0.00026027294,-4.0576497e-06
1394,2022-04-28 00:00:00+03:00,-0.19799437,0.035435952,450.14893,0.092403755,87262.78,1398.376,94120.07,772.2574,3.9929209,4.4095766e-05,0.92214674,1.8684954e-05,0.09017343,,,,,,8.0203856e-05,2.0624591e-05,5.9579266e-05,0.00018938733,21769.97,0.1730665,229.82687,0.00020909589,0.29931337,5.8997015e-05,-8.124998e-07
1395,2022-04-29 00:00:00+03:00,-0.5770225,0.037307575,542.17426,0.44209808,69831.16,3246.8252,78685.06,2296.7546,5.5700407,7.029124e-05,0.9394752,4.2354157e-05,0.25565645,,,,,,8.997769e-05,2.8830593e-05,5.6760036e-05,0.00019140812,19300.234,0.17415775,229.88046,0.00054844987,0.28626776,0.00013479685,1.42561e-05
1396,2022-04-30 00:00:00+03:00,-0.27077377,0.035268694,637.50574,0.39866352,75247.39,2561.3245,85173.58,1586.1981,6.440593,5.5612007e-05,1.0840217,3.469539e-05,0.21253318,,,,,,7.3380594e-05,2.156571e-05,5.455401e-05,0.00017835689,16717.268,0.16575181,228.7603,0.00023723161,0.28553084,5.498835e-05,-3.085757e-05
1397,2022-05-01 00:00:00+03:00,-0.9179105,0.030987596,690.0937,0.62136644,70252.984,3102.8086,79397.65,2133.07,6.7860584,-8.442814e-06,1.0560654,-3.7899503e-05,0.39771163,,,,,,,,,,,0.16978137,229.40073,9.342617e-05,0.41475508,2.3469136e-05,3.298097e-05
1398,2022-05-02 00:00:00+03:00,0.15340918,0.03412435,581.0081,0.14167616,52473.402,5473.8647,59822.93,4486.0493,4.9234557,7.4554264e-05,0.97699666,5.4570544e-05,0.14334638,1843.3527,3001.2483,0.16803953,1850.3564,1.6872061,7.0898095e-05,1.1254164e-05,5.9643928e-05,0.00019865543,17992.902,0.16448516,228.33304,0.00104482,0.27503398,0.00022033716,6.57394e-05
1399,2022-05-03 00:00:00+03:00,-0.22699058,0.03414888,576.0129,0.13869798,64928.945,3806.3901,73236.63,2852.9016,4.608234,4.057257e-05,0.9980806,1.9945905e-05,0.115853384,,,,,,7.419742e-05,1.5379903e-05,5.9003425e-05,0.00019254992,16702.121,0.16490692,229.80273,0.00024455087,0.39539123,9.4317955e-05,1.7806073e-05
1400,2022-05-04 00:00:00+03:00,,0.034554955,519.70435,0.15287031,57519.62,4857.1626,64551.605,3936.892,5.3729324,4.2767802e-05,0.96130836,1.5414498e-05,0.1338637,,,,,,7.4913594e-05,1.2555165e-05,6.2464984e-05,0.00019006421,19290.205,0.164787,230.54546,0.00033706782,0.3626971,0.000110827954,1.3534535e-05
1401,2022-05-05 00:00:00+03:00,-0.5853237,0.032543477,695.2941,0.9801059,69653.8,3124.188,79141.13,2124.188,16.462881,,,,,,,,,,7.305557e-05,,5.683017e-05,0.00017257588,19283.922,0.16851538,229.89462,,,,-9.2262053e-07
1402,2022-05-06 00:00:00+03:00,-0.14382246,0.034245446,665.1219,0.008401971,70936.984,3018.558,80407.625,2018.558,3.7902274,6.00099e-05,0.86715865,2.6119527e-05,0.014218221,1880.2339,3000.028,0.022248596,1885.8231,1.6186734,7.5008385e-05,1.4367665e-05,6.0640723e-05,0.00019607108,19286.77,0.16574857,230.90411,0.0011527725,0.24887438,0.00024079783,2.29853e-05
1403,2022-05-07 00:00:00+03:00,-1.1880444,0.03171559,873.7245,1.0,75801.72,2459.0398,86078.76,1459.0398,18.116545,,,,,,,,,,6.5509965e-05,,5.6599045e-05,0.00013776649,19280.94,0.16034728,230.21106,,,,-2.6324115e-05
1404,2022-05-08 00:00:00+03:00,-0.38245866,,,0.27170852,75390.95,2583.4785,83920.09,1711.771,5.38937,7.133112e-05,1.0136088,4.819414e-05,0.1672011,,,,,,8.0527134e-05,2.0136968e-05,6.0766833e-05,0.00019578874,19292.627,0.16793498,230.30324,0.00041591254,0.35505408,0.00011376735,2.4045847e-05
1405,2022-05-09 00:00:00+03:00,-0.13042933,0.036586054,534.6366,0.065073505,80374.51,2064.632,88047.766,1334.2235,3.1682124,9.410974e-05,1.027071,7.4228665e-05,0.05678667,1857.8787,3000.585,0.06994614,1864.334,1.8306315,7.628296e-05,1.4079949e-05,6.220301e-05,0.00019156121,16724.422,0.16904649,230.17397,0.00011164361,0.33087018,2.9578485e-05,-1.387597e-06
1406,2022-05-10 00:00:00+03:00,-0.16303848,0.036054645,571.68713,0.18464115,42495.457,7134.8916,48678.15,6134.892,5.8857813,9.24098e-05,0.82200193,4.5997338e-05,0.18466108,1868.5524,3000.166,0.091394186,1881.3584,2.3041644,7.456211e-05,1.4032752e-05,6.0330625e-05,0.00018042314,14430.475,0.16230717,230.53531,0.0005212628,0.20320004,9.2745795e-05,-3.9396873e-05
1407,2022-05-11 00:00:00+03:00,-0.8259218,0.034012992,1230.9629,0.53830814,44724.453,6686.168,51048.914,5686.168,6.7499695,7.8505116e-05,0.7027202,3.191091e-05,0.38933676,,,,,,7.116281e-05,9.510873e-06,6.0932114e-05,0.00018097891,14433.825,0.16115054,231.66977,0.00048290179,0.249238,0.00011443009,-2.590281e-05
1408,2022-05-12 00:00:00+03:00,-1.3245683,0.030661182,900.03754,0.35355535,83174.34,1715.1119,90388.84,994.44257,7.11162,6.5421234e-05,1.0220388,3.1023592e-05,0.14390683,,,,,,7.860122e-05,9.95002e-06,6.973857e-05,0.00016966868,19251.479,0.18313432,231.41396,6.326103e-05,0.38271868,1.1073703e-05,2.3360321e-06
1409,2022-05-13 00:00:00+03:00,-0.5581352,0.031678654,781.9542,0.43556005,63950.863,3851.768,72621.58,2854.7393,6.456029,4.8167756e-05,1.074074,2.232134e-05,0.3910691,,,,,,7.203438e-05,7.909943e-06,6.538902e-05,0.00019841347,19265.438,0.17601988,230.49579,0.00023469682,0.42044297,0.00010435893,2.3460409e-05
1410,2022-05-14 00:00:00+03:00,-0.3413122,0.032044146,793.72845,0.9931747,78980.17,2041.4082,89426.29,1041.4082,25.070713,,,,,,,,,,7.202153e-05,,5.8509046e-05,0.00017626336,20485.016,0.17747548,230.88873,,,,-1.8579774e-05
1411,2022-05-15 00:00:00+03:00,-0.044528473,0.03368038,791.9374,0.0072497637,68623.53,3227.4246,77942.45,2227.4246,2.8996818,6.012097e-05,0.91705775,2.9817907e-05,0.01832941,1859.9453,3000.0466,0.022770323,1871.2463,1.8843448,7.4343276e-05,1.44392925e-05,5.9903978e-05,0.0001829453,18913.215,0.1659746,231.51102,0.00016193677,0.39423692,6.491171e-05,2.3875917e-05
1412,2022-05-16 00:00:00+03:00,-0.5722411,0.032246485,694.4634,0.12619281,77827.11,2316.8696,86462.984,1452.5958,6.738352,3.604698e-05,1.0495465,1.117763e-05,0.10331078,1883.8762,2999.9998,0.013433466,1889.2086,1.5707984,7.4450596e-05,1.6274782e-05,5.8931902e-05,0.00018816366,19094.213,0.15937367,231.76202,0.00021174041,0.40931034,7.9446734e-05,1.7750017e-05
1413,2022-05-17 00:00:00+03:00,-0.9494768,0.028675975,501.44727,0.30247882,79785.14,2082.1277,88676.13,1223.0312,8.518004,-3.3344524e-05,1.0172744,-5.748697e-05,0.210583,,,,,,7.837414e-05,1.512447e-05,6.423655e-05,0.0002123577,22186.438,0.18135622,231.86708,0.00072768034,0.39134598,0.00021332232,2.2776705e-05
1414,2022-05-18 00:00:00+03:00,0.08078441,0.033796117,474.45847,0.08178609,87049.125,1452.788,94180.625,793.29016,3.7544942,6.2291874e-05,1.097998,4.9328286e-05,0.08925693,1870.8964,3000.3184,0.05081522,1880.3285,1.7624942,7.580766e-05,1.0754242e-05,6.5053406e-05,0.00020724005,16719.484,0.16405949,230.51825,0.0007866508,0.34625944,0.0002138183,7.851551e-05
1415,2022-05-19 00:00:00+03:00,-0.74514073,0.033378594,1090.7233,0.66067284,65589.766,3749.8464,74107.7,2754.187,17.871008,6.544526e-05,1.1254276,4.0433126e-05,0.2222816,,,,,,8.3888735e-05,2.2888858e-05,6.035943e-05,0.00018279656,14429.168,0.15854906,231.17372,0.0001114766,0.32508057,1.3266151e-05,-2.4434059e-05
1416,2022-05-20 00:00:00+03:00,-0.7886984,0.03172738,1265.9019,0.6730424,70431.8,3118.9934,79550.97,2118.9934,9.007323,8.2097125e-05,0.9651181,4.686534e-05,0.3462646,,,,,,7.214311e-05,7.5662015e-06,6.563988e-05,0.00018853278,16699.812,0.16127713,231.97269,0.00018486555,0.2372272,4.5536373e-05,1.5045851e-05
1417,2022-05-21 00:00:00+03:00,-0.81892955,,,1.0,57380.78,4634.2886,65162.92,3634.2886,58.142326,,,,,,,,,,8.120439e-05,,5.709155e-05,0.0001780172,19245.127,0.1703969,232.55472,,,,
1418,2022-05-22 00:00:00+03:00,-1.1145183,0.02937344,1435.3877,0.9910017,57498.18,4600.2305,65319.11,3600.2305,15.18074,,,,,,,,,,8.321622e-05,,6.085889e-05,0.00018707241,19260.266,0.1666239,232.38348,,,,-2.019728e-05
1419,2022-05-23 00:00:00+03:00,-0.92751336,0.032447413,875.23364,0.03567456,90814.11,957.56213,98253.086,282.029,11.160862,7.0838694e-05,0.9688078,3.838905e-05,0.02995864,,,,,,9.041556e-05,2.5182531e-05,6.514407e-05,0.00017517754,19270.068,0.17232293,231.95395,-5.875696e-05,0.3874286,-3.3345565e-05,-4.4596047e-05
1420,2022-05-24 00:00:00+03:00,0.51810086,0.032197542,813.86084,0.10178548,75538.24,2475.656,83271.234,1685.2728,3.0931401,7.8225254e-05,1.1336553,5.382753e-05,0.11711658,,,,,,9.093738e-05,2.8584605e-05,6.2352774e-05,0.00021033318,16698.203,0.16928305,228.53784,6.94333e-05,0.4319855,1.3800001e-05,-9.06535e-06
1421,2022-05-25 00:00:00+03:00,-0.6331308,0.030478556,759.90265,1.0,67735.83,3398.7026,76630.44,2398.7026,38.57544,,,,,,,,,,7.969115e-05,,6.0591563e-05,0.00017722946,19264.18,0.16498384,232.366,,,,-2.8709335e-05
1422,2022-05-26 00:00:00+03:00,-0.5083108,0.026877392,1051.1536,0.9470105,79741.75,1973.141,89938.66,991.33777,41.140327,0.0001263057,1.0913131,0.00011085686,0.4050813,,,,,,9.219877e-05,3.5060195e-05,5.8726226e-05,0.00019403381,19258.11,0.17658193,232.93042,0.0010684578,0.30068105,0.00032126502,-2.7235126e-05
1423,2022-05-27 00:00:00+03:00,-0.5052389,0.02756885,865.0408,0.9879606,79258.45,1950.2632,89708.34,953.3431,36.622116,,,,,,,,,,7.346475e-05,,6.792875e-05,0.00019778729,24208.062,0.18245044,232.86601,,,,-3.783838e-05
1424,2022-05-28 00:00:00+03:00,-1.0640452,0.027696904,867.84534,0.62322223,88449.79,1070.098,97728.14,227.56096,7.276093,5.378793e-05,1.2602823,3.1363183e-05,0.23990858,,,,,,8.0130936e-05,1.496719e-05,6.906929e-05,0.00017052291,24206.424,0.18787849,233.27428,-0.00010981788,0.6883555,-7.825429e-05,-5.1323173e-06
1425,2022-05-29 00:00:00+03:00,-0.35687768,0.030787446,922.2578,0.51244056,90443.016,958.54346,98833.56,196.55334,7.3645716,1.0631365e-05,1.4544351,-2.2464566e-05,0.304357,,,,,,7.8480065e-05,1.1692682e-05,6.7252164e-05,0.00021053109,22137.812,0.17717695,232.40738,0.0007473104,0.4177817,0.00017010594,1.6564614e-05
1426,2022-05-30 00:00:00+03:00,-0.7441644,,,1.0,49187.5,5724.9785,56257.49,4724.9785,27.014425,,,,,,,,,,7.599997e-05,,6.667052e-05,0.00018770562,22144.547,0.17973924,229.85756,,,,
1427,2022-05-31 00:00:00+03:00,-0.677788,0.027330548,867.2504,0.7237406,88108.68,1212.2854,97585.875,348.10617,9.602977,5.9630947e-05,1.3574047,6.463834e-05,0.34204364,,,,,,7.7336794e-05,5.522491e-06,7.265372e-05,0.00020441879,24270.43,0.1793252,233.4555,6.5367254e-05,0.61062604,4.1196938e-05,1.8654284e-05
1428,2022-06-01 00:00:00+03:00,-0.77165043,,,1.0,68846.07,3291.7803,77940.3,2291.7803,64.38571,,,,,,,,,,0.00010822746,,5.8797064e-05,0.0001910982,22147.88,0.17193273,232.77194,,,,-3.0605195e-05
1429,2022-06-02 00:00:00+03:00,-0.996433,0.027227955,1107.3073,0.7056142,74265.33,2627.335,83487.17,1674.5746,28.408186,4.7235328e-05,1.091189,1.5360607e-05,0.16005635,,,,,,8.206142e-05,2.280267e-05,6.557361e-05,0.00022170863,22157.488,0.1757843,233.96896,-1.5569194e-05,0.7132987,-1.9026422e-05,1.3915105e-05
1430,2022-06-03 00:00:00+03:00,-0.46097755,,,0.9999187,88051.83,1276.2021,99090.94,276.20212,33.966473,,,,,,,,,,7.102626e-05,,6.488158e-05,0.00019967464,22182.445,0.16352037,232.33228,,,,-3.4864705e-05
1431,2022-06-04 00:00:00+03:00,-0.21644783,0.028283913,782.09827,0.06091735,80784.58,2022.207,88232.15,1280.1766,3.2330558,4.683115e-05,1.0349829,1.2334962e-05,0.062177747,1854.6038,3000.1445,0.028322415,1880.4802,2.570632,8.774284e-05,1.834382e-05,6.9399015e-05,0.00021366085,20730.873,0.1702183,232.81847,0.00024039084,0.46005976,9.1335874e-05,3.4318e-05
1432,2022-06-05 00:00:00+03:00,-0.43815285,0.0327287,1047.466,0.034380868,84472.234,1654.4343,93899.45,760.70245,6.558256,6.382759e-05,0.99862015,2.8496566e-05,0.03427683,,,,,,8.04763e-05,1.4909256e-05,6.557655e-05,0.00019437984,16712.102,0.15046409,233.2873,5.699251e-05,0.303442,1.888039e-05,-1.3368069e-05
1433,2022-06-06 00:00:00+03:00,-0.7604838,0.029272953,1384.7761,0.27798244,58946.57,4930.1704,66261.945,3974.5984,7.007185,0.00010845657,1.0127295,5.9792656e-05,0.2525677,,,,,,8.777194e-05,2.5483072e-05,6.3744716e-05,0.00020193365,15726.697,0.14660802,233.62611,0.00013332663,0.39834893,3.3761942e-05,-1.111307e-07
1434,2022-06-07 00:00:00+03:00,-0.9912542,0.028022435,1932.3737,0.9943406,84796.96,1541.9308,95185.34,555.5948,21.110907,,,,,,,,,,8.0119215e-05,,5.71189e-05,0.00019141895,16700.2,0.14435506,234.25293,,,,-2.495302e-05
1435,2022-06-08 00:00:00+03:00,-0.986206,0.028597794,1558.4543,0.99880993,69989.305,3125.024,79181.99,2125.024,19.367777,,,,,,,,,,7.981313e-05,,5.9032183e-05,0.00015313628,16698.125,0.14579707,234.93309,,,,-1.5400257e-06
1436,2022-06-09 00:00:00+03:00,0.09847436,0.026423324,1635.4119,0.18768315,68532.06,3500.079,75470.0,2667.732,4.997181,0.00012977372,1.0662409,9.921007e-05,0.17827743,,,,,,9.015194e-05,2.7632737e-05,6.24645e-05,0.00021021432,16699.309,0.15244035,231.89198,4.0628882e-05,0.6287377,3.1059855e-05,3.6761958e-07
1437,2022-06-10 00:00:00+03:00,-0.78000486,0.029463403,1959.1387,1.0,59133.805,4544.9297,66953.53,3544.93,27.505604,,,,,,,,,,7.857128e-05,,5.7620244e-05,0.00017935366,16704.832,0.15245473,231.16559,,,,-4.8983646e-05
1438,2022-06-11 00:00:00+03:00,-0.65085065,0.029696845,958.02716,0.03840728,81176.2,2015.6128,88411.984,1266.1232,4.226862,6.0906015e-05,1.0605112,2.640835e-05,0.05677236,1872.303,3000.0005,0.01692002,1891.5614,2.264897,7.4811e-05,1.4477824e-05,6.0590264e-05,0.0001811097,16709.51,0.145953,234.45285,-8.7068445e-05,0.49673456,-4.4564138e-05,-2.9372572e-05
1439,2022-06-12 00:00:00+03:00,-0.71932584,0.032066576,1797.2595,0.19808419,62615.79,4232.1665,70441.42,3276.5107,4.9156036,6.710089e-05,1.0906627,3.8294627e-05,0.1966095,,,,,,7.5853684e-05,1.3913859e-05,6.1912084e-05,0.000191792,16706.738,0.14697856,233.96683,0.00020383141,0.37169528,7.0870025e-05,8.8253055e-06
1440,2022-06-13 00:00:00+03:00,-1.3961369,0.0256324,1288.9912,0.8164625,65347.574,3676.862,73762.84,2715.2063,8.353999,8.8731394e-05,1.3487535,6.701549e-05,0.23393524,,,,,,7.439111e-05,1.3515337e-05,6.65136e-05,0.00015723234,22149.002,0.16137144,233.65094,-7.19119e-05,0.6521435,-4.405887e-05,-1.7968929e-05
1441,2022-06-14 00:00:00+03:00,-0.259107,0.025010994,919.88684,0.57591414,86939.66,1328.514,95899.7,488.8993,7.372758,2.2690236e-05,1.4518819,-3.5018058e-06,0.40939033,,,,,,8.188363e-05,1.2883078e-05,7.015577e-05,0.00022145355,22148.012,0.17096902,234.55505,-0.00010099351,0.6520491,-6.622126e-05,-3.3043154e-05
1442,2022-06-15 00:00:00+03:00,0.112782635,0.028652426,1135.5563,0.07435226,61543.473,4601.4204,68316.4,3733.0576,6.7434044,2.9966293e-05,1.0238538,-1.2574525e-06,0.06491038,1839.6481,3001.074,0.041779965,1871.2781,2.9866567,7.980976e-05,9.130469e-06,7.0679285e-05,0.00019900488,19276.98,0.16042735,232.03728,5.841318e-05,0.508781,2.5429565e-05,4.5934094e-06
1443,2022-06-16 00:00:00+03:00,-1.0300311,0.026572768,1179.8982,0.513812,64821.35,3898.9329,72823.94,2956.2903,5.4198184,9.500982e-07,1.0941449,-3.2655473e-05,0.3446232,,,,,,7.540647e-05,7.3250267e-06,6.677278e-05,0.00018792742,17989.379,0.15695918,234.96057,0.00025891067,0.44791633,6.450327e-05,2.2584923e-06
1444,2022-06-17 00:00:00+03:00,-0.4868314,0.026589297,1277.1965,0.042273365,75953.06,2539.6973,84913.51,1609.8643,4.7663755,2.9227467e-05,1.0513277,-1.7867319e-07,0.054073103,1859.3356,3000.0027,0.01689021,1879.376,2.3370428,8.590278e-05,1.7593109e-05,6.820023e-05,0.00021331603,19280.842,0.16364068,234.47018,6.7150315e-05,0.44796956,2.4350107e-05,4.9871505e-07
1445,2022-06-18 00:00:00+03:00,-1.1154771,0.025296995,1709.5812,1.0,68744.92,3280.695,77771.266,2280.6948,47.797478,,,,,,,,,,0.00012102964,,5.120843e-05,0.00017548009,14425.744,0.14253241,235.39944,,,,
1446,2022-06-19 00:00:00+03:00,0.49846196,0.028798811,1275.6785,0.89303535,72522.07,2853.56,81828.97,1853.5598,38.199757,0.00016075566,1.1862842,0.00014885992,0.47850162,,,,,,7.558575e-05,3.0181314e-05,5.663479e-05,0.00019057085,16697.895,0.13846524,234.23561,,,,-2.2272925e-05
1447,2022-06-20 00:00:00+03:00,-0.29446486,0.030500287,1147.4818,0.9194586,56743.316,4762.3354,64464.156,3762.3354,16.06513,6.8767746e-05,1.134419,3.7074755e-05,0.45111963,,,,,,8.569559e-05,,5.7914367e-05,0.00018277472,16697.05,0.14620292,232.9397,,,,-2.0931462e-05
1448,2022-06-21 00:00:00+03:00,-0.94622743,0.023999434,1094.6826,0.9355061,54603.02,5056.3022,62065.547,4056.3022,19.875467,4.1856136e-05,0.7472842,-3.0383053e-06,0.52378654,,,,,,7.583446e-05,,6.628125e-05,0.00018747809,21934.633,0.16062649,231.95366,,,,
1449,2022-06-22 00:00:00+03:00,-0.41099346,0.027362265,1293.3142,0.03154661,77122.03,2386.4155,86005.66,1460.3757,4.0638742,4.0493214e-05,1.0305998,2.7701444e-06,0.037437573,1867.9318,3000.0063,0.01581672,1890.4164,2.502854,8.3810155e-05,1.5029607e-05,6.885864e-05,0.000204685,16698.715,0.15291287,235.11064,3.5274694e-05,0.35208684,1.1497865e-05,-3.7614955e-05
1450,2022-06-23 00:00:00+03:00,-0.13161252,0.027904663,1172.3313,0.1133881,79732.48,2150.9868,88174.4,1289.7412,7.297846,4.4961263e-05,1.1997781,1.1764975e-05,0.12779386,1860.526,3000.0115,0.01993404,1878.164,2.2129927,7.501148e-05,9.069305e-06,6.584111e-05,0.00019750363,16705.518,0.14468507,235.62186,0.0003070298,0.3592286,8.2221646e-05,-4.198379e-05
1451,2022-06-24 00:00:00+03:00,-0.855906,0.027594993,1343.4767,0.0014340451,86306.99,1465.3348,95595.26,580.56006,4.038884,0.00013179998,0.8986277,7.913197e-05,0.0017463363,1877.9326,2999.988,0.017641718,1898.2443,2.3671854,8.388491e-05,1.9612604e-05,6.4272295e-05,0.00015941181,16706.598,0.14216323,235.82915,-0.0001308931,0.35239005,-4.613667e-05,-4.8203387e-05
1452,2022-06-25 00:00:00+03:00,0.19419914,0.0258178,1681.0806,0.083136015,79490.72,2181.5964,86795.97,1435.885,2.5166528,9.900893e-05,0.98842907,5.5340846e-05,0.07932078,1862.5295,3000.02,0.020528331,1893.7266,2.9912539,8.608902e-05,2.1635973e-05,6.445304e-05,0.00020110936,16705.816,0.15219104,231.78491,9.572586e-05,0.37743634,1.790015e-05,-1.2809086e-05
1453,2022-06-26 00:00:00+03:00,-0.753442,0.028876299,1626.2458,0.23913054,83604.14,1812.2643,92368.72,936.49194,4.8312635,6.566765e-05,1.2080286,2.8636246e-05,0.1998859,,,,,,8.213667e-05,1.9236346e-05,6.319379e-05,0.00019373596,16708.684,0.15135604,231.21898,-0.000100835794,0.5735234,-5.4047432e-05,-2.69381e-05
1454,2022-06-27 00:00:00+03:00,-0.8218324,0.028695887,1412.0858,0.31093523,82619.33,1901.9233,91602.05,1002.2511,6.0216656,0.0001164772,1.2834922,9.3657334e-05,0.24224968,,,,,,8.096083e-05,1.8156119e-05,6.2993575e-05,0.00019066612,16709.52,0.14479443,234.97562,3.6757443e-05,0.6465985,1.6270234e-05,-6.37404e-06
1455,2022-06-28 00:00:00+03:00,-0.65604377,0.029746257,1899.2776,0.17951941,80520.14,2112.9885,87955.48,1342.5537,4.793284,0.00018009442,1.120034,0.00014144897,0.11479895,,,,,,8.641455e-05,2.7496506e-05,5.9885802e-05,0.0002042294,16705.637,0.14127634,235.84735,0.00016825375,0.6181997,9.3191054e-05,4.186468e-05
1456,2022-06-29 00:00:00+03:00,-1.1055615,0.02984048,1948.8264,0.9350857,89071.49,1170.0006,99395.69,209.9065,11.350113,0.000192489,1.3420752,0.00020955481,0.4865691,,,,,,8.2488405e-05,3.738287e-05,5.777945e-05,0.00017046605,14426.694,0.13661154,235.66264,,,,-2.9909848e-05
1457,2022-06-30 00:00:00+03:00,-0.43020526,,,0.6498437,55153.83,5192.2275,62554.414,4195.994,9.161339,0.00019861275,0.9410586,0.0001315948,0.39287943,,,,,,9.84639e-05,3.599987e-05,5.9302052e-05,0.00021330807,14426.355,0.13853174,234.34998,-9.038563e-05,0.6321703,-5.314234e-05,-1.1560194e-05
1458,2022-07-01 00:00:00+03:00,-0.62077516,0.03290942,2559.9292,0.4756333,60273.086,4710.972,67309.15,3785.6392,6.1057143,0.00026640284,0.95809937,0.00018486858,0.3017135,,,,,,8.249946e-05,1.3696353e-05,6.867821e-05,0.00020065883,14425.919,0.13991922,233.68156,-9.633718e-05,0.87868565,-8.5911066e-05,-3.705403e-05
1459,2022-07-02 00:00:00+03:00,-0.57993346,,,1.0,68477.74,3437.0688,77373.47,2437.069,45.814354,,,,,,,,,,9.07804e-05,,5.560458e-05,0.00018171596,15568.668,0.13962093,236.93625,,,,-2.0013389e-05
1460,2022-07-03 00:00:00+03:00,-0.73006934,0.026962347,1062.9553,0.17499194,87898.36,1360.1416,95726.07,602.0029,7.109422,4.9347458e-05,1.1747732,-4.262481e-07,0.13489074,,,,,,8.2067745e-05,2.199345e-05,6.119897e-05,0.00020246454,14428.934,0.13676177,236.75464,-2.7093374e-05,0.48718992,-1.8190449e-05,-1.276689e-05
1461,2022-07-04 00:00:00+03:00,-0.8928255,0.026663702,1520.6887,0.21411668,81953.99,1914.344,90652.75,1029.521,7.303694,4.1666244e-05,1.1402686,-1.0452682e-05,0.19327275,1851.4587,3001.7688,0.08725309,1875.6398,2.7487144,8.047757e-05,1.6118795e-05,6.417184e-05,0.00020810193,19272.066,0.14310026,236.39847,5.178648e-05,0.54058266,2.339853e-05,-4.7695732e-05
1462,2022-07-05 00:00:00+03:00,-0.2540357,0.026167717,1127.5933,0.17820686,83352.11,1769.2944,90833.39,1032.6514,5.035261,-8.6899854e-07,1.2373741,-5.964978e-05,0.17611325,,,,,,8.43898e-05,1.6625367e-05,6.760235e-05,0.00022249279,19278.047,0.1540672,235.19449,0.00023258073,0.45258093,0.000103888815,3.805333e-05
1463,2022-07-06 00:00:00+03:00,-0.066011466,0.02514856,1200.8483,0.20017183,85097.8,1547.9465,93790.55,718.63007,6.363381,2.5814737e-05,1.344972,-2.8223181e-05,0.17337623,,,,,,8.365371e-05,1.3224947e-05,7.0799826e-05,0.00021137521,19272.055,0.15730359,233.24542,6.6613604e-05,0.6787986,4.722577e-05,9.521733e-06
1464,2022-07-07 00:00:00+03:00,-0.7259239,0.02852674,1111.4424,0.5044149,76666.516,2425.9126,85240.07,1530.7638,8.672714,-4.4453685e-05,1.1259112,-9.515839e-05,0.27034646,,,,,,7.757965e-05,8.8411925e-06,6.973288e-05,0.00019497464,19269.785,0.15699661,236.64362,5.5452005e-05,0.46600595,1.2358567e-05,1.907597e-05
1465,2022-07-08 00:00:00+03:00,-1.0792525,0.026554883,1708.2253,0.52743125,80420.64,2061.9668,88874.08,1205.983,8.413922,2.0805091e-05,1.3457829,-3.7022834e-05,0.35765967,,,,,,7.7539575e-05,9.713233e-06,6.625875e-05,0.00019449845,22162.09,0.15673845,235.86096,4.548913e-05,0.568049,2.541361e-05,5.6181616e-06
1466,2022-07-09 00:00:00+03:00,-0.9893641,,,0.97457373,59941.074,4366.315,68145.984,3366.315,15.140774,,,,,,,,,,7.009956e-05,,6.35903e-05,0.00018466527,19268.432,0.15279539,236.6028,,,,4.2690353e-05
1467,2022-07-10 00:00:00+03:00,-1.4884754,0.020396078,2258.5317,0.99201125,56227.586,4764.8325,64017.875,3764.833,9.663947,,,,,,,,,,7.351953e-05,,7.053512e-05,0.00015890757,22138.87,0.16467187,236.55243,,,,-1.564055e-05
1468,2022-07-11 00:00:00+03:00,-0.39541328,0.0244755,1075.829,0.39207155,72941.44,2810.1653,82114.66,1832.3416,6.5174627,4.6160923e-05,1.1118884,-3.8594326e-06,0.19725192,,,,,,8.7832654e-05,2.1017098e-05,6.791983e-05,0.00021759076,22153.914,0.16872355,235.49072,-1.0604836e-05,0.68183887,4.023319e-06,-1.0936941e-05
1469,2022-07-12 00:00:00+03:00,-0.7999058,0.028921504,1758.6677,0.9999962,54205.117,5154.5225,61594.766,4154.5225,17.694212,,,,,,,,,,9.3642586e-05,,6.3447515e-05,0.00018216384,17980.273,0.15499601,235.70682,,,,
1470,2022-07-13 00:00:00+03:00,-1.1222055,0.026665632,1637.3429,0.14886953,61335.89,4303.5947,69437.69,3303.5945,5.0620346,8.344378e-05,0.9677744,2.8748324e-05,0.0644087,1844.0382,3000.174,0.027466074,1875.4529,3.2073927,7.543135e-05,6.821298e-06,6.8622256e-05,0.00018913677,16697.623,0.14942573,236.47784,2.539227e-05,0.34071064,1.1416932e-05,-1.5477648e-05
1471,2022-07-14 00:00:00+03:00,-0.76116514,0.030183498,1109.0664,0.4546603,81389.89,1903.0831,91091.75,953.4396,6.08314,1.2055707e-05,1.2443426,-3.7333557e-05,0.27507755,,,,,,7.56318e-05,6.630595e-06,7.016448e-05,0.00020257545,20705.781,0.15869218,236.68819,0.00015214265,0.5151911,8.8580404e-05,-2.2195538e-05
1472,2022-07-15 00:00:00+03:00,-1.2939745,0.024353577,1331.1744,0.64965594,80707.64,1932.4873,90454.75,980.25256,7.594773,1.7319418e-05,1.2636673,-3.661192e-05,0.2597836,,,,,,7.35285e-05,6.1863275e-06,6.982677e-05,0.00015908854,22135.807,0.16507937,235.86708,4.4926262e-05,0.7078363,2.7678107e-05,2.4686331e-05
1473,2022-07-16 00:00:00+03:00,-0.7101978,0.024844658,1322.2112,0.70400184,57367.426,4765.456,65292.9,3772.169,9.59823,5.1801537e-05,0.9618008,-7.645871e-06,0.4095698,,,,,,7.794848e-05,1.44289315e-05,7.331833e-05,0.00021446272,24256.146,0.17214127,235.95697,-6.60221e-05,0.60798156,-4.3694898e-05,9.942449e-06
1474,2022-07-17 00:00:00+03:00,0.21497922,0.026936993,1228.4565,0.17130664,69230.9,3642.879,76188.29,2816.1685,9.332239,,,,,,,,,,8.1266146e-05,1.3656763e-05,6.7667046e-05,0.00019714929,20575.156,0.16276526,235.73178,0.00020161299,0.45360067,,4.8502843e-06
1475,2022-07-18 00:00:00+03:00,-0.22034699,0.026820906,1887.3225,0.92018694,77556.36,2355.026,87456.52,1364.7098,11.085507,,,,,,,,,,8.435316e-05,1.5738702e-05,5.6922756e-05,0.00017566117,19112.469,0.15196308,236.18835,1.2761034e-05,0.69119054,,-3.477857e-05
1476,2022-07-19 00:00:00+03:00,0.030272301,0.030027287,1940.3911,0.017238066,76764.125,2529.5732,85014.56,1642.4722,6.0114956,0.00011868435,0.8967238,5.2596264e-05,0.018274903,1860.8921,3004.0825,0.09798324,1876.8055,2.6399992,8.202207e-05,1.8733343e-05,6.3288724e-05,0.00019520061,16706.656,0.14605966,236.32101,-1.3216473e-05,0.32483566,-3.939883e-06,-3.7924776e-05
1477,2022-07-20 00:00:00+03:00,-0.32722485,0.029092975,1946.378,0.033519633,18779.645,12736.792,22020.256,11736.792,14.140389,5.729555e-05,1.0443687,3.935962e-06,0.029630894,,,,,,7.55971e-05,1.6035316e-05,5.956178e-05,0.00019538964,16492.666,0.13814005,236.1417,-0.00016527802,0.55280447,-9.639385e-05,-9.413656e-05
1478,2022-07-21 00:00:00+03:00,0.25660807,0.026922606,1599.7461,0.129469,61439.05,4449.656,69260.2,3467.2837,5.8185906,-8.2067527e-07,0.9076888,-4.556737e-05,0.12793817,1851.5493,3011.255,0.13901743,1868.7568,2.9109995,7.88174e-05,1.5755735e-05,6.319651e-05,0.00020636317,14427.418,0.1382682,234.22714,0.00044947444,0.3643536,0.00011340497,-3.278376e-05
1479,2022-07-22 00:00:00+03:00,-0.6271782,0.029981108,2396.6008,0.10654331,70582.97,3178.5386,77945.695,2338.4214,3.8375864,0.000115517316,0.97210515,6.0830665e-05,0.09617448,1850.9529,3006.4783,0.10240383,1872.0917,3.1419992,8.68821e-05,2.269078e-05,6.433083e-05,0.00020390024,16703.658,0.14054744,235.6167,-1.4584011e-05,0.53687775,-9.337706e-06,-5.153124e-06
1480,2022-07-23 00:00:00+03:00,-0.588964,0.03129106,1262.3528,0.5698097,82665.484,1814.1766,92824.88,828.4009,10.219938,0.00010490622,1.3480577,8.904334e-05,0.2689753,,,,,,7.321252e-05,1.0563432e-05,6.243099e-05,0.00018598777,16703.035,0.1423023,236.57568,0.00017783663,0.42469698,6.186038e-05,5.1005554e-06
1481,2022-07-24 00:00:00+03:00,-0.6509994,0.029683914,1657.5913,0.8042381,80768.63,1956.5017,91092.19,958.06885,12.052664,0.00010947679,1.5314503,0.0001174559,0.40688163,,,,,,7.416375e-05,,6.4758075e-05,0.0001921541,19269.967,0.15213424,235.90826,-0.00069649174,0.44357282,-0.00030894481,6.8869667e-06
1482,2022-07-25 00:00:00+03:00,-0.8984264,0.024280757,3285.782,0.44002187,37588.016,8181.01,43031.703,7181.009,9.785372,7.189528e-05,0.79926,1.0595715e-05,0.29165095,,,,,,7.24647e-05,1.3559828e-05,6.0429054e-05,0.0001844159,15565.732,0.14054179,235.60294,0.00015137743,0.37643826,5.926968e-05,-2.6535931e-06
1483,2022-07-26 00:00:00+03:00,-0.719751,0.026009785,3241.7898,1.0,65504.234,3673.807,74004.305,2673.807,37.649723,,,,,,,,,,6.793835e-05,,6.222641e-05,0.00014412051,16694.365,0.14687058,237.98427,,,,3.9587718e-05
1484,2022-07-27 00:00:00+03:00,-0.37473235,0.029224202,1080.4122,0.9285079,82079.35,1775.1475,92682.01,775.14746,17.527536,-2.159833e-05,1.2575976,-7.0550916e-05,0.34235296,,,,,,7.3839445e-05,1.2535064e-05,6.261592e-05,0.00019596689,20918.656,0.14956403,235.693,0.0006143108,0.41955268,0.00024847535,-1.5926318e-05
1485,2022-07-28 00:00:00+03:00,-0.9783733,0.028854001,1652.7316,0.24823292,81444.35,1949.8169,90140.03,1092.1766,7.811881,3.7904014e-05,1.2540683,4.4197805e-07,0.15242286,,,,,,7.557572e-05,7.556715e-06,6.664705e-05,0.00019350686,22164.57,0.15685979,236.1033,-3.111315e-05,0.6717701,-2.3297229e-05,4.2854526e-06
1486,2022-07-29 00:00:00+03:00,-0.73361385,0.0311553,782.0347,0.24020219,82727.61,1886.5056,91076.75,1055.238,10.072998,4.794238e-05,1.1340196,-2.832101e-06,0.18496296,,,,,,7.589522e-05,1.4053458e-05,6.318424e-05,0.00018885388,19289.713,0.14637008,236.32976,0.00018302158,0.38019377,5.922876e-05,2.6919672e-05
1487,2022-07-30 00:00:00+03:00,-0.37179837,0.030216228,1133.6682,0.06613344,61932.137,4348.8286,70008.43,3366.1123,6.344534,0.0001200413,1.0107149,6.849102e-05,0.06582423,,,,,,7.683026e-05,1.4359188e-05,6.260492e-05,0.00019839383,16710.37,0.14815295,236.39317,0.00017996324,0.45511264,7.118789e-05,2.8555532e-06
1488,2022-07-31 00:00:00+03:00,-1.0864332,,,0.9990487,53628.492,5236.043,61109.293,4236.043,17.436058,,,,,,,,,,7.390885e-05,,5.6241497e-05,0.00013724365,16703.506,0.14452054,235.08788,,,,
1489,2022-08-01 00:00:00+03:00,-0.47294465,0.027366772,2260.5684,0.23480205,65999.56,3909.4014,73926.44,2958.4224,7.2238994,0.00011899281,0.9943938,5.93554e-05,0.20632365,,,,,,7.460709e-05,8.310893e-06,6.690786e-05,0.00020766328,16698.176,0.14702755,235.00047,0.00034885277,0.39337417,9.210137e-05,5.5924033e-06
1490,2022-08-02 00:00:00+03:00,-0.6541405,,,0.13241187,34737.984,8648.469,39946.566,7648.4683,7.0072885,2.7540478e-05,0.9118862,-2.9469193e-05,0.12921993,,,,,,7.064706e-05,5.7211264e-06,6.492594e-05,0.00018255084,16705.422,0.14426261,235.59976,0.00047880798,0.23882143,0.00010437904,-8.5867405e-06
1491,2022-08-03 00:00:00+03:00,-0.4350224,0.030400407,1410.6604,0.0,,,,,,0.000119607656,0.9411781,5.8494334e-05,0.0,,,,,,7.813088e-05,1.6073518e-05,6.2057356e-05,0.00018828857,14427.584,0.14274308,236.21284,0.00022211904,0.2900881,6.456293e-05,-1.0297263e-06
1492,2022-08-04 00:00:00+03:00,-0.56444955,0.027608205,1706.6388,6.920492e-06,48925.848,6074.322,55208.355,5074.322,3.2094977,0.00010441931,0.98578006,5.109504e-05,0.0001469911,,,,,,8.555648e-05,2.5018722e-05,6.0537757e-05,0.00019916106,16707.44,0.13860625,236.14513,1.7718949e-05,0.3698548,7.770444e-06,-3.947722e-06
1493,2022-08-05 00:00:00+03:00,-0.40290365,0.025855761,1570.7183,0.016907081,20753.277,12112.297,24199.26,11112.297,13.968086,0.00013080414,1.0244972,8.2044964e-05,0.016086295,,,,,,7.6975375e-05,1.802209e-05,5.8953286e-05,0.00019796516,15564.667,0.13703336,235.66139,0.00016969965,0.41999173,5.107882e-05,-4.2400316e-05
1494,2022-08-06 00:00:00+03:00,-0.44435397,0.028448591,2431.417,0.4305295,36183.582,8452.858,41501.19,7452.8584,7.4701724,5.8275036e-06,0.7091224,-4.086265e-05,0.38914004,,,,,,7.336148e-05,8.955204e-06,6.292481e-05,0.00020170386,16708.129,0.13913688,234.50092,0.00013642457,0.3660954,5.232122e-05,2.4165565e-05
1495,2022-08-07 00:00:00+03:00,-0.54893416,0.029128704,1024.891,0.2524862,79899.78,2262.0361,87802.8,1445.6979,7.175188,4.822148e-05,1.2618922,5.094764e-06,0.24616754,,,,,,7.1768634e-05,1.1272767e-05,6.059592e-05,0.00018570188,16712.758,0.14417651,234.65219,0.00013255252,0.5783826,7.7242046e-05,1.1604237e-05
1496,2022-08-08 00:00:00+03:00,-0.74390644,0.029112782,1747.6487,0.6607169,76354.734,2527.738,85818.3,1563.881,10.313991,5.4952667e-05,1.3379626,1.8366092e-05,0.355281,,,,,,7.8960235e-05,1.7554035e-05,5.872828e-05,0.00018680608,19293.438,0.1504423,234.84933,-0.00032259623,0.37799662,-0.00011627842,-9.290852e-08
1497,2022-08-09 00:00:00+03:00,-0.77085495,0.026478454,1234.115,0.46548274,73609.64,2873.2085,82530.8,1917.7675,10.280462,3.009801e-05,1.0098518,-1.7175054e-05,0.20414084,,,,,,8.063576e-05,1.7980645e-05,6.2252526e-05,0.00019830615,19299.85,0.15351477,234.574,-0.00014428695,0.43279514,-5.5662716e-05,-6.4576598e-06
1498,2022-08-10 00:00:00+03:00,-0.73021734,0.029734865,1339.7727,0.15980995,79603.234,2293.6929,88214.12,1421.1123,8.85243,6.059299e-05,0.9590277,1.1431203e-05,0.094876334,,,,,,8.116945e-05,2.2137025e-05,5.930169e-05,0.000200264,16718.516,0.14391276,235.03162,0.0005565401,0.33660275,0.00013757839,2.1176058e-05
1499,2022-08-11 00:00:00+03:00,-0.6529457,0.029553888,1056.6915,0.0,,,,,,6.0060254e-05,1.0004448,1.6596961e-05,0.0,,,,,,7.546002e-05,1.706381e-05,5.839622e-05,0.00015281582,14431.678,0.1360433,234.84427,-2.1844933e-05,0.4058819,-9.614346e-06,-2.2666069e-05
1500,2022-08-12 00:00:00+03:00,-0.38739416,0.03122199,1204.2563,0.058348704,96479.516,556.6958,102298.086,6.214339,3.8509839,7.701931e-05,1.0880485,3.594503e-05,0.056386475,,,,,,8.650097e-05,2.7057347e-05,5.944362e-05,0.00020581737,14430.929,0.13796948,234.18875,1.03605835e-05,0.46417773,9.81719e-06,-4.0421714e-06
1501,2022-08-13 00:00:00+03:00,-0.50468934,0.031664215,2336.124,0.06860184,62187.67,4396.1313,70270.266,3409.5144,6.149971,0.00011285784,0.93686956,5.5832854e-05,0.0616918,,,,,,7.787031e-05,1.7584716e-05,6.0285594e-05,0.00019168024,15442.272,0.13741979,235.14197,-2.618479e-06,0.4574226,6.615579e-06,-2.2921722e-07
1502,2022-08-14 00:00:00+03:00,-0.73707944,0.033839695,3123.846,0.18256752,54795.54,5591.0146,61824.55,4613.483,5.8667765,0.00013299947,0.8911539,6.429875e-05,0.1694057,,,,,,7.608274e-05,1.7701592e-05,5.861964e-05,0.00018338066,14426.158,0.14110076,235.33441,-5.548027e-05,0.47477677,-2.4513412e-05,-2.6226031e-05
1503,2022-08-15 00:00:00+03:00,-0.39024895,0.03162325,2253.8118,0.107498065,68803.484,3431.9563,77117.016,2476.8394,5.6544724,0.00010180634,0.98478097,4.6088855e-05,0.100443006,,,,,,8.099211e-05,2.262291e-05,5.823157e-05,0.00019580388,16556.725,0.1448488,235.02197,2.7422602e-05,0.6144603,1.49042135e-05,-1.4165884e-05
1504,2022-08-16 00:00:00+03:00,-1.0969653,0.02935467,2189.8918,0.92969406,60161.83,4415.8574,68082.41,3415.8572,12.325261,0.00027267623,0.70163506,0.00013881609,0.35641044,,,,,,6.9682486e-05,,5.716432e-05,0.00014621147,16698.764,0.14288643,234.37741,,,,-2.2575337e-06
1505,2022-08-17 00:00:00+03:00,-0.66376954,0.03154132,2214.066,0.12679724,77077.47,2476.6484,84682.734,1652.1196,4.931507,0.00017864155,0.9973631,0.00012665684,0.13093941,,,,,,7.9498255e-05,2.27098e-05,5.6828874e-05,0.00020436368,16700.871,0.13172728,233.2305,0.00021259749,0.4159258,7.526896e-05,-1.4426887e-06
1506,2022-08-18 00:00:00+03:00,-0.52693915,0.030456124,2907.3074,0.12785493,47387.324,6564.2754,53934.64,5564.2754,4.869855,0.00015790339,0.96305084,0.00011160424,0.12761872,,,,,,9.52782e-05,3.9373146e-05,5.5983102e-05,0.00020506699,16702.75,0.1314795,234.21805,5.431223e-05,0.4500996,1.552367e-05,-3.9200113e-06
1507,2022-08-19 00:00:00+03:00,-0.38317472,0.034300998,2935.2249,0.11729376,41972.047,7398.4453,47920.484,6398.4453,4.5710897,0.00018731873,0.90134835,0.00012347708,0.11742699,,,,,,9.193655e-05,3.354319e-05,5.839335e-05,0.00020832065,14425.314,0.12789284,234.47232,-9.742132e-05,0.51469296,-5.2151747e-05,-2.9396244e-05
1508,2022-08-20 00:00:00+03:00,-0.0342582,0.031126436,2513.3381,0.7393661,68019.586,3441.6987,76685.64,2442.4292,21.153208,0.0001864501,0.9136788,0.00012204313,0.30640525,,,,,,9.278281e-05,5.322879e-05,5.2236413e-05,0.0001819944,14424.767,0.12370491,233.5946,-0.00024975112,0.46763462,-0.00010898691,-4.04024e-05
1509,2022-08-21 00:00:00+03:00,-0.27320963,0.0320984,2262.2925,0.7448922,62563.242,4100.466,70621.31,3100.466,15.325756,0.00016752063,0.8137361,9.330698e-05,0.42186964,,,,,,7.37192e-05,2.1691065e-05,5.56928e-05,0.00018630477,14423.801,0.12938738,233.87015,9.718038e-05,0.5072409,4.676383e-05,1.1204268e-05
1510,2022-08-22 00:00:00+03:00,-0.5235361,0.032297574,2503.0496,0.7464105,70175.39,3304.668,78957.39,2321.3374,12.403082,0.00011945327,1.040298,5.7582758e-05,0.4377089,,,,,,6.886259e-05,2.1270029e-05,5.6101708e-05,0.00019189971,14426.286,0.12577692,233.24928,8.4004896e-05,0.8924781,4.411839e-05,-3.0052412e-05
1511,2022-08-23 00:00:00+03:00,-0.4757413,0.031198202,2184.5464,0.14471795,78917.875,2258.6167,87964.42,1336.0269,5.1631627,0.00018384136,0.9763106,0.00012938748,0.133485,,,,,,8.580093e-05,2.8371871e-05,5.7686928e-05,0.00020652925,14426.859,0.13000686,234.63287,-6.033758e-05,0.5170544,-3.421421e-05,-2.9454768e-05
1512,2022-08-24 00:00:00+03:00,-0.258166,0.031209283,2167.4539,0.20422895,65952.09,3852.1392,73432.08,2948.785,5.8395224,0.00013935842,1.0161192,8.950272e-05,0.17743824,,,,,,8.142702e-05,2.6101006e-05,5.6151453e-05,0.00019474365,16708.934,0.13222891,234.6904,-0.0001455742,0.47819543,-6.72236e-05,-4.648781e-05
1513,2022-08-25 00:00:00+03:00,-0.4281447,0.0302543,2081.5422,0.11083464,75439.79,2703.314,83945.09,1783.6387,5.16174,0.00018844352,0.9143729,0.00012618536,0.05956659,,,,,,7.643062e-05,2.12064e-05,5.6001758e-05,0.00018752427,16710.34,0.12640458,234.61777,-4.1003885e-05,0.41103664,-1.779881e-05,-1.6941998e-05
1514,2022-08-26 00:00:00+03:00,-0.11057228,0.030763477,1818.0155,0.0042753574,68065.445,3494.648,77058.79,2494.648,3.481602,0.00013720932,0.84611887,6.869378e-05,0.01913104,,,,,,7.867637e-05,2.5073143e-05,5.3603224e-05,0.00019617441,16706.145,0.12380256,234.25687,0.00020427964,0.4075743,7.0756694e-05,-1.616358e-05
1515,2022-08-27 00:00:00+03:00,-0.73729545,0.029381506,1449.6576,0.0,,,,,,0.00012124885,0.94504184,6.9857284e-05,0.0,,,,,,7.5530406e-05,2.128489e-05,5.4245524e-05,0.00015894863,16702.254,0.12753059,233.85484,4.419455e-05,0.61837685,2.7043694e-05,3.906677e-06
1516,2022-08-28 00:00:00+03:00,-0.24113819,0.031188712,1444.0979,0.0757923,90958.35,978.79803,98600.32,232.56987,3.5674696,0.00011022827,1.035147,6.459006e-05,0.08116393,,,,,,8.41031e-05,3.061954e-05,5.3483564e-05,0.00020528186,16699.666,0.12465599,233.34537,-2.5706431e-05,0.6075424,-1.7633294e-05,-1.282495e-05
1517,2022-08-29 00:00:00+03:00,-0.56240654,,,0.98654115,62489.82,4124.8027,70726.31,3124.8027,43.92728,,,,,,,,,,6.944669e-05,,4.7364854e-05,0.0001681699,16865.1,0.12386249,233.60187,,,,-1.1830693e-05
1518,2022-08-30 00:00:00+03:00,-0.9934517,0.028427249,1160.8972,0.15996645,82196.58,1889.0088,90619.516,1048.0781,6.459974,2.304269e-05,1.1417811,-2.1044689e-05,0.13638587,,,,,,6.935233e-05,1.577577e-05,5.544238e-05,0.00018313935,19274.469,0.12732688,234.47389,6.2093204e-05,0.5123318,2.7406266e-05,-6.375316e-06
1519,2022-08-31 00:00:00+03:00,-0.50330496,0.02834194,984.2573,0.072167784,83819.22,1749.3564,91563.45,984.70526,8.089832,2.2559128e-05,1.0749843,-2.1841563e-05,0.06405647,,,,,,6.8688314e-05,1.2589931e-05,5.6139244e-05,0.00018645306,19285.922,0.13665473,233.25305,0.00017739742,0.55592215,9.312523e-05,2.860718e-05
1520,2022-09-01 00:00:00+03:00,-1.0466986,0.028683545,771.3171,0.32237804,83584.96,1722.1425,93193.75,817.4938,18.993622,7.8195095e-05,1.1095846,4.0733772e-05,0.07649577,,,,,,6.732503e-05,1.3411396e-05,5.491087e-05,0.00015261145,19285.414,0.13869438,232.82791,6.4738975e-05,0.6031047,3.526825e-05,2.0973978e-06
1521,2022-09-02 00:00:00+03:00,-0.5015217,0.03121439,734.58356,0.24130397,81338.7,1964.085,90761.266,1054.5244,8.44404,4.0468272e-05,1.1102301,9.756386e-07,0.1725192,1874.9226,3000.1028,0.027583988,1885.0138,2.0890934,6.783188e-05,1.0954038e-05,5.708641e-05,0.00019638265,19288.965,0.1369577,232.48119,0.00042740736,0.44648564,0.00014029942,-1.811318e-05
1522,2022-09-03 00:00:00+03:00,-0.29438275,0.02883707,814.9148,0.061107215,80042.94,2117.19,89352.734,1221.5542,5.501134,6.450983e-05,1.06885,1.896151e-05,0.059638068,1882.5621,3000.0024,0.014692789,1894.2723,2.2134168,7.31942e-05,1.7528599e-05,5.555598e-05,0.0001897477,18004.629,0.13636619,233.44391,0.00019732985,0.39285192,8.040664e-05,1.1889135e-05
1523,2022-09-04 00:00:00+03:00,-0.38713983,0.032760456,898.83716,0.014059983,92865.21,915.10236,98981.65,349.00473,6.5179358,4.551694e-05,1.0573623,4.7379035e-06,0.022269864,1858.9104,3000.001,0.024366204,1870.2953,2.2516978,7.143985e-05,1.9140934e-05,5.229892e-05,0.00017995894,19300.773,0.13938838,233.29825,0.00010536093,0.5207106,5.41869e-05,1.5052888e-05
1524,2022-09-05 00:00:00+03:00,-0.74396074,0.029475667,853.8695,0.23211673,82102.17,1942.7651,91993.86,1006.0023,8.759316,6.1371305e-05,1.1101818,2.5970727e-05,0.13357586,,,,,,7.400058e-05,2.503606e-05,4.937823e-05,0.00018564613,16721.596,0.14340818,231.09067,0.00040366506,0.3961864,0.0001525715,2.0687576e-05
1525,2022-09-06 00:00:00+03:00,-0.3094447,0.02900956,525.9819,0.0,,,,,,-1.00908655e-05,0.88478434,-4.9465503e-05,0.0015643178,1879.9885,3000.044,0.024599034,1886.887,1.8551584,7.2522875e-05,2.2878085e-05,4.9644797e-05,0.00018876507,16717.3,0.14146885,231.34511,0.0012394149,0.29747957,0.0003182117,0.00011372744
1526,2022-09-07 00:00:00+03:00,-0.40317824,0.029137228,1022.09985,0.4784671,85409.2,1541.0675,94265.55,711.65607,20.67578,3.873382e-05,1.1888058,2.5897589e-06,0.20157991,,,,,,6.799049e-05,1.9307337e-05,5.036878e-05,0.00019396853,16709.6,0.13584784,230.9281,0.00046777818,0.40831047,0.00013826945,-1.4973968e-05
1527,2022-09-08 00:00:00+03:00,-0.25031888,0.029000029,608.4928,0.09817714,75113.12,2664.092,84067.55,1731.0299,5.041567,5.3486834e-05,0.9125129,1.0461885e-05,0.09244932,,,,,,7.296546e-05,1.9408546e-05,5.3556905e-05,0.00019025471,16710.883,0.13730508,231.99449,0.00036069623,0.30901533,0.00011530684,-9.562609e-08
1528,2022-09-09 00:00:00+03:00,-0.5640667,,,0.751232,38404.844,7761.87,44058.14,6761.87,9.149918,4.4980472e-05,0.58340955,-1.2433489e-05,0.3880097,,,,,,7.600382e-05,2.0052237e-05,5.3096126e-05,0.0001750833,16708.254,0.13600142,232.51492,0.0003423785,0.25476688,0.00011414327,-8.797197e-06
1529,2022-09-10 00:00:00+03:00,-0.2770315,0.026022831,1830.9224,0.9009513,61029.71,4246.5947,69122.875,3246.5947,12.278873,0.00023182704,1.077735,0.0002106737,0.38094312,,,,,,7.5345015e-05,,5.0803115e-05,0.00017736337,19275.477,0.13912676,232.44562,-0.00091118953,0.37622094,-0.0003428086,-1.6417333e-05
1530,2022-09-11 00:00:00+03:00,-0.19454727,0.03016072,840.081,0.100443184,27260.477,10266.231,31591.86,9266.231,8.1058445,0.00010025981,0.84829473,5.0486036e-05,0.09335354,,,,,,6.968525e-05,1.8760982e-05,5.062129e-05,0.00018503722,16698.975,0.14203648,231.84184,0.0008929835,0.29260957,0.0002321924,1.2694265e-05
1531,2022-09-12 00:00:00+03:00,-1.2505728,0.027895764,783.32904,0.5481243,86804.01,1341.7579,97318.336,372.78583,12.051909,8.574364e-05,1.1995629,5.7800768e-05,0.21435879,,,,,,6.915278e-05,1.9763927e-05,4.6664587e-05,0.00015328765,16702.498,0.13674447,231.76682,0.00017163428,0.44316468,7.890581e-05,9.199467e-06
1532,2022-09-13 00:00:00+03:00,-0.46983674,,,0.99992466,46882.95,6159.9414,53291.08,5159.9414,39.717064,,,,,,,,,,6.633101e-05,,4.5988018e-05,0.00013373895,16689.693,0.13247298,230.72672,,,,-9.802485e-07
1533,2022-09-14 00:00:00+03:00,-0.71963096,0.030265074,1046.3865,0.3883921,81556.17,1761.2793,90873.94,846.5813,6.80853,4.4435703e-05,1.2463195,1.3537236e-05,0.23047015,,,,,,6.184097e-05,9.340625e-06,5.3198753e-05,0.00017992756,16684.57,0.13995054,232.20958,0.00012835604,0.47323382,5.9248545e-05,-7.225495e-06
1534,2022-09-15 00:00:00+03:00,-0.24972397,0.027591944,921.2262,0.89196074,74624.85,2413.2563,84390.75,1415.9263,19.62799,0.00010623015,1.4358871,5.516674e-05,0.3815062,,,,,,7.1751216e-05,1.7701008e-05,5.1240117e-05,0.00018517711,19227.07,0.13858196,232.06512,,,,-1.8615116e-05
1535,2022-09-16 00:00:00+03:00,-0.60711366,0.028302712,1085.262,0.57562816,75005.44,2370.8552,84817.91,1379.5863,11.936648,5.567167e-06,1.3252344,-3.1723433e-05,0.2794158,,,,,,6.664024e-05,1.7221613e-05,5.076892e-05,0.00018614573,24162.562,0.143462,232.55078,0.0001381117,0.6265948,5.0807634e-05,2.1837288e-05
1536,2022-09-17 00:00:00+03:00,-0.9872246,0.028104603,1073.5077,0.29227385,75518.13,2390.1113,84778.17,1442.079,9.966487,1.564176e-05,1.1990881,-1.8536619e-05,0.13416575,,,,,,6.211976e-05,1.3756698e-05,5.0492876e-05,0.00015108817,22088.213,0.14593895,231.59857,8.705523e-05,0.74770397,6.886386e-05,1.52132e-05
1537,2022-09-18 00:00:00+03:00,-0.22280273,0.030234782,1205.4364,0.37891582,64395.492,3830.0776,73027.66,2831.9417,11.463322,1.819379e-05,1.0637066,-1.6258415e-05,0.2155179,,,,,,6.9155794e-05,1.1575468e-05,5.396145e-05,0.00020794626,22102.188,0.14936316,231.22144,0.00026964693,0.78742045,0.00017796787,-2.292175e-05
1538,2022-09-19 00:00:00+03:00,-0.47138795,0.03138356,983.30676,0.48135757,80518.06,1864.9519,90418.52,904.37244,8.866916,2.0210027e-05,1.3671634,-8.177561e-06,0.3055551,,,,,,6.538056e-05,9.412241e-06,5.3885822e-05,0.00019135704,22109.287,0.15129793,232.27477,-0.00014556653,0.7219695,-0.000114206116,-8.638017e-06
1539,2022-09-20 00:00:00+03:00,-0.4603043,0.030427739,1232.6597,0.39790568,74564.5,2621.6382,83850.22,1667.3906,11.654639,1.8844254e-05,1.195745,-1.2327366e-05,0.24471422,,,,,,6.506103e-05,1.1657599e-05,5.1993928e-05,0.00018545472,22144.297,0.15610851,231.92471,0.0001748883,0.55927706,8.7592925e-05,3.9927352e-05
1540,2022-09-21 00:00:00+03:00,-0.4840451,0.03080413,885.59546,0.5004419,83325.78,1712.9734,93672.51,748.71783,8.626421,-1.195865e-06,1.1701041,-3.208946e-05,0.31226173,,,,,,7.219697e-05,2.5289522e-05,4.762054e-05,0.00018481852,19284.217,0.1505802,230.6153,-1.978147e-05,0.3999959,-1.40553975e-05,-2.1708552e-06
1541,2022-09-22 00:00:00+03:00,-0.45968512,0.03140711,759.5606,0.19238712,85346.625,1599.4669,94474.47,740.89355,7.052845,2.9214925e-05,1.00039,-8.469253e-06,0.16237389,,,,,,6.2212835e-05,1.6500982e-05,4.5820714e-05,0.00017795026,19287.73,0.14581752,230.60422,0.0007081959,0.3538174,0.00020797284,2.3703138e-05
1542,2022-09-23 00:00:00+03:00,-0.43248266,0.031153206,944.8589,0.31702957,71152.49,3177.562,80133.91,2215.2642,8.664025,2.8550727e-05,1.0363225,1.1495492e-06,0.29670393,,,,,,7.508903e-05,2.6117421e-05,4.7860045e-05,0.00020244607,19096.488,0.14539833,229.83356,0.0005545891,0.36186296,0.00019053878,5.133784e-05
1543,2022-09-24 00:00:00+03:00,-0.44435048,0.03324767,940.4453,0.4966324,60819.156,4413.1675,69019.58,3422.0632,9.078377,8.840725e-06,0.8860804,-1.8742054e-05,0.25191504,,,,,,7.2618495e-05,1.7595587e-05,4.816836e-05,0.0001849462,19274.824,0.14875695,229.7613,0.00062076974,0.3014904,0.00019028429,3.8720926e-05
1544,2022-09-25 00:00:00+03:00,-0.37662023,0.028835474,1063.3577,0.53627867,71510.516,2895.457,80929.625,1909.2751,8.932043,6.743957e-06,1.0185009,-2.4530244e-05,0.29025817,,,,,,6.0766746e-05,1.3265092e-05,4.870654e-05,0.00017663762,19267.422,0.15050715,229.91614,0.00031187438,0.23517504,6.99562e-05,-4.0548257e-06
1545,2022-09-26 00:00:00+03:00,-0.23521613,0.027669244,950.0742,0.85683274,68357.67,3187.8276,77747.09,2187.8276,13.337311,0.00011629824,1.00321,7.867295e-05,0.42787927,,,,,,5.5914796e-05,,4.821432e-05,0.00016863702,19249.688,0.14833169,229.65704,,,,-9.5201685e-06
1546,2022-09-27 00:00:00+03:00,-0.3941811,0.033206027,1406.7599,0.30093795,64516.11,3717.6904,73084.2,2722.5662,6.5091124,0.00013999561,0.915337,8.788197e-05,0.24920043,,,,,,7.637346e-05,3.111172e-05,4.611961e-05,0.00019509648,18148.33,0.1380112,230.10408,0.0007751218,0.3879122,0.00025336677,3.85835e-05
1547,2022-09-28 00:00:00+03:00,-1.5562047,0.028874174,1084.2113,0.7063007,60606.094,4093.0742,68817.12,3093.0747,14.626413,-6.199684e-05,0.7568137,-7.2461335e-05,0.3952678,,,,,,8.205468e-05,4.1112027e-05,4.3396132e-05,0.00014945945,22092.725,0.14422573,229.7318,0.0008084972,0.3512641,0.00029060908,1.8628738e-05
1548,2022-09-29 00:00:00+03:00,-0.5202356,0.025762942,1008.60815,0.8239034,80497.42,1827.5466,90728.92,852.6731,15.370071,5.2526528e-05,1.3358625,4.87532e-05,0.48805073,,,,,,7.734363e-05,2.834694e-05,4.9207054e-05,0.00021365844,22307.861,0.1532871,228.5705,,,,2.5462943e-05
1549,2022-09-30 00:00:00+03:00,-0.33855844,0.030238025,820.5121,0.33932197,84106.51,1604.2134,93645.9,704.06506,10.918798,3.231365e-05,1.2520269,1.3398489e-05,0.19001922,,,,,,6.687439e-05,1.768525e-05,4.9107064e-05,0.0001988415,22150.041,0.15071313,228.06241,-0.00015295837,0.5553304,-8.383694e-05,-3.1028714e-05
1550,2022-10-01 00:00:00+03:00,-0.31352827,0.031104635,786.3003,0.1892973,91766.3,835.55707,98640.0,205.99261,6.502867,6.6727414e-05,1.146202,3.5358564e-05,0.17919257,,,,,,7.173304e-05,2.5783625e-05,4.5786102e-05,0.00019511227,17979.223,0.15085712,228.353,0.0006140874,0.406729,0.00022948235,4.9369326e-05
1551,2022-10-02 00:00:00+03:00,-0.63347924,0.028769422,1231.9377,0.75774765,71813.875,2825.8416,81083.68,1849.6786,12.43355,7.240006e-05,1.2650746,5.5965844e-05,0.28951383,,,,,,7.6613855e-05,2.4119921e-05,4.383583e-05,0.00019293423,22115.076,0.14095205,229.07907,,,,6.105272e-05
1552,2022-10-03 00:00:00+03:00,-0.34118962,0.029835844,706.724,0.0,,,,,,4.763176e-05,1.0728639,2.1999322e-05,0.0,1904.2279,3000.1768,0.047458872,1917.7837,2.9554725,6.6240405e-05,2.3913204e-05,4.2327192e-05,0.00015804954,19259.574,0.13682508,228.76137,,,,-3.0367762e-06
1553,2022-10-04 00:00:00+03:00,-0.007679701,0.027281081,791.3874,0.6805073,87380.14,1274.4492,97810.09,314.86374,15.438281,5.274071e-05,1.2219219,2.5958421e-05,0.39985257,,,,,,5.5990982e-05,1.4736219e-05,4.1776133e-05,0.00018348414,16700.508,0.13444118,228.25507,,,,2.1337411e-05
1554,2022-10-05 00:00:00+03:00,-0.19398046,0.028172856,2064.1377,0.8865447,56012.586,4901.7417,63632.785,3901.7417,13.340702,,,,,,,,,,,,,,,0.1228943,228.6561,,,,
1555,2022-10-06 00:00:00+03:00,-0.16806564,0.027555197,847.6057,0.33590496,81863.58,1938.1538,90809.96,1045.6664,6.4548426,4.323233e-05,1.3557967,2.0593663e-05,0.2233637,,,,,,6.734693e-05,2.6998394e-05,3.9107523e-05,0.0001813641,11206.852,0.123819456,228.69427,,,,1.7493761e-05
1556,2022-10-07 00:00:00+03:00,-0.3007249,0.028905813,917.7747,0.12180133,86212.2,1505.9664,94232.26,739.8523,4.298892,5.279918e-05,1.2028971,2.5340658e-05,0.12987861,1869.775,3000.0325,0.034281656,1879.7811,2.6378636,7.436059e-05,3.3134977e-05,4.128241e-05,0.00019021479,16714.137,0.13296464,226.18478,,,,2.57087e-05
1557,2022-10-08 00:00:00+03:00,-0.099716574,0.02763839,882.4764,0.10997704,63819.945,3949.115,72312.086,2949.1152,7.244195,5.3711537e-05,1.012937,1.5937218e-05,0.114077404,1893.6174,3000.158,0.03904287,1905.4833,2.8418927,7.347745e-05,3.4993172e-05,3.8184455e-05,0.000188018,16699.938,0.13161626,227.0555,,,,
1558,2022-10-09 00:00:00+03:00,-0.016371012,0.02949819,596.0752,0.1741924,81666.875,1905.1714,89338.56,1151.8163,3.6096067,1.871806e-05,0.9399061,-1.4702648e-05,0.20410228,,,,,,5.2411062e-05,1.329429e-05,3.911677e-05,0.00017992634,19286.836,0.14085323,225.11111,,,,
1559,2022-10-10 00:00:00+03:00,-0.101981066,0.029871315,678.0393,0.099725015,81847.03,1922.363,90730.45,1077.7081,4.168184,6.443441e-05,1.0485959,3.0147952e-05,0.09923673,1884.2812,3000.0012,0.025160635,1895.1422,2.6065984,7.325373e-05,3.7024623e-05,3.6229103e-05,0.00017976091,16713.588,0.1338351,225.61533,,,,
1560,2022-10-11 00:00:00+03:00,-0.17744635,0.02964211,671.5773,0.26128405,89602.44,1106.7319,98268.17,314.53867,7.5948515,3.6188365e-05,1.0778508,9.84559e-07,0.17631882,,,,,,5.843482e-05,1.8002396e-05,4.0035695e-05,0.0001784483,19275.879,0.14023465,226.68594,,,,
1561,2022-10-12 00:00:00+03:00,-0.10026903,0.030460242,698.9,0.23704073,87966.0,1317.3207,97417.51,446.93277,6.245354,2.9607992e-05,1.1481756,-2.3249613e-06,0.22529738,,,,,,5.5296376e-05,1.9334031e-05,3.5156954e-05,0.00016455232,16713.523,0.1409054,226.25926,,,,
1562,2022-10-13 00:00:00+03:00,-0.040718734,0.031989943,841.8912,0.9236896,84295.484,1658.7458,94980.88,658.74585,18.091248,8.55339e-05,1.310595,8.522518e-05,0.5054504,,,,,,5.288399e-05,,3.8297272e-05,0.00016183619,16713.16,0.14209998,227.75296,,,,
1563,2022-10-14 00:00:00+03:00,-0.91757584,0.028592784,790.3903,0.39384696,69212.59,3189.7092,78522.52,2189.7092,14.121062,5.6261033e-05,0.97182083,2.5283962e-05,0.30851826,,,,,,6.0462822e-05,2.1918024e-05,3.453029e-05,0.00014209613,16704.836,0.15416002,227.28606,,,,
1564,2022-10-15 00:00:00+03:00,-0.14442655,0.0268263,920.51276,0.41909206,68668.13,3307.7622,77650.06,2316.433,6.8509254,6.226571e-05,0.8199649,2.0138988e-05,0.36205047,,,,,,8.070985e-05,4.3067368e-05,3.5946327e-05,0.00018776936,16700.02,0.1451892,225.99254,,,,
1565,2022-10-16 00:00:00+03:00,-0.20585953,0.028736051,1570.5881,0.9999968,70068.8,3211.6648,79222.39,2215.5977,78.532906,,,,,,,,,,0.00013432975,,3.1354015e-05,0.00016320066,16703.102,0.13672382,227.03587,,,,
1566,2022-10-17 00:00:00+03:00,0.07376164,0.02872871,503.1196,0.18740538,53193.527,5905.5527,60175.61,4933.7573,5.996888,4.8724356e-05,0.9822201,2.6795125e-05,0.17519331,,,,,,6.4247935e-05,2.7539354e-05,3.6708574e-05,0.00017079842,14431.559,0.13158225,225.98639,,,,
1567,2022-10-18 00:00:00+03:00,-0.10518876,0.030966932,514.8352,0.45808855,66660.516,3742.446,74378.336,2843.462,8.596483,7.428379e-05,1.0761081,5.5658104e-05,0.3358269,,,,,,5.5312135e-05,2.0248966e-05,3.584165e-05,0.00016356749,16708.887,0.1340788,223.77905,,,,
1568,2022-10-19 00:00:00+03:00,-0.5061398,0.028936975,602.84784,0.11133875,80823.4,1983.8585,90824.28,1026.5834,14.286665,5.7612183e-06,1.2699473,-1.3890952e-05,0.08610349,,,,,,4.7732814e-05,1.2785019e-05,3.507468e-05,0.0001454115,21820.986,0.14581168,222.97556,,,,
1569,2022-10-20 00:00:00+03:00,-0.3438245,0.029945787,539.812,0.9974731,88572.46,1236.3079,99824.375,236.57588,25.021152,,,,,,,,,,4.8697315e-05,,2.9911607e-05,0.00015956943,14431.11,0.11830786,220.88733,,,,
1570,2022-10-21 00:00:00+03:00,0.014229208,,,0.84613883,41686.6,7076.201,47704.574,6076.201,13.714408,,,,,,,,,,9.2731745e-05,6.0342896e-05,2.854079e-05,0.00015861182,14426.414,0.12277493,221.22714,,,,
1571,2022-10-22 00:00:00+03:00,0.12183937,0.028739339,1208.2777,0.7462409,43425.47,6760.1016,49750.08,5760.1016,22.771362,0.00015061499,0.6721295,7.2824216e-05,0.4459788,,,,,,8.816333e-05,5.257578e-05,2.986522e-05,0.00016031993,16699.195,0.13603985,222.35829,,,,
1572,2022-10-23 00:00:00+03:00,0.085015,0.02718082,1156.5048,0.9233527,92530.07,785.3779,101244.914,12.379186,13.300072,-9.636587e-06,1.6427711,-4.1636875e-05,0.47816598,,,,,,5.0680275e-05,,3.201941e-05,0.00017161926,19270.28,0.14123401,221.49788,,,,
1573,2022-10-24 00:00:00+03:00,-0.0778687,0.027246486,1539.7742,0.99858475,53889.227,5297.799,61180.758,4297.799,46.45427,,,,,,,,,,9.27177e-05,,2.9637651e-05,0.00014301806,16701.13,0.13095587,222.03813,,,,
1574,2022-10-25 00:00:00+03:00,0.91349024,0.030566372,1182.5726,0.76756155,86328.02,1374.4902,96251.54,444.38666,41.816597,6.835966e-05,1.4924603,7.4762065e-05,0.24440609,,,,,,6.168081e-05,,3.512823e-05,0.00024373987,19262.654,0.13120168,219.65594,,,,
1575,2022-10-26 00:00:00+03:00,-0.19079731,0.029791735,1002.50195,0.93593216,86679.734,1374.3123,97485.09,374.31226,17.048037,,,,,,,,,,5.4464937e-05,,2.8028322e-05,0.00015797673,19274.398,0.1232931,219.84009,,,,
1576,2022-10-27 00:00:00+03:00,0.20911151,0.03255461,1261.1434,0.9999528,87750.84,1323.3354,98681.7,328.63602,70.59071,,,,,,,,,,7.689712e-05,,2.5260795e-05,0.00015981673,16712.91,0.117568664,218.75179,,,,
1577,2022-10-28 00:00:00+03:00,0.51386994,0.029670602,1398.6841,0.8353622,82034.5,1897.3076,91572.53,968.1809,21.35085,0.000111705864,0.94213444,8.59298e-05,0.27837354,,,,,,9.803441e-05,7.006328e-05,2.342162e-05,0.00015827306,16709.328,0.11364374,217.64655,,,,
1578,2022-10-29 00:00:00+03:00,-0.13213313,,,0.8827961,39747.94,7440.507,45615.258,6440.507,41.755028,-4.3871754e-05,0.8102221,-5.546962e-05,0.32977358,,,,,,7.21686e-05,4.197511e-05,2.273366e-05,0.000118308315,16700.277,0.116308376,217.89001,,,,
1579,2022-10-30 00:00:00+03:00,-0.7789148,0.028186608,749.77466,0.5780433,92156.41,843.84796,100991.21,57.710457,22.18281,4.3279597e-05,1.3697822,4.8549708e-05,0.25063568,,,,,,4.5037454e-05,2.4936691e-05,1.8282974e-05,0.00011986728,13056.652,0.105890125,218.26088,,,,
1580,2022-10-31 00:00:00+02:00,0.11072466,0.026230173,1327.3458,0.27413762,87863.5,1309.1329,97300.3,440.7427,8.873602,8.3258725e-05,1.4555838,0.000103490594,0.062572464,,,,,,4.8020593e-05,2.4998295e-05,2.2808188e-05,0.00015067136,14429.02,0.11208089,217.37842,,,,
1581,2022-11-01 00:00:00+02:00,-0.067241214,0.027416397,1123.299,0.98485386,84306.2,1633.394,94328.5,686.8235,29.028965,,,,,,,,,,5.3999247e-05,,2.4839585e-05,0.00014782694,16706.41,0.11966968,219.08295,,,,
1582,2022-11-02 00:00:00+02:00,0.12144573,0.030664893,1046.9645,0.4799412,83895.19,1696.7427,92282.64,879.10785,10.226181,0.0001543425,1.171262,0.00015989016,0.3731223,,,,,,6.563998e-05,3.709482e-05,2.6957396e-05,0.00017554857,16704.453,0.128169,220.00021,,,,
1583,2022-11-03 00:00:00+02:00,0.22335465,0.03196006,695.04126,0.27742782,80366.34,2032.3035,90329.46,1070.8221,4.9950495,4.4817934e-05,1.0940893,3.512201e-05,0.22894794,,,,,,4.884136e-05,1.9725758e-05,2.8521219e-05,0.00016430707,19280.68,0.13436672,219.89108,,,,
1584,2022-11-04 00:00:00+02:00,-0.40686032,,,0.0055543617,33289.28,8551.66,38462.16,7551.66,9.782602,8.839094e-06,1.2006115,4.271892e-07,0.029283142,,,,,,4.7625363e-05,2.2606517e-05,2.4991448e-05,0.00013354588,16701.506,0.1289705,218.89217,,,,
1585,2022-11-05 00:00:00+02:00,-0.36158434,,,1.0,49290.93,5779.795,56278.758,4779.795,172.40471,,,,,,,,,,0.00021234642,,2.4069232e-05,0.0001946181,19267.775,0.13925786,219.02849,,,,
1586,2022-11-06 00:00:00+02:00,0.4827752,0.029474333,601.4481,0.5129602,88549.92,1180.4077,99077.86,233.99397,21.870064,5.8058915e-05,1.4435267,6.620492e-05,0.23495834,,,,,,5.2842996e-05,2.9552899e-05,2.4145167e-05,0.00017070767,16705.479,0.13462725,220.21329,,,,
1587,2022-11-07 00:00:00+02:00,0.00225991,0.026621435,812.2646,0.9937464,66837.54,3392.069,75790.766,2392.0693,54.325554,,,,,,,,,,9.417548e-05,,2.353755e-05,0.0001478228,19256.822,0.13422915,221.68195,,,,
1588,2022-11-08 00:00:00+02:00,-0.39333504,0.030309834,1217.3945,0.98211634,76870.875,2302.2744,86967.375,1303.3154,51.54477,,,,,,,,,,,,,,,0.13717404,222.28769,,,,
1589,2022-11-09 00:00:00+02:00,0.38606697,0.029816845,1539.8069,0.7386378,54978.81,5024.989,62645.35,4024.9888,26.871662,,,,,,,,,,0.00010566961,6.6767854e-05,2.5124114e-05,0.00016485475,16698.566,0.13659753,222.68445,,,,
1590,2022-11-10 00:00:00+02:00,-0.0067976713,0.027933758,1163.5525,0.76915604,79234.98,2097.4934,89597.11,1098.1906,21.343266,,,,,,,,,,5.7633515e-05,2.3803212e-05,3.2757307e-05,0.00021961718,19271.48,0.14626417,221.1524,,,,
1591,2022-11-11 00:00:00+02:00,-0.43045494,,,0.9811125,52712.246,5388.3516,60075.93,4388.3516,47.559914,,,,,,,,,,6.949226e-05,,2.71924e-05,0.0001949726,13057.952,0.12607506,220.54639,,,,
1592,2022-11-12 00:00:00+02:00,0.07166878,0.02903725,1063.0067,0.8328974,92467.875,891.10345,102089.375,40.355865,22.002708,,,,,,,,,,5.550871e-05,2.8359256e-05,2.3004333e-05,0.00017575352,13059.058,0.12463591,219.72495,,,,
1593,2022-11-13 00:00:00+02:00,0.15041447,0.030758437,819.2212,0.9274751,60130.652,4643.734,68131.21,3643.734,41.287426,,,,,,,,,,6.852949e-05,,2.341652e-05,0.00017130456,13060.794,0.12611449,219.20734,,,,
1594,2022-11-14 00:00:00+02:00,0.52883184,0.028324712,668.39026,0.71130085,92984.66,866.61816,101246.05,134.92775,23.54097,,,,,,,,,,5.4297838e-05,1.4514442e-05,2.8059592e-05,0.00019239166,13059.639,0.13372108,218.83594,,,,
1595,2022-11-15 00:00:00+02:00,-1.0146295,0.027062396,943.0143,0.5130584,79546.16,2055.3352,89901.85,1055.335,30.470324,,,,,,,,,,7.077194e-05,4.575995e-05,2.3194012e-05,0.00016231334,13056.287,0.122012496,218.14418,,,,
1596,2022-11-16 00:00:00+02:00,0.20226008,0.02957405,283.2428,0.4637065,82035.01,1811.8909,92763.24,812.27094,13.686902,,,,,,,,,,4.5493915e-05,2.0248754e-05,2.5534926e-05,0.00017987062,19101.96,0.14365217,215.28656,,,,
1597,2022-11-17 00:00:00+02:00,0.19258663,0.029351499,399.6106,0.5633654,88577.41,1104.583,99850.47,133.35294,15.823478,,,,,,,,,,4.997774e-05,2.8649467e-05,2.1131702e-05,0.00015253776,19269.5,0.12416099,214.15796,,,,
1598,2022-11-18 00:00:00+02:00,0.40552145,0.028776182,278.32257,0.34128284,69519.88,3033.9727,79296.66,2033.9724,5.443959,,,,,,,,,,4.1496824e-05,1.4233701e-05,2.770792e-05,0.00016679426,24262.0,0.14078636,217.44217,,,,
1599,2022-11-19 00:00:00+02:00,0.3167593,0.02704657,228.46234,0.70184976,71928.14,2723.674,82141.22,1723.7805,33.206894,,,,,,,,,,2.5413377e-05,2.0187913e-06,2.7099599e-05,0.00014673095,27699.674,0.14514497,218.70139,,,,
1600,2022-11-20 00:00:00+02:00,-0.97751975,0.028292539,236.55739,0.64634806,84700.4,1473.3226,94888.39,563.09357,52.49704,,,,,,,,,,0.00011567248,5.8176545e-05,2.8282833e-05,0.00023156965,24255.725,0.1515061,218.61855,,,,
1601,2022-11-21 00:00:00+02:00,0.31668466,0.033644166,348.10117,0.80276006,82582.58,1649.3511,93084.18,693.3364,53.848858,,,,,,,,,,9.629903e-05,6.0431114e-05,2.684677e-05,0.00024995222,22278.066,0.14586198,217.22928,,,,
1602,2022-11-22 00:00:00+02:00,0.13428633,0.03150659,398.7758,0.7859123,84162.59,1500.4546,94398.91,582.1594,16.22187,,,,,,,,,,6.6633984e-05,2.8319588e-05,2.5655487e-05,0.00020190873,19262.188,0.14837568,218.54506,,,,
1603,2022-11-23 00:00:00+02:00,0.32631886,0.031112945,446.53424,0.98109204,76624.74,2264.331,86872.484,1264.6047,89.24431,,,,,,,,,,7.7481214e-05,,2.3856182e-05,0.00019946188,19266.16,0.14825734,220.2344,,,,
1604,2022-11-24 00:00:00+02:00,-0.13592786,,,0.9904164,52448.28,5224.6523,59838.445,4224.653,86.96074,,,,,,,,,,7.149333e-05,,2.611406e-05,0.00017696279,19272.982,0.15525046,220.5785,,,,
1605,2022-11-25 00:00:00+02:00,0.26264334,0.031451732,513.06024,0.94763505,64522.414,3665.6294,73379.625,2665.6294,91.217285,,,,,,,,,,7.577252e-05,,2.6010843e-05,0.00019032648,22176.611,0.15669386,219.97299,,,,
1606,2022-11-26 00:00:00+02:00,-0.5232717,0.03292754,593.25635,0.8163353,77404.16,2281.088,87975.25,1281.0879,27.90305,,,,,,,,,,6.0998682e-05,,2.6006404e-05,0.00016242512,22202.793,0.15230033,217.82254,,,,
1607,2022-11-27 00:00:00+02:00,-0.3558641,0.034412887,687.99664,0.8818816,71408.875,2945.7412,81166.8,1948.2643,41.49844,,,,,,,,,,0.00013343545,9.650973e-05,2.3314225e-05,0.00025588114,19300.781,0.14718884,216.42413,,,,
1608,2022-11-28 00:00:00+02:00,-0.25017655,0.032665234,576.2991,0.9959359,74469.9,2583.2915,84638.43,1583.2914,40.36126,,,,,,,,,,,,,,,0.13074973,213.49686,,,,
1609,2022-11-29 00:00:00+02:00,-0.21984845,0.030321943,325.7787,0.9925233,74079.734,2616.4624,84492.625,1619.9929,47.30127,,,,,,,,,,7.395998e-05,,1.6887145e-05,0.00017040345,18963.229,0.1291634,211.43378,,,,
1610,2022-11-30 00:00:00+02:00,-0.121706605,0.032832902,537.9061,0.8979838,89561.55,1175.5837,101125.14,182.10028,30.91193,,,,,,,,,,0.00010109338,,1.47513165e-05,0.00016611617,16724.023,0.121706955,210.93869,,,,
1611,2022-12-01 00:00:00+02:00,-0.72409236,0.031013714,465.24182,0.76638854,70743.016,3070.9448,80156.8,2070.9448,77.99052,,,,,,,,,,6.844327e-05,,1.460159e-05,0.00013043477,16725.256,0.13190323,211.8818,,,,
1612,2022-12-02 00:00:00+02:00,-0.44199002,0.032324895,406.55176,0.9999522,92578.34,876.4176,102924.59,18.490088,32.619503,,,,,,,,,,8.63023e-05,,1.8321336e-05,0.00016871322,19309.129,0.13049003,211.60266,,,,
1613,2022-12-03 00:00:00+02:00,0.036039546,,,0.8506472,52888.54,5252.4883,60471.133,4252.4883,42.49009,,,,,,,,,,5.185447e-05,1.755826e-05,2.1385149e-05,0.00016670083,19305.715,0.13320206,213.36998,,,,
1614,2022-12-04 00:00:00+02:00,-0.45804888,,,0.9936832,57333.508,4661.0244,65331.938,3661.0244,77.78163,,,,,,,,,,3.582474e-05,,2.288427e-05,0.00016125441,19305.105,0.1442697,213.27039,,,,
1615,2022-12-05 00:00:00+02:00,-0.18004215,0.034886606,870.19305,0.9995945,85275.36,1537.9486,96387.82,542.0171,89.62628,,,,,,,,,,5.861809e-05,,1.9909745e-05,0.00016811512,16717.682,0.14437619,212.72516,,,,
1616,2022-12-06 00:00:00+02:00,-1.5490488,0.033531114,774.7869,0.999188,85278.41,1444.1627,96288.16,447.24527,88.0379,,,,,,,,,,,,,,,0.13443862,211.819,,,,
1617,2022-12-07 00:00:00+02:00,-0.45166203,,,0.9807919,49348.29,5644.3867,56455.055,4644.3867,102.13358,,,,,,,,,,,,,,,0.14360836,210.53595,,,,
1618,2022-12-08 00:00:00+02:00,-0.56661654,0.029349862,389.65536,0.8059963,61573.613,3879.7246,70497.16,2879.81,104.25794,,,,,,,,,,3.154863e-05,-1.3286892e-05,2.4564564e-05,0.00016086927,24221.287,0.16729996,212.6774,,,,
1619,2022-12-09 00:00:00+02:00,0.14906427,0.031951994,326.72656,0.76054317,90602.29,897.22906,99545.266,126.31969,4.3525834,,,,,,,,,,4.9140846e-05,1.7751698e-05,2.4109684e-05,0.00020390237,24248.027,0.16462594,213.73282,,,,
1620,2022-12-10 00:00:00+02:00,0.23949915,0.03280236,195.39017,0.5239206,73897.43,2623.6362,83837.12,1631.9,7.312459,,,,,,,,,,4.447707e-05,1.321943e-05,2.5034817e-05,0.00019748611,22143.016,0.16186422,215.27432,,,,
1621,2022-12-11 00:00:00+02:00,-1.4542181,,,0.7024909,43287.793,6442.276,49687.332,5442.276,69.10457,,,,,,,,,,6.4985e-05,,2.2300857e-05,0.00017681182,17020.215,0.15317184,217.32065,,,,
1622,2022-12-12 00:00:00+02:00,-1.3245041,,,0.9961672,51555.938,5107.7104,58895.32,4107.7104,64.395905,,,,,,,,,,0.00020579064,,2.4121187e-05,0.0003226985,22092.625,0.16924864,216.72835,,,,
1623,2022-12-13 00:00:00+02:00,-0.2102609,0.036511704,409.7079,0.8936058,67565.11,3077.0823,77240.84,2077.0823,64.14199,,,,,,,,,,5.610099e-05,1.5219757e-05,2.5201345e-05,0.00019507541,24197.035,0.16827217,217.4277,,,,
1624,2022-12-14 00:00:00+02:00,0.033867717,0.034678124,252.87953,0.96836865,84337.88,1452.1993,95481.46,452.65234,68.82508,,,,,,,,,,0.00012795786,,1.960904e-05,0.0003229407,24237.05,0.15601024,216.0151,,,,
1625,2022-12-15 00:00:00+02:00,0.5446991,0.034233622,251.18092,0.90384066,84809.266,1385.8875,95686.39,430.7282,84.220345,,,,,,,,,,0.0001448771,8.770712e-05,1.746691e-05,0.00031097356,23301.986,0.14138937,214.6785,,,,
1626,2022-12-16 00:00:00+02:00,-0.18683049,0.03449045,291.18988,0.96545476,85232.33,1428.815,96211.84,462.19385,67.95646,,,,,,,,,,0.00020899906,,1.5843083e-05,0.00028981955,19274.477,0.13032272,213.28485,,,,
1627,2022-12-17 00:00:00+02:00,-0.749462,0.031516653,190.78574,0.61798006,91031.56,943.39777,101628.14,67.01901,57.10223,,,,,,,,,,6.866174e-05,,1.8781038e-05,0.00020124271,22194.16,0.14389293,214.47694,,,,
1628,2022-12-18 00:00:00+02:00,0.09709279,0.033748347,141.32343,0.8396286,86942.72,1404.0482,98251.125,421.123,65.93046,,,,,,,,,,9.4210736e-05,4.906719e-05,1.7485265e-05,0.00019991734,22221.404,0.13809185,210.86183,,,,
1629,2022-12-19 00:00:00+02:00,0.33828348,,,0.75460327,72481.08,3025.171,81042.625,2123.624,50.51599,,,,,,,,,,0.00015428339,0.000108295135,1.1141513e-05,0.00023425597,14434.122,0.12056652,208.8728,,,,
1630,2022-12-20 00:00:00+02:00,-1.2464814,0.03201642,1203.953,0.93538463,63606.69,3985.586,72072.05,2985.586,56.10913,,,,,,,,,,0.00012204621,0.000104925166,1.2225527e-05,0.00019229796,16702.197,0.12567794,207.19188,,,,
1631,2022-12-21 00:00:00+02:00,-0.70473087,,,0.9310845,54445.934,5042.0825,62163.754,4042.0825,51.049065,,,,,,,,,,,,,,,0.113210335,207.99208,,,,
1632,2022-12-22 00:00:00+02:00,-0.8549337,0.03142317,675.5792,0.9911949,87936.36,1129.0444,98192.61,206.32428,139.52264,,,,,,,,,,0.00018541755,,1.7709935e-05,0.00022633394,19246.361,0.13386242,213.14253,,,,
1633,2022-12-23 00:00:00+02:00,0.42109215,0.03188227,541.59375,0.97368,75596.984,2320.977,85663.82,1320.977,96.61654,,,,,,,,,,9.6338656e-05,,2.1533904e-05,0.00018299278,22108.281,0.15388954,215.45006,,,,
1634,2022-12-24 00:00:00+02:00,0.2330864,0.028008794,229.25262,0.14355354,70057.99,3083.947,79296.016,2124.6038,25.845673,,,,,,,,,,6.1058316e-05,3.587403e-05,2.0520338e-05,0.00017535716,22146.244,0.14834873,217.8862,,,,
1635,2022-12-25 00:00:00+02:00,0.12525971,0.031085644,294.15146,0.9434431,87326.84,1301.7607,98597.19,309.24872,31.975056,,,,,,,,,,7.355812e-05,,1.968287e-05,0.00019587162,22184.91,0.14491823,218.81866,,,,
1636,2022-12-26 00:00:00+02:00,-0.25676236,,,1.0,36195.867,7800.2344,41882.03,6800.2344,127.9117,,,,,,,,,,,,,,,0.17178705,219.17903,,,,
1637,2022-12-27 00:00:00+02:00,-0.14419115,0.030037524,602.0599,0.9233041,67468.92,3319.5742,76956.22,2319.5742,62.315895,,,,,,,,,,4.2230335e-05,1.7730528e-05,2.1572512e-05,0.00016990435,23190.4,0.16784635,218.7602,,,,
1638,2022-12-28 00:00:00+02:00,-0.67399794,,,0.98587906,52570.547,5154.9253,59947.664,4154.9253,94.922676,,,,,,,,,,,,,,,0.15822166,215.95312,,,,
1639,2022-12-29 00:00:00+02:00,-0.5165522,,,0.9959668,42011.86,6748.273,48417.03,5748.273,116.94986,,,,,,,,,,,,,,,0.1582256,215.04001,,,,
1640,2022-12-30 00:00:00+02:00,0.12939547,0.030985901,417.13913,0.94800556,68378.15,3162.986,77773.5,2162.986,60.752975,,,,,,,,,,7.026114e-05,,2.0982807e-05,0.00018272945,19253.217,0.16783327,215.9874,,,,
1641,2022-12-31 00:00:00+02:00,-0.33157754,,,0.9460343,37784.734,7578.1064,43599.617,6578.1064,73.32378,,,,,,,,,,,,,,,0.14520442,214.73817,,,,
1642,2023-01-01 00:00:00+02:00,-0.37445456,,,0.9985177,42101.85,6878.0625,48169.516,5878.063,92.045944,,,,,,,,,,,,,,,0.14072138,214.49046,,,,
1643,2023-01-02 00:00:00+02:00,-1.341393,,,1.0,46008.574,6258.4136,52584.63,5258.4136,132.0687,,,,,,,,,,,,,,,0.13077062,213.76988,,,,
1644,2023-01-03 00:00:00+02:00,-0.18932095,0.03136828,674.54193,0.90152395,80742.89,1887.0862,91556.375,887.0863,21.738337,,,,,,,,,,4.941131e-05,1.9600291e-05,2.3341965e-05,0.00016833366,22161.172,0.15072787,212.13327,,,,
1645,2023-01-04 00:00:00+02:00,-0.3986342,,,0.99861974,39887.473,7139.4697,46104.58,6139.4697,94.281006,,,,,,,,,,5.490617e-05,,1.5291731e-05,0.0001240306,16703.447,0.14032012,211.47476,,,,
1646,2023-01-05 00:00:00+02:00,-0.5785464,0.03371165,875.8811,0.91348255,66022.69,3357.7415,74893.06,2357.7415,33.35866,,,,,,,,,,8.203759e-05,6.530825e-05,1.8501796e-05,0.0001761396,22094.02,0.12903383,212.24274,,,,
1647,2023-01-06 00:00:00+02:00,0.38167915,,,0.91681623,32041.586,8595.281,37110.434,7595.281,2.1407745,,,,,,,,,,3.3741897e-05,1.725052e-05,1.4981552e-05,0.00011684801,16714.434,0.14528537,210.83847,,,,
1648,2023-01-07 00:00:00+02:00,-1.1053667,0.03455004,467.33078,0.7574055,91921.445,844.04834,101795.57,13.342211,41.153717,,,,,,,,,,0.00010136953,,1.3770287e-05,0.00018028669,16708.924,0.13863924,210.6811,,,,
1649,2023-01-08 00:00:00+02:00,0.20184271,,,0.58711827,42580.484,6884.129,49034.57,5884.1284,72.43199,,,,,,,,,,8.802396e-05,6.58081e-05,1.462249e-05,0.00015017304,16701.525,0.12922978,208.8734,,,,
1650,2023-01-09 00:00:00+02:00,-0.5117425,,,0.9916238,49157.414,5648.8633,56295.215,4648.8633,48.661755,,,,,,,,,,0.000106963875,,1.548763e-05,0.00015682896,16847.232,0.14187506,211.21532,,,,
1651,2023-01-10 00:00:00+02:00,-0.07015507,,,0.98954177,57972.26,4480.6934,66097.734,3480.6929,55.014313,,,,,,,,,,4.2346273e-05,,1.8455754e-05,0.00013915158,16701.148,0.15676923,210.91391,,,,
1652,2023-01-11 00:00:00+02:00,0.55314726,,,0.8250879,48805.65,5798.838,55792.75,4798.838,58.37222,,,,,,,,,,6.683009e-05,6.024381e-05,1.3818137e-05,0.0001239689,14424.006,0.13032907,210.63863,,,,
1653,2023-01-12 00:00:00+02:00,0.09923941,0.032457862,629.97797,0.95886016,80101.875,1924.8589,90530.69,930.9572,55.031807,,,,,,,,,,7.673782e-05,5.241304e-05,1.8661174e-05,0.00016542568,19256.377,0.15462783,212.85403,,,,
1654,2023-01-13 00:00:00+02:00,-0.5194738,,,0.9236419,54914.23,4819.9697,62658.375,3819.9692,56.514565,,,,,,,,,,,,,,,0.1510523,213.67691,,,,
1655,2023-01-14 00:00:00+02:00,0.079389974,0.03285823,548.00946,0.88650405,80389.3,1842.2849,91260.81,843.56476,21.549809,,,,,,,,,,3.352016e-05,1.4072806e-05,2.0873686e-05,0.00014163266,22134.693,0.16541907,213.52269,,,,
1656,2023-01-15 00:00:00+02:00,-0.5037192,,,1.0,35769.08,7823.217,41125.336,6823.2163,103.44982,,,,,,,,,,,,,,,0.14478503,215.96507,,,,
1657,2023-01-16 00:00:00+02:00,0.35875633,0.031283665,436.8841,0.44539815,61003.895,4059.2979,69640.58,3059.2979,22.983492,,,,,,,,,,5.4852346e-05,2.6848764e-05,2.6742484e-05,0.00018897366,22094.824,0.16868496,218.37372,,,,
1658,2023-01-17 00:00:00+02:00,-0.90628785,0.035341475,382.7916,0.9787846,86389.13,1110.6682,96904.61,163.01537,122.99923,,,,,,,,,,0.00018560386,,3.293203e-05,0.00028889536,22054.523,0.17806765,221.4605,,,,
1659,2023-01-18 00:00:00+02:00,-0.4178398,0.0307155,459.92056,0.97753084,56454.582,4469.292,64534.887,3469.2917,104.392166,,,,,,,,,,0.00021407646,,3.061318e-05,0.0002527643,22086.07,0.17478472,224.76793,,,,
1660,2023-01-19 00:00:00+02:00,0.2467915,,,0.6340444,46971.05,5873.6206,54129.31,4873.6206,24.089188,,,,,,,,,,7.430836e-05,3.6974576e-05,3.6692705e-05,0.0002662889,22126.537,0.20523325,221.98204,,,,
1661,2023-01-20 00:00:00+02:00,0.24830645,,,0.78888273,50030.6,5471.135,57608.703,4471.135,34.620872,,,,,,,,,,9.7078504e-05,5.070331e-05,3.2962962e-05,0.0002578461,22166.102,0.18908107,221.92761,,,,
1662,2023-01-21 00:00:00+02:00,0.25855348,,,0.72716963,43551.47,6621.073,50058.805,5621.073,34.69004,,,,,,,,,,8.579432e-05,4.292433e-05,2.9794588e-05,0.00021075543,19298.941,0.18396133,219.85352,,,,
1663,2023-01-22 00:00:00+02:00,0.28119516,0.035015415,345.47095,0.53893083,79736.67,2224.586,89907.44,1248.407,8.764033,,,,,,,,,,9.215413e-05,5.7021338e-05,2.4733828e-05,0.00022249861,16727.84,0.1762081,219.21631,,,,
1664,2023-01-23 00:00:00+02:00,-0.70044386,0.034291983,156.75145,0.22388148,87148.28,1528.8481,96038.87,718.6554,41.495064,,,,,,,,,,7.218154e-05,3.4414854e-05,2.808588e-05,0.00019805296,16733.365,0.16010332,218.57423,,,,
1665,2023-01-24 00:00:00+02:00,-0.14606088,0.034437187,229.56009,0.96700394,91859.42,1001.7132,103231.61,49.282722,18.417463,,,,,,,,,,5.4282013e-05,,2.5191646e-05,0.0001934969,14438.665,0.14343603,215.42204,,,,
1666,2023-01-25 00:00:00+02:00,-0.18956076,0.03138867,1000.5425,0.9935553,89350.58,1169.7395,100191.2,227.6159,50.76586,,,,,,,,,,7.091029e-05,,1.9307303e-05,0.00013778961,14433.109,0.14734465,214.55855,,,,
1667,2023-01-26 00:00:00+02:00,-0.7594242,,,1.0,61960.273,4001.5571,70271.875,3001.5576,58.27404,,,,,,,,,,1.6539785e-05,,1.8240546e-05,9.8584904e-05,16703.594,0.15440434,213.56631,,,,
1668,2023-01-27 00:00:00+02:00,0.09342624,0.034616783,144.939,0.663581,85387.13,1513.0725,96500.45,525.2594,17.889877,,,,,,,,,,3.7360332e-05,2.049609e-05,1.6275193e-05,0.00011131272,16715.662,0.14839433,213.63379,,,,
1669,2023-01-28 00:00:00+02:00,-0.109603316,0.033641797,212.51466,0.594397,88188.4,1231.449,99387.38,264.07843,17.31116,,,,,,,,,,2.9601646e-05,1.0685279e-05,1.890454e-05,0.00011420708,16714.385,0.12809178,213.74524,,,,
1670,2023-01-29 00:00:00+02:00,-0.15020362,0.035322264,648.86145,0.9529283,64604.12,3678.4705,73506.81,2678.4705,97.24433,,,,,,,,,,2.0380176e-05,,1.5633688e-05,9.2727016e-05,15399.437,0.123520374,210.63046,,,,
1671,2023-01-30 00:00:00+02:00,0.08629584,0.031495724,383.2854,0.7717389,78400.64,1898.487,88904.68,898.48694,18.271875,,,,,,,,,,1.6395325e-05,-3.429479e-06,2.4807025e-05,0.000116201874,23238.074,0.14409745,215.9321,,,,
1672,2023-01-31 00:00:00+02:00,0.48877507,0.033558737,296.9873,0.3981143,63557.637,3782.1294,72413.92,2782.1296,16.947737,,,,,,,,,,4.2261978e-05,1.6750502e-05,2.5461055e-05,0.00014636951,22111.36,0.13228884,218.11084,,,,
1673,2023-02-01 00:00:00+02:00,0.046602145,,,0.93395233,51723.984,5067.1855,59283.84,4067.1855,52.722023,,,,,,,,,,7.4359894e-05,,2.4226698e-05,0.00013825142,24166.531,0.16767812,219.0293,,,,
1674,2023-02-02 00:00:00+02:00,-0.052484065,0.03763741,480.75037,0.7658824,84781.53,1394.9751,95384.305,440.36432,22.558958,,,,,,,,,,2.7125603e-05,7.2453786e-06,1.6313861e-05,9.2265844e-05,22116.398,0.17076996,214.82373,,,,
1675,2023-02-03 00:00:00+02:00,-0.83645344,0.033135362,265.65543,0.59680134,61588.773,3930.4753,70397.234,2930.4753,35.09674,-3.0546536e-05,0.9705003,-4.1383406e-05,0.31643856,,,,,,5.0004794e-05,3.964922e-06,2.3378741e-05,0.00011493142,19262.955,0.16907556,217.89397,,,,
1676,2023-02-04 00:00:00+02:00,0.20333013,0.036168452,215.04436,0.43356863,87173.11,1351.9143,98762.22,356.049,15.965914,4.222467e-05,1.4161536,5.41279e-05,0.06597873,,,,,,2.7121285e-05,1.0885085e-05,1.6614209e-05,9.590683e-05,18759.592,0.17659593,213.79788,,,,
1677,2023-02-05 00:00:00+02:00,0.023890045,,,0.07052162,52776.215,5179.152,60633.777,4179.152,5.5703225,8.192467e-05,1.2808063,9.144973e-05,0.0852123,,,,,,2.7426562e-05,7.675926e-06,1.9750634e-05,0.00010157893,16729.797,0.15072036,213.36584,,,,
1678,2023-02-06 00:00:00+02:00,-0.0981331,0.034478925,362.41077,0.91885066,94672.625,747.37805,103207.72,31.831255,15.391823,2.9499433e-05,1.0534505,1.1503265e-05,0.4369373,,,,,,2.6605281e-05,5.124716e-06,1.7980645e-05,9.970096e-05,15444.518,0.14535591,213.94713,,,,
1679,2023-02-07 00:00:00+02:00,0.25535315,0.035336036,545.9625,0.47930926,50795.7,5623.542,58078.58,4623.542,6.960043,1.272086e-05,1.0556908,1.05639265e-05,0.2567174,,,,,,2.6725018e-05,1.9155636e-05,1.7310584e-05,9.4927746e-05,14438.264,0.12747025,213.64886,,,,
1680,2023-02-08 00:00:00+02:00,,0.0316771,474.86514,1.0,77343.875,2422.7974,87697.47,1422.7972,94.37266,,,,,,,,,,9.95009e-05,,1.915175e-05,0.000112081965,13063.327,0.12930872,214.19904,,,,
1681,2023-02-09 00:00:00+02:00,0.25375354,,,0.70856684,40841.438,7177.3857,46976.11,6177.3857,22.337677,5.512775e-05,1.2003428,6.0034738e-05,0.33068198,,,,,,5.3286305e-05,3.6816215e-05,1.9232983e-05,0.00011435051,13060.074,0.13562374,210.1907,,,,
1682,2023-02-10 00:00:00+02:00,0.22044045,0.036135186,236.06532,0.19203037,84629.83,1588.5435,95496.484,613.1831,7.2906246,0.0001256993,1.1489611,0.00013202066,0.14610058,,,,,,2.0621119e-05,5.5237406e-06,1.4446005e-05,7.60227e-05,14429.516,0.14002496,209.35657,,,,
1683,2023-02-11 00:00:00+02:00,-0.2044341,0.033616662,759.0266,0.9031158,81371.44,1817.9294,91705.516,851.5071,35.001205,-1.46384555e-05,1.1000019,-2.0294417e-05,0.3286526,,,,,,3.2406984e-05,1.3610285e-05,1.21672e-05,7.322183e-05,15560.25,0.1266964,209.00522,,,,
1684,2023-02-12 00:00:00+02:00,-0.033650458,,,0.9178742,35264.09,8222.008,40694.04,7222.0083,12.3678875,,,,,,,,,,1.5808024e-05,,1.1711434e-05,5.528616e-05,13060.859,0.1075667,205.63571,,,,
1685,2023-02-13 00:00:00+02:00,-0.21915743,,,0.77552915,47141.21,6237.965,54047.58,5237.965,15.379152,7.214592e-05,1.1369884,6.511655e-05,0.26786825,,,,,,2.3824414e-05,1.4268872e-05,1.3325345e-05,7.222573e-05,16716.797,0.116483234,209.99336,,,,
1686,2023-02-14 00:00:00+02:00,0.17092708,0.033537805,886.76074,0.18817678,88071.12,1332.5316,97537.01,499.61096,2.3030152,5.7536643e-05,1.3512437,7.165458e-05,0.15123048,1858.3894,3000.0046,0.031182833,1872.1635,3.5292928,2.9450479e-05,1.4976758e-05,1.4473722e-05,9.610524e-05,14435.0625,0.10778801,208.20572,,,,
1687,2023-02-15 00:00:00+02:00,-0.44114974,0.03262605,363.35748,1.0,88050.56,1295.9164,99056.54,331.9743,57.309082,,,,,,,,,,2.7943728e-05,,1.686237e-05,8.506158e-05,16721.66,0.103310004,213.09929,,,,
1688,2023-02-16 00:00:00+02:00,-0.31048512,0.03541827,560.40155,1.0,74514.1,2561.7803,84408.03,1561.7803,71.39358,,,,,,,,,,7.939695e-05,,1.9489074e-05,0.00011961148,16707.82,0.13323808,214.12866,,,,
1689,2023-02-17 00:00:00+02:00,-0.38527006,0.0367335,721.20276,0.99999964,87449.72,1196.429,98170.29,246.05408,35.77751,,,,,,,,,,,,,,,0.15146922,215.01245,,,,
1690,2023-02-18 00:00:00+02:00,-0.10641554,0.036768865,355.25595,0.9013058,82303.875,1552.9521,93227.04,553.0476,23.195276,7.683603e-06,1.4102254,5.036348e-06,0.18384106,,,,,,3.4847842e-05,3.5898358e-06,2.1460404e-05,0.00010260789,20654.918,0.15184082,215.56615,,,,
1691,2023-02-19 00:00:00+02:00,-0.28574297,0.034152072,303.6096,0.031986605,79916.484,1881.0089,90477.73,881.0089,13.522956,5.400531e-05,1.1037694,4.7692138e-05,0.050429687,,,,,,1.9957735e-05,-5.9416925e-06,2.5938552e-05,8.554383e-05,22123.09,0.16392542,217.01428,,,,
1692,2023-02-20 00:00:00+02:00,-0.7172423,,,1.0,40543.2,6974.4062,46486.094,5974.4062,66.95279,,,,,,,,,,,,,,,0.15044275,216.73087,,,,
1693,2023-02-21 00:00:00+02:00,0.06068044,0.034450695,462.45172,0.7943629,86273.5,1220.8577,97671.086,226.80078,13.008381,6.0895763e-05,1.4247835,7.2443145e-05,0.433977,,,,,,1.4978459e-05,-2.1001717e-05,3.8694925e-05,0.00012561449,17782.992,0.17199674,218.7992,,,,
1694,2023-02-22 00:00:00+02:00,-0.1494827,0.03745144,169.01283,0.87679124,84908.55,1472.1438,96077.11,505.19507,12.258547,9.607732e-05,1.2692096,0.000107422835,0.2569725,,,,,,-2.3452152e-05,-7.2327175e-06,3.6130805e-05,0.000114849536,19281.258,0.16072285,219.44083,,,,
1695,2023-02-23 00:00:00+02:00,0.40015846,,,0.8672817,44543.266,6467.9443,51102.562,5467.9443,12.81403,-0.0001415069,1.0556004,-0.00016028574,0.51949227,,,,,,-6.9787875e-06,,3.1477954e-05,0.00011128139,19278.45,0.16759649,219.03976,,,,
1696,2023-02-24 00:00:00+02:00,-1.1026698,0.033334654,349.9993,0.9950959,91124.87,768.7122,99520.0,24.197302,47.601254,,,,,,,,,,0.0001300391,,2.92894e-05,0.00014255276,22092.748,0.17140168,220.9777,,,,
1697,2023-02-25 00:00:00+02:00,-0.11759803,0.03203973,801.6555,0.99996245,69975.75,2778.3218,79745.0,1778.3218,60.295082,,,,,,,,,,9.575076e-05,,3.5192148e-05,0.0001520393,24148.043,0.2111604,221.54042,,,,
1698,2023-02-26 00:00:00+02:00,-0.23548868,0.033708848,248.46918,0.22875357,86156.47,1375.0765,94206.34,642.0892,5.186075,5.713758e-05,1.3176923,5.942928e-05,0.2197806,,,,,,3.1767e-05,-1.2328984e-06,3.285479e-05,0.00012486127,22151.883,0.20944744,219.9784,,,,
1699,2023-02-27 00:00:00+02:00,-0.41727754,0.039148584,222.92038,0.06808254,74954.95,2595.5151,83147.64,1761.4146,3.7757654,5.685746e-05,1.3025409,5.9236118e-05,0.14383952,,,,,,4.8161535e-05,2.8967443e-05,2.3191227e-05,0.00011509261,22207.475,0.13173367,218.624,,,,
1700,2023-02-28 00:00:00+02:00,-0.47922012,0.035834253,617.03033,0.3560997,88756.055,1281.7285,96390.78,575.8778,7.1312838,3.1756186e-05,1.2559004,2.0163832e-05,0.27229932,,,,,,4.519989e-05,1.5167448e-05,2.601014e-05,0.00012037883,16719.121,0.13068143,218.71892,,,,
1701,2023-03-01 00:00:00+02:00,0.064855635,0.0343917,591.23956,0.53506213,85281.7,1534.3154,95180.97,639.561,7.2741537,1.5889005e-05,1.3399345,1.9067851e-05,0.12415495,,,,,,-3.1534146e-06,1.0638892e-05,3.8207567e-05,0.0001328094,16714.945,0.17043939,220.55309,,,,
1702,2023-03-02 00:00:00+02:00,-0.036979258,0.035581507,496.61176,0.16710407,83219.21,1678.2834,90172.77,1032.5637,1.8079445,5.1353003e-05,1.1352117,4.973616e-05,0.14987895,1850.0743,3000.0432,0.13360281,1864.3135,4.0056887,3.740485e-05,1.3545002e-06,3.6050347e-05,0.00014778368,16711.104,0.16586286,221.3203,,,,
1703,2023-03-03 00:00:00+02:00,0.12666607,0.036073864,507.61334,0.22637875,58670.594,4319.921,67012.82,3319.9204,6.5399656,7.4800984e-05,0.9079224,6.318597e-05,0.18493849,,,,,,3.8366656e-05,1.7072641e-06,3.6838537e-05,0.00013703774,21879.684,0.17972982,222.91379,,,,
1704,2023-03-04 00:00:00+02:00,-0.23580042,0.027909083,324.15674,0.7733393,75715.28,2223.2805,86332.97,1230.6625,14.882971,4.00687e-05,1.2667308,4.153101e-05,0.39761323,,,,,,3.3300435e-05,-4.0871946e-06,3.708923e-05,0.00013103997,24059.855,0.20995694,225.40286,,,,
1705,2023-03-05 00:00:00+02:00,-0.22974801,0.030190013,255.36383,0.96998787,77049.14,2075.5676,87793.53,1075.5676,22.962757,-0.00013186035,0.8477428,-0.000117628624,0.37723863,,,,,,2.9674105e-05,1.3897315e-05,3.5253273e-05,0.00012554137,27649.36,0.2107235,225.69888,,,,
1706,2023-03-06 00:00:00+02:00,-0.49375963,0.032865144,299.04333,0.7610096,83315.234,1473.2408,93647.12,548.6628,11.101195,-5.1622387e-06,1.1652668,-2.2324495e-05,0.4004775,,,,,,4.3458378e-05,4.6471378e-06,3.1696618e-05,0.00013192021,25677.645,0.21608937,226.35516,,,,
1707,2023-03-07 00:00:00+02:00,-1.0432627,0.0309666,480.55634,0.732503,63350.85,3586.2236,72444.414,2586.2246,15.599885,5.1150593e-05,0.82711667,2.8541494e-05,0.42221022,,,,,,9.325537e-05,3.0681236e-05,3.6142945e-05,0.00014486813,24165.674,0.18651874,226.94443,,,,-2.165547e-05
1708,2023-03-08 00:00:00+02:00,-0.37662908,0.03153053,205.72711,1.0,80752.47,1621.4059,92000.9,621.4059,61.924225,,,,,,,,,,5.831701e-05,,3.832831e-05,0.00017512032,27560.799,0.21094498,226.21428,,,,3.399296e-05
1709,2023-03-09 00:00:00+02:00,-0.11279939,0.034830023,178.97113,0.4390558,82547.33,1580.3201,91587.43,761.0499,6.367625,5.842625e-05,1.1218755,5.1798605e-05,0.28025687,,,,,,7.9160774e-05,5.1205003e-05,3.320132e-05,0.00018632194,22105.459,0.20750685,225.73697,,,,1.6255992e-05
1710,2023-03-10 00:00:00+02:00,-0.45486194,0.034955405,277.45663,0.97659254,71308.47,2665.4766,81298.73,1665.4767,14.086674,,,,,,,,,,7.586427e-05,,3.1777294e-05,0.0001362288,19234.664,0.20009312,224.93808,,,,
1711,2023-03-11 00:00:00+02:00,-0.3775603,0.033542957,465.09283,1.0,84769.14,1300.6588,93564.91,476.79797,42.749203,,,,,,,,,,5.6983583e-05,,3.0830895e-05,0.00014136618,22208.02,0.1757855,224.85269,,,,
1712,2023-03-12 00:00:00+02:00,-0.92744625,0.026951702,470.47885,0.9120987,82452.39,1553.7467,93409.65,574.4252,54.263935,1.7829223e-05,1.0780244,-4.8757693e-06,0.321535,,,,,,5.4186487e-05,9.912239e-06,3.7335485e-05,0.00013662339,27641.248,0.19111368,225.61353,9.602202e-05,0.4962578,4.0106323e-05,1.3693573e-05
1713,2023-03-13 00:00:00+02:00,-0.50564915,0.030788127,933.8657,1.0,66194.39,3399.9634,75136.49,2399.9639,47.950356,,,,,,,,,,0.00010542336,,2.8606355e-05,0.00012356261,16685.404,0.15734383,223.59155,,,,
1714,2023-03-14 00:00:00+02:00,-0.46847916,,,0.97614515,53447.453,5044.4956,61122.9,4044.4956,42.706535,,,,,,,,,,0.00012000878,,4.0717154e-05,0.00017362557,19213.871,0.1706616,223.89651,,,,-2.2634977e-05
1715,2023-03-15 00:00:00+02:00,-0.19809069,0.033536084,303.1597,0.2042638,70384.91,2984.857,79900.27,2004.5908,6.1642203,9.439407e-05,0.9858867,7.779035e-05,0.1647988,,,,,,5.8358564e-05,1.507606e-05,4.393291e-05,0.00017175835,24231.137,0.17773387,224.23514,0.00030617748,0.41461837,0.000120731915,1.6027881e-05
1716,2023-03-16 00:00:00+02:00,-0.06329183,0.028856413,470.2552,0.97717,78225.016,2170.607,88515.695,1195.877,38.55201,,,,,,,,,,8.363753e-05,,3.720181e-05,0.00018268454,22180.22,0.18539464,223.54254,,,,-1.5893193e-05
1717,2023-03-17 00:00:00+02:00,-0.6298203,0.031920966,611.9887,0.5410386,64755.645,3955.5928,73298.26,2983.79,6.5476236,8.836759e-05,0.9948416,8.0887585e-05,0.43044582,,,,,,7.831919e-05,2.3960336e-05,3.689443e-05,0.00016364465,18003.89,0.1691447,221.41342,0.0013646212,0.22165352,0.0002978894,0.00010264642
1718,2023-03-18 00:00:00+02:00,-0.2858765,,,0.7597083,43687.26,6689.248,49996.797,5689.248,10.50601,2.0458314e-05,0.7377294,6.563086e-06,0.5285123,,,,,,6.557055e-05,,4.172741e-05,0.00016728477,16706.363,0.16046777,220.73163,,,,-2.2512791e-05
1719,2023-03-19 00:00:00+02:00,-0.54716533,0.034295507,890.82874,0.6260686,68438.7,3390.4114,77519.09,2393.8706,6.4228954,8.879251e-05,0.95417285,7.24686e-05,0.4292497,,,,,,7.121773e-05,2.9089795e-05,4.578039e-05,0.00017879752,20913.707,0.16918766,221.1583,0.00054559263,0.24582838,0.000133215,-5.3542157e-05
1720,2023-03-20 00:00:00+02:00,-0.5811831,0.035819907,1084.3582,0.7654189,76288.87,2357.744,85782.75,1403.9265,19.220596,0.000108319546,1.085185,0.00010205602,0.3064305,,,,,,6.482012e-05,3.9121467e-05,4.192468e-05,0.0001645378,22144.006,0.17107114,221.12047,0.00092708657,0.21793924,0.00020685674,2.9925308e-05
1721,2023-03-21 00:00:00+02:00,-0.4106171,0.033840813,447.93585,0.8479413,84848.19,1516.9691,91537.68,868.4269,4.117602,,,,,,,,,,5.8140395e-05,,3.706315e-05,0.00015142659,19270.184,0.16618176,220.96906,,,,2.2562346e-05
1722,2023-03-22 00:00:00+02:00,-0.45640644,0.028293932,743.13477,0.9999998,82177.414,1748.8746,91408.47,870.11316,37.673744,,,,,,,,,,9.4671945e-05,,3.5424917e-05,0.00016049904,17812.938,0.16360065,221.99057,,,,3.0912066e-05
1723,2023-03-23 00:00:00+02:00,-1.0590764,,,1.0,56488.684,4627.9346,64234.55,3627.935,80.390205,,,,,,,,,,,,,,,0.1452027,222.50972,,,,1.006009e-05
1724,2023-03-24 00:00:00+02:00,-0.50438,0.029912567,1159.2885,0.9928874,65806.3,3450.168,74705.48,2450.168,69.00375,,,,,,,,,,0.0001143023,,3.5126566e-05,0.00013131055,19238.047,0.1473017,221.70389,,,,-1.8122208e-06
1725,2023-03-25 00:00:00+02:00,-0.39269805,0.033346914,618.67444,0.5987587,74334.51,2515.142,83873.66,1542.7373,9.053651,0.00010728171,1.0770605,8.955261e-05,0.41900855,,,,,,8.143193e-05,3.9602113e-05,4.7646383e-05,0.00018604583,24192.324,0.16504756,223.3035,0.00012728026,0.39334995,3.5137695e-05,-1.1278596e-05
1726,2023-03-26 00:00:00+02:00,-0.42120835,0.03415106,665.2703,0.9977467,87214.09,1126.3582,96748.53,268.9839,20.482624,,,,,,,,,,8.3271225e-05,,4.245553e-05,0.00018819378,24181.791,0.17313553,223.84581,,,,-2.475382e-05
1727,2023-03-27 00:00:00+03:00,-0.5271392,0.0335162,210.85397,0.949401,82363.67,1591.1914,93648.05,591.1916,11.74192,,,,,,,,,,5.5218043e-05,,4.5626053e-05,0.00015756363,24212.188,0.17116725,224.41173,,,,-9.779844e-07
1728,2023-03-28 00:00:00+03:00,-1.0244128,0.030000743,309.71637,0.29542515,84436.1,1520.4031,93177.14,722.9703,9.105827,4.8194768e-05,1.3514298,4.7628022e-05,0.2036403,,,,,,6.1353676e-05,1.8090448e-05,4.513552e-05,0.00014690898,24253.48,0.19521867,224.50035,0.0001349089,0.61943734,7.878422e-05,-7.956727e-06
1729,2023-03-29 00:00:00+03:00,-0.15650213,0.03594775,345.96735,0.1688751,87015.48,1303.0012,95088.305,572.6182,2.875559,8.650565e-05,1.1050684,8.146778e-05,0.15068129,1872.7476,3000.0017,0.073207416,1881.1241,2.2511485,6.271424e-05,1.5383514e-05,4.7330726e-05,0.00018231366,21880.719,0.18841317,222.2139,0.0017205495,0.32000503,0.00030699812,-1.8659219e-05
1730,2023-03-30 00:00:00+03:00,-0.86421996,0.03451604,579.2374,0.77862155,82586.7,1663.4502,93424.67,668.3743,11.181141,-1.3811699e-05,1.0158719,-2.7468628e-05,0.45860296,,,,,,7.822752e-05,,4.4146946e-05,0.00015841835,19259.23,0.17374356,222.84924,,,,1.4049062e-06
1731,2023-03-31 00:00:00+03:00,-0.5131317,0.030854171,733.3137,1.0,86683.97,1205.1439,95973.234,350.1598,21.283943,,,,,,,,,,8.711523e-05,,4.2947344e-05,0.00017213167,22096.613,0.16265106,223.77194,,,,
1732,2023-04-01 00:00:00+03:00,-0.49356675,0.031782195,665.3453,1.0,78327.55,2030.6971,88673.4,1038.4397,29.97821,,,,,,,,,,8.8347966e-05,,4.5331726e-05,0.00016424454,22108.262,0.1678578,223.39783,,,,
1733,2023-04-02 00:00:00+03:00,0.031217262,0.03306174,240.8843,0.043824963,83382.45,1690.8257,93544.28,753.7992,3.6357956,1.7464192e-05,0.85745823,-4.5302863e-06,0.04353111,1861.3145,3000.0137,0.061256304,1872.5427,2.5983558,6.0917107e-05,1.5018368e-05,4.5898738e-05,0.00016771824,22174.365,0.17338906,223.24286,0.0026871816,0.26142487,0.0005053063,0.00011305636
1734,2023-04-03 00:00:00+03:00,-0.10796678,0.034910068,265.16727,0.5219369,87045.97,1370.1696,98029.89,412.77637,8.790779,-6.79959e-06,1.0876312,-1.090765e-05,0.3764864,,,,,,7.239684e-05,2.3001397e-05,4.615868e-05,0.00018195102,22209.115,0.19635431,222.48647,0.0003691512,0.53059673,0.00016206826,8.82586e-06
1735,2023-04-04 00:00:00+03:00,-0.49587455,0.03348028,294.65396,0.6812693,75488.38,2429.8582,85826.42,1436.1411,8.475643,8.658849e-05,1.194903,8.168397e-05,0.25431442,,,,,,9.17786e-05,3.4058074e-05,4.482705e-05,0.00017350289,22190.457,0.2115037,223.29675,0.00029625473,0.34612623,9.4698305e-05,-2.7776354e-05
1736,2023-04-05 00:00:00+03:00,-0.7583405,0.034678742,422.547,0.77032876,91199.62,941.0611,101003.07,101.00871,15.840873,7.435607e-05,1.1537453,6.583294e-05,0.30516952,,,,,,7.574645e-05,2.1993299e-05,4.6944606e-05,0.00017952904,22182.047,0.1982401,224.46875,0.0010012623,0.26321763,0.0002568514,1.4920586e-05
1737,2023-04-06 00:00:00+03:00,-0.29275984,0.03581224,749.42126,0.99588895,73356.33,2753.4932,83025.21,1753.8452,19.476751,,,,,,,,,,7.322153e-05,,4.8258535e-05,0.00014962551,19291.236,0.16569886,222.3406,,,,
1738,2023-04-07 00:00:00+03:00,-0.28646064,0.03580083,870.0925,0.2839871,80258.07,2028.7169,90647.39,1040.8843,6.726507,0.000117394666,0.92592204,9.0119116e-05,0.1748451,1877.8748,3000.7075,0.08910508,1882.5154,1.6570047,6.957782e-05,2.1580105e-05,5.035123e-05,0.00018193193,19284.676,0.16892911,222.00856,0.0012978682,0.2795313,0.00029951686,2.2517657e-05
1739,2023-04-08 00:00:00+03:00,-1.1160207,0.03385844,786.39886,0.90771616,76131.45,2502.8284,85567.6,1551.9131,18.52979,0.00020499047,0.86514825,0.00016374805,0.32983068,,,,,,9.3743765e-05,2.6223555e-05,4.815646e-05,0.00015273332,19295.139,0.16973338,223.02373,0.0010137116,0.29327407,0.00029729534,2.7207057e-05
1740,2023-04-09 00:00:00+03:00,-0.71754587,0.035550788,812.348,0.54445565,75108.64,2600.583,84916.44,1610.4714,7.8823767,3.3698936e-05,0.9482633,1.3472229e-05,0.31216615,,,,,,6.379433e-05,1.3074525e-05,5.362887e-05,0.00018239333,19295.828,0.17340057,221.42502,0.00029231622,0.32270566,8.392522e-05,2.5246802e-05
1741,2023-04-10 00:00:00+03:00,-0.43683743,0.03733255,759.9424,0.09521307,85757.89,1541.6282,94548.8,721.7123,4.331551,9.820986e-05,0.9678609,7.623903e-05,0.094653636,1845.9529,3000.0242,0.043948017,1859.826,2.7014992,7.689283e-05,2.7598222e-05,4.929229e-05,0.00018551762,19294.742,0.17423671,222.75397,0.00030220437,0.33159408,9.410658e-05,-6.557584e-06
1742,2023-04-11 00:00:00+03:00,-0.49892318,0.03911824,815.61646,0.4091938,79592.23,2025.4658,89976.87,1027.3577,6.15845,0.00012001305,0.93568265,9.4657305e-05,0.22508156,,,,,,7.541025e-05,2.2876317e-05,5.1710267e-05,0.0001851426,19267.395,0.17208983,223.04523,0.00017260891,0.43282175,7.311563e-05,1.404373e-05
1743,2023-04-12 00:00:00+03:00,-0.46156722,0.035554774,784.3801,0.6895105,61852.305,4006.935,70422.84,3006.935,7.404603,8.3103936e-05,0.9511949,6.500589e-05,0.36623856,,,,,,7.5181255e-05,2.1375712e-05,5.1665775e-05,0.00017870028,19260.438,0.17366792,223.20877,-3.9479473e-05,0.4830296,-3.8523767e-06,-2.6799971e-05
1744,2023-04-13 00:00:00+03:00,-0.96715087,0.03659427,762.86554,0.9960173,78504.305,2090.1003,88839.39,1090.1005,38.206413,,,,,,,,,,8.372813e-05,,4.9815873e-05,0.00014619963,19257.625,0.1669957,224.07108,,,,-1.6771488e-05
1745,2023-04-14 00:00:00+03:00,-0.18980938,,,0.9746758,88890.016,1128.3707,98657.85,241.32028,19.822212,,,,,,,,,,8.0799626e-05,,5.679766e-05,0.00020686927,19268.705,0.1681219,224.2194,,,,
1746,2023-04-15 00:00:00+03:00,-0.6806025,0.034790058,830.7263,0.8233094,77624.12,2234.0728,88007.445,1234.5942,10.534389,5.4119602e-05,1.0607215,2.9931376e-05,0.38707578,,,,,,9.1916285e-05,,5.105121e-05,0.00018631546,16705.36,0.17716938,225.33945,0.0018595697,0.22602245,0.00042030442,-3.1715427e-07
1747,2023-04-16 00:00:00+03:00,-0.29764652,0.034648675,1028.9132,1.0,78834.984,2142.4756,89277.36,1143.0863,30.54924,,,,,,,,,,0.000106507825,,5.087343e-05,0.000175913,19286.23,0.16700941,224.88153,,,,
1748,2023-04-17 00:00:00+03:00,-0.29730594,0.03626811,627.93896,0.97374153,86054.125,1498.8591,96976.8,498.85925,24.887398,,,,,,,,,,7.638305e-05,,5.0312887e-05,0.00017617946,19298.54,0.16459417,224.81194,,,,-1.8584822e-05
1749,2023-04-18 00:00:00+03:00,-0.3764313,0.032641456,777.6668,0.73666614,72937.3,2821.5059,82945.75,1826.0062,11.424662,0.00014334287,0.8937386,0.00010163061,0.4212166,,,,,,9.0077345e-05,3.2962547e-05,5.0458104e-05,0.00018376592,19304.164,0.16834448,225.86212,0.00063478376,0.50306267,0.00017223442,3.5791523e-05
1750,2023-04-19 00:00:00+03:00,-0.28561497,0.036158532,716.7492,0.1384391,87495.336,1340.2595,93790.12,774.6051,2.3958986,0.0001373619,1.00326,0.000118788,0.14276052,1873.8809,3000.1006,0.040333945,1881.7281,1.9256048,8.462292e-05,2.6607315e-05,5.8015612e-05,0.00022094749,21680.297,0.17362082,225.40111,0.0010432628,0.3250559,0.0002597024,5.043064e-05
1751,2023-04-20 00:00:00+03:00,-0.51293546,0.038253326,594.19824,0.10276862,79808.625,2159.6628,87379.4,1426.7886,2.7768142,0.00010029104,0.97949266,7.574646e-05,0.104359224,1880.624,3000.1313,0.028932344,1889.2947,2.0884974,8.522293e-05,3.1526237e-05,5.3696698e-05,0.00020103475,16716.781,0.15973338,226.19005,0.00022982675,0.41910195,8.415396e-05,2.3655384e-05
1752,2023-04-21 00:00:00+03:00,-0.29947814,0.03647452,640.91003,0.053043015,53177.51,5796.634,59867.438,4873.841,5.6792803,8.549924e-05,0.96652293,5.9862447e-05,0.048732527,1879.7668,3000.3584,0.052034527,1890.6964,2.554194,7.253503e-05,1.6332511e-05,5.6204066e-05,0.00018368088,16712.104,0.1532602,226.99084,0.0002879619,0.28463694,8.064026e-05,5.0598956e-06
1753,2023-04-22 00:00:00+03:00,-0.16399594,0.033621486,683.094,0.0015997177,87138.84,1382.0726,94677.43,636.0372,5.452869,9.3130366e-05,0.9361746,6.254682e-05,0.0054213475,1866.4689,3000.0073,0.018553188,1882.6606,3.0336971,8.119334e-05,2.7229116e-05,5.396422e-05,0.00019013988,16704.723,0.15111734,227.49481,0.00014916796,0.29885066,4.0506173e-05,-1.3713924e-05
1754,2023-04-23 00:00:00+03:00,-0.08511049,0.035033897,610.703,0.011582158,74543.51,2595.249,84284.6,1595.2491,4.7230043,0.00011889615,0.85586345,7.670753e-05,0.013091641,1880.7695,3000.0215,0.019758973,1887.1022,1.7644261,8.437923e-05,2.5967398e-05,5.841183e-05,0.00020326162,16697.637,0.15632027,228.16243,0.0006476198,0.32100585,0.0001709988,2.358493e-05
1755,2023-04-24 00:00:00+03:00,-1.1384133,,,0.995555,64135.055,3713.173,72765.81,2713.173,19.698853,,,,,,,,,,7.3089126e-05,,5.9021415e-05,0.00015415302,16692.098,0.16824144,228.8885,,,,-9.965183e-06
1756,2023-04-25 00:00:00+03:00,-0.36114848,0.035739172,993.4209,1.0,76540.0,2269.3665,86404.17,1275.3552,42.89327,,,,,,,,,,0.00011471617,,5.6800232e-05,0.00020789985,22114.066,0.17060655,228.9989,,,,-4.387975e-05
1757,2023-04-26 00:00:00+03:00,-0.8701504,0.034434512,394.35278,0.8391102,83894.55,1540.1294,93584.43,646.29376,12.084325,1.0282395e-05,1.2970893,-3.0755464e-06,0.43885168,,,,,,7.655053e-05,1.2375064e-05,6.2855186e-05,0.00020297317,22128.574,0.16903073,230.15686,,,,7.743681e-06
1758,2023-04-27 00:00:00+03:00,-0.9769241,0.03317514,495.24866,0.49143952,86076.484,1383.5833,95605.45,533.216,7.180827,7.324538e-05,1.1984861,5.2023013e-05,0.27694678,,,,,,7.261134e-05,8.967701e-06,6.45728e-05,0.00019497082,24273.535,0.17629468,230.52573,0.00024461086,0.5202934,0.00010343779,4.9091643e-05
1759,2023-04-28 00:00:00+03:00,-0.7748607,0.03257561,492.30002,0.17014031,85839.55,1474.146,94552.14,664.5432,7.005675,5.013294e-05,1.0439906,2.427999e-05,0.15959524,,,,,,8.042923e-05,1.5482174e-05,6.4902895e-05,0.00020502589,24293.938,0.17836496,229.99512,0.000598198,0.4257027,0.00019742665,9.499627e-05
1760,2023-04-29 00:00:00+03:00,-0.8902961,0.033435844,696.8488,0.849214,72446.51,2778.0647,81863.59,1789.7455,23.15553,7.260301e-05,1.1136149,3.8812414e-05,0.24526696,,,,,,8.6834036e-05,3.615274e-05,6.005352e-05,0.00015629054,22156.03,0.16542901,229.96707,-0.00013733502,0.52697754,-6.253088e-05,-3.512107e-05
1761,2023-04-30 00:00:00+03:00,-0.10224311,0.0320594,397.76086,0.09052641,82927.37,1687.31,88417.43,1193.2445,3.921502,3.9872517e-05,0.8654462,1.193979e-05,0.09035923,1864.4692,3000.2869,0.05124434,1871.947,1.7611423,8.356905e-05,1.4273826e-05,6.9295216e-05,0.00022709717,22169.293,0.18009439,229.12804,0.0013871054,0.30421534,0.00031162443,9.584667e-05
1762,2023-05-01 00:00:00+03:00,-0.66572833,0.030418057,712.8619,0.27715582,71154.03,3041.8247,80775.29,2043.5941,8.164998,2.3454697e-05,1.0653456,-2.6609468e-06,0.21969739,,,,,,8.590492e-05,1.876145e-05,6.417427e-05,0.00020349852,19282.598,0.17405465,229.34097,0.00072263624,0.22936705,0.00014715081,1.4928886e-05
1763,2023-05-02 00:00:00+03:00,-0.6902571,0.02887542,785.7654,0.70412076,79059.21,2089.0967,89080.625,1128.6636,15.748533,7.4723495e-05,1.2116672,5.3337953e-05,0.32074237,,,,,,8.218026e-05,3.124472e-05,6.372769e-05,0.00020517914,22152.191,0.17509913,229.80838,0.00060047343,0.3851423,0.00022912091,2.3456603e-05
1764,2023-05-03 00:00:00+03:00,-0.42736655,0.033780776,529.9838,0.0,,,,,,4.281306e-05,0.8385271,1.0973729e-05,1.3241238e-05,1892.7886,3000.038,0.031313457,1899.4828,1.8370118,8.689139e-05,1.7602382e-05,6.928902e-05,0.0002188049,22034.756,0.17360045,229.51823,0.00017981604,0.4049014,7.085493e-05,3.0584662e-05
1765,2023-05-04 00:00:00+03:00,-0.99519473,0.031386223,603.2315,0.58368456,82813.984,1793.6211,93263.016,836.62866,12.44486,4.667894e-05,0.97890365,1.1805489e-05,0.2603786,,,,,,8.206122e-05,2.0054993e-05,6.438265e-05,0.00021624597,21892.629,0.1740531,229.81966,0.0005977065,0.34171364,0.0001994861,3.4704015e-05
1766,2023-05-05 00:00:00+03:00,-0.25737625,0.032660853,291.7356,0.10442979,87476.22,1351.8007,95949.62,613.7691,7.4547515,7.110907e-05,0.91606593,3.425569e-05,0.112569086,1871.0072,3000.2068,0.06160655,1879.7494,1.8996142,8.9384586e-05,2.0748237e-05,6.867499e-05,0.00024234309,19304.07,0.17362618,228.33548,0.0014301244,0.34825766,0.00032833734,7.8957884e-05
1767,2023-05-06 00:00:00+03:00,-0.33926442,0.032543853,355.06833,0.06498376,74041.016,2669.9685,81539.96,1927.3866,2.9958084,8.7610075e-05,0.8704941,4.9089478e-05,0.063954785,1862.2506,3000.2454,0.08342403,1870.166,1.7864119,8.5071486e-05,1.6522677e-05,6.8548805e-05,0.00021428411,19302.146,0.17172489,229.25755,0.00044334572,0.33389777,0.00013297291,3.904633e-05
1768,2023-05-07 00:00:00+03:00,-0.36479324,0.033983186,438.76678,0.012630444,67794.73,3484.5598,76458.195,2525.2131,3.2565978,4.3418797e-05,0.82104564,1.1000421e-05,0.01161164,1876.6166,3000.0547,0.06679912,1885.8706,2.2934833,8.611844e-05,1.5052754e-05,7.106569e-05,0.00021616733,22023.615,0.17812946,229.13231,0.00073555537,0.30031258,0.00021953491,7.330798e-05
1769,2023-05-08 00:00:00+03:00,-0.35581255,0.033004854,503.34332,0.0,,,,,,8.107251e-05,0.8513769,4.326971e-05,0.0,1870.8162,3000.0151,0.032607418,1882.576,2.5922043,9.5771255e-05,2.5093754e-05,7.0677495e-05,0.00022430341,18944.16,0.17685074,228.39908,0.00027679105,0.3001449,8.048823e-05,2.0900243e-05
1770,2023-05-09 00:00:00+03:00,-0.27233976,0.032930747,481.56482,0.0,,,,,,9.240322e-05,0.8366026,5.0048344e-05,0.0,1870.8577,3000.0508,0.03914541,1879.1454,2.095444,9.2613496e-05,2.3185155e-05,6.942834e-05,0.00022545154,18924.637,0.17146286,228.44998,0.0009733308,0.30150646,0.00024253286,4.612292e-05
1771,2023-05-10 00:00:00+03:00,-0.51225716,0.02952596,587.6773,0.0,,,,,,5.2070285e-05,0.90418756,2.2397617e-05,0.0,1853.4165,3000.1826,0.044418834,1864.6224,2.3326113,8.944258e-05,2.067056e-05,6.877203e-05,0.00018082441,16713.277,0.1644164,228.5121,0.00015821462,0.4192105,6.694953e-05,2.5093928e-05
1772,2023-05-11 00:00:00+03:00,-0.38027355,0.0330019,655.37146,0.08180747,74782.305,2652.8062,81690.81,1930.2755,3.8184934,4.6873884e-05,0.9938607,1.6123471e-05,0.0825107,1854.4535,3000.6648,0.065327674,1866.8402,2.4760437,9.222603e-05,2.2262027e-05,6.996401e-05,0.00023037789,16714.645,0.16317552,228.66551,0.0002333016,0.39638326,8.614933e-05,1.7307226e-05
1773,2023-05-12 00:00:00+03:00,-0.5481694,0.03366088,677.66614,0.041478064,67411.92,3483.8237,74682.15,2693.5415,2.9010928,6.6427e-05,0.9724317,3.2451833e-05,0.040957823,1876.6995,3000.0278,0.023441207,1892.6692,3.016433,8.866841e-05,1.9177016e-05,6.949139e-05,0.00021587836,16718.223,0.16550538,229.64615,0.0002237289,0.4178015,9.000146e-05,2.892644e-05
1774,2023-05-13 00:00:00+03:00,-0.74843454,0.03439815,746.6088,0.5077318,68782.28,3384.8599,77693.516,2401.7534,9.75551,8.747961e-05,0.98369265,5.443936e-05,0.1947748,,,,,,8.79079e-05,2.3450415e-05,6.6481676e-05,0.00020670219,16717.734,0.16728503,229.9611,4.3287117e-05,0.4675811,1.5830736e-05,-4.1087474e-06
1775,2023-05-14 00:00:00+03:00,-0.49660772,0.033111196,1111.5056,0.50873005,68900.64,3385.397,77674.45,2402.7798,14.961486,0.00010170656,0.8800547,6.1001818e-05,0.21500544,,,,,,8.165765e-05,1.9596439e-05,6.665006e-05,0.00020880194,16713.016,0.16544974,229.78296,0.00028754797,0.47502303,0.00013077358,1.2269093e-05
1776,2023-05-15 00:00:00+03:00,-1.2903277,,,0.9909834,49917.31,5707.672,56911.98,4707.672,11.882381,,,,,,,,,,9.463854e-05,,6.5724074e-05,0.00015987287,19266.428,0.16886185,229.774,,,,-2.5449091e-05
1777,2023-05-16 00:00:00+03:00,-0.49015576,0.031577747,1230.2534,0.98887694,93205.47,680.968,100719.86,2.0550995,28.151987,,,,,,,,,,8.4289786e-05,,6.285223e-05,0.00023050542,17974.027,0.16259651,230.03564,,,,-3.206654e-05
1778,2023-05-17 00:00:00+03:00,-0.46989813,0.036733154,411.87567,0.6731826,65906.97,3840.2134,73837.99,2916.386,8.796072,5.4723652e-05,0.88235044,2.226767e-05,0.4220951,,,,,,8.5927146e-05,1.3325802e-05,6.7818604e-05,0.0002093541,17123.098,0.16290587,230.901,-0.00022190806,0.21153161,-4.8442897e-05,-1.0161853e-06
1779,2023-05-18 00:00:00+03:00,-0.60989296,0.033158645,670.8893,0.062942475,77741.586,2419.8628,86989.836,1502.4939,8.0050535,2.8457673e-05,1.1159506,-6.996028e-06,0.07994671,,,,,,8.420593e-05,1.1265665e-05,7.3210016e-05,0.000216333,19300.094,0.16053073,231.2873,0.00016377718,0.5361576,8.388972e-05,3.5847443e-05
1780,2023-05-19 00:00:00+03:00,-0.7691158,,,0.6712512,44605.23,6656.396,51018.414,5656.396,10.033429,0.00015190878,0.61635906,4.5490324e-05,0.40973175,,,,,,8.256885e-05,,6.856411e-05,0.00020113142,19307.348,0.15871432,230.58232,0.0012332229,0.25489104,0.0003143505,1.4687804e-05
1781,2023-05-20 00:00:00+03:00,-0.30395326,0.03270751,1242.111,0.2374651,64537.562,3943.3923,73197.29,2943.392,11.276137,4.154782e-05,0.885146,2.0338045e-06,0.16106573,1864.0715,3001.769,0.08858549,1872.1056,1.8950775,7.905951e-05,1.33689955e-05,6.9967355e-05,0.00021919145,19305.45,0.15686461,230.07617,0.00032575888,0.2961473,8.1982624e-05,-2.345655e-06
1782,2023-05-21 00:00:00+03:00,-0.030834585,0.033284605,679.6912,0.071515575,82722.31,1878.1135,87394.734,1380.3827,3.137714,8.3420266e-05,0.97018623,4.392602e-05,0.073214725,1859.7701,3000.965,0.066497,1873.0992,2.5589705,8.866987e-05,2.1565906e-05,6.710397e-05,0.0002359953,16716.318,0.15628916,229.69429,0.00054318004,0.40559834,0.00017425159,1.21554685e-05
1783,2023-05-22 00:00:00+03:00,-0.43987948,0.035474047,765.5729,0.25979355,75819.06,2556.6587,85119.19,1602.5521,6.090431,6.063461e-05,1.0109702,2.544099e-05,0.22426885,,,,,,9.019092e-05,1.9698567e-05,7.0115115e-05,0.00022070741,19284.621,0.16120477,228.125,0.00024516418,0.39466712,5.7448146e-05,-3.8482167e-06
1784,2023-05-23 00:00:00+03:00,-0.8049134,0.033996336,1018.1759,0.3487016,57861.203,4808.9893,65663.02,3822.1094,7.0346403,0.000121689896,0.92716753,7.2454044e-05,0.229553,,,,,,9.241988e-05,2.3318586e-05,6.967562e-05,0.00021589836,19270.879,0.16338982,231.73428,2.0762345e-05,0.39358887,1.9525689e-05,8.29092e-06
1785,2023-05-24 00:00:00+03:00,-0.74855685,0.03320272,1299.984,0.6121402,63714.96,3944.9165,72118.91,2948.0713,9.94766,6.5994565e-05,0.9187987,3.0108005e-05,0.2875944,,,,,,9.043497e-05,2.6225101e-05,6.554701e-05,0.00021024022,19103.594,0.16096917,231.18687,-3.030245e-05,0.4387417,-1.2791903e-05,1.6023258e-05
1786,2023-05-25 00:00:00+03:00,-0.7719196,0.035796966,2075.6758,0.5279606,54867.094,5183.6797,62205.11,4195.0986,10.715776,5.6123987e-05,0.9035475,1.5194524e-05,0.29528514,,,,,,9.277975e-05,2.9205952e-05,5.9733895e-05,0.00020311696,16708.36,0.15156433,231.24957,0.0005513103,0.41813457,0.0001315631,-1.4188574e-05
1787,2023-05-26 00:00:00+03:00,-0.15780576,0.045866065,437.83517,0.2553469,71631.47,3088.584,80273.95,2146.4946,6.331372,5.781064e-05,1.0609506,3.0163696e-05,0.21411707,,,,,,8.102088e-05,1.0952366e-05,7.017867e-05,0.0001707028,19284.293,0.15639888,232.33769,-4.612269e-05,0.4391235,-2.2750295e-05,-3.736652e-05
1788,2023-05-27 00:00:00+03:00,0.34533593,0.037925236,712.78625,0.117658295,75215.59,2977.8381,82564.16,2155.8242,6.0117836,2.9587332e-05,1.0006212,-2.1836645e-06,0.11923505,,,,,,8.281172e-05,1.1234631e-05,7.1577066e-05,0.00021530085,17839.219,0.1644312,228.10439,7.304974e-06,0.3464867,2.1673199e-05,-4.071381e-05
1789,2023-05-28 00:00:00+03:00,-0.20210199,0.03934113,868.39636,0.05691986,74575.82,2613.9707,81759.4,1870.1803,3.2176785,3.507095e-05,1.0037276,-1.3960441e-06,0.05244611,1862.2433,3000.878,0.054201707,1874.6714,2.382133,,,,,,0.16086797,229.04262,0.00022324907,0.35172915,7.693424e-05,1.03048005e-05
1790,2023-05-29 00:00:00+03:00,-0.70841527,0.032396585,908.2921,0.057490095,81274.266,1976.5854,90077.2,1112.3552,10.003862,3.8308917e-05,1.0101981,1.4075122e-06,0.04394605,1819.595,3000.0122,0.041248318,1841.5083,3.8427327,,,,,,0.17574415,232.63803,0.000101326135,0.40200984,3.974217e-05,2.12934e-06
1791,2023-05-30 00:00:00+03:00,-0.44989792,0.034132913,748.2428,0.022877013,73818.85,2808.7786,83171.74,1841.6769,5.8679986,4.0631938e-05,0.92803013,3.3404262e-06,0.02448194,1874.3229,3000.02,0.028642029,1887.7789,2.709907,8.758389e-05,1.4964448e-05,7.261945e-05,0.00018292721,16712.275,0.16184196,232.66263,0.00042784278,0.31637287,0.0001262172,1.8359246e-05
1792,2023-05-31 00:00:00+03:00,-0.2855274,0.033710834,792.53845,0.0,,,,,,0.00010196282,0.93487036,6.625521e-05,0.0,1870.188,3000.33,0.042568326,1882.7657,2.4163144,8.757415e-05,1.7097813e-05,7.0476344e-05,0.0001744497,16708.379,0.15971206,231.66948,5.252762e-05,0.34589562,1.8104969e-05,-2.8853085e-05
1793,2023-06-01 00:00:00+03:00,0.4754684,0.04269135,960.11224,0.18088539,74695.94,2678.2812,83555.06,1752.4423,5.6988635,0.0001250727,1.00817,9.031994e-05,0.1693187,1823.165,3024.5483,0.15804286,1834.952,2.165399,8.455415e-05,1.2569118e-05,7.210147e-05,0.00017982585,19265.73,0.16522756,231.22662,9.962596e-05,0.3936726,1.4619309e-05,-2.1889142e-05
1794,2023-06-02 00:00:00+03:00,-0.41226402,0.026751019,671.62476,0.33723938,78757.266,2173.9666,87370.95,1335.521,6.9285846,8.591343e-06,1.1629412,-1.737572e-05,0.26287022,,,,,,8.481169e-05,3.6891831e-06,8.026025e-05,0.000223115,24292.338,0.18507554,230.24004,0.0002225798,0.45440945,8.4886415e-05,1.9512505e-05
1795,2023-06-03 00:00:00+03:00,-0.7833539,0.034957536,804.427,0.10133908,72992.51,2898.6072,81418.59,2015.3943,4.6512766,4.1187606e-05,1.139724,6.6873017e-06,0.11353946,,,,,,,,,,,0.17599066,233.41365,0.0003178714,0.42341077,0.000124394,3.0193296e-05
1796,2023-06-04 00:00:00+03:00,-0.52510166,0.03782431,1067.5197,0.05217974,72143.516,3018.2046,81263.19,2052.7493,5.0137706,9.3810246e-05,0.8989239,5.709097e-05,0.05384243,,,,,,8.799744e-05,1.1550767e-05,7.644667e-05,0.00021896881,21838.568,0.16918884,233.91296,0.00018050775,0.31374124,5.2095173e-05,-5.4230763e-06
1797,2023-06-05 00:00:00+03:00,-0.16160141,0.030767558,904.8594,0.0,,,,,,5.96588e-05,0.9639374,2.8318384e-05,0.0,1848.9713,3000.481,0.068746164,1858.8674,2.1084726,9.1241585e-05,1.7045713e-05,7.419587e-05,0.00018641163,19291.932,0.16119191,233.06168,0.00071861094,0.36520308,0.00023032074,1.37327825e-05
1798,2023-06-06 00:00:00+03:00,-0.12613167,0.029706694,828.39087,0.0727531,84498.805,1644.4384,90104.734,1114.133,2.7730246,9.389137e-05,0.9067286,5.5837452e-05,0.07644438,1859.0305,3000.1218,0.02743929,1874.1785,2.649684,8.760135e-05,1.5979791e-05,7.1621565e-05,0.00023608955,16710.969,0.16101271,232.15652,0.0006399126,0.34005183,0.00015675879,-2.0199954e-05
1799,2023-06-07 00:00:00+03:00,0.0611511,0.031786814,811.62634,0.0596709,78521.31,2243.762,85991.41,1501.1776,2.507326,3.270695e-05,0.9423202,-3.5072621e-06,0.050188355,1852.0393,3000.1472,0.025712848,1870.5452,3.0218554,8.988166e-05,1.8922197e-05,7.095946e-05,0.00022386792,16709.473,0.16123645,230.52692,0.0002610357,0.3731917,8.5990294e-05,2.2976212e-05
1800,2023-06-08 00:00:00+03:00,-0.7307664,0.031358484,882.97,0.032363184,66445.39,3646.9578,74828.49,2646.9573,2.3352244,8.920328e-05,0.8984636,4.442929e-05,0.022969598,1871.2251,3000.0374,0.019570734,1890.8671,3.0209484,8.8799e-05,1.738665e-05,7.1412345e-05,0.00021809331,16706.637,0.15990518,233.73355,-2.4476765e-05,0.37069458,-1.1446626e-05,-2.8641618e-05
1801,2023-06-09 00:00:00+03:00,-0.5194003,0.030415924,1001.17017,0.0053861355,69789.77,3258.227,78956.37,2258.227,5.612673,0.000102716804,0.8618589,5.2866053e-05,0.013341114,1872.7849,3000.096,0.021755647,1886.4851,2.286917,8.955602e-05,1.8034001e-05,7.1522016e-05,0.00021634251,16708.902,0.16142803,233.3978,3.500036e-05,0.40402767,1.2768331e-05,-1.7109072e-05
1802,2023-06-10 00:00:00+03:00,-0.16163507,0.032827917,686.0499,0.0038376998,51838.68,5687.551,58965.64,4687.551,4.432414,2.3405815e-05,0.7739687,-1.9934685e-05,0.013692394,1881.0328,3000.1577,0.036661595,1889.8298,1.9266037,8.799893e-05,1.5190181e-05,7.2808754e-05,0.00022013762,19293.33,0.16650821,233.68903,0.00080270745,0.26962307,0.00018317389,-2.6369093e-05
1803,2023-06-11 00:00:00+03:00,-0.48872897,0.03057671,444.5439,0.0,,,,,,6.188179e-05,0.7508416,8.670695e-06,0.0,1876.4674,3000.027,0.023751186,1889.0945,2.2874289,8.582412e-05,1.120403e-05,7.462008e-05,0.00017472518,19299.639,0.16092035,233.25992,0.00011938766,0.367219,4.36541e-05,9.180125e-06
1804,2023-06-12 00:00:00+03:00,0.09865621,0.032451443,647.6206,0.07756712,72901.55,3088.8438,80652.82,2241.296,3.152813,6.743708e-05,0.96262413,2.3833058e-05,0.07327848,1873.5087,3000.039,0.025004074,1888.4996,2.5411081,8.8578905e-05,1.20789855e-05,7.649993e-05,0.00022768573,19294.324,0.168009,230.84009,1.2001137e-05,0.41289026,-8.597217e-07,-2.6408567e-05
1805,2023-06-13 00:00:00+03:00,-0.15038525,0.031464938,1020.8374,0.40129918,43211.65,7126.2646,49467.6,6126.92,5.2736597,6.803108e-05,0.73075354,1.4132048e-05,0.28336737,,,,,,8.469103e-05,1.0760918e-05,7.368814e-05,0.00020653219,19284.512,0.16481437,231.12688,0.00010684745,0.37148353,3.2933225e-05,-1.2000113e-05
1806,2023-06-14 00:00:00+03:00,-0.606163,0.03159766,957.6583,0.36032885,60845.527,4404.871,69031.08,3405.687,6.806157,0.00010889743,0.82454026,5.558689e-05,0.31281573,,,,,,9.496619e-05,2.2032147e-05,7.1052666e-05,0.00021360148,19281.457,0.16324225,233.54482,-3.0372616e-05,0.38725114,-1.9893983e-05,1.1059751e-05
1807,2023-06-15 00:00:00+03:00,-0.6676278,0.027239185,1408.4287,0.86117303,61091.875,4333.2705,69285.04,3333.271,25.084248,0.00020537496,0.9414856,0.00015820489,0.39926758,,,,,,7.259973e-05,,7.265239e-05,0.00020125939,19276.762,0.16130844,234.06769,,,,1.3784016e-05
1808,2023-06-16 00:00:00+03:00,-1.2575324,0.030038938,1715.8463,0.5621106,77217.305,2392.7,85198.805,1563.4497,9.556541,0.00011072677,1.0954969,8.5868895e-05,0.2088952,,,,,,9.517346e-05,2.7259894e-05,6.997486e-05,0.00018872767,19271.639,0.16086209,233.93695,-9.581779e-05,0.661399,-6.795129e-05,-2.4575733e-05
1809,2023-06-17 00:00:00+03:00,-0.44962314,0.028723903,1968.1116,1.0,67889.38,3385.3718,76757.6,2385.3718,48.964947,,,,,,,,,,0.00010679806,,6.024925e-05,0.0001999219,16699.178,0.15091369,233.39114,,,,-1.1871396e-05
1810,2023-06-18 00:00:00+03:00,-0.9215099,0.029915137,1483.4347,0.72904086,66006.625,4038.6875,73217.19,3148.3945,7.451874,6.9653426e-05,1.5412627,7.981554e-05,0.35474473,,,,,,7.7970355e-05,,7.256009e-05,0.00021803661,16703.066,0.15334503,232.44078,0.00016725257,0.5348712,9.034465e-05,-1.159093e-05
1811,2023-06-19 00:00:00+03:00,-0.49692014,0.030560616,1693.8494,0.9933803,77876.555,2298.3423,87709.16,1304.0524,25.625284,,,,,,,,,,7.852136e-05,,6.88353e-05,0.00019741009,16704.617,0.154948,234.04832,,,,-2.4972607e-05
1812,2023-06-20 00:00:00+03:00,-1.1900702,0.03719469,1680.4856,0.59569454,85141.14,1637.921,93818.94,773.7934,9.306734,7.957971e-05,1.5498242,8.3861916e-05,0.38932025,,,,,,8.493221e-05,1.8666424e-05,6.87593e-05,0.0002180251,16706.293,0.1512593,234.43413,1.43801135e-05,0.9119259,1.2136898e-05,3.659744e-06
1813,2023-06-21 00:00:00+03:00,-0.6441578,0.037966285,1957.6475,0.19858326,69935.5,3307.9731,78418.61,2347.1926,4.5137396,0.00020401787,0.9198177,0.00014662999,0.07767626,1828.1592,3002.395,0.11479711,1847.8333,2.9859571,0.00010043668,3.0069785e-05,7.1795264e-05,0.00024820125,16436.48,0.1469593,235.07356,0.00050356693,0.3484191,0.00015431175,1.306009e-05
1814,2023-06-22 00:00:00+03:00,-0.18621054,0.036633443,1126.3844,0.17515096,77014.61,2547.268,83555.3,1834.1915,4.2336826,7.881682e-05,1.1687293,5.2374613e-05,0.17904189,,,,,,9.380908e-05,2.2856606e-05,7.12484e-05,0.000251003,16705.367,0.14868042,234.08063,0.00012500986,0.6599689,5.5567034e-05,6.045483e-06
1815,2023-06-23 00:00:00+03:00,-0.035941515,,,0.93920743,48817.844,6050.4785,55480.28,5050.4785,16.213337,0.0003307642,0.8174425,0.00020876076,0.4510463,,,,,,0.00010883652,3.377716e-05,6.452148e-05,0.00021018533,14425.695,0.14188536,233.28638,-0.00048314143,0.2778916,-0.00013426096,-9.097108e-06
1816,2023-06-24 00:00:00+03:00,-0.49722162,0.036871538,2342.981,0.22491366,48009.29,6713.6953,54368.598,5744.455,6.2437377,7.461019e-05,0.9276639,2.5317433e-05,0.22045591,,,,,,8.52841e-05,9.423068e-06,7.413626e-05,0.00020904222,19279.555,0.14866121,232.42432,4.4929584e-05,0.32630497,7.635338e-06,-1.4225119e-05
1817,2023-06-25 00:00:00+03:00,-0.687384,0.033839695,1593.3584,0.021674758,63847.883,4426.3057,71342.94,3487.043,5.932112,5.401422e-05,0.9436487,8.387157e-06,0.024715886,1858.8824,3000.2927,0.029063093,1881.0668,3.0769923,8.796538e-05,1.3709543e-05,7.425583e-05,0.00021620688,19278.195,0.15683946,234.48643,0.00012730945,0.34314,4.3230044e-05,-9.765112e-06
1818,2023-06-26 00:00:00+03:00,-1.0177236,0.034185342,1534.0696,0.14567265,81818.98,1927.7207,88581.06,1227.1108,10.043264,7.1611925e-05,1.0378226,2.8825398e-05,0.101754636,1874.9844,3000.0203,0.024152204,1890.9761,2.9238114,9.123288e-05,1.8325441e-05,7.158691e-05,0.00022991144,19271.41,0.15559486,235.28802,0.00015695923,0.48664802,5.7017827e-05,2.8634095e-06
1819,2023-06-27 00:00:00+03:00,-0.8702465,,,0.9992094,54593.613,5067.0996,62065.273,4067.0996,26.567839,,,,,,,,,,9.0696e-05,,6.351076e-05,0.00015459173,19672.27,0.14905584,236.53516,,,,3.3629765e-06
1820,2023-06-28 00:00:00+03:00,-0.08894387,0.051858407,1615.6594,0.59279937,66045.49,3685.4434,74156.05,2735.3394,17.746933,0.00015341102,1.1627545,0.000117869466,0.16429076,,,,,,9.1176866e-05,2.09187e-05,7.38948e-05,0.00022506498,19257.943,0.15509552,232.53679,-0.00013981949,0.6935646,-9.608842e-05,-1.3608184e-05
1821,2023-06-29 00:00:00+03:00,-0.86699754,0.034380943,1883.5398,0.27017286,66958.36,3632.7231,75353.9,2681.3062,8.22289,8.940315e-05,1.0263495,4.4924294e-05,0.17613295,,,,,,8.704774e-05,1.4174668e-05,7.4208634e-05,0.00021518124,16697.572,0.1558287,232.55354,0.0003298451,0.38746405,0.00012249236,2.5707044e-05
1822,2023-06-30 00:00:00+03:00,-0.46572313,0.03971363,1823.5361,0.4578151,73689.79,2847.6003,81529.22,1972.4486,8.07156,5.338754e-05,1.1300399,2.360737e-05,0.32303682,,,,,,8.455101e-05,1.4516485e-05,7.050205e-05,0.0002089049,16694.605,0.14520645,235.68513,-5.9595688e-05,0.51238984,-3.16812e-05,9.110478e-06
1823,2023-07-01 00:00:00+03:00,-0.69171846,0.04330626,1249.6571,0.4192576,73556.03,2679.7056,82923.516,1702.322,9.712009,3.5597364e-05,1.2307826,5.8152395e-06,0.27419832,,,,,,8.319904e-05,1.0403231e-05,7.2017676e-05,0.00021320539,16700.945,0.15216094,235.17572,0.0002705387,0.45224702,8.3031446e-05,2.4896797e-05
1824,2023-07-02 00:00:00+03:00,-0.4085497,0.02420533,2796.4587,1.0,65141.47,3572.0422,73858.36,2572.0422,49.98829,,,,,,,,,,,,,,,0.16341029,235.40645,,,,1.4825724e-05
1825,2023-07-03 00:00:00+03:00,-0.53347754,0.03306371,1108.023,0.39050782,75254.66,2492.817,84003.37,1582.5686,8.640106,6.346013e-05,1.1945533,2.7934973e-05,0.2227624,,,,,,9.302443e-05,2.350023e-05,7.242817e-05,0.00023584868,22117.078,0.15657906,234.57648,0.00020313931,0.53830516,6.2571904e-05,-1.17426525e-05
1826,2023-07-04 00:00:00+03:00,0.10097448,0.044276692,933.45544,0.97277296,71195.64,2931.2664,80465.82,1931.2664,40.123093,,,,,,,,,,8.402819e-05,,7.151936e-05,0.00020575259,19256.86,0.15644212,234.11455,,,,-6.262019e-06
1827,2023-07-05 00:00:00+03:00,-0.33395728,0.039484397,1027.1022,0.004217246,64667.266,3865.272,73015.63,2886.2888,3.6991801,6.757349e-05,1.0152686,2.5165053e-05,0.008290402,1850.4656,3000.526,0.054897524,1870.3424,3.4647114,8.903139e-05,1.5905725e-05,7.3125666e-05,0.00021401519,19272.21,0.15312716,236.16412,0.00023398324,0.40686515,9.454758e-05,3.1171818e-05
1828,2023-07-06 00:00:00+03:00,-0.7517549,0.04277337,2247.4214,0.43229258,31113.533,9779.541,35795.836,8779.541,8.855009,6.858772e-05,1.0550877,2.33597e-05,0.0042382274,,,,,,7.900248e-05,4.0435248e-06,7.441743e-05,0.0002104978,19272.832,0.15417689,235.6149,2.8055554e-05,0.44042718,1.1579933e-05,-3.2784908e-06
1829,2023-07-07 00:00:00+03:00,-0.78728443,0.031336144,1094.7964,0.065033704,93496.33,807.89606,98415.086,342.4444,6.7852325,-3.3769807e-05,1.0023329,-8.247796e-05,0.06467257,1867.7434,3000.0222,0.028607668,1884.1528,2.780916,8.404028e-05,8.4532585e-06,7.595028e-05,0.00023304892,19286.922,0.15790437,235.9241,0.000333611,0.39640558,0.00011641766,1.8581539e-05
1830,2023-07-08 00:00:00+03:00,-0.2372596,0.032871675,1246.648,0.04128223,75205.88,2647.2927,82125.13,1920.8744,4.0079055,7.95106e-05,0.95121324,2.8838465e-05,0.045562007,1863.0254,3000.239,0.030472849,1881.7007,2.9678283,9.253431e-05,1.5642081e-05,7.689223e-05,0.00024033082,19284.668,0.15634039,234.25244,0.0003129449,0.37992513,0.00010226249,7.8475205e-06
1831,2023-07-09 00:00:00+03:00,-0.069879256,0.03165003,1612.88,0.05436828,74020.234,2806.4053,83292.82,1833.0911,6.788587,1.7819762e-05,0.88581604,-3.4835903e-05,0.026861586,1862.9912,3000.2004,0.024839282,1885.644,3.325118,8.868533e-05,1.2878423e-05,7.6416196e-05,0.00022286635,19285.586,0.15962245,232.86934,0.0002775755,0.29171085,7.1176684e-05,1.6052814e-05
1832,2023-07-10 00:00:00+03:00,-0.6195908,0.0358678,1031.604,0.21104026,82671.58,1902.4137,90367.5,1123.8433,9.263292,8.2854735e-05,1.0486989,2.1282101e-05,0.18547551,,,,,,8.72189e-05,1.7767816e-05,7.0039634e-05,0.00020777536,19107.38,0.15188205,235.32626,1.3476125e-05,0.41711086,3.4524815e-06,-1.0659485e-05
1833,2023-07-11 00:00:00+03:00,-0.5170779,0.03656227,1206.6958,0.22518662,80160.08,2110.1494,88677.89,1242.1208,11.208071,5.4026044e-05,1.0914319,4.002304e-06,0.15993452,,,,,,8.49513e-05,1.4979224e-05,7.38989e-05,0.00021215394,18969.494,0.15091793,235.12317,5.4023818e-05,0.38901192,1.9851559e-05,-5.197883e-06
1834,2023-07-12 00:00:00+03:00,-0.6955255,0.03313926,1812.1237,0.21496865,58794.863,4896.2676,66604.9,3901.5466,8.215562,9.019095e-05,0.80480194,1.500268e-05,0.15148424,,,,,,9.0196874e-05,2.037167e-05,7.030997e-05,0.00021987627,16698.062,0.14362952,236.05377,0.0003162793,0.32747236,9.69152e-05,-3.9262264e-05
1835,2023-07-13 00:00:00+03:00,-0.85344523,0.032669786,1242.1124,0.0012920806,88720.03,1116.8851,99934.94,116.885284,5.0155377,6.6700445e-06,1.1158952,-4.1657422e-05,0.03848867,1829.2456,3000.2705,0.05780249,1845.3413,2.6463788,9.001218e-05,1.5843963e-05,7.4277916e-05,0.00018443,19264.645,0.15153618,236.74818,-3.4299064e-05,0.576386,-1.694638e-05,-1.5343838e-05
1836,2023-07-14 00:00:00+03:00,-0.17791001,0.03327091,1301.506,0.1698677,85462.95,1537.3723,92234.67,873.5108,5.0980806,2.0972479e-05,1.2407303,-3.0092147e-05,0.16918479,,,,,,8.653615e-05,1.0992791e-05,7.622923e-05,0.00022696774,22157.723,0.15734166,233.23247,3.948292e-05,0.620584,2.3123319e-05,3.0940737e-06
1837,2023-07-15 00:00:00+03:00,-0.5434474,0.03390579,1391.1346,0.09886631,47021.875,6577.6753,53387.63,5597.4185,6.696787,-1.2493847e-06,0.98766536,-5.3153082e-05,0.086448446,,,,,,7.677405e-05,7.0276265e-06,6.782064e-05,0.0001810114,16705.52,0.14365867,235.33829,0.00018231155,0.35199612,6.3644264e-05,1.9717216e-05
1838,2023-07-16 00:00:00+03:00,-1.1375939,0.02992849,1911.6323,0.55095,48820.65,6154.661,55469.953,5154.661,8.165682,0.00025319582,0.7289932,0.00011499398,0.3239375,,,,,,9.4015486e-05,2.7236802e-05,6.4574015e-05,0.00019104674,15697.522,0.1392267,235.43924,0.0009410031,0.2952556,0.0002734511,1.316509e-05
1839,2023-07-17 00:00:00+03:00,-0.70904684,0.038676925,1276.9812,0.7358769,68327.44,3402.1665,76789.94,2441.434,15.753527,3.4034558e-05,1.0429676,-2.9505252e-05,0.19452742,,,,,,7.886738e-05,2.2002017e-05,6.770079e-05,0.00019945926,17040.193,0.14210117,236.17502,0.00014005104,0.5046406,6.322359e-05,5.7111315e-06
1840,2023-07-18 00:00:00+03:00,-0.9559275,0.031111484,1078.4836,0.34708613,84640.94,1582.958,93282.195,749.0467,6.3516064,3.3050283e-06,1.3012162,-5.8776386e-05,0.22025399,,,,,,8.401905e-05,7.473261e-06,7.650083e-05,0.0001793323,22151.268,0.1592217,235.54207,4.6225603e-05,0.6694736,3.3076867e-05,1.6799479e-05
1841,2023-07-19 00:00:00+03:00,-0.6665579,0.03275562,1493.7876,0.7650871,69124.97,3165.7056,78330.16,2165.7705,12.394815,1.9803281e-05,1.18358,-2.706016e-05,0.41985312,,,,,,8.159247e-05,1.4567758e-05,7.412494e-05,0.00022300758,22133.754,0.15639907,234.77603,0.0014784159,0.3540728,0.0005046215,4.761186e-05
1842,2023-07-20 00:00:00+03:00,-0.40234086,0.030883966,984.5763,0.12803717,85594.984,1432.6077,94824.64,556.0962,6.6093674,9.5173436e-07,1.2436905,-5.295241e-05,0.09627767,,,,,,8.664688e-05,1.0078069e-05,7.708757e-05,0.00021994955,22127.418,0.16329753,236.03825,1.542574e-05,0.67816174,1.1780297e-05,8.389547e-06
1843,2023-07-21 00:00:00+03:00,-0.41163296,0.03501203,1190.5813,0.19929081,80916.09,1925.9786,90492.234,989.1301,5.7927217,2.6195521e-05,1.2046115,-1.896858e-05,0.1204191,,,,,,8.613522e-05,1.1314313e-05,7.4872565e-05,0.00021642749,21964.18,0.15925029,236.84012,6.013272e-05,0.56506836,2.9716231e-05,-5.568447e-06
1844,2023-07-22 00:00:00+03:00,-0.94412625,0.03825473,1662.355,0.87835705,74301.47,2628.5432,83535.516,1655.6693,17.074776,0.00017555756,1.0711007,0.00012669408,0.48328635,,,,,,8.303406e-05,1.5595606e-05,6.9648304e-05,0.00020913292,22134.102,0.16573206,235.65164,,,,
1845,2023-07-23 00:00:00+03:00,-0.737502,0.044389732,974.9902,0.9994159,72815.625,2748.1309,82327.19,1748.1311,47.782837,,,,,,,,,,9.886135e-05,,6.188526e-05,0.00020750822,19258.74,0.16020668,236.16422,,,,1.8337492e-05
1846,2023-07-24 00:00:00+03:00,-0.47653311,0.048545018,1569.0043,0.29922518,70916.125,3013.0825,79496.195,2064.0293,5.735731,6.716973e-05,0.9173089,1.561824e-05,0.25598833,,,,,,8.792621e-05,1.9040326e-05,7.0255104e-05,0.0002304262,19245.867,0.15341589,235.18636,0.0008656966,0.36332238,0.0002119203,1.0992085e-05
1847,2023-07-25 00:00:00+03:00,-0.57733154,0.04735454,1418.9612,0.39888948,85928.51,1355.9567,94238.58,550.705,6.520632,3.0550676e-05,1.2877173,-1.0974531e-05,0.2524445,,,,,,8.8544184e-05,1.5073361e-05,7.410385e-05,0.00023046826,19233.762,0.15845248,235.5621,4.8199392e-05,0.45802101,2.2396227e-05,-5.1486522e-06
1848,2023-07-26 00:00:00+03:00,-0.68921447,0.040442243,1212.5212,0.26881582,65054.406,3941.6765,72379.3,3049.1855,6.334712,-4.552741e-06,1.2050003,-4.7067162e-05,0.16992173,,,,,,8.450268e-05,9.036041e-06,7.608109e-05,0.00021940563,19631.93,0.16001993,235.82089,-4.0091643e-05,0.5876894,-1.3740193e-05,4.2115826e-06
1849,2023-07-27 00:00:00+03:00,-0.6408631,0.03508763,1194.1531,0.14744836,75851.63,2510.8276,83930.03,1650.9374,6.216068,3.84215e-05,1.2015536,-7.396345e-06,0.13503212,,,,,,8.3788334e-05,9.161458e-06,7.625102e-05,0.00024537984,22130.273,0.16246372,236.4743,-4.491103e-05,0.66294587,-2.7420652e-05,-1.3406185e-05
1850,2023-07-28 00:00:00+03:00,-0.54773116,0.040026516,1145.5895,0.99997866,70698.91,2943.1646,80007.31,1943.1646,43.51533,,,,,,,,,,7.7263285e-05,,6.7189925e-05,0.00015728807,22113.65,0.1538652,236.64279,,,,1.3964899e-05
1851,2023-07-29 00:00:00+03:00,-0.606004,0.04034703,1061.6346,0.002345748,84287.78,1524.9133,94814.98,543.4282,4.763094,1.0167824e-05,0.9389691,-4.1238618e-05,0.0030709363,,,,,,8.314397e-05,1.0429373e-05,7.271459e-05,0.00017509495,19254.34,,,5.730386e-06,0.51525205,3.382292e-06,-2.4188585e-06
1852,2023-07-30 00:00:00+03:00,-0.70640564,0.043047905,1480.7766,0.39275563,87957.78,1217.7859,95509.76,489.30573,7.938181,5.2523013e-05,1.380373,1.1804828e-05,0.24941508,,,,,,8.8525485e-05,1.577818e-05,7.2978575e-05,0.00027058335,19251.299,0.15489441,235.21646,-8.297379e-05,0.5595448,-3.4739292e-05,-3.4220202e-06
1853,2023-07-31 00:00:00+03:00,-0.6507119,0.03885804,1321.7719,0.2294927,81817.44,1825.7384,90867.5,939.71136,7.073534,-2.8251081e-05,1.239172,-9.685941e-05,0.18347123,,,,,,8.51105e-05,1.12259895e-05,7.4640964e-05,0.00021857413,19451.75,0.15543902,236.30498,9.475075e-05,0.6970594,6.1062696e-05,3.224808e-05
1854,2023-08-01 00:00:00+03:00,-0.7093885,0.0355808,2964.1848,0.9970279,51786.93,5406.9272,58942.594,4406.9272,27.370846,,,,,,,,,,0.00012450817,,5.9144673e-05,0.00018013448,16682.062,0.14453246,236.79834,,,,-9.669702e-07
1855,2023-08-02 00:00:00+03:00,-0.690759,0.039533623,1573.3872,0.33034563,83773.41,1566.0,92911.234,673.7518,9.532206,1.5634865e-05,1.2928296,-3.567807e-05,0.18309179,,,,,,8.862793e-05,1.8500963e-05,7.047067e-05,0.00022962264,19437.97,0.15941061,235.91061,0.00020910137,0.63890433,0.00012908867,1.9218014e-05
1856,2023-08-03 00:00:00+03:00,-0.69566774,0.03192142,2084.3745,0.8315282,64752.438,3682.1536,73119.83,2690.4854,12.601111,7.741015e-05,1.0614907,1.1751353e-05,0.29920805,,,,,,8.067262e-05,2.2533293e-05,6.291959e-05,0.00016378162,16682.105,0.1481587,235.42372,-0.0003865389,0.69336176,-0.0002585875,2.1605765e-05
1857,2023-08-04 00:00:00+03:00,-0.42262715,0.037156187,1660.4993,0.43855822,89330.984,1076.5994,97476.59,313.3343,9.423082,5.6690908e-05,1.4578379,1.9958698e-05,0.20037097,,,,,,8.547871e-05,2.0227784e-05,6.5382555e-05,0.00023052646,14421.648,0.1439322,234.67941,8.537315e-05,0.7528697,4.9116596e-05,2.7534414e-05
1858,2023-08-05 00:00:00+03:00,-0.8581476,,,0.98627025,41265.71,7321.249,47073.734,6321.249,11.084915,,,,,,,,,,0.00014586111,,6.0212544e-05,0.00019796746,15659.201,0.13507125,235.34174,,,,-2.8031687e-05
1859,2023-08-06 00:00:00+03:00,-0.7936685,0.033188187,3820.375,0.036093876,49770.5,6563.571,55985.38,5595.574,7.6410913,0.00013468525,0.989186,7.4261145e-05,0.035394706,,,,,,7.8820274e-05,1.1383632e-05,6.7436646e-05,0.00019766366,14417.498,0.13142024,236.5409,-3.309568e-05,0.62075883,-1.9883075e-05,-8.993309e-06
1860,2023-08-07 00:00:00+03:00,-0.4826167,0.034132548,1345.4081,1.0,61114.824,4260.8174,69147.984,3260.8174,70.58141,,,,,,,,,,9.59445e-05,,5.870866e-05,0.00019222616,18122.148,0.13258946,236.50995,,,,-3.7381782e-05
1861,2023-08-08 00:00:00+03:00,-0.7095402,0.03396434,850.2864,0.88201493,68938.43,3155.1943,77906.94,2167.2683,24.110157,-1.41853725e-05,1.4204595,-5.651565e-05,0.3600603,,,,,,7.001454e-05,1.950845e-05,6.7320725e-05,0.00020915472,23156.322,0.14109811,236.25766,-1.8693649e-05,0.8559991,-9.0908325e-06,9.2720875e-06
1862,2023-08-09 00:00:00+03:00,-0.4400173,0.033798546,1389.5973,0.2491333,78066.05,2346.0898,86673.83,1459.9001,8.326055,2.5828755e-05,1.2969851,-1.5244501e-05,0.21543096,,,,,,8.599509e-05,1.421807e-05,7.136603e-05,0.00023686112,22147.027,0.142967,235.70052,0.00017711901,0.65321094,0.00010088697,3.0767194e-05
1863,2023-08-10 00:00:00+03:00,-0.64684504,0.03653832,1233.8488,0.9681289,56111.805,4934.242,63778.797,3934.2422,20.834276,,,,,,,,,,5.584139e-05,,7.0378825e-05,0.00019014205,22170.451,0.1388085,235.54175,,,,-2.0553758e-05
1864,2023-08-11 00:00:00+03:00,-0.7908381,0.036506377,1176.7559,0.06734463,77065.52,2489.4795,86186.55,1553.9036,5.861087,4.24807e-05,1.1280735,-1.7685208e-05,0.06254481,,,,,,8.217363e-05,1.8245413e-05,6.360696e-05,0.00020012517,19286.809,0.13334799,236.30978,-9.4060915e-06,0.46978658,-3.901252e-06,-9.948323e-06
1865,2023-08-12 00:00:00+03:00,-0.55466497,0.03265528,1522.4143,0.010496723,91395.22,1003.2214,97942.375,381.80576,5.7779922,6.0221995e-05,1.1065259,1.6862408e-05,0.017573997,,,,,,7.900916e-05,1.719136e-05,6.1818224e-05,0.00019441047,16710.734,0.12501621,235.14536,7.409636e-05,0.3862339,2.313255e-05,-2.6812973e-05
1866,2023-08-13 00:00:00+03:00,-0.69383234,0.03703966,1867.0308,0.40120703,86303.9,1452.8765,95441.99,569.8895,8.385775,0.00011775464,1.0781901,7.8575e-05,0.22071531,1878.4634,3001.205,0.046148397,1891.0137,2.3113766,7.9594014e-05,2.1925682e-05,6.057499e-05,0.00020464967,16703.398,0.12676188,235.95663,0.00040937093,0.32962453,9.987223e-05,-6.7773535e-06
1867,2023-08-14 00:00:00+03:00,-0.68840885,0.033972014,1418.2516,0.0,,,,,,4.3568416e-05,1.1090826,7.868346e-06,3.314961e-06,,,,,,7.9680205e-05,1.9098765e-05,6.0581442e-05,0.00016464667,16709.73,0.12792264,234.43657,-0.00014453541,0.46254215,-6.688089e-05,-4.4901633e-05
1868,2023-08-15 00:00:00+03:00,-0.7141917,0.034671336,2385.458,0.1456357,67814.484,3607.1826,76029.68,2640.2756,4.337485,0.00019651267,0.99577814,0.00015151002,0.13144061,,,,,,9.5305695e-05,3.3281834e-05,6.2199484e-05,0.0002203192,14427.162,0.12448415,233.55798,0.00013261085,0.32223246,2.5959576e-05,-1.8070088e-05
1869,2023-08-16 00:00:00+03:00,-0.69365954,0.03849107,1710.3892,0.07695132,86112.9,1528.6183,93583.305,789.78064,4.3072543,0.0001599041,1.0546238,0.000119082484,0.081700146,,,,,,9.3062845e-05,3.1279727e-05,6.178311e-05,0.00021683413,16706.742,0.12385549,235.55666,5.6213754e-05,0.55800366,2.8720384e-05,1.0884912e-05
1870,2023-08-17 00:00:00+03:00,-0.6542097,0.032522414,2397.983,0.7882353,59221.617,4717.3447,66937.24,3717.8809,26.150553,0.00010151797,1.16068,7.2093986e-05,0.3860082,,,,,,7.000954e-05,8.096957e-06,6.0989896e-05,0.00018157759,14429.311,0.11967659,234.35263,-0.00023419918,0.6857538,-0.00015996967,-3.075778e-05
1871,2023-08-18 00:00:00+03:00,-0.67650867,,,0.9994285,42628.805,7298.127,48662.992,6298.127,69.846725,,,,,,,,,,7.28748e-05,,6.214016e-05,0.00018776575,16710.148,0.12108396,235.08563,,,,-2.3367698e-05
1872,2023-08-19 00:00:00+03:00,-1.0125223,0.033409152,1948.5222,0.0034163683,89243.41,1236.9734,96600.086,509.74927,6.30787,0.00015663964,0.93079346,0.00010595255,0.0053699045,,,,,,,,,,,0.12915222,233.821,-0.0001523519,0.5682525,-8.63009e-05,-4.5314784e-05
1873,2023-08-20 00:00:00+03:00,-0.69168097,0.033156443,3036.6035,0.23787108,60126.58,4916.7,67009.45,4002.8416,6.266824,0.00015944798,0.97987115,0.000113628776,0.20410362,,,,,,8.53098e-05,2.3756631e-05,6.231821e-05,0.00021950985,14427.67,0.12284522,233.75052,0.00012401625,0.43798447,1.6367674e-05,-1.909871e-05
1874,2023-08-21 00:00:00+03:00,-0.29925066,0.03626836,1050.3026,0.8836432,92336.35,870.9746,100953.21,79.52088,18.914911,3.5087887e-05,1.8259151,1.2581559e-05,0.35055768,,,,,,7.010854e-05,-2.3807097e-06,6.0267826e-05,0.0001941986,14427.496,0.12014236,235.05844,-0.0002567925,0.73533714,-0.00018941429,-6.2239615e-06
1875,2023-08-22 00:00:00+03:00,0.2898212,0.040338583,1336.5748,0.07565111,74989.6,2685.5981,83634.59,1768.8557,4.5221486,7.378399e-05,1.2402256,4.771242e-05,0.09367277,,,,,,7.328078e-05,1.2048426e-05,6.11834e-05,0.00019511893,16706.145,0.12739643,235.35767,-0.00013570645,0.53280103,-7.863887e-05,-3.944825e-05
1876,2023-08-23 00:00:00+03:00,-0.33382493,0.038583703,1356.748,0.022339227,77258.01,2470.9917,85270.19,1621.3901,5.1023145,8.091862e-05,1.0747933,4.354331e-05,0.029269572,,,,,,7.345542e-05,1.4176629e-05,5.9274545e-05,0.00019603704,16709.775,0.12982634,233.66388,-0.00016720651,0.4246981,-7.174525e-05,-4.9441143e-05
1877,2023-08-24 00:00:00+03:00,-0.34622848,0.04116119,1621.5563,0.100299776,69453.375,3376.585,77809.26,2415.8853,6.820633,3.030459e-05,1.1027796,-1.3263216e-05,0.101860344,,,,,,7.039936e-05,1.2353861e-05,5.7855184e-05,0.00019854962,16703.18,0.12901571,233.69481,0.00021971572,0.42801636,6.343078e-05,-1.9504876e-05
1878,2023-08-25 00:00:00+03:00,-0.5249379,0.026862988,1821.0249,0.98836136,63286.54,3945.15,71655.91,2945.15,30.811722,,,,,,,,,,6.513492e-05,,5.6728666e-05,0.00018575789,14423.734,0.124678,232.90097,,,,-3.5933444e-05
1879,2023-08-26 00:00:00+03:00,0.3539674,0.032165606,2171.3186,0.62101626,57644.14,5338.2354,64451.527,4399.871,8.413714,0.00024725997,0.9465346,0.00014837514,0.4177014,,,,,,8.226662e-05,3.1762836e-05,5.609956e-05,0.00019078607,15631.441,0.1227914,234.66934,-0.00017475236,0.30416557,-5.5938766e-05,-2.1260965e-05
1880,2023-08-27 00:00:00+03:00,-0.81643355,0.035759255,1465.2251,0.43039727,51283.914,6321.6147,57610.484,5368.897,7.2423677,0.00016018198,0.9580616,8.3434905e-05,0.25503495,,,,,,7.719043e-05,1.7423452e-05,5.9830672e-05,0.00019096823,16698.09,0.1258486,235.61926,-7.2689465e-05,0.39790177,-4.0097577e-05,-2.6964149e-06
1881,2023-08-28 00:00:00+03:00,-0.42120394,0.0377303,1135.4495,0.59206057,91552.68,841.34375,100300.64,41.667828,8.838263,7.673842e-05,1.7677317,8.980564e-05,0.35076404,,,,,,8.007986e-05,2.2376964e-05,5.9196274e-05,0.00021758777,14421.857,0.12770733,234.59128,-7.0078386e-06,0.75310695,3.1027594e-06,-4.0230466e-06
1882,2023-08-29 00:00:00+03:00,-0.56919247,,,1.0,49405.46,5951.6924,56211.4,4951.693,35.95636,,,,,,,,,,7.6124576e-05,,6.0502793e-05,0.00015509114,14422.344,0.12279296,235.24092,,,,-2.921262e-05
1883,2023-08-30 00:00:00+03:00,-1.0801729,,,1.0,62541.832,4008.02,70735.56,3008.0198,30.708448,,,,,,,,,,6.647364e-05,,6.2763356e-05,0.00015831961,16689.125,0.12593111,235.57133,,,,-3.2791893e-05
1884,2023-08-31 00:00:00+03:00,-0.60333467,0.034185436,1729.4742,0.98795444,62286.89,4015.0344,70588.44,3015.0347,20.506084,,,,,,,,,,8.9039706e-05,,6.170863e-05,0.00021801895,20685.094,0.129753,234.5112,,,,-3.0700633e-06
1885,2023-09-01 00:00:00+03:00,-0.39540726,0.0411968,1267.4194,0.9073874,69601.93,3180.394,78747.14,2189.1243,15.265419,8.875466e-05,1.7830108,0.00011610997,0.3262182,,,,,,8.265241e-05,,6.453219e-05,0.00021908258,22277.367,0.14637065,234.95438,0.000109242836,1.0681064,0.00010999432,2.9586004e-06
1886,2023-09-02 00:00:00+03:00,-0.47570243,0.04496505,1242.5302,0.37925497,80685.33,1991.1492,89499.95,1121.2448,6.478088,6.163021e-05,1.4711609,3.6424382e-05,0.29233918,,,,,,7.629889e-05,1.8777922e-05,5.9172067e-05,0.0002022293,22157.076,0.14063093,234.10126,0.00014052547,0.83337176,0.00012153787,2.3071166e-06
1887,2023-09-03 00:00:00+03:00,-0.28361037,0.04342349,1065.7667,0.35826156,87959.16,1314.3907,97285.875,441.06223,8.094795,1.5826226e-05,1.3797681,-2.5699755e-05,0.28631246,,,,,,7.041858e-05,1.7441755e-05,5.3646123e-05,0.00019344833,17997.3,0.13197619,232.42117,0.00045368093,0.54874074,0.00019314345,-2.0805468e-05
1888,2023-09-04 00:00:00+03:00,-1.2547308,0.039343473,1329.8882,0.92771405,86835.984,1446.851,97626.04,446.95273,14.675299,,,,,,,,,,6.149904e-05,,4.4926433e-05,0.0001363085,9583.035,0.115863666,230.80472,,,,-9.008292e-06
1889,2023-09-05 00:00:00+03:00,-0.32994047,0.03736537,1606.9038,0.09907804,85931.8,1526.3553,94643.61,693.5154,4.282007,0.00010299325,1.1856134,8.156126e-05,0.09172597,1856.7247,3000.3596,0.043082833,1880.2615,3.9816425,6.953438e-05,1.2486525e-05,5.704785e-05,0.00020421695,13058.313,0.12016227,230.7836,0.00038596842,0.33243695,0.00011727777,7.0735387e-06
1890,2023-09-06 00:00:00+03:00,-0.76119024,0.041745204,1232.6837,0.07366182,85954.0,1570.3889,94120.164,782.4447,3.5552182,6.433226e-05,1.1275485,2.9493585e-05,0.097496726,1853.8328,3000.008,0.024190955,1871.6475,2.9859557,7.35176e-05,2.0196265e-05,5.3477383e-05,0.00019553292,12020.918,0.12176181,231.9913,0.00013336918,0.44262382,4.8977752e-05,3.0333422e-06
1891,2023-09-07 00:00:00+03:00,-0.2669059,0.038956694,749.99817,0.0,,,,,,5.8249483e-05,1.1076348,2.4773517e-05,0.0,1865.6843,3000.167,0.08799632,1878.6211,3.183713,6.932394e-05,1.5813961e-05,5.3509983e-05,0.0001836443,14433.492,0.123622775,231.78925,9.258434e-05,0.29519868,2.814901e-05,-1.9943354e-05
1892,2023-09-08 00:00:00+03:00,0.6524482,0.03483154,1558.662,0.033513892,64338.74,4084.3533,72466.14,3084.3535,5.0960608,7.029972e-05,1.1633346,4.2919175e-05,0.034374554,1884.0662,3009.6462,0.2054128,1894.1614,2.5468237,7.0748574e-05,2.0270883e-05,5.0477684e-05,0.00018239833,14430.265,0.1169837,230.72495,-1.2872359e-05,0.34330723,-4.341253e-06,-3.035635e-05
1893,2023-09-09 00:00:00+03:00,0.17152172,0.029354913,2564.0881,0.40139678,54940.523,5301.05,62323.523,4301.05,9.4598465,6.8091744e-05,1.0696449,3.317682e-05,0.2107955,,,,,,6.414027e-05,1.4573918e-05,4.9311217e-05,0.00018137545,14429.414,0.11716846,231.11133,0.0003057798,0.31401622,9.093774e-05,-2.5103982e-05
1894,2023-09-10 00:00:00+03:00,-0.020201296,0.033282958,1563.2421,0.2744078,38558.14,7935.681,44142.53,6935.681,7.461731,0.00013912821,0.81721306,7.8153964e-05,0.23823737,1873.3776,3002.0566,0.091837674,1891.767,2.9922347,8.543432e-05,3.546429e-05,5.07706e-05,0.00020823209,14427.365,0.1165613,230.70042,0.00011670252,0.37848672,4.4406635e-05,-4.2318084e-06
1895,2023-09-11 00:00:00+03:00,-0.3047352,0.036243036,1260.1042,0.15914696,83734.23,1723.9758,92684.36,833.037,3.9992115,0.00012140442,1.1135356,9.808155e-05,0.14036547,1868.6868,3000.0293,0.070018634,1892.968,4.2640457,7.5544514e-05,2.4112818e-05,5.1471892e-05,0.0002032916,14425.4,0.120755896,231.21078,0.00025277794,0.34662563,8.633709e-05,2.024891e-05
1896,2023-09-12 00:00:00+03:00,-0.43510753,0.03552455,1464.3237,0.017358381,76693.2,2491.8232,85919.734,1512.8285,5.0600863,0.00010724088,1.0877633,8.1234764e-05,0.024254635,1876.9324,3000.0967,0.038903013,1893.9316,3.241249,7.5474396e-05,1.9857618e-05,5.5648372e-05,0.00020572089,14424.771,0.122814,231.64835,0.00018647999,0.3841523,7.547884e-05,1.9332607e-05
1897,2023-09-13 00:00:00+03:00,-0.3505159,0.03358968,1982.3921,0.36704028,75215.625,2634.234,83956.734,1697.6556,5.8400097,0.00014317915,1.0927308,0.00011857574,0.23804915,,,,,,8.112171e-05,2.9374198e-05,5.3916337e-05,0.00020620211,16698.7,0.124802455,232.09769,0.0001886574,0.3695569,6.194592e-05,-7.4055124e-06
1898,2023-09-14 00:00:00+03:00,-0.17753175,0.037740596,723.3185,0.054464154,80651.86,2046.4666,89902.58,1123.9878,6.9662027,6.555704e-05,1.0934858,3.550604e-05,0.058818538,1902.886,3000.4485,0.045634516,1915.0261,2.4038553,6.828218e-05,1.5827034e-05,5.279707e-05,0.00019598374,16706.643,0.126246,232.54073,0.0006591535,0.46712,0.00027857127,9.521204e-05
1899,2023-09-15 00:00:00+03:00,-0.7450759,0.03566392,1155.575,0.011408467,70060.66,3217.674,78994.82,2217.6738,4.9333367,2.0349371e-05,1.1077981,-7.558878e-06,0.012606199,,,,,,7.6811084e-05,2.2649388e-05,5.4217024e-05,0.00017524483,16717.025,0.12028877,231.59538,0.00027098143,0.4114953,0.00011109975,3.1813714e-05
1900,2023-09-16 00:00:00+03:00,-0.26050925,0.0357615,836.6187,0.058000855,85791.805,1562.1335,93569.125,825.32904,3.724963,8.569641e-05,1.0874751,6.348523e-05,0.06692095,1913.0665,2999.987,0.01260838,1925.3328,2.4335892,7.704634e-05,2.4831192e-05,5.2215146e-05,0.00020692134,16715.004,0.11921581,230.91833,0.0006910458,0.29455277,0.00018120123,6.2828534e-05
1901,2023-09-17 00:00:00+03:00,-0.35622635,0.03650356,1543.9778,0.12771824,82470.67,1967.3877,90945.32,1124.0507,6.625504,0.00011524363,1.1248269,9.1206406e-05,0.13348015,,,,,,8.111447e-05,3.0633546e-05,5.0422408e-05,0.00020374908,16708.266,0.12253016,231.50479,0.00011570853,0.4352956,3.2596075e-05,7.3936817e-06
1902,2023-09-18 00:00:00+03:00,-0.36377665,0.035098687,2204.8694,0.018216003,67881.84,3644.6719,76882.18,2644.6719,5.894536,7.70428e-05,0.9908389,4.4329463e-05,0.018985124,1897.7318,3000.1274,0.018287282,1908.247,2.3817859,7.6203505e-05,2.601633e-05,5.0123454e-05,0.00019960146,14426.411,0.1309936,229.54564,1.36805065e-05,0.3984323,4.940106e-06,-1.9768377e-05
1903,2023-09-19 00:00:00+03:00,-0.5912759,,,1.0,50562.703,5697.5737,57439.688,4697.574,50.13982,,,,,,,,,,0.00014127098,,4.776313e-05,0.00016651864,16691.373,0.123178676,230.50941,,,,-2.4725057e-06
1904,2023-09-20 00:00:00+03:00,-1.1899643,,,0.99058884,50762.555,5635.1753,57726.93,4635.1753,32.813316,7.898087e-05,0.7529541,2.9795878e-05,0.48463696,,,,,,9.364707e-05,,4.3241584e-05,0.00013810859,16696.736,0.12396301,228.37221,,,,-8.5010815e-06
1905,2023-09-21 00:00:00+03:00,-0.046537913,0.029213004,1622.2686,0.078272134,85748.57,1449.5198,91466.836,902.4833,3.796317,0.00010611946,1.0424892,8.246041e-05,0.07911215,1871.871,3000.0093,0.016779674,1888.142,3.1577084,8.1121514e-05,3.4733042e-05,4.638848e-05,0.00020353156,11206.373,0.12257293,227.42194,0.000574974,0.34476882,0.00019808621,3.545479e-05
1906,2023-09-22 00:00:00+03:00,0.045138866,0.032803625,2003.4141,0.17542168,44705.062,6817.3906,50716.297,5821.006,6.152566,0.00011342807,0.8726007,7.156984e-05,0.16157529,1873.8619,3000.076,0.0351328,1891.3402,3.2682257,7.40453e-05,2.5775866e-05,4.6487374e-05,0.00018419244,16691.484,0.12254827,228.60847,0.00020550145,0.35012674,7.711077e-05,-3.5911316e-06
1907,2023-09-23 00:00:00+03:00,-0.20415702,0.032041594,1662.9819,0.8780774,64076.816,3871.484,72412.445,2871.484,17.19791,0.00014832758,0.7980197,9.493158e-05,0.41104227,,,,,,0.00011322367,3.6148245e-05,4.40904e-05,0.00018580399,16697.45,0.1256413,229.33984,4.2063453e-05,0.29541096,1.0861164e-05,-8.656843e-06
1908,2023-09-24 00:00:00+03:00,2.4043798,0.04100907,1353.6519,0.26792625,64952.914,3944.071,72847.46,3005.9219,7.5833426,9.834355e-05,0.95434344,4.8764414e-05,0.24180329,,,,,,6.6579945e-05,1.602309e-05,4.5939447e-05,0.00018880636,16712.432,0.138985,228.01364,-0.00014758209,0.501843,-5.0921564e-05,3.363876e-05
1909,2023-09-25 00:00:00+03:00,-0.073996454,0.034385026,405.8991,0.77443916,88405.86,1355.864,98783.12,414.17682,16.937714,2.1543223e-05,1.3767365,-4.401425e-07,0.20230992,,,,,,5.965754e-05,2.0168356e-05,4.286096e-05,0.00017715576,14336.535,0.1180234,227.8924,0.0001384822,0.61144143,8.066847e-05,1.828507e-05
1910,2023-09-26 00:00:00+03:00,-0.34638947,0.030345837,1739.3207,0.9638206,76616.66,2538.2341,86211.18,1538.2341,14.978931,,,,,,,,,,7.148969e-05,,4.468763e-05,0.00019991421,13059.678,0.11492135,227.67703,,,,-1.3178972e-05
1911,2023-09-27 00:00:00+03:00,-0.31863564,0.032175206,2377.0867,0.112051144,71598.99,3360.8535,79225.16,2480.9114,5.986839,0.00010319738,1.0656714,8.136696e-05,0.121778,1892.7781,3000.217,0.034299977,1905.8402,2.9523175,7.8466604e-05,3.4245415e-05,4.4162094e-05,0.00019755733,13058.549,0.11862211,227.83286,0.00034981538,0.39578986,0.00013913868,3.8023725e-05
1912,2023-09-28 00:00:00+03:00,-0.17502332,0.033843413,1027.7201,0.020291327,75798.72,2691.5586,83921.8,1794.8219,4.9439473,0.000104372535,0.9318675,6.6660985e-05,0.029291153,1893.0164,3000.0198,0.016140366,1907.1226,3.00735,7.703967e-05,3.167928e-05,4.5360393e-05,0.00019621855,14428.932,0.12703343,227.34746,0.00040612143,0.32529074,0.000132488,1.4687159e-05
1913,2023-09-29 00:00:00+03:00,-0.3228763,,,0.4405443,33232.176,8926.086,38208.21,7926.085,6.6292324,9.668137e-05,0.59874254,2.5151236e-05,0.40024978,,,,,,8.232191e-05,2.8239623e-05,4.5098874e-05,0.00017621418,14427.021,0.12491609,226.9451,0.00027752866,0.19150336,5.079121e-05,1.4614965e-05
1914,2023-09-30 00:00:00+03:00,0.09770359,0.038586155,763.5902,0.40685326,89243.19,1130.5391,98830.766,250.79433,9.461686,5.457891e-05,1.3930864,3.709412e-05,0.29324862,,,,,,5.5237084e-05,7.721828e-06,4.7137797e-05,0.00018199111,16703.693,0.13586321,227.51974,0.0007532333,0.5538019,0.00040945678,4.5723296e-05
1915,2023-10-01 00:00:00+03:00,0.021490393,0.046449568,857.80505,0.42454758,87219.484,1339.2255,97047.38,428.57693,13.870429,5.446372e-05,1.3869823,4.6887566e-05,0.25077638,,,,,,5.9553142e-05,1.6885517e-05,4.4481185e-05,0.0001624061,16706.389,0.12895332,226.89333,0.00017141836,0.6047857,0.000101379315,1.7588349e-05
1916,2023-10-02 00:00:00+03:00,0.48487487,0.038116165,1075.4575,0.859228,79672.11,2121.1255,89839.67,1121.1255,22.990366,0.0002604578,0.85291725,0.00019157835,0.55284244,,,,,,8.165937e-05,,3.9239916e-05,0.0001801234,14427.827,0.11964843,226.34952,,,,-8.946757e-06
1917,2023-10-03 00:00:00+03:00,0.030203931,0.029772757,2095.2563,0.4630128,54212.016,5347.036,61584.348,4347.036,8.584154,8.5505395e-05,0.83484113,3.8009777e-05,0.36434573,,,,,,7.614601e-05,3.6418183e-05,4.1858453e-05,0.00017177827,14421.988,0.122271955,225.86255,0.00069626194,0.25195113,0.0001718614,1.6381831e-05
1918,2023-10-04 00:00:00+03:00,0.3449104,0.046667054,1147.1636,0.57460225,77206.78,2304.0703,87198.72,1309.2056,8.355007,5.3446897e-06,1.2047902,-3.6015415e-05,0.4084276,,,,,,5.1198578e-05,9.251503e-07,4.5725865e-05,0.0001713247,22141.822,0.13895273,226.82397,,,,-3.2233481e-06
1919,2023-10-05 00:00:00+03:00,-0.10752808,0.038769167,938.8982,0.81808376,64899.945,3880.2363,73367.78,2900.4329,45.845364,-3.3695927e-05,1.4392556,-7.805314e-05,0.32906318,,,,,,6.197307e-05,2.0745541e-05,4.0673964e-05,0.00015449649,22123.816,0.13070276,226.85785,,,,
1920,2023-10-06 00:00:00+03:00,-0.77094537,0.033602662,1258.3865,1.0,75232.77,2520.8179,85274.3,1520.8177,101.24304,,,,,,,,,,0.000100577716,,3.4360757e-05,0.00013793034,16706.0,0.122118376,224.70796,,,,
1921,2023-10-07 00:00:00+03:00,-0.1685299,0.036888987,591.1753,0.7458396,68680.84,3136.7102,77913.35,2136.71,13.624245,6.395586e-05,1.3088667,5.4033593e-05,0.36240423,,,,,,4.9061022e-05,1.471971e-05,3.749894e-05,0.00016601555,14419.289,0.12609679,224.34499,,,,
1922,2023-10-08 00:00:00+03:00,0.14822483,0.04043072,429.08264,0.5922053,81175.95,1831.3497,91993.47,832.3611,11.671293,-1.3762763e-05,1.1852566,-5.424396e-05,0.41244203,,,,,,4.6763773e-05,9.149195e-06,3.9612314e-05,0.0001584229,22152.5,0.14166705,225.13354,,,,3.6693044e-05
1923,2023-10-09 00:00:00+03:00,-0.12427471,0.03988314,494.97552,0.53127295,82368.36,1749.9292,92624.24,798.2042,11.793782,3.5118683e-05,1.1105824,5.831671e-06,0.32787728,,,,,,5.0511877e-05,1.071817e-05,3.67335e-05,0.00015428539,20524.352,0.12387675,225.44446,,,,
1924,2023-10-10 00:00:00+03:00,-0.16139081,0.038472835,848.88135,0.6132686,82698.3,1749.4392,92824.17,802.73096,11.746494,3.4275356e-05,1.1940582,5.513458e-06,0.36245948,,,,,,6.195748e-05,2.1942644e-05,3.565917e-05,0.00015989959,16554.793,0.12583975,223.19739,,,,
1925,2023-10-11 00:00:00+03:00,-0.43315238,0.033323355,2091.0203,0.923892,54034.016,5198.075,61400.156,4198.075,14.183014,0.00014498449,0.5887702,6.003924e-05,0.45596987,,,,,,0.00012554394,,3.6924e-05,0.00015735412,14420.363,0.12342745,223.78334,,,,
1926,2023-10-12 00:00:00+03:00,0.24830782,0.035141885,644.8411,0.757447,83127.22,1599.8225,93800.55,601.1946,17.5235,7.293171e-06,1.3371441,-1.38500445e-05,0.34136683,,,,,,5.1529332e-05,1.1586225e-05,4.0237726e-05,0.00019209599,19246.066,0.13269964,224.23538,,,,
1927,2023-10-13 00:00:00+03:00,-0.021278083,0.033697143,556.4308,0.6259736,70424.27,3034.019,79757.19,2034.0187,9.704729,-3.0384817e-06,0.885814,-2.9069202e-05,0.45559818,,,,,,7.069489e-05,3.4924255e-05,3.779932e-05,0.00017857425,13739.698,0.10966449,224.93987,,,,
1928,2023-10-14 00:00:00+03:00,-0.15439487,0.03639168,560.3269,0.56916726,65778.93,3662.1125,74519.94,2662.1128,24.916588,3.4079843e-05,1.1688629,2.2983095e-05,0.12615314,,,,,,5.9409358e-05,1.7390057e-05,4.2019303e-05,0.00019297005,16681.957,0.12434293,225.30142,,,,
1929,2023-10-15 00:00:00+03:00,0.006240897,0.03751921,1017.8273,0.84423035,71655.39,2776.9617,81205.3,1778.3154,20.057568,-0.000108732886,1.0637773,-0.00012787746,0.41802108,,,,,,5.372341e-05,6.225632e-06,4.3363587e-05,0.00018135557,22249.19,0.14368963,226.15176,,,,
1930,2023-10-16 00:00:00+03:00,0.2711055,0.03956379,467.84488,0.11619141,75105.19,2456.7808,85180.39,1464.3038,3.8606615,3.909541e-05,0.8824704,9.636786e-06,0.12878503,,,,,,4.555817e-05,3.3091e-06,4.224907e-05,0.00017064762,22140.512,0.14154693,226.38052,,,,
1931,2023-10-17 00:00:00+03:00,-0.84529334,0.03496449,734.4232,0.4411764,81664.06,1846.7552,92066.83,861.73816,14.9105015,1.5889142e-05,1.1304649,-2.8831703e-06,0.2769315,,,,,,5.8858e-05,1.9144298e-05,3.8243168e-05,0.00015425328,19272.258,0.1359541,225.95282,,,,
1932,2023-10-18 00:00:00+03:00,-0.0025716126,0.036237128,596.50073,0.5541301,83815.8,1574.6377,94301.13,606.2289,12.463117,-7.948928e-06,1.1700727,-3.9473223e-05,0.23195331,,,,,,5.819845e-05,1.627065e-05,4.068943e-05,0.00019316786,19262.002,0.13177316,224.6041,,,,
1933,2023-10-19 00:00:00+03:00,-0.054754063,0.038573988,435.30347,0.37795174,52759.605,5844.415,60193.945,4844.415,6.3726196,1.0114931e-05,1.0211235,-1.3020537e-05,0.2940709,,,,,,7.0174596e-05,3.12229e-05,3.8880476e-05,0.0001847641,16578.613,0.12957549,225.0686,,,,
1934,2023-10-20 00:00:00+03:00,-0.16298223,0.032704,661.4375,0.7239598,63912.57,3674.7275,72656.086,2676.151,10.748666,0.00015332739,1.0451189,0.00013016665,0.4783963,,,,,,6.2094856e-05,2.489231e-05,3.515387e-05,0.0001745992,16694.863,0.12198221,224.22519,,,,
1935,2023-10-21 00:00:00+03:00,-0.69788253,,,1.0,38538.777,7728.9277,44083.33,6728.9277,78.18045,,,,,,,,,,,,,,,0.11712445,223.26547,,,,
1936,2023-10-22 00:00:00+03:00,-1.1274127,,,1.0,55852.48,4823.39,63623.883,3823.39,56.414818,,,,,,,,,,0.00013431157,,3.4376015e-05,0.00016861479,16695.143,0.12066799,222.86424,,,,
1937,2023-10-23 00:00:00+03:00,-0.33534402,0.037138157,989.2803,0.98763937,81072.97,1863.7496,91509.17,871.8405,35.431614,,,,,,,,,,0.00011071356,,3.4576857e-05,0.00022542861,19263.117,0.12628615,221.02505,,,,
1938,2023-10-24 00:00:00+03:00,-0.2771279,0.03587951,961.45276,0.93917215,80497.56,1943.6241,90829.03,957.741,15.224129,,,,,,,,,,8.163198e-05,,2.9297187e-05,0.00018396336,16702.012,0.12575185,221.3201,,,,
1939,2023-10-25 00:00:00+03:00,-0.25778657,,,0.9743992,44735.92,6416.81,51066.61,5416.81,51.28645,,,,,,,,,,7.6214936e-05,,2.809983e-05,0.00014473821,16743.54,0.1294799,221.62222,,,,
1940,2023-10-26 00:00:00+03:00,-0.2953519,0.034894373,854.73663,0.99948597,68154.25,3115.1655,77296.56,2115.1655,36.974525,,,,,,,,,,0.00014996777,,3.0941526e-05,0.00017595707,22095.13,0.13334823,221.47743,,,,
1941,2023-10-27 00:00:00+03:00,-0.1537112,0.035330605,775.48364,0.91783625,83014.7,1516.9565,93765.02,527.42285,30.946962,-4.7301586e-05,1.6261044,-9.117483e-05,0.5002663,,,,,,7.104456e-05,,2.975778e-05,0.0001822804,19232.48,0.13473822,222.22995,,,,
1942,2023-10-28 00:00:00+03:00,-0.29008618,0.034759395,604.11957,0.97340435,78888.72,1968.188,89388.57,976.01526,42.181087,,,,,,,,,,5.5804907e-05,1.61551e-05,3.752277e-05,0.00020875425,22111.04,0.13618457,222.74994,,,,
1943,2023-10-29 00:00:00+03:00,-0.33167025,,,0.8995173,37158.0,7655.519,42924.367,6655.5195,83.98051,0.00046889737,0.5594095,0.00023565294,0.5120995,,,,,,5.9178412e-05,,3.3378365e-05,0.00014453146,19257.297,0.14502311,224.37811,,,,
1944,2023-10-30 00:00:00+02:00,0.07094707,0.032895062,1435.8279,0.92028093,58266.285,4398.993,66339.45,3398.9932,38.835033,,,,,,,,,,0.00012628298,7.197329e-05,3.470131e-05,0.00020900488,16687.623,0.14651728,225.05276,,,,
1945,2023-10-31 00:00:00+02:00,-0.24892962,,,0.9975924,51982.82,5277.427,59171.43,4277.4263,92.11587,,,,,,,,,,,,,,,0.14153478,224.129,,,,
1946,2023-11-01 00:00:00+02:00,0.0008984804,0.03449125,253.8416,0.8808032,85964.09,1327.5571,96761.15,327.6285,12.787008,0.0001402526,1.1911039,0.00014026942,0.36887333,,,,,,5.3612384e-05,2.1572645e-05,3.838499e-05,0.00020012623,19434.865,0.1632922,224.038,,,,
1947,2023-11-02 00:00:00+02:00,-0.13898703,0.03330699,1297.2964,0.00045487832,40135.777,7194.9,45872.008,6194.9,8.712366,-1.0834602e-05,1.2265829,-3.1748717e-05,0.0026484693,,,,,,6.6170054e-05,3.1503896e-05,3.468391e-05,0.0001709122,16688.72,0.13402554,222.73573,,,,
1948,2023-11-03 00:00:00+02:00,-0.39306563,,,0.9698895,33183.504,8517.605,38308.625,7517.606,105.689644,,,,,,,,,,9.585414e-05,,2.7410959e-05,0.00014818773,14413.635,0.12534827,221.28995,,,,
1949,2023-11-04 00:00:00+02:00,-0.13524786,,,0.9885542,57163.688,4416.78,65215.477,3416.78,77.624466,,,,,,,,,,0.00012568996,,3.572544e-05,0.00022979963,22056.254,0.15615058,220.18134,,,,
1950,2023-11-05 00:00:00+02:00,-0.110833175,0.034852166,756.60693,0.90866435,52529.586,5211.7646,59800.746,4211.7646,37.856773,,,,,,,,,,7.164969e-05,,2.89727e-05,0.0001660563,22048.73,0.13290566,219.6452,,,,
1951,2023-11-06 00:00:00+02:00,-0.25857094,0.03555129,1387.4719,0.8688392,59935.246,4225.175,68122.39,3232.3103,38.12465,,,,,,,,,,6.769129e-05,1.3377479e-05,3.1259086e-05,0.00017520039,24132.48,0.13319074,221.2258,,,,
1952,2023-11-07 00:00:00+02:00,-0.21110474,0.035872053,728.0035,0.70032674,81819.414,1727.4783,91958.77,778.9497,77.67983,,,,,,,,,,6.494571e-05,3.2225573e-05,3.2391494e-05,0.00018522795,22122.906,0.15636007,220.45522,,,,
1953,2023-11-08 00:00:00+02:00,0.09666532,0.036508184,896.2852,0.90575886,72036.5,2810.687,81533.13,1829.1812,113.55476,-1.26843115e-05,1.4259709,-3.2615695e-05,0.2907523,,,,,,7.821809e-05,2.7188069e-05,3.2920725e-05,0.00022990302,22129.61,0.16066048,220.35736,,,,
1954,2023-11-09 00:00:00+02:00,0.6205076,0.032070927,754.6986,0.61823434,46293.332,6397.717,53019.375,5397.717,33.496696,3.196694e-05,0.91886955,-7.524247e-07,0.25851876,,,,,,8.674917e-05,4.778942e-05,2.7179918e-05,0.00018624088,16696.604,0.1330109,220.7511,,,,
1955,2023-11-10 00:00:00+02:00,0.08415504,0.03678073,1269.8615,0.7890386,65567.52,3507.0225,74583.1,2507.0225,20.697886,,,,,,,,,,9.942511e-05,6.183904e-05,2.930377e-05,0.00022714237,19243.49,0.136082,220.39629,,,,
1956,2023-11-11 00:00:00+02:00,-0.08704457,0.035381723,317.9208,0.9633769,60801.5,4024.229,69201.78,3024.229,54.971718,,,,,,,,,,8.154719e-05,5.012045e-05,2.979219e-05,0.00018450302,19247.445,0.15636939,220.00558,,,,
1957,2023-11-12 00:00:00+02:00,-0.123288035,0.036291614,715.04407,0.8333663,74617.875,2421.4233,84626.09,1421.4359,28.593704,,,,,,,,,,3.8267695e-05,1.9241908e-05,2.8196842e-05,0.00016317464,22109.86,0.1576307,219.72635,,,,
1958,2023-11-13 00:00:00+02:00,0.11270121,0.035675008,566.8611,0.5873914,80665.83,1818.6055,91366.91,825.92847,26.877388,,,,,,,,,,4.5988654e-05,1.966616e-05,2.59451e-05,0.00019070585,22123.348,0.14127976,218.50179,,,,
1959,2023-11-14 00:00:00+02:00,-0.054056622,0.03436398,677.7223,0.7277536,63083.156,3736.082,71767.01,2736.082,28.780975,,,,,,,,,,7.238041e-05,3.9638937e-05,2.8347184e-05,0.00019974957,22093.162,0.14740342,218.8251,,,,
1960,2023-11-15 00:00:00+02:00,,0.03693497,454.4624,0.8283819,79296.234,2001.0417,89507.016,1026.4263,36.67863,,,,,,,,,,4.250526e-05,1.1489712e-05,2.6954112e-05,0.00017081159,19249.898,0.14407292,219.05441,,,,
1961,2023-11-16 00:00:00+02:00,0.2788695,0.036925957,404.48755,0.17592953,46237.35,6133.6133,52908.96,5133.6133,27.60543,,,,,,,,,,6.384756e-05,3.7693088e-05,2.6106183e-05,0.00018228132,19692.117,0.14656888,218.72614,,,,
1962,2023-11-17 00:00:00+02:00,0.13014317,0.036963914,337.82953,0.18004553,76763.6,2382.3586,86668.45,1402.4121,10.21582,,,,,,,,,,4.5571796e-05,1.8600338e-05,2.6897358e-05,0.00016909087,19277.594,0.14637418,217.78322,,,,
1963,2023-11-18 00:00:00+02:00,-1.51012,0.0350698,246.1321,0.9972848,83394.38,1643.1566,94819.59,643.1566,52.97645,,,,,,,,,,3.8632832e-05,,2.637128e-05,0.00014267325,19292.527,0.14802033,217.03772,,,,
1964,2023-11-19 00:00:00+02:00,-0.33675283,0.035476625,206.53113,0.95836854,72569.67,2696.4524,82501.36,1696.4524,66.6396,,,,,,,,,,4.5527835e-05,,2.4892444e-05,0.00017482566,19271.996,0.13404223,214.91016,,,,
1965,2023-11-20 00:00:00+02:00,0.17862165,0.03868569,543.9713,0.7119911,77631.34,2136.3953,88282.9,1136.3954,15.987199,,,,,,,,,,2.9548566e-05,6.4685455e-06,2.5025143e-05,0.00015377278,19263.955,0.1392389,216.08226,,,,
1966,2023-11-21 00:00:00+02:00,0.23797064,0.038719516,352.13562,0.17124416,68184.43,3216.0947,77445.3,2216.0947,7.825332,,,,,,,,,,2.8642578e-05,2.3882887e-06,2.6304311e-05,0.00015218422,19283.72,0.14416718,215.46773,,,,
1967,2023-11-22 00:00:00+02:00,0.23656934,0.038625106,302.6002,0.19426143,73512.74,2935.6145,80765.69,2158.2632,3.322017,,,,,,,,,,4.3139473e-05,2.093775e-05,2.220172e-05,0.00015632267,16716.82,0.12282461,213.49496,,,,
1968,2023-11-23 00:00:00+02:00,-2.0353987,0.031082766,935.83514,0.743398,53594.883,4910.4243,61062.48,3910.4243,44.572857,,,,,,,,,,2.310737e-05,5.6642903e-06,1.927787e-05,0.00010784231,16672.3,0.11558122,214.18164,,,,
1969,2023-11-24 00:00:00+02:00,0.2052606,0.030766407,187.32983,0.8079997,61015.844,3763.7188,69793.984,2763.7188,58.748802,,,,,,,,,,-8.284132e-06,-2.5448011e-05,3.0382624e-05,0.00015860132,26046.094,0.15793808,217.94295,,,,
1970,2023-11-25 00:00:00+02:00,0.12195926,0.036386818,419.08087,0.6402645,64566.18,3414.1313,73693.375,2414.6096,49.63006,,,,,,,,,,2.926133e-05,-2.002953e-06,2.8157752e-05,0.00017615702,22974.05,0.15176941,216.95258,,,,
1971,2023-11-26 00:00:00+02:00,0.070555925,0.037934083,420.50385,0.68612254,79681.82,1857.3195,90388.33,874.93744,35.336807,,,,,,,,,,1.70197e-05,-6.6011253e-06,2.7535054e-05,0.00015727954,22114.945,0.14469951,216.27429,,,,
1972,2023-11-27 00:00:00+02:00,-0.030787509,0.041704558,361.92316,0.42124525,88258.484,1072.2617,97101.75,305.74982,2.4983318,,,,,,,,,,8.708578e-05,6.2974344e-05,2.7657474e-05,0.0002632329,19253.207,0.1539624,217.01276,,,,
1973,2023-11-28 00:00:00+02:00,-0.19679485,0.035391968,344.7818,0.82140285,78620.09,1901.5227,89334.61,913.9369,28.947527,,,,,,,,,,6.167236e-05,1.6239723e-05,2.5875688e-05,0.00020945535,22089.08,0.1598557,218.25336,,,,
1974,2023-11-29 00:00:00+02:00,0.06402999,0.034775987,316.40518,0.7607517,86047.62,1257.6993,96614.86,328.302,48.80645,,,,,,,,,,8.848729e-05,4.8070844e-05,2.7679647e-05,0.00026174833,24216.678,0.15868887,218.50198,,,,
1975,2023-11-30 00:00:00+02:00,0.22008452,0.037201732,314.7507,0.88498485,75491.9,2263.2102,85869.64,1263.2102,68.89278,,,,,,,,,,0.000106788444,6.12179e-05,2.8626546e-05,0.0002773024,24214.402,0.1607821,217.91833,,,,
1976,2023-12-01 00:00:00+02:00,-0.2455892,0.037791878,469.66776,0.9001398,78245.12,1970.5472,88872.66,970.5471,30.514286,,,,,,,,,,8.705216e-05,6.1257604e-05,2.2824759e-05,0.00023818576,24192.455,0.15361464,217.00291,,,,
1977,2023-12-02 00:00:00+02:00,-0.18460754,0.03474988,353.12946,0.95027244,74056.13,2450.4194,84418.81,1450.4194,25.86465,,,,,,,,,,8.2677594e-05,,2.04699e-05,0.00017982269,19466.338,0.1457099,216.12642,,,,
1978,2023-12-03 00:00:00+02:00,0.11431864,0.035614774,400.55893,0.8826163,75770.65,2324.2175,86215.31,1325.1772,65.75391,,,,,,,,,,0.00011335674,,2.103765e-05,0.00022128507,24255.11,0.13925558,216.14404,,,,
1979,2023-12-04 00:00:00+02:00,-1.1443149,0.03554665,471.76236,0.95065343,76497.11,2267.7888,86963.69,1268.1938,80.51715,,,,,,,,,,8.974756e-05,,1.8283068e-05,0.00017844634,24278.334,0.14135015,215.23679,,,,
1980,2023-12-05 00:00:00+02:00,-0.16749853,0.034683187,352.8454,0.9072044,81656.445,1776.8846,92892.96,776.88464,37.678112,,,,,,,,,,8.785492e-05,,1.4992773e-05,0.00015118092,19283.68,0.13200805,212.22147,,,,
1981,2023-12-06 00:00:00+02:00,-0.06607684,0.03633821,395.20355,0.5600235,73100.8,2654.7593,83565.02,1654.9761,22.444506,,,,,,,,,,8.754637e-05,5.673115e-05,1.7188675e-05,0.00020176353,22188.848,0.13067272,212.9096,,,,
1982,2023-12-07 00:00:00+02:00,0.1428021,0.038842313,460.74286,0.99494314,78920.625,2103.7253,89564.484,1116.7351,96.795944,,,,,,,,,,6.141311e-05,,1.9484456e-05,0.0001627386,22200.531,0.13362989,212.50293,,,,
1983,2023-12-08 00:00:00+02:00,-0.28792745,0.03802134,180.42307,0.97530746,68979.125,3106.5151,78718.555,2109.089,44.81144,,,,,,,,,,,,,,,0.12882718,210.48282,,,,
1984,2023-12-09 00:00:00+02:00,-1.1860027,,,1.0,48012.594,5790.5527,54824.496,4790.5527,87.46069,,,,,,,,,,8.4081614e-05,,1.4936737e-05,0.00014065715,16708.613,0.14255059,209.75835,,,,
1985,2023-12-10 00:00:00+02:00,-0.8763056,,,0.9538884,33299.645,8370.342,38627.934,7370.343,112.8087,,,,,,,,,,,,,,,0.1307135,208.33537,,,,
1986,2023-12-11 00:00:00+02:00,-0.79830426,,,0.9490541,48145.516,5735.843,55338.984,4735.843,68.30927,,,,,,,,,,,,,,,0.13659213,208.68387,,,,
1987,2023-12-12 00:00:00+02:00,-0.84186995,0.036151644,964.05225,0.88398325,60896.0,3952.503,69517.39,2952.503,32.339516,,,,,,,,,,1.623014e-05,,1.9109375e-05,0.00013153118,19248.67,0.13294005,209.86761,,,,
1988,2023-12-13 00:00:00+02:00,-0.07520673,0.036072653,405.5636,0.9037317,75605.055,2304.406,86084.32,1304.406,28.609947,,,,,,,,,,0.00020516147,,2.4138013e-05,0.0002904439,19252.143,0.13843068,209.89099,,,,
1989,2023-12-14 00:00:00+02:00,-1.0488775,0.0347632,262.26767,0.6860131,69457.84,3021.5234,79114.445,2021.5232,19.865303,,,,,,,,,,-7.863414e-06,-3.562117e-05,2.3108065e-05,0.00012513583,22159.195,0.14480688,209.74579,,,,
1990,2023-12-15 00:00:00+02:00,-0.4450693,0.035191815,490.0022,0.979729,86051.06,1422.9261,97359.4,422.92615,49.274044,,,,,,,,,,6.0401275e-05,,1.6107593e-05,0.00016252862,22187.95,0.13729411,211.22137,,,,
1991,2023-12-16 00:00:00+02:00,-0.029314369,0.03761221,951.6979,0.998108,70442.25,3091.2627,79897.86,2091.263,135.338,,,,,,,,,,,,,,,0.13498947,211.5695,,,,
1992,2023-12-17 00:00:00+02:00,0.016145349,0.03752846,808.8211,0.94495106,73433.12,2752.2622,83244.95,1752.2621,104.097435,,,,,,,,,,8.055807e-05,,1.441972e-05,0.00014089255,13057.725,0.123041555,210.50746,,,,
1993,2023-12-18 00:00:00+02:00,0.09053224,0.034280915,954.78705,0.92318237,88978.35,1113.8269,100266.414,119.770645,24.4999,,,,,,,,,,5.538085e-05,,1.5577094e-05,0.00016920091,14426.459,0.12684295,210.66797,,,,
1994,2023-12-19 00:00:00+02:00,0.7673026,,,0.97240365,46038.055,6204.6094,52644.832,5204.6094,165.92416,,,,,,,,,,3.9861578e-05,,1.5666135e-05,0.00011644638,14421.8,0.13441965,209.60583,,,,
1995,2023-12-20 00:00:00+02:00,-0.92343706,,,0.8852201,57104.47,4389.012,65458.594,3389.0122,88.98816,,,,,,,,,,-1.8232862e-05,,1.6009302e-05,7.40173e-05,16684.416,0.13846076,209.16228,,,,
1996,2023-12-21 00:00:00+02:00,-0.22665188,0.036707632,573.3099,0.926593,60860.926,4042.539,69317.08,3047.1035,137.52612,,,,,,,,,,4.6110166e-05,,1.6143533e-05,0.00012624226,19203.076,0.12261222,207.45267,,,,
1997,2023-12-22 00:00:00+02:00,-0.14940158,0.03336543,563.17255,0.6860706,67467.27,2907.192,76881.97,1907.1918,140.36365,,,,,,,,,,3.280343e-06,-1.8638559e-05,2.2737091e-05,0.0001207414,21966.42,0.15160015,211.79062,,,,
1998,2023-12-23 00:00:00+02:00,0.70425195,0.03361838,295.50424,0.9506666,62638.656,3553.9795,71502.84,2553.9795,137.41513,,,,,,,,,,-3.0088138e-05,-1.1434732e-05,2.1151936e-05,0.00010463038,21840.424,0.14835477,211.04178,,,,
1999,2023-12-24 00:00:00+02:00,-0.30444264,0.03924358,383.40756,0.74578303,53414.465,4999.8706,61254.11,4004.0408,42.822006,,,,,,,,,,1.1567741e-05,-1.37079305e-05,1.49213765e-05,0.0001013072,14415.835,0.119932234,208.90965,,,,
2000,2023-12-25 00:00:00+02:00,-1.3844877,0.032838706,814.54913,0.9260253,72424.8,2482.2876,82084.32,1486.517,51.489773,,,,,,,,,,2.2455363e-06,,1.5373109e-05,8.476658e-05,16664.54,0.13411881,210.47948,,,,
2001,2023-12-26 00:00:00+02:00,-0.22160222,0.0314148,471.93375,0.9626615,62054.598,3803.291,70810.625,2806.584,130.42523,,,,,,,,,,6.515345e-05,,1.3376669e-05,0.00012482483,16679.979,0.13168706,209.90067,,,,
2002,2023-12-27 00:00:00+02:00,0.5349049,0.0353743,324.683,0.6232356,82658.875,1655.0295,93664.266,655.0294,73.748085,,,,,,,,,,1.0309753e-05,-6.516445e-06,1.7521841e-05,9.700986e-05,16698.074,0.14625648,210.05856,,,,
2003,2023-12-28 00:00:00+02:00,-1.1072717,,,0.908062,69767.2,3068.044,79272.31,2068.044,36.502438,,,,,,,,,,6.452542e-05,,1.3472863e-05,0.00013359103,14420.495,0.121010914,207.21234,,,,
2004,2023-12-29 00:00:00+02:00,-0.54666644,,,1.0,43789.086,6400.602,50258.164,5400.6025,98.85212,,,,,,,,,,,,,,,0.14913592,208.37863,,,,
2005,2023-12-30 00:00:00+02:00,-0.43033078,0.034696147,636.43835,0.857548,62883.617,3696.163,71773.625,2696.7358,69.79388,,,,,,,,,,-1.63605e-05,-2.4103598e-05,1.9786488e-05,0.000107003,22098.275,0.15142694,210.21524,,,,
2006,2023-12-31 00:00:00+02:00,-0.036527827,0.03711247,507.21472,0.11073754,75645.95,2415.0935,86244.234,1415.0935,41.21093,,,,,,,,,,1.3994438e-05,-4.4844955e-06,1.5464442e-05,9.491024e-05,16702.225,0.12693474,206.86018,,,,
2007,2024-01-01 00:00:00+02:00,-0.28111422,,,0.7440392,32920.25,8333.175,38282.36,7333.175,138.08885,,,,,,,,,,-2.1185298e-05,-2.0043604e-05,1.7192257e-05,8.024702e-05,19247.85,0.1373819,207.73676,,,,
2008,2024-01-02 00:00:00+02:00,0.1305195,0.039031386,517.259,0.6143548,77916.94,2075.0613,88405.8,1075.0613,54.95375,,,,,,,,,,-2.54543e-07,-1.2736485e-05,1.8352788e-05,9.797662e-05,21901.021,0.14923902,209.68518,,,,
2009,2024-01-03 00:00:00+02:00,-0.4450694,0.03787941,441.2248,0.77101785,58094.582,4251.947,66227.61,3251.9465,139.13744,,,,,,,,,,2.042148e-05,5.511032e-06,1.7556826e-05,0.00011568992,19237.72,0.13338917,210.03955,,,,
2010,2024-01-04 00:00:00+02:00,0.024710685,0.03499107,463.85574,0.8906503,58582.742,4149.74,66641.78,3149.7402,68.58443,,,,,,,,,,2.4276105e-05,,2.3275454e-05,0.00015380919,22079.531,0.15498465,213.5062,,,,
2011,2024-01-05 00:00:00+02:00,-0.56178725,0.037515078,259.8364,0.19235194,69397.01,2956.5945,78813.85,1973.1786,22.91278,,,,,,,,,,4.9081762e-05,1.12710295e-05,2.2839633e-05,0.00020337991,22118.352,0.16635206,215.7828,,,,
2012,2024-01-06 00:00:00+02:00,-0.17157184,0.034775477,221.60985,0.76490235,83843.61,1538.1521,95258.98,544.25366,27.612806,,,,,,,,,,2.0300939e-05,,2.1195858e-05,0.00014167912,22166.914,0.16865732,214.78198,,,,
2013,2024-01-07 00:00:00+02:00,-0.26214013,0.038613737,195.78506,0.5451495,86130.93,1424.6421,96963.97,487.94296,122.780785,,,,,,,,,,6.930564e-05,3.7009682e-05,2.1458138e-05,0.0001999065,22206.973,0.17248799,216.92763,,,,
2014,2024-01-08 00:00:00+02:00,-0.046124734,0.040421985,154.48398,0.5247228,94078.44,775.2876,102138.66,120.681076,34.94069,,,,,,,,,,5.6947356e-05,3.45526e-05,1.8361261e-05,0.00018169422,16728.271,0.16750515,216.99208,,,,
2015,2024-01-09 00:00:00+02:00,0.4976133,0.03623773,689.39795,0.9098423,80767.375,2015.649,91197.55,1042.0667,102.04968,,,,,,,,,,5.760231e-05,,1.5128242e-05,0.00013360177,18168.621,0.14528611,214.47035,,,,
2016,2024-01-10 00:00:00+02:00,-1.2942021,0.035928193,809.6756,0.72536004,95133.39,660.7167,102663.78,2.7025485,40.268692,,,,,,,,,,2.7569047e-05,,1.1151397e-05,8.6547014e-05,16717.416,0.11740623,211.46135,,,,
2017,2024-01-11 00:00:00+02:00,0.11924816,0.03891685,460.703,0.024601853,66535.266,3394.46,75920.07,2394.46,16.505262,,,,,,,,,,7.3735837e-06,-5.242009e-06,1.4386898e-05,8.503488e-05,16707.21,0.12331113,209.99867,,,,
2018,2024-01-12 00:00:00+02:00,-0.2716224,0.038229324,663.34326,0.8029564,62810.57,3776.9434,71722.7,2776.9434,44.38294,,,,,,,,,,1.9549496e-05,7.5821126e-06,1.6067015e-05,0.00010414763,16704.422,0.119429134,212.86047,,,,
2019,2024-01-13 00:00:00+02:00,-0.026168823,,,0.8716699,46784.406,5864.705,53716.68,4864.705,53.92018,,,,,,,,,,1.6635948e-05,1.11193714e-07,1.8620776e-05,0.00011485166,14422.712,0.14816087,213.65723,,,,
2020,2024-01-14 00:00:00+02:00,-0.6058588,0.035711784,784.41846,0.9265593,71407.6,2617.691,81223.83,1617.6909,29.02726,,,,,,,,,,-6.132441e-07,,1.6781789e-05,8.820626e-05,19216.23,0.14661476,212.37613,,,,
2021,2024-01-15 00:00:00+02:00,0.13109973,0.034992777,569.3594,0.85908145,67043.44,3025.055,76232.92,2049.008,62.548443,,,,,,,,,,-3.0052688e-06,-2.288684e-05,2.412604e-05,0.00011435631,22022.1,0.14954597,213.21753,,,,
2022,2024-01-16 00:00:00+02:00,0.1208324,0.034284484,239.68391,0.9031942,74453.69,2324.8337,84435.875,1374.1108,140.54709,,,,,,,,,,-2.5210556e-05,-2.5777412e-05,2.6377862e-05,0.00011332022,24191.178,0.15360157,214.80835,,,,
2023,2024-01-17 00:00:00+02:00,-0.00086747855,0.038868412,305.12482,0.8962139,85136.72,1346.5994,93933.57,538.9227,44.06655,,,,,,,,,,4.4689776e-05,-2.132524e-05,2.5281024e-05,0.00016272807,19242.566,0.1351538,216.9515,,,,
2024,2024-01-18 00:00:00+02:00,-0.12111089,0.037089646,157.86362,0.5649596,85183.61,1228.3479,96115.15,255.42062,21.983875,,,,,,,,,,4.1866977e-05,1.2997769e-05,2.4320836e-05,0.00017875797,16672.447,0.1413992,220.56467,,,,
2025,2024-01-19 00:00:00+02:00,0.35457456,0.035493433,432.19427,0.85257196,71711.08,2673.7307,81835.33,1680.3955,52.594448,,,,,,,,,,5.4277487e-05,7.5671173e-06,3.0107512e-05,0.0001930311,22424.41,0.16508558,222.17877,,,,
2026,2024-01-20 00:00:00+02:00,-0.12285918,0.033820584,427.16382,0.8418834,75870.06,2341.6895,85647.22,1379.6477,53.62506,,,,,,,,,,0.00010420967,9.00178e-05,2.5367564e-05,0.0002421228,22135.98,0.18698725,222.77692,,,,
2027,2024-01-21 00:00:00+02:00,-1.7175899,0.03303164,627.4782,0.9808951,71422.86,2905.1511,81105.17,1905.151,36.714436,,,,,,,,,,,,,,,0.19102703,224.49126,,,,
2028,2024-01-22 00:00:00+02:00,-0.5629196,,,1.0,36856.387,7785.983,42384.59,6785.983,156.76859,,,,,,,,,,,,,,,0.1756567,222.55087,,,,
2029,2024-01-23 00:00:00+02:00,-0.44909617,0.034143116,617.9867,0.98871756,79614.14,1903.9232,90425.78,903.92334,54.637897,,,,,,,,,,8.415821e-05,,1.6068858e-05,0.00014620525,19254.316,0.1650567,219.18959,,,,
2030,2024-01-24 00:00:00+02:00,-0.29424217,0.034667455,649.3378,1.0,76122.3,2202.663,86178.625,1202.9004,101.508514,,,,,,,,,,0.00010830949,,1.45826625e-05,0.00013944891,19346.227,0.16233762,217.87877,,,,
2031,2024-01-25 00:00:00+02:00,0.28188747,0.035002686,597.586,0.81336963,81313.95,1737.336,92131.38,741.5011,31.863361,,,,,,,,,,4.4335466e-05,2.3018922e-05,1.9355555e-05,0.00012841524,22120.824,0.16699222,216.19556,,,,
2032,2024-01-26 00:00:00+02:00,-0.83900857,,,0.62764055,62661.293,3905.3264,71326.84,2905.3262,28.711395,,,,,,,,,,1.3038245e-05,-1.5799965e-06,1.9640232e-05,8.9222034e-05,16707.826,0.1574884,215.07892,,,,
2033,2024-01-27 00:00:00+02:00,-0.22690815,0.036211997,1068.0154,0.99936044,71967.05,2809.165,81679.64,1809.1648,63.35751,,,,,,,,,,3.3522985e-05,,2.1655427e-05,0.00011215093,19275.43,0.1626155,214.97986,,,,
2034,2024-01-28 00:00:00+02:00,-0.26695424,0.03756491,431.47137,0.94422024,83741.02,1756.7869,94647.86,756.8523,18.080809,,,,,,,,,,-1.6093441e-05,,2.174814e-05,8.7619745e-05,17815.928,0.16713028,216.56961,,,,
2035,2024-01-29 00:00:00+02:00,0.4682587,,,0.49224985,49957.484,5824.1675,57016.453,4824.1675,23.285006,,,,,,,,,,2.2724455e-05,1.5298797e-06,1.860552e-05,9.966806e-05,14434.147,0.17175359,215.75513,,,,
2036,2024-01-30 00:00:00+02:00,0.5197713,,,0.6436505,55668.758,5018.1562,63393.586,4018.1558,21.127266,,,,,,,,,,0.000118843614,9.1736554e-05,1.7525723e-05,0.00015758339,14432.447,0.17073926,215.06711,,,,
2037,2024-01-31 00:00:00+02:00,-0.49740487,0.03528758,784.772,1.0,86648.945,1363.1901,96966.15,445.29993,48.79033,,,,,,,,,,5.0314535e-05,,1.7430883e-05,0.00011860888,16709.756,0.17421113,215.9854,,,,
2038,2024-02-01 00:00:00+02:00,0.04732123,0.034414798,423.12903,0.5129211,69431.55,3001.5823,79109.8,2001.582,44.77339,,,,,,,,,,7.877812e-06,-9.296091e-06,2.3662204e-05,0.0001053532,19250.996,0.19166246,218.32004,,,,
2039,2024-02-02 00:00:00+02:00,0.21491097,,,0.59030706,52886.43,5102.5474,60563.617,4102.5474,18.897848,5.2550346e-05,1.1895653,4.9576814e-05,0.3474316,,,,,,1.918615e-05,-3.275334e-06,2.2705948e-05,0.00010707989,16703.191,0.17808305,218.19826,,,,
2040,2024-02-03 00:00:00+02:00,0.28026485,0.0341132,554.3113,0.61080825,64886.727,3892.126,73638.78,2895.198,10.226917,,,,,,,,,,1.3727312e-05,5.535309e-06,2.378958e-05,0.000111347974,19234.607,0.17194116,217.23404,,,,
2041,2024-02-04 00:00:00+02:00,0.0023699105,0.0359709,833.6628,0.984457,57114.04,4368.7344,65406.406,3368.7349,84.718346,,,,,,,,,,-5.789434e-06,,2.2114438e-05,9.067856e-05,22084.777,0.19178629,217.16837,,,,
2042,2024-02-05 00:00:00+02:00,0.22306415,0.036013298,292.30624,0.5682206,68946.875,2948.5762,78350.68,1968.1519,30.042366,-1.2651026e-05,1.2745688,-2.8103967e-05,0.08348037,,,,,,2.4247447e-05,4.7654003e-06,1.9917064e-05,0.0001040598,14414.7295,0.17143722,214.17929,,,,
2043,2024-02-06 00:00:00+02:00,-1.035383,,,0.96869725,55038.09,4660.001,62942.92,3660.0007,50.27187,,,,,,,,,,2.2959095e-05,,1.8366498e-05,8.1829465e-05,14416.584,0.15308982,212.35187,,,,
2044,2024-02-07 00:00:00+02:00,-0.10121822,0.036600072,275.83392,0.8999035,84474.86,1319.6565,95529.78,319.9553,18.009577,-3.451797e-05,1.770395,-7.367386e-05,0.35412395,,,,,,2.0564468e-05,,2.1203046e-05,0.00010225333,16675.633,0.17112559,212.23643,,,,
2045,2024-02-08 00:00:00+02:00,0.20849213,0.03890183,256.42188,0.95428944,68856.91,2955.71,78562.58,1955.7101,76.285614,,,,,,,,,,4.2719126e-05,1.3268318e-05,2.1027201e-05,0.00012256243,16687.104,0.16455045,213.10849,,,,
2046,2024-02-09 00:00:00+02:00,-0.19102986,,,0.9766849,50254.234,5378.9434,57662.797,4378.9434,18.519392,,,,,,,,,,7.7092795e-05,,2.0400552e-05,0.00012428072,15555.771,0.15382008,213.26721,,,,
2047,2024-02-10 00:00:00+02:00,-0.5910468,0.0369055,753.5865,0.99343354,71441.05,2739.5244,80822.484,1742.6748,31.548439,,,,,,,,,,0.00010527375,,1.9650077e-05,0.00014814189,16780.762,0.16232754,213.89142,,,,
2048,2024-02-11 00:00:00+02:00,-1.2069829,0.03515431,1118.2996,0.9828059,81454.92,1721.2146,92005.09,727.71094,22.836935,,,,,,,,,,5.965451e-05,,2.0727579e-05,0.000112375645,14418.633,0.16162004,215.00368,,,,
2049,2024-02-12 00:00:00+02:00,-1.0373363,0.03313397,1442.7295,0.9761229,60762.402,4054.3413,69011.61,3054.3413,44.7702,-6.190915e-05,1.1205876,-6.963149e-05,0.56577516,,,,,,9.175755e-05,,1.9845502e-05,0.00013704607,16683.227,0.18445732,215.4498,,,,
2050,2024-02-13 00:00:00+02:00,-0.3602026,0.036302835,641.7682,0.9983129,74407.89,2544.978,84199.75,1551.4131,25.894207,,,,,,,,,,5.367935e-05,,2.1617572e-05,0.00011750912,19258.46,0.18513095,215.86426,,,,
2051,2024-02-14 00:00:00+02:00,0.12664777,0.03669264,389.68842,0.9830893,71661.44,2841.5317,81527.49,1841.5317,28.487484,,,,,,,,,,7.70545e-05,2.2478915e-05,2.1425309e-05,0.00012500798,19285.393,0.17657611,216.18393,,,,
2052,2024-02-15 00:00:00+02:00,-0.4307208,0.034806848,884.29846,1.0,80795.625,1959.4739,91118.2,979.6768,58.256737,,,,,,,,,,0.00013875646,,2.1392882e-05,0.00015677545,19281.145,0.1597589,216.05087,,,,
2053,2024-02-16 00:00:00+02:00,-0.10655025,0.03295947,1420.2688,0.98162585,74294.13,2662.166,83943.31,1662.3167,38.348698,-1.949741e-05,1.1205348,-3.0812113e-05,0.54427886,,,,,,6.273585e-05,,2.359128e-05,0.00010979389,16708.225,0.15717447,215.06354,,,,
2054,2024-02-17 00:00:00+02:00,-0.4385112,0.03392158,821.11096,0.99842125,84594.63,1538.3827,94515.73,628.35583,20.185083,,,,,,,,,,7.4801e-05,,2.1406386e-05,0.0001545063,16813.256,0.16492091,215.0011,,,,
2055,2024-02-18 00:00:00+02:00,-0.04363139,,,0.3829278,45454.64,6468.015,52178.414,5468.015,6.314676,3.580757e-05,1.1415656,3.0969903e-05,0.34924257,,,,,,3.926271e-05,2.1765642e-05,1.7465842e-05,0.00010013658,16724.121,0.1441547,211.62906,,,,
2056,2024-02-19 00:00:00+02:00,-0.36742452,,,1.0,41415.074,6898.351,47640.734,5898.351,34.674713,,,,,,,,,,,,,,,0.14405239,214.01154,,,,
2057,2024-02-20 00:00:00+02:00,-0.3928961,0.039058678,631.1299,0.99487615,73782.72,2570.4346,83709.47,1570.4344,18.390106,,,,,,,,,,4.6157165e-05,,2.0217121e-05,9.886676e-05,19268.91,0.16906443,213.90881,,,,
2058,2024-02-21 00:00:00+02:00,-0.42382914,0.039596297,1301.0111,1.0,66797.33,3411.166,75868.305,2411.553,60.795685,,,,,,,,,,,,,,,0.1674417,214.41959,,,,
2059,2024-02-22 00:00:00+02:00,-0.81601185,0.03218834,453.15964,0.2826505,76237.22,2282.945,86234.38,1283.8517,8.870934,5.37868e-05,1.1697018,5.774946e-05,0.07395869,,,,,,5.8575726e-05,3.695241e-05,2.1769201e-05,0.0001096773,16687.691,0.15801279,217.13477,,,,
2060,2024-02-23 00:00:00+02:00,-0.25369295,,,0.9980364,45340.4,6189.6333,51909.21,5189.634,19.083096,,,,,,,,,,,,,,,0.1648573,220.2681,,,,
2061,2024-02-24 00:00:00+02:00,-0.27523977,0.03771511,436.6406,1.0,62500.312,3953.7515,71112.69,2953.7517,152.60098,,,,,,,,,,0.00013082502,,2.9605173e-05,0.00018174865,16684.096,0.1795994,219.99353,,,,
2062,2024-02-25 00:00:00+02:00,0.0018003881,0.039500754,661.7573,0.4165353,45128.527,6257.9585,51607.98,5257.9575,8.734267,6.796058e-05,1.1600122,6.372089e-05,0.09472072,1842.2656,3000.1316,0.076002255,1851.2891,2.8604465,5.571367e-05,2.4465447e-05,3.1231542e-05,0.0001499631,19475.32,0.17530894,217.83974,,,,
2063,2024-02-26 00:00:00+02:00,0.10375506,0.04041477,698.5721,0.8528995,93221.555,689.21985,100780.945,17.171644,11.275795,,,,,,,,,,5.5984136e-05,,2.5531055e-05,0.0001528869,16696.59,0.15389284,215.56467,,,,
2064,2024-02-27 00:00:00+02:00,-1.2348064,,,1.0,60478.117,4171.0947,68710.25,3171.0942,41.858,,,,,,,,,,4.6273428e-05,,2.3922867e-05,9.579919e-05,16703.354,0.15528917,214.11752,,,,
2065,2024-02-28 00:00:00+02:00,-0.81424534,,,1.0,60863.58,4114.542,69518.2,3114.5417,32.350727,,,,,,,,,,3.9816136e-05,,2.2966766e-05,0.000107931046,16706.285,0.15888257,214.58249,,,,
2066,2024-02-29 00:00:00+02:00,-0.20373702,0.040027644,301.94388,1.0,93779.516,717.197,102055.48,13.617725,23.717775,,,,,,,,,,3.5089342e-05,,2.5509853e-05,0.00010945814,16712.281,0.17175,215.98376,,,,
2067,2024-03-01 00:00:00+02:00,0.47697014,0.038128126,846.4845,0.2571254,90103.61,1034.8875,97738.445,340.9137,3.1152434,0.00010156716,1.3361177,0.00011664262,0.26017606,1884.6351,3000.1257,0.059248984,1894.1218,2.7758725,3.914791e-05,1.3129989e-05,2.4475681e-05,0.000116654875,15705.311,0.17221856,217.72714,,,,
2068,2024-03-02 00:00:00+02:00,0.1534515,,,0.9979143,32628.984,8723.123,37744.04,7723.122,13.262406,,,,,,,,,,2.5164587e-05,,2.576325e-05,9.835856e-05,16704.059,0.17254084,218.91068,,,,
2069,2024-03-03 00:00:00+02:00,0.14054446,0.03434538,519.4447,0.12694389,85436.03,1496.7653,94868.61,615.84015,1.8239932,3.9900606e-06,1.080983,-4.8015163e-06,0.13039647,1890.9606,2999.9988,0.024493163,1901.521,2.853266,4.03737e-05,1.6959759e-05,2.341394e-05,0.000111805464,14426.301,0.16734974,219.05087,,,,
2070,2024-03-04 00:00:00+02:00,0.67189914,0.032197535,567.47064,0.19477008,88069.93,1211.5361,98217.67,312.15204,2.919605,4.721908e-05,1.1369512,4.839027e-05,0.19515659,1889.6888,3000.0867,0.151197,1898.2831,3.7950666,4.8446662e-05,2.3736678e-05,2.4709989e-05,0.00013031416,16706.883,0.16515693,218.02103,,,,
2071,2024-03-05 00:00:00+02:00,-0.38619658,0.038652956,659.9739,0.81847876,83002.59,1700.4055,93701.55,722.55444,12.615187,0.00017081053,1.1142864,0.00017664857,0.2491231,1884.6138,3000.002,0.04497256,1893.7401,2.4715106,4.820314e-05,2.4360917e-05,2.4228419e-05,0.00011902077,16710.32,0.167992,218.05377,,,,-6.981363e-07
2072,2024-03-06 00:00:00+02:00,0.18325078,0.039537136,323.0708,,,,,,,9.264743e-05,1.0688622,8.863649e-05,0.07623293,1893.4009,3000.0388,0.08224806,1903.1035,3.7600675,4.9836875e-05,2.8197639e-05,2.1639236e-05,0.00011532684,15563.398,0.15423036,216.46017,,,,-2.0984306e-05
2073,2024-03-07 00:00:00+02:00,-0.046784215,0.039546937,259.8341,,,,,,,8.545151e-05,1.0806575,8.126229e-05,0.05194824,1886.3713,3000.0283,0.03798531,1895.1213,2.9549756,6.1281855e-05,4.2256797e-05,1.9025061e-05,0.00012214849,14433.535,0.14796638,214.88481,,,,2.3350535e-06
2074,2024-03-08 00:00:00+02:00,0.07776767,0.03706425,280.37506,0.15263276,90224.41,1028.1405,95324.64,609.6917,6.695871,3.890587e-05,1.3063707,4.255655e-05,0.17823823,1853.9225,3000.011,0.045549124,1863.585,2.5933561,3.7770966e-05,1.5541804e-05,2.3868366e-05,0.00011656589,14430.494,0.1428178,217.58882,,,,-7.327817e-07
2075,2024-03-09 00:00:00+02:00,-1.0779355,0.034905452,313.37964,,,,,,,,,,,,,,,,4.223359e-05,,3.2149514e-05,0.00012185949,16709.695,0.14856425,220.57932,,,,-2.7619806e-05
2076,2024-03-10 00:00:00+02:00,-0.050090715,0.03759591,236.48798,0.0,,,,,,8.991131e-05,1.0545355,8.302816e-05,0.14116567,1876.6201,3000.001,0.031259764,1886.2362,2.546149,6.1184925e-05,2.0602503e-05,4.0582425e-05,0.00016630725,16709.855,0.15569244,223.19128,0.00041144833,0.29387954,0.0001221937,-7.168184e-05
2077,2024-03-11 00:00:00+02:00,0.099265635,0.037868064,261.67023,0.3699368,35467.77,8027.153,41061.883,7027.153,6.0767055,4.356676e-05,0.8544048,2.5964251e-05,0.24389163,1871.1194,3000.0059,0.04172128,1880.0344,2.8033948,6.092825e-05,1.0295743e-05,4.9423492e-05,0.00017917703,16708.29,0.16130152,226.2839,0.0005852875,0.28618968,0.00016413978,4.6753407e-06
2078,2024-03-12 00:00:00+02:00,-0.49279302,0.039254986,1039.6833,0.9999908,72993.2,2743.9985,82701.92,1743.9983,30.21664,,,,,,,,,,8.44546e-05,,4.0998242e-05,0.00015790906,16704.486,0.16032478,225.34055,,,,-7.601812e-05
2079,2024-03-13 00:00:00+02:00,-0.49283862,0.03886107,851.2837,0.99317926,87776.375,1240.2971,96659.016,434.09552,46.299496,,,,,,,,,,6.8773785e-05,,3.611849e-05,0.00015248675,16705.938,0.15976599,222.6318,,,,
2080,2024-03-14 00:00:00+02:00,-1.1187285,0.040879894,753.2215,0.32129407,78376.79,2168.8857,88748.37,1169.9733,9.019877,0.000116082076,1.0592203,0.0001164226,0.18473773,,,,,,6.956797e-05,3.2808097e-05,3.6296533e-05,0.00013795856,13265.1,0.15349501,219.67735,0.0006416452,0.2382332,0.00015082234,5.5436867e-06
2081,2024-03-15 00:00:00+02:00,-0.2682819,0.03202392,780.8777,0.81708145,53808.875,5105.952,61430.027,4105.9517,8.276585,0.00019075231,0.813872,0.00014494246,0.40257704,,,,,,7.0466835e-05,,3.4952158e-05,0.0001480596,14424.142,0.14800769,219.68657,-0.00087320554,0.18195522,-0.00015888433,-1.2854692e-05
2082,2024-03-16 00:00:00+02:00,-0.3508497,0.0378237,768.5394,0.99747884,80391.49,1920.7231,90681.41,924.156,39.781017,,,,,,,,,,7.107384e-05,,3.4606608e-05,0.00015308528,16839.363,0.15796745,221.22229,,,,-4.4470576e-06
2083,2024-03-17 00:00:00+02:00,-0.41326132,0.035007022,467.97052,0.9642238,85274.92,1401.6848,96504.92,409.2523,20.088684,,,,,,,,,,5.6503544e-05,,3.58529e-05,0.00014427767,22149.684,0.1869919,222.66061,,,,-5.5495206e-05
2084,2024-03-18 00:00:00+02:00,-0.5169212,0.036720175,486.9583,0.69382644,92474.16,815.95917,100926.375,88.818756,5.622201,3.6177305e-05,1.507264,4.2675518e-05,0.40596005,,,,,,4.9014463e-05,1.1186987e-05,3.482429e-05,0.00014098975,20729.145,0.2000348,222.3164,-0.00018674492,0.40800542,-6.616321e-05,1.642352e-05
2085,2024-03-19 00:00:00+02:00,-0.38255793,0.04062695,509.65756,1.0,90560.82,1006.5065,102440.98,6.814451,43.263767,,,,,,,,,,4.376989e-05,,3.4098397e-05,0.0001392123,19294.062,0.19036373,223.19388,,,,4.9957093e-06
2086,2024-03-20 00:00:00+02:00,-0.42664516,0.035858825,798.2642,0.9770436,71044.63,2960.623,80791.97,1960.959,9.700729,,,,,,,,,,6.2783234e-05,,3.5156678e-05,0.00014571946,19289.898,0.18912852,223.8363,,,,-2.6452004e-05
2087,2024-03-21 00:00:00+02:00,-0.6966476,0.03698381,655.2106,0.966722,72448.42,2797.7295,82244.33,1797.7297,51.070267,,,,,,,,,,7.92977e-05,,3.449816e-05,0.000117725125,19278.32,0.18197715,224.37503,,,,1.2218837e-05
2088,2024-03-22 00:00:00+02:00,-0.76742005,0.034542378,1516.4272,1.0,61720.31,4026.683,70046.95,3026.6826,29.648808,,,,,,,,,,,,,,,0.16529347,225.4602,,,,
2089,2024-03-23 00:00:00+02:00,-0.3701657,0.03590229,601.9933,0.6149627,58563.64,4275.871,66867.0,3275.8708,6.2894745,0.0001018707,0.96335393,7.735324e-05,0.40825003,,,,,,5.906023e-05,1.6862541e-05,4.1603278e-05,0.00015462177,18160.34,0.16913167,227.19434,0.0009031114,0.22122064,0.00019931418,-1.1318976e-05
2090,2024-03-24 00:00:00+02:00,-0.3291743,0.033500016,443.06232,0.99631935,86880.85,1161.803,96940.66,263.10925,27.949507,,,,,,,,,,4.7795205e-05,2.3321757e-06,5.0346254e-05,0.00016488039,24191.016,0.18819344,228.48363,,,,4.7709665e-07
2091,2024-03-25 00:00:00+02:00,-1.2353598,0.033760224,581.59033,0.3867756,84483.37,1431.1377,93957.13,558.6354,9.3137665,5.6107503e-05,1.0970839,4.2270647e-05,0.1479069,,,,,,6.8247944e-05,1.8829007e-05,4.9001654e-05,0.00015551528,24208.354,0.20674537,228.6731,0.00061192736,0.3227029,0.00018580348,2.962282e-05
2092,2024-03-26 00:00:00+02:00,-0.2812086,0.03444595,656.40247,0.37383956,75555.24,2402.7642,85518.97,1412.6163,5.9360843,5.2335185e-05,0.8555409,2.787861e-05,0.30654818,,,,,,7.77e-05,2.9139714e-05,4.4909568e-05,0.00017553146,19258.617,0.19462484,226.86545,0.0008139319,0.30474687,0.00024738477,5.6277106e-05
2093,2024-03-27 00:00:00+02:00,-0.09221277,0.03605598,742.5619,0.47243327,61259.766,4084.4502,69593.39,3084.4504,5.9268837,6.671387e-05,1.0197009,5.2921037e-05,0.3182948,,,,,,7.410855e-05,2.9650071e-05,4.4138837e-05,0.00016914091,16686.455,0.17161278,227.6752,0.0006107146,0.26021743,0.00014814531,-3.4189765e-05
2094,2024-03-28 00:00:00+02:00,-0.11189832,0.024054043,2142.1484,0.32767695,45261.035,6357.992,51758.58,5357.992,5.6150503,6.7584406e-05,0.78716326,3.4348228e-05,0.30999133,,,,,,7.639658e-05,2.9328012e-05,4.4879245e-05,0.0001657902,16677.055,0.18217257,226.77563,0.0007592501,0.21249935,0.00016267652,-1.55916e-05
2095,2024-03-29 00:00:00+02:00,-0.6245528,0.030735072,314.70596,0.97929907,75373.06,2334.977,85496.56,1335.4558,28.594048,-0.0002073474,1.027538,-0.00021997622,0.43250078,,,,,,8.506366e-05,2.506728e-05,4.6391917e-05,0.00019423311,22105.82,0.20548062,227.51154,,,,4.5583565e-05
2096,2024-03-30 00:00:00+02:00,-0.8169225,0.034221828,1102.5732,0.2215785,57922.434,4587.8945,65754.13,3587.8945,9.011857,7.2050185e-05,1.1194491,7.140055e-05,0.09879147,,,,,,6.515125e-05,2.7224258e-05,3.7695976e-05,0.00013250667,16694.264,0.1575556,225.93333,0.00049023447,0.3273618,0.00016164171,3.1074116e-05
2097,2024-03-31 00:00:00+02:00,0.23631883,,,0.75391597,29401.668,9319.704,34192.332,8319.704,11.832102,0.0001991122,0.5328927,8.74096e-05,0.39288023,,,,,,7.613298e-05,3.9210314e-05,4.490857e-05,0.0001644319,19241.113,0.1729776,224.88898,0.0024842045,0.2339215,0.0005862679,2.1630025e-05
2098,2024-04-01 00:00:00+03:00,0.7650498,0.0324181,668.9268,0.43003467,56024.043,4853.584,63645.613,3856.9636,5.1615634,7.992024e-05,0.8473418,5.7100064e-05,0.20321868,1888.2737,3000.1064,0.15868662,1895.8662,2.1324449,7.4494594e-05,2.889835e-05,4.558854e-05,0.00017464501,19236.105,0.18852942,225.38284,0.00095451623,0.18882975,0.0001737088,2.4351019e-05
2099,2024-04-02 00:00:00+03:00,-0.0050609875,0.028892528,1519.063,0.9999808,57312.64,4496.492,65197.066,3496.4922,73.00697,,,,,,,,,,0.0001104529,,4.4805103e-05,0.00016177996,19229.287,0.1990057,225.0058,,,,3.2033957e-05
2100,2024-04-03 00:00:00+03:00,-0.43057874,0.03494009,834.0188,1.0,77869.22,2024.8,88119.7,1027.0381,16.22705,,,,,,,,,,9.075328e-05,,4.202692e-05,0.00015975746,22091.453,0.2068325,225.24554,,,,
2101,2024-04-04 00:00:00+03:00,-0.38623607,0.035832822,752.77454,0.8466731,73643.195,2616.207,83320.016,1635.7888,8.878984,6.7576184e-05,1.4334357,7.9028585e-05,0.41955534,,,,,,7.0661874e-05,,4.1558553e-05,0.00016244082,22152.982,0.1877331,225.1625,,,,9.0277994e-05
2102,2024-04-05 00:00:00+03:00,-0.2154494,0.03727043,397.6371,0.9998206,85777.8,1371.7438,96866.69,372.7781,24.289696,,,,,,,,,,6.781869e-05,,4.4258944e-05,0.00016756888,17796.883,0.17629692,225.16138,,,,-1.6771146e-05
2103,2024-04-06 00:00:00+03:00,-0.4900046,0.03591674,1039.6487,0.9996023,90106.48,977.8639,100439.266,63.559963,19.216656,,,,,,,,,,7.401626e-05,,4.2409796e-05,0.00018452088,16698.805,0.18442893,224.65652,,,,4.7517133e-06
2104,2024-04-07 00:00:00+03:00,-0.48988557,,,0.9398031,38383.61,7745.3013,44118.0,6745.3013,9.692018,5.8685608e-05,0.66522455,2.917516e-05,0.42407376,,,,,,6.3215666e-05,1.7157852e-05,4.1639338e-05,0.00013808985,13055.971,0.15728626,223.49106,,,,1.3505775e-05
2105,2024-04-08 00:00:00+03:00,-0.017530397,,,1.0,39698.633,7460.199,45538.92,6460.199,23.73595,,,,,,,,,,9.175239e-05,,3.7583966e-05,0.00013653206,16703.39,0.15812935,223.17177,,,,1.7552564e-05
2106,2024-04-09 00:00:00+03:00,1.1071055,0.037510958,1378.0135,0.14268996,70119.664,3200.0493,78901.59,2200.329,5.272353,0.00012841249,1.0010221,0.000111338755,0.12240002,,,,,,7.9335914e-05,4.118259e-05,3.815262e-05,0.00017376675,14424.123,0.15285867,223.83534,0.0017102055,0.24748704,0.000355342,6.405759e-05
2107,2024-04-10 00:00:00+03:00,1.6818188,,,0.9297757,74571.94,2681.085,84038.516,1681.085,23.398071,,,,,,,,,,6.03589e-05,,4.4410786e-05,0.00012917552,16708.152,0.15910086,224.03094,,,,-8.885703e-06
2108,2024-04-11 00:00:00+03:00,-0.6978228,0.034750424,1052.609,0.66027296,48986.125,6001.144,55867.094,5001.144,6.13751,0.00014008122,0.7844744,8.5753345e-05,0.37509334,,,,,,6.51162e-05,2.2852944e-05,3.864411e-05,0.00013754776,16718.191,0.15707052,222.66205,0.00036500618,0.2651371,8.824123e-05,2.0298767e-06
2109,2024-04-12 00:00:00+03:00,-0.40007642,0.036158465,497.62207,0.9978099,86009.11,1509.2073,95744.7,611.53467,14.922337,,,,,,,,,,7.0444665e-05,,3.73121e-05,0.00014511927,16714.887,0.16194624,224.0715,,,,1.0264683e-05
2110,2024-04-13 00:00:00+03:00,-0.12817213,0.036778595,1003.12866,1.0,90581.81,1001.8273,100268.75,138.05899,25.866585,,,,,,,,,,5.531362e-05,,3.38335e-05,0.00012936808,19279.441,0.1609084,224.38126,,,,
2111,2024-04-14 00:00:00+03:00,-0.31295377,0.033764414,527.73175,0.053587627,77005.05,2254.7476,85755.83,1365.087,3.3524952,0.00013442447,0.8299037,9.3207884e-05,0.057848286,1869.1459,3000.0164,0.0295103,1887.522,3.4485934,5.8372774e-05,1.4035614e-05,4.4337157e-05,0.00015203014,22123.744,0.17046975,226.13696,0.0009497505,0.29883158,0.00024814947,6.489852e-05
2112,2024-04-15 00:00:00+03:00,-0.6638767,0.035461638,414.3167,0.025473848,64509.715,3787.1467,70873.91,3013.7124,3.5918365,5.818927e-05,1.0990446,4.0120554e-05,0.10286621,1881.4824,3000.001,0.062565535,1905.4908,4.1314917,5.9564427e-05,1.7268596e-05,4.3249e-05,0.0001304047,22124.934,0.17680609,226.68109,0.00041327873,0.4452105,0.00016847112,6.5445645e-05
2113,2024-04-16 00:00:00+03:00,-0.56441545,0.031296734,690.0009,0.95201147,67641.664,3137.981,76886.8,2137.981,15.140179,0.00016150057,1.0820503,0.00015596283,0.45479384,,,,,,7.500118e-05,,4.843409e-05,0.00017922968,24168.77,0.20195474,226.91104,,,,-5.9936906e-06
2114,2024-04-17 00:00:00+03:00,-0.27379698,0.032241445,443.3996,0.8036287,81358.016,1759.5352,91833.28,784.923,14.363561,6.6042674e-05,1.0532426,4.356993e-05,0.32135466,,,,,,7.434768e-05,2.5348523e-05,4.8065856e-05,0.00017089212,24213.027,0.19927642,228.06615,0.0007789081,0.39109588,0.00027376387,1.3887834e-05
2115,2024-04-18 00:00:00+03:00,-0.5107109,0.031883556,736.8167,0.99245024,81156.41,1798.8796,91839.84,809.64734,14.458242,,,,,,,,,,8.129221e-05,,4.840952e-05,0.00016473961,24247.504,0.20729256,227.9267,,,,2.1789565e-06
2116,2024-04-19 00:00:00+03:00,-0.8912476,0.03375847,461.92557,0.6479738,88073.484,1104.5356,97138.33,292.01993,6.933642,2.7290502e-05,1.0922331,4.3992795e-06,0.24962239,,,,,,6.385612e-05,1.8045874e-05,5.1081835e-05,0.00016887615,24218.234,0.2036573,228.39294,1.0723619e-05,0.34246185,1.2577948e-06,-2.9131363e-05
2117,2024-04-20 00:00:00+03:00,-0.69443595,0.032150116,293.2404,0.7682197,80072.94,1923.9557,90543.56,949.59814,9.060961,-4.013108e-05,1.0552161,-5.4995617e-05,0.29751468,,,,,,7.325614e-05,2.8732666e-05,5.009683e-05,0.00018054832,24250.227,0.19760878,228.92996,0.00034847154,0.33370554,0.00011577495,9.2541e-06
2118,2024-04-21 00:00:00+03:00,-0.430713,0.03581509,337.648,0.94875884,90263.84,1021.6732,101620.34,55.216606,9.812406,-1.3930782e-05,1.4898983,-4.5470846e-05,0.28682363,,,,,,6.9679845e-05,1.5851545e-05,5.4036653e-05,0.00020282768,22187.264,0.18826354,227.9628,0.00013131471,1.0411705,0.00013891463,4.234172e-05
2119,2024-04-22 00:00:00+03:00,-0.5788491,0.029766575,1035.3291,1.0,65837.93,3466.2217,74940.875,2466.2217,41.569504,,,,,,,,,,0.00013400424,,5.1897718e-05,0.00017901899,22158.207,0.19702633,228.4664,,,,
2120,2024-04-23 00:00:00+03:00,-0.322516,0.03463346,443.6157,1.0,84247.19,1543.7292,95522.76,543.7291,25.784184,,,,,,,,,,6.372668e-05,,5.7312638e-05,0.00017644196,24288.54,0.19948393,228.57507,,,,
2121,2024-04-24 00:00:00+03:00,-0.5929994,0.032816846,696.474,0.8674406,68661.43,3124.3909,78170.16,2124.3909,9.604387,0.00022730518,0.7876584,0.00014591371,0.5350058,,,,,,9.191594e-05,,5.2952877e-05,0.00018004511,22285.73,0.19449547,228.56113,,,,
2122,2024-04-25 00:00:00+03:00,-0.34928876,0.03601824,643.5258,1.0,80650.56,1839.3148,90403.766,913.8302,42.188107,,,,,,,,,,7.351065e-05,,5.736261e-05,0.00018564885,24217.984,0.19326292,228.98145,,,,
2123,2024-04-26 00:00:00+03:00,-1.0436794,0.03136083,617.14514,0.0035636618,90637.38,932.118,96161.75,441.28418,5.885793,4.9504808e-05,1.011196,2.805271e-05,0.019038986,1831.7328,3000.0825,0.04665681,1855.9054,4.8516774,9.059933e-05,3.234439e-05,5.851062e-05,0.00018130156,22143.156,0.2003847,229.19867,0.0002546463,0.44350046,0.00011009006,3.4384986e-05
2124,2024-04-27 00:00:00+03:00,-0.6687295,0.034052234,734.9385,0.12947826,80548.72,2039.2661,88805.28,1217.314,4.745253,6.682846e-05,1.0697367,4.68223e-05,0.12830435,1875.407,3000.1738,0.05011285,1894.4178,3.141674,8.843906e-05,3.074713e-05,5.7709814e-05,0.00021002127,20718.787,0.18690108,228.51393,0.00017389195,0.31663495,4.7918093e-05,-2.4437744e-05
2125,2024-04-28 00:00:00+03:00,-0.54334784,0.037350535,821.9469,0.09180036,82215.05,1967.3774,89309.77,1246.2948,6.259772,9.938871e-05,1.0547457,7.71699e-05,0.08372718,1850.7952,3000.0183,0.023119599,1870.8921,3.3627343,8.027177e-05,2.4270552e-05,5.600122e-05,0.00019109636,21952.66,0.18577895,228.61911,0.00017872435,0.35285234,6.0666272e-05,-1.0025707e-05
2126,2024-04-29 00:00:00+03:00,-0.6105777,0.03903228,1222.0398,0.5486991,62380.438,4374.7617,70247.336,3410.5874,7.9737997,0.00010789832,1.0839567,8.703286e-05,0.3608357,,,,,,8.600165e-05,3.0348361e-05,5.0513125e-05,0.0001638176,16714.182,0.1757305,227.82,0.00016802446,0.4569442,4.669749e-05,-5.5984037e-06
2127,2024-04-30 00:00:00+03:00,-0.6029847,0.03846851,1854.5629,0.2775923,60237.7,4568.549,68150.58,3578.6797,6.952139,0.00015087964,0.8677403,0.00010328453,0.22977465,,,,,,8.463836e-05,3.405165e-05,4.7607333e-05,0.00016854952,16717.27,0.16505498,228.04501,0.0005352715,0.3969411,0.00019271398,5.497722e-05
2128,2024-05-01 00:00:00+03:00,-0.42405623,0.036072806,735.73157,0.004689687,40965.066,7286.4478,46750.08,6286.448,8.528825,6.877617e-05,0.84329146,4.1078703e-05,0.0030895201,1878.6144,3000.4595,0.07249147,1899.4146,3.897115,7.5477525e-05,2.7768368e-05,4.7709153e-05,0.00014331969,16711.148,0.15665525,227.18932,0.00019096585,0.38981563,7.2354225e-05,2.218243e-05
2129,2024-05-02 00:00:00+03:00,0.0031666607,0.037129734,774.1983,0.12454464,88034.42,1256.151,95509.46,554.0516,2.8308892,0.00013064884,0.9039937,9.780143e-05,0.12318818,1865.194,3002.235,0.08136106,1881.0292,2.7505057,7.563752e-05,2.1584117e-05,5.4053413e-05,0.00019393553,16704.535,0.15555382,227.16797,0.00066035753,0.3442163,0.00017182349,7.015862e-06
2130,2024-05-03 00:00:00+03:00,-0.45064285,0.036389258,1596.3384,0.16199118,52086.094,5779.99,58750.6,4832.9233,5.2823296,7.828626e-05,0.86494684,4.3991706e-05,0.13589256,,,,,,7.922149e-05,2.4152068e-05,5.5220014e-05,0.00018517146,16703.328,0.16306403,228.92139,0.00013940108,0.41853616,6.4214e-05,6.0374064e-06
2131,2024-05-04 00:00:00+03:00,-0.35104176,0.034986958,1490.3992,0.11425313,46575.773,6556.726,53228.867,5556.9004,6.4782867,7.807331e-05,0.86703146,4.3100983e-05,0.10180968,,,,,,7.5317264e-05,1.91632e-05,5.615407e-05,0.0001797468,16702.742,0.16440526,229.17564,0.00012289669,0.43832737,5.0322593e-05,7.647752e-06
2132,2024-05-05 00:00:00+03:00,-0.5439253,0.03541191,966.5962,0.20507282,67788.414,3459.762,76174.59,2504.061,6.4783077,9.824023e-05,0.986751,7.2962306e-05,0.12646623,,,,,,7.747911e-05,2.3105446e-05,5.4847667e-05,0.00018803818,16697.717,0.16988224,228.97453,3.2555246e-05,0.53840095,1.3399884e-05,-9.248513e-06
2133,2024-05-06 00:00:00+03:00,-0.74794847,0.032128684,905.0026,0.98557025,90929.56,869.79944,99500.13,85.228294,21.573648,-0.00018337343,1.2669958,-0.00026341007,0.17760631,,,,,,7.5148724e-05,,5.4286975e-05,0.00020547048,19416.652,0.18176293,229.3618,0.0007254331,0.31037697,0.00022515774,-3.4857203e-06
2134,2024-05-07 00:00:00+03:00,-0.14608365,0.03171012,451.6695,0.13005678,85923.27,1458.1068,92003.19,910.9527,2.1507435,8.0006124e-05,0.87135994,4.2399046e-05,0.13125765,1864.852,3000.4192,0.063682646,1881.2759,2.741705,8.3318926e-05,2.1969157e-05,6.134976e-05,0.00021228031,19282.395,0.17288852,229.36743,0.0011228106,0.28733528,0.00023641122,5.873418e-05
2135,2024-05-08 00:00:00+03:00,-0.44423884,0.03440865,779.75244,0.13816217,63006.31,4205.842,71405.25,3217.9307,3.9824462,7.335661e-05,0.96795464,4.2784606e-05,0.13673687,,,,,,8.319694e-05,2.3135406e-05,6.006154e-05,0.00019805909,19299.28,0.17377445,229.26805,0.00017842754,0.38916475,6.65822e-05,7.58457e-06
2136,2024-05-09 00:00:00+03:00,-0.70782804,0.036278944,990.9422,0.82242453,84910.36,1609.9684,94579.016,710.72943,8.300054,5.7969875e-05,1.4388831,5.247538e-05,0.44823703,,,,,,7.444169e-05,2.1018515e-05,5.6170178e-05,0.00018156652,16713.71,0.18091047,229.12183,,,,1.7895076e-05
2137,2024-05-10 00:00:00+03:00,-0.68853265,0.033586174,847.0543,0.86347514,88719.53,1217.6029,96783.06,461.30884,10.008074,2.5877423e-05,1.8731486,2.2159997e-05,0.35137257,,,,,,6.8657784e-05,7.0542733e-06,5.831638e-05,0.0001778081,19280.072,0.17429546,229.41495,-9.41962e-05,0.7649051,-6.4242195e-05,-1.9203988e-05
2138,2024-05-11 00:00:00+03:00,-0.48229724,0.036065646,492.23816,0.0,,,,,,4.4891e-05,0.88789433,2.099139e-05,0.0,1883.7277,3000.225,0.051588073,1892.7367,2.0202446,7.683281e-05,1.1036041e-05,6.5796776e-05,0.00016187527,19293.053,0.18120505,229.7536,7.5800235e-05,0.34917626,2.7169806e-05,-1.3655594e-05
2139,2024-05-12 00:00:00+03:00,-0.60089624,0.030165095,835.2596,0.0,,,,,,1.3012015e-05,0.8942578,-1.049878e-05,0.0,1850.9647,3000.823,0.0543479,1867.1472,3.1188896,8.3898674e-05,2.0003563e-05,6.389511e-05,0.0001632316,18978.324,0.17859042,229.89267,0.00032881435,0.33724827,0.00011090212,2.533929e-05
2140,2024-05-13 00:00:00+03:00,-0.31630626,0.032940533,1185.2917,0.107857995,76219.13,2537.8018,84590.83,1655.6396,3.3832517,3.708002e-05,0.95840573,1.3019192e-05,0.10752837,1823.0549,3011.2769,0.17925674,1836.8286,2.486784,9.3975665e-05,3.209311e-05,6.188255e-05,0.00021704401,16711.672,0.17372772,229.61456,0.0006001218,0.26285517,0.00013191241,3.8046965e-05
2141,2024-05-14 00:00:00+03:00,-0.33003545,0.034272395,1067.9989,0.08623165,78660.75,2243.596,85937.27,1507.2168,3.6350155,6.6692235e-05,1.0396434,3.7894162e-05,0.06999023,1855.7975,3000.2114,0.02957496,1871.6836,2.478613,8.132404e-05,1.9149713e-05,6.2174324e-05,0.00019515544,16709.805,0.17338327,230.39005,0.0002510149,0.4273912,8.858187e-05,1.5245143e-05
2142,2024-05-15 00:00:00+03:00,-0.86138344,0.03489428,1088.9954,0.3018565,80547.1,2064.1895,90433.5,1103.8962,10.814186,9.53843e-05,1.1119903,6.9949914e-05,0.13657458,,,,,,7.7042794e-05,1.3697085e-05,6.284163e-05,0.0001882738,19133.137,0.17450315,230.10277,0.0002775457,0.444599,0.0001060636,3.457688e-05
2143,2024-05-16 00:00:00+03:00,-0.3108988,0.035303604,729.51306,0.0,,,,,,0.00010059837,0.8630459,6.212566e-05,0.0,1886.7312,3000.1636,0.03809221,1900.3213,2.6781485,7.960037e-05,1.6169895e-05,6.3430474e-05,0.00019696858,16715.094,0.17037484,230.29552,0.0005898306,0.34366512,0.00018350012,4.504966e-05
2144,2024-05-17 00:00:00+03:00,-0.64916044,0.03449603,876.93085,0.0,,,,,,9.267209e-05,0.8832806,6.0174072e-05,0.0,1874.7264,3001.5225,0.076039635,1886.2954,2.3550942,8.238626e-05,1.9626701e-05,6.275956e-05,0.00016182651,16712.633,0.17025912,230.20451,0.00016051429,0.44940618,7.1951894e-05,1.7189119e-05
2145,2024-05-18 00:00:00+03:00,-0.3163751,0.034428276,1320.8464,0.6219307,71495.28,3009.314,80741.41,2023.1279,8.437799,7.909044e-05,1.0371985,5.3717107e-05,0.3069854,,,,,,7.880335e-05,2.0475665e-05,6.060673e-05,0.00020471244,16705.555,0.17295018,229.62341,0.00031163904,0.49420753,0.00014509948,-2.5128973e-05
2146,2024-05-19 00:00:00+03:00,-0.7137982,0.034939595,1190.3335,0.11921738,69733.5,3424.5298,77430.164,2559.0615,9.705682,0.00010730406,1.0682032,8.313876e-05,0.08822427,1866.1017,3000.0151,0.03437785,1891.9509,4.6586747,8.250259e-05,1.9184177e-05,6.345927e-05,0.00019987606,19268.574,0.18161544,230.1341,0.00024610697,0.495687,0.00011685629,4.8974238e-05
2147,2024-05-20 00:00:00+03:00,-0.47571746,0.034732558,1615.6006,0.42324546,61782.18,4320.8193,69889.77,3326.0186,8.442967,0.00017220131,0.93885124,0.00012894442,0.16606493,,,,,,8.517754e-05,2.1871427e-05,6.3724074e-05,0.0002027971,19270.312,0.18308935,231.10522,-8.314455e-05,0.6132752,-4.987882e-05,-3.379667e-05
2148,2024-05-21 00:00:00+03:00,-0.7097269,0.033051826,4134.7847,0.44085065,48148.54,6548.326,54747.74,5564.274,10.366179,0.00014656284,0.94004285,9.4870134e-05,0.2278046,,,,,,8.191397e-05,1.912361e-05,6.353004e-05,0.00020366312,19276.031,0.1797723,230.69897,2.6718855e-05,0.6712725,7.5786375e-06,-2.1739426e-05
2149,2024-05-22 00:00:00+03:00,-0.47761303,0.033803396,1455.8109,0.16666216,78510.72,2270.0332,87832.336,1323.0265,6.8783617,0.00010023256,1.1304903,8.011963e-05,0.102079265,1895.0186,3000.0464,0.026066462,1913.9996,3.059298,8.301012e-05,2.5402423e-05,5.847367e-05,0.0002177856,16704.496,0.18253137,231.6387,0.00018213067,0.5830332,9.019639e-05,-1.7857656e-05
2150,2024-05-23 00:00:00+03:00,-0.7313778,0.029665556,2164.3394,0.9879713,53117.977,5372.583,60512.996,4372.583,18.22046,0.000114164475,0.8284662,8.4702326e-05,0.32208765,,,,,,7.448552e-05,1.6089143e-05,5.9756298e-05,0.00019689693,16706.098,0.17909086,231.25842,-0.0006398,0.45462942,-0.00029087192,-3.3561933e-05
2151,2024-05-24 00:00:00+03:00,-0.7360533,0.03567067,1660.7998,0.13607344,71127.625,3290.054,77864.15,2505.312,3.4163246,0.00014279672,1.0725268,0.000114164795,0.13006784,1887.618,3006.877,0.090278,1905.0336,2.7360907,8.8945584e-05,2.7499686e-05,6.1445906e-05,0.0002046788,16710.838,0.17242855,231.5187,9.103975e-05,0.5154457,5.393131e-05,1.1135009e-05
2152,2024-05-25 00:00:00+03:00,-0.8256417,0.036909364,1653.2288,0.20203997,66356.414,3968.22,73120.5,3136.0007,4.396191,0.0001075758,1.0936975,8.096424e-05,0.115877695,1838.2856,3000.3247,0.038260877,1865.5787,5.0020127,8.261125e-05,1.6858505e-05,6.5285385e-05,0.00020012143,19287.264,0.18279207,231.64667,-9.360167e-05,0.5059465,-5.754247e-05,-5.591017e-05
2153,2024-05-26 00:00:00+03:00,-0.7580915,0.03342323,1643.1069,0.09783538,63361.28,4402.494,71772.48,3402.4944,6.6327477,0.00018573257,0.943874,0.00013715206,0.05111688,1901.1006,3000.0815,0.021035,1913.6215,2.3576932,8.523105e-05,2.2028464e-05,6.366261e-05,0.00020122653,19289.979,0.18162575,231.6687,-5.1290932e-05,0.48244107,-2.4628855e-05,-2.3090408e-05
2154,2024-05-27 00:00:00+03:00,-0.37288544,0.03334077,915.3982,0.0,,,,,,9.399013e-05,0.9240235,5.33728e-05,0.0,1878.2529,3000.1497,0.032895464,1893.3295,2.7136843,8.750352e-05,2.300775e-05,6.449577e-05,0.00021220713,19285.473,0.17753865,232.28922,0.0005272802,0.47977757,0.00021698792,1.856209e-05
2155,2024-05-28 00:00:00+03:00,-0.75541514,0.032391094,983.9201,0.0,,,,,,0.00012895338,0.96457285,9.598025e-05,0.0,1857.6301,3011.6677,0.15462463,1870.939,2.491773,8.631364e-05,2.284522e-05,6.346842e-05,0.00016458031,19277.662,0.16764116,232.3507,5.4920012e-05,0.6276357,3.430245e-05,1.9306068e-05
2156,2024-05-29 00:00:00+03:00,-0.7622549,0.030723095,1397.7961,0.8371005,71254.11,3033.598,79706.7,2098.9832,12.511606,-1.5661416e-06,1.4255356,-2.1293086e-05,0.44727054,,,,,,7.67914e-05,2.0684323e-05,6.126851e-05,0.00019344778,19270.59,0.16821204,229.56767,,,,1.5173585e-05
2157,2024-05-30 00:00:00+03:00,-0.86450833,0.036467455,1546.761,0.25239885,71428.266,3032.7869,79924.14,2097.7783,5.8116155,0.000114603594,1.0914958,9.280983e-05,0.20896035,1855.8657,3011.1284,0.1812651,1873.3933,2.6997838,8.249837e-05,2.1633898e-05,6.1287676e-05,0.0001945755,19259.865,0.16513728,229.39552,6.1786486e-05,0.560122,4.4065135e-05,2.1491069e-05
2158,2024-05-31 00:00:00+03:00,-0.6049324,0.034006737,1441.9635,0.2612857,70577.7,3141.8044,79064.12,2195.1536,6.483881,0.00013690657,1.18343,0.0001248833,0.15754178,,,,,,8.509679e-05,2.5739933e-05,5.9307946e-05,0.00019830905,19262.064,0.1653578,233.58727,0.0001294654,0.7368685,8.746041e-05,3.294604e-05
2159,2024-06-01 00:00:00+03:00,-0.6524957,0.03245846,1992.1904,0.36195105,55534.863,5217.276,62693.195,4252.8594,11.629702,0.00012959917,0.9477284,8.324308e-05,0.23332,,,,,,8.6133245e-05,2.2329192e-05,6.38219e-05,0.0002064548,22144.152,0.17013696,233.22287,4.384483e-05,0.5911075,1.5037585e-05,-1.5112315e-05
2160,2024-06-02 00:00:00+03:00,-0.60215074,,,0.9934809,39650.715,7509.0073,45435.2,6509.007,57.720917,0.00028349922,0.93005204,0.00023552553,0.22480041,,,,,,9.168252e-05,1.6628657e-05,5.798639e-05,0.00015752505,19258.412,0.1626347,233.40555,0.00047015585,0.52928513,0.0002574952,1.4203318e-06
2161,2024-06-03 00:00:00+03:00,-0.4590189,0.032043878,1670.9342,0.19423954,84695.53,1570.0114,91128.17,927.8965,1.6080238,0.00011881434,1.2902296,0.000104525476,0.21266077,1888.8987,3001.2456,0.047247164,1907.4729,2.7916412,8.408597e-05,1.7703127e-05,6.633295e-05,0.00022204308,19259.541,0.16806978,232.0603,-2.2842285e-05,0.87962633,-2.0138088e-05,-2.6239464e-05
2162,2024-06-04 00:00:00+03:00,-0.3169729,0.031436164,1071.5597,0.14805013,79911.31,2065.6423,87103.75,1336.3206,3.9218338,6.696391e-05,1.1883299,3.3737448e-05,0.12563635,,,,,,7.782869e-05,1.4320376e-05,6.3508225e-05,0.00019018713,19263.977,0.1611554,231.24219,9.504568e-05,0.37979567,2.7585229e-05,-5.060263e-06
2163,2024-06-05 00:00:00+03:00,-0.6501539,0.03324738,1131.7415,0.05085144,74801.3,2603.0896,83729.36,1666.3174,6.8721375,7.698008e-05,1.0119281,4.8325746e-05,0.050640125,1815.464,3000.0022,0.03489648,1849.2056,6.219655,8.856009e-05,2.4995927e-05,6.357792e-05,0.00020791442,19259.152,0.1689978,234.26431,4.9733528e-05,0.45647433,2.573161e-05,6.3090597e-06
2164,2024-06-06 00:00:00+03:00,-0.71472645,0.030848917,702.8882,0.038518965,88496.125,1187.9701,98898.414,236.94952,4.9130893,4.166655e-05,0.9797839,9.991333e-06,0.02599547,1878.4237,3000.049,0.032072134,1895.4769,2.900931,8.4430576e-05,1.8933524e-05,6.550469e-05,0.00020407318,22159.984,0.16991518,234.41852,0.00010218864,0.39772883,3.564921e-05,-1.3721274e-07
2165,2024-06-07 00:00:00+03:00,-0.7244964,0.02932873,924.09564,0.5484299,80032.46,2037.845,89844.695,1086.0737,12.633457,-7.980025e-06,1.2746911,-3.9061313e-05,0.25797954,,,,,,7.503933e-05,1.0877779e-05,6.64612e-05,0.00020921105,22163.29,0.17867474,233.98843,0.0005549484,0.5254645,0.000249752,6.685714e-05
2166,2024-06-08 00:00:00+03:00,-0.5784308,0.030537538,1167.2877,0.37555167,75452.625,2561.8716,83463.95,1736.0239,4.247501,6.7934816e-05,1.1158483,4.38408e-05,0.26479247,1801.2893,3000.0427,0.07271311,1826.7705,3.9066596,8.275679e-05,1.2770517e-05,7.033198e-05,0.00022115892,22150.492,0.18440476,233.2027,5.0599552e-05,0.5566308,3.3366512e-05,1.8924593e-05
2167,2024-06-09 00:00:00+03:00,-0.5657255,0.029425452,797.96576,0.26644063,81059.125,1873.1584,89839.266,1014.7706,4.3684454,3.773061e-06,1.1548423,-2.3354947e-05,0.2064985,,,,,,8.125325e-05,1.1790513e-05,6.992147e-05,0.00020554443,20684.445,0.1818255,231.8452,9.075795e-06,0.4548903,1.0546903e-05,-8.704117e-06
2168,2024-06-10 00:00:00+03:00,-0.7955766,0.030643024,1166.8989,0.4224289,69099.86,3297.0767,76818.625,2420.955,6.8002157,4.4417466e-06,1.2220386,-2.5787624e-05,0.24539314,,,,,,7.726469e-05,5.990236e-06,6.886748e-05,0.00019341629,19248.34,0.17431879,234.52922,-2.7332462e-05,0.43330455,-2.0673346e-05,2.714948e-06
2169,2024-06-11 00:00:00+03:00,-0.5991855,,,1.0,71190.02,2963.4434,80440.266,1963.4432,43.87181,,,,,,,,,,8.98803e-05,,5.724262e-05,0.00017833296,19248.902,0.16280952,235.41324,,,,-5.12796e-05
2170,2024-06-12 00:00:00+03:00,-0.8735268,0.029554114,1103.1113,0.72689486,78019.06,2211.5955,87834.5,1239.0741,14.365278,-3.60671e-05,1.2388737,-8.3425155e-05,0.36966768,,,,,,7.3926596e-05,5.4140282e-06,6.73979e-05,0.00020111806,20916.527,0.16924943,235.43893,-0.0001554506,0.5779367,-9.056467e-05,3.4800548e-06
2171,2024-06-13 00:00:00+03:00,-1.0274528,0.023046108,897.1063,0.83805865,60762.82,4346.8037,69184.695,3346.8037,14.609245,3.5166147e-05,0.8688654,9.601861e-06,0.40358248,,,,,,7.723253e-05,1.4633127e-05,7.294917e-05,0.00016494273,22162.582,0.17362441,235.9636,-0.00033661007,0.4134129,-0.00014140226,-2.2651191e-05
2172,2024-06-14 00:00:00+03:00,-0.33617535,0.02731573,1262.4391,0.2811691,48889.19,6223.7695,55650.223,5236.284,3.6794786,8.178879e-05,1.0188323,5.3757583e-05,0.2707643,,,,,,8.004511e-05,9.862908e-06,6.9848014e-05,0.00020358569,19275.234,0.16711088,232.6513,0.00017317335,0.3711279,3.976996e-05,1.9943236e-06
2173,2024-06-15 00:00:00+03:00,-0.39537302,0.032033734,1086.1309,0.12714346,82043.39,1847.9581,90769.836,978.7565,3.6733465,7.303899e-05,1.0803473,4.558663e-05,0.101189114,,,,,,8.4355524e-05,2.1808417e-05,6.260244e-05,0.00019449323,16701.496,0.15882371,232.68272,0.00024511258,0.41573137,9.228551e-05,6.433518e-06
2174,2024-06-16 00:00:00+03:00,-0.6941371,0.030309305,1610.9259,0.9467794,62404.453,4070.6738,70587.91,3070.6738,19.07513,0.00014213868,0.95858526,0.00010175259,0.4199393,,,,,,7.959231e-05,,6.097819e-05,0.0001743124,16700.049,0.1543488,234.6492,,,,-4.4690103e-05
2175,2024-06-17 00:00:00+03:00,-1.189651,0.030235004,1519.1252,0.2728217,71128.28,3086.173,78753.79,2225.867,5.8746634,6.1351486e-05,0.98882693,3.1045372e-05,0.08380329,1865.4607,3000.0176,0.022110714,1884.4381,3.5369475,8.401115e-05,1.2617296e-05,7.151182e-05,0.00021289955,19268.398,0.16209394,235.55896,0.000336492,0.3842225,0.00011429271,-1.7770908e-05
2176,2024-06-18 00:00:00+03:00,-0.6303153,0.029402154,1448.6178,0.0,,,,,,9.229793e-05,0.9074159,5.0418337e-05,0.0,1876.9291,3000.0366,0.024365723,1898.19,3.659404,8.5763575e-05,1.6658783e-05,6.910479e-05,0.00016879677,19271.143,0.16294065,234.40245,9.2652066e-05,0.331267,3.129357e-05,-3.829193e-06
2177,2024-06-19 00:00:00+03:00,-0.07031134,0.026673958,2389.641,0.998543,72384.41,2861.0688,81712.7,1864.7415,34.87049,,,,,,,,,,8.011939e-05,,6.571642e-05,0.00020627052,19258.586,0.16641575,234.08301,,,,-1.4566467e-05
2178,2024-06-20 00:00:00+03:00,0.03076601,0.027508471,1174.8535,0.5794687,93004.484,799.1831,101293.375,51.370422,11.344589,6.58941e-05,1.3797836,4.5346518e-05,0.3120286,,,,,,7.096118e-05,1.1176095e-05,6.331793e-05,0.00018272457,16707.594,0.15761535,231.49219,-3.93957e-05,0.72127104,-2.6884321e-05,-1.0285049e-05
2179,2024-06-21 00:00:00+03:00,-0.726351,0.026779737,1685.4458,0.11718835,54969.72,5408.5923,62163.4,4423.05,7.9713516,5.3908938e-05,1.1232457,1.9755902e-05,0.081087634,,,,,,7.78215e-05,1.1536151e-05,6.638998e-05,0.00019266325,16706.062,0.16212913,234.26996,8.524569e-05,0.32551283,2.9064282e-05,4.920933e-06
2180,2024-06-22 00:00:00+03:00,-0.7983719,,,0.99642015,49489.89,5875.2627,56366.2,4875.2627,19.44806,,,,,,,,,,9.485867e-05,,6.1792474e-05,0.00018076014,16693.754,0.14573881,234.76129,,,,-6.1229666e-06
2181,2024-06-23 00:00:00+03:00,-0.5563564,0.029629715,1412.1571,1.0,80858.05,1869.1096,91182.58,872.84814,60.93537,0.00010040025,1.4302672,9.689423e-05,0.15669061,,,,,,8.2495266e-05,,5.5620454e-05,0.00020545704,19253.262,0.16694376,236.3021,0.0011068804,0.4649028,0.0005091922,0.00010079766
2182,2024-06-24 00:00:00+03:00,-0.21765685,0.03177026,1517.1992,0.9246391,89051.61,1172.4624,98924.66,256.8737,16.630285,6.206602e-05,0.99210703,1.7704237e-05,0.1512503,,,,,,7.15411e-05,7.530104e-06,6.474706e-05,0.00020017411,16705.617,0.14674482,234.90613,0.00025367865,0.27879623,7.2282244e-05,-1.566418e-06
2183,2024-06-25 00:00:00+03:00,-0.12599705,0.028775323,1593.802,0.08191984,83733.72,1827.1937,89988.01,1170.4698,2.9549842,8.1103055e-05,1.0101758,3.9126855e-05,0.083116375,1832.0483,3000.2302,0.040604323,1864.6444,6.2828603,8.84093e-05,2.4586998e-05,6.3822314e-05,0.00020034716,16711.451,0.15315792,232.31773,0.00013362226,0.33759725,2.9275201e-05,-5.1301186e-07
2184,2024-06-26 00:00:00+03:00,-0.7398838,0.029844847,1508.1693,0.078543626,83659.62,1766.6383,92300.38,898.81433,4.1992316,0.0001021458,0.97004175,5.544624e-05,0.06169959,1894.1282,2999.982,0.014042302,1931.3424,7.0179844,8.332987e-05,2.0053725e-05,6.327614e-05,0.00019260883,15567.763,0.15416044,232.44525,0.00030313688,0.34780774,0.00010446817,1.9735762e-05
2185,2024-06-27 00:00:00+03:00,-0.8226733,0.027518997,1662.9204,0.17291947,76777.03,2490.7275,85676.86,1553.723,6.752521,6.760268e-05,1.10395,3.320788e-05,0.10027636,,,,,,8.228567e-05,1.8646286e-05,6.367282e-05,0.00019380377,16702.742,0.15519276,234.90933,2.2069784e-05,0.42930067,1.1694081e-05,2.1471647e-06
2186,2024-06-28 00:00:00+03:00,-0.73973143,0.031290684,2850.7185,0.25328317,56858.25,5075.725,64097.664,4100.9097,7.795618,0.00014468768,0.9927162,9.560666e-05,0.18207416,,,,,,8.692509e-05,2.3497503e-05,6.335612e-05,0.00020414527,16699.543,0.15435967,235.50449,0.00029459564,0.6204201,0.00015199464,3.7247177e-05
2187,2024-06-29 00:00:00+03:00,-0.9194916,0.03131297,1079.4034,0.31443724,82847.945,1811.5978,91558.99,959.8173,6.315591,6.1171224e-05,1.4205749,2.8216164e-05,0.23430984,,,,,,7.524709e-05,1.7352422e-05,6.055479e-05,0.0001561189,16707.75,0.15256076,235.87434,-0.000100944504,0.44736546,-5.4214997e-05,-2.22569e-05
2188,2024-06-30 00:00:00+03:00,1.1144987,0.030153954,2075.966,0.22018549,72919.52,2878.8223,81834.12,1887.9496,2.8374503,0.00014415242,1.0529044,0.00010537672,0.11172275,,,,,,8.673712e-05,2.6504302e-05,6.0232822e-05,0.00020249859,14421.827,0.14399076,234.93503,-0.00011055934,0.38458553,-4.2544052e-05,-4.2688975e-05
2189,2024-07-01 00:00:00+03:00,-0.31928056,0.02993076,1538.9156,0.9959339,88960.98,1085.9097,99228.26,137.13612,26.071877,,,,,,,,,,6.9620146e-05,,6.258147e-05,0.00018091858,16694.152,0.14874943,233.49883,,,,-4.7615074e-05
2190,2024-07-02 00:00:00+03:00,-0.70633376,0.03193921,1384.0608,1.0,57398.93,4664.617,65077.598,3664.617,52.564644,,,,,,,,,,8.669749e-05,,5.726937e-05,0.00017760629,19441.023,0.15774333,236.6212,,,,-4.3729542e-05
2191,2024-07-03 00:00:00+03:00,-0.9535935,0.02918177,1404.3406,0.51004374,81966.625,1746.4238,91800.28,795.9915,10.671998,5.671199e-06,1.2405543,-4.659121e-05,0.2574798,,,,,,7.231519e-05,8.7054395e-06,6.761011e-05,0.00019114299,19246.545,0.15560639,235.97984,0.00026193284,0.38553637,7.5100965e-05,5.198237e-06
2192,2024-07-04 00:00:00+03:00,-1.0611616,0.025687933,1411.9307,0.33530504,84313.41,1554.727,93798.42,645.99744,9.3519,5.9708367e-05,1.0206807,1.0761673e-05,0.0554827,,,,,,8.058411e-05,7.578826e-06,7.332962e-05,0.00016844775,19650.465,0.16530046,236.37946,-7.649304e-05,0.45910084,-3.3372333e-05,-3.2534896e-05
2193,2024-07-05 00:00:00+03:00,-0.31814092,0.025131296,1297.0459,0.6635624,74295.43,2584.7053,83615.46,1625.093,12.37735,4.053911e-05,1.1937404,3.0383246e-06,0.24036624,,,,,,8.69305e-05,1.1792376e-05,7.706981e-05,0.00023148117,24238.887,0.18176708,235.92627,0.00018542632,0.5751688,9.690841e-05,1.8171608e-05
2194,2024-07-06 00:00:00+03:00,-0.44442844,0.027422424,1384.6058,0.08377717,43022.59,7046.353,49075.39,6046.353,5.077213,4.356665e-05,0.93731,-7.827635e-06,0.08477732,,,,,,8.686438e-05,1.7705006e-05,6.9159374e-05,0.00020145398,16697.66,0.16430973,233.18242,0.00025645795,0.29307884,6.847011e-05,1.16935225e-05
2195,2024-07-07 00:00:00+03:00,-0.8298391,0.026816152,1972.5007,0.8845742,51310.176,5650.0557,58215.5,4650.0557,13.509071,0.00035147148,0.78867006,0.00022786882,0.43946064,,,,,,8.55283e-05,,6.153628e-05,0.00017790933,18156.15,0.15119138,236.3713,,,,-3.1975316e-05
2196,2024-07-08 00:00:00+03:00,-0.88031495,0.028924156,1445.5969,0.5553708,73696.22,2774.6543,83075.14,1780.6472,13.315543,8.799744e-05,1.1056495,3.4429457e-05,0.31384254,,,,,,7.846491e-05,1.6239941e-05,6.170846e-05,0.00019195405,19282.328,0.15536627,235.68842,0.00043799484,0.5304495,0.00015794084,9.589186e-06
2197,2024-07-09 00:00:00+03:00,-0.57322687,0.029715126,1817.4132,0.045881625,69899.445,3507.3848,78496.74,2533.2092,7.837733,8.5398715e-05,0.91820115,2.5436866e-05,0.035039797,1895.6116,3000.172,0.037216622,1911.2596,2.6142778,7.942082e-05,1.3999347e-05,6.540817e-05,0.00020490917,19290.871,0.14811626,235.8326,0.0004972496,0.32306975,0.0001270894,3.807354e-06
2198,2024-07-10 00:00:00+03:00,-0.38173327,0.028182358,1723.5714,0.115760095,85806.13,1537.4524,91615.54,983.1963,3.0102115,0.00016941984,1.0315219,0.00011744804,0.11471525,1872.3314,3000.1294,0.03187885,1897.0203,4.1101313,8.556408e-05,1.9765252e-05,6.579884e-05,0.00021569798,16709.547,0.14796835,234.59808,0.00028768263,0.5626527,0.00012497735,2.8868348e-05
2199,2024-07-11 00:00:00+03:00,-0.46526095,0.031716775,3713.723,0.99982876,49040.668,6229.7637,55735.176,5229.9053,64.16074,,,,,,,,,,0.00013725966,,5.6528006e-05,0.00019987983,14606.874,0.1448948,233.18152,,,,9.064882e-06
2200,2024-07-12 00:00:00+03:00,-0.7523186,0.032933656,1466.8425,0.8241414,92157.63,868.93726,100119.84,136.34541,11.136169,3.090598e-05,1.5613914,5.822505e-06,0.2947336,,,,,,7.256454e-05,1.3238703e-05,6.2304636e-05,0.00018950424,16705.219,0.153357,234.89479,9.686001e-05,0.7457589,8.808401e-05,1.3736408e-05
2201,2024-07-13 00:00:00+03:00,-0.48242244,0.032035757,2680.0554,0.996053,75120.586,2543.2104,84514.33,1543.3889,36.15901,,,,,,,,,,8.4349624e-05,,5.652934e-05,0.0001823277,14575.8125,0.1399335,236.31152,,,,-1.5449661e-05
2202,2024-07-14 00:00:00+03:00,-0.8426382,0.03406585,1411.4177,0.06906887,84362.22,1684.2926,93551.54,784.6205,7.50078,8.394108e-05,1.1072443,4.4244654e-05,0.06440579,,,,,,7.787877e-05,1.0457473e-05,6.6439934e-05,0.00020093864,19271.629,0.14381158,235.96207,0.000107841224,0.4185235,1.65454e-05,-3.652422e-05
2203,2024-07-15 00:00:00+03:00,-0.56980956,0.030868288,1823.9143,0.80591863,63713.523,3955.3267,72121.5,2955.4333,19.975391,0.00013652367,0.8671459,7.282944e-05,0.19843054,,,,,,7.524769e-05,1.6366985e-05,6.809254e-05,0.0001584736,19274.363,0.15781967,236.08089,-1.4018278e-05,0.45372084,-1.4231384e-05,-9.893939e-06
2204,2024-07-16 00:00:00+03:00,-0.50334895,0.0391006,3632.8188,0.30305576,39516.746,7770.074,45175.03,6773.4185,5.5728464,0.00019087488,0.80003226,0.00010211824,0.2373966,,,,,,8.865814e-05,2.4406232e-05,6.468812e-05,0.00020275902,16700.809,0.14844424,232.0208,7.584778e-05,0.44321638,3.8187565e-05,-1.4338816e-05
2205,2024-07-17 00:00:00+03:00,-0.68827987,0.03536863,1286.2109,0.57557243,89134.516,1170.7422,97998.61,341.9229,8.020397,6.0007587e-05,1.416884,3.353581e-05,0.31193423,,,,,,7.6158714e-05,1.0160293e-05,6.59864e-05,0.00019542573,16704.102,0.14674748,236.1228,-0.00012811161,0.4797647,-6.597808e-05,-7.703715e-06
2206,2024-07-18 00:00:00+03:00,-1.157787,0.03266359,1541.9185,0.4488212,85489.87,1567.1732,94273.734,716.4807,7.0977097,6.805901e-05,1.2381334,3.244925e-05,0.2971749,,,,,,7.353913e-05,9.997666e-06,6.337384e-05,0.00018893479,19281.5,0.15781024,235.97757,0.0001716508,0.50394964,7.0935e-05,1.2324976e-05
2207,2024-07-19 00:00:00+03:00,-0.7516966,0.036461554,1343.407,0.36675546,89257.41,1186.9954,97626.695,402.04166,10.2779875,4.0490082e-05,1.535186,2.3622404e-05,0.28299648,,,,,,6.994259e-05,6.8582613e-06,6.4338674e-05,0.00018786482,18952.527,0.14878833,235.4775,0.0001771955,0.50381005,5.7572295e-05,1.1855807e-06
2208,2024-07-20 00:00:00+03:00,-0.71869606,0.036112282,1508.6611,0.000295099,54052.05,5130.0693,61540.96,4130.0693,2.4769316,7.501372e-05,0.90595746,2.2421425e-05,0.0021708228,1883.384,3000.17,0.027741114,1899.1144,2.5964794,8.032032e-05,1.5193593e-05,6.5126726e-05,0.00016193639,19269.36,0.15580724,234.70935,-7.1564023e-06,0.39039707,-2.574252e-06,-1.784077e-05
2209,2024-07-21 00:00:00+03:00,-0.50677806,0.035706136,1661.5464,0.2415888,81737.95,1877.116,89760.266,1082.939,8.047891,6.5312604e-05,1.1049162,2.0907637e-05,0.15316373,1834.1271,3000.0159,0.057810582,1870.4677,7.0921497,7.946187e-05,1.4470215e-05,6.631059e-05,0.00020781197,19263.658,0.1570492,234.27324,0.00016792047,0.49839336,7.118396e-05,-2.0951282e-05
2210,2024-07-22 00:00:00+03:00,-0.50820154,0.034198992,1498.6418,0.120602325,53194.094,6174.1377,59045.43,5300.4087,5.3595705,0.00011457114,0.95359373,5.5222117e-05,0.11107121,,,,,,8.327492e-05,1.8443674e-05,6.5091765e-05,0.00019879121,17817.941,0.15135154,235.6129,1.5177209e-05,0.49615103,-1.892211e-06,-2.9882722e-06
2211,2024-07-23 00:00:00+03:00,-0.6315753,0.037245713,1557.1504,0.9192078,91200.74,941.08215,101081.09,28.571066,18.137949,,,,,,,,,,6.992923e-05,,6.0610495e-05,0.0001812194,16701.844,0.14857796,236.42545,,,,-2.2018688e-05
2212,2024-07-24 00:00:00+03:00,-0.41247103,0.036748834,1223.2153,0.00034730975,91666.21,853.3987,100714.62,45.092148,6.579128,4.0477764e-05,1.0263456,-1.5438853e-05,0.002472038,,,,,,8.167493e-05,1.8752537e-05,6.2922394e-05,0.00020173375,17049.316,0.147989,236.24545,2.2660632e-05,0.54884094,5.663631e-06,-9.459602e-06
2213,2024-07-25 00:00:00+03:00,-0.9301441,0.0339508,2201.0825,0.4052481,59335.07,4604.4717,67070.29,3618.2231,14.793842,3.986313e-05,1.1879091,-9.107496e-06,0.32275733,,,,,,7.959138e-05,1.5268371e-05,6.354931e-05,0.00020817727,19262.305,0.15630731,235.9077,-5.8886646e-05,0.8596797,-6.955047e-05,-1.4130466e-05
2214,2024-07-26 00:00:00+03:00,-0.055404812,0.037595168,1822.9907,0.14150687,87503.125,1306.4448,95396.22,554.708,5.871614,7.957751e-05,1.1325881,2.8363978e-05,0.14076322,,,,,,8.0679696e-05,1.6850476e-05,6.403834e-05,0.00021782602,16700.656,0.15759274,235.53485,0.0001632102,0.5142041,7.205592e-05,-2.1566413e-05
2215,2024-07-27 00:00:00+03:00,-0.87250924,0.04163393,1996.048,0.44718152,52976.047,5858.0815,59728.316,4894.0664,6.218664,7.493346e-05,0.8843554,1.686687e-06,0.28092092,,,,,,7.8889476e-05,1.8743232e-05,6.303727e-05,0.00018850892,16702.586,0.15621403,235.78227,0.00019386575,0.28124595,5.196892e-05,1.0094345e-05
2216,2024-07-28 00:00:00+03:00,-0.57406634,0.04097257,1833.9532,1.0,58331.445,4581.0146,66108.27,3581.0144,87.0429,,,,,,,,,,0.00010462218,,5.3460226e-05,0.000168117,18172.492,0.15941039,236.20087,,,,
2217,2024-07-29 00:00:00+03:00,-0.6534469,,,0.9949794,75560.734,2566.7944,85139.875,1567.7859,16.610643,,,,,,,,,,6.352739e-05,,6.250545e-05,0.00017089793,19262.902,0.16279799,234.93304,,,,
2218,2024-07-30 00:00:00+03:00,,,,,,,,,,,,,,,,,,,,,,,,,,,,,
2219,2024-07-31 00:00:00+03:00,-0.8154225,0.043762516,1240.7234,0.0,,,,,,0.00011520852,0.8934969,3.9096263e-05,0.0,,,,,,7.1557995e-05,1.0034305e-05,6.152369e-05,0.00014976617,16698.967,0.15692036,234.58728,0.0001300525,0.3554134,4.655594e-05,8.950092e-06
2220,2024-08-01 00:00:00+03:00,-0.40983063,0.04952518,1523.278,0.19930068,49601.688,6221.367,56233.496,5239.062,5.0479565,5.6523546e-05,0.97624236,-1.5286407e-05,0.1894303,,,,,,7.527283e-05,1.5383162e-05,5.997205e-05,0.00018992301,16697.012,0.15896775,234.43637,-4.3010576e-05,0.36508682,-1.5903133e-05,-3.560121e-05
2221,2024-08-02 00:00:00+03:00,-0.6778502,0.043025803,1438.9285,0.06664216,60995.492,4476.7407,69131.95,3477.454,5.3838844,6.163261e-05,1.108003,1.6573123e-06,0.046533994,,,,,,6.949964e-05,1.0411792e-05,5.910077e-05,0.00017638324,16697.191,0.15171604,235.152,0.00018427862,0.39989075,7.2617404e-05,2.724726e-05
2222,2024-08-03 00:00:00+03:00,-0.5275187,0.044318296,1517.6604,0.13735765,55704.37,5535.3887,63372.4,4535.3887,5.20543,5.500335e-05,0.9830784,-5.3545045e-06,0.046976127,1872.2406,3000.652,0.04199982,1883.8224,2.2876093,7.356638e-05,1.2619187e-05,6.126281e-05,0.00018360732,19256.59,0.16060236,235.52371,0.00013328924,0.41987488,5.9143134e-05,-2.0719976e-06
2223,2024-08-04 00:00:00+03:00,-0.6956393,0.039976284,1584.4336,0.1324769,52369.375,5480.8325,59239.9,4511.464,7.408281,7.946888e-05,1.0331763,2.3202836e-05,0.113506384,1906.2131,3000.1147,0.02388056,1915.8175,2.1251957,7.3901465e-05,1.4790972e-05,5.922351e-05,0.00018710917,16696.215,0.15029302,235.7136,0.00024577315,0.41526312,9.046617e-05,1.2980136e-06
2224,2024-08-05 00:00:00+03:00,-0.9839085,0.039471697,1987.8759,0.78160167,69962.79,3149.6936,78895.03,2162.1477,13.545179,6.373849e-05,1.1247103,1.7323579e-05,0.2668676,,,,,,7.415027e-05,2.1412403e-05,5.6229295e-05,0.00015010453,19258.797,0.15255992,235.13173,-5.2147985e-05,0.56425464,-2.927216e-05,1.7757511e-06
2225,2024-08-06 00:00:00+03:00,-0.46469468,0.036574356,1507.5554,0.19879133,82267.42,1862.9971,90571.664,1041.3461,4.062459,0.000102141756,1.128273,5.9351692e-05,0.17041247,1834.8496,3000.0317,0.038448337,1873.4142,7.8541965,7.7225e-05,2.064441e-05,5.7032925e-05,0.00019829028,19267.773,0.15188539,234.50775,0.0004077736,0.5061961,0.000161343,1.4925691e-05
2226,2024-08-07 00:00:00+03:00,-0.71351814,0.034614943,1499.5059,0.13468476,85426.055,1543.3059,93602.48,744.6088,4.7056265,5.3521107e-05,1.1117862,4.120354e-06,0.11608605,1821.3903,3000.0825,0.033103634,1861.4457,9.856406,7.844363e-05,2.2071177e-05,5.672763e-05,0.0001906779,16702.29,0.14598283,235.62653,4.2385836e-05,0.5424254,2.0406052e-05,5.12337e-07
2227,2024-08-08 00:00:00+03:00,-0.9893278,0.033842515,1738.305,0.4196738,48433.63,6296.3457,55031.816,5306.2207,5.6324425,8.687844e-05,0.8551932,1.4638165e-05,0.31762964,,,,,,8.1224294e-05,2.3467557e-05,5.698398e-05,0.00018037923,16700.562,0.1514191,234.90929,-5.982788e-05,0.36266762,-2.8096774e-05,-1.5676556e-05
2228,2024-08-09 00:00:00+03:00,-0.53079236,0.041948535,1638.8494,0.19246733,80540.69,2011.3428,89393.39,1131.2898,6.7819014,5.382768e-05,1.175554,2.9554171e-06,0.13813578,,,,,,7.043147e-05,1.4385112e-05,5.688521e-05,0.00017888116,16701.271,0.14672439,235.2141,8.765359e-05,0.46972477,3.0347293e-05,-1.556951e-05
2229,2024-08-10 00:00:00+03:00,-0.79697526,0.03850797,1144.3856,0.41631505,79561.36,2130.273,88687.07,1209.7014,6.7549305,4.6247456e-05,1.3198175,-3.9679162e-07,0.26482344,,,,,,6.6301276e-05,9.574267e-06,5.473817e-05,0.00018396087,15562.078,0.14144447,235.81467,0.00016938288,0.50492626,5.6007266e-05,8.890982e-06
2230,2024-08-11 00:00:00+03:00,-0.3867095,0.035567302,1311.4305,0.48896748,87100.26,1322.375,96357.09,453.85785,7.1579895,-2.8475235e-05,1.3079559,-8.901034e-05,0.32902014,,,,,,7.615147e-05,1.6010148e-05,6.000431e-05,0.00021298375,21956.541,0.16544163,234.5327,0.000131723,0.66144603,8.20615e-05,1.3839998e-05
2231,2024-08-12 00:00:00+03:00,-0.5919606,0.034014486,1118.4564,0.4365074,92665.7,787.64307,100729.31,48.657272,7.086584,9.481059e-06,1.537621,-4.0798986e-05,0.35992485,,,,,,6.74745e-05,1.09058665e-05,5.5989607e-05,0.00017870813,16700.232,0.14866722,234.78491,-8.298278e-05,0.5106788,-4.6808287e-05,5.842186e-06
2232,2024-08-13 00:00:00+03:00,-0.76439375,0.03664384,1245.8286,0.11538296,81781.31,1932.0327,90282.84,1087.3171,5.2174864,5.7549005e-05,1.0671623,6.3906214e-06,0.07312569,1883.732,2999.9956,0.02100542,1922.9166,7.902461,7.332623e-05,1.7378245e-05,5.5562312e-05,0.00017993918,16705.648,0.14551368,235.31726,3.2639527e-05,0.45688143,1.0248701e-05,-1.8220121e-06
2233,2024-08-14 00:00:00+03:00,-0.5810596,0.033426367,1713.2407,0.16906917,64401.863,4285.1865,72463.56,3316.9517,4.9116673,8.163546e-05,1.044735,3.5351797e-05,0.10955557,,,,,,7.765136e-05,2.0671596e-05,5.6693505e-05,0.0001833635,16708.842,0.13747886,235.27368,9.871698e-05,0.34148914,2.8690667e-05,-1.2176141e-05
2234,2024-08-15 00:00:00+03:00,-0.2894692,0.035320014,1802.2006,0.05288995,38214.793,8014.865,43756.19,7014.8647,6.821128,0.00011926725,0.97711974,6.486349e-05,0.052843954,,,,,,8.1832186e-05,2.8264298e-05,5.3567885e-05,0.00019578464,14426.931,0.13571572,234.85384,-1.7094972e-05,0.52854156,-1.6927526e-05,-5.867963e-05
2235,2024-08-16 00:00:00+03:00,-1.6141717,0.03360171,2546.3835,0.6422014,72959.28,2878.007,81670.63,1916.7849,7.704578,5.7331803e-05,1.1886207,2.4409337e-05,0.19109978,,,,,,6.723169e-05,1.6261736e-05,5.3076423e-05,0.00014256088,14424.884,0.1262572,235.3693,-0.00017339503,0.45618337,-6.633281e-05,-3.647052e-05
2236,2024-08-17 00:00:00+03:00,-0.5406503,0.033710435,1888.7839,0.6646513,73318.27,2851.0947,82314.5,1883.6987,9.837195,7.1348026e-05,1.2283902,4.154636e-05,0.20957078,,,,,,6.9493275e-05,1.7352542e-05,5.387648e-05,0.00018209367,14423.744,0.12945153,234.29654,-0.00013903204,0.449809,-6.986052e-05,-3.4417313e-05
2237,2024-08-18 00:00:00+03:00,-0.5098462,0.03732557,2047.4172,0.062708266,83193.914,1782.3651,91649.664,923.2411,5.2253976,0.000119411474,1.0828292,8.122843e-05,0.058098186,1866.0645,3007.0073,0.074412405,1882.2654,2.979161,7.51008e-05,2.0261032e-05,5.4839766e-05,0.0001842357,16698.191,0.13291386,235.83734,7.554828e-05,0.42093223,2.6367306e-05,2.2924014e-06
2238,2024-08-19 00:00:00+03:00,-0.35558933,0.053093217,1717.9388,0.46508658,30837.764,9499.514,35540.758,8499.514,5.9929605,9.3163246e-05,0.7774391,2.043615e-05,0.35497832,,,,,,7.375452e-05,1.4937071e-05,5.5912722e-05,0.00017735403,14424.455,0.14009312,234.98419,-4.7632668e-05,0.30651814,-1.3741768e-05,-1.600163e-05
2239,2024-08-20 00:00:00+03:00,-0.35001957,0.048174083,1047.5878,0.11831792,89131.695,1181.5259,98071.23,339.7897,7.5390043,0.00011359707,1.0550544,6.4174645e-05,0.1063168,1884.6377,3000.1477,0.04615404,1913.0214,5.2577033,8.039005e-05,2.5317508e-05,5.5072793e-05,0.00020800854,14426.895,0.14362845,233.87878,0.00035717717,0.37246317,9.5628944e-05,5.6374047e-06
2240,2024-08-21 00:00:00+03:00,,0.036055993,2416.3337,0.8551765,85436.21,1474.5115,94835.67,561.51044,19.39042,0.000127268,1.1256711,9.0863716e-05,0.30923018,,,,,,7.32765e-05,2.0901887e-05,5.1750503e-05,0.00015437433,14421.037,0.13545479,234.51717,3.3940883e-05,0.7426076,2.4728519e-05,-9.754753e-06
2241,2024-08-22 00:00:00+03:00,-0.44075474,0.030084822,1745.3757,0.6528374,71324.195,3008.9688,80422.28,2037.6243,9.407995,6.248342e-05,1.3278277,2.4929413e-05,0.36070794,,,,,,7.655449e-05,1.9142015e-05,5.7296536e-05,0.00021650764,14423.354,0.16608702,234.3924,2.944045e-05,0.83234286,2.6764948e-05,2.4342771e-05
2242,2024-08-23 00:00:00+03:00,-0.7715312,0.033509467,2029.0172,0.8292603,56685.95,4869.754,64268.44,3869.754,8.121347,-2.4817744e-05,0.9967444,-7.516267e-05,0.4592691,,,,,,8.620087e-05,2.8432161e-05,5.1052863e-05,0.00016416889,16697.53,0.13045157,233.85309,,,,4.5574902e-06
2243,2024-08-24 00:00:00+03:00,-0.39095253,0.036094606,1606.6091,0.0393509,80207.15,2117.2947,89259.445,1194.4519,5.5351896,8.1958104e-05,1.2247484,4.615698e-05,0.013456131,1880.4031,3000.045,0.028824989,1894.4529,2.6957037,7.3883e-05,2.1167565e-05,5.2715426e-05,0.00018334061,12131.633,0.12689328,234.12625,-8.057279e-05,0.41701657,-3.3402022e-05,-2.3937902e-05
2244,2024-08-25 00:00:00+03:00,-0.51663315,0.04090462,1978.8779,0.11607817,83447.53,1752.0039,91642.7,921.4585,6.7371235,0.0001761163,0.92257494,0.000109795525,0.054103695,1914.1091,3000.248,0.025111543,1932.6108,3.076239,7.8927646e-05,2.6335916e-05,5.2591848e-05,0.00019144855,14423.705,0.13073874,233.49788,8.771967e-06,0.37653744,-4.3005057e-06,-1.8257619e-05
2245,2024-08-26 00:00:00+03:00,-0.62175477,,,0.60850734,55579.39,5310.8833,62888.9,4315.1924,10.919529,6.64224e-05,1.0114836,1.41744e-05,0.3657133,,,,,,7.340162e-05,2.4830526e-05,4.788171e-05,0.0001799242,14430.207,0.1291435,233.7944,7.0269452e-06,0.49537277,1.41673045e-05,1.5225987e-06
2246,2024-08-27 00:00:00+03:00,-0.5222961,0.042570334,1140.1897,0.14586602,81937.46,1958.3885,88310.45,1326.6414,1.8918991,7.2097675e-05,1.0152221,2.7660411e-05,0.14593929,1874.7332,3000.0742,0.026140371,1892.5131,3.3181713,7.378879e-05,1.8572904e-05,5.521588e-05,0.00020876623,16716.156,0.14220214,231.84695,0.0008443313,0.35502863,0.0002577961,2.025677e-05
2247,2024-08-28 00:00:00+03:00,-0.6286952,0.041216277,1065.372,0.08366777,82208.734,1985.513,89138.414,1275.2601,2.293167,0.000102650854,0.9085221,4.7317575e-05,0.0861165,1903.0989,3000.0002,0.012605978,1917.4441,2.677642,7.690131e-05,2.2293792e-05,5.4607524e-05,0.00019246714,14432.209,0.13151522,232.68985,0.00030874746,0.34210443,9.936988e-05,3.32228e-05
2248,2024-08-29 00:00:00+03:00,-0.6857534,0.038189635,1675.8943,0.037214004,93608.12,798.8935,101075.44,91.37729,4.464935,0.00012061489,0.9005452,6.26538e-05,0.031366758,1900.2058,3000.0051,0.014400358,1920.5608,3.7909122,7.037691e-05,1.6252654e-05,5.412425e-05,0.00018327546,14429.42,0.13423946,233.46536,2.5494e-05,0.41558874,1.0743682e-05,-1.4060834e-07
2249,2024-08-30 00:00:00+03:00,-0.56693417,0.035808753,3757.3096,0.1300697,64541.33,4179.9536,72317.72,3221.7563,5.8022175,0.00016814354,0.88652205,0.000101628335,0.12275833,1915.975,3000.006,0.016386418,1931.9431,2.6302056,7.513339e-05,2.3783727e-05,5.140779e-05,0.00018145326,14427.979,0.12843893,232.91957,-3.539859e-05,0.5162493,-1.8864695e-05,-1.9947569e-05
2250,2024-08-31 00:00:00+03:00,-0.6393669,0.04264526,1032.9983,0.29152632,87987.3,1383.4622,96523.47,570.3698,7.397365,3.4370805e-05,1.1021526,-8.9914365e-06,0.15208772,,,,,,6.176767e-05,1.1584796e-05,5.0248287e-05,0.0001759851,16713.41,0.13213882,233.03961,0.00015935415,0.46605623,5.0363844e-05,-2.158268e-05
2251,2024-09-01 00:00:00+03:00,-1.2763551,0.039110035,1263.3198,0.5564787,80656.81,2110.7976,89468.48,1230.4602,12.258285,2.6063572e-05,1.1502597,-1.0249704e-05,0.18717982,,,,,,5.9301055e-05,8.734783e-06,5.055032e-05,0.00014037457,19291.191,0.13547581,232.28885,0.00010246879,0.47636452,4.9155165e-05,4.061158e-06
2252,2024-09-02 00:00:00+03:00,-0.3312132,0.037188105,1393.7913,0.14237046,65861.66,3937.1016,74466.25,2945.8293,5.423196,6.8758265e-05,0.9466332,1.6903487e-05,0.1363621,1912.9651,3000.1968,0.03276188,1924.6888,2.2626545,7.332675e-05,2.4606703e-05,4.873298e-05,0.00018125764,19282.465,0.13299024,231.4476,0.00064959377,0.27617225,0.00013975421,2.9744893e-05
2253,2024-09-03 00:00:00+03:00,-0.7435806,,,0.60231483,34223.59,8782.711,39384.508,7782.711,6.349782,7.8546844e-05,0.47959948,-8.273335e-06,0.45312816,,,,,,8.2263236e-05,2.8406022e-05,4.736413e-05,0.00015920412,16711.652,0.12410179,232.00293,,,,-1.9148825e-05
2254,2024-09-04 00:00:00+03:00,-0.57146263,0.04560018,2102.0188,0.30868557,47442.527,6745.197,53590.746,5779.1064,5.0732083,0.0001492585,0.7455207,6.430152e-05,0.26047373,1903.0376,3000.939,0.045989677,1915.8684,2.425694,7.2643306e-05,2.7730814e-05,4.8168324e-05,0.00016598684,16713.129,0.12835805,231.90285,-6.2893785e-05,0.26780272,-1.09463945e-05,-1.38177475e-05
2255,2024-09-05 00:00:00+03:00,-0.49822754,0.039497547,1931.2758,0.11525445,81916.31,2030.1404,91510.055,1064.7244,4.573671,0.00012816698,1.0957592,9.732277e-05,0.08327807,1888.1969,3005.526,0.09911763,1899.0571,2.2703362,7.2787545e-05,2.7010563e-05,4.5776986e-05,0.00018069238,16715.938,0.12408983,231.28845,-5.3199637e-05,0.7392711,-3.9513667e-05,-2.4442288e-05
2256,2024-09-06 00:00:00+03:00,-0.87354755,0.035964776,1560.9657,0.0,,,,,,0.00013535528,1.0227265,9.8464865e-05,0.0,1899.963,3000.505,0.043763407,1916.4741,3.3171504,6.8492e-05,2.2411388e-05,4.6080615e-05,0.0001480159,16714.51,0.12750961,230.92531,0.0002011517,0.6430886,0.00012881553,5.915975e-05
2257,2024-09-07 00:00:00+03:00,-0.16175301,0.041217856,1457.367,0.14188313,77652.32,2461.1355,84863.31,1686.7646,1.6060293,0.00011444796,1.1120949,8.317067e-05,0.14326872,1904.9937,3000.0664,0.02904446,1923.544,3.9076738,6.964907e-05,2.1044347e-05,4.860472e-05,0.00019283974,16712.426,0.13073985,231.04494,0.00025234156,0.6577347,0.0001641241,4.908345e-05
2258,2024-09-08 00:00:00+03:00,-0.3148826,0.039188743,1294.3461,0.092813775,79565.41,2215.3774,88952.5,1246.7828,3.7222652,0.00014131088,1.0791669,0.00010723664,0.09203835,1884.9166,3000.145,0.056495935,1902.8599,3.5524795,7.259785e-05,2.4100109e-05,4.8497746e-05,0.00018236012,16617.797,0.12927073,232.5722,0.00018366217,0.45950222,7.636714e-05,2.215402e-05
2259,2024-09-09 00:00:00+03:00,-0.6468576,,,0.5319242,33653.965,8819.446,38622.188,7819.4463,6.5513506,9.6890784e-05,0.7306665,2.1724396e-05,0.3550204,,,,,,6.859796e-05,1.9483396e-05,4.7105546e-05,0.00015797117,14421.695,0.12760186,231.53488,-0.00013729448,0.4656462,-6.858281e-05,-2.4584544e-05
2260,2024-09-10 00:00:00+03:00,-0.6168051,0.031049404,2180.2456,0.99942696,66102.73,3524.6897,74743.805,2524.69,24.368769,,,,,,,,,,0.0001358643,,4.1985568e-05,0.00016850984,16691.217,0.1291191,231.92798,,,,-2.6745483e-05
2261,2024-09-11 00:00:00+03:00,-0.67573166,0.03522191,1392.4581,0.40502435,81383.14,1892.9413,91044.836,938.2518,6.9351845,6.386242e-05,1.2779291,4.0068207e-05,0.3474607,,,,,,6.44809e-05,1.6374126e-05,4.8186008e-05,0.00018180124,16690.666,0.13151792,231.96893,0.0003630262,0.33325583,0.00011427428,7.59825e-06
2262,2024-09-12 00:00:00+03:00,-0.6461051,0.030000817,1701.4664,0.9932622,68727.375,3303.3694,77714.09,2303.3694,27.29915,,,,,,,,,,8.773887e-05,,4.838216e-05,0.00019022159,16697.518,0.13155638,231.44759,,,,-2.4499643e-05
2263,2024-09-13 00:00:00+03:00,-0.38184196,0.034491695,2024.9099,0.9128928,80393.45,2074.3918,88750.02,1212.537,12.231819,7.896424e-05,1.132761,4.6925008e-05,0.4757235,,,,,,7.213892e-05,1.9139145e-05,4.9250135e-05,0.00018421281,16699.613,0.13285223,231.13412,,,,-1.5289277e-05
2264,2024-09-14 00:00:00+03:00,-0.5203975,0.034941398,1961.1736,0.9949579,85411.16,1518.3987,95143.56,587.7212,46.83967,,,,,,,,,,9.056371e-05,,4.238893e-05,0.00017154939,16701.527,0.13005696,229.92184,,,,-2.3374785e-05
2265,2024-09-15 00:00:00+03:00,-0.6101562,0.03342587,2280.442,0.95308024,54116.555,5269.9326,61423.168,4269.9326,25.678837,0.00020562588,0.68015796,9.390158e-05,0.5009007,,,,,,6.612892e-05,,4.2365602e-05,0.00014752022,16706.46,0.12124114,229.07599,,,,-2.0014555e-05
2266,2024-09-16 00:00:00+03:00,0.113008775,0.045007937,1020.83044,0.23314795,49360.383,6093.71,56211.402,5093.71,3.1329973,0.0002159322,0.8555529,0.00014743535,0.14347343,1881.4913,3002.0432,0.1090894,1895.4626,2.836071,7.113213e-05,2.6272608e-05,4.4536973e-05,0.00017465778,16710.5,0.12280113,229.29814,0.00058012916,0.33219296,0.00016891514,4.4464687e-06
2267,2024-09-17 00:00:00+03:00,-0.656088,0.032974068,1097.7467,0.0,,,,,,0.000116875985,0.9777299,7.954268e-05,0.0,1905.8595,2999.9958,0.020163415,1924.7063,3.8659484,7.492842e-05,2.7415517e-05,4.751291e-05,0.00016140266,16719.385,0.12658612,229.37914,0.00021761966,0.50335985,0.00010904105,3.0074316e-05
2268,2024-09-18 00:00:00+03:00,-0.3273728,0.037004866,1179.3363,0.12663761,73076.11,2972.081,82548.164,1972.0813,2.1838624,0.00012250012,0.96241426,8.32637e-05,0.1297299,1911.2681,3000.0044,0.016621467,1928.823,3.4771273,7.499634e-05,2.8758004e-05,4.6238325e-05,0.00019372682,16721.965,0.13604319,228.85378,0.00017393599,0.34331483,6.061686e-05,-9.566749e-06
2269,2024-09-19 00:00:00+03:00,-0.57261175,0.039026078,1337.0629,0.073586434,86714.766,1523.1698,94419.164,792.42145,3.3449025,0.00012320474,0.9780034,8.482578e-05,0.0786156,1906.0488,3000.0151,0.015532278,1922.6038,3.312224,6.474454e-05,2.0988567e-05,4.3755972e-05,0.00016800244,14434.152,0.1297543,229.31415,0.00040728433,0.3309992,0.00012687847,2.0395626e-05
2270,2024-09-20 00:00:00+03:00,-0.51185817,0.041292317,1191.6959,0.08578808,89818.24,1210.9719,100199.89,261.94586,7.2230053,7.986445e-05,0.903085,3.7992315e-05,0.037429225,1887.9294,3001.3699,0.049134202,1903.8092,3.3605185,7.72409e-05,3.469157e-05,4.2549327e-05,0.00017923536,13060.719,0.12531832,228.84311,0.0006234213,0.2562651,0.00015893776,2.7676922e-05
2271,2024-09-21 00:00:00+03:00,-0.31808507,0.036165703,1179.7417,0.043361153,91277.85,1035.4543,100847.04,172.5301,4.684977,0.000105507774,1.0039794,7.08853e-05,0.04670272,1931.8203,2999.975,0.0107624335,1947.2358,3.42707,6.058275e-05,1.9573614e-05,4.100914e-05,0.0001641706,13059.408,0.12536475,228.48343,0.00074563245,0.27344787,0.00018802614,4.5938985e-05
2272,2024-09-22 00:00:00+03:00,-1.0193384,0.035383247,985.7389,0.55881816,91333.66,1011.1737,96877.42,498.1623,8.930073,2.9564775e-05,1.1228762,-4.003973e-06,0.15557379,1913.8276,3000.0056,0.052263893,1943.7551,6.07181,6.388234e-05,2.1202068e-05,4.338996e-05,0.00016074399,16711.803,0.13370883,227.93867,0.00032592844,0.46898702,0.00014089225,-6.7456126e-06
2273,2024-09-23 00:00:00+03:00,-0.2520746,0.039402008,1089.8049,0.25579178,89452.91,1104.7566,98728.875,238.01598,5.664445,0.00012214444,1.0418191,9.5439515e-05,0.20196852,1913.4044,3000.4277,0.07945559,1923.1064,2.3494172,7.031078e-05,2.7014961e-05,4.326328e-05,0.00019778355,16701.164,0.13862047,226.97433,0.00021689976,0.48372954,0.00010395776,-1.465999e-06
2274,2024-09-24 00:00:00+03:00,0.1982746,,,0.34294888,46047.426,6392.08,52512.527,5392.08,3.7134488,0.00017200616,0.7038803,8.566536e-05,0.3406189,,,,,,9.209663e-05,4.9218466e-05,4.3423996e-05,0.00020679316,14421.449,0.13501632,228.4176,,,,3.3422275e-05
2275,2024-09-25 00:00:00+03:00,-0.4998872,0.03654751,1306.9438,0.6494528,86451.8,1319.8132,96305.375,398.73718,6.876874,1.9946296e-05,1.3664737,-9.68657e-06,0.2783562,,,,,,6.586781e-05,2.2791712e-05,4.262723e-05,0.00018434842,19249.807,0.14069976,228.85767,0.0002296934,0.61108625,0.0001426106,2.5815452e-06
2276,2024-09-26 00:00:00+03:00,-0.19523339,0.035057038,2102.8699,0.90875524,48628.992,5867.3887,55385.04,4867.388,13.61471,2.239463e-05,0.8748231,-1.6861231e-05,0.37183142,,,,,,6.9551366e-05,,4.1976306e-05,0.00015639685,17964.11,0.13979009,227.22377,,,,3.4389132e-06
2277,2024-09-27 00:00:00+03:00,-0.26976562,0.03298014,1038.6082,0.77139103,83218.42,1541.0762,93472.75,559.6266,14.583069,2.744416e-05,1.1972489,7.121837e-07,0.18268804,1901.9705,3000.0154,0.021411393,1916.3959,2.7698042,6.944242e-05,1.7387549e-05,4.09626e-05,0.00018230267,19224.988,0.14302915,228.43188,8.284397e-05,0.499907,4.0747553e-05,4.2680287e-05
2278,2024-09-28 00:00:00+03:00,-0.30462506,0.034034044,1038.1206,0.7520621,82778.0,1666.416,93070.58,682.4569,12.000324,2.9996354e-05,1.3541286,1.4613387e-05,0.43724093,,,,,,6.9936876e-05,3.183115e-05,4.2101776e-05,0.00021372727,19245.11,0.1498264,228.45203,5.3978605e-05,0.58814275,3.1619853e-05,7.780328e-06
2279,2024-09-29 00:00:00+03:00,-0.25508946,0.033786453,553.43866,0.3355448,85780.2,1498.7278,95360.57,611.6756,5.9173746,2.7243874e-05,1.1542602,9.505038e-06,0.3050114,,,,,,6.04316e-05,1.686065e-05,4.3840028e-05,0.00018307165,19284.562,0.15007845,228.78923,0.00018566071,0.5997472,0.00012317674,1.0002475e-05
2280,2024-09-30 00:00:00+03:00,-0.2093853,0.03583595,537.52576,0.11665784,80821.86,2045.8685,89857.336,1158.2463,4.917975,3.1469965e-05,0.9034705,-1.4400299e-06,0.09550601,,,,,,6.1324616e-05,1.4520992e-05,4.6803623e-05,0.00018070774,19302.281,0.1470002,228.5939,0.0003915902,0.32336244,0.00012739487,-4.1025774e-07
2281,2024-10-01 00:00:00+03:00,-0.15291989,0.035207152,1307.6713,0.98090756,60843.99,4265.2935,69110.75,3265.2935,20.38331,,,,,,,,,,8.06551e-05,,4.3445234e-05,0.00015395935,19283.459,0.14086133,228.49054,,,,
2282,2024-10-02 00:00:00+03:00,-0.092494845,0.03714671,891.862,0.99528396,85057.5,1486.4585,95153.98,546.44336,51.826454,,,,,,,,,,6.849586e-05,,3.855964e-05,0.00016645025,20705.871,0.13886327,227.94635,,,,4.0253453e-05
2283,2024-10-03 00:00:00+03:00,-1.5185517,0.02831657,1081.1721,0.9965358,67660.72,3325.249,76748.34,2325.249,23.72796,,,,,,,,,,7.9585254e-05,,3.4422337e-05,0.00013762683,19665.348,0.14403164,227.72702,,,,
2284,2024-10-04 00:00:00+03:00,-0.22719282,0.03280719,504.847,0.6854118,85497.64,1484.4136,96150.45,507.62915,11.357277,5.050792e-05,1.1544523,3.307707e-05,0.4106367,,,,,,6.200297e-05,3.183526e-05,3.667979e-05,0.0001736648,19277.21,0.13500068,226.49068,,,,3.4905524e-06
2285,2024-10-05 00:00:00+03:00,-0.22520426,0.033860154,732.44214,0.07969184,93583.97,753.1341,101077.51,77.908325,4.3959956,6.9389265e-05,1.0386143,4.3926997e-05,0.07617785,1895.9431,2999.9922,0.010452006,1913.0239,3.7329388,6.033327e-05,2.4506564e-05,3.5826706e-05,0.00016296453,16709.273,0.12909873,226.41124,,,,2.8073277e-05
2286,2024-10-06 00:00:00+03:00,-0.1497581,0.036104843,753.6377,0.00173683,46553.69,6222.664,53204.926,5222.6636,3.3913846,4.813992e-05,0.99374807,1.8758172e-05,0.034781385,1913.7751,2999.9917,0.0120994225,1930.7698,3.645688,5.7589496e-05,1.8633029e-05,3.8956463e-05,0.00016656509,19268.633,0.12864028,227.14206,,,,
2287,2024-10-07 00:00:00+03:00,-0.07308276,0.03269019,1017.117,0.18401173,58213.39,4712.972,66132.22,3712.9722,7.5481014,0.00012705878,0.9518347,8.879216e-05,0.083096966,1893.3348,3000.017,0.02249882,1906.3306,2.915859,6.747509e-05,2.7440838e-05,4.0012124e-05,0.00018636134,19263.336,0.12829721,226.51727,,,,
2288,2024-10-08 00:00:00+03:00,-0.65579736,0.03707397,1759.341,0.05228523,48114.254,5988.775,54802.438,4988.7744,13.327799,0.000101948994,1.1216478,8.78911e-05,0.0319517,,,,,,7.0192145e-05,3.0981628e-05,3.921052e-05,0.00016096664,16360.189,0.12251866,225.96797,,,,
2289,2024-10-09 00:00:00+03:00,-0.48355046,0.03383466,2510.2317,1.0,57289.527,4596.054,64936.26,3596.0542,152.55283,,,,,,,,,,,,,,,0.12536377,225.3771,,,,
2290,2024-10-10 00:00:00+03:00,-0.33987594,,,0.22221328,58433.266,5102.738,65873.72,4121.4165,6.933671,6.0727758e-05,0.94538623,3.632801e-05,0.20291805,,,,,,8.672825e-05,5.168465e-05,3.561526e-05,0.0001789146,14413.006,0.121410936,225.37332,,,,
2291,2024-10-11 00:00:00+03:00,-0.18877853,0.03348052,510.82797,0.8915263,69001.58,3272.2378,78143.67,2283.5635,13.291018,9.70662e-05,1.3726059,0.00010862653,0.40839404,,,,,,5.8110316e-05,1.7877464e-05,3.7750273e-05,0.00017316313,19249.896,0.13674408,226.5571,,,,
2292,2024-10-12 00:00:00+03:00,-0.17734028,0.034226492,910.8864,0.45211816,83248.25,1728.728,93750.49,748.5375,8.241118,5.551744e-05,1.1532068,3.1824788e-05,0.2304,,,,,,5.67615e-05,2.002488e-05,3.638854e-05,0.00016833487,16709.574,0.13713226,225.05753,,,,
2293,2024-10-13 00:00:00+03:00,-0.061145604,,,0.92568755,52681.188,5263.7617,60069.45,4263.762,25.003494,,,,,,,,,,8.0573576e-05,,3.575572e-05,0.00013905985,19248.059,0.14410023,225.97162,,,,
2294,2024-10-14 00:00:00+03:00,-0.26851273,0.033092603,641.30383,0.77006245,72594.19,2761.1836,81931.23,1788.1599,14.730143,6.863582e-05,1.3304776,6.38809e-05,0.2880214,,,,,,6.143554e-05,2.6019552e-05,3.726513e-05,0.00018893865,22133.254,0.1394197,224.42859,,,,
2295,2024-10-15 00:00:00+03:00,-0.14034216,0.03414432,631.80237,0.6453666,83205.016,1704.4092,93908.64,718.2634,13.439228,1.9367653e-06,1.1757553,-1.7093209e-05,0.35503194,,,,,,5.092095e-05,1.4532336e-05,3.9020735e-05,0.00017355254,22172.848,0.13504028,225.09427,,,,
2296,2024-10-16 00:00:00+03:00,-0.18112554,0.038177595,551.6676,0.0,,,,,,5.403931e-05,1.0067697,3.314772e-05,0.072272725,1932.4707,2999.986,0.011945091,1949.6843,3.990974,5.96088e-05,2.227943e-05,3.7329366e-05,0.00017514243,16723.254,0.13324162,224.31372,,,,
2297,2024-10-17 00:00:00+03:00,-0.092901036,0.03719095,504.72772,0.15204445,55402.96,5180.1294,62933.37,4180.1294,3.8211915,8.2358856e-05,1.1112491,7.171023e-05,0.09605884,1924.3195,2999.9785,0.017661924,1937.3435,3.2065647,6.262216e-05,2.8445116e-05,3.4227305e-05,0.00016393617,14433.919,0.12332028,222.90881,,,,
2298,2024-10-18 00:00:00+03:00,-0.003800556,0.0361216,392.1172,0.05006292,85400.04,1589.2609,95955.22,589.261,4.136195,6.210297e-05,1.0540991,4.2207954e-05,0.05356419,1931.7728,2999.9844,0.025343243,1947.7793,3.8824997,7.619932e-05,4.5979883e-05,3.0219438e-05,0.00016801397,14431.521,0.116884574,222.21999,,,,
2299,2024-10-19 00:00:00+03:00,-0.4478504,0.031783722,666.5671,0.0,,,,,,2.8044464e-05,1.1867743,1.2965751e-05,0.0,1879.2389,3000.9868,0.14672914,1892.3823,6.205656,5.522701e-05,2.4767414e-05,3.0459596e-05,0.00014018592,14432.349,0.11757813,222.53893,,,,
2300,2024-10-20 00:00:00+03:00,0.16995806,,,0.3212911,37076.64,8111.6025,42587.83,7111.603,9.91986,0.00013072512,0.9095578,7.8864265e-05,0.24462387,,,,,,6.614455e-05,3.1943928e-05,3.291654e-05,0.00017498419,14432.732,0.117591456,221.18982,,,,
2301,2024-10-21 00:00:00+03:00,-0.46440685,0.034366824,2929.7092,0.9823457,49889.914,6042.2026,56723.07,5042.203,45.94278,,,,,,,,,,,,,,,0.113383114,220.82161,,,,
2302,2024-10-22 00:00:00+03:00,-0.19137678,0.03254409,1717.1311,0.9545988,77264.66,2489.1323,86273.42,1545.8164,32.557037,,,,,,,,,,9.819011e-05,,2.57162e-05,0.00014696449,13057.656,0.11334798,220.52528,,,,
2303,2024-10-23 00:00:00+03:00,0.2620271,0.035401117,495.89127,0.45615017,94258.83,755.69104,102225.734,48.828716,9.361282,6.1614683e-06,1.3360851,-1.5112251e-05,0.35990578,,,,,,4.9538612e-05,1.9507877e-05,3.0663083e-05,0.00015601845,19300.37,0.12622283,220.96272,,,,
2304,2024-10-24 00:00:00+03:00,-1.2332298,0.033674814,1085.3331,0.7957815,61804.47,4335.791,70069.3,3335.791,16.879005,0.00012958948,0.8183964,9.234441e-05,0.4323735,,,,,,5.7144272e-05,1.0446697e-05,2.932334e-05,0.00013097409,14434.123,0.12416407,221.09131,,,,
2305,2024-10-25 00:00:00+03:00,-0.058676332,0.03358058,536.14813,0.3697064,92214.31,930.1539,99708.68,255.3328,6.0448403,7.8651334e-05,1.254853,8.0638856e-05,0.16688032,,,,,,5.783694e-05,2.5223657e-05,3.2035292e-05,0.0001862574,14431.656,0.118937865,219.31973,,,,
2306,2024-10-26 00:00:00+03:00,-0.29465306,0.030813325,1110.8855,1.0,94522.51,683.00104,101857.984,23.061583,61.547028,,,,,,,,,,8.457021e-05,,2.6286632e-05,0.00019284419,14429.158,0.11941415,220.51889,,,,
2307,2024-10-27 00:00:00+03:00,0.023568973,0.032726243,898.95154,0.7496563,90991.984,967.4701,100580.3,111.47231,8.009037,9.459538e-05,1.2817569,0.00010473763,0.4471789,,,,,,6.951296e-05,4.415395e-05,2.508119e-05,0.00017466306,16707.809,0.11470215,219.79494,,,,
2308,2024-10-28 00:00:00+02:00,0.22490865,0.033410765,723.23047,0.5931828,65253.17,3677.8345,73991.28,2677.8347,9.754189,7.408413e-05,1.104264,5.7704237e-05,0.39622748,,,,,,5.5671917e-05,2.9988449e-05,2.2072989e-05,0.00012860596,14428.671,0.12473491,218.69897,,,,
2309,2024-10-29 00:00:00+02:00,-0.053235173,,,0.7239807,65962.984,3639.4077,74615.07,2646.6714,11.414962,-3.1908887e-05,1.0284702,-5.5939374e-05,0.49477464,,,,,,4.0034436e-05,2.5876974e-05,2.541047e-05,0.00012916417,16711.273,0.13155769,219.92189,,,,
2310,2024-10-30 00:00:00+02:00,0.14291754,0.03155752,1001.41943,0.9915135,54714.97,5237.0444,62308.195,4237.044,121.73558,,,,,,,,,,5.7907084e-05,,2.5120458e-05,0.0001195003,16351.731,0.13479081,220.02702,,,,
2311,2024-10-31 00:00:00+02:00,-0.105755635,0.031088822,1652.9233,0.9999886,55161.43,4987.1387,62594.18,3987.1387,132.26335,,,,,,,,,,,,,,,0.12640557,221.70633,,,,
2312,2024-11-01 00:00:00+02:00,0.046092726,,,0.9925194,37466.562,7773.9053,42988.59,6773.9053,70.90144,,,,,,,,,,,,,,,0.12599173,223.03683,,,,
2313,2024-11-02 00:00:00+02:00,0.13851045,0.03561397,343.83118,0.50767034,80285.69,1968.3706,91085.17,968.3705,10.169288,6.422201e-06,1.3895748,-1.5932286e-05,0.35813305,,,,,,3.3594304e-05,2.7212225e-06,3.1297208e-05,0.00014681087,19133.98,0.14229205,222.34091,,,,
2314,2024-11-03 00:00:00+02:00,-0.16158849,0.03621463,1308.529,1.0,79858.836,2065.6328,90130.39,1073.6737,90.88093,,,,,,,,,,5.4634005e-05,,2.9434575e-05,0.00014327274,16706.76,0.13266194,220.60367,,,,
2315,2024-11-04 00:00:00+02:00,-0.35865584,0.031469185,596.27795,0.002329915,57373.543,4649.3247,65717.664,3649.3242,5.1725025,-7.502584e-06,1.5873784,-2.5090088e-05,0.051952638,,,,,,4.2143827e-05,1.5227877e-05,2.6925714e-05,0.0001413567,14433.059,0.11525207,218.8294,,,,
2316,2024-11-05 00:00:00+02:00,-0.35549146,,,0.9743085,65513.773,3702.0132,74296.56,2702.0132,84.07439,,,,,,,,,,3.6827543e-05,,2.8362256e-05,0.00015649697,16716.535,0.11343171,218.00201,,,,
2317,2024-11-06 00:00:00+02:00,-0.28450066,0.03334808,890.48364,0.9995698,89251.516,1220.7715,99884.31,267.2251,68.23095,,,,,,,,,,3.5547666e-05,,2.5942169e-05,0.00014496085,16720.338,0.11377345,218.27179,,,,
2318,2024-11-07 00:00:00+02:00,-0.60510916,0.03155142,1040.3606,0.9888818,78950.266,2250.987,88941.03,1259.4645,31.476465,,,,,,,,,,3.6358808e-05,,2.5992367e-05,0.0001459186,16721.578,0.12626316,218.00534,,,,
2319,2024-11-08 00:00:00+02:00,-0.04708624,0.03400559,683.98865,1.0,95786.484,686.18115,103449.16,21.155176,23.803654,,,,,,,,,,4.0400257e-05,,2.3697556e-05,0.00014543414,13659.02,0.11591122,216.42987,,,,
2320,2024-11-09 00:00:00+02:00,-1.5227048,0.03139892,749.1802,,,,,,,,,,,,,,,,4.477341e-05,,2.369898e-05,0.00013390988,14436.3955,0.11417706,216.42465,,,,
2321,2024-11-10 00:00:00+02:00,-0.5097497,0.031820845,461.57642,1.0,94892.98,700.4243,102939.65,12.205967,35.63847,,,,,,,,,,5.5379554e-05,,2.318647e-05,0.00016906913,14434.643,0.11576405,215.32501,,,,
2322,2024-11-11 00:00:00+02:00,-0.4320613,0.030993966,526.55475,1.0,93388.14,817.4551,102693.55,23.087418,73.60327,,,,,,,,,,6.085004e-05,,2.3655846e-05,0.00017030694,16720.113,0.13186057,215.49504,,,,
2323,2024-11-12 00:00:00+02:00,0.12677649,0.032280594,581.4677,0.92118055,88992.42,1241.0895,99696.44,305.91382,14.27207,,,,,,,,,,5.007922e-05,,2.0336427e-05,0.00014659614,16724.102,0.11632846,215.1542,,,,
2324,2024-11-13 00:00:00+02:00,0.10322586,0.03081879,593.34955,0.9437277,90449.734,1054.6986,101896.09,81.93085,13.90209,,,,,,,,,,3.839989e-05,,1.7366114e-05,0.00012649343,14432.717,0.12894893,213.58784,,,,
2325,2024-11-14 00:00:00+02:00,-0.41132778,0.033073843,920.5661,0.926512,74488.44,2525.9785,84676.5,1525.9908,31.001,,,,,,,,,,5.5201388e-05,,1.7651211e-05,0.00012446874,17835.7,0.12009281,214.42285,,,,
2326,2024-11-15 00:00:00+02:00,0.35894322,0.03390744,1035.5298,0.31042007,74587.7,2567.9946,84329.47,1567.9945,12.337642,,,,,,,,,,2.847979e-05,8.21738e-06,2.0214931e-05,0.00014010134,14425.592,0.1234895,212.07791,,,,
2327,2024-11-16 00:00:00+02:00,-0.38663313,0.034021012,1171.6577,0.9991968,83275.43,1614.6831,93862.52,624.3103,82.51802,,,,,,,,,,5.3949276e-05,,1.8414097e-05,0.00014220567,16694.957,0.118577555,213.58615,,,,
2328,2024-11-17 00:00:00+02:00,0.124957934,0.032692112,872.10864,0.7874353,58673.28,4221.4644,67028.766,3221.464,41.081707,,,,,,,,,,5.320261e-05,2.9649911e-05,1.9402252e-05,0.00014837892,19650.447,0.13736072,216.27444,,,,
2329,2024-11-18 00:00:00+02:00,-0.30786008,0.03387323,853.46924,0.8667191,53224.445,4967.1997,60910.016,3977.8892,42.99917,,,,,,,,,,3.8332e-05,1.2622373e-05,2.4449768e-05,0.00014661718,24166.062,0.16479605,217.8598,,,,
2330,2024-11-19 00:00:00+02:00,-0.034479678,,,0.8256515,53978.805,4809.9385,61889.85,3809.938,25.972946,,,,,,,,,,7.383377e-05,3.6339432e-05,2.3716935e-05,0.00015245333,19232.73,0.15639785,218.49088,,,,
2331,2024-11-20 00:00:00+02:00,0.09880144,0.032127876,556.72125,0.63091713,76751.94,1988.1056,86730.195,1016.24915,57.002987,,,,,,,,,,4.3086806e-05,1.7254182e-05,2.519689e-05,0.0001663611,22022.389,0.16030623,219.68399,,,,
2332,2024-11-21 00:00:00+02:00,0.27912387,0.032462355,335.03073,0.7154881,70554.31,2668.2856,80535.414,1670.1116,55.16529,,,,,,,,,,3.9604773e-05,1.321902e-05,2.6397922e-05,0.0001810616,24128.34,0.16350685,217.35843,,,,
2333,2024-11-22 00:00:00+02:00,-0.10034396,0.03460234,214.64178,0.7940125,80038.53,1764.5732,90659.11,779.109,19.22293,,,,,,,,,,4.9969927e-05,2.050757e-05,2.1518217e-05,0.00016700939,24159.13,0.14311877,216.90115,,,,
2334,2024-11-23 00:00:00+02:00,-0.08265236,0.036702547,336.74445,0.78288937,81068.09,1771.8751,91555.05,799.6567,18.899275,,,,,,,,,,4.3580567e-05,1.8791585e-05,2.080062e-05,0.00016553894,22123.879,0.15326476,216.06256,,,,
2335,2024-11-24 00:00:00+02:00,-0.56007147,0.037822798,1143.099,0.7697092,70337.625,3053.9634,80020.12,2054.4917,12.559643,,,,,,,,,,0.00010047674,5.2018404e-05,1.6435755e-05,0.00016607593,14426.564,0.13207999,214.08841,,,,
2336,2024-11-25 00:00:00+02:00,-0.18567522,,,0.24312639,83393.39,1710.7257,93068.79,780.74744,42.879414,,,,,,,,,,0.00010513604,8.134996e-05,1.5516636e-05,0.00016192546,13055.374,0.115494594,213.45284,,,,
2337,2024-11-26 00:00:00+02:00,-0.7411156,,,0.9878595,43455.164,6650.125,49736.703,5650.125,136.6452,,,,,,,,,,,,,,,0.11905207,214.73738,,,,
2338,2024-11-27 00:00:00+02:00,0.14030427,0.031622615,709.76556,0.85418344,81404.02,1859.6508,92042.56,871.6468,85.944565,,,,,,,,,,6.6125125e-05,2.6489477e-05,2.4750749e-05,0.00020699807,23397.633,0.12727055,218.01718,,,,
2339,2024-11-28 00:00:00+02:00,-0.18097204,,,0.99602616,48401.375,5826.2734,55435.965,4826.273,122.47839,,,,,,,,,,,,,,,0.13734898,218.37381,,,,
2340,2024-11-29 00:00:00+02:00,0.096800655,0.03544339,467.86755,0.59135413,84916.875,1574.6704,96113.984,574.796,20.227545,,,,,,,,,,5.209344e-05,3.2436623e-05,2.0530377e-05,0.00016037367,16718.48,0.13081154,216.2248,,,,
2341,2024-11-30 00:00:00+02:00,-2.030161,0.03475202,1538.8319,0.9934446,78134.0,2310.9253,88438.484,1310.9253,46.195705,,,,,,,,,,6.9677655e-05,,1.8862489e-05,0.00015113207,14434.978,0.13192841,215.62093,,,,
2342,2024-12-01 00:00:00+02:00,0.19144824,0.02958197,208.81564,0.90826714,52719.32,5360.325,60232.83,4360.325,164.0786,,,,,,,,,,8.9046145e-05,5.195471e-05,1.859362e-05,0.00016018232,16717.854,0.1376069,215.3535,,,,
2343,2024-12-02 00:00:00+02:00,0.24499612,0.033913735,348.5159,0.8682457,86264.016,1354.8391,96111.17,467.42133,46.305748,,,,,,,,,,0.00010506508,7.6780125e-05,1.9751551e-05,0.00020799776,16703.234,0.1358808,215.89359,,,,
2344,2024-12-03 00:00:00+02:00,,,,,,,,,,,,,,,,,,,,,,,,,,,,,
2345,2024-12-04 00:00:00+02:00,0.22963277,0.037624694,1644.5535,0.9376465,58782.78,4387.3887,67181.39,3387.3887,74.421196,,,,,,,,,,8.718178e-05,,1.9923677e-05,0.00018508446,19292.428,0.14779606,219.6641,,,,
2346,2024-12-05 00:00:00+02:00,-0.23494333,0.03606455,574.7523,0.9864413,82809.45,1769.05,93614.18,769.24567,32.782455,,,,,,,,,,0.00016391465,,2.262093e-05,0.000245313,19292.752,0.15862006,218.85693,,,,
2347,2024-12-06 00:00:00+02:00,-0.6930553,0.032914963,288.49774,0.972413,86754.67,1305.0125,96973.18,392.6345,98.30231,,,,,,,,,,8.868892e-05,,2.0261536e-05,0.00019286643,22156.979,0.14996167,218.03316,,,,
2348,2024-12-07 00:00:00+02:00,0.090963736,0.03475677,489.92883,0.93403006,85206.516,1431.1921,96336.805,440.12836,46.73699,,,,,,,,,,6.385987e-05,,1.7887225e-05,0.00016253618,19268.39,0.13549483,214.70428,,,,
2349,2024-12-08 00:00:00+02:00,-0.15755008,0.03741416,996.3207,0.8794559,74740.91,2544.347,84600.95,1544.3468,29.228336,,,,,,,,,,8.071018e-05,,1.5445568e-05,0.00014066396,19278.803,0.1263289,213.70999,,,,
2350,2024-12-09 00:00:00+02:00,-0.3474688,0.03722516,974.0389,0.8343698,66524.875,3562.37,75476.73,2562.3699,32.83827,,,,,,,,,,5.8348513e-05,3.7753234e-05,1.5633032e-05,0.0001494514,19305.695,0.13316505,211.73575,,,,
2351,2024-12-10 00:00:00+02:00,-0.018100977,0.03803789,559.7435,0.842124,72830.0,2977.8596,82236.5,1998.5762,39.840084,,,,,,,,,,5.7964302e-05,4.017949e-05,1.317376e-05,0.00012911487,14435.417,0.11500192,210.15735,,,,
2352,2024-12-11 00:00:00+02:00,-1.128421,0.035765357,472.89893,0.6166688,75754.61,2538.1606,85773.586,1538.1647,98.052956,,,,,,,,,,3.73077e-05,2.0092173e-05,1.4414518e-05,0.000118908705,14430.774,0.11382374,210.4176,,,,
2353,2024-12-12 00:00:00+02:00,-0.38617408,,,0.82377404,52606.35,5243.9014,60057.94,4243.901,98.81152,,,,,,,,,,4.0854236e-05,2.0453068e-05,1.4508302e-05,0.000115174356,14431.918,0.12763798,208.75806,,,,
2354,2024-12-13 00:00:00+02:00,0.23975687,,,0.46731701,57009.72,4732.028,64845.17,3732.0278,95.79634,,,,,,,,,,4.6503414e-05,3.230378e-05,1.4117414e-05,0.00012797107,13061.466,0.12608859,208.12604,,,,
2355,2024-12-14 00:00:00+02:00,-0.28431463,0.035057012,429.4865,1.0,83176.95,1583.5245,94044.3,583.52454,109.47249,,,,,,,,,,4.6774177e-05,,1.4873289e-05,0.00012673864,14422.88,0.12628868,208.86453,,,,
2356,2024-12-15 00:00:00+02:00,-0.0827494,0.035505105,518.98956,0.90557647,77361.49,2100.4167,87792.22,1100.4166,41.454422,,,,,,,,,,2.4412628e-05,1.4628364e-05,1.4874949e-05,0.00011720133,13735.928,0.133223,210.18007,,,,
2357,2024-12-16 00:00:00+02:00,0.3019677,0.03615027,707.4927,0.2667857,77939.68,2017.3607,88407.945,1018.86334,11.49814,,,,,,,,,,2.6064536e-05,8.697305e-06,1.7426515e-05,0.00013788897,15396.746,0.14298058,213.45367,,,,
2358,2024-12-17 00:00:00+02:00,0.28407288,0.032613084,455.06882,0.0,,,,,,,,,,,,,,,2.6877482e-05,5.963955e-06,2.0913527e-05,0.0001357084,19253.8,0.14834541,213.879,,,,
2359,2024-12-18 00:00:00+02:00,-0.015500879,,,0.98445034,50408.71,5584.538,57566.555,4584.538,183.09953,,,,,,,,,,,,,,,0.12809408,212.62631,,,,
2360,2024-12-19 00:00:00+02:00,-0.57718194,,,0.9427172,45409.125,6189.4434,51949.824,5189.4434,66.335495,,,,,,,,,,,,,,,0.13804528,212.72531,,,,
2361,2024-12-20 00:00:00+02:00,0.54042095,0.033818427,641.0378,0.8002569,75679.71,2211.3042,86012.12,1211.3043,41.623814,,,,,,,,,,2.7798545e-05,4.507664e-06,1.9525582e-05,0.00014480701,22080.121,0.1454333,212.98643,,,,
2362,2024-12-21 00:00:00+02:00,-0.53631556,0.034597896,978.8177,0.8697176,67141.04,3307.6392,76397.12,2307.6394,59.831356,,,,,,,,,,3.895013e-05,,1.557007e-05,0.00011701733,22128.592,0.14432718,213.66693,,,,
2363,2024-12-22 00:00:00+02:00,-1.2799001,,,1.0,54585.49,4708.487,62600.598,3708.4868,150.11322,,,,,,,,,,,,,,,0.15532193,217.17535,,,,
2364,2024-12-23 00:00:00+02:00,0.07329712,0.032437053,682.6669,0.8166245,77641.79,2111.935,87895.36,1111.9579,63.819504,,,,,,,,,,7.61381e-05,4.086512e-05,2.2383363e-05,0.00021302122,22111.574,0.17769058,216.69322,,,,
2365,2024-12-24 00:00:00+02:00,0.1836555,0.03565706,521.0775,0.64084584,80380.68,1951.5039,91133.19,951.50397,59.297523,,,,,,,,,,4.624812e-05,4.7267513e-05,1.6236665e-05,0.00014897244,19283.902,0.14471999,215.92502,,,,
2366,2024-12-25 00:00:00+02:00,0.25945884,0.035362065,988.24695,0.4658951,85306.03,1570.7239,96557.34,573.8948,44.217934,,,,,,,,,,6.270074e-05,4.5857218e-05,1.5094751e-05,0.00014693761,13639.361,0.13427359,215.20541,,,,
2367,2024-12-26 00:00:00+02:00,-0.10744822,0.034362614,811.8672,0.91479826,92352.94,963.8267,103149.19,22.51963,22.185688,,,,,,,,,,0.00015289751,,1.3847043e-05,0.00018947895,13060.667,0.13072884,214.25992,,,,
2368,2024-12-27 00:00:00+02:00,-0.8197138,0.0329242,1142.5054,0.65149903,92306.016,951.169,102460.56,78.94491,50.19383,,,,,,,,,,4.540141e-05,2.9996705e-05,1.5001202e-05,0.00015297324,16724.781,0.12436472,213.32034,,,,
2369,2024-12-28 00:00:00+02:00,0.37138963,0.03156237,1324.0221,0.7559066,66013.81,3638.7432,74932.64,2638.7432,138.8508,,,,,,,,,,0.000110034416,7.2926385e-05,1.27983485e-05,0.00015143721,14432.284,0.122701734,210.81433,,,,
2370,2024-12-29 00:00:00+02:00,-0.5948801,0.030600185,983.2521,0.98581624,85474.63,1475.7797,96377.734,482.19745,56.671947,,,,,,,,,,0.000100797624,,1.263966e-05,0.00013707062,16707.021,0.1367614,208.06909,,,,
2371,2024-12-30 00:00:00+02:00,0.107695356,,,0.99958706,47246.71,6041.801,54051.797,5041.801,204.01376,,,,,,,,,,,,,,,0.13374491,209.84433,,,,
2372,2024-12-31 00:00:00+02:00,0.319601,,,0.9229245,40782.6,7086.0386,46863.426,6086.0386,83.30054,,,,,,,,,,4.8287515e-05,3.3349523e-05,1.5017498e-05,0.00011668646,14426.529,0.14164901,208.74838,,,,
2373,2025-01-01 00:00:00+02:00,-0.85717285,,,0.9970312,35290.89,8023.9214,40969.25,7023.9214,75.373314,,,,,,,,,,,,,,,0.14061621,208.82246,,,,
2374,2025-01-02 00:00:00+02:00,-0.22194117,0.03247876,496.0332,0.9307379,65298.18,3370.0674,74474.25,2377.5225,113.142395,,,,,,,,,,2.4674051e-05,4.2576676e-06,1.5624082e-05,0.00011213996,11466.782,0.14809203,208.71875,,,,
2375,2025-01-03 00:00:00+02:00,0.23350254,,,0.70741045,62703.973,3696.0244,71736.42,2696.0242,160.30576,,,,,,,,,,-1.9108375e-05,-4.6742716e-05,2.3081418e-05,0.00011304233,22097.434,0.16835943,210.43707,,,,
2376,2025-01-04 00:00:00+02:00,0.17119843,0.037752945,217.50941,0.6507081,85470.41,1367.5532,96105.31,422.72885,63.74588,,,,,,,,,,4.3169307e-06,-2.6044938e-05,2.1401494e-05,0.00010544028,22134.803,0.15753615,211.68365,,,,
2377,2025-01-05 00:00:00+02:00,-0.4680147,,,0.7499039,61274.707,3874.687,70163.23,2874.687,82.16511,,,,,,,,,,3.693764e-05,3.830175e-06,2.417586e-05,0.00015545834,16694.443,0.14957057,212.2931,,,,
2378,2025-01-06 00:00:00+02:00,-1.5405929,,,1.0,40479.12,6972.059,46511.31,5972.059,104.66488,,,,,,,,,,,,,,,0.12766214,217.01534,,,,
2379,2025-01-07 00:00:00+02:00,-1.1581018,,,0.97237706,39830.844,7038.9653,45931.133,6038.9653,59.586597,,,,,,,,,,,,,,,0.1478724,219.38313,,,,
2380,2025-01-08 00:00:00+02:00,-0.12424064,0.033515193,327.09427,0.8348385,76957.78,2104.365,87280.44,1105.114,49.334873,,,,,,,,,,8.953891e-05,5.5810746e-05,2.8435907e-05,0.00026554771,24180.043,0.173936,220.76248,,,,
2381,2025-01-09 00:00:00+02:00,0.5426215,0.034273308,749.48706,0.930979,52714.42,5033.338,60299.305,4033.338,125.222694,,,,,,,,,,0.00010196341,,2.6929738e-05,0.00023806356,19243.88,0.16294353,220.15945,,,,
2382,2025-01-10 00:00:00+02:00,-0.614165,0.03409474,657.8394,0.99216545,67172.55,3140.2354,76408.56,2140.2354,95.35389,,,,,,,,,,0.00016870993,,2.3207409e-05,0.0002766578,22069.73,0.16901273,216.92128,,,,
2383,2025-01-11 00:00:00+02:00,-0.078644425,0.03992781,481.0888,0.7035303,78472.64,1939.325,89179.2,939.3248,41.925266,,,,,,,,,,0.00011247178,9.993122e-05,1.9761523e-05,0.0002818398,22093.54,0.1585128,215.88184,,,,
2384,2025-01-12 00:00:00+02:00,-0.98019844,0.0387646,616.4047,0.5981255,88152.33,1183.2039,98909.92,250.50171,61.583675,,,,,,,,,,4.8016132e-05,3.386496e-05,1.630103e-05,0.00013397749,22176.793,0.15330529,212.59642,,,,
2385,2025-01-13 00:00:00+02:00,-0.31911394,0.033852324,399.73462,0.6077635,60201.203,4791.5537,68209.51,3815.531,88.39644,,,,,,,,,,3.9411425e-05,1.8265611e-05,1.230086e-05,0.000116325966,14436.967,0.12718204,207.73767,,,,
2386,2025-01-14 00:00:00+02:00,-0.9506407,0.03515713,1140.3783,0.99524033,71045.41,2955.0637,80555.97,1955.064,105.68618,,,,,,,,,,,,,,,0.12683609,209.6784,,,,
2387,2025-01-15 00:00:00+02:00,0.12486556,0.035259943,380.25842,0.83490264,92087.75,888.59033,102236.67,24.2722,26.448357,,,,,,,,,,3.168078e-05,,1.597695e-05,0.00012078813,16714.062,0.14007899,211.16644,,,,
2388,2025-01-16 00:00:00+02:00,-1.1585585,0.034931514,1175.6675,0.98471975,65789.52,3757.7734,74485.92,2766.7231,44.560402,,,,,,,,,,9.5740776e-05,,1.4272714e-05,0.00014197742,14432.418,0.12526333,210.46179,,,,
2389,2025-01-17 00:00:00+02:00,0.031208277,,,0.72822106,58171.07,4679.0723,66124.82,3692.6572,36.96148,,,,,,,,,,5.5349774e-05,3.5900797e-05,1.606296e-05,0.00011449983,16721.668,0.12313165,210.3323,,,,
2390,2025-01-18 00:00:00+02:00,0.08615419,0.03589133,670.70264,0.65324944,90587.555,1090.2261,99809.0,274.19073,26.631193,,,,,,,,,,5.1544128e-05,3.161769e-05,1.8718893e-05,0.00016787992,16718.47,0.13517359,209.71605,,,,
2391,2025-01-19 00:00:00+02:00,-0.09900722,0.0313653,766.3408,0.91815686,93927.984,742.0708,102297.72,15.434628,17.358505,,,,,,,,,,4.9967864e-05,,1.5914471e-05,0.00015219544,14431.3545,0.12223265,210.36026,,,,
2392,2025-01-20 00:00:00+02:00,-0.13636641,0.034446705,497.83466,0.99971825,86249.695,1453.0461,97100.65,457.67963,40.47738,,,,,,,,,,5.3478518e-05,,1.5887605e-05,0.00013560508,14430.801,0.11877642,211.73657,,,,
2393,2025-01-21 00:00:00+02:00,0.066227555,,,1.0,62264.266,3988.675,70786.16,2988.675,121.260315,,,,,,,,,,,,,,,0.14702135,208.97516,,,,
2394,2025-01-22 00:00:00+02:00,0.041157097,0.038978703,668.6699,1.0,87347.83,1247.9402,98630.59,253.15411,109.46618,,,,,,,,,,6.014113e-05,,1.3466122e-05,0.00011084578,16703.48,0.13940048,206.38004,,,,
2395,2025-01-23 00:00:00+02:00,-0.9948895,0.03492542,561.59204,0.8962541,83902.01,1548.8666,94695.72,548.8666,35.581165,,,,,,,,,,0.00011425132,,1.5148805e-05,0.00015536991,16694.8,0.12535457,213.25699,,,,
2396,2025-01-24 00:00:00+02:00,0.36079654,0.033781923,188.90924,0.72540855,72424.0,2735.3467,82021.78,1735.3468,26.354263,,,,,,,,,,5.77923e-05,3.8306123e-05,2.349211e-05,0.00016784205,17981.34,0.17853308,214.08386,,,,
2397,2025-01-25 00:00:00+02:00,-0.46507037,0.031323176,779.4097,0.99948287,67315.65,3417.6914,76189.984,2440.0493,80.82802,,,,,,,,,,0.00011295873,,1.8101382e-05,0.00015990798,14421.015,0.14516214,215.77594,,,,
2398,2025-01-26 00:00:00+02:00,-0.26770914,,,1.0,47715.652,5903.5894,54485.523,4903.5894,135.15518,,,,,,,,,,,,,,,0.15763907,216.95558,,,,
2399,2025-01-27 00:00:00+02:00,0.26771772,0.035735637,568.1471,0.43254405,87532.3,1151.2535,98803.945,163.38538,9.855383,0.000121848694,0.9914253,0.00011724898,0.059493627,,,,,,7.499139e-05,5.0356426e-05,2.0273637e-05,0.00016571986,19080.031,0.15127632,218.65643,,,,
2400,2025-01-28 00:00:00+02:00,-0.41479552,0.03431553,813.51355,0.12045198,67256.04,3284.3726,76202.73,2284.3726,29.466238,5.096725e-05,1.1184648,5.1838022e-05,0.0061536226,,,,,,0.000110698944,8.311639e-05,2.4641311e-05,0.00018883852,19243.902,0.15154327,220.24571,,,,
2401,2025-01-29 00:00:00+02:00,-0.78756404,0.034307875,1055.0126,0.8979924,71121.914,2882.9204,80775.06,1882.9204,14.331961,,,,,,,,,,7.8770594e-05,6.06816e-05,2.9157974e-05,0.000199378,22104.309,0.16441771,218.6041,,,,
2402,2025-01-30 00:00:00+02:00,0.03963594,0.035159465,474.51294,0.75321156,75650.16,2396.9468,86065.836,1396.9468,14.19014,,,,,,,,,,8.529308e-05,5.1342577e-05,2.409772e-05,0.00017123623,22153.656,0.15981016,218.88745,,,,
2403,2025-01-31 00:00:00+02:00,-0.1941048,,,0.9989517,57645.445,4472.458,65856.66,3472.458,45.796627,,,,,,,,,,,,,,,0.14247715,216.05127,,,,
2404,2025-02-01 00:00:00+02:00,0.09428772,0.03732052,359.4761,0.56120825,88966.65,1172.6372,99711.05,239.36917,17.106125,2.177026e-05,1.026701,1.744452e-05,0.19222829,,,,,,3.3139557e-05,1.7960712e-05,1.7075996e-05,0.00011127438,22193.195,0.15397355,213.50992,,,,
2405,2025-02-02 00:00:00+02:00,-0.13813967,0.035571594,211.55733,0.952207,86133.14,1421.6423,97378.836,423.82413,17.186941,,,,,,,,,,2.5265374e-05,,1.740738e-05,0.00010457942,22185.14,0.15576056,215.0001,,,,
2406,2025-02-03 00:00:00+02:00,-0.3870609,0.03729821,439.5357,0.8546598,85932.69,1445.1101,97248.47,451.81546,14.345474,8.183032e-05,1.4336386,0.000113313516,0.2589464,,,,,,4.4954446e-05,2.0630174e-05,2.1637887e-05,0.00014391213,19120.518,0.1656929,213.34894,,,,
2407,2025-02-04 00:00:00+02:00,-0.31562078,0.035299987,797.7655,0.9521297,79719.03,2106.8655,90032.75,1134.7015,25.098686,,,,,,,,,,7.23183e-05,4.429011e-05,1.999323e-05,0.00013215268,14432.076,0.14238468,215.28583,,,,
2408,2025-02-05 00:00:00+02:00,-0.21081729,0.034412634,315.7501,1.0,92233.14,915.47595,102621.8,31.695877,58.016792,,,,,,,,,,8.84138e-05,,1.9830768e-05,0.00015691036,14433.436,0.13600251,217.48712,,,,
2409,2025-02-06 00:00:00+02:00,-0.11933465,0.035937823,480.2796,0.26551124,96027.234,663.2285,101520.08,190.22385,6.2458024,6.195241e-05,0.81508756,4.3300955e-05,0.09751612,,,,,,3.9498118e-05,1.0111018e-05,2.9387102e-05,0.00014751012,22244.889,0.1687747,218.71384,,,,
2410,2025-02-07 00:00:00+02:00,0.07209742,0.03557836,266.7827,0.8636237,86282.52,1565.9385,97865.02,566.7785,21.70191,0.00023784643,0.859682,0.00019852651,0.33582097,,,,,,4.806985e-05,3.4024855e-05,2.7620159e-05,0.0001484578,22065.336,0.16698036,220.19977,,,,
2411,2025-02-08 00:00:00+02:00,-0.9530734,0.033897724,272.43652,0.5159927,97107.27,601.7933,104179.914,7.4471235,13.145356,-1.0801257e-05,1.1749507,-1.8315091e-05,0.22977152,,,,,,5.228426e-05,2.7841548e-05,2.9543215e-05,0.0001552904,22260.646,0.16074567,220.68442,,,,
2412,2025-02-09 00:00:00+02:00,0.05585946,0.034801662,313.3642,0.19970259,88850.15,1312.7151,97864.75,505.14795,1.6358886,6.5650536e-05,0.96681,5.6940007e-05,0.19688907,,,,,,5.1510095e-05,2.4192579e-05,2.7317514e-05,0.00016120286,19324.46,0.1619423,217.86234,,,,
2413,2025-02-10 00:00:00+02:00,-0.04010937,0.032626934,179.32912,,,,,,,,,,,,,,,,3.9686445e-05,5.136388e-06,2.660939e-05,0.00014355505,19327.336,0.16951254,217.25334,,,,
2414,2025-02-11 00:00:00+02:00,-0.122216955,0.036158755,197.0747,0.44368705,95784.36,673.35345,103918.41,3.9955206,4.4964066,5.4231677e-05,1.167829,5.3442247e-05,0.26359096,,,,,,4.3804834e-05,2.0559586e-05,2.4114252e-05,0.00013896439,16911.307,0.1541725,216.36359,,,,
2415,2025-02-12 00:00:00+02:00,0.28650716,0.03669858,209.59143,0.3917245,96221.68,598.8374,103179.484,21.724789,2.0484555,8.3320134e-05,0.96342003,6.8256384e-05,0.1905299,1890.0269,3000.069,0.1067969,1894.9337,3.7192912,5.1214778e-05,3.148894e-05,2.1241138e-05,0.00013223506,19311.383,0.15141976,215.92703,,,,
2416,2025-02-13 00:00:00+02:00,-0.38446566,0.03734023,250.84294,0.0,,,,,,0.00012069024,1.0733238,0.00012403067,0.0013670692,1904.5762,3000.015,0.06334368,1910.3086,2.8957741,6.675917e-05,4.7048572e-05,1.971059e-05,0.0001334292,19285.49,0.14525592,214.4605,,,,
2417,2025-02-14 00:00:00+02:00,-0.14035715,0.036992766,247.45187,0.39470685,75098.766,2410.7922,85530.63,1420.2291,7.6513157,9.5002964e-05,0.99758446,9.0834576e-05,0.28143632,1916.4119,3000.0017,0.04124334,1922.6346,2.798187,4.2025895e-05,2.1446504e-05,2.2991504e-05,0.00012953536,22178.256,0.15837938,214.20529,,,,
2418,2025-02-15 00:00:00+02:00,-0.32037485,0.035974503,264.7172,0.41096517,91465.46,894.0052,99236.09,229.17944,7.9306884,0.00010394723,1.0846655,9.746701e-05,0.2994471,,,,,,4.822384e-05,2.524688e-05,2.2812847e-05,0.00014254925,23094.617,0.15387546,215.432,,,,
2419,2025-02-16 00:00:00+02:00,-0.33758336,0.03841205,246.51105,0.3994053,77147.38,2299.8872,84131.65,1615.3777,4.727736,5.8389767e-05,0.9159422,3.794096e-05,0.28361478,,,,,,4.98375e-05,2.435886e-05,2.4212695e-05,0.00014900698,24306.32,0.16553815,217.45045,,,,
2420,2025-02-17 00:00:00+02:00,-0.51114035,0.03840913,275.67813,0.9998976,84585.09,1496.0475,95996.56,500.62616,55.735786,,,,,,,,,,2.733515e-05,,2.9241895e-05,0.00012346038,24282.664,0.17475697,219.9368,,,,
2421,2025-02-18 00:00:00+02:00,-0.29419994,0.03762246,298.44427,0.92352676,88655.69,1177.3833,98937.31,288.18103,20.535854,3.2082386e-05,0.9621767,1.781154e-05,0.12788047,,,,,,5.6121822e-05,7.366156e-06,3.460024e-05,0.00018057926,19289.027,0.1639854,223.60464,,,,
2422,2025-02-19 00:00:00+02:00,-0.10508898,0.039113574,298.8333,0.4299295,88495.875,1256.6779,95853.125,614.41504,9.20841,-4.202113e-06,1.0466474,-7.5140524e-06,0.25621408,1906.2263,3000.186,0.045746572,1925.0842,4.027457,7.4331736e-05,2.4936624e-05,3.8882412e-05,0.0002494808,19236.367,0.19392586,221.06046,,,,
2423,2025-02-20 00:00:00+02:00,-0.20540251,0.03766284,326.32996,0.51682466,93820.16,811.43066,99805.305,318.52466,7.8780236,8.9363224e-05,0.95563436,7.88633e-05,0.22931996,1904.2716,3000.0269,0.023850314,1924.0024,5.121312,8.29331e-05,5.0705494e-05,3.433819e-05,0.00022581086,16726.348,0.18047222,223.92233,,,,
2424,2025-02-21 00:00:00+02:00,-0.42497295,0.038955692,416.15173,0.9981393,57546.89,4684.5703,65542.92,3684.57,15.641142,,,,,,,,,,0.0001302552,,4.0854215e-05,0.00019964008,16724.193,0.17273623,228.04156,,,,
2425,2025-02-22 00:00:00+02:00,-0.34615234,0.037415843,630.53,0.99670696,62137.586,4088.7627,70540.23,3088.763,10.982584,,,,,,,,,,6.37011e-05,,4.305282e-05,0.00015840303,14431.6875,0.17442243,229.67569,,,,
2426,2025-02-23 00:00:00+02:00,0.06576489,0.039513737,714.87744,0.39964372,73114.5,2905.3672,81137.55,2060.5774,1.9094496,6.9787115e-05,1.1037564,6.202268e-05,0.34211522,1906.3285,2999.9343,0.023099642,1916.8878,2.7251618,0.00012572229,8.3224804e-05,4.0811312e-05,0.00024059019,14431.832,0.18133369,229.18085,,,,
2427,2025-02-24 00:00:00+02:00,-1.255455,0.035703085,684.83673,1.0,95714.555,597.5559,102375.82,15.832704,33.914642,,,,,,,,,,9.6037824e-05,,3.8675375e-05,0.00016020371,14431.133,0.16857515,229.01541,,,,
2428,2025-02-25 00:00:00+02:00,-0.33689445,0.03608133,568.52966,0.6282959,83419.67,1687.2388,92721.125,814.3334,6.6059766,1.7741862e-05,0.9278306,2.5527366e-05,0.36746073,1908.409,3000.0042,0.03038346,1920.0537,2.9042697,9.123057e-05,5.179498e-05,4.0505965e-05,0.00021652682,16705.59,0.17661065,226.86977,,,,
2429,2025-02-26 00:00:00+02:00,-0.25472283,0.035710767,395.98785,0.95481133,79743.66,2076.17,89834.625,1104.0278,8.9206085,,,,,,,,,,6.273673e-05,,3.7907543e-05,0.00017022208,19274.875,0.17898045,226.4122,,,,
2430,2025-02-27 00:00:00+02:00,-0.27832496,0.037135884,941.2947,0.99999356,77393.97,2244.388,87778.27,1244.388,73.23498,,,,,,,,,,8.9538684e-05,,3.5060213e-05,0.0001570397,22163.188,0.17727071,223.78992,,,,
2431,2025-02-28 00:00:00+02:00,-0.094374865,0.0415912,594.0102,0.9950793,73025.53,2735.8384,82935.52,1736.6794,20.616539,,,,,,,,,,8.7816334e-05,,2.9925537e-05,0.00015503043,19283.008,0.15954024,218.60764,,,,
2432,2025-03-01 00:00:00+02:00,-1.134761,0.037666984,468.35828,0.9565389,94870.23,649.4156,102182.74,15.127094,10.694053,,,,,,,,,,5.585411e-05,,1.830524e-05,9.781816e-05,16713.549,0.1361453,213.43646,,,,
2433,2025-03-02 00:00:00+02:00,0.03467098,0.041885212,488.31097,0.89843965,68316.586,3615.5347,76828.64,2670.2373,12.766214,0.00022464902,0.36969241,7.389984e-05,0.74018747,,,,,,4.0169012e-05,,2.158152e-05,0.000106127714,15569.954,0.13452709,208.48462,,,,
2434,2025-03-03 00:00:00+02:00,-0.29171008,0.03962209,293.03717,0.9122325,91888.55,846.7515,100442.18,97.85228,16.925978,0.00011283435,1.1419502,0.000117701566,0.3077994,,,,,,4.0062856e-05,2.6526966e-05,1.6750988e-05,9.708735e-05,13056.346,0.12134555,207.80681,,,,
2435,2025-03-04 00:00:00+02:00,-0.29168287,,,1.0,48620.664,6016.1406,55536.65,5016.1406,30.791306,,,,,,,,,,6.002782e-05,,1.4434451e-05,7.432769e-05,13055.677,0.11908142,207.5491,,,,
2436,2025-03-05 00:00:00+02:00,-0.63398623,,,1.0,42703.047,6855.631,48850.92,5855.6313,91.61232,,,,,,,,,,,,,,,0.11233789,207.3318,,,,
2437,2025-03-06 00:00:00+02:00,-0.1616784,0.035845358,358.0228,0.18640403,43004.906,7055.915,49118.75,6056.168,1.4782838,0.00014053984,1.0284312,0.00013298124,0.18989971,1874.5675,3000.0676,0.08792841,1883.5135,2.7328868,4.2127336e-05,2.3609326e-05,1.8518012e-05,9.921077e-05,12200.123,0.107691035,209.5202,,,,-1.19891765e-05
2438,2025-03-07 00:00:00+02:00,-0.14219394,0.03566275,686.0326,0.21610217,63332.914,3942.0574,68376.41,3310.1047,1.529789,0.0001298286,1.0385247,0.00012105514,0.21831636,1899.1892,2999.9998,0.018704604,1914.5929,3.8128521,5.640222e-05,3.351791e-05,2.2884313e-05,0.00014613045,16709.094,0.12333253,212.09718,,,,-2.1028465e-05
2439,2025-03-08 00:00:00+02:00,-0.33647203,,,0.43065467,48160.742,6012.1167,55016.406,5014.1436,5.467336,0.00012826522,0.9060018,9.875617e-05,0.26362664,,,,,,6.734305e-05,4.687118e-05,2.2611195e-05,0.00012772878,16708.17,0.11506486,212.70923,,,,6.4755324e-07
2440,2025-03-09 00:00:00+02:00,-0.26635498,0.037835408,908.80585,0.41386288,85944.56,1435.2705,95594.53,538.7659,5.9675093,0.00010503738,1.0400581,9.587173e-05,0.17671014,,,,,,4.267144e-05,2.0288033e-05,2.4510886e-05,0.0001174651,16703.467,0.12402477,213.6313,0.00044988492,0.22101422,9.896328e-05,-2.6669143e-06
2441,2025-03-10 00:00:00+02:00,0.2885159,0.03754516,559.68066,0.18348673,72668.5,2742.0962,82307.41,1742.0962,5.0603743,0.000115730305,1.0651531,0.00010800027,0.15618104,1866.6398,3000.2708,0.14136155,1872.4037,2.7384787,4.619851e-05,2.0857846e-05,2.5340665e-05,0.00012054003,16688.348,0.13341787,214.84995,,,,-2.0446772e-05
2442,2025-03-11 00:00:00+02:00,0.35175586,0.04300939,643.71686,0.34714276,88692.42,993.4252,97996.64,146.02467,3.8170276,0.00012497362,0.9369564,9.815226e-05,0.2736048,1897.4363,3000.0798,0.058813047,1905.5258,2.3345478,5.4935925e-05,3.4945675e-05,2.180073e-05,0.00011626882,19230.355,0.12287527,216.25137,0.0001437974,0.43647912,6.250666e-05,-4.6468813e-06
2443,2025-03-12 00:00:00+02:00,-0.65737003,0.040151875,644.75,,,,,,,,,,,,,,,,4.5214667e-05,,2.0468497e-05,0.00010080165,19237.1,0.12361813,217.09654,,,,-1.5937319e-06
2444,2025-03-13 00:00:00+02:00,-0.40006536,0.04075011,882.74567,0.9765217,71983.516,2699.5127,81435.69,1702.2423,30.601143,,,,,,,,,,6.345703e-05,,2.325788e-05,0.00012444876,17008.176,0.12577377,214.57364,,,,-6.072745e-06
2445,2025-03-14 00:00:00+02:00,-0.453007,0.037996832,283.97412,0.67400134,85408.3,1368.8135,95870.92,440.35297,8.014156,5.128385e-05,1.1658187,4.292398e-05,0.30205077,,,,,,4.598615e-05,1.540394e-05,3.006884e-05,0.00012477303,20509.066,0.14554515,218.48457,-6.385865e-05,0.46060246,-3.1210915e-05,-1.6481594e-05
2446,2025-03-15 00:00:00+02:00,-0.43702042,0.04161554,327.34335,0.26148123,89451.305,1106.9224,99404.91,244.505,5.836059,5.4931537e-05,0.918841,3.4943874e-05,0.13495252,1881.182,3000.0015,0.037196886,1911.7269,7.6732388,4.0692314e-05,1.236889e-05,2.852124e-05,0.00011484456,16711.125,0.13462594,218.8429,4.704717e-05,0.31962,1.2795819e-05,-1.3259893e-05
2447,2025-03-16 00:00:00+02:00,-0.41108024,0.04327975,352.96793,1.0,71929.95,2746.5803,82000.39,1747.2351,80.93141,,,,,,,,,,8.8759785e-05,,2.4587061e-05,0.0001019681,19264.223,0.13936725,218.84012,,,,-1.0928716e-05
2448,2025-03-17 00:00:00+02:00,-0.53460693,0.036465455,221.49095,0.0051086494,68752.266,3128.3743,78597.52,2128.374,5.0366535,0.00014094567,1.0728172,0.00014449612,0.012530425,1885.421,2999.9995,0.058875695,1894.8462,2.5006733,3.783492e-05,5.9010017e-06,3.1893895e-05,0.00010094417,18911.557,0.1466738,218.51457,0.00015274296,0.44529036,6.927352e-05,3.209939e-05
2449,2025-03-18 00:00:00+02:00,0.005333692,0.037567057,668.2746,0.26797324,48663.555,5850.2754,55768.516,4850.2754,4.1450386,9.2721006e-05,0.8109216,6.97752e-05,0.20952125,1820.8,3000.1,0.15148363,1829.0989,2.5514317,4.1501364e-05,1.4721192e-05,2.7183201e-05,0.00011427211,14429.305,0.12709858,217.49092,3.4257562e-05,0.39168087,1.3323289e-05,1.8807895e-06
2450,2025-03-19 00:00:00+02:00,-0.48121718,0.037143655,387.52777,1.0,95859.0,576.7323,102375.69,4.6604834,33.775227,,,,,,,,,,5.1508738e-05,,2.2030468e-05,0.00011147697,14430.727,0.11865307,220.75217,,,,-1.8619722e-06
2451,2025-03-20 00:00:00+02:00,-0.3415898,0.037702642,345.8642,0.09968031,93900.266,728.7488,98853.25,311.32404,7.1278243,8.000572e-05,1.1487048,7.873129e-05,0.07977799,1911.7583,3000.0083,0.025418375,1917.7373,1.9669237,5.2515414e-05,2.2507025e-05,3.0008387e-05,0.00013390073,16713.05,0.13323429,221.43506,0.00012070809,0.22722006,2.6137608e-05,3.810328e-07
2452,2025-03-21 00:00:00+02:00,-0.23878454,0.037788983,383.01703,0.05450324,86338.32,1445.758,97310.09,445.7581,3.797738,0.00016247938,0.896092,0.0001318948,0.051558595,1902.5792,3000.006,0.023594107,1911.5101,2.2975252,5.7177655e-05,2.1888114e-05,3.5289537e-05,0.0001442727,19290.85,0.15151781,221.46898,0.00014393675,0.23649561,3.200559e-05,-7.657867e-06
2453,2025-03-22 00:00:00+02:00,-0.23663233,0.038178418,411.02258,0.09390109,87307.5,1391.9769,95837.26,619.1129,2.5288777,8.632565e-05,0.83597183,5.8651643e-05,0.096655935,1898.3801,3000.0066,0.024527121,1909.0498,2.6767693,4.6233e-05,1.2439072e-05,3.3793927e-05,0.00013445981,19299.916,0.14866082,222.4052,0.00025279055,0.26224625,5.4977078e-05,-3.0951764e-05
2454,2025-03-23 00:00:00+02:00,-0.16164705,0.038250066,305.61322,0.18320408,84908.68,1568.5281,90257.08,1044.3768,1.6782535,0.00010826361,0.8213092,7.916799e-05,0.18322152,1894.4305,3000.0056,0.036399674,1905.627,2.7784781,5.2178933e-05,1.8663926e-05,3.3515007e-05,0.00014299658,17998.809,0.14068088,221.99088,-8.206096e-05,0.3458422,-2.8742445e-05,-1.5826794e-05
2455,2025-03-24 00:00:00+02:00,-0.2296367,0.03927218,504.92728,0.964555,90221.875,966.3517,100299.14,86.57241,23.998842,8.793667e-05,1.2400863,0.00010003152,0.2616265,,,,,,5.9348265e-05,1.5961867e-05,4.1278796e-05,0.00015494291,18823.436,0.14787784,225.41113,0.00015986868,0.40983737,5.056536e-05,-8.6853663e-07
2456,2025-03-25 00:00:00+02:00,-0.4862385,0.04327224,609.0093,0.47273222,64152.96,3823.7212,72679.72,2847.5466,5.7207127,1.433256e-05,0.9827447,8.65565e-06,0.26547667,,,,,,4.9453236e-05,3.9491197e-06,4.660146e-05,0.00015310271,14425.726,0.13651115,224.90704,0.00011019454,0.25671285,2.7037491e-05,8.207338e-06
2457,2025-03-26 00:00:00+02:00,-0.56580544,0.039267078,774.2646,1.0,94120.11,651.65643,100839.93,46.073402,14.96915,,,,,1747.7314,3005.3567,0.041143782,1738.5588,1.1881189,6.68484e-05,,3.9044113e-05,0.00015390516,18154.836,0.14070356,226.69768,,,,
2458,2025-03-27 00:00:00+02:00,-0.45868677,0.03869588,619.35095,0.81306064,86979.1,1347.2808,95985.39,522.8186,9.798787,1.0942168e-05,1.3277888,1.4563172e-05,0.35723484,,,,,,6.121237e-05,5.406268e-06,4.4069508e-05,0.00016163444,16707.59,0.14564659,227.78882,,,,-3.7352393e-06
2459,2025-03-28 00:00:00+02:00,-1.2429823,0.03864646,509.99207,0.891066,90821.33,967.0202,101539.734,18.761644,11.0571,,,,,,,,,,5.9376245e-05,,4.172085e-05,0.000131266,16705.393,0.14715901,228.06686,,,,9.366999e-06
2460,2025-03-29 00:00:00+02:00,-0.248374,0.037508696,585.2493,0.13600014,78860.47,2139.2534,85786.07,1446.4412,1.9981748,0.00011017376,1.0248598,0.000101164784,0.14096618,1893.5488,2999.9995,0.02006339,1907.0894,2.921829,7.0711525e-05,3.032127e-05,4.0390256e-05,0.00017410895,16702.39,0.15314835,225.53275,0.00014753388,0.24841064,3.6773825e-05,-3.6226347e-06
2461,2025-03-30 00:00:00+02:00,-0.5277506,0.03434716,555.1139,1.0,70547.15,2907.5894,80083.4,1907.5896,49.98494,,,,,,,,,,0.00010917128,,3.657788e-05,0.00014202972,22128.834,0.15887284,226.67876,,,,1.0995039e-05
2462,2025-03-31 00:00:00+03:00,-0.38549584,,,1.0,74865.54,2514.6074,84844.42,1514.6072,46.289745,,,,,,,,,,6.148216e-05,,3.7288708e-05,0.00014329122,19273.479,0.17386088,226.09227,,,,1.5178301e-05
2463,2025-04-01 00:00:00+03:00,-0.38433027,0.038513526,804.38403,0.23017219,91047.31,1075.9769,98501.88,395.43027,2.7610383,8.519891e-05,0.9963628,6.757763e-05,0.15358137,1895.1761,3000.0579,0.03693437,1903.6277,2.0732622,6.708656e-05,2.6507942e-05,4.0872306e-05,0.00016788239,19297.977,0.1715762,225.06342,0.00030410138,0.24541709,4.8313977e-05,-1.2028816e-05
2464,2025-04-02 00:00:00+03:00,-0.5487478,0.031007398,840.04987,0.0,,,,,,4.6879177e-05,1.0168434,3.4854136e-05,0.0,1905.7151,3000.0,0.023131907,1920.119,3.2620091,8.230601e-05,3.4769386e-05,4.7536625e-05,0.00015440222,16720.006,0.16950266,225.55241,0.00035355028,0.25420094,8.961975e-05,2.9009967e-05
2465,2025-04-03 00:00:00+03:00,-0.3825388,0.031220052,910.5607,0.13332692,82631.445,1902.2706,88861.46,1280.4725,2.3824642,5.9924616e-05,1.0976629,4.952684e-05,0.13418993,1861.1945,3000.1038,0.061244212,1872.4552,2.4190037,7.506987e-05,2.6627711e-05,4.8442158e-05,0.00019529811,14432.244,0.16763562,226.30893,0.00049023284,0.26802343,0.00010559498,2.3378427e-05
2466,2025-04-04 00:00:00+03:00,-0.5093899,,,0.7136246,39790.285,7288.625,45823.863,6288.625,6.9040375,,,,,,,,,,6.1023256e-05,1.6828952e-05,4.9455168e-05,0.00016123174,17993.834,0.16062728,228.65396,,,,1.3369414e-05
2467,2025-04-05 00:00:00+03:00,-0.5780487,0.030584933,368.39276,0.6793634,80581.11,1855.5808,91476.836,863.13885,7.920185,7.1257855e-05,1.1241677,5.941639e-05,0.33729923,,,,,,5.5322373e-05,7.607429e-06,4.4909008e-05,0.00014819558,25722.66,0.20601813,230.18521,0.00019801829,0.3067438,6.052067e-05,-3.9419894e-05
2468,2025-04-06 00:00:00+03:00,-0.29727733,0.036277715,276.87585,0.17925812,85171.34,1479.0488,95777.39,551.8804,6.4414573,1.7478e-05,1.118758,4.6593186e-07,0.13237572,,,,,,6.814276e-05,2.6202302e-05,4.16639e-05,0.00015533845,22181.064,0.18206653,228.54776,5.473275e-05,0.36427343,1.6871516e-05,-2.8282226e-05
2469,2025-04-07 00:00:00+03:00,-0.87490946,0.03693797,413.70886,0.8354932,89912.58,1054.3041,99633.44,202.3808,11.257652,1.6247703e-05,0.8734103,-4.7088224e-06,0.32405365,,,,,,7.068083e-05,2.9765313e-05,4.5163084e-05,0.00016921405,24292.158,0.18440068,229.47699,-0.00048179063,0.44057238,-0.00021098662,-5.4825232e-05
2470,2025-04-08 00:00:00+03:00,-0.118285716,0.036484182,367.691,0.15164214,90943.93,1003.099,96941.2,468.3316,1.9680214,3.972729e-05,0.9551228,1.8733062e-05,0.15094635,1882.467,3000.015,0.071466826,1912.7012,6.6715393,6.685694e-05,1.6293729e-05,5.0563212e-05,0.00018182756,22192.244,0.17656967,228.59117,0.0005458247,0.27846476,0.00011475124,2.8058463e-05
2471,2025-04-09 00:00:00+03:00,-0.53989804,,,1.0,60034.92,4155.961,68486.984,3155.9614,25.924362,,,,,,,,,,5.9803744e-05,,4.7715388e-05,0.00014987943,22148.607,0.17945775,228.80078,,,,1.1271648e-05
2472,2025-04-10 00:00:00+03:00,-0.74072665,0.037313305,462.13293,0.5382526,75168.984,2455.5874,85490.805,1455.6135,6.665057,2.2040353e-05,0.9787447,6.6794073e-06,0.27958435,,,,,,6.0466966e-05,1.3352999e-05,4.6727422e-05,0.00015395386,19276.107,0.18376686,228.85669,0.00012876237,0.29681188,4.460525e-05,-4.881775e-06
2473,2025-04-11 00:00:00+03:00,-0.54283994,0.034098413,689.5321,0.12638852,78865.664,2037.4885,89279.49,1038.991,4.70564,-6.7537594e-06,0.9325419,-2.3750665e-05,0.090244375,1916.4487,3000.0186,0.02515705,1920.731,1.6687769,6.4668944e-05,1.3155675e-05,5.070387e-05,0.00016588828,22119.705,0.18603882,228.62997,-1.9776895e-05,0.35130775,-7.119525e-06,-2.3481723e-05
2474,2025-04-12 00:00:00+03:00,-0.44679853,0.036380004,851.2975,1.0,86087.836,1395.4749,96093.57,470.3543,28.73613,,,,,,,,,,7.339314e-05,,4.3708693e-05,0.00015650262,16699.783,0.16566509,228.86899,,,,-1.4410897e-05
2475,2025-04-13 00:00:00+03:00,-0.9347908,0.03312057,816.65656,0.03454614,87342.03,1270.2213,97117.79,370.354,5.9413033,9.081505e-05,0.96156347,7.17279e-05,0.024829855,1781.8802,3000.1138,0.08971739,1811.1273,6.1027584,6.426954e-05,1.38463065e-05,5.0284194e-05,0.00014271427,16699.21,0.15963091,228.87997,0.0002357948,0.2591752,6.0419963e-05,2.5951182e-05
2476,2025-04-14 00:00:00+03:00,-0.6588347,0.033514258,1083.2474,0.7639147,60500.78,4217.5264,68571.42,3217.5269,10.817175,7.730106e-05,1.0173101,5.6329725e-05,0.20953573,,,,,,6.651416e-05,1.8513572e-05,5.4836306e-05,0.00018461453,19262.31,0.16894722,227.7573,-8.732505e-05,0.32994658,-2.8868444e-05,3.6495815e-06
2477,2025-04-15 00:00:00+03:00,-0.58431995,0.037279747,1157.2493,0.1389606,81142.68,1984.7328,89543.69,1124.8245,3.7180307,0.00015697145,0.9902548,0.00013245529,0.11723026,1890.4954,3000.005,0.019171087,1904.2036,2.6405203,8.560933e-05,3.4414647e-05,5.119468e-05,0.0002009752,19270.016,0.16157779,228.4701,0.00022332717,0.2865971,6.3310836e-05,2.0412193e-05
2478,2025-04-16 00:00:00+03:00,-0.25259924,0.034845155,1490.4373,1.0,76267.76,2400.9531,86200.98,1400.9531,63.590424,,,,,,,,,,0.00016349906,,4.2336913e-05,0.00016765465,19267.172,0.1498524,228.14087,,,,
2479,2025-04-17 00:00:00+03:00,-0.32183537,0.038199883,1257.9783,0.15502176,86477.664,1432.2706,93070.52,789.446,3.3002346,0.00018460261,0.89023566,0.00014629733,0.079850376,1897.381,3000.2073,0.047830626,1908.8896,2.5781898,8.375864e-05,3.1273885e-05,5.2484756e-05,0.00020081986,17985.512,0.15219468,227.91374,0.0001478291,0.2950424,3.8602684e-05,3.3384517e-06
2480,2025-04-18 00:00:00+03:00,-0.5781163,0.037101083,2020.7401,0.32961714,30529.53,9383.837,35344.242,8383.837,8.043308,0.00016724909,0.74565136,0.0001119579,0.22055595,,,,,,8.981969e-05,3.6809783e-05,5.1342926e-05,0.00014668592,16696.918,0.13797726,228.4135,-8.894607e-05,0.3013607,-2.7162732e-05,-1.07164415e-05
2481,2025-04-19 00:00:00+03:00,-0.14442429,0.033246256,1478.1448,0.9180906,81121.66,1893.9358,91113.19,910.26575,13.630934,,,,,,,,,,7.215841e-05,,5.1637126e-05,0.00018442067,16696.31,0.14528182,227.29712,,,,6.641424e-07
2482,2025-04-20 00:00:00+03:00,-1.0300564,0.031626005,1094.6971,0.622301,72627.31,2947.7065,81520.07,1999.6292,7.4907346,1.3140514e-05,1.2307854,-1.4281121e-05,0.38456163,,,,,,7.3568124e-05,2.5764237e-05,5.2336953e-05,0.00017614452,22132.34,0.15288413,228.2666,0.00026749368,0.28304142,8.8476e-05,9.3638e-06
2483,2025-04-21 00:00:00+03:00,-0.48713332,0.03447739,1003.6148,0.14767504,69909.88,3327.921,78136.664,2400.3267,4.8193803,9.2110684e-05,1.0506773,7.595549e-05,0.08704136,1897.9895,3001.0461,0.07316757,1906.4626,2.0699458,6.7002344e-05,1.751259e-05,4.946052e-05,0.00017067575,19262.781,0.15033695,228.44449,-2.6863025e-05,0.29721618,-9.472044e-06,-1.1175349e-05
2484,2025-04-22 00:00:00+03:00,-0.40804893,0.036046036,851.87695,1.0,61881.29,4087.22,70180.46,3087.22,88.97491,,,,,,,,,,8.923332e-05,,4.4750326e-05,0.00015478025,19270.133,0.1520152,227.74069,,,,-3.98825e-06
2485,2025-04-23 00:00:00+03:00,-0.6954288,0.03352706,1049.7439,0.57061267,70235.28,3182.9272,79515.92,2196.965,9.997781,8.007253e-05,0.98223805,5.5613957e-05,0.20590594,,,,,,6.65387e-05,2.0689537e-05,4.843706e-05,0.00018289643,19278.004,0.15886547,228.21887,-5.956136e-05,0.35952663,-1.6379965e-05,-4.8618203e-06
2486,2025-04-24 00:00:00+03:00,-1.0259476,0.03386634,885.5545,0.4250802,83332.984,1728.5142,90202.5,1077.1879,5.3636208,0.00010028927,1.2062693,0.00010205719,0.35289454,,,,,,6.7676316e-05,1.9787503e-05,4.9197166e-05,0.00018791069,22158.602,0.16508722,227.50793,-0.0001193972,0.5438451,-6.526833e-05,-2.4867255e-05
2487,2025-04-25 00:00:00+03:00,-0.46702805,0.034364115,460.7132,0.15568502,82331.58,1880.3065,91180.555,1027.0017,7.310881,1.7571469e-05,1.026699,1.9802837e-06,0.10385611,,,,,,7.093664e-05,2.150943e-05,4.9680108e-05,0.00016604527,22178.3,0.16627494,227.74951,0.00018628755,0.3351207,5.746576e-05,2.0378528e-05
2488,2025-04-26 00:00:00+03:00,-0.8617486,0.03851378,474.1473,0.10315934,78537.445,2200.743,88886.95,1237.4463,5.5659485,8.350659e-05,0.9962549,6.12297e-05,0.04477337,1887.3937,3000.1382,0.050422687,1894.613,1.9743857,5.9204776e-05,8.458348e-06,4.989298e-05,0.00015381616,19298.098,0.16686663,228.40054,-7.935811e-05,0.37770307,-2.8646493e-05,-1.4934898e-05
2489,2025-04-27 00:00:00+03:00,-0.63880974,0.037353534,502.7977,0.16127798,88837.22,1275.7823,97403.125,515.5303,7.7230024,3.5405446e-05,1.0953285,1.6463568e-05,0.04062205,,,,,,6.730176e-05,2.035313e-05,4.7151363e-05,0.00016109661,16723.215,0.15713051,227.74207,7.488608e-05,0.3338164,2.4261066e-05,1.2164088e-05
2490,2025-04-28 00:00:00+03:00,-0.6790432,0.039095208,641.6401,0.20374621,29634.959,9449.418,34430.727,8449.418,7.382943,0.00010265618,0.7982335,5.84754e-05,0.13717401,1890.3425,3001.0847,0.12893395,1897.5201,2.0110788,7.285732e-05,2.6312047e-05,5.0299837e-05,0.00016513235,17825.113,0.16085136,227.85236,0.00029777037,0.18415646,3.3541128e-05,9.766157e-06
2491,2025-04-29 00:00:00+03:00,-0.50218505,0.03052418,610.85565,0.0,,,,,,7.3379044e-05,0.8631669,4.54491e-05,0.0,1875.3535,3000.1277,0.032389183,1887.6093,2.4057999,7.486683e-05,2.0595147e-05,5.4271688e-05,0.00014978457,19278.48,0.16533601,227.70772,-5.1842682e-05,0.30083176,-1.55697e-05,-1.9039362e-05
2492,2025-04-30 00:00:00+03:00,-0.46749523,0.03439121,814.4574,0.57337296,73335.46,2840.001,81597.83,1955.1733,6.047792,8.059165e-05,0.93644595,5.70087e-05,0.28942433,,,,,,7.954912e-05,2.1549618e-05,6.0515224e-05,0.0002003135,19275.277,0.16549182,228.85843,9.092221e-05,0.36647323,3.3312674e-05,8.654221e-06
2493,2025-05-01 00:00:00+03:00,-0.56984234,0.039209396,728.6762,0.09548815,67823.945,3419.2117,76352.586,2487.7437,6.9046965,5.6985453e-05,1.0508437,3.887747e-05,0.07614874,,,,,,8.554927e-05,2.6146588e-05,5.940268e-05,0.00019037005,18923.863,0.1646696,229.37137,1.0917447e-05,0.30799258,4.3140703e-06,-1.035963e-05
2494,2025-05-02 00:00:00+03:00,-0.678738,0.03201773,1411.8701,0.7829682,62890.344,3959.4556,71123.01,2967.2683,15.866034,0.000128008,1.0248228,0.000106042186,0.2211746,,,,,,8.741884e-05,2.7283166e-05,5.7919904e-05,0.00018237362,16700.348,0.1671708,230.18274,0.00019905795,0.30710396,5.7748093e-05,-2.5987556e-06
2495,2025-05-03 00:00:00+03:00,-0.36072367,0.034064442,670.063,0.061983265,86454.56,1361.6484,93993.66,637.05176,7.1352887,4.8464783e-05,1.0165619,2.9143503e-05,0.057529554,1859.3557,3000.0176,0.048565272,1892.5464,7.769676,7.781595e-05,1.8387575e-05,6.0078484e-05,0.00019720444,17972.268,0.17344987,230.54453,0.00020279965,0.34145665,5.4765187e-05,4.350069e-06
2496,2025-05-04 00:00:00+03:00,-0.7549418,0.02404789,1408.3317,1.0,73673.59,2516.0332,83549.44,1516.0333,45.675125,,,,,,,,,,8.341682e-05,,5.7675716e-05,0.00015710373,22100.477,0.1934347,231.06085,,,,
2497,2025-05-05 00:00:00+03:00,-0.31206006,0.034040324,419.83795,0.12299921,81739.81,1829.4902,88390.18,1186.7013,2.749865,5.9584243e-05,0.9769855,3.9556795e-05,0.12372266,1838.2043,3000.1577,0.06984117,1861.3591,4.411033,7.728005e-05,1.2927223e-05,6.4352826e-05,0.00020957693,22162.969,0.18662663,228.96494,0.00045663115,0.33648127,0.00010035677,2.3996938e-05
2498,2025-05-06 00:00:00+03:00,-0.40935236,0.03126436,533.0144,0.9724574,78012.34,2165.456,88306.8,1174.0857,17.664537,,,,,,,,,,7.729558e-05,,5.778511e-05,0.00017907421,22151.004,0.18205407,230.11852,,,,2.8894608e-05
2499,2025-05-07 00:00:00+03:00,-0.99706125,0.03138952,416.71167,0.30956438,90475.305,1022.7699,99470.81,230.72649,10.3717,3.189244e-05,0.96881115,7.967539e-06,0.049519803,1890.5177,3000.077,0.047458813,1899.8395,2.303563,7.078353e-05,1.0111749e-05,6.083469e-05,0.00018069311,22179.25,0.18808897,231.01512,1.4694024e-05,0.35595876,5.873795e-06,-3.5369396e-06
2500,2025-05-08 00:00:00+03:00,-1.4067706,0.03301809,563.091,0.46512538,83219.55,1690.45,92318.72,862.6493,8.609984,6.673753e-05,1.0153278,4.4162894e-05,0.13169461,,,,,,8.076869e-05,2.2066819e-05,5.7998615e-05,0.00019108945,24297.797,0.19256613,230.73373,0.00026329476,0.34950343,7.498284e-05,-1.44199985e-05
2501,2025-05-09 00:00:00+03:00,-0.70812804,0.030703347,789.32214,0.6230913,67844.695,3293.5903,77241.94,2294.122,16.266373,2.9000048e-05,0.85260266,7.1128843e-06,0.33226687,,,,,,7.937334e-05,1.8428353e-05,5.604855e-05,0.0001860788,22174.201,0.18491094,230.79147,0.00020141751,0.38468295,7.9407226e-05,7.751939e-06
2502,2025-05-10 00:00:00+03:00,-0.15645114,0.031408496,438.232,0.961951,74298.65,2576.8706,84551.39,1576.8705,16.920418,,,,,,,,,,8.647244e-05,,6.14693e-05,0.00020913007,22178.227,0.18320471,230.74594,,,,9.901376e-07
2503,2025-05-11 00:00:00+03:00,-0.6780872,0.033752795,610.6206,0.7108216,69628.83,3087.8567,79163.82,2087.857,11.312681,5.970447e-05,0.8603318,2.6575564e-05,0.23890042,,,,,,8.040045e-05,1.9571664e-05,6.210813e-05,0.00018927315,21980.297,0.18895401,230.64957,2.6300753e-05,0.30348063,1.0810363e-06,-6.0139178e-06
2504,2025-05-12 00:00:00+03:00,-0.45221177,0.03524772,694.0101,0.029366681,75341.68,2585.228,85052.164,1585.2278,4.903427,8.8107314e-05,0.8413191,5.033477e-05,0.029356025,1908.9548,3000.1658,0.031286605,1921.053,2.2263904,8.0762504e-05,2.014445e-05,6.0618055e-05,0.00018746144,19283.02,0.18258101,231.19002,7.519142e-05,0.26135665,1.9684912e-05,-8.1259964e-07
2505,2025-05-13 00:00:00+03:00,-0.77878755,0.03370591,559.6398,0.2625544,48512.426,6039.257,55530.797,5042.2314,6.8874493,5.2326184e-05,0.85721815,1.3651034e-05,0.21315464,,,,,,7.512393e-05,1.3731715e-05,6.1231476e-05,0.00018070938,21722.668,0.17810813,231.20139,-7.7892124e-05,0.32905287,-2.0427311e-05,-1.31704255e-05
2506,2025-05-14 00:00:00+03:00,-0.60624224,0.030921005,1010.6492,1.0,65118.61,3612.4712,74099.9,2612.4712,64.58775,,,,,,,,,,8.451636e-05,,5.5025303e-05,0.00016987015,22127.47,0.17386618,232.17068,,,,
2507,2025-05-15 00:00:00+03:00,-1.1037976,0.024647186,548.26654,0.97896487,72606.37,2647.6125,82642.59,1647.6124,24.174791,,,,,,,,,,7.353697e-05,,6.346125e-05,0.00015160484,24230.875,0.18846513,232.90234,,,,1.5122491e-05
2508,2025-05-16 00:00:00+03:00,-1.0760747,0.028247196,820.9025,0.9238047,69185.625,3138.9434,78060.05,2184.9075,9.580041,,,,,,,,,,7.805614e-05,2.021142e-05,6.212144e-05,0.00019077217,24234.314,0.1875087,228.4894,,,,-3.7921563e-06
2509,2025-05-17 00:00:00+03:00,-0.63288444,,,1.0,60051.477,4146.7715,68478.2,3146.7717,37.278187,,,,,,,,,,7.429549e-05,,6.2955456e-05,0.00017988705,24233.316,0.18705024,232.47968,,,,1.3213952e-06
2510,2025-05-18 00:00:00+03:00,-0.8568883,0.029621268,825.917,0.97841173,72038.99,2766.8198,81599.75,1766.8196,18.302032,,,,,,,,,,8.5003e-05,,5.815673e-05,0.0001790267,22124.121,0.169189,231.97266,,,,3.8334124e-06
2511,2025-05-19 00:00:00+03:00,-0.7240048,0.034003373,1325.0615,0.9530119,82900.3,1708.3817,92530.664,786.79224,23.451103,-8.529569e-05,1.5521303,-0.00015250008,0.239335,,,,,,7.936765e-05,1.3980034e-05,5.717837e-05,0.00018715937,19263.195,0.16378334,231.63495,0.00014472406,0.7962603,0.000115238036,2.1227883e-05
2512,2025-05-20 00:00:00+03:00,-0.57344973,0.030094152,989.03253,0.0016477469,62665.316,3932.2266,71200.99,2932.2263,7.8139577,7.751114e-05,0.85579956,4.404274e-05,0.0034399163,1889.2622,3000.011,0.025758667,1907.3077,3.210475,8.949723e-05,2.4032617e-05,6.546462e-05,0.00016882157,18926.957,0.1631844,231.1768,2.7103784e-05,0.30883992,8.358518e-06,2.2581778e-06
2513,2025-05-21 00:00:00+03:00,-0.20275208,0.03126079,881.7647,0.13384289,83256.375,1642.6328,90009.086,993.2057,2.5752213,6.860134e-05,0.92208683,4.455569e-05,0.13438092,1873.6951,3000.057,0.0269689,1893.3036,3.4573348,8.480071e-05,1.6576105e-05,6.82246e-05,0.00021466869,19251.395,0.16574988,231.14638,0.00028613798,0.29192463,6.408278e-05,3.0027404e-05
2514,2025-05-22 00:00:00+03:00,-0.545487,0.02964535,1054.9194,0.98380166,77159.625,2248.9895,87071.64,1266.2683,13.266632,,,,,,,,,,7.774604e-05,,6.220149e-05,0.00019330315,19480.25,0.16281942,232.51227,,,,3.5811152e-06
2515,2025-05-23 00:00:00+03:00,-0.9617135,0.030872583,617.1472,0.3365594,82071.75,1834.4595,89929.375,1063.0405,8.900187,7.0798415e-05,1.059993,4.197545e-05,0.105659425,,,,,,8.232336e-05,2.0893764e-05,6.2842075e-05,0.00020082615,19263.957,0.16975853,232.5203,-3.136553e-06,0.5030798,4.5333045e-06,-6.05962e-07
2516,2025-05-24 00:00:00+03:00,-1.389987,0.031631753,783.2081,0.45815054,59861.25,4460.1367,68107.64,3460.137,7.9049997,0.000113377624,0.8694105,6.8635636e-05,0.18228418,,,,,,8.865922e-05,2.3862849e-05,6.623124e-05,0.0002102956,19272.043,0.1725891,232.34273,7.4642434e-05,0.33788982,2.5558085e-05,5.761932e-06
2517,2025-05-25 00:00:00+03:00,-1.1678371,0.030112237,789.61725,0.18531385,80786.484,1961.0056,90537.195,1022.22375,11.809017,3.27238e-05,0.9049504,3.3236765e-06,0.033380557,1847.3271,3000.0356,0.055384155,1866.8722,3.8875952,8.800914e-05,2.3549504e-05,6.404404e-05,0.00022011503,19270.434,0.1784679,233.06027,0.00016552626,0.29608318,3.364213e-05,-1.7255607e-05
2518,2025-05-26 00:00:00+03:00,-0.6176137,0.026069652,1312.7977,0.9566605,75189.17,2502.526,84975.51,1502.5259,18.060041,0.00017156811,0.7512794,7.936398e-05,0.44282976,,,,,,9.115478e-05,,6.049931e-05,0.00020858162,19262.676,0.1672824,232.29848,,,,1.3400272e-05
2519,2025-05-27 00:00:00+03:00,-0.12721983,0.031153357,908.27576,0.09420623,77347.836,2338.8376,85103.99,1555.4005,2.5427868,6.0218183e-05,1.1047966,3.2672768e-05,0.09383071,1880.9371,3000.3586,0.031118259,1896.7461,2.7915554,8.515737e-05,1.40037955e-05,7.115357e-05,0.0002135652,19277.584,0.16796573,230.10432,3.794802e-05,0.3607723,1.1336773e-05,-2.781615e-06
2520,2025-05-28 00:00:00+03:00,,0.02936089,1256.4016,0.4106372,72517.82,2881.1401,81336.53,1935.3098,6.5922065,0.00010351435,1.04567,7.3769974e-05,0.23129714,,,,,,8.032683e-05,1.3101743e-05,6.73922e-05,0.00019784071,19260.832,0.16079968,233.22073,0.00013865823,0.35598734,4.6073426e-05,1.6397238e-05
2521,2025-05-29 00:00:00+03:00,-0.49023378,0.026756594,1630.1692,0.99020225,74565.57,2563.454,84365.09,1563.4541,25.544601,,,,,,,,,,7.643999e-05,,6.1477476e-05,0.00018806529,19261.275,0.15792926,232.34554,,,,1.0995993e-06
2522,2025-05-30 00:00:00+03:00,-0.35434064,0.029521052,1096.5353,0.014910328,65349.3,3634.0024,74181.24,2634.0027,6.1099243,8.219944e-05,0.9861779,5.2468582e-05,0.014262027,1882.9318,3001.915,0.09542019,1894.349,2.3858383,8.3346386e-05,2.6142192e-05,5.718648e-05,0.00019225129,16701.52,0.15152451,232.49776,0.00039004855,0.22681978,8.087896e-05,1.7367374e-05
2523,2025-05-31 00:00:00+03:00,0.1984116,0.042311534,976.2437,0.9732417,88401.67,1197.7852,98522.234,266.7646,14.333349,,,,,,,,,,7.134533e-05,,6.162677e-05,0.00015257423,19270.932,0.1500164,233.41109,,,,-7.660213e-07
2524,2025-06-01 00:00:00+03:00,2.0812922,0.051742632,1410.7267,0.34459406,56205.93,5166.001,63670.96,4179.0024,4.4923377,0.00014706158,0.84417576,8.816812e-05,0.34461695,,,,,,8.279018e-05,1.5544985e-05,6.5414875e-05,0.00020029259,16705.113,0.15103051,231.93233,3.3990367e-05,0.35782418,1.0235736e-05,5.348503e-06
2525,2025-06-02 00:00:00+03:00,0.91389674,0.042380735,1053.8126,0.5208631,86992.266,1301.6289,95808.72,494.56107,4.7245393,0.00019327289,1.2802424,0.00022985015,0.45855856,,,,,,7.738406e-05,2.1969994e-05,5.66899e-05,0.00020207028,16698.754,0.15482558,231.63274,2.489451e-05,0.5262571,2.1004424e-05,6.8538075e-06
2526,2025-06-03 00:00:00+03:00,-0.9240447,0.03144411,1235.699,0.44596463,69084.61,3317.851,77472.375,2377.0386,8.54805,7.51429e-05,0.9905894,4.1645253e-05,0.09643036,1891.2167,3000.0852,0.027598262,1905.391,2.4165509,8.605217e-05,1.6150678e-05,7.04064e-05,0.00021399377,19269.047,0.16842559,234.05675,-4.119558e-05,0.39343387,-1.5171846e-05,-2.2839438e-06
2527,2025-06-04 00:00:00+03:00,3.8981953,0.061124075,1462.5903,0.42693502,50974.71,6316.951,57918.445,5322.136,13.06077,0.0001633528,0.8844509,9.598905e-05,0.24950802,,,,,,7.394073e-05,1.2229427e-05,6.2328225e-05,0.00018609772,15562.977,0.1474629,234.07254,0.00023445222,0.37413278,4.504461e-05,1.4808677e-05
2528,2025-06-05 00:00:00+03:00,-0.57097614,0.028740942,2377.9836,0.9937533,56845.15,4792.8784,64502.99,3792.8777,24.150835,,,,,,,,,,7.9840866e-05,,6.0267477e-05,0.00015169378,16696.822,0.152891,234.10233,,,,-6.8767263e-06
2529,2025-06-06 00:00:00+03:00,1.3396115,0.045917068,1871.0385,0.917675,50158.402,5715.4727,57152.137,4715.4727,12.589906,4.3241704e-05,0.6951552,1.9503592e-05,0.38767546,,,,,,9.775247e-05,3.8889095e-05,5.8486497e-05,0.00019049863,19256.164,0.1515123,233.46942,-0.00011660537,0.29077244,-3.3905628e-05,-1.0785155e-06
2530,2025-06-07 00:00:00+03:00,-0.31285504,0.034684926,1360.1638,0.20295058,70535.51,3080.7302,78475.47,2217.8076,3.4908755,0.00012128272,1.0256063,8.8082656e-05,0.14826193,,,,,,8.04146e-05,1.5188712e-05,6.517852e-05,0.00019599259,16697.332,0.15841173,231.78876,4.8069796e-06,0.33662552,4.093434e-06,4.402982e-06
2531,2025-06-08 00:00:00+03:00,1.8410017,0.056187592,1189.4109,0.49071085,79727.31,2058.0427,88865.09,1145.556,7.1185355,9.736186e-05,1.105897,7.390363e-05,0.316951,,,,,,7.8166195e-05,1.6293288e-05,6.602764e-05,0.00019820583,19256.027,0.16189015,234.8291,0.0001294449,0.4638366,6.3678206e-05,-1.1443481e-05
2532,2025-06-09 00:00:00+03:00,1.3380064,0.052758574,1344.4353,0.92160267,76083.91,2396.9053,85743.58,1416.7969,16.850111,,,,,,,,,,7.70731e-05,,6.6586916e-05,0.00019574523,24238.836,0.16911578,234.7046,,,,
2533,2025-06-10 00:00:00+03:00,-0.5935785,0.035661645,1236.5624,0.6863871,59971.746,4468.165,68029.68,3471.5781,12.7655945,0.00023350414,0.71016073,0.000120625016,0.5362255,,,,,,8.251916e-05,1.5468486e-05,6.282527e-05,0.00019745277,19276.875,0.16416681,233.6753,0.00095362286,0.39818215,0.0001217993,3.5646735e-08
2534,2025-06-11 00:00:00+03:00,0.15870917,0.043730646,965.0131,0.9971602,89020.805,1105.4043,99043.75,195.67638,18.334396,,,,,,,,,,8.0751925e-05,,7.111661e-05,0.00023089326,19261.777,0.16878787,234.38425,,,,-6.959745e-06
2535,2025-06-12 00:00:00+03:00,0.3250017,0.038511492,846.9485,0.45041525,90095.97,1085.2933,97133.27,438.06906,4.1533623,2.9409915e-05,1.314193,-2.609785e-06,0.37008703,,,,,,8.117273e-05,7.803533e-06,7.268875e-05,0.00021426109,19280.152,0.16792504,232.55046,-6.579464e-05,0.70085114,-4.3051885e-05,-1.5419715e-05
2536,2025-06-13 00:00:00+03:00,-0.77772087,0.04271049,1316.677,0.206187,54343.047,5695.7373,61255.023,4737.913,4.675784,8.743915e-05,0.9068326,4.0022307e-05,0.19336255,,,,,,9.230325e-05,2.4790876e-05,6.715436e-05,0.00020230515,16717.502,0.15758796,231.7439,4.8982594e-05,0.287786,1.3681083e-05,1.9509043e-06
2537,2025-06-14 00:00:00+03:00,-0.53996265,0.037223242,883.2962,0.022691725,74003.64,2849.7175,83106.18,1904.5538,3.2687716,6.878191e-05,0.95703024,2.6784463e-05,0.025458388,1889.2623,3000.0498,0.023992885,1911.3406,3.4595284,8.588069e-05,2.0853393e-05,6.50273e-05,0.00020062253,14431.889,0.14935613,233.89926,5.056191e-05,0.36360285,1.7267852e-05,9.1594275e-06
2538,2025-06-15 00:00:00+03:00,-0.37468916,0.03525915,1044.8276,0.11318284,41826.633,7560.7607,47867.4,6560.7607,8.420506,6.352433e-05,0.99439394,2.1902197e-05,0.059142057,1899.1288,3000.5532,0.066442475,1914.9398,2.8265169,8.396139e-05,1.6523773e-05,6.6904104e-05,0.00020852927,14428.654,0.14577779,234.23972,0.0001880409,0.41671693,7.201941e-05,3.1199852e-05
2539,2025-06-16 00:00:00+03:00,-1.2581443,0.035528727,1791.2648,0.3644387,55427.285,5210.9917,62615.15,4237.856,6.3444004,0.00010100833,0.9272459,5.2080744e-05,0.2747582,,,,,,9.00162e-05,3.105233e-05,6.0068585e-05,0.00016280024,14425.127,0.14488678,234.60951,1.6203967e-05,0.40427697,6.255714e-06,1.5586113e-05
2540,2025-06-17 00:00:00+03:00,-0.13483764,0.042924635,1446.1357,0.17718622,74122.2,2773.1362,82737.59,1851.209,3.2492504,2.2127368e-05,1.0700855,-1.7977349e-05,0.16532373,,,,,,8.0526544e-05,1.1902659e-05,6.893017e-05,0.00020515267,16705.963,0.1492408,232.42706,8.0291786e-05,0.37321484,8.005583e-06,1.3118503e-06
2541,2025-06-18 00:00:00+03:00,-0.38314533,0.037346125,1106.0562,0.6624733,85467.33,1502.4656,95583.83,545.79443,7.869121,7.5563235e-05,1.055506,3.7621023e-05,0.2995925,,,,,,8.192833e-05,1.5114625e-05,6.651415e-05,0.00020433273,16700.984,0.15303522,233.54913,-0.00011437921,0.38880637,-4.536143e-05,-6.576801e-06
2542,2025-06-19 00:00:00+03:00,-0.3880581,0.037730195,1141.3135,0.58436334,83076.03,1727.5641,92243.33,852.98444,7.8896127,8.08714e-06,0.9753026,-3.1428044e-05,0.23582393,,,,,,8.511486e-05,1.0869779e-05,7.452439e-05,0.00021759208,21951.598,0.17060924,236.39346,3.7335358e-05,0.44276586,1.730124e-05,1.857924e-05
2543,2025-06-20 00:00:00+03:00,-0.4134973,0.04009641,1302.444,4.9152954e-05,76255.125,2403.8115,86610.55,1403.8119,4.3770123,3.9353414e-05,0.9760419,-6.5512177e-07,0.011086026,1892.693,3000.0137,0.02450187,1913.8008,3.6992023,8.611891e-05,1.4465793e-05,7.165312e-05,0.00021537158,22168.25,0.15557358,235.56961,-5.7530175e-05,0.3913607,-2.024237e-05,-1.8957822e-05
2544,2025-06-21 00:00:00+03:00,-0.6961922,0.029046396,1375.4028,0.9762631,79830.55,2068.375,90115.23,1068.375,19.86518,-1.3921926e-05,1.0254985,-5.2306168e-05,0.5360101,,,,,,7.428711e-05,,6.596084e-05,0.00015350667,16706.223,0.15144037,235.1395,,,,-2.160012e-05
2545,2025-06-22 00:00:00+03:00,-0.6281793,0.03569419,885.3583,0.433617,84145.36,1668.9307,91798.84,932.26465,5.746941,8.141779e-06,0.9633551,-3.066509e-05,0.21198818,,,,,,8.631521e-05,1.8191922e-05,6.8520676e-05,0.00021820918,17815.512,0.15012613,234.19225,1.8517036e-05,0.33928007,-6.771279e-07,-3.6250454e-05
2546,2025-06-23 00:00:00+03:00,-0.4948547,0.030364532,1395.9907,0.61288023,53259.65,5419.6963,60445.53,4423.026,7.365674,0.00015709637,0.7583513,6.500867e-05,0.3439132,,,,,,8.989911e-05,1.6269003e-05,6.618285e-05,0.00019506551,16691.342,0.14755599,234.1842,-0.00023956428,0.3595132,-8.632615e-05,-5.6523163e-06
2547,2025-06-24 00:00:00+03:00,-0.4107337,0.028098326,1487.6567,0.98984945,67486.414,3298.3064,76440.625,2298.3064,23.86589,,,,,,,,,,7.9380436e-05,,6.791475e-05,0.00019100614,23147.914,0.16189674,236.40475,,,,4.604619e-06
2548,2025-06-25 00:00:00+03:00,-0.4541084,0.031930834,1704.1466,0.8803285,67639.35,3308.5261,76586.016,2308.5261,40.88815,,,,,,,,,,7.667781e-05,,6.291165e-05,0.00018569651,22103.48,0.15217707,236.32153,,,,-1.1431728e-05
2549,2025-06-26 00:00:00+03:00,-0.29601383,0.036128934,1177.3837,0.0,82866.44,1723.9102,93524.06,723.9102,4.4108486,2.2199632e-05,0.89964116,-2.4244297e-05,0.00036458444,1869.8757,3000.0142,0.02432084,1894.0214,3.9513407,8.340708e-05,1.7080467e-05,6.632661e-05,0.00021125414,17827.172,0.14693013,236.11566,0.0001069535,0.3149615,2.7798422e-05,-4.1746316e-06
2550,2025-06-27 00:00:00+03:00,-0.011937201,0.030927451,1481.8198,0.99211985,86521.305,1348.1141,96951.16,367.6795,32.88821,,,,,,,,,,7.307098e-05,,6.362876e-05,0.00020723318,19257.52,0.14708447,236.32806,,,,
2551,2025-06-28 00:00:00+03:00,-0.2939164,0.029778827,1612.3141,0.56565315,50523.113,5873.8154,57493.977,4876.16,6.8458586,5.2563097e-05,1.0059781,9.8174e-06,0.14114879,,,,,,8.173497e-05,2.2836459e-05,5.8487658e-05,0.00017702093,16703.715,0.14057319,233.48042,-6.2469035e-06,0.33955225,-3.2605243e-07,-4.4604712e-06
2552,2025-06-29 00:00:00+03:00,-0.3719979,0.034396246,1003.77246,0.027995104,71142.35,3004.2424,80212.77,2022.7156,2.7926877,7.451243e-05,1.0111578,3.4661178e-05,0.027513657,1874.5486,3000.1147,0.030005574,1903.0479,4.955849,7.7238066e-05,1.0694586e-05,6.6543485e-05,0.00018808088,16697.21,0.14055638,234.11401,4.958887e-05,0.3552882,1.7610328e-05,8.525294e-06
2553,2025-06-30 00:00:00+03:00,-0.6252074,0.032371763,1019.9603,0.0012082078,86945.875,1344.062,97642.66,344.0621,5.262753,5.709652e-05,1.0353968,1.6797854e-05,0.0026327497,1817.9988,3000.0269,0.032381874,1845.8029,5.398485,8.1674414e-05,1.5855163e-05,6.581928e-05,0.00019378113,19269.98,0.14970022,235.01715,-2.706096e-06,0.3425464,-1.8318929e-06,-1.6116905e-07
2554,2025-07-01 00:00:00+03:00,-0.31934926,0.030417662,1282.0691,0.0,,,,,,7.5325304e-05,0.97352266,3.314898e-05,0.0,1907.9215,2999.9902,0.016193435,1927.5792,3.2750902,7.939709e-05,1.5818747e-05,6.3578336e-05,0.0001954331,19042.254,0.13572375,235.13158,0.00014666615,0.28438762,3.763161e-05,-2.3212467e-06
2555,2025-07-02 00:00:00+03:00,-0.4681059,0.02671433,1230.2552,0.0,,,,,,7.716439e-05,0.99806964,3.8159575e-05,0.0,1885.5834,2999.9946,0.020647762,1907.0376,3.3695552,8.191203e-05,1.9250001e-05,6.266203e-05,0.00015802102,16706.559,0.13286746,235.07991,-7.1527293e-06,0.33350593,-2.4552526e-06,-1.2721491e-06
2556,2025-07-03 00:00:00+03:00,-0.43465313,0.029799437,1487.0524,0.8380729,59434.258,4510.668,67307.516,3514.9148,14.887893,0.00021861595,0.897928,0.00014957185,0.18361409,,,,,,7.6424985e-05,2.4273815e-05,6.0402366e-05,0.00018236876,13057.714,0.13606815,233.8528,0.0002029477,0.44075823,8.902308e-05,1.443867e-05
2557,2025-07-04 00:00:00+03:00,-0.7956611,0.03284303,1144.2645,0.60977536,53048.71,5507.255,60281.11,4519.1514,7.6623454,4.1339703e-05,0.91169316,-1.7964072e-05,0.23246047,,,,,,7.073798e-05,-1.3944252e-07,7.46982e-05,0.00019310479,22178.191,0.15339704,234.99309,0.0001574946,0.3371066,5.0092942e-05,9.064323e-06
2558,2025-07-05 00:00:00+03:00,-0.9246949,0.029195257,1448.9712,0.89677566,71329.664,2981.3289,80532.15,1981.3289,17.056948,,,,,,,,,,8.624747e-05,,5.9777492e-05,0.00017382269,19082.988,0.14518817,235.76805,,,,-1.2201886e-05
2559,2025-07-06 00:00:00+03:00,-0.66860557,0.029837947,2866.1587,0.08675202,55099.336,5328.31,62502.727,4328.31,6.4947004,7.085243e-05,0.90869623,1.798111e-05,0.039429806,1872.9698,3000.69,0.06157729,1890.8795,2.8037405,8.407867e-05,1.3159691e-05,7.096458e-05,0.00020973272,19254.926,0.15141527,236.27795,8.4004954e-05,0.3190061,2.492593e-05,5.586169e-06
2560,2025-07-07 00:00:00+03:00,-0.24599016,,,1.0,66452.34,3434.2527,75378.664,2434.2527,82.751884,,,,,,,,,,9.4295254e-05,,5.8947855e-05,0.00014325212,16685.842,0.14502165,236.55606,,,,-1.8848144e-05
2561,2025-07-08 00:00:00+03:00,-0.47929755,0.034493275,1686.5461,0.4755137,69510.19,3369.7866,78004.95,2410.9883,5.491687,9.9620825e-05,1.0038407,4.616684e-05,0.35080317,,,,,,8.4441774e-05,1.3277373e-05,7.156568e-05,0.00022312734,19249.215,0.15091014,235.57927,-8.361779e-05,0.60631865,-5.388645e-05,-1.4171867e-05
2562,2025-07-09 00:00:00+03:00,-0.5687791,0.032779973,1612.9541,1.0,64325.81,3797.9363,72785.67,2799.218,21.10924,,,,,,,,,,7.591967e-05,,6.752816e-05,0.00019134207,16915.541,0.15126896,233.90096,,,,
2563,2025-07-10 00:00:00+03:00,-0.8387341,,,0.99553406,47128.082,6226.4355,53763.984,5226.4355,21.411343,,,,,,,,,,6.873041e-05,,6.8007386e-05,0.00017937354,19261.762,0.14956158,236.30487,,,,
2564,2025-07-11 00:00:00+03:00,-1.0026144,0.032884777,2227.993,0.80090445,78662.984,2184.4722,87639.01,1258.2343,16.90946,,,,,,,,,,7.9750636e-05,,6.768115e-05,0.00020233217,22109.977,0.15093155,236.57034,,,,-1.650154e-05
2565,2025-07-12 00:00:00+03:00,-0.5567357,0.034920108,1481.0228,0.6617398,78745.56,2164.0728,88751.09,1164.0725,29.127325,-3.76829e-05,1.0686312,-9.415943e-05,0.20531574,,,,,,7.3514224e-05,,7.124154e-05,0.0002098145,22147.572,0.14850542,236.97504,0.00016132217,0.46168986,7.364626e-05,1.4999006e-05
2566,2025-07-13 00:00:00+03:00,-0.7193175,,,0.7459061,39663.203,7800.6973,45279.945,6815.3745,6.5619226,-3.530134e-05,0.7713997,-7.80051e-05,0.34598884,,,,,,7.113043e-05,1.270846e-05,7.7818564e-05,0.00022647998,22164.096,0.1573545,235.53339,5.9096164e-05,0.46563393,2.7034122e-05,4.90558e-06
2567,2025-07-14 00:00:00+03:00,-0.6561864,0.03036791,2101.7876,0.5976203,67070.61,3688.821,75155.336,2737.5513,8.280056,9.012058e-05,0.90513706,4.6553294e-05,0.26979065,,,,,,8.395493e-05,1.1945551e-05,7.070276e-05,0.00021000904,22149.67,0.15309703,232.59328,2.9575887e-05,0.534089,1.4701658e-05,6.7780484e-06
2568,2025-07-15 00:00:00+03:00,-1.0390718,0.030858453,2158.8757,0.3052665,69160.21,3357.1685,76954.22,2462.5493,6.0115557,0.00012641873,1.0226057,8.0793456e-05,0.20771572,,,,,,8.774894e-05,2.0343905e-05,6.716399e-05,0.00021422515,19261.797,0.14781743,235.63202,1.4411743e-05,0.73184943,8.546078e-06,6.9631824e-08
2569,2025-07-16 00:00:00+03:00,-0.522985,0.030828701,2101.2305,0.9932261,73637.78,2740.2417,82796.625,1760.684,22.577827,,,,,,,,,,7.740203e-05,,6.3616346e-05,0.00019665412,19251.578,0.14332828,235.81958,,,,-6.959249e-07
2570,2025-07-17 00:00:00+03:00,-0.58432186,0.0382464,2044.6722,0.2522611,72335.72,3078.8071,80991.49,2123.5078,8.568082,0.00010280544,1.0090407,4.395798e-05,0.16148925,,,,,,8.197843e-05,1.3281277e-05,6.968384e-05,0.00021275318,19256.586,0.14427342,236.19064,-5.9511964e-05,0.6847565,-4.0817722e-05,-2.0401309e-05
2571,2025-07-18 00:00:00+03:00,-1.2648498,0.03265954,2234.5527,0.48171085,74044.41,2811.874,83001.91,1851.8639,6.491731,0.00014421264,1.0613738,9.908708e-05,0.21679506,,,,,,8.169327e-05,1.9330613e-05,6.34627e-05,0.00016484055,16699.328,0.14603224,237.00226,-2.2036691e-05,0.6297039,-1.5269601e-05,1.7629172e-06
2572,2025-07-19 00:00:00+03:00,-0.66855973,0.03350493,2258.7292,0.824249,43863.55,6978.165,49994.0,5981.927,20.214819,2.7376596e-05,0.82382363,-2.7578863e-05,0.32535413,,,,,,8.6851695e-05,1.8697394e-05,6.602173e-05,0.00020275566,16696.781,0.14744733,232.89323,-7.991802e-05,0.62155807,-4.745593e-05,7.5066505e-06
2573,2025-07-20 00:00:00+03:00,-0.6889364,0.036808126,2259.4106,0.58538145,68773.375,3376.7124,77262.73,2409.1704,12.931561,9.666104e-05,0.95267606,4.4805878e-05,0.19840582,,,,,,7.725658e-05,1.0005147e-05,6.5934306e-05,0.00019429089,16693.656,0.1459465,235.44519,9.98753e-05,0.64511895,5.9779562e-05,1.3518956e-05
2574,2025-07-21 00:00:00+03:00,-1.0650141,0.03413052,2744.3657,0.22840285,72325.96,3022.9644,81127.61,2056.8857,5.2485533,0.0001295661,0.83886325,5.667018e-05,0.096413955,,,,,,8.310902e-05,1.8214861e-05,6.354965e-05,0.00019868964,16693.133,0.14437446,236.90152,3.2295215e-05,0.4896239,1.4965518e-05,1.1286834e-05
2575,2025-07-22 00:00:00+03:00,-0.63288665,0.03403931,2032.9319,0.23206186,73655.56,2755.833,82572.53,1781.9478,6.0797997,0.00015811232,0.9836234,9.757113e-05,0.16728216,,,,,,8.398671e-05,1.9850926e-05,6.5190296e-05,0.00020746206,16689.29,0.14395405,236.99869,0.00010963819,0.49352568,4.6014182e-05,1.527149e-05
2576,2025-07-23 00:00:00+03:00,-1.3154576,0.03440346,2715.0837,0.87241346,54569.82,5184.095,61722.582,4200.56,11.536253,0.00011024947,0.9935399,6.392257e-05,0.19955865,,,,,,7.758518e-05,1.6498092e-05,6.383874e-05,0.00015416718,19252.72,0.14613698,235.63011,-8.792081e-05,0.6453459,-4.893849e-05,-2.106272e-05
2577,2025-07-24 00:00:00+03:00,-0.4213252,0.032468613,1947.6917,0.888684,76125.984,2434.871,85780.75,1436.746,13.061659,0.00012619773,1.0704339,8.080603e-05,0.35712904,,,,,,8.240793e-05,3.3451484e-05,6.5496424e-05,0.00021816377,19256.959,0.14900963,234.14944,1.837817e-05,0.6889953,1.2662473e-05,2.7767586e-05
2578,2025-07-25 00:00:00+03:00,-1.0445629,0.03271161,2344.7168,0.13695006,72481.45,2961.4504,79318.31,2176.5554,5.2327237,8.48151e-05,1.0532426,3.5331737e-05,0.08508935,1872.2473,3000.202,0.050762717,1900.9543,4.7204366,8.2239734e-05,2.0018093e-05,6.257871e-05,0.00019549852,19123.816,0.14373595,235.56125,-1.2125997e-06,0.5498355,1.5215289e-06,-5.480284e-07
2579,2025-07-26 00:00:00+03:00,-0.96994555,0.031898003,1935.8629,0.20086747,80874.59,2011.5231,89214.94,1168.048,3.9828494,9.6464464e-05,1.3533504,7.276944e-05,0.16728327,,,,,,7.70842e-05,1.2149129e-05,6.460324e-05,0.00019514372,19262.676,0.1446116,236.17293,-3.508706e-05,0.8938471,-3.189388e-05,-1.09332095e-05
2580,2025-07-27 00:00:00+03:00,-0.8966702,0.034927182,2108.516,0.13453288,77585.94,2378.6072,86563.41,1444.2156,5.0978646,0.00013703317,1.1123681,0.0001003326,0.061308384,1898.9094,3000.8625,0.05063742,1913.6932,2.5543506,8.806203e-05,2.6012469e-05,6.322099e-05,0.00021549556,16696.828,0.14284901,236.46217,-9.648115e-06,0.77602303,-8.333165e-06,-1.7636171e-06
2581,2025-07-28 00:00:00+03:00,-0.811814,0.031593908,2754.0393,0.99999845,53004.566,5465.128,60140.297,4465.128,44.091805,,,,,,,,,,0.00010447869,,5.3732554e-05,0.000179286,16690.117,0.13501716,237.72331,,,,
2582,2025-07-29 00:00:00+03:00,-0.38769078,0.027205281,2681.826,0.9908681,51647.242,5628.1943,58650.414,4628.195,15.802435,,,,,,,,,,9.0180474e-05,,6.550217e-05,0.00021694123,18147.543,0.14681806,235.4355,,,,3.9873426e-06
2583,2025-07-30 00:00:00+03:00,-0.51950926,,,0.99763215,45422.273,6561.3438,51714.508,5561.3438,28.904787,,,,,,,,,,7.5942095e-05,,6.212924e-05,0.00017888198,19261.215,0.142934,235.52774,,,,
2584,2025-07-31 00:00:00+03:00,-0.9289509,0.03440606,1603.0403,0.45085564,39186.61,8156.869,44829.066,7161.3677,5.3028374,8.128182e-05,0.9086778,2.1345058e-05,0.20979732,,,,,,7.130824e-05,4.844352e-06,6.741001e-05,0.00018874591,19264.262,0.14167899,236.43161,1.0022888e-05,0.50870144,8.5554575e-06,3.837411e-06
2585,2025-08-01 00:00:00+03:00,-0.9564089,0.030583665,2237.7559,0.61821353,51395.062,5573.0254,58458.902,4577.735,9.592045,4.3402786e-05,1.0050471,-8.392713e-06,0.21445699,,,,,,8.2350714e-05,1.4339543e-05,6.818467e-05,0.0002042593,22130.525,0.15073352,235.98674,-4.5205383e-05,0.5928918,-2.7585811e-05,-1.3795375e-07
2586,2025-08-02 00:00:00+03:00,-1.0944585,0.036760554,1771.2542,0.18948239,75443.44,2543.08,84385.89,1610.4053,5.7043447,9.000083e-05,1.128984,4.7381043e-05,0.0949102,1915.1229,3000.1267,0.033756543,1932.8375,3.1107993,8.594545e-05,2.295318e-05,6.333881e-05,0.00021765777,22138.41,0.14563394,236.18903,-0.00010038793,0.6304369,-5.1424406e-05,-1.7443639e-05
2587,2025-08-03 00:00:00+03:00,-1.0033222,0.035275754,1876.6576,0.1262632,80112.23,2084.3262,89549.83,1140.1246,4.992881,0.00015292004,0.98893464,0.00010042463,0.10124949,,,,,,9.44016e-05,3.15743e-05,6.328649e-05,0.00018193212,19268.625,0.14100504,235.41663,1.4888036e-05,0.4702762,5.7784005e-06,3.4181376e-06
2588,2025-08-04 00:00:00+03:00,-0.39326704,0.029746596,2354.8071,0.94673884,65271.28,3753.6802,73828.81,2753.6797,17.931864,,,,,,,,,,8.662586e-05,,6.455048e-05,0.00022131212,19484.168,0.14869824,234.68616,,,,-4.150778e-08
2589,2025-08-05 00:00:00+03:00,-0.3735406,0.034457467,1985.561,1.0,60801.934,4451.0146,68868.91,3451.0146,53.154762,,,,,,,,,,0.00012317058,,5.234057e-05,0.00017801308,13054.763,0.13381374,236.08557,,,,-5.91723e-06
2590,2025-08-06 00:00:00+03:00,-0.774757,0.032741107,1500.2336,0.49051076,74176.25,2692.649,83601.67,1719.9685,7.297673,3.8963495e-05,1.1699047,-6.528324e-06,0.23662472,,,,,,8.019121e-05,1.4601538e-05,6.705457e-05,0.00020642919,20713.04,0.15726602,235.7051,2.1942236e-05,0.6581547,1.4578637e-05,-4.861893e-06
2591,2025-08-07 00:00:00+03:00,-0.5877155,0.05357378,1283.7842,0.42089856,77838.58,2355.0747,87066.766,1428.5854,7.320196,4.942977e-05,1.1828152,5.676422e-06,0.20911728,1854.0735,3000.01,0.058374356,1882.5549,4.604707,7.095262e-05,9.396844e-06,6.49225e-05,0.00019298962,19279.57,0.1458817,235.3421,3.8649552e-05,0.5601005,2.4495479e-05,5.7733637e-06
2592,2025-08-08 00:00:00+03:00,-1.4360819,0.0374478,1546.0625,0.4303293,70247.16,3155.059,79201.21,2164.7383,8.111806,9.865643e-05,0.8584368,3.7660226e-05,0.12310406,,,,,,8.684926e-05,2.6817495e-05,6.2727224e-05,0.00016726648,21752.291,0.15372619,235.36163,-1.271087e-05,0.3422278,-3.1831432e-06,-5.270565e-06
2593,2025-08-09 00:00:00+03:00,-0.44103506,0.057849403,1464.5325,0.14318687,85695.33,1543.2328,93906.14,766.84106,2.591032,0.00012013814,1.0556327,7.326846e-05,0.14729553,1891.5851,3000.3762,0.037945256,1913.9978,3.8263676,8.201407e-05,1.977433e-05,6.2239735e-05,0.00021331423,16709.586,0.14286523,233.50429,0.00020394505,0.30093715,5.4156866e-05,1.5619391e-05
2594,2025-08-10 00:00:00+03:00,-0.76471865,0.038496368,1265.0203,0.08070089,82150.31,1878.5468,88466.14,1233.0219,2.83971,3.685907e-05,0.9856011,-1.346962e-05,0.08669423,1861.5237,3000.3286,0.04745031,1882.3539,3.5573273,7.90513e-05,1.672464e-05,6.232665e-05,0.00019980475,20720.098,0.15084645,235.45253,-6.196745e-05,0.37918895,-2.5073243e-05,-1.61395e-05
2595,2025-08-11 00:00:00+03:00,-0.83606994,,,0.73919725,50795.227,5744.713,57794.82,4744.7124,7.489112,6.254083e-05,0.79528165,-7.907198e-06,0.3527477,,,,,,7.067343e-05,,5.8663038e-05,0.00017035916,17804.441,0.1362948,234.81284,0.00033807184,0.36744094,0.00012845804,1.0994227e-06
2596,2025-08-12 00:00:00+03:00,-0.72856945,0.03998867,1462.6018,0.36396337,90182.89,1117.3772,97571.195,424.0396,7.361767,7.350056e-05,1.1361679,2.8436609e-05,0.13953736,,,,,,7.336927e-05,1.6517224e-05,5.7626283e-05,0.00018883505,19284.55,0.13786948,234.73602,-5.177632e-05,0.3885035,-1.1923184e-05,-9.528848e-06
2597,2025-08-13 00:00:00+03:00,-0.3842597,0.035137527,1565.5862,0.063417666,88592.336,1268.32,97554.266,433.67657,9.396769,8.8673914e-05,1.0228901,4.216423e-05,0.053636283,1827.5736,3000.024,0.056819722,1861.1617,6.8700323,7.8030585e-05,1.9131752e-05,5.8805876e-05,0.00020201708,19287.635,0.1339765,235.02728,0.00023715537,0.29035196,4.083173e-05,-2.0111213e-05
2598,2025-08-14 00:00:00+03:00,-0.20417815,0.038270913,2093.3738,0.1437763,72618.43,3101.4001,81089.734,2168.105,4.7733974,0.00017026963,0.9332445,0.000109054905,0.14049079,,,,,,7.792753e-05,1.7069227e-05,6.0902174e-05,0.00021378614,16714.695,0.13132717,234.53174,0.0001298039,0.25968653,2.1337644e-05,-1.39550775e-05
2599,2025-08-15 00:00:00+03:00,-0.18781756,,,0.96724653,54964.46,5158.01,62602.586,4158.0103,27.769377,,,,,,,,,,8.219579e-05,,5.2241303e-05,0.00017439763,16709.48,0.12944183,234.14645,,,,3.219998e-06
2600,2025-08-16 00:00:00+03:00,-0.5855737,0.034793366,1182.6371,0.018745935,32745.717,8982.631,37645.684,7982.6304,6.1153283,3.2073443e-05,1.067315,-1.7619763e-05,0.019652268,1863.591,3000.0405,0.030400725,1890.7151,5.4795885,6.987296e-05,1.064832e-05,5.9224636e-05,0.0001817331,16700.691,0.1318953,235.0102,-6.212022e-05,0.40243602,-2.397644e-05,-1.0994493e-05
2601,2025-08-17 00:00:00+03:00,-0.5799768,0.036791675,1368.6984,0.90772176,81256.2,1840.3936,91928.67,840.39343,14.502703,5.4701417e-05,1.4134022,2.1927051e-05,0.35164058,,,,,,6.764245e-05,,5.4192296e-05,0.00017391387,19264.967,0.14094111,234.46176,,,,4.4952285e-05
2602,2025-08-18 00:00:00+03:00,-0.75302935,0.037162267,1248.7085,0.19092928,89479.17,1135.0925,98303.83,328.07385,6.185162,6.437689e-05,1.1565589,2.3692077e-05,0.11764318,1870.3628,3000.0112,0.037282422,1905.0355,7.216087,7.308302e-05,1.6180084e-05,5.584386e-05,0.00019069706,16625.291,0.13409792,234.66435,-7.214149e-05,0.44855213,-3.1508564e-05,-3.1404434e-05
2603,2025-08-19 00:00:00+03:00,-0.7032698,0.03268931,1689.6664,0.0,,,,,,8.831374e-05,1.0315307,4.564196e-05,0.0,1886.746,3000.293,0.027275708,1903.979,2.996119,7.489953e-05,1.4052608e-05,6.084692e-05,0.0001599221,14424.213,0.1363029,234.95175,2.7261896e-05,0.39572302,1.093345e-05,5.555066e-06
2604,2025-08-20 00:00:00+03:00,-0.32906085,0.03385935,725.2588,0.29862615,80107.11,1971.3889,90147.81,998.59625,6.656007,-1.7095921e-05,1.02577,-6.1596766e-05,0.18409865,,,,,,7.3564e-05,9.655121e-06,6.3887375e-05,0.00020500922,19256.646,0.14553633,234.43323,0.000206409,0.44215405,7.718e-05,4.350897e-05
2605,2025-08-21 00:00:00+03:00,-0.41428232,0.036966346,754.4557,0.9804081,62731.316,3914.4915,71167.28,2914.4917,22.832115,,,,,,,,,,6.825458e-05,,6.0075152e-05,0.00018059523,19259.512,0.14336056,234.7364,,,,2.0908563e-05
2606,2025-08-22 00:00:00+03:00,-0.78372335,0.03325853,1283.2761,0.4253981,76025.93,2406.1816,85270.65,1459.7559,7.9730797,4.30661e-05,1.1071682,-3.7749517e-06,0.13790959,,,,,,6.884431e-05,1.2722687e-05,5.903747e-05,0.00018084797,16695.043,0.14828289,234.92819,3.215606e-05,0.44044393,1.0710415e-05,2.983634e-06
2607,2025-08-23 00:00:00+03:00,-0.56974006,0.032766774,1011.3321,0.42038462,81754.375,1773.4148,91415.87,840.8648,8.059781,2.1968548e-05,1.2767091,-2.4413452e-05,0.21050727,,,,,,7.095944e-05,1.9147134e-05,6.05112e-05,0.00022656922,24217.928,0.15946496,235.34756,9.014072e-05,0.72470206,6.062242e-05,7.991753e-06
2608,2025-08-24 00:00:00+03:00,-1.1459069,0.032433733,1230.7192,0.8633292,80763.945,1876.4451,91026.516,886.46533,14.230979,3.1542353e-05,1.1182166,-1.4457446e-05,0.39154705,,,,,,6.713602e-05,1.9011964e-05,5.8896705e-05,0.00015379884,22127.137,0.16085371,235.0457,0.00011112901,1.1731169,0.00013218731,1.9128267e-05
2609,2025-08-25 00:00:00+03:00,-0.39673227,0.031270985,1226.7916,0.6097691,73616.19,2753.1611,83114.95,1766.0337,7.592762,-1.9192777e-05,1.194449,-7.413158e-05,0.3535263,,,,,,7.079524e-05,1.2613364e-05,5.9848804e-05,0.00020062504,24235.018,0.1634345,233.26088,-1.3548095e-05,0.6672199,-1.2109385e-05,-3.2165287e-06
2610,2025-08-26 00:00:00+03:00,-0.9332015,0.029751219,1054.6599,0.4216358,61642.16,4218.774,69873.37,3233.1428,8.004025,-1.3480803e-06,0.9857906,-4.6482382e-05,0.23546126,,,,,,6.924774e-05,1.1878799e-05,5.8783327e-05,0.00018462777,22139.291,0.16330427,234.52774,-0.00014100476,0.49738038,-6.626712e-05,-3.0987852e-05
2611,2025-08-27 00:00:00+03:00,-0.8385819,0.031434305,1576.5994,0.23830509,68421.87,3581.7285,75831.66,2709.46,5.585674,7.624643e-05,1.0237975,2.2685732e-05,0.1399932,,,,,,7.239662e-05,1.5839982e-05,5.4997763e-05,0.00018113847,19067.148,0.14959806,233.98784,7.297193e-05,0.40171307,2.6958145e-05,2.0985506e-05
2612,2025-08-28 00:00:00+03:00,-0.69131494,0.03452362,1498.3893,0.5167377,58502.977,4966.563,65691.05,4014.4792,7.204993,0.00015623326,0.95925325,9.800722e-05,0.19176646,,,,,,9.074958e-05,3.4272005e-05,4.9960618e-05,0.00017623609,16697.963,0.14288844,232.91013,9.845403e-06,0.36793825,4.0100576e-06,6.175892e-07
2613,2025-08-29 00:00:00+03:00,-0.43023476,0.033765007,2654.418,0.9640645,70332.19,3163.4153,78818.64,2202.5134,19.862274,0.00014667079,0.9419727,8.462494e-05,0.35020578,,,,,,0.00012272806,3.633101e-05,4.90303e-05,0.0002097801,14419.047,0.13452667,233.74713,-0.00022890068,0.33392566,-7.6190496e-05,-1.4578447e-05
2614,2025-08-30 00:00:00+03:00,-0.5392788,0.027690005,1496.1934,0.9990849,69397.28,3173.6633,78306.39,2173.6633,53.523834,,,,,,,,,,7.144463e-05,,5.2323263e-05,0.00019257698,16695.406,0.139004,232.78993,,,,3.3961846e-06
2615,2025-08-31 00:00:00+03:00,-0.64227325,0.029232407,1853.8552,0.6052196,85320.766,1532.6709,95180.0,589.3939,7.4763784,0.00010296014,1.0043182,5.234123e-05,0.23336203,,,,,,7.448527e-05,2.3373876e-05,5.1709358e-05,0.00020175689,16700.812,0.14273962,232.71376,0.000100448655,0.50112104,4.8646696e-05,8.037292e-06
2616,2025-09-01 00:00:00+03:00,-0.5181196,0.029683502,1168.7092,0.46762788,84404.484,1622.9521,94526.33,653.94165,6.3493586,0.00013772197,1.023797,8.904513e-05,0.24969587,,,,,,6.938828e-05,2.4171733e-05,4.8908623e-05,0.00017964168,16702.82,0.13117526,233.13437,3.6884594e-05,0.59847796,1.6151218e-05,9.2798855e-06
2617,2025-09-02 00:00:00+03:00,-0.54160976,0.033058822,1933.0293,,,,,,,0.000106935804,1.0244484,6.119168e-05,0.023116767,1903.1604,3000.3428,0.032546725,1920.0847,2.90835,7.994221e-05,3.366381e-05,4.6278394e-05,0.00018602409,16698.703,0.13052873,231.405,2.7742004e-05,0.57027006,1.4996645e-05,7.159943e-06
2618,2025-09-03 00:00:00+03:00,-0.47646847,0.029900596,2093.1882,0.7586335,62229.777,4425.522,70117.89,3443.9238,8.840671,5.4813732e-05,0.80876017,6.0363222e-06,0.34375766,,,,,,7.2922834e-05,2.6253942e-05,4.6123918e-05,0.00016996007,15707.238,0.12686706,232.14317,2.9221403e-05,0.3668817,1.0972986e-05,8.005073e-06
2619,2025-09-04 00:00:00+03:00,-0.8572255,0.028067864,1486.1437,0.0,,,,,,7.130096e-05,1.0190878,2.648191e-05,0.0,1881.2667,3000.2844,0.033537813,1899.608,3.2659843,7.214728e-05,2.4918538e-05,4.722875e-05,0.00014821958,14426.562,0.11782969,232.01796,-1.2649508e-05,0.39143834,-4.786066e-06,-2.1279714e-06
2620,2025-09-05 00:00:00+03:00,-0.59367955,0.028176455,1577.4966,0.14484565,87343.78,1379.7656,93452.09,804.6387,3.5431266,7.950183e-05,1.0813916,3.521212e-05,0.15794268,1866.4032,3000.1853,0.03482541,1883.4988,2.8989475,7.576262e-05,2.9566501e-05,4.6213394e-05,0.00019347452,14426.693,0.11669294,231.65817,-3.8883943e-05,0.4304404,-1.7764303e-05,-3.6824783e-06
2621,2025-09-06 00:00:00+03:00,-0.5041937,0.03250247,2052.4797,0.97141683,93991.61,742.958,101698.83,35.05259,12.579784,,,,,,,,,,6.754551e-05,,4.8253776e-05,0.00018813636,16709.396,0.11902757,232.45705,,,,-1.2050298e-06
2622,2025-09-07 00:00:00+03:00,-0.697624,0.03247327,2202.3442,0.29166394,77227.41,2475.7349,85928.875,1563.2726,5.5434723,0.00014204983,0.9894252,8.4106665e-05,0.19782825,,,,,,7.926479e-05,3.1511685e-05,4.512885e-05,0.00017816696,16711.82,0.11485937,232.10072,-2.2427064e-05,0.6393081,-1.1347454e-05,1.3009189e-06
2623,2025-09-08 00:00:00+03:00,-0.48999405,0.03133287,1400.2576,0.22800002,87126.7,1435.9664,95973.38,593.11536,5.359256,8.718203e-05,0.99124587,3.3586064e-05,0.16227058,,,,,,7.307698e-05,2.676721e-05,4.6721365e-05,0.00018903491,16711.688,0.11163463,232.08627,-7.719931e-05,0.38219464,-2.3534401e-05,-9.661557e-06
2624,2025-09-09 00:00:00+03:00,-1.1171597,0.031854536,1380.7727,0.37808943,85254.18,1593.8324,94971.59,663.74634,7.9683137,6.106308e-05,1.0529215,2.0368103e-05,0.18760774,,,,,,7.148767e-05,2.1632657e-05,4.7607416e-05,0.00015874494,16710.266,0.11087838,232.10707,7.294424e-05,0.5057583,3.9584134e-05,5.1393354e-06
2625,2025-09-10 00:00:00+03:00,-0.7354316,0.033531316,1799.9617,0.7515133,69746.34,3264.2625,78070.72,2322.894,12.9557905,0.00014487191,0.96843725,9.4689465e-05,0.41849765,,,,,,6.799088e-05,2.0175088e-05,4.8319056e-05,0.00019054674,16706.715,0.11335824,231.29442,,,,-5.906461e-06
2626,2025-09-11 00:00:00+03:00,-0.56012243,,,1.0,46494.25,6359.9097,52823.17,5359.9097,100.50659,,,,,,,,,,0.0001520666,,4.078307e-05,0.00016648314,14421.248,0.11233198,231.62973,,,,-1.5623827e-05
2627,2025-09-12 00:00:00+03:00,-0.4319829,0.033296946,1443.9257,0.6008923,86460.16,1450.4058,94557.75,671.7131,8.277405,3.150333e-05,1.2282517,-1.1706341e-05,0.3193561,,,,,,7.367339e-05,1.9043357e-05,4.9176277e-05,0.00018960846,16999.752,0.11329128,232.18774,-9.36163e-05,0.4793611,-3.6728958e-05,8.5938734e-07
2628,2025-09-13 00:00:00+03:00,-0.18981695,0.037612833,1260.0671,0.10632323,79890.39,2166.7212,89427.8,1216.6217,3.5780218,8.383297e-05,1.0074008,4.0912317e-05,0.08255957,1919.1675,3001.6707,0.07206088,1928.4625,2.226901,7.1787275e-05,2.5299862e-05,4.6453373e-05,0.00018239285,16953.861,0.11777179,230.64929,1.3015631e-05,0.3738272,4.626014e-06,1.8834187e-06
2629,2025-09-14 00:00:00+03:00,-0.46620226,0.035759293,2026.1138,0.98658216,55689.195,4993.838,63186.684,3994.1047,12.82622,,,,,,,,,,0.00010105221,,4.043295e-05,0.00016707907,16703.36,0.12250474,231.46738,,,,1.009715e-05
2630,2025-09-15 00:00:00+03:00,-0.7265995,0.03880862,1247.4117,0.5171413,64855.016,3952.7158,71742.305,3103.286,7.5444603,9.712075e-05,0.93181545,5.7052235e-05,0.3073172,,,,,,7.998545e-05,3.0713403e-05,4.442151e-05,0.00019192675,19262.74,0.12049671,230.62854,7.3994226e-05,0.34189382,3.1404932e-05,-2.5358935e-05
2631,2025-09-16 00:00:00+03:00,-0.40628293,0.03000843,1224.7273,0.3688824,85430.52,1414.8667,95334.2,490.40863,6.335483,3.1224772e-05,1.1275088,6.017252e-06,0.25140068,,,,,,7.0274866e-05,2.248563e-05,4.9276132e-05,0.00019043664,22121.895,0.12804715,230.8169,3.4841592e-05,0.5412594,2.0306987e-05,8.6471455e-06
2632,2025-09-17 00:00:00+03:00,-0.5069221,0.031159453,1577.6815,0.8830631,65430.164,3648.4084,74214.19,2649.054,27.900871,4.660299e-05,1.0226982,1.3474264e-05,0.4678758,,,,,,6.592937e-05,1.3301375e-05,4.3096712e-05,0.00017182133,22136.477,0.12623838,231.22879,-0.00016602612,0.81353915,-0.00013161825,6.727718e-06
2633,2025-09-18 00:00:00+03:00,-0.6500981,0.032539837,1388.4535,0.75317955,75376.88,2564.6655,84986.016,1568.5535,8.093937,4.254604e-06,1.0237031,-4.8230995e-05,0.33337584,,,,,,7.136975e-05,2.1780721e-05,3.9037943e-05,0.00015872339,15563.774,0.11446955,229.2644,-0.00035363965,0.48250952,-0.0001706345,-3.7099785e-06
2634,2025-09-19 00:00:00+03:00,-0.54351234,0.034031913,1186.8604,0.56917775,89229.516,1150.1663,98573.766,281.81183,6.8868966,6.8957255e-05,1.2033172,4.6649668e-05,0.29407668,,,,,,5.8359932e-05,1.611163e-05,4.1058185e-05,0.00016732805,15421.356,0.118079275,228.5568,2.7696075e-05,0.56059307,6.3547213e-06,-3.7470409e-06
2635,2025-09-20 00:00:00+03:00,-1.1523867,0.027833799,2454.0066,0.07819758,34968.203,8527.124,40241.383,7527.1245,7.379864,8.78271e-05,1.0470464,5.6997822e-05,0.053894147,,,,,,6.567361e-05,2.2857237e-05,4.281638e-05,0.00014256875,14426.198,0.114252895,228.29492,6.367394e-05,0.32352307,2.0080135e-05,8.337659e-06
2636,2025-09-21 00:00:00+03:00,-0.45151967,0.029203743,3117.9927,0.1725305,63614.098,4011.241,71641.98,3032.1182,2.9709957,0.00020522796,0.99381536,0.00016797976,0.16793875,,,,,,7.886997e-05,3.6494126e-05,4.237584e-05,0.00018347913,14422.514,0.116488606,227.78833,0.00014129937,0.3493857,4.9085604e-05,7.6153947e-06
2637,2025-09-22 00:00:00+03:00,-0.4901507,,,0.98843443,47930.312,6070.3687,54671.51,5070.369,18.975155,,,,,,,,,,9.770079e-05,,4.122992e-05,0.00017792615,14424.729,0.12205961,229.2674,,,,-1.4720799e-05
2638,2025-09-23 00:00:00+03:00,-0.43075952,0.03357512,682.19696,0.17249629,81720.08,1897.9116,90805.64,1029.0994,5.877885,1.3686281e-05,1.2228179,-1.5994608e-05,0.12612951,,,,,,5.8058373e-05,1.0205296e-05,4.7730387e-05,0.00017780147,16709.303,0.13706264,229.35117,0.00010823867,0.55585074,5.6878656e-05,2.2638713e-05
2639,2025-09-24 00:00:00+03:00,-0.37430662,0.032013178,824.15405,0.70372206,79200.84,2190.7134,89426.62,1210.3038,10.848938,-6.8290945e-05,1.0621895,-0.000106109415,0.32110363,,,,,,5.447005e-05,7.072047e-06,4.530728e-05,0.00016764682,19303.363,0.14441347,228.8912,-0.00012128509,0.5221376,-6.659618e-05,1.3307072e-06
2640,2025-09-25 00:00:00+03:00,-1.0888005,0.032979224,925.66064,0.29266536,89030.52,1314.6538,98106.44,488.3833,9.82923,2.6737782e-05,1.1299438,-2.1033513e-06,0.13263534,,,,,,6.297874e-05,2.3594559e-05,4.2797325e-05,0.00015216158,14435.497,0.12997095,227.98712,,,,
2641,2025-09-26 00:00:00+03:00,-0.38721094,0.03382469,853.1488,0.22431819,89873.78,1254.0403,97112.41,590.1549,5.1516247,6.183302e-05,0.9581218,2.2854765e-05,0.21476819,,,,,,6.490425e-05,2.022637e-05,4.5227436e-05,0.00019232361,14436.896,0.12935206,226.4935,3.4731944e-05,0.357909,1.7265755e-06,-3.5926103e-06
2642,2025-09-27 00:00:00+03:00,-0.48578495,0.031816166,823.71643,0.3943984,54056.23,5375.242,61440.97,4375.242,6.0059304,5.6032666e-05,0.78344744,9.8173105e-06,0.3082115,,,,,,6.938676e-05,2.139642e-05,4.4880464e-05,0.00017247284,14434.412,0.12992895,228.14948,0.00016909408,0.19991107,3.3803786e-05,1.4600419e-05
2643,2025-09-28 00:00:00+03:00,-0.39669204,0.03304364,907.27026,0.23273528,90917.375,1075.4626,100734.47,183.94754,6.05987,2.3660737e-05,0.8517858,-1.1290443e-05,0.12654117,,,,,,5.844838e-05,1.803418e-05,4.208739e-05,0.00016242254,14432.932,0.13118342,228.00092,0.00015492187,0.23647502,3.6830334e-05,-7.980241e-06
2644,2025-09-29 00:00:00+03:00,-0.4036515,0.034634225,596.5932,0.21058676,88414.14,1281.5973,99110.125,333.8867,4.451878,9.098961e-05,0.75472283,3.3531385e-05,0.06285933,1920.2998,3000.0195,0.013991441,1929.9438,2.3916857,6.146397e-05,2.0131825e-05,4.158294e-05,0.00016811061,16721.086,0.13494232,226.86789,2.6756315e-06,0.2452665,-6.9031757e-06,3.2113965e-06
2645,2025-09-30 00:00:00+03:00,-0.42591026,0.033287823,908.7225,0.8335901,88012.44,1365.5542,97767.2,487.326,11.75795,4.048348e-05,1.2629246,2.4277604e-05,0.43543163,,,,,,5.5453704e-05,,4.0666775e-05,0.0001673265,22221.586,0.13755257,227.098,,,,
2646,2025-10-01 00:00:00+03:00,-0.47810757,0.033479784,908.05133,0.4526821,84576.56,1698.6763,94912.83,757.3928,6.61465,6.930003e-05,0.9094929,3.3645156e-05,0.0416104,1870.6316,3000.011,0.052223746,1893.3024,4.8360467,6.65155e-05,2.2604354e-05,4.35204e-05,0.00019361214,22231.465,0.1328995,225.75702,2.612375e-05,0.37241793,1.1343627e-05,3.1382838e-06
2647,2025-10-02 00:00:00+03:00,-0.35649544,0.03009558,642.3582,0.3059787,76220.44,2515.9263,85989.75,1542.3507,5.719035,8.4643536e-05,0.83869207,4.740376e-05,0.21618149,,,,,,6.688529e-05,2.0197607e-05,4.6330417e-05,0.00018774177,21904.367,0.13592164,226.23706,5.1913976e-05,0.3100493,1.45790755e-05,3.9483393e-06
2648,2025-10-03 00:00:00+03:00,-0.33904028,0.034197263,658.3777,0.23526779,92610.11,897.08856,99705.09,270.8073,4.7622557,4.2275435e-05,0.96886176,7.652674e-06,0.17648052,,,,,,9.4572155e-05,4.7446913e-05,4.66644e-05,0.0002352543,19299.742,0.13606994,227.32916,0.00020751076,0.28625712,4.5166635e-05,2.0082443e-05
2649,2025-10-04 00:00:00+03:00,-0.4856894,0.029566929,428.4471,0.6946044,39229.266,7561.426,44904.797,6561.426,6.7173815,,,,,,,,,,6.559095e-05,,4.2862073e-05,0.00016585088,11207.447,0.11686297,227.68079,,,,1.0166194e-06
2650,2025-10-05 00:00:00+03:00,-0.079205066,0.02957666,958.9786,0.9802058,80833.34,1780.4579,91354.57,781.9516,32.429085,,,,,,,,,,6.863285e-05,,4.4433556e-05,0.00017514922,17019.92,0.13226159,228.05255,,,,
2651,2025-10-06 00:00:00+03:00,-1.4842108,0.02879121,1101.9285,0.9258008,88410.336,1119.2878,99470.03,130.36981,17.068142,1.5697113e-05,1.2990566,-1.2810252e-05,0.42355442,,,,,,5.1763796e-05,2.2867105e-05,4.313033e-05,0.00014911208,22137.752,0.13785592,227.17044,,,,
2652,2025-10-07 00:00:00+03:00,-0.41615728,0.03161723,941.8873,0.28102738,75242.14,2708.1045,83665.89,1816.6187,6.0473423,0.00010008271,0.98600745,6.286813e-05,0.19497545,,,,,,6.976063e-05,3.087194e-05,3.866724e-05,0.00018941419,19287.12,0.12787715,223.84064,,,,
2653,2025-10-08 00:00:00+03:00,-0.33396164,,,0.9084303,55152.21,5044.7285,62679.117,4044.728,21.637646,0.00011324798,0.76981044,4.879525e-05,0.30894613,,,,,,9.447967e-05,5.8730107e-05,3.450494e-05,0.00014555124,16707.25,0.11488959,224.4263,,,,
2654,2025-10-09 00:00:00+03:00,-0.12274204,0.02995778,901.0426,0.7169932,63676.49,3873.8022,72015.44,2873.8022,9.291772,7.5038246e-05,0.77582777,2.3035484e-05,0.35202006,,,,,,5.8116886e-05,2.0381434e-05,4.0587864e-05,0.00016813763,19272.02,0.119738504,225.215,,,,
2655,2025-10-10 00:00:00+03:00,-0.017591625,0.029430706,729.64417,0.2923196,91820.42,856.1793,100335.99,91.67351,6.366766,1.24562275e-05,1.1107056,-2.0364516e-05,0.1690826,,,,,,4.7494766e-05,9.186426e-06,3.8466416e-05,0.00016347822,19267.934,0.12821841,224.87878,,,,
2656,2025-10-11 00:00:00+03:00,-0.51171696,0.031073008,1165.8287,0.0,,,,,,4.473382e-05,1.1932842,2.6520633e-05,0.0047636293,1906.3173,3000.0173,0.027006717,1923.9541,4.0072613,4.8105998e-05,1.6183934e-05,3.192206e-05,0.00013008539,14426.656,0.118849434,223.81406,,,,
2657,2025-10-12 00:00:00+03:00,-0.19701174,0.029813115,507.91434,0.3663269,85549.44,1464.3296,95278.3,566.0562,10.41727,1.1183335e-05,1.1174284,-9.26195e-06,0.25751045,,,,,,4.4620603e-05,1.0219794e-05,3.4825796e-05,0.00016396542,16702.71,0.12254152,223.03629,,,,
2658,2025-10-13 00:00:00+03:00,-0.053164467,0.029583529,651.3312,0.6001835,73076.25,2771.3306,82917.12,1773.9143,8.893104,-2.7358436e-05,1.0067766,-5.383092e-05,0.33289486,,,,,,4.612706e-05,1.1747485e-05,3.5537938e-05,0.00014998094,21691.074,0.14143205,225.22919,,,,
2659,2025-10-14 00:00:00+03:00,-0.05233942,0.030519454,750.69293,0.60207415,86730.83,1372.5265,97735.58,378.403,8.718895,7.832512e-05,1.0199884,5.0127852e-05,0.29659635,,,,,,5.6195582e-05,2.3635512e-05,3.3780765e-05,0.00015654662,20543.484,0.13298503,226.37485,,,,
2660,2025-10-15 00:00:00+03:00,-0.28041232,0.029538896,876.18,0.65326375,85107.26,1533.3625,95705.3,558.70844,9.18463,1.6652082e-05,1.2049959,-1.7713319e-08,0.27324516,,,,,,4.9462265e-05,2.0990297e-05,3.1517135e-05,0.00015114603,16708.18,0.12981158,225.353,,,,
2661,2025-10-16 00:00:00+03:00,-0.18260363,0.028270056,921.9604,0.76025105,85129.08,1482.959,95658.11,508.4638,12.900764,4.5265374e-06,1.1915938,-1.3750671e-05,0.34197867,,,,,,7.2886956e-05,3.6428737e-05,3.0467785e-05,0.00017565186,16701.115,0.12670892,226.82065,,,,
2662,2025-10-17 00:00:00+03:00,0.03395903,0.026895186,844.662,0.5407349,61723.57,4205.296,69905.67,3223.2998,11.969336,1.8313206e-06,1.0081254,-1.8502265e-05,0.20469347,,,,,,5.5208653e-05,1.0266849e-05,3.9349135e-05,0.00018706374,22153.266,0.13276622,225.37997,,,,
2663,2025-10-18 00:00:00+03:00,-0.055140153,0.029699963,647.1147,0.19913964,72940.17,3006.7573,81382.99,2097.2422,5.7015157,5.9149264e-05,0.9732398,3.0162173e-05,0.16818044,,,,,,6.503517e-05,2.8457074e-05,3.656228e-05,0.00018595837,22172.562,0.14354447,224.28369,,,,
2664,2025-10-19 00:00:00+03:00,0.0036149397,0.030814469,615.9679,0.44243425,82998.45,1731.6143,93755.37,745.2843,9.327956,4.1192957e-06,1.0022725,-2.1776434e-05,0.14376721,,,,,,5.2699113e-05,1.5890599e-05,3.4632998e-05,0.0001619238,19288.443,0.12633878,223.07816,,,,
2665,2025-10-20 00:00:00+03:00,-0.10739449,0.029372768,596.07886,0.20439959,88953.984,1124.9176,100578.78,124.917625,5.803255,8.144521e-05,0.9425838,5.4556338e-05,0.06412409,,,,,,5.5795892e-05,2.19391e-05,3.385679e-05,0.00016281186,16706.895,0.11747615,222.30252,,,,
2666,2025-10-21 00:00:00+03:00,0.091998674,0.031100992,386.14633,0.0,,,,,,7.99112e-05,0.89490604,4.9881513e-05,0.045437403,1917.985,2999.9954,0.022816591,1931.3309,3.585437,6.817744e-05,3.6316673e-05,3.186077e-05,0.00016845,14578.9375,0.1146847,222.83392,,,,
2667,2025-10-22 00:00:00+03:00,-1.0233126,0.027021157,1054.5747,0.38270882,42866.746,6776.6777,49128.188,5776.6777,11.887871,5.6491328e-05,0.90494883,2.9898742e-05,0.20009339,,,,,,,,,,,0.121336974,223.27043,,,,
2668,2025-10-23 00:00:00+03:00,-0.5180149,0.028904233,943.29553,0.9999988,86149.11,1256.3186,95758.76,360.1956,75.22289,,,,,,,,,,,,,,,0.123070866,222.58292,,,,
2669,2025-10-24 00:00:00+03:00,-0.5761274,0.028915947,2476.0745,0.9999409,64795.742,3559.5986,73358.36,2559.5986,66.662704,,,,,,,,,,,,,,,0.12866245,221.71744,,,,
2670,2025-10-25 00:00:00+03:00,-0.24666153,,,0.9992286,44792.484,6258.2466,51307.586,5258.2466,42.855667,,,,,,,,,,,,,,,0.12673871,221.74603,,,,
2671,2025-10-26 00:00:00+03:00,0.102167815,0.029343318,748.0718,0.9326341,67340.92,3274.5356,76309.0,2287.8438,64.5373,,,,,,,,,,6.899875e-05,,3.0311852e-05,0.00017132242,22076.584,0.1479785,220.95584,,,,
2672,2025-10-27 00:00:00+02:00,-1.492427,0.029114785,945.0636,0.8397109,77173.086,2056.73,87362.52,1061.3501,32.64203,4.924394e-05,1.3878295,5.6865523e-05,0.3012904,,,,,,7.103407e-05,3.197384e-05,2.822384e-05,0.0001605286,22056.57,0.13645826,221.8362,,,,
2673,2025-10-28 00:00:00+02:00,-0.41894844,0.029728696,767.3366,0.72469354,74251.086,2414.7974,83989.984,1414.7975,13.874384,6.229487e-05,1.1972431,6.432075e-05,0.2789475,,,,,,5.3367527e-05,2.2119955e-05,2.8551323e-05,0.00017824874,22074.86,0.13763162,219.90091,,,,
2674,2025-10-29 00:00:00+02:00,0.052968025,0.028342096,966.30566,0.6878851,79189.61,1955.2009,89587.96,955.2011,12.043726,-1.3297657e-05,0.92355824,-3.4415778e-05,0.3915461,,,,,,7.0347945e-05,4.4393644e-05,2.4956273e-05,0.00016158039,20515.582,0.1288565,220.59431,,,,
2675,2025-10-30 00:00:00+02:00,-0.09039101,,,,,,,,,,,,,,,,,,9.165987e-05,6.0361977e-05,2.522859e-05,0.00015750295,16683.43,,,,,,
2676,2025-10-31 00:00:00+02:00,-0.20176241,0.031720396,932.73883,,,,,,,,,,,,,,,,5.8729343e-05,,1.9193643e-05,0.00015030452,16695.996,,,,,,
2677,2025-11-01 00:00:00+02:00,0.4014044,0.02703915,487.09174,,,,,,,-1.8067092e-05,1.1040677,-2.8625698e-05,0.1043351,,,,,,,,,,,,,,,,
2678,2025-11-02 00:00:00+02:00,-0.66172945,0.028192138,2635.8384,,,,,,,,,,,,,,,,,,,,,,,,,,
2679,2025-11-03 00:00:00+02:00,-0.26402295,,,,,,,,,,,,,,,,,,,,,,,,,,,,
2680,2025-11-04 00:00:00+02:00,-0.044194214,0.0306208,1657.9827,0.99954855,86605.99,1407.0195,97312.39,424.206,74.060486,,,,,,,,,,0.00013307747,,2.0470605e-05,0.00016527498,16709.27,0.124332525,216.25241,,,,
2681,2025-11-05 00:00:00+02:00,-0.047851726,,,0.7112498,46194.49,6373.5854,52627.15,5373.585,20.62689,-3.3648953e-06,1.0116477,-4.5793763e-06,0.24547622,,,,,,7.859452e-05,4.9168106e-05,2.3740586e-05,0.00014420273,14429.277,0.120459065,215.39778,,,,
2682,2025-11-06 00:00:00+02:00,0.025014013,,,,,,,,,3.541633e-05,0.98776025,3.072509e-05,0.18924914,,,,,,0.00010418854,7.530437e-05,2.4552617e-05,0.00017022097,14428.15,,,,,,
2683,2025-11-07 00:00:00+02:00,-1.0087249,0.02814021,1053.9956,0.9271238,95083.43,612.56885,101672.27,18.097637,17.87595,,,,,,,,,,7.4301985e-05,,2.2849332e-05,0.00017553945,14427.221,,,,,,
2684,2025-11-08 00:00:00+02:00,0.042532325,0.030718092,739.14966,0.99437976,94758.17,623.386,101668.42,1.3275113,34.645447,,,,,,,,,,9.671625e-05,,2.2473054e-05,0.00025671598,14426.682,,,,,,
2685,2025-11-09 00:00:00+02:00,-0.21169747,0.029707395,938.53687,1.0,93719.016,690.4257,101460.03,16.764782,28.056152,,,,,,,,,,5.2874908e-05,,2.149729e-05,0.00016533743,16704.953,0.119084805,214.188,,,,
2686,2025-11-10 00:00:00+02:00,0.023582906,0.031112399,999.196,0.9762633,92283.875,802.225,101214.02,20.807049,16.92936,,,,,,,,,,6.020435e-05,,2.1307307e-05,0.0001628109,19270.271,0.109955184,214.10889,,,,
2687,2025-11-11 00:00:00+02:00,-0.21069682,0.030378483,1094.3806,0.9919485,82590.16,1726.1433,93207.016,732.7163,23.177876,,,,,,,,,,8.423372e-05,,2.242225e-05,0.00016049048,19267.68,0.116286546,214.236,,,,
2688,2025-11-12 00:00:00+02:00,-1.0231429,,,0.63809514,43246.027,6862.0347,49528.285,5862.0347,21.56549,0.00013118901,0.6456297,7.95242e-05,0.32373205,,,,,,4.755712e-05,3.488091e-05,2.2597711e-05,0.00012224902,16707.045,0.12225994,215.26913,,,,
2689,2025-11-13 00:00:00+02:00,0.18349203,0.026984641,1811.9102,0.5196817,41312.34,7255.0664,47313.69,6255.0664,24.021507,5.2198317e-05,0.91802293,3.714551e-05,0.17144713,,,,,,8.962257e-05,6.303167e-05,2.1251693e-05,0.0001829853,14420.72,0.116601355,214.22577,,,,
2690,2025-11-14 00:00:00+02:00,-0.29738328,,,0.9759165,48759.523,5895.1113,55610.953,4895.111,50.210896,,,,,,,,,,7.374775e-05,,2.2533994e-05,0.00016082462,15559.711,0.12513317,216.0573,,,,
2691,2025-11-15 00:00:00+02:00,0.23463808,0.031378027,388.69623,0.5435587,77059.27,2260.2576,87490.97,1260.2574,39.31114,8.1841004e-05,1.357618,9.9850426e-05,0.09229334,,,,,,3.207483e-05,8.025132e-06,2.4341636e-05,0.0001518956,14427.744,0.13945895,214.21693,,,,
2692,2025-11-16 00:00:00+02:00,0.26076072,,,0.6420218,36392.14,7813.686,42002.188,6813.686,18.538183,0.00023539562,0.8873857,0.00019282175,0.19012308,,,,,,2.5045134e-05,6.417145e-06,2.3744058e-05,0.00013314169,16694.514,0.12864006,213.85912,,,,
2693,2025-11-17 00:00:00+02:00,-0.22763151,0.030775562,717.6771,0.88401806,73983.08,2454.7334,83936.34,1458.3337,48.26046,,,,,,,,,,5.7065834e-05,2.2993667e-05,2.3681894e-05,0.0001748532,19376.906,0.14201662,215.2419,,,,
2694,2025-11-18 00:00:00+02:00,0.09542073,0.02934214,470.26205,0.57654285,77357.67,2142.779,87944.39,1143.4214,38.441624,,,,,,,,,,3.3077667e-05,7.2928574e-06,2.6128713e-05,0.00018313248,22128.379,0.1322726,214.33185,,,,
2695,2025-11-19 00:00:00+02:00,-0.088918045,0.029900573,345.55887,0.99868125,63054.08,3705.7236,71800.945,2705.7236,146.61166,,,,,,,,,,0.00017950976,,2.495501e-05,0.00030439053,24222.89,0.13629133,214.94543,,,,
2696,2025-11-20 00:00:00+02:00,0.22350754,0.03336352,550.42,0.43669602,42250.957,6622.708,48575.164,5622.708,16.55487,,,,,,,,,,7.2784176e-05,5.0597548e-05,2.2013603e-05,0.00017697061,19347.762,0.13507348,213.08311,,,,
2697,2025-11-21 00:00:00+02:00,-0.060147107,0.032326553,532.4992,0.77213264,79026.81,1989.5183,89530.92,989.5181,17.48717,,,,,,,,,,7.1773116e-05,4.8663274e-05,2.2390643e-05,0.0002130837,19258.564,0.13094443,213.43982,,,,
2698,2025-11-22 00:00:00+02:00,0.3881796,0.031132258,313.53372,0.6364783,79639.33,2009.8679,90595.25,1009.86786,26.866663,,,,,,,,,,1.9512176e-05,-2.5436646e-06,2.335952e-05,0.00013250945,19287.566,0.13604695,211.89984,,,,
2699,2025-11-23 00:00:00+02:00,-0.42906556,,,0.5229569,29073.645,9177.121,33987.574,8177.121,42.063118,,,,,,,,,,5.251669e-05,3.236651e-05,1.9971134e-05,0.00013365733,19670.453,0.123020075,212.55518,,,,
2700,2025-11-24 00:00:00+02:00,-0.46918383,0.030053949,365.13602,0.84779227,59099.023,4287.041,67421.0,3287.6353,72.156456,,,,,,,,,,6.865054e-05,4.44137e-05,1.8883486e-05,0.00017576973,22119.414,0.12345217,211.70871,,,,
2701,2025-11-25 00:00:00+02:00,0.20903142,0.03515257,545.6357,0.76856405,88668.79,1076.3179,99185.65,162.18661,24.245481,,,,,,,,,,0.000102226,8.251935e-05,2.2158076e-05,0.00028544437,19260.002,0.1294055,210.51028,,,,
2702,2025-11-26 00:00:00+02:00,0.3527443,,,0.71705925,42057.71,6763.089,48356.594,5763.089,25.909658,,,,,,,,,,8.508623e-06,-4.892732e-06,2.5460697e-05,0.00014275347,16760.242,0.13293405,212.04308,,,,
2703,2025-11-27 00:00:00+02:00,0.13832219,0.031578567,572.0841,0.670874,85197.266,1457.6827,94888.016,577.55927,28.313917,9.798037e-05,1.932888,0.00017961647,0.7055095,,,,,,3.0145442e-05,3.6098463e-06,2.3644106e-05,0.000163324,16703.426,0.13628986,212.10999,,,,
2704,2025-11-28 00:00:00+02:00,-0.052563168,0.027566839,1395.4473,0.9999978,82985.2,1714.5284,93450.54,725.9309,199.4281,2.600896e-05,3.1355963,7.452319e-05,0.9999992,,,,,,,,,,,0.12105963,212.40704,,,,
2705,2025-11-29 00:00:00+02:00,-0.26375654,,,1.0,49741.383,5723.2256,56775.64,4723.2256,199.57068,,,,,,,,,,,,,,,0.1284103,212.18085,,,,
2706,2025-11-30 00:00:00+02:00,0.013833925,0.02995976,659.5202,1.0,93159.83,720.6261,101332.98,19.436024,31.47931,,,,,,,,,,4.8634116e-05,,1.9254689e-05,0.00017016078,16704.965,0.12817489,212.05568,,,,
2707,2025-12-01 00:00:00+02:00,0.011052534,0.030008638,831.6627,0.84172815,68991.26,3156.2195,78409.14,2156.2195,24.379429,,,,,,,,,,7.668098e-05,4.8497175e-05,1.5110981e-05,0.00015463038,17990.36,0.14846724,211.23111,,,,
2708,2025-12-02 00:00:00+02:00,0.5541394,0.033667102,579.2799,0.8436347,90567.875,1006.01465,100454.27,143.50009,22.179302,,,,,,,,,,6.941707e-05,,1.5328027e-05,0.00017247899,16433.273,0.12711655,209.5264,,,,
2709,2025-12-03 00:00:00+02:00,-0.03127843,,,0.9971036,90764.94,976.9596,101846.47,20.567059,27.052742,,,,,,,,,,5.379704e-05,,1.5964713e-05,0.0001625462,16710.459,0.11531474,209.9079,,,,
2710,2025-12-04 00:00:00+02:00,-0.18527466,0.02962312,892.35846,0.96356684,88134.23,1207.8479,98122.055,321.62085,53.54425,,,,,,,,,,7.270381e-05,,1.6657497e-05,0.00017054623,19277.803,0.11279884,209.54724,,,,
2711,2025-12-05 00:00:00+02:00,0.23397535,0.03163079,971.63666,0.97328734,65435.492,3786.4824,74280.54,2789.4832,101.52385,,,,,,,,,,6.4391264e-05,,1.32439145e-05,0.0001308429,14427.336,0.12709019,209.74707,,,,
2712,2025-12-06 00:00:00+02:00,0.18396343,,,1.0,46120.355,6211.9297,52898.273,5211.9297,201.77344,,,,,,,,,,,,,,,0.14265619,209.7932,,,,
2713,2025-12-07 00:00:00+02:00,0.1291345,0.031319138,701.2273,0.9994912,71395.19,2874.357,80997.58,1874.3573,80.58133,,,,,,,,,,,,,,,0.13286571,209.70583,,,,
2714,2025-12-08 00:00:00+02:00,0.52443343,0.031607065,878.86395,0.9389527,52047.133,5344.0317,59330.875,4344.0317,99.582306,,,,,,,,,,5.5953176e-05,4.034678e-05,1.7730588e-05,0.00014081442,16700.613,0.12870781,210.18948,,,,
2715,2025-12-09 00:00:00+02:00,-0.22967379,0.027335685,759.3149,0.48977423,84285.945,1517.3933,94092.54,609.9162,59.43445,,,,,,,,,,1.6662583e-05,-5.0112244e-06,1.9157726e-05,0.00011551657,18922.486,0.13662066,211.7399,,,,
2716,2025-12-10 00:00:00+02:00,-0.512051,,,0.9907752,56966.855,4719.351,64713.324,3719.351,85.98683,,,,,,,,,,,,,,,0.12716314,211.10617,,,,
2717,2025-12-11 00:00:00+02:00,0.89298534,0.030549243,600.08405,0.9600768,66239.97,3450.0095,75371.75,2450.0095,132.97446,,,,,,,,,,-1.1757815e-05,,2.3673509e-05,0.00012175633,22129.838,0.14796653,214.67175,,,,
2718,2025-12-12 00:00:00+02:00,0.380745,0.031230275,885.7041,0.7965202,84818.71,1536.0063,95831.2,536.0065,30.846775,,,,,,,,,,4.1826424e-05,2.7828224e-05,1.9724692e-05,0.00016051417,16706.994,0.13656773,215.04605,,,,
2719,2025-12-13 00:00:00+02:00,0.182302,,,0.96399325,42717.492,6842.17,48959.477,5842.36,72.726585,,,,,,,,,,,,,,,0.15133274,216.55432,,,,
2720,2025-12-14 00:00:00+02:00,-0.81251717,0.03449417,910.45514,0.60142887,66332.92,3463.9968,75348.83,2463.9973,43.247704,,,,,,,,,,3.8261667e-05,1.2671378e-05,1.998986e-05,0.00014015389,14427.509,0.15402389,214.76144,,,,
2721,2025-12-15 00:00:00+02:00,-0.26220784,0.029502297,1036.6912,1.0,74693.25,2600.901,84503.664,1600.9009,110.423416,,,,,,,,,,,,,,,0.12250678,211.79297,,,,
2722,2025-12-16 00:00:00+02:00,-0.2925153,,,0.9719441,60771.29,4285.375,69103.99,3285.3755,99.681244,,,,,,,,,,0.00011192453,,1.7681032e-05,0.00017885659,16708.559,0.14279294,211.58643,,,,
2723,2025-12-17 00:00:00+02:00,1.4817681,,,0.9987883,63829.805,3830.421,72507.625,2830.421,231.853,,,,,,,,,,,,,,,0.12314476,208.79202,,,,
2724,2025-12-18 00:00:00+02:00,0.46342406,0.032170676,1038.5463,0.9999982,88179.03,1240.8457,98764.516,298.7395,93.898834,,,,,,,,,,0.00010306198,,1.0384327e-05,0.00015903839,14429.439,0.118217774,207.892,,,,
2725,2025-12-19 00:00:00+02:00,0.5528,0.034229938,1013.847,0.25429118,88411.81,1220.256,98702.99,296.73657,19.385538,,,,,,,,,,9.272294e-05,8.030382e-05,1.1806662e-05,0.00016144068,14396.836,0.11466494,209.03638,,,,
2726,2025-12-20 00:00:00+02:00,0.24097322,0.030306607,578.37494,0.38799602,87777.03,1236.9032,98887.09,240.65747,63.751244,,,,,,,,,,4.8103746e-05,2.9798404e-05,1.35269165e-05,0.00012499974,14426.173,0.12934245,208.43918,,,,
2727,2025-12-21 00:00:00+02:00,0.5683385,0.031077856,447.70108,0.43433124,82104.54,1746.0525,93123.29,746.0524,44.103764,,,,,,,,,,3.1938638e-05,1.9299445e-05,1.27971425e-05,0.000108399196,16707.662,0.12242089,209.27606,,,,
2728,2025-12-22 00:00:00+02:00,0.18622033,0.03239008,264.4449,0.86888516,79082.61,2094.036,89878.63,1094.0358,36.029938,,,,,,,,,,1.5262443e-05,,1.6319615e-05,0.000105334235,16713.303,0.13448183,208.22098,,,,
2729,2025-12-23 00:00:00+02:00,-0.36705172,,,0.76677597,85172.2,1536.5343,96778.96,536.53424,37.728355,,,,,,,,,,-1.5051892e-05,-3.994448e-05,2.295352e-05,0.00011350852,22218.932,0.16215608,208.77858,,,,
2730,2025-12-24 00:00:00+02:00,0.365335,0.03461381,375.90005,0.8046442,84438.79,1636.5251,96287.49,636.5251,38.704845,,,,,,,,,,2.0123327e-06,-1.0837292e-05,1.5622772e-05,9.194634e-05,14438.746,0.15003708,208.41104,,,,
2731,2025-12-25 00:00:00+02:00,-0.9329916,,,0.99752605,47675.027,6097.326,54440.605,5097.326,76.384125,,,,,,,,,,,,,,,0.13173352,210.97838,,,,
2732,2025-12-26 00:00:00+02:00,0.17377631,0.03163721,585.1891,0.12780125,87110.836,1404.3466,98043.53,404.34647,48.486443,,,,,,,,,,2.1903395e-05,9.518753e-06,1.26427e-05,9.3723196e-05,14431.78,0.12818393,207.61896,,,,
2733,2025-12-27 00:00:00+02:00,0.27778256,0.031642277,811.3934,0.63786805,67567.99,3334.3606,76525.18,2334.3606,50.511166,,,,,,,,,,3.603944e-05,,1.6299808e-05,0.00012233687,14424.42,0.13705112,210.6835,,,,
2734,2025-12-28 00:00:00+02:00,0.40848574,0.033835668,358.93634,0.5207488,75548.39,2380.2163,85972.086,1380.2164,49.369785,,,,,,,,,,2.8111197e-05,1.3612699e-05,1.5016587e-05,0.00013252106,16703.578,0.14128363,210.81589,,,,
2735,2025-12-29 00:00:00+02:00,0.38140303,0.032920845,251.91647,0.4518487,65209.2,3384.8618,74585.96,2387.7656,66.590485,,,,,,,,,,2.5198115e-05,1.1995453e-05,1.5663787e-05,0.00012584086,19072.281,0.16056183,211.78146,,,,
2736,2025-12-30 00:00:00+02:00,-0.1479677,0.03027609,329.259,0.5881954,72615.836,2642.5632,82232.62,1698.7994,122.72613,6.925705e-05,2.6473906,0.00017606243,0.6482409,,,,,,2.7125202e-06,-2.2779375e-05,2.1048756e-05,0.00010706695,27647.143,0.18232638,212.18976,,,,
2737,2025-12-31 00:00:00+02:00,0.15742636,0.030613543,221.27034,0.44026223,76144.11,2398.3186,85297.41,1502.8103,115.03075,9.337617e-05,2.407305,0.00021371432,0.7754517,,,,,,1.3730855e-05,-1.3974887e-05,1.8507706e-05,0.00010681644,21739.295,0.16959634,209.61136,,,,
2738,2026-01-01 00:00:00+02:00,-0.4220351,,,1.0,39843.953,6827.9893,46134.5,5827.9893,149.92223,,,,,,,,,,,,,,,0.16156131,212.1578,,,,
2739,2026-01-02 00:00:00+02:00,-0.03031379,0.029200267,181.99536,0.95728135,67717.72,2955.0894,77208.61,1955.0894,75.2938,,,,,,,,,,-1.3327264e-05,-3.654462e-05,2.4107092e-05,0.00012967848,24097.617,0.17107126,214.50172,,,,
2740,2026-01-03 00:00:00+02:00,-0.3652715,0.03340952,461.60498,0.888784,79275.35,1774.6646,89628.51,798.2333,125.63796,8.626348e-05,2.769319,0.00023425458,0.914454,,,,,,8.29024e-05,2.6293394e-05,2.840094e-05,0.00024204988,24122.338,0.18134673,216.96764,,,,
2741,2026-01-04 00:00:00+02:00,0.021812826,0.030017694,426.30536,0.89843327,72369.04,2542.6482,82460.25,1542.9836,69.83635,7.058651e-05,2.160069,0.00013615451,0.8900806,,,,,,0.00012349845,5.7619975e-05,2.5454785e-05,0.00025874656,24170.61,0.18039039,218.91608,,,,
2742,2026-01-05 00:00:00+02:00,-0.32275283,0.034297507,373.40356,0.6292933,87101.625,1217.079,98037.49,257.75104,34.07156,6.768018e-05,2.7579942,0.0001734553,0.9480414,,,,,,8.088132e-05,6.412769e-05,2.102304e-05,0.00025718336,19262.959,0.1678556,217.19229,,,,
2743,2026-01-06 00:00:00+02:00,0.31449735,0.03283736,350.83557,0.87621284,80799.47,1821.102,91601.266,845.1052,60.555687,5.4894026e-05,2.3681805,0.000116780466,0.83408284,,,,,,9.0684305e-05,5.3741136e-05,2.4344889e-05,0.00023596075,19269.756,0.17234097,217.30933,,,,
2744,2026-01-07 00:00:00+02:00,0.10802281,0.033991583,269.88074,0.60460263,88514.79,1127.2635,96160.89,461.36435,16.423082,8.955454e-05,2.0650964,0.00017950503,0.89513254,,,,,,8.1383114e-05,5.1249037e-05,2.1914318e-05,0.00027898216,16704.16,0.16920273,216.8266,,,,
2745,2026-01-08 00:00:00+02:00,0.41771156,,,0.8679999,66783.15,3363.7065,76196.47,2372.2842,81.713776,8.068618e-05,2.01438,0.00015334168,0.72504395,,,,,,8.234291e-05,4.0348867e-05,1.8546983e-05,0.00019007994,19273.91,0.16987132,214.98459,,,,
2746,2026-01-09 00:00:00+02:00,0.5512172,0.03160106,238.27814,0.9159535,59689.16,4087.446,68127.72,3087.4465,69.921974,,,,,,,,,,8.149542e-05,4.0573785e-05,1.4222669e-05,0.00015031364,19262.084,0.14897814,214.55228,,,,
2747,2026-01-10 00:00:00+02:00,-0.6476592,,,0.9460533,60176.46,3935.3613,68956.76,2935.361,72.584625,,,,,,,,,,,,,,,0.15503718,213.85081,,,,
2748,2026-01-11 00:00:00+02:00,0.3455277,,,0.8486063,58646.484,4158.717,67298.93,3158.7168,78.19351,,,,,,,,,,2.9115043e-05,5.4324314e-06,1.917801e-05,0.00013454599,20699.568,0.15932828,212.07596,,,,
2749,2026-01-12 00:00:00+02:00,0.18331984,0.03444283,343.0544,0.8349804,85410.41,1401.6576,96594.31,425.7787,27.604038,0.00010784515,2.2986164,0.00020302109,0.88528717,,,,,,6.037304e-05,2.9232815e-05,1.7891238e-05,0.00017184988,19274.854,0.16643482,212.8787,,,,
2750,2026-01-13 00:00:00+02:00,-0.09197006,,,0.8295853,68447.516,3190.683,77963.42,2190.683,23.048264,7.2949944e-05,2.0509877,0.00013946772,0.82319206,,,,,,0.000109452354,5.3104115e-05,1.9248191e-05,0.00018680147,22171.553,0.14100134,215.62029,,,,
2751,2026-01-14 00:00:00+02:00,-0.20582156,,,0.78795016,54000.637,5066.552,61735.492,4066.834,25.371178,,,,,,,,,,0.00010402825,4.4291355e-05,2.412028e-05,0.00019908689,19273.023,0.14470072,218.03696,,,,
2752,2026-01-15 00:00:00+02:00,0.15066184,0.033866562,481.5717,0.9711431,77268.59,2273.9875,87592.74,1274.4309,153.2791,6.0976654e-05,3.0307043,0.00018004583,0.9999956,,,,,,0.00011647108,,2.7405615e-05,0.00019580006,16710.07,0.1559423,220.58415,,,,
2753,2026-01-16 00:00:00+02:00,0.41787592,0.03255125,361.72098,0.5127304,69109.484,3441.231,76633.36,2594.4028,64.410194,5.785164e-05,2.663621,0.00014285541,0.66223735,,,,,,7.601829e-05,2.9579127e-05,2.845893e-05,0.00023542815,16719.312,0.14957964,219.46404,,,,
2754,2026-01-17 00:00:00+02:00,0.123851255,0.03233733,365.13113,0.84590054,93997.05,791.818,103189.19,25.819138,22.292393,8.24522e-05,2.2970119,0.000165492,0.94097173,,,,,,7.559928e-05,,2.507694e-05,0.00020830889,14436.288,0.14704694,221.08812,,,,
2755,2026-01-18 00:00:00+02:00,0.5378988,,,0.8205965,77829.94,2447.9097,87921.58,1460.3724,83.39178,5.9389877e-05,2.319882,0.00012015684,0.86589193,,,,,,0.00010008394,6.247526e-05,2.3487979e-05,0.00019935318,14438.223,0.14471136,218.86263,,,,
2756,2026-01-19 00:00:00+02:00,0.045547556,,,0.85263515,74588.33,2788.8643,84525.33,1789.5261,29.643959,8.024118e-05,2.4820018,0.00018743792,0.91089773,,,,,,9.33515e-05,5.3246258e-05,2.3681263e-05,0.00019617713,14436.424,0.16069794,215.9115,,,,
2757,2026-01-20 00:00:00+02:00,0.1614088,0.037052117,157.13068,0.55745983,91425.21,1003.70746,100286.41,232.12479,19.895674,9.5086354e-05,2.081815,0.00016898834,0.6469325,,,,,,0.00013842862,0.00010808949,1.4262587e-05,0.00021550429,14432.5205,0.15001187,214.12903,,,,
2758,2026-01-21 00:00:00+02:00,0.76219916,0.03800114,250.75505,0.8547574,72490.82,2832.8613,81683.234,1879.2258,159.23535,9.1665745e-05,2.459628,0.0002016268,0.28936276,,,,,,0.00014575149,0.00011401218,1.9543451e-05,0.0002819969,16704.84,0.14676046,214.77747,,,,
2759,2026-01-22 00:00:00+02:00,0.29536936,0.03196125,272.05237,0.6932,89596.34,999.6786,99928.55,128.75363,15.264193,9.468659e-05,2.1580362,0.00016573645,0.91114354,,,,,,5.2550487e-05,2.7545037e-05,2.3844794e-05,0.00019404214,16702.605,0.18336824,215.15121,,,,
2760,2026-01-23 00:00:00+02:00,0.19395885,0.031115394,149.39401,0.79713964,88011.766,1158.697,99143.71,219.11829,17.469124,6.993534e-05,2.3589673,0.00013997455,0.94552934,,,,,,5.9001104e-05,1.8537678e-05,2.1876454e-05,0.00017008881,16706.2,0.18357907,218.85278,,,,
2761,2026-01-24 00:00:00+02:00,0.014639046,0.03447219,192.7272,0.5725466,87642.11,1194.9006,97092.78,403.48755,15.164825,7.988e-05,2.2482514,0.00015714449,0.75348747,,,,,,4.7985115e-05,2.8763174e-05,1.9864632e-05,0.00015863383,19281.943,0.17567098,220.50262,,,,
2762,2026-01-25 00:00:00+02:00,0.15268657,0.032756135,267.35532,0.91333306,83041.06,1627.2559,93901.49,648.1983,28.437248,3.8339917e-05,2.4933877,8.739479e-05,0.89072263,,,,,,8.533146e-05,3.8610415e-05,2.1652719e-05,0.00015935677,22163.129,0.16306761,220.83615,,,,
2763,2026-01-26 00:00:00+02:00,-0.8809319,,,1.0,49662.76,5559.291,56729.98,4559.291,92.56773,,,,,,,,,,,,,,,0.1722595,222.94466,,,,
2764,2026-01-27 00:00:00+02:00,0.30685434,0.031991314,734.47217,0.9993502,67332.7,3228.3613,76459.5,2228.3613,126.43283,,,,,,,,,,0.00015422133,,2.9111758e-05,0.00024040681,19481.492,0.19047458,223.12943,,,,
2765,2026-01-28 00:00:00+02:00,-0.098673254,0.032675583,801.30597,0.97426057,62296.527,3777.037,70982.61,2777.037,55.629776,,,,,,,,,,0.000100839905,2.2124006e-05,3.437299e-05,0.00021021743,22121.477,0.1947528,225.50238,,,,
2766,2026-01-29 00:00:00+02:00,-0.13397375,0.033763435,234.40338,0.59915483,89041.78,1058.7296,97079.61,355.33603,8.7525215,5.8750946e-05,1.7682972,8.655784e-05,0.60378915,,,,,,0.00011436637,8.48372e-05,2.9375293e-05,0.0003425072,19266.03,0.16775468,227.27962,,,,
2767,2026-01-30 00:00:00+02:00,-0.23372585,0.033068676,131.42758,0.5460293,89445.61,1041.1499,96517.03,451.02423,6.357025,3.077338e-05,1.9778899,5.6135035e-05,0.42464584,,,,,,5.815024e-05,2.7157063e-05,3.145885e-05,0.00020236339,19281.035,0.20755869,227.55188,,,,
2768,2026-01-31 00:00:00+02:00,-0.54800415,0.037721712,153.16135,0.013670182,64245.74,3634.217,73331.44,2634.217,3.974343,3.873777e-05,1.9744673,6.8020854e-05,0.17491344,,,,,,4.0503863e-05,9.027756e-06,3.1676434e-05,0.00014927782,19296.846,0.18784928,229.89645,,,,
2769,2026-02-01 00:00:00+02:00,0.1736446,0.029986894,66.423225,0.8465626,80275.83,2050.751,89840.95,1173.9448,10.781984,7.877558e-05,1.9386888,0.00013652732,0.76824605,,,,,,6.302182e-05,1.4021057e-05,3.6331257e-05,0.0002204117,19303.709,0.17671692,229.71982,,,,
2770,2026-02-02 00:00:00+02:00,0.06948061,0.030660657,158.36177,0.6970333,83342.31,1719.4731,92075.31,946.6316,4.873352,4.475288e-05,1.7595683,6.851518e-05,0.5387086,,,,,,5.2060605e-05,1.335155e-05,3.709553e-05,0.00019734394,22199.773,0.18306482,231.00012,,,,
2771,2026-02-03 00:00:00+02:00,0.12525885,0.028861823,239.04324,0.9044584,57572.633,4522.634,65817.8,3522.6338,14.671995,8.739696e-05,0.90187436,7.015807e-05,0.57987624,,,,,,4.0090432e-05,,3.7742844e-05,0.00017181065,24330.6,0.1636773,233.00735,,,,
2772,2026-02-04 00:00:00+02:00,-0.109366454,0.038415983,293.04218,0.5869597,70482.516,2998.899,77245.78,2318.3843,3.4237776,4.227464e-05,1.681721,6.389087e-05,0.30023032,,,,,,6.890163e-05,3.3054846e-05,3.2316133e-05,0.00020686041,22184.242,0.17019823,232.1187,,,,
2773,2026-02-05 00:00:00+02:00,-0.17638284,0.03223778,562.89874,0.9995884,75606.66,2371.2148,85632.59,1379.575,28.241627,3.1323565e-05,3.3620813,9.6546646e-05,0.9999607,,,,,,6.595184e-05,,2.7647104e-05,0.00015875185,19263.918,0.19887051,230.26178,,,,
2774,2026-02-06 00:00:00+02:00,-0.564573,0.028849443,1033.4924,0.9484956,58131.438,4431.799,66217.734,3431.7988,11.078352,1.315139e-05,2.227367,3.3938257e-05,0.8093263,,,,,,4.930228e-05,,2.8787796e-05,0.00013144841,19253.52,0.18815006,229.4343,,,,
2775,2026-02-07 00:00:00+02:00,,,,,,,,,,,,,,,,,,,,,,,,,,,,,
2776,2026-02-08 00:00:00+02:00,-0.06575845,0.033720262,110.884125,0.57903475,80609.66,1900.0243,88273.11,1196.4725,2.8826797,9.047338e-05,1.5394547,0.00011414877,0.27646923,,,,,,7.097709e-05,4.1203115e-05,2.937955e-05,0.00022614456,19282.994,0.18410362,228.61371,,,,
2777,2026-02-09 00:00:00+02:00,-0.117386505,0.033913743,135.07014,0.774154,91847.51,853.93976,100959.53,94.223465,1.7875943,3.1562304e-05,1.8594972,5.527422e-05,0.35158882,,,,,,5.464746e-05,2.1158427e-05,3.222099e-05,0.00018164143,19284.021,0.18221328,226.48642,,,,
2778,2026-02-10 00:00:00+02:00,0.41808924,0.03333298,433.75934,0.99998343,88738.22,1030.1372,98741.15,168.97392,57.544884,4.5487803e-05,3.054459,0.00012124397,0.78617585,,,,,,8.5618216e-05,2.8709164e-05,3.2520085e-05,0.00019147739,22132.531,0.19005574,225.49055,,,,
2779,2026-02-11 00:00:00+02:00,-0.9340412,,,0.9999834,60277.46,3936.3723,68762.92,2936.3723,94.072174,,,,,,,,,,8.256168e-05,,3.452257e-05,0.00016172163,19225.502,0.18363307,227.54395,,,,
2780,2026-02-12 00:00:00+02:00,0.10855897,,,1.0,66405.945,3168.7935,75625.89,2168.7935,86.55105,,,,,,,,,,0.00011585506,,3.5651825e-05,0.00018285881,22059.627,0.18786165,226.55069,,,,
2781,2026-02-13 00:00:00+02:00,0.14867139,0.03422985,874.95685,0.9641496,56328.383,4510.688,64198.15,3510.6877,42.6652,0.00022059327,0.89579415,0.00018840125,0.7032095,,,,,,0.00019355639,,3.2943826e-05,0.00021984818,20376.332,0.1982951,226.1488,,,,
2782,2026-02-14 00:00:00+02:00,-0.13038467,0.037114955,301.8423,0.67815936,74979.73,2555.6797,83475.09,1697.5428,6.3442187,5.671804e-05,1.7865961,7.891707e-05,0.45115894,,,,,,7.8145866e-05,3.820708e-05,3.3499015e-05,0.00021729032,19254.299,0.20475629,224.49554,,,,
2783,2026-02-15 00:00:00+02:00,-0.31693634,0.032703944,87.421104,0.5322257,77366.516,2214.6309,83515.78,1610.587,7.2721696,4.055155e-05,1.6359525,5.277002e-05,0.20535892,1922.6041,2999.7922,0.030539531,1949.2991,5.555828,6.185804e-05,2.9719376e-05,3.265512e-05,0.00019389676,22176.309,0.1899904,221.9812,,,,
2784,2026-02-16 00:00:00+02:00,-0.5701873,0.03679908,203.02036,0.0,,,,,,5.5774217e-05,1.9970573,8.761031e-05,0.21928711,1902.3391,2999.9646,0.041795198,1929.3236,5.664316,5.2826304e-05,3.057938e-05,2.244413e-05,0.00014666145,22147.246,0.16272525,219.13895,,,,
2785,2026-02-17 00:00:00+02:00,0.14123213,,,0.78518164,77286.71,2248.825,86316.35,1378.9805,6.2025456,8.904809e-05,1.862545,0.00012680296,0.63696486,,,,,,5.9802733e-05,3.2406653e-05,2.2053107e-05,0.00013621041,22144.46,0.16926377,213.94254,,,,
2786,2026-02-18 00:00:00+02:00,-0.006252706,0.037238844,257.1225,0.9984685,81606.875,1702.8943,92096.34,758.58844,35.181774,5.7234487e-05,2.9935284,0.00014866499,0.9992777,,,,,,0.00015011715,,1.99796e-05,0.00017875258,22134.746,0.1722539,212.95808,,,,
2787,2026-02-19 00:00:00+02:00,-0.060883377,0.03369014,210.45035,0.95221186,82165.61,1651.8275,93243.92,667.70575,31.155329,3.3685283e-05,2.805816,7.5485164e-05,0.9204429,,,,,,4.1110987e-05,1.3303902e-05,1.900717e-05,0.000116343326,22138.727,0.17372096,213.59021,,,,
2788,2026-02-20 00:00:00+02:00,0.073743,0.039683588,309.55127,0.73825103,85389.36,1579.304,94439.25,771.1727,5.4642878,4.0582134e-05,2.234719,7.473746e-05,0.49912268,,,,,,3.9585047e-05,2.1045142e-05,1.5482015e-05,0.00012009726,22193.512,0.15772162,210.6613,,,,
2789,2026-02-21 00:00:00+02:00,-0.0063311756,,,0.9379252,60062.727,4394.629,68375.516,3406.5825,10.363226,5.0577462e-05,2.1118126,0.00010552578,0.7889817,,,,,,0.0001005086,3.8273807e-05,1.8911713e-05,0.00012476373,17986.492,0.14495887,211.13107,,,,
2790,2026-02-22 00:00:00+02:00,0.10801539,0.034585636,281.57986,0.82191485,59237.96,5147.144,65717.445,4288.5537,5.7265835,7.686857e-05,1.2419605,6.640902e-05,0.5908622,,,,,,3.7478203e-05,5.8627375e-06,2.3813234e-05,0.00012202002,19267.854,0.15740617,210.5822,,,,
2791,2026-02-23 00:00:00+02:00,-0.31613642,0.03464032,580.43066,0.99992776,88644.46,1030.4298,97368.45,248.0749,44.35405,3.0567353e-05,3.4009814,9.0729984e-05,0.801003,,,,,,5.501781e-05,,2.1219817e-05,0.00012094488,22108.117,0.15227807,213.14865,,,,
2792,2026-02-24 00:00:00+02:00,-0.1087639,0.033488415,369.7724,0.99737215,88396.18,1119.3162,99330.84,171.6915,10.303515,2.9398867e-05,2.9805193,7.711268e-05,0.99954116,,,,,,3.3472512e-05,,1.9054401e-05,9.903325e-05,22147.059,0.16754493,216.37112,,,,
2793,2026-02-25 00:00:00+02:00,-0.23453015,0.035472363,376.30536,0.6302462,76663.37,2399.4177,85054.375,1539.6177,1.0066835,4.6515568e-05,1.6693969,6.337315e-05,0.2875548,1918.071,3000.011,0.021466494,1945.7867,6.602851,5.69455e-05,3.422855e-05,2.2519278e-05,0.00016124005,16715.258,0.16718718,216.98776,,,,
2794,2026-02-26 00:00:00+02:00,0.017560318,0.030280339,748.6417,0.84021735,66938.92,3666.783,75697.445,2692.066,5.4799542,3.9893108e-05,1.992538,7.827944e-05,0.718032,,,,,,,,,,,0.17664827,217.16162,,,,
2795,2026-02-27 00:00:00+02:00,-1.0519744,0.02897446,939.61053,0.9666626,60380.137,4357.6265,68652.42,3357.6262,9.334299,6.0991642e-05,2.4470005,0.0001317557,0.95639575,,,,,,,,,,,0.1528266,219.07668,,,,
2796,2026-02-28 00:00:00+02:00,0.32522464,0.031984624,902.3563,0.77650857,82898.05,1773.2559,91776.39,920.56604,10.208859,0.000118248405,1.6413202,0.00018159224,0.57367194,1836.803,3001.4932,0.052749734,1874.8975,9.863743,,,,,,0.15705103,218.40443,,,,
2797,2026-03-01 00:00:00+02:00,0.18852289,0.033327945,608.1874,0.9999435,93648.266,702.6863,101761.984,6.150446,9.375621,3.8279868e-05,3.0803185,0.00010319112,0.97736377,,,,,,,,,,,0.16542843,220.67274,,,,
2798,2026-03-02 00:00:00+02:00,-0.11481239,0.035379544,491.75592,0.7598478,80651.32,1999.6588,90710.625,1050.3408,3.2408593,6.850114e-05,1.6275423,8.531413e-05,0.41320157,1835.3483,2999.9158,0.020506192,1868.9735,8.292873,,,,,,0.19561917,221.08612,,,,
2799,2026-03-03 00:00:00+02:00,-0.014498115,0.035059683,1010.2562,0.99453366,91626.875,949.35754,101470.08,92.52179,22.777256,2.9598588e-05,3.1213102,7.599838e-05,0.7542193,,,,,,,,,,,0.17627649,220.1059,,,,
2800,2026-03-04 00:00:00+02:00,,0.033704378,403.18207,,,,,,,8.046151e-05,1.5541416,9.398487e-05,0.20025668,1929.9823,3000.0806,0.040350035,1963.3488,8.29946,,,,,,0.17721859,219.65138,,,,
2801,2026-03-05 00:00:00+02:00,,0.040183663,631.59656,,,,,,,5.9637314e-05,1.3416474,6.429716e-05,0.3037418,1895.3574,2999.8965,0.022973344,1932.2036,9.067592,,,,,,0.17126022,219.31033,,,,
2802,2026-03-06 00:00:00+02:00,,0.03324733,471.37433,,,,,,,3.3083325e-05,1.9472014,5.6793295e-05,0.42000142,,,,,,,,,,,0.16900924,222.4997,,,,-1.2326838e-06
2803,2026-03-07 00:00:00+02:00,,,,,,,,,,8.658939e-05,1.5135629,0.00011056801,0.6004915,,,,,,,,,,,0.17236423,222.80823,,,,-2.3935618e-05
2804,2026-03-08 00:00:00+02:00,,,,,,,,,,,,,,1855.6685,3002.3228,0.114536434,1883.9514,7.853992,,,,,,0.16282272,222.05057,,,,
2805,2026-03-09 00:00:00+02:00,,,,,,,,,,,,,,1885.8069,3002.6633,0.11717345,1915.2954,8.333653,,,,,,0.16796274,222.39938,,,,
2806,2026-03-10 00:00:00+02:00,,,,,,,,,,,,,,1896.9619,3000.1213,0.033920594,1921.873,5.092925,,,,,,,,,,,
2807,2026-03-11 00:00:00+02:00,,,,,,,,,,,,,,,,,,,,,,,,,,,,,
2808,2026-03-12 00:00:00+02:00,,,,,,,,,,,,,,,,,,,,,,,,,,,,,
2809,2018-06-28 00:00:00+03:00,,,,,,,,,,,,,,,,,,,9.122621e-05,2.2946575e-05,6.827962e-05,0.00017540196,16711.44,,,,,,
2810,2018-06-29 00:00:00+03:00,,,,,,,,,,,,,,,,,,,8.269944e-05,1.5695163e-05,6.708e-05,0.00016839607,16702.105,,,,,,
2811,2018-06-30 00:00:00+03:00,,,,,,,,,,,,,,,,,,,8.72036e-05,1.2975193e-05,7.2499846e-05,0.00022121136,20714.883,,,,,,
2812,2018-07-01 00:00:00+03:00,,,,,,,,,,,,,,,,,,,7.757143e-05,,6.487871e-05,0.0001909472,19274.297,,,,,,
2813,2018-07-02 00:00:00+03:00,,,,,,,,,,,,,,,,,,,9.047217e-05,,6.0981416e-05,0.00018323094,19262.838,,,,,,
2814,2018-07-03 00:00:00+03:00,,,,,,,,,,,,,,,,,,,7.9740654e-05,,6.2087114e-05,0.00018997195,22138.367,,,,,,
