,time,absorbing_aerosol_index,cloud_fraction,cloud_top_pressure,cloud_top_height,cloud_base_pressure,cloud_base_height,cloud_optical_depth,NO2_column_number_density,tropospheric_NO2_column_number_density,stratospheric_NO2_column_number_density,NO2_slant_column_number_density,tropopause_pressure,O3_column_number_density,O3_effective_temperature,CO_column_number_density,H2O_column_number_density
0,2018-06-28,,,,,,,,8.773892e-05,2.130636e-05,6.6435154e-05,0.00017399584,16689.959,,,,
1,2018-06-29,,,,,,,,8.168524e-05,1.2304252e-05,6.571578e-05,0.00019946788,16677.684,,,,
2,2018-06-30,,,,,,,,7.841823e-05,6.9370344e-06,6.326159e-05,0.0001558974,19222.316,,,,
3,2018-07-01,,,,,,,,7.519686e-05,,6.273767e-05,0.000190605,19223.482,,,,
4,2018-07-02,,,,,,,,7.5333315e-05,,6.183662e-05,0.00019331291,22057.926,,,,
5,2018-07-03,,,,,,,,7.926575e-05,9.099325e-06,6.5720575e-05,0.00019637926,22067.76,,,,
6,2018-07-04,-0.62123483,,,,,,,7.699571e-05,,6.164219e-05,0.00020328772,19219.67,,,,
7,2018-07-05,-0.65917987,,,,,,,7.192521e-05,1.0687656e-05,6.535854e-05,0.00014639742,19219.45,,,0.027964376,1824.4277
8,2018-07-06,-1.0102344,,,,,,,7.921198e-05,1.0063133e-05,6.705435e-05,0.00019830138,19218.373,,,0.029049616,1257.0642
9,2018-07-07,-1.1754774,,,,,,,8.2865634e-05,1.7467046e-05,6.8859765e-05,0.00019367624,19223.537,,,0.02892814,1455.858
10,2018-07-08,-1.260407,,,,,,,7.726424e-05,5.7307716e-06,7.309598e-05,0.00019897663,19230.297,,,0.028052911,1655.6798
11,2018-07-09,-1.0084875,,,,,,,8.3638806e-05,2.8549604e-05,6.390427e-05,0.00020541216,19230.107,,,0.026623838,1335.2261
12,2018-07-10,-0.935808,,,,,,,7.514547e-05,,6.572146e-05,0.00014954779,19235.164,,,,
13,2018-07-11,-0.9514445,,,,,,,8.531497e-05,9.539049e-06,6.490071e-05,0.00020151332,19236.207,,,,
14,2018-07-12,-0.88014984,0.831764,48190.758,5878.782,55115.94,4864.885,41.43751,6.64238e-05,,6.4240725e-05,0.00017570531,16681.79,,,,
15,2018-07-13,-1.2595739,0.40862405,62755.344,4347.8906,69661.48,3508.972,17.249645,9.062304e-05,2.9687038e-05,6.0623577e-05,0.00020486211,19223.746,,,0.02739701,2092.2654
16,2018-07-14,-1.2141227,0.3646319,74771.734,2524.9607,83038.95,1696.2344,7.026907,8.436423e-05,1.6996039e-05,6.5112516e-05,0.0002075942,19219.334,,,0.02811987,2178.9436
17,2018-07-15,-0.76247597,0.6140173,39822.152,7273.7295,45755.625,6267.969,24.180923,7.8587604e-05,,6.294364e-05,0.00020318356,19222.883,,,,
18,2018-07-16,-1.0985203,0.87520784,62622.777,3767.8127,71186.25,2750.4182,15.757022,9.014908e-05,,5.7137353e-05,0.00014914399,16677.404,,,,
19,2018-07-17,-0.7708744,0.6204214,52811.86,5116.6406,60266.445,4090.835,26.078127,7.7394274e-05,,6.201879e-05,0.00018329863,16673.053,,,0.034923874,2747.9875
20,2018-07-18,-1.3234118,0.14234911,87956.83,1050.1436,95287.01,447.1949,5.721032,7.984217e-05,9.23688e-06,6.746236e-05,0.00019518458,16663.484,,,0.031793147,2118.9463
21,2018-07-19,-0.93810564,0.982631,88283.53,950.37244,97543.83,244.67447,30.771364,6.9443e-05,,6.372007e-05,0.0001805659,17928.254,,,0.029494746,2269.3027
22,2018-07-20,-1.438066,0.14057828,80892.766,2047.7809,87366.17,1467.6356,5.468921,7.973031e-05,1.2061953e-05,6.4803564e-05,0.0002015148,16673.79,,,0.030352455,2198.6694
23,2018-07-21,-1.662382,0.089213125,91266.92,742.8248,97699.125,270.7553,4.860308,8.785648e-05,2.4083143e-05,6.4138076e-05,0.00016730526,16676.031,,,0.029761942,1961.5753
24,2018-07-22,-1.124562,0.20330115,21403.326,11561.513,24947.943,10562.143,12.622448,7.7301695e-05,1.508727e-05,6.475033e-05,0.0001939832,16676.938,,,,
25,2018-07-23,-0.6923158,0.80639625,43448.57,6669.0146,49820.91,5645.99,37.470192,6.673095e-05,,6.155603e-05,0.00017215923,16677.082,,,,
26,2018-07-24,-1.724667,0.26430395,87269.83,1122.4343,95625.96,399.39777,8.959746,7.4951764e-05,1.0324615e-05,6.214432e-05,0.00018581205,16679.361,,,0.03118975,1952.4467
27,2018-07-25,-0.9129542,0.64258605,72052.55,2699.1616,81454.08,1700.8848,25.429708,7.592453e-05,1.6201784e-05,6.236103e-05,0.00018983707,16681.703,,,0.029121256,1998.0983
28,2018-07-26,-1.5020057,0.30156055,82433.75,1653.2853,90481.65,903.2357,6.889603,8.970212e-05,2.2799724e-05,6.44512e-05,0.00016877407,16685.484,,,0.029248811,2125.6956
29,2018-07-27,-0.7520565,0.5792674,58591.22,4492.7295,66436.47,3494.0032,19.674904,8.013719e-05,2.2112788e-05,6.336103e-05,0.00020578656,16685.203,,,0.031675898,2745.001
30,2018-07-28,-0.92632,0.25595272,85791.3,1337.4371,93490.016,657.9341,14.174714,8.042006e-05,2.0219773e-05,6.4407504e-05,0.00020578233,16681.71,,,0.031029105,2549.9458
31,2018-07-29,-1.4252758,0.1923593,68287.11,3646.925,74894.82,2880.9688,8.232666,7.991245e-05,1.852796e-05,6.329021e-05,0.00019033888,16684.984,,,0.028251544,2383.729
32,2018-07-30,-1.3808575,0.8662421,44023.016,6947.558,50415.746,5926.655,23.77805,7.996052e-05,9.8023465e-06,6.2179766e-05,0.00018603567,16689.21,,,,
33,2018-07-31,-0.7084697,0.7588142,55198.484,4925.1157,62860.8,3908.067,18.37207,8.187831e-05,1.3834786e-05,5.974987e-05,0.00018856933,16692.521,,,,
34,2018-08-01,-1.5554055,0.0207951,91900.95,811.0517,98495.28,224.69594,4.8538938,9.363197e-05,3.4767403e-05,5.886457e-05,0.00017014162,16692.633,,,0.027664393,1302.6394
35,2018-08-02,-1.2592771,0.13785908,88843.125,1065.2109,96519.2,388.5531,5.824397,8.405181e-05,2.4587298e-05,5.828396e-05,0.00019824592,16692.115,,,0.0285999,1607.1494
36,2018-08-03,-1.4420438,0.18963562,82589.21,1724.6122,90645.35,990.90424,6.2575455,8.560979e-05,2.6416199e-05,5.9123828e-05,0.00019368435,16688.05,,,0.028488657,2559.3801
37,2018-08-04,-0.96067774,0.04370532,97728.29,253.73666,99368.88,159.92487,4.8379045,8.002482e-05,2.1175128e-05,5.8849688e-05,0.00019001501,14416.609,,,0.027149562,1838.3761
38,2018-08-05,-1.5561258,0.5484976,67572.33,3357.3123,75610.56,2464.2212,9.867944,7.300195e-05,1.0453658e-05,6.1806764e-05,0.00015190993,16679.018,,,0.030518258,2492.358
39,2018-08-06,-1.5011376,0.15246978,80671.16,1803.1057,89566.46,993.75824,5.850092,8.3338724e-05,2.1737178e-05,6.0276878e-05,0.00015634087,14415.401,,,0.028933084,1985.5682
40,2018-08-07,-1.0112885,0.41589117,71923.26,3058.4045,79379.86,2186.0195,23.062351,7.6267184e-05,1.48442095e-05,6.166248e-05,0.00020070009,16684.438,,,0.030585738,1868.6641
41,2018-08-08,-1.1478614,0.12646785,92765.945,674.4177,98580.96,212.5034,5.725341,8.240606e-05,2.333173e-05,5.9270136e-05,0.00019548759,16667.297,,,0.027639294,1998.0413
42,2018-08-09,-1.0279967,0.15766956,85545.75,1392.5055,93972.836,616.6931,5.8091426,8.18423e-05,2.3021323e-05,5.8726073e-05,0.00019425896,16692.172,,,0.03208651,1818.5347
43,2018-08-10,-0.988897,0.04805391,96029.33,404.1605,99001.15,187.2042,5.021647,8.496092e-05,2.8396524e-05,5.65644e-05,0.00019832022,16691.473,,,0.029616728,1296.4698
44,2018-08-11,,,,,,,,,,,,,,,,
45,2018-08-12,-0.9397921,0.29449376,59402.266,4836.2803,67377.37,3856.694,11.595176,7.377676e-05,7.172132e-06,6.2039966e-05,0.0001968741,19232.281,,,0.0299471,948.28033
46,2018-08-13,-0.73840535,0.8419078,59828.36,4136.2725,68078.336,3124.5579,33.556335,0.00010793125,,5.1076797e-05,0.00016866387,14415.272,,,,
47,2018-08-14,-1.5076289,0.1795918,38137.258,7641.634,43869.996,6626.9707,5.8587785,8.621096e-05,2.5266352e-05,6.14335e-05,0.00019500521,14414.221,,,,
48,2018-08-15,-0.78599256,0.5742127,70916.34,2795.7974,80253.34,1794.4468,15.868905,6.965625e-05,8.286647e-06,5.7785513e-05,0.00018188212,16679.121,,,0.0368336,2258.0215
49,2018-08-16,-0.83722174,0.49662775,79762.086,1899.8354,88823.94,1022.5799,17.542559,7.295358e-05,1.4431065e-05,5.471649e-05,0.00018587156,16688.85,,,0.041650124,1609.0057
50,2018-08-17,-1.4640064,0.32937887,78408.36,2051.3403,88315.68,1078.0403,7.527667,7.246539e-05,2.4676412e-05,5.4290114e-05,0.00014973535,14419.626,,,0.04404348,1684.4601
51,2018-08-18,-1.0562409,0.33664382,59550.06,4496.1055,67494.586,3502.587,11.046076,8.300139e-05,2.2799759e-05,5.4662567e-05,0.00019629116,16687.5,,,0.033483006,2020.3396
52,2018-08-19,-1.0329535,0.29558912,61227.805,4332.6826,69213.375,3353.4102,10.892653,7.414911e-05,2.6906e-05,5.329858e-05,0.00016911296,14418.96,,,0.033193126,2018.2871
53,2018-08-20,-1.1763598,0.40241978,67586.34,3355.6228,76119.29,2392.668,8.672304,7.4016454e-05,1.936905e-05,5.529268e-05,0.00017767327,14415.719,,,0.029434493,2141.518
54,2018-08-21,-0.9287132,0.6400419,70811.36,2813.2751,79861.64,1840.2349,30.360361,7.054525e-05,2.0751548e-05,5.2041083e-05,0.00017664331,16682.62,,,0.03528782,1507.2261
55,2018-08-22,-0.9699436,0.06902897,91632.766,770.87714,98553.4,213.47377,4.9342003,7.8054516e-05,2.4563878e-05,5.4156364e-05,0.00016155753,14421.238,,,0.031818215,962.6516
56,2018-08-23,-0.67639685,0.048556186,98010.32,335.77167,99190.82,193.88303,4.8810396,7.576071e-05,2.051135e-05,5.5249362e-05,0.00019943438,14418.869,,,0.03194638,1326.0138
57,2018-08-24,-1.1241891,0.1287084,91703.36,694.1069,98864.305,174.83607,5.046869,7.854807e-05,2.6183483e-05,5.223681e-05,0.00018890841,14414.516,,,0.032264046,1901.9779
58,2018-08-25,-0.404584,0.8713331,62592.05,3761.622,71151.95,2741.0178,35.47006,9.72505e-05,,4.628659e-05,0.00018071478,14412.854,,,,
59,2018-08-26,-1.0174639,0.56333065,67684.16,3172.4512,76645.32,2171.3179,11.958783,9.0731024e-05,3.290325e-05,5.4185643e-05,0.00016512541,16679.719,,,0.037760455,1842.9591
60,2018-08-27,-1.3937818,0.23473684,83954.79,1486.4308,91921.96,767.1224,5.8656473,7.657108e-05,1.5819245e-05,5.6479446e-05,0.00016249878,16684.504,,,0.035779726,1169.8187
61,2018-08-28,0.072604835,0.46762684,63990.82,3617.8198,72703.33,2609.3452,18.838442,7.530356e-05,,5.4376214e-05,0.00019692352,19238.941,,,0.051060062,1325.1499
62,2018-08-29,-0.6844866,0.5050026,67852.68,3214.8657,76748.62,2237.3442,18.037474,7.606964e-05,9.91083e-06,5.5485332e-05,0.0001971949,19243.832,,,0.04406691,1544.1044
63,2018-08-30,-1.054256,0.24912201,89620.95,945.00366,96641.164,371.92914,6.8139815,7.441519e-05,2.148193e-05,5.2710493e-05,0.000186484,17959.844,,,0.043724827,1392.1602
64,2018-08-31,-0.1260753,0.98258436,63632.242,3699.715,72308.25,2684.8164,32.550964,7.080832e-05,,4.895914e-05,0.00016695564,16686.941,,,,
65,2018-09-01,-1.028113,0.19708064,86737.18,1245.8701,95328.97,486.37335,4.8906717,7.997363e-05,3.1307987e-05,4.8635156e-05,0.00019252894,16694.531,,,0.04573747,1575.8661
66,2018-09-02,-1.7980262,0.7311587,39362.86,7365.072,45266.207,6352.2974,13.03423,8.0716774e-05,,4.815844e-05,0.00013851009,16696.932,,,,
67,2018-09-03,-1.1171405,0.18362337,92848.75,657.7168,98609.55,210.60083,5.414962,6.867993e-05,2.181272e-05,4.8867932e-05,0.00018517373,16691.094,,,0.039341003,1390.7124
68,2018-09-04,-0.43957323,0.54545873,72316.97,2924.3594,81156.17,2006.405,13.500137,7.9455145e-05,,4.711913e-05,0.00018039977,17958.812,,,0.041315854,1661.0007
69,2018-09-05,-0.46275064,0.9752945,58266.875,4372.175,66344.69,3365.895,38.297047,6.109927e-05,,4.7907874e-05,0.00015297567,16685.355,,,,
70,2018-09-06,-0.7271913,0.10056372,92919.22,648.3221,97705.94,288.08875,4.436751,8.007614e-05,3.0659146e-05,4.9416994e-05,0.00019105748,16684.184,,,0.039625958,1230.7935
71,2018-09-07,-1.708183,0.27111444,29309.88,9267.488,33967.52,8279.856,6.373161,9.417098e-05,4.3726446e-05,4.6139387e-05,0.0001403959,16683.59,,,,
72,2018-09-08,-0.9516917,0.5182637,52385.234,5275.243,59576.625,4284.8823,18.232405,7.801814e-05,3.1852756e-05,4.8350434e-05,0.00017101548,16688.422,,,0.035304666,1470.649
73,2018-09-09,-1.1264448,0.12574862,84676.04,1491.5934,92577.78,765.74725,4.6742916,7.5383345e-05,2.7521424e-05,4.7536407e-05,0.00017999928,16691.557,,,,
74,2018-09-10,-1.0608721,0.26567593,88020.47,1138.6498,95014.016,522.77637,5.8436694,6.857947e-05,1.8716895e-05,4.853923e-05,0.00017901023,16690.629,,,0.03715215,1454.8843
75,2018-09-11,-1.0850745,0.1996572,57608.33,5068.073,63706.234,4243.0186,4.812318,7.800016e-05,3.070105e-05,4.548867e-05,0.0001749306,15554.27,,,0.036675062,1437.3407
76,2018-09-12,-1.0566701,0.9584523,81571.6,1675.1393,92160.12,663.91766,23.579958,6.341266e-05,,4.4287175e-05,0.0001368842,13051.391,,,0.025046851,2201.3604
77,2018-09-13,-0.9050895,0.5340507,41435.906,6896.507,47584.1,5889.216,29.528172,6.7869914e-05,3.1924097e-05,4.640196e-05,0.00017149304,14419.07,,,,
78,2018-09-14,-0.9933083,0.19286503,90642.125,899.87427,97970.05,255.57504,6.916484,7.695324e-05,2.698665e-05,4.8071684e-05,0.00019841357,16689.043,,,0.03441365,1051.7463
79,2018-09-15,-0.98612404,0.56951123,48361.01,6045.0464,55120.297,5059.9336,10.5704775,8.816381e-05,3.5237757e-05,4.5210916e-05,0.00017482674,16686.34,,,0.03473308,1238.9249
80,2018-09-16,-1.0413269,0.1933535,92766.484,640.7556,98822.06,197.44781,4.603842,6.923252e-05,2.3187169e-05,4.765761e-05,0.00018331135,17968.33,,,0.034078818,769.86566
81,2018-09-17,-1.1131415,0.15056437,72861.195,2848.9636,81572.75,1947.6228,5.0923767,8.400637e-05,2.8100027e-05,4.5820307e-05,0.00017484976,16689.965,,,0.03303419,1394.7499
82,2018-09-18,-1.4733828,0.009015807,83101.53,2629.596,89135.72,1624.8352,4.5933995,7.710307e-05,3.2992113e-05,4.411096e-05,0.00015142186,13052.662,,,0.030440098,1567.9011
83,2018-09-19,-1.0637004,0.11128052,74455.234,2543.5251,83561.14,1608.9,4.7272024,7.69784e-05,3.10713e-05,4.59071e-05,0.00018581838,13051.762,,,0.031446528,2148.6924
84,2018-09-20,-1.0702133,0.07281243,92347.375,708.6881,97999.06,245.06302,4.5725193,7.3768846e-05,2.8078995e-05,4.568985e-05,0.00018455938,14429.355,,,0.032494776,1507.974
85,2018-09-21,-1.0339506,0.100856625,94183.09,482.03436,99093.24,172.44542,4.547985,7.8432495e-05,3.5148092e-05,4.328441e-05,0.00018609909,16684.568,,,0.030631727,1548.83
86,2018-09-22,-0.6635554,0.9838785,44751.887,6269.951,51292.633,5257.537,42.91172,0.00014842526,,4.197818e-05,0.000157097,19226.176,,,,
87,2018-09-23,-1.5631926,0.36717236,77160.945,2056.4412,86498.02,1169.773,11.415843,6.916181e-05,2.4963267e-05,4.403377e-05,0.00015721639,19222.611,,,0.030117486,885.6616
88,2018-09-24,-0.82470745,0.5869397,70370.266,2765.7456,79742.29,1793.9717,16.836105,6.0048198e-05,,4.399781e-05,0.0001485427,22045.969,,,0.031152545,1084.6415
89,2018-09-25,-1.0218863,0.47801387,78992.875,1952.4468,88546.52,1057.6682,12.264931,5.7337027e-05,2.0017542e-05,4.179026e-05,0.00015761575,22115.092,,,0.033613093,760.2586
90,2018-09-26,-0.49154207,0.9057926,39879.3,7141.615,45844.35,6123.5747,25.188406,0.00016535695,,3.6417397e-05,0.0001373674,14422.207,0.12672117,229.18073,,
91,2018-09-27,-0.96699977,0.27884185,79413.08,1836.1815,89083.69,937.3593,6.039403,5.9701477e-05,1.0578687e-05,4.28107e-05,0.00016498449,14416.523,0.12044434,228.49095,0.029202009,1014.3346
92,2018-09-28,-1.3870999,0.36338633,72360.586,2583.5542,81944.1,1583.8341,15.304923,7.0229835e-05,2.909401e-05,4.187344e-05,0.00014885182,16677.258,,,0.030430367,581.7391
93,2018-09-29,-0.8845155,0.3321431,79333.1,1870.2236,89531.555,922.26904,8.5698805,6.757832e-05,2.6108708e-05,3.9352843e-05,0.00018469615,17971.36,0.12881431,228.39401,0.032371506,530.3744
94,2018-09-30,-0.88847184,0.301588,43915.266,6738.2573,50097.75,5733.2354,9.835839,7.712083e-05,4.3693635e-05,3.885734e-05,0.00016641998,14419.475,0.12263325,229.09161,,
95,2018-10-01,-0.7895231,0.34617516,85600.35,1208.2545,95311.59,382.4872,11.540905,6.338298e-05,2.0988451e-05,4.0801937e-05,0.00016794715,14415.197,0.13521755,229.41702,0.0307534,777.03174
96,2018-10-02,-0.7337914,0.59667826,71522.19,2719.083,80042.05,1838.3423,13.772203,6.674703e-05,2.8983386e-05,4.212076e-05,0.00017744846,19218.596,0.13743298,228.08083,0.032961942,958.32416
97,2018-10-03,-0.42672366,0.9856094,75043.61,2165.377,84941.84,1199.3652,25.28618,7.1078764e-05,,4.126846e-05,0.00018507987,24093.93,0.14269172,229.52383,0.028562697,1024.3346
98,2018-10-04,-1.7097629,0.43669036,74750.52,2221.4512,84625.625,1257.788,14.991282,5.4757606e-05,1.3640542e-05,3.895781e-05,0.00013802701,22088.979,0.13463238,228.6527,0.029847475,549.792
99,2018-10-05,-0.926882,0.5826155,79166.0,1932.3145,88620.61,1034.5691,18.840359,7.227769e-05,4.385751e-05,3.6029858e-05,0.00015973006,16690.557,0.116571695,226.90652,0.027769865,1275.4541
100,2018-10-06,-0.9030138,0.13154756,95851.055,350.0076,99158.74,171.55556,5.036461,6.832656e-05,3.179331e-05,3.6533253e-05,0.0001801491,14417.299,0.117380604,227.22998,0.03189652,840.77
101,2018-10-07,-0.50573456,0.7471099,45195.723,6133.03,51787.234,5133.0513,29.633053,5.574106e-05,,3.5701294e-05,0.00013806291,16675.775,0.12797289,226.85869,,
102,2018-10-08,-0.93206,0.09554334,93140.836,706.1969,98255.0,239.86856,4.717099,6.122328e-05,2.2871378e-05,3.5995465e-05,0.00015576405,16693.137,0.13713098,225.46986,0.030875202,759.5731
103,2018-10-09,-1.1725794,0.0,99358.56,,99358.56,,,5.9258913e-05,2.3007153e-05,3.625176e-05,0.00013665699,16695.127,0.13790114,227.2189,0.028150043,850.02277
104,2018-10-10,-0.96148324,0.12091704,85675.22,3026.5115,89402.42,2334.5996,4.9820976,6.022679e-05,2.329624e-05,3.6930556e-05,0.00017150232,14422.607,0.12664191,225.95331,0.028172947,1291.9847
105,2018-10-11,-1.0379324,0.15509534,95981.13,435.18555,99142.12,172.85341,4.9782195,7.233488e-05,3.728804e-05,3.5046847e-05,0.00018599327,13055.87,0.119927734,226.58812,0.029425442,1316.9512
106,2018-10-12,-1.0057046,0.09680252,97432.336,326.3979,99241.11,172.05257,4.4773836,6.188961e-05,2.6327238e-05,3.556237e-05,0.00017066076,13056.319,0.12020823,226.78537,0.029607717,957.9853
107,2018-10-13,-0.9582592,0.036340054,87166.91,1255.8553,96348.52,419.7772,4.7940755,6.0529514e-05,2.3446704e-05,3.7082813e-05,0.00016982622,14424.887,0.12433612,224.97693,0.030113261,862.2499
108,2018-10-14,-1.2654303,8.9860805e-05,98335.82,1897.0791,98901.17,879.6678,4.8916216,5.5523073e-05,2.015779e-05,3.5365283e-05,0.00013766045,13055.301,0.12380934,224.91695,0.031102039,663.1716
109,2018-10-15,,,,,,,,,,,,,,,,
110,2018-10-16,-0.80767167,0.16088125,82300.02,2752.2224,87025.06,2101.0024,5.7724943,7.783339e-05,4.0757237e-05,3.8515085e-05,0.0001930267,14421.307,0.12697947,225.34459,0.031314258,849.6918
111,2018-10-17,-0.8096896,0.110558726,97275.46,300.51453,99229.516,169.2796,4.331095,8.163716e-05,4.5298108e-05,3.633905e-05,0.00020683206,13737.547,0.13224429,224.98375,0.031247173,636.33905
112,2018-10-18,-0.7201445,0.14339188,92794.016,700.23816,97707.375,282.995,4.593911,7.796282e-05,4.1202937e-05,3.6759877e-05,0.00019627789,14419.295,0.12189984,224.85664,0.0320696,1074.5452
113,2018-10-19,-0.084733516,0.9481021,94602.06,485.89517,98582.234,225.06369,29.665857,5.0124963e-05,,3.049858e-05,0.00018129227,16690.717,0.122974046,225.54364,0.03131254,1239.9376
114,2018-10-20,-1.2840756,0.8977239,79547.63,1883.1847,89925.34,896.1515,48.894226,7.6560566e-05,,3.161859e-05,0.0001432855,16692.863,0.12247136,224.9153,0.030076846,214.05998
115,2018-10-21,-0.83938926,0.17392045,92349.875,717.16956,98169.33,240.67389,4.82401,6.536012e-05,3.4429693e-05,3.0439453e-05,0.00017800383,16687.887,0.12708923,224.04709,0.030258948,579.54504
116,2018-10-22,-0.9179819,0.36687857,83435.78,1518.8564,91740.34,767.93854,11.10783,5.9484213e-05,2.6875561e-05,2.8995826e-05,0.00014633925,13052.605,0.120216146,224.08572,0.029070634,967.8539
117,2018-10-23,-0.2950989,1.0,46897.938,5775.0596,53684.797,4792.3364,33.391834,9.218333e-05,,3.152572e-05,0.00013687185,22042.477,0.14222404,225.64008,,
118,2018-10-24,-0.2951244,0.9783993,70409.19,2544.1455,79802.92,1593.3789,25.161987,6.66157e-05,,3.1543845e-05,0.00016063206,24033.027,0.15921178,225.75893,0.02823289,711.84485
119,2018-10-25,-1.4639295,0.9119084,72991.43,2334.8735,82677.586,1373.9808,56.32464,6.2529805e-05,,3.1011325e-05,0.00014314608,22027.6,0.1365142,224.77917,,
120,2018-10-26,-0.61318755,0.41848826,82176.766,1428.3434,92653.42,507.18845,9.924963,5.946101e-05,2.7723538e-05,3.2732736e-05,0.00018351269,22053.014,0.13150012,222.50566,0.031467397,497.64413
121,2018-10-27,-0.041896246,0.82298315,51104.18,5099.934,58365.055,4122.0684,40.11013,0.00029755093,,3.055941e-05,0.00023536755,19199.277,0.1309556,223.54236,,
122,2018-10-28,-0.3221733,0.92940533,70073.73,2794.1592,79165.22,1855.0426,33.94928,7.3565214e-05,,2.7514605e-05,0.00017221409,16684.525,0.124814466,222.51407,0.031729,481.7262
123,2018-10-29,-0.36376947,0.9951242,61394.9,3908.1272,69813.26,2910.6965,23.101635,9.357062e-05,,2.5930798e-05,0.0001664589,14429.642,0.11935922,221.58247,,
124,2018-10-30,,,,,,,,,,,,,,,,
125,2018-10-31,-0.5454734,0.41343838,94215.91,544.7625,98790.6,195.92633,11.589054,6.524676e-05,3.440334e-05,3.2391814e-05,0.00023654077,16692.852,0.13438064,220.20068,0.030999647,899.5281
126,2018-11-01,-0.15912792,0.59231526,96764.74,347.77737,99233.13,170.24135,15.252303,5.8372396e-05,,2.5986916e-05,0.00017813739,14425.527,0.12489489,220.60797,0.029741623,803.23676
127,2018-11-02,0.13400209,0.8007754,69234.305,3076.2441,78511.45,2064.12,23.073915,9.402524e-05,4.06594e-05,2.769181e-05,0.00018239528,14421.201,0.118686855,219.39175,0.027369216,1870.4419
128,2018-11-03,-0.4281878,0.9846681,46510.137,6081.4634,53251.848,5076.466,4.0286465,9.193757e-05,,2.1464886e-05,0.00012929426,16696.203,0.11630622,217.9986,,
129,2018-11-04,-0.4676321,0.9990743,93481.734,634.0264,99398.28,164.70468,4.7722945,3.7086887e-05,,2.0956402e-05,0.00014344,13740.243,0.10991584,217.53897,0.028869582,575.55316
130,2018-11-05,-1.1883923,0.987817,94216.734,547.3607,99225.336,171.51588,71.13046,3.349759e-05,,2.023068e-05,0.00012156029,14422.486,,,0.027262714,999.5292
131,2018-11-06,-0.17832652,0.837588,98635.06,188.80414,99225.75,171.83876,28.123337,3.7815647e-05,,2.1834545e-05,0.00015523593,14418.929,0.1295903,217.46535,0.027001705,1248.8721
132,2018-11-07,-0.2513328,0.9882327,96647.516,373.68808,99190.875,171.36615,26.118671,3.8433962e-05,,2.4206665e-05,0.00016401899,14420.623,0.13234314,219.25896,0.027596816,861.9108
133,2018-11-08,0.008110434,0.54580545,91743.36,744.86176,98674.34,200.81268,6.401287,5.4002507e-05,3.1077787e-05,2.411821e-05,0.00018292358,14420.561,0.13047707,219.16812,0.028768927,732.2108
134,2018-11-09,0.03103453,0.7555914,72151.734,2813.2573,80498.82,1922.9893,16.68894,9.477191e-05,3.6693873e-05,2.6703976e-05,0.00019926767,14421.904,0.13129115,219.20709,,
135,2018-11-10,-1.359405,0.28057265,32124.377,8530.898,37138.836,7559.3535,13.837472,4.818406e-05,,2.9320949e-05,0.00014322287,16689.273,,,,
136,2018-11-11,-0.4303375,0.98326665,95084.22,434.6358,99202.06,171.49307,39.820305,5.3514206e-05,,2.4925204e-05,0.00019795827,16693.793,0.13263756,218.26073,0.030953214,598.0564
137,2018-11-12,-0.42241734,0.9632558,55795.125,4754.8164,63580.21,3765.0356,41.153633,0.000101204154,,2.2565278e-05,0.00018043153,19262.488,0.122094,219.4383,,
138,2018-11-13,0.09479612,0.98356426,52387.54,5206.9355,59798.633,4212.5054,37.644516,0.00014871516,,2.3204568e-05,0.00018121027,16692.93,0.12286583,217.8134,,
139,2018-11-14,0.1994756,0.9792436,63270.13,3637.8718,71895.09,2660.927,11.747503,3.9608447e-05,,2.8113278e-05,0.00016559954,22111.56,0.13577062,218.75711,0.02979118,880.86914
140,2018-11-15,-1.648131,0.42997476,77497.56,2093.9758,87665.22,1126.1036,16.825396,3.760196e-05,,2.4706727e-05,0.00013383251,19271.975,0.13742961,218.32187,0.032114144,464.8127
141,2018-11-16,-0.58153176,0.69446963,92604.516,786.44824,99094.945,241.48296,17.492134,5.278067e-05,1.47474475e-05,2.2026432e-05,0.00018084829,16715.45,0.13652775,217.79514,0.03314151,509.65997
142,2018-11-17,-0.30980277,0.59698975,43219.188,6785.3354,49543.953,5806.6553,23.030993,8.814886e-05,,2.2687664e-05,0.0001564348,16713.812,0.1307271,220.32884,,
143,2018-11-18,-0.34782577,0.8594513,81415.03,1701.8312,91984.55,737.1223,18.133276,3.6503458e-05,,2.599376e-05,0.00015098066,22106.273,0.1476878,221.73651,0.030648135,736.7549
144,2018-11-19,-0.3932828,0.93161315,84529.24,1402.4839,95063.484,491.67618,29.345572,4.329685e-05,,2.1314057e-05,0.00014392177,19269.512,0.14468396,219.04224,0.031248607,513.777
145,2018-11-20,-0.14078736,0.79514706,93387.59,648.7797,98773.734,209.90622,17.630243,3.0394893e-05,,1.884166e-05,0.00014026814,16702.549,0.14678545,218.46503,0.032213055,415.953
146,2018-11-21,-1.209404,0.57697386,86766.35,1196.3628,97766.92,263.35388,28.676334,3.2100474e-05,,1.9663245e-05,0.0001307959,16701.004,0.13093056,218.3258,0.029813098,400.3705
147,2018-11-22,-0.5155461,0.9907932,94445.89,502.96796,99171.6,171.54453,29.581245,3.9033723e-05,,1.9046987e-05,0.00016389406,14423.379,0.12717009,217.64844,0.030183733,258.51776
148,2018-11-23,-0.2089043,0.92169136,91705.44,741.8771,99144.89,172.28177,20.067333,5.08164e-05,,1.9365161e-05,0.00015040033,14423.806,0.12974972,217.73889,0.030312896,229.52408
149,2018-11-24,-0.90846604,0.8513347,52665.258,5048.254,59905.18,4087.793,16.64014,5.1472016e-05,,2.427537e-05,0.00016690334,19240.91,0.14413173,220.09125,,
150,2018-11-25,-1.2122371,0.912222,70432.055,2763.5654,79657.64,1818.4143,14.64967,5.9838156e-05,,2.5316052e-05,0.00017928798,19231.049,0.14988714,220.85526,,
151,2018-11-26,-1.1975504,0.63439524,82614.26,1455.771,93041.26,528.6555,37.163418,4.2148953e-05,,2.4397174e-05,0.00017238721,22092.562,0.15535311,220.7177,0.031425554,328.04486
152,2018-11-27,-0.33861446,0.4413579,83043.734,1407.2345,93750.11,470.77545,18.05065,5.124132e-05,2.4398043e-05,2.4631805e-05,0.00019842609,22098.133,0.15802264,219.5025,0.031411868,234.15866
153,2018-11-28,-0.20098254,0.9296515,90453.5,863.85345,97786.484,281.9677,23.173534,4.6856054e-05,,2.3169705e-05,0.0001719916,22156.7,0.13911206,217.8634,0.03335918,113.647606
154,2018-11-29,-0.073964804,0.39947027,78202.17,2074.354,87495.58,1198.9839,4.014972,7.16691e-05,3.958496e-05,1.933717e-05,0.00016768259,16711.787,0.15078637,216.12329,0.035658598,156.16496
155,2018-11-30,-0.77569973,0.3003374,85607.31,1346.895,95344.95,498.28662,5.0630894,6.112149e-05,3.948743e-05,1.6288923e-05,0.00015242313,16705.5,0.13222253,212.62445,0.03441927,108.80696
156,2018-12-01,-1.1115385,0.7957582,42650.473,6583.5933,48901.14,5620.364,20.085596,0.000112578215,,1.824533e-05,0.00014421303,19248.5,,,,
157,2018-12-02,-1.3540661,0.93344396,66890.7,3096.2346,75917.93,2123.6,31.942238,9.119838e-05,,1.8340586e-05,0.00014870739,22085.232,0.12465377,210.35452,0.033010736,416.98584
158,2018-12-03,-0.29818404,0.99154544,69071.734,2842.5117,78336.06,1856.8346,26.066778,0.00018963279,,1.46055845e-05,0.00020945308,16670.664,0.12352592,212.96793,0.03317816,1249.783
159,2018-12-04,-0.13116662,0.91635996,67429.58,3039.4717,76463.14,2060.062,18.628185,0.00015471512,,1.7516064e-05,0.00021865711,19212.836,0.13471714,211.9999,0.03525109,628.18866
160,2018-12-05,-0.26229697,0.98531073,82370.25,1488.097,92395.24,622.9822,2.685004,5.583367e-05,,1.5267622e-05,0.00013063592,22101.766,0.14356774,212.05496,0.03302043,511.3403
161,2018-12-06,-0.796161,0.60326177,58875.91,5090.029,65792.445,4245.5586,11.227314,2.8124565e-05,,1.613288e-05,0.00011668107,19254.578,0.1257309,210.26399,,
162,2018-12-07,-0.49729884,0.99143255,57775.18,4385.1255,65516.684,3434.4817,13.704581,0.00019744101,,1.2415298e-05,0.00015173227,16676.986,0.11745491,210.37836,,
163,2018-12-08,-0.8263135,0.92344385,41342.926,6701.9604,47469.562,5710.622,18.627584,0.00049944804,,1.1493234e-05,0.00015528707,19197.957,0.11211746,210.16196,,
164,2018-12-09,-0.26747006,0.9770162,89135.55,760.5598,98281.98,175.32896,7.5193024,7.5338525e-05,,1.7710041e-05,0.00020793121,22021.777,0.14391991,214.9344,0.0325399,618.0329
165,2018-12-10,-0.047566652,0.7117184,65319.71,3125.2056,74177.805,2159.8582,18.388042,9.254509e-05,,2.2428649e-05,0.00018726279,24089.922,0.15448427,218.9213,0.030658849,555.54504
166,2018-12-11,-0.9882852,0.8285074,62558.824,3548.908,71105.12,2596.9246,18.733318,9.482173e-05,,2.645049e-05,0.0002028988,24160.588,0.15697409,221.13875,0.031804245,301.02023
167,2018-12-12,-1.6894647,0.8456738,70615.24,2692.57,80047.68,1739.875,19.596384,8.43835e-05,,2.1852054e-05,0.00017727677,22114.38,,,0.03530363,464.19012
168,2018-12-13,-1.1384708,0.93736,77590.41,2003.5964,87766.58,1049.7013,34.06976,7.252598e-05,,2.0697418e-05,0.00016862091,22123.303,0.160761,217.75642,0.03582072,421.0486
169,2018-12-14,-0.49111703,0.9982255,72863.18,2516.588,82534.08,1561.4774,27.558508,0.00017808734,,2.10412e-05,0.00021020061,22140.754,0.14430791,216.3402,0.03574387,325.58023
170,2018-12-15,-0.3508415,0.85985506,75690.84,2266.2168,85660.56,1313.354,15.722666,9.8929246e-05,,1.9003764e-05,0.00016658449,22159.852,0.14441267,214.682,0.035456225,364.35266
171,2018-12-16,-0.5109468,0.8606096,48293.86,5666.9385,55228.695,4703.845,9.86644,0.0002215032,,2.0260853e-05,0.00019509217,19263.559,0.13820074,215.24283,,
172,2018-12-17,-1.1870303,0.9359796,53704.832,4900.209,61256.18,3928.9487,11.170862,0.00023429966,,1.8564078e-05,0.00018652389,19255.514,0.1300938,215.56523,,
173,2018-12-18,-0.8157528,0.92281485,69447.6,2869.6953,78754.99,1912.2766,24.726267,8.515892e-05,,1.566303e-05,0.00017868303,22146.332,0.14294878,209.45105,0.033714037,331.88605
174,2018-12-19,-0.656263,0.99654686,86280.945,1232.719,97168.56,325.86032,26.01536,4.615168e-05,,1.1084747e-05,0.00012940526,16702.773,0.117531076,207.32573,0.035717994,313.2714
175,2018-12-20,-0.47317672,0.9995994,53706.664,4813.912,61277.53,3842.2473,10.546605,0.00011802034,,1.1721768e-05,0.00014161375,14421.984,0.1244854,208.08687,,
176,2018-12-21,-0.28174248,0.83950347,60864.04,3942.0225,68324.64,3059.335,11.049422,0.00016054041,,1.4715366e-05,0.00017100378,19236.172,0.1331472,209.01752,,
177,2018-12-22,-0.74204135,0.92624557,69823.36,3058.5315,76205.734,2393.38,11.714428,0.00012709462,,1.2859733e-05,0.00013958506,19201.586,0.12586683,208.2858,,
178,2018-12-23,-1.4787879,0.844617,64161.496,3335.397,72869.8,2386.0476,21.214285,5.5558896e-05,,1.6979473e-05,0.00014177618,19223.566,0.13095234,210.8825,0.03346024,279.08194
179,2018-12-24,-0.81844664,0.91719,73403.17,2283.5188,83135.766,1340.3624,31.782862,0.00018206838,,1.9484296e-05,0.0002131645,22071.28,0.14410794,212.73093,0.033927202,362.9139
180,2018-12-25,-0.011027664,1.0,70299.46,2696.5183,79693.67,1748.009,29.06348,-1.1979739e-05,,2.0840871e-05,0.00011358741,19237.893,0.12501207,216.1255,,
181,2018-12-26,-0.22957751,0.8673037,80893.14,1622.1559,90365.31,819.82526,13.013511,8.202413e-06,,2.1472319e-05,0.00011558223,16675.566,0.13215452,217.10623,0.033755146,457.906
182,2018-12-27,-0.39667603,0.91903555,72881.21,2591.5146,80601.56,1790.131,11.698713,-3.4283843e-05,,2.2358308e-05,0.000109140485,19231.816,0.13169329,218.16724,0.034847967,470.82324
183,2018-12-28,-1.5083209,0.7860695,77570.16,1922.532,87743.3,952.6136,25.54047,1.8818439e-05,,2.1728543e-05,0.00011834432,22077.184,,,0.031673104,636.4895
184,2018-12-29,-0.56324404,0.7132276,86616.484,1133.477,97449.44,235.28462,20.156599,4.222811e-05,,1.9502575e-05,0.00013882456,22110.846,0.15216312,216.38492,0.033304982,515.7147
185,2018-12-30,-0.84491116,0.9424669,67959.06,2995.7124,77104.25,2026.437,16.323812,9.589832e-05,,2.0442061e-05,0.00014849132,22092.209,0.1541273,218.57358,0.034970753,565.8096
186,2018-12-31,-0.41829354,0.86923486,93129.695,587.94794,98872.61,180.73694,12.11941,3.9127117e-05,,1.7906541e-05,0.00016395576,22116.838,0.14464474,217.28543,0.03497153,447.17474
187,2019-01-01,-1.6219523,0.95652443,36163.02,7722.158,41577.195,6766.0464,22.183834,0.00020446505,,1.588721e-05,0.00013635981,19206.41,0.14927529,217.07326,,
188,2019-01-02,-0.86858135,0.89836854,51968.88,4844.283,59322.297,3900.7183,15.950527,8.05509e-05,,1.4813727e-05,0.000109150744,24093.598,,,0.029247968,367.5035
189,2019-01-03,-0.91073185,0.8398705,62574.273,3464.8916,71130.07,2528.4973,13.236959,5.372755e-05,,1.1131845e-05,9.63293e-05,24177.914,0.12735556,213.065,0.03344544,445.3224
190,2019-01-04,-0.591419,0.9068558,58196.043,4108.6416,66165.13,3172.9226,5.794475,5.6775934e-05,,1.2674796e-05,9.468665e-05,19240.34,0.1375993,211.0542,0.035515353,374.9031
191,2019-01-05,-0.4774427,0.99351513,86379.99,1110.0758,93015.74,581.76196,8.911312,2.4569581e-05,,1.3186736e-05,9.6973235e-05,22041.156,0.16000122,213.26562,0.034414954,452.32947
192,2019-01-06,-0.430491,0.89892626,84119.97,1328.2909,93327.305,592.3867,5.8857408,3.25342e-05,,1.4296525e-05,9.819484e-05,19250.125,0.15703772,213.71973,0.036172185,211.045
193,2019-01-07,-0.16820884,0.7871021,66932.44,3354.1724,74854.3,2493.8262,5.0213146,5.2183077e-05,,1.7530492e-05,0.00011727697,14422.836,0.13464946,215.67488,0.039157644,359.9795
194,2019-01-08,-0.89475745,0.6289749,39504.594,7033.327,45395.383,6069.5073,9.498542,0.00023276634,,2.367178e-05,0.00017430104,16672.379,,,0.032928832,446.24152
195,2019-01-09,-0.6391244,0.758245,90493.65,743.6671,96934.22,279.56198,2.9734762,2.8672574e-05,1.1608849e-05,2.6770631e-05,0.00015963404,18104.07,0.14298189,222.23273,0.03441604,255.06937
196,2019-01-10,-0.2724232,0.8766197,85616.02,1228.9385,92920.82,665.2044,4.76044,3.961847e-05,,3.0885472e-05,0.00018039644,19222.299,0.16728482,221.6181,0.036195442,284.37598
197,2019-01-11,-0.06374963,0.7801709,63872.85,4036.969,70195.73,3297.0151,6.4166107,6.752614e-05,,2.7027627e-05,0.00015864219,14415.057,0.14764899,222.60614,,
198,2019-01-12,-0.35233608,0.87172365,85023.25,1175.47,91987.09,668.8383,7.0409575,2.3533732e-05,-1.3017791e-06,2.6270238e-05,0.00014282158,19202.031,0.18290159,221.19026,0.03326521,367.45306
199,2019-01-13,-1.1110705,0.8976439,74226.07,2170.1343,83954.41,1222.5658,17.564255,4.7476777e-05,1.7226552e-05,2.4389072e-05,0.00017410883,22004.43,0.16417703,222.36134,0.03189808,554.9895
200,2019-01-14,-0.7286757,0.9194313,49808.01,4993.854,56923.887,4041.2336,20.960209,3.2380136e-05,,2.6794167e-05,0.00016169755,23983.969,0.16215742,221.68034,0.030071044,363.13315
201,2019-01-15,-0.44272748,0.8299016,86945.7,968.7826,94031.96,503.28915,6.805192,3.917164e-05,,2.5330854e-05,0.00017122453,27428.309,0.18782715,222.78357,0.030229028,248.03833
202,2019-01-16,-0.69093776,0.6972487,92479.445,475.3947,98801.42,189.39972,4.523768,4.9235707e-05,2.7396796e-05,2.2954695e-05,0.00019432663,20599.152,0.16182971,221.02704,0.03502902,338.76385
203,2019-01-17,-0.4357399,0.9602127,40231.125,6717.842,46229.54,5752.085,10.04478,0.0002864992,,1.9443178e-05,0.00015204345,16657.602,0.14686668,220.64351,,
204,2019-01-18,-1.4028008,0.71030587,52274.844,4856.515,59654.062,3912.4148,11.577217,0.00012109645,,2.2418642e-05,0.00020801483,22037.467,,,0.030958055,313.95477
205,2019-01-19,-0.637674,0.8618331,70992.23,2571.3997,80462.52,1639.4048,15.945046,5.659913e-05,,2.4036068e-05,0.00017620758,23140.705,0.16341417,219.35205,0.035132617,204.15063
206,2019-01-20,-0.9691964,0.91956604,61631.402,3612.6885,70086.49,2677.4077,9.767536,0.000121486955,,2.4952198e-05,0.00018304549,22085.906,0.17907843,220.71545,0.034350507,193.79811
207,2019-01-21,-0.49910414,0.851284,76660.125,2018.2809,86731.59,1087.9849,3.8689282,3.6554615e-05,,2.482298e-05,0.00013988107,19237.836,0.18685436,220.85265,0.03732057,177.44608
208,2019-01-22,-0.30596143,0.91769445,84313.15,1341.6085,92239.984,698.09204,9.628966,4.982773e-05,,2.5889505e-05,0.00015882752,22102.182,0.17347962,220.4957,0.03661626,258.3951
209,2019-01-23,-0.4233856,0.70752114,92145.83,659.84955,96274.516,396.54858,4.613742,4.0934603e-05,1.11724285e-05,2.5711417e-05,0.00018055909,22092.486,0.17921582,221.05035,0.037292738,307.90958
210,2019-01-24,-1.3177071,0.3884328,85162.81,1309.4799,91479.16,787.33,3.8991325,5.8917118e-05,3.1454547e-05,2.7462573e-05,0.00021324234,19241.44,0.18798597,220.42392,0.038013622,338.46985
211,2019-01-25,-0.4788078,0.9113287,38475.484,7063.697,44258.793,6117.581,22.624716,7.019191e-05,,2.9328581e-05,0.00016791443,19242.613,0.18329647,220.93153,,
212,2019-01-26,-0.36887512,0.7923918,70575.086,2818.5557,78360.5,2063.6428,5.6000986,4.5677538e-05,,2.6939138e-05,0.00015390012,22055.156,0.18560842,221.6922,0.035514254,300.58163
213,2019-01-27,0.26807824,0.855296,78514.05,1959.1097,85942.92,1368.4695,5.754116,7.700721e-05,1.887201e-05,2.3844645e-05,0.00018652817,19211.27,0.16719453,220.82925,0.034800585,221.47537
214,2019-01-28,-0.61823094,0.7745525,67473.75,3089.569,75516.25,2227.5808,5.4499664,7.067887e-05,,2.538352e-05,0.00015831781,22041.516,0.16205731,219.99495,0.034342702,468.94025
215,2019-01-29,-1.4618013,0.77827257,66735.02,3012.0095,75744.4,2044.1598,13.318817,0.00011335565,,2.6475362e-05,0.00023612719,22036.281,0.17677599,219.29585,0.034332033,491.07175
216,2019-01-30,-0.39275113,0.6438206,69304.67,2836.144,78260.94,1932.2306,7.103978,0.00014442956,4.6912e-05,2.6091213e-05,0.00025073963,22067.832,0.16955653,218.82117,0.035931088,286.87244
217,2019-01-31,-0.80332816,0.71774477,72191.64,2701.0798,78648.81,2005.4785,6.780387,7.2048555e-05,1.894037e-05,2.4081673e-05,0.00016709566,20637.982,0.15412346,219.28493,0.03505081,426.4231
218,2019-02-01,-0.18172958,0.80111337,69031.36,2846.6628,78284.28,1876.6367,8.311623,0.00012586612,,2.5815976e-05,0.00018779488,22068.14,0.16496141,219.7461,0.035364546,561.64655
219,2019-02-02,-0.44851178,0.8651552,45793.336,5923.0166,52447.805,4948.093,9.63202,0.00010544365,,2.0266827e-05,0.00014862741,16675.104,0.13836676,217.9273,0.03496801,796.1403
220,2019-02-03,-0.14680435,0.6164697,57284.02,4440.398,65227.633,3453.497,10.755474,0.00011363542,,2.085334e-05,0.00018010232,16677.557,0.14096315,216.40045,0.03331171,1105.5695
221,2019-02-04,-0.322659,0.73762393,52965.207,4930.4297,60444.29,3949.2776,18.030926,9.86467e-05,,2.535405e-05,0.00020068872,19236.605,0.16282023,216.7539,0.036114976,715.91614
222,2019-02-05,-0.009246204,0.7195129,72331.73,2765.4702,80547.78,1932.0251,11.884818,5.1023024e-05,,2.546783e-05,0.0001482938,19262.07,0.16517437,217.57077,0.037062794,125.59741
223,2019-02-06,-0.69146687,0.8079314,77697.8,1979.4028,87880.89,1032.3314,9.081371,6.639883e-05,,2.6061658e-05,0.00016278523,20679.95,0.17040399,218.73085,0.03484097,438.14645
224,2019-02-07,-0.5097358,0.56742954,61831.742,4240.2393,68647.81,3414.7305,6.890994,0.00012046071,,2.4708841e-05,0.00014800695,16687.57,0.13421442,219.20515,0.034020543,767.75916
225,2019-02-08,-0.23228878,0.73492444,58118.188,4371.3433,65898.555,3432.1692,5.720828,0.00017906092,,2.710626e-05,0.00018553331,16683.25,0.14269432,220.63174,0.03362764,556.0344
226,2019-02-09,-0.8131431,0.33536392,22859.365,10548.835,26629.98,9601.989,9.753179,0.00023599874,,2.5461977e-05,0.00017971841,14415.494,,,,
227,2019-02-10,-0.578261,0.40986934,54418.75,4567.684,62068.38,3610.4258,5.4616647,0.00010230545,,2.5429066e-05,0.0001793992,19217.715,0.19754785,218.42644,0.03496614,642.82025
228,2019-02-11,-0.556664,0.70526516,38632.21,7010.088,44437.89,6045.2812,13.781952,0.00024404009,,2.598441e-05,0.00015773924,19192.172,0.18942237,219.1669,,
229,2019-02-12,-0.5726315,0.5825455,62986.58,3587.1768,70985.016,2703.976,5.8820257,9.4566705e-05,,2.6882492e-05,0.00015406022,22064.297,0.19967051,219.19342,0.034909397,381.00732
230,2019-02-13,-0.37650955,0.7895142,56834.344,4377.9277,64736.22,3418.947,9.986307,7.348898e-05,,2.2705235e-05,0.00013329186,17957.32,0.16746292,217.76395,0.034543976,346.62018
231,2019-02-14,-1.2732506,0.13384049,86894.16,1390.8722,94207.85,638.87683,4.127404,5.1968604e-05,2.897711e-05,2.2991499e-05,0.00016309877,16696.434,0.15885785,216.47713,0.036721263,433.07352
232,2019-02-15,-0.49980742,0.6467992,49869.22,5668.147,56967.547,4682.464,11.898772,0.00011162615,,2.150709e-05,0.00013842795,14422.594,0.15480766,214.72127,,
233,2019-02-16,-0.18557552,0.04953004,97807.2,789.2432,99096.62,232.58148,4.504409,4.392313e-05,2.1899166e-05,2.4746241e-05,0.00014397549,13053.406,0.14890584,216.19754,0.03111215,592.8004
234,2019-02-17,-0.4481947,0.5168042,89948.83,859.819,98140.67,236.26086,5.467616,5.7426732e-05,2.9868745e-05,2.430244e-05,0.00015267567,14417.958,0.15104705,217.35536,0.03793496,521.2283
235,2019-02-18,-0.60188836,0.08220254,86479.25,2322.9822,90430.0,1434.4753,3.8742948,8.007002e-05,3.831108e-05,2.4046645e-05,0.00017930703,14421.735,0.1291183,218.64467,0.036080264,395.3726
236,2019-02-19,-1.0582484,0.002780367,96669.82,3580.0544,97315.36,2596.8167,4.1234903,0.000114297596,6.9756796e-05,2.6880014e-05,0.00023341355,16678.639,0.13855141,219.5223,0.03758709,476.47577
237,2019-02-20,-0.8158308,0.5448216,75974.766,2059.9397,85975.79,1102.0082,7.923707,4.8396487e-05,,3.3071654e-05,0.00016280299,22057.803,0.18396613,219.74545,0.037311234,573.487
238,2019-02-21,-0.7811992,0.01582981,77205.34,9260.349,78597.19,8308.725,5.1515656,7.573204e-05,4.6796e-05,3.438419e-05,0.0001628574,16688.336,0.17117418,220.27547,,
239,2019-02-22,-0.9504056,4.886296e-05,99351.06,513.5415,99368.41,240.63426,4.2809434,4.2028696e-05,9.896239e-06,3.213246e-05,0.00014919709,19276.082,0.2135939,219.93973,0.037330285,170.11443
240,2019-02-23,-0.8732795,0.46129477,34315.438,8133.2563,39589.555,7157.38,5.131299,6.862015e-05,,2.4256735e-05,0.00011381048,14430.248,0.14810696,218.45618,0.037320986,636.3009
241,2019-02-24,-0.6312272,0.37329572,82325.47,5151.3594,85535.3,4485.531,5.353393,8.172813e-05,4.0445397e-05,2.441424e-05,0.00012576459,14424.643,0.13328059,217.8241,0.035091765,965.9772
242,2019-02-25,-1.3728863,0.083876945,83666.25,2569.8997,89294.45,1653.4844,3.4112244,5.307145e-05,3.3712906e-05,2.5331974e-05,0.00013417969,16692.09,0.160553,217.45503,0.037287146,319.64487
243,2019-02-26,-0.83943236,0.63185346,88560.93,971.0431,96729.79,305.348,7.9682617,4.1415195e-05,1.2487356e-05,2.7212212e-05,0.00013360602,19239.746,0.1592057,219.9739,0.032968864,540.49664
244,2019-02-27,-0.6778553,0.28348777,75269.12,2931.4363,78926.17,2288.3992,3.8138516,4.3280445e-05,1.7655333e-05,2.5955196e-05,0.00012056086,14418.025,0.13265076,217.9078,0.033719134,690.775
245,2019-02-28,-0.4581297,0.30378065,83725.21,2133.4634,88933.16,1230.9841,3.2442904,5.8886057e-05,3.2530643e-05,3.1163574e-05,0.00015003012,22009.84,0.18331906,220.17194,0.032984287,519.60297
246,2019-03-01,0.26154077,0.79648846,82574.82,1336.3346,93266.46,392.7805,7.0997562,3.3925768e-05,,3.357446e-05,0.00013490045,22047.344,0.1819452,220.8723,0.034014482,139.93835
247,2019-03-02,-1.2067711,0.0017051615,98442.4,1543.0083,98905.54,772.9423,4.822875,5.454427e-05,1.8679342e-05,3.5634283e-05,0.00014157001,19228.545,0.20132487,220.3393,0.03724051,274.78748
248,2019-03-03,-0.6607485,0.4775089,51380.246,5039.0234,58671.92,4073.7097,23.47977,7.875118e-05,,3.134227e-05,0.00013595086,19208.734,0.15286145,220.64609,0.03721711,450.3045
249,2019-03-04,-0.47409672,0.92627406,73592.05,2342.5322,83192.27,1414.0022,54.061504,0.00011792607,,2.8240267e-05,0.00015923115,16657.508,0.16250646,220.70392,0.036460496,925.84314
250,2019-03-05,-0.5990268,0.9482025,79203.41,1597.4683,89547.99,625.36475,38.306908,7.264152e-05,,3.6806465e-05,0.00016883711,24042.25,0.18262684,222.18417,0.034705415,474.8288
251,2019-03-06,-0.93911153,0.009841387,95648.47,1126.2758,98555.68,486.43512,4.2827005,8.3734005e-05,5.294713e-05,3.0786883e-05,0.00017324921,22086.926,0.18599,220.1884,0.037748963,207.0574
252,2019-03-07,-1.4960315,0.7028244,43530.258,6348.479,49907.94,5376.377,29.306793,5.909176e-05,,3.1915217e-05,0.000109898945,16672.756,0.17033444,218.05103,,
253,2019-03-08,-0.83504647,0.30430835,69475.94,2777.637,78743.805,1817.2804,8.870037,6.696823e-05,2.7846088e-05,3.962937e-05,0.0001817446,22037.09,0.16660818,219.45563,0.0356879,668.45624
254,2019-03-09,-0.7395122,0.24060681,69293.9,3073.0737,77727.67,2118.6611,13.225723,8.160587e-05,4.0682015e-05,3.6721678e-05,0.00017289142,22057.195,0.17824706,223.27347,0.03567076,421.39948
255,2019-03-10,-0.6034253,0.8092251,81491.67,1457.0072,91607.72,625.82086,23.180904,6.463773e-05,1.7123912e-05,3.6702426e-05,0.00016438955,24080.166,0.1853162,225.93393,0.0334317,428.44275
256,2019-03-11,-0.91460025,0.5433512,84069.03,1211.9418,92677.17,561.57336,14.173457,4.875382e-05,1.3481235e-05,4.263189e-05,0.00016022888,24099.488,0.2075189,225.55994,0.035783976,356.71796
257,2019-03-12,-0.8760179,0.59983206,80052.14,1630.3796,90446.81,707.77466,9.239693,5.1723717e-05,1.7883087e-05,4.1236584e-05,0.00017008532,22074.787,0.21011348,224.9237,0.034699976,264.7728
258,2019-03-13,-1.9553355,0.30568442,32311.084,8191.451,37340.92,7235.848,6.446051,9.878567e-05,4.5095814e-05,3.7549085e-05,0.00014108076,16675.137,0.16582492,224.50462,,
259,2019-03-14,-0.98196805,0.44252682,68347.75,2890.3208,77521.484,1932.229,7.7740774,8.063281e-05,4.207311e-05,4.792864e-05,0.00020184387,22040.21,0.21293923,222.28214,0.03654097,600.88367
260,2019-03-15,-0.74629027,0.56799763,70338.25,2647.8755,79418.17,1728.2441,12.808317,7.962268e-05,4.3112304e-05,3.6624428e-05,0.00017047016,22030.127,0.1933771,221.60457,0.037534624,452.23462
261,2019-03-16,-0.4994893,0.99328816,68073.68,2753.4287,77231.68,1789.2402,22.823814,0.00017790022,,3.493347e-05,0.00019212373,24053.438,0.19784524,222.7727,0.032343112,322.7138
262,2019-03-17,-0.48014587,0.8238871,82857.62,1376.1128,93480.17,453.72662,21.831753,6.924111e-05,,3.069633e-05,0.00015810333,14411.111,0.1503875,221.12296,0.034549102,830.3174
263,2019-03-18,-1.300281,0.868116,66699.8,3097.9297,75707.72,2114.5413,23.292664,5.9625112e-05,,4.0021812e-05,0.00013476798,19215.373,0.16138053,222.61124,0.036241718,506.64508
264,2019-03-19,-1.1417065,0.6287554,77029.17,2046.7562,86942.81,1117.8572,14.272225,5.8330763e-05,1.5301515e-05,4.2236697e-05,0.00017409062,22100.086,0.21754482,220.4458,0.0356327,551.93054
265,2019-03-20,-0.8503521,0.572962,81672.81,1636.8337,92262.69,690.72784,11.70504,5.5266522e-05,2.7175904e-05,3.124974e-05,0.000138253,19261.469,0.13660768,221.8074,0.038430028,217.9338
266,2019-03-21,-0.4878178,0.97109306,83086.09,1570.479,91369.414,822.4052,18.632145,7.231821e-05,,3.2141892e-05,0.0001374394,16695.432,0.13800919,220.47583,0.03390469,644.6019
267,2019-03-22,-0.9927864,0.041153625,89412.3,987.0199,94988.03,486.7019,3.6265206,5.0378305e-05,4.494665e-06,4.5883637e-05,0.00016003847,22127.172,0.15719321,222.40881,0.03825421,239.09393
268,2019-03-23,-1.071504,0.0024428582,89778.33,2429.1582,93529.516,1453.9475,4.07503,6.613753e-05,2.374812e-05,4.238941e-05,0.00014635122,14422.531,0.14441651,222.12863,0.035462752,417.01852
269,2019-03-24,-0.6675913,0.14980866,62438.11,5074.725,67068.07,4110.794,4.2578926,6.10865e-05,1.5858663e-05,4.5503984e-05,0.00017609072,16686.592,0.17692122,222.76073,0.036503796,345.61182
270,2019-03-25,-1.0716736,0.4163369,77739.06,1927.7123,87531.75,1027.9186,7.8752403,6.0416423e-05,1.2920019e-05,4.4992004e-05,0.00017130387,22069.473,0.21121539,224.74548,0.03823233,482.59476
271,2019-03-26,-0.8545519,0.64581907,45478.74,5730.3813,52102.95,4801.7617,8.97162,7.834866e-05,,4.7284728e-05,0.00016915787,24154.312,0.2257553,224.30649,,
272,2019-03-27,-0.9656198,0.50950724,82939.586,1524.4403,90139.66,897.8541,8.495743,7.452675e-05,4.2846725e-05,3.4148783e-05,0.00017453432,22098.184,0.16518767,222.46268,0.039603353,339.35864
273,2019-03-28,-1.1039814,0.5215701,85385.484,1318.3625,94148.55,562.61017,9.465705,6.167722e-05,1.4170917e-05,3.3495682e-05,0.00015136646,19263.25,0.15201183,223.8932,0.040118713,351.0504
274,2019-03-29,-1.426067,0.9415568,77343.72,2312.7024,87604.87,1315.6833,17.13276,6.048875e-05,,3.6994647e-05,0.00012696617,14420.32,0.14631762,224.10028,0.038414672,569.59
275,2019-03-30,-1.0358326,0.06709163,77225.445,2273.792,87348.195,1277.9666,3.7498202,5.608079e-05,1.3687426e-05,4.2393367e-05,0.00015592307,14418.566,0.14305896,225.02277,0.03897766,503.56366
276,2019-03-31,-1.1205333,0.4326726,81440.125,1768.2036,92085.33,786.59357,6.7141953,5.565302e-05,1.3168111e-05,4.1938925e-05,0.00016184365,16678.797,0.15216616,227.00517,0.036683,570.4973
277,2019-04-01,-0.97863466,0.027420845,97386.25,384.20065,99466.09,186.12538,5.1765637,6.289076e-05,1.3580313e-05,4.9310445e-05,0.00017248152,22141.592,0.17336315,227.19351,0.035452344,282.5176
278,2019-04-02,-0.9899452,0.024323292,,,,,,6.115397e-05,1.6049373e-05,4.51046e-05,0.00016514689,19267.738,0.15201709,223.37668,0.040344886,271.50757
279,2019-04-03,-1.1282247,0.002224303,,,,,,5.8174057e-05,1.6815167e-05,4.1358886e-05,0.00012933616,19253.701,0.14409363,225.60622,0.037906487,326.222
280,2019-04-04,-1.0629675,0.04832268,99360.57,180.38016,99377.836,178.46144,5.3204126,6.388617e-05,1.8001807e-05,4.5884364e-05,0.00017822634,19241.184,0.1543759,224.26486,0.039507598,271.76123
281,2019-04-05,-1.1331555,0.08622257,92961.52,752.1207,97926.7,309.5451,5.0912075,6.991545e-05,2.5432075e-05,4.448337e-05,0.00018893872,19241.24,0.17176065,224.25174,0.04254768,325.7785
282,2019-04-06,-1.1331809,0.09108609,96786.586,425.38565,99359.21,191.59134,5.067724,7.186528e-05,2.5819743e-05,4.6045534e-05,0.00019202605,19244.635,0.17400695,224.68207,0.042082258,369.5224
283,2019-04-07,-1.0302866,0.16853876,88777.84,1130.4723,94535.19,592.99615,6.373044,6.646944e-05,1.9264822e-05,4.8230635e-05,0.0001776256,22078.89,0.17559558,225.75473,0.039154805,642.47754
284,2019-04-08,-1.6063236,0.14757912,88828.99,1062.215,96543.86,373.9992,5.56973,7.012228e-05,2.2347034e-05,4.7478174e-05,0.00015756353,19220.07,0.16377246,225.56676,0.040480904,739.7541
285,2019-04-09,-0.3557766,0.78488517,87607.83,1154.3328,98580.86,217.5506,50.207825,6.219416e-05,,4.3658885e-05,0.0001845764,19227.152,0.1663231,225.04922,0.03748061,192.12335
286,2019-04-10,-0.51474166,0.8787357,83142.695,1584.3682,94502.64,584.3681,46.3683,7.5897755e-05,,4.1321913e-05,0.00015876425,22098.668,0.17189306,225.8871,,
287,2019-04-11,-0.6982874,0.72315097,78713.16,2033.8656,89618.23,1033.8657,29.182922,7.410106e-05,,3.9686405e-05,0.00015777882,19247.863,0.166579,226.4659,0.038774766,209.66214
288,2019-04-12,-1.2060536,0.06200549,96716.41,441.72418,99378.18,190.41443,5.124505,6.735095e-05,2.3062807e-05,4.4288143e-05,0.00017456592,19256.512,0.16487515,225.78958,0.04193461,281.21503
289,2019-04-13,-1.068291,0.03037256,,,,,,6.196393e-05,1.32249215e-05,4.8739013e-05,0.00017773765,19260.383,0.18170398,225.96095,0.038484313,319.3647
290,2019-04-14,-1.1638705,0.0,,,,,,6.128252e-05,1.8331688e-05,4.295083e-05,0.00013279384,19263.854,0.18058299,224.65195,0.03648124,361.35083
291,2019-04-15,,,,,,,,,,,,,,,,
292,2019-04-16,-0.90665066,0.026838519,98422.734,299.01974,99474.89,185.98938,5.3316545,6.680806e-05,2.2950142e-05,4.385791e-05,0.00016461057,16714.066,0.15252855,223.62463,0.03968689,391.64014
293,2019-04-17,-1.1389991,0.02779386,99470.375,189.2341,99472.28,180.30252,5.370177,6.949126e-05,2.853501e-05,4.095625e-05,0.00015720516,16701.17,0.14346677,222.95668,0.03882323,407.25665
294,2019-04-18,-1.1616004,0.08265791,56947.406,5246.3906,62458.49,4429.483,5.7939987,7.3820105e-05,3.50901e-05,3.9078805e-05,0.00015426698,16703.102,0.13238497,222.27457,0.038102858,531.2858
295,2019-04-19,-1.1583897,0.0033378135,,,,,,7.921274e-05,3.8290174e-05,4.0922572e-05,0.00014720648,16703.97,0.1550205,223.0701,0.037933193,448.4572
296,2019-04-20,-1.2736157,0.06598444,81182.88,2019.8596,87245.62,1382.1458,6.014084,7.609252e-05,3.2327192e-05,4.3435713e-05,0.00017886449,19258.102,0.15782464,223.48004,0.037071012,709.8406
297,2019-04-21,-0.45142287,0.96952957,80600.5,1917.7903,91340.555,920.4985,60.460823,7.506916e-05,,4.1153202e-05,0.00017219278,19246.426,0.1727934,225.24825,,
298,2019-04-22,-1.5575914,0.082625665,93085.69,811.23065,96032.59,512.3275,5.678982,6.8299894e-05,2.0255915e-05,4.748883e-05,0.00017095092,19262.363,0.1416862,226.53484,0.038648732,472.27194
299,2019-04-23,-1.3619343,0.06847109,99210.11,208.60992,99460.89,175.46231,5.326944,7.564762e-05,2.5332922e-05,5.0314702e-05,0.00019246303,16700.742,0.14774278,227.09604,0.04105434,458.54993
300,2019-04-24,-1.5478705,0.029286565,98541.08,289.4709,99425.74,182.63222,5.2664037,8.738203e-05,3.290798e-05,5.4474054e-05,0.00017955565,16696.426,0.15829444,228.82875,0.03839359,408.76932
301,2019-04-25,-0.76550317,0.054780602,98092.555,312.62628,99381.96,188.96582,5.8289466,7.53084e-05,2.3019104e-05,5.22893e-05,0.00019953027,16689.762,0.14984372,227.96356,0.04025785,1139.0393
302,2019-04-26,-0.97813535,0.06592396,86229.93,1426.4506,92969.234,770.2559,6.883717,7.592452e-05,2.7380858e-05,4.872322e-05,0.00018502193,16683.918,0.15563256,228.10757,0.03729315,1157.3015
303,2019-04-27,-0.99542177,0.15805002,75287.63,2445.5825,84998.04,1453.2594,17.558027,7.161577e-05,2.3495064e-05,4.625398e-05,0.0001722708,16675.486,0.1509592,226.932,0.038514428,1312.5225
304,2019-04-28,-1.1254474,0.024879549,98671.99,180.3341,98698.12,177.61885,5.709995,7.013884e-05,2.1275886e-05,4.8862952e-05,0.00017504909,16678.996,0.14694679,226.53244,0.03975135,1032.598
305,2019-04-29,-1.0107361,0.0,,,,,,7.7181176e-05,2.3462773e-05,5.3718395e-05,0.00019529989,16686.543,0.1658044,227.20972,0.03826523,446.54706
306,2019-04-30,-1.1906395,0.0,,,,,,8.510734e-05,2.659374e-05,5.8513604e-05,0.00016608102,19234.695,0.1783037,227.1201,0.03736101,514.3649
307,2019-05-01,-0.9551615,0.19869974,58660.016,4289.805,67016.914,3289.8054,10.42194,8.738013e-05,3.2281685e-05,5.6227393e-05,0.00018884154,19213.887,0.18076101,228.65732,0.034639418,649.49817
308,2019-05-02,-0.55706024,0.87223697,76895.69,2083.0654,87219.74,1083.0653,41.320976,8.061643e-05,,5.0540446e-05,0.00016883029,16658.328,0.16747898,230.3516,0.03633984,541.8229
309,2019-05-03,-0.9336499,0.71019983,74762.48,2328.8062,83291.47,1461.1765,49.664036,9.487625e-05,2.095456e-05,6.4020685e-05,0.00021255639,22036.043,0.18042839,231.22607,0.033844948,429.69748
310,2019-05-04,-0.9890208,0.60872793,61874.22,3870.995,70682.32,2870.995,21.13274,9.3960654e-05,2.231628e-05,6.866999e-05,0.00022820279,19213.95,0.18001267,231.8681,0.03557937,392.06525
311,2019-05-05,-1.989229,0.38270414,63479.97,3861.1958,72079.15,2880.793,7.893043,0.00011715146,5.5315828e-05,6.564187e-05,0.00018585494,19220.123,0.17468189,232.86673,0.03562626,867.5269
312,2019-05-06,-0.90827656,0.42254943,60482.348,4122.796,68886.7,3122.796,19.389957,8.8429675e-05,2.0674568e-05,6.549641e-05,0.0002141674,17956.45,0.16946885,232.22876,0.035723392,974.5975
313,2019-05-07,-1.3657237,0.37206095,43205.32,6791.7676,49656.6,5792.1074,17.473793,8.4648185e-05,1.6702714e-05,6.872584e-05,0.0002080896,19225.48,0.17719477,232.97922,0.035085097,520.6011
314,2019-05-08,-1.1967566,0.002642477,99449.87,167.73483,99449.87,167.73483,5.511425,8.880357e-05,1.9130674e-05,6.96729e-05,0.0002222225,19269.121,0.18289617,232.18478,0.035857067,438.98404
315,2019-05-09,-1.3085693,0.07461911,83835.02,1670.159,88927.21,1137.7001,6.0247507,8.109718e-05,1.972217e-05,6.147768e-05,0.00021033961,19227.578,0.17318305,231.35701,0.03249121,718.55176
316,2019-05-10,-1.1925637,0.558522,73149.08,2679.9514,81775.414,1771.3921,12.59672,8.587268e-05,2.5897169e-05,6.115203e-05,0.00016311288,22068.625,0.16178428,231.97853,0.03280266,980.8422
317,2019-05-11,-0.67148113,0.7132783,45660.246,6418.0127,52367.53,5418.0127,38.389755,0.00012822618,,5.9796395e-05,0.00020422935,22073.5,0.15819079,232.33429,,
318,2019-05-12,-1.3874981,0.0024189255,100001.805,150.47583,100001.805,150.47583,7.097436,9.7196455e-05,3.4126024e-05,6.3257154e-05,0.00022457528,22118.66,0.1594509,233.01016,0.034759924,735.86066
319,2019-05-13,-1.9362702,0.3126286,77261.95,2485.4946,82859.66,1846.702,23.085083,8.587609e-05,2.5518373e-05,6.458345e-05,0.00021141992,22126.21,0.16423753,232.39532,0.034013323,1267.294
320,2019-05-14,-0.7103964,0.8423069,97215.68,439.84232,99503.1,176.27663,52.920864,6.546106e-05,,5.4865952e-05,0.00018217546,19256.07,0.15269783,232.49368,0.03524833,986.3782
321,2019-05-15,-1.091541,0.49608544,40490.67,8765.8,46199.688,7765.8003,17.449059,7.394293e-05,1.1161056e-05,6.250077e-05,0.00019835745,19250.844,0.15798539,232.23305,0.03321456,1387.9744
322,2019-05-16,-0.79881924,0.9896889,81309.88,1883.6558,91885.58,883.6558,24.471384,7.367185e-05,,5.5643224e-05,0.00015066798,16691.117,0.15432432,232.42195,,
323,2019-05-17,-1.012633,0.47791567,46969.637,6386.9355,53690.773,5386.9355,32.881134,0.000103792656,,5.826479e-05,0.00019595509,16686.742,0.14958626,232.62671,0.03133312,3078.7495
324,2019-05-18,-1.4042523,0.040735856,70383.86,3547.9612,78199.516,2657.8406,6.497431,8.6747474e-05,2.3909715e-05,6.267316e-05,0.00020416094,16684.842,0.14500296,232.82762,0.034771364,2224.679
325,2019-05-19,-1.155579,0.0,,,,,,8.681741e-05,2.2419883e-05,6.439753e-05,0.00020602609,14416.229,0.15050739,231.54051,0.033671,1029.4009
326,2019-05-20,-1.01218,0.35233313,49038.11,6170.2656,55531.79,5206.998,13.336544,8.1177306e-05,2.4468878e-05,6.221635e-05,0.00020203379,16681.168,0.1605218,231.01245,0.033575863,1948.0856
327,2019-05-21,-1.4627624,0.17418852,82781.71,1740.2616,90447.15,976.18274,6.8445673,8.061246e-05,1.245841e-05,6.628953e-05,0.00016760643,16677.258,0.16274656,231.38065,0.031207273,1341.8971
328,2019-05-22,-1.1638514,0.042770565,52515.227,5512.285,59867.195,4512.285,7.736649,9.3562216e-05,3.0078116e-05,6.4153006e-05,0.00022638158,16675.393,0.15705848,231.37894,0.032706942,1436.443
329,2019-05-23,-1.5705427,0.22143689,67816.516,3400.4873,76015.375,2467.3901,16.56844,7.907102e-05,2.2840657e-05,5.5870154e-05,0.00018929999,16676.154,0.14903733,231.2164,0.03307163,1834.8126
330,2019-05-24,-1.6701876,0.25543275,81021.484,1979.7745,88579.33,1215.8922,11.140583,7.9757985e-05,2.9354806e-05,5.0865907e-05,0.0001932609,16678.44,0.15061685,232.2854,0.032937475,1668.2732
331,2019-05-25,-1.3599844,0.30269486,59185.02,4670.6904,67310.22,3670.7363,11.035087,7.526822e-05,1.5518297e-05,5.82054e-05,0.00018999109,19218.227,0.153689,231.7388,0.031873878,1063.1489
332,2019-05-26,-1.0181174,0.938731,81871.61,1712.5261,92674.39,712.5262,14.748807,6.909594e-05,,5.1186205e-05,0.00013752446,19219.875,0.15051098,232.04414,,
333,2019-05-27,-1.2865735,0.59611124,57505.9,4531.7256,65454.31,3531.7258,35.795177,7.5613934e-05,,5.4587847e-05,0.00017733008,16674.934,0.13997465,231.9666,0.030196603,1640.1082
334,2019-05-28,-0.42691022,0.8835077,73219.52,2800.2275,82597.39,1816.0724,63.753853,7.0321854e-05,,5.310514e-05,0.0001634242,16673.723,0.14149444,231.50542,0.031089488,1871.0518
335,2019-05-29,-0.7294931,0.96497786,70405.586,3060.5278,79527.95,2075.08,36.090847,8.638512e-05,,5.4124917e-05,0.00018554123,16678.941,0.15487856,232.74207,0.031981602,1989.7815
336,2019-05-30,-1.234772,0.0,,,,,,8.569963e-05,2.2973909e-05,6.272572e-05,0.00020818334,16693.12,0.15342954,232.66483,0.032892834,630.33325
337,2019-05-31,-1.4169686,0.006298932,99658.93,166.93051,99658.93,166.90793,6.9247794,8.9889734e-05,2.7943592e-05,6.194614e-05,0.00021821936,16690.266,0.15453586,232.28902,0.03123807,1129.9741
338,2019-06-01,-1.9193904,0.11283498,75229.76,2590.1511,84284.7,1650.6586,5.109477,8.617991e-05,2.0010855e-05,6.773342e-05,0.00017057321,16689.94,0.15093206,233.47314,0.030781219,1542.0232
339,2019-06-02,-1.3971777,0.003148649,93404.336,730.60364,97514.195,345.63022,5.0498915,8.8525805e-05,1.7960923e-05,7.057727e-05,0.0002170425,16685.504,0.15684342,234.05104,0.033731706,1055.3914
340,2019-06-03,-1.3022813,0.0,,,,,,9.262154e-05,2.52002e-05,6.742134e-05,0.00021477272,14419.928,0.14949507,234.199,0.031431183,1297.7651
341,2019-06-04,-1.3014898,0.0,,,,,,9.23829e-05,2.6863156e-05,6.5519744e-05,0.00020884932,15571.394,0.14632872,233.71426,0.030219618,1147.9031
342,2019-06-05,-1.5078727,0.11041648,88815.58,1208.9261,94127.29,681.0393,5.775468,8.3307095e-05,1.9165223e-05,6.3941596e-05,0.00021224111,16686.734,0.14671355,233.3584,0.032675106,1599.5425
343,2019-06-06,-1.761517,0.25376448,83908.734,1725.3645,89835.87,1107.7094,6.1371884,9.8438955e-05,3.3170574e-05,6.3297186e-05,0.00018696644,16687.014,0.14424898,235.1405,0.030410657,1740.787
344,2019-06-07,-1.5888646,0.16193944,66615.17,4014.7244,71876.21,3298.0435,8.82932,8.252588e-05,1.861494e-05,6.379002e-05,0.00020450105,16687.107,0.14845416,234.01662,0.030271608,2280.4792
345,2019-06-08,-1.3279992,0.11400494,93235.484,780.4608,96979.47,421.56415,6.9668164,8.942346e-05,2.6790585e-05,6.179109e-05,0.00021505725,16688.023,0.14963873,232.4687,0.032305904,1919.5814
346,2019-06-09,-1.3766794,0.0,,,,,,8.886418e-05,2.256251e-05,6.630167e-05,0.00020596734,16694.992,0.14606592,233.97386,0.032246333,839.8547
347,2019-06-10,-1.4028957,0.010297021,56681.273,7064.679,58461.926,6512.2305,8.785116,9.093472e-05,2.6472846e-05,6.451417e-05,0.00021234219,16693.578,0.14164323,233.57285,0.030096687,1122.6667
348,2019-06-11,-1.8636137,0.2195807,86672.36,1431.8263,93476.67,755.0056,5.582073,8.376625e-05,1.863609e-05,6.558112e-05,0.00016847772,14418.269,0.13888182,234.23695,0.030850293,1771.4382
349,2019-06-12,-0.905958,0.08049281,84105.58,1714.4972,90880.28,1019.5794,5.6992826,8.7908906e-05,1.6719689e-05,7.152797e-05,0.00027641523,14417.016,0.13908328,232.25905,0.030696578,1395.2134
350,2019-06-13,-1.0340482,0.28719354,55328.4,5583.4746,61181.32,4718.7227,11.660116,8.604479e-05,9.236761e-06,6.688498e-05,0.00020294922,14418.0,0.13491517,234.07043,0.031406388,2945.169
351,2019-06-14,-1.4912708,0.0987995,90853.06,985.79193,97918.86,326.01758,6.0396624,7.9697915e-05,1.7830336e-05,6.269729e-05,0.00019572934,14418.018,0.13458967,235.7745,0.032208808,1901.2786
352,2019-06-15,-1.2332126,0.035912566,54495.97,7731.045,56254.49,7159.615,10.874538,7.3451694e-05,1.20535715e-05,6.367573e-05,0.00018494099,16687.834,0.13460606,234.11115,0.031087348,1377.3284
353,2019-06-16,-0.6982942,0.8266195,57656.92,4678.3413,65474.125,3678.3408,98.44045,9.065519e-05,,5.3695687e-05,0.00018448828,14416.291,0.13315508,235.58575,0.03298682,2452.8523
354,2019-06-17,-0.42358467,0.9985139,91822.99,850.2637,99306.13,182.24278,33.89632,6.745826e-05,,5.294745e-05,0.00014950056,14417.352,0.13998838,235.4607,0.031636488,1674.8425
355,2019-06-18,-1.2982987,0.0,,,,,,8.3068255e-05,2.017595e-05,6.2892315e-05,0.00019967416,16689.73,0.14410421,235.11409,0.029061588,1097.1218
356,2019-06-19,-1.527494,0.009937539,97877.64,312.79288,99157.81,194.82198,5.403795,8.495302e-05,2.3009768e-05,6.194325e-05,0.00020031785,16686.494,0.14247902,232.87297,0.030203283,1530.8217
357,2019-06-20,-1.7390864,0.118822694,55883.773,5951.513,60538.883,5184.612,9.532623,9.615826e-05,3.6984275e-05,5.7269805e-05,0.00020889306,16680.77,0.13450816,235.80106,0.03260626,2127.675
358,2019-06-21,-1.691832,0.28832588,61383.26,4326.3525,69340.82,3345.8555,13.498579,8.893875e-05,2.997595e-05,5.6592886e-05,0.00020308985,16681.9,0.1359007,234.95482,0.03262874,2483.9023
359,2019-06-22,-1.4809182,0.0031852126,97807.086,334.71957,99583.51,176.62949,4.9070797,9.2002214e-05,2.3105767e-05,6.889644e-05,0.0001802437,16688.83,0.14231625,236.49245,0.028128967,1332.5409
360,2019-06-23,-1.2257589,0.0,,,,,,9.3432885e-05,2.1403768e-05,7.202911e-05,0.00023414282,16692.39,0.14934218,235.5853,0.02812156,861.50464
361,2019-06-24,-1.3620865,0.0,,,,,,8.467777e-05,1.4214593e-05,7.046318e-05,0.00020503832,15555.881,0.14742376,232.9973,0.030070527,1338.9889
362,2019-06-25,-1.5666933,0.04369264,55222.99,5301.0806,62130.438,4351.0537,5.342511,8.937601e-05,2.0089854e-05,6.928615e-05,0.00020457122,14424.184,0.14315929,235.03134,0.031259704,2104.1226
363,2019-06-26,-1.2500364,0.4039638,54493.207,5355.6206,61871.133,4359.4873,8.875416,8.511086e-05,,6.3763044e-05,0.00020143614,14419.372,0.14280945,234.0758,0.028394625,2327.8628
364,2019-06-27,-0.7405659,0.9708969,75257.805,2457.433,84891.414,1459.1069,23.003134,7.99217e-05,,6.954617e-05,0.00016590589,22065.305,0.16221267,235.1271,0.026364837,1461.6472
365,2019-06-28,-0.93345165,0.18077338,72144.99,2820.7876,81318.69,1859.6888,7.2424035,8.909982e-05,1.7421642e-05,7.3426534e-05,0.00023093713,22088.033,0.15737188,234.73047,0.029089686,820.15295
366,2019-06-29,-1.2106531,0.43504378,63018.18,3885.5132,71615.08,2885.5132,17.778477,8.1089966e-05,,7.000834e-05,0.0001970526,17953.242,0.15179878,234.76411,0.027432151,1504.1759
367,2019-06-30,-0.82472146,0.0,,,,,,8.706064e-05,1.7004728e-05,7.005591e-05,0.00020619464,14414.684,0.14573634,236.12515,0.027065128,1935.5276
368,2019-07-01,-1.1682019,0.1517442,41448.797,7980.701,45834.39,7107.703,6.111026,8.662671e-05,1.870995e-05,6.844783e-05,0.00020268068,16673.762,0.14968266,235.72903,0.028460518,2279.4268
369,2019-07-02,-1.2227561,0.40230966,62094.46,4021.3594,70167.42,3052.045,11.741623,7.723596e-05,1.0523185e-05,6.386923e-05,0.00020849291,20644.5,0.15676132,237.02454,0.026612518,1495.9012
370,2019-07-03,-1.5683585,0.5208642,75585.1,2421.6736,83806.91,1566.6898,15.581421,7.596971e-05,1.1392719e-05,6.517803e-05,0.000159642,24166.988,0.16218227,236.46153,0.024925906,1364.2601
371,2019-07-04,-1.2062781,0.48646605,72510.266,2724.3784,82221.92,1731.1735,25.975883,7.783667e-05,-4.6675978e-06,6.815311e-05,0.00019667929,23133.441,0.16476364,236.46133,0.02599141,1035.7461
372,2019-07-05,-1.0603077,0.53699154,74961.17,2471.2334,83425.125,1590.2184,23.75626,9.971396e-05,1.6560758e-05,6.132269e-05,0.00019216901,22051.156,0.16477363,237.06842,0.026320048,1061.5079
373,2019-07-06,-1.4416039,0.5026976,57306.867,4461.7275,65407.934,3461.7275,15.667446,6.884902e-05,,6.4483516e-05,0.0001752761,22052.766,0.15462902,236.15494,0.02723111,1122.147
374,2019-07-07,-1.6222686,0.3323128,72562.945,2718.3953,80493.875,1856.435,10.327709,7.411298e-05,7.5342195e-06,6.853814e-05,0.00019984427,22038.145,0.1611193,236.34094,0.026075933,1305.424
375,2019-07-08,-0.95885354,0.9052065,66338.375,3356.2483,75319.49,2360.05,19.795303,8.337356e-05,8.7823755e-06,7.4934396e-05,0.00017243925,24126.438,0.1662428,237.39857,0.02247657,1618.0172
376,2019-07-09,-1.4507276,0.24158722,76825.8,2309.5022,83868.26,1559.8091,9.030572,9.2753005e-05,1.2981903e-05,7.687815e-05,0.00023579862,24128.174,0.1729736,237.03476,0.024696192,1389.209
377,2019-07-10,-1.6175942,0.38029176,70100.516,3080.7544,78262.66,2181.596,11.113085,8.7618464e-05,1.4202085e-05,7.1365466e-05,0.00021296146,22054.586,0.16951683,236.9141,0.024932314,1743.7325
378,2019-07-11,-1.2250801,0.61526465,72784.375,2649.979,82501.05,1649.979,26.321117,7.6802724e-05,,6.913305e-05,0.00019120419,19216.766,0.1598897,236.59991,0.030924868,1079.1606
379,2019-07-12,-1.6365696,0.16208968,81367.266,1900.7043,87238.766,1282.9034,6.3307667,8.264808e-05,9.8285045e-06,7.0119684e-05,0.0002107172,22059.68,0.16644189,235.92192,0.02762987,1086.7617
380,2019-07-13,-0.7589358,0.92564034,70070.234,2967.7585,79543.984,1967.7585,26.086845,8.17887e-05,,6.496323e-05,0.00015265975,22074.979,0.1672221,235.5639,0.027220206,1344.8949
381,2019-07-14,-1.1446118,0.40951967,60051.43,4201.667,68359.87,3204.7456,23.987526,8.0159574e-05,1.6345699e-05,6.944557e-05,0.00021155277,22074.7,0.16752495,235.784,0.027962115,1105.7217
382,2019-07-15,,,,,,,,,,,,,,,,
383,2019-07-16,-0.96457016,0.78439295,44150.734,6465.353,50698.92,5465.3525,40.37682,9.189076e-05,,6.067907e-05,0.0001789254,22062.45,0.16135511,236.27606,,
384,2019-07-17,-0.95288134,0.8887274,58934.75,4356.9775,67173.72,3356.9778,67.400826,7.5533644e-05,,6.129525e-05,0.00018737631,22059.523,0.16543886,236.5112,0.022798587,1985.5833
385,2019-07-18,-1.044153,0.6825154,74955.95,2433.6868,84856.234,1433.8268,23.926144,6.8777816e-05,,6.788614e-05,0.00019659757,22070.818,0.1584877,236.34987,0.030172113,1211.0785
386,2019-07-19,-2.03329,0.11233611,87196.914,1306.9373,92973.72,740.65436,4.754328,8.038878e-05,1.4500475e-05,6.663906e-05,0.00016805685,19229.379,0.1591627,235.86455,0.03146104,1344.5721
387,2019-07-20,-1.4962248,0.08838598,85395.55,1517.4363,92901.516,785.95123,6.0343275,8.182676e-05,1.6702008e-05,6.489502e-05,0.00019947495,19237.195,0.15368578,236.539,0.026923854,1494.2678
388,2019-07-21,-1.8593228,0.15225726,75949.49,2618.4902,83199.555,1825.3619,6.546377,8.190716e-05,1.8821152e-05,6.053086e-05,0.00019318647,16685.324,0.14878792,236.26508,0.031675886,1879.6709
389,2019-07-22,-1.850137,0.40541792,75274.8,2825.4255,80989.32,2151.7588,18.676014,7.3270414e-05,1.5603988e-05,6.0780923e-05,0.0001844899,19235.617,0.15130797,235.5661,0.03084048,1870.7529
390,2019-07-23,-0.91054213,0.7702124,76483.88,2387.9038,86468.39,1388.2632,37.72679,6.979802e-05,,5.3747004e-05,0.00017772676,19235.14,0.1508203,235.25287,0.03196554,2165.5308
391,2019-07-24,-2.161503,0.17765337,79553.03,2117.7622,87347.43,1317.1371,5.4128575,7.352002e-05,1.3178628e-05,5.9729577e-05,0.0001512932,19235.307,0.14452088,236.26704,0.03206125,1682.4115
392,2019-07-25,-1.480866,0.086915106,88747.69,1208.2422,93893.69,697.0215,5.401004,8.0766695e-05,1.7817107e-05,6.294336e-05,0.0002037162,19236.125,0.14295107,235.45418,0.029884882,1548.6442
393,2019-07-26,-1.3151029,0.41275185,80905.05,1931.9686,90190.35,1024.1855,14.904819,7.6466735e-05,1.5090684e-05,6.26197e-05,0.00019495192,20667.227,0.15349501,235.67294,0.030606557,1657.2817
394,2019-07-27,-0.83440673,0.9424561,51473.28,5474.644,58643.703,4474.644,40.32518,6.995385e-05,,5.673553e-05,0.0001589134,17972.344,0.13740748,235.47893,,
395,2019-07-28,-1.3892066,0.10328593,91739.11,856.08325,97896.72,288.8322,5.169701,8.356835e-05,2.295298e-05,6.0313352e-05,0.00021230403,16679.12,0.13790703,235.55122,0.03230849,1690.3412
396,2019-07-29,-1.8059543,0.304234,67272.79,3505.2993,75033.42,2589.8767,6.3733835,7.999846e-05,1.7049091e-05,6.286751e-05,0.0001601057,14413.086,0.13030945,235.731,0.029175444,2689.0505
397,2019-07-30,-1.509311,0.09401733,78624.16,2206.8154,86803.03,1362.7625,5.7768936,8.664666e-05,2.3202032e-05,6.373231e-05,0.0002219221,16674.082,0.13796663,235.22061,0.029991291,2017.9165
398,2019-07-31,-1.1390368,0.54100525,78716.79,2067.8308,89060.266,1067.8308,22.841667,8.156362e-05,,5.8212572e-05,0.00019669504,16662.377,0.13369319,237.28625,0.03264096,947.2063
399,2019-08-01,-0.7393512,0.9449781,83948.78,1589.6802,94264.61,633.5726,30.085844,7.590485e-05,,5.8438625e-05,0.00018608102,16682.836,0.14115919,235.74997,0.0409447,1525.5631
400,2019-08-02,-1.3008649,0.54414856,78551.445,2094.7483,88521.72,1123.3793,19.254955,7.752169e-05,9.891851e-06,6.632514e-05,0.00019933817,19224.277,0.14554645,235.66205,0.033187628,921.33844
401,2019-08-03,-1.411977,0.42301986,75317.92,2414.4624,84897.83,1446.6824,10.048917,7.309078e-05,2.1182044e-05,6.448662e-05,0.00019909856,19222.967,0.14827266,236.0824,0.029257033,1417.8297
402,2019-08-04,-2.0008526,0.408795,71127.086,2870.7605,80449.96,1886.695,8.987693,7.7633944e-05,1.0441444e-05,6.53435e-05,0.00016341596,22072.12,0.15712537,236.18355,0.030638501,1050.1251
403,2019-08-05,-1.445534,0.0385342,86295.08,1360.0708,93447.66,682.2225,5.241352,8.687898e-05,1.9536e-05,6.7342975e-05,0.0002116755,16678.281,0.15134135,236.74261,0.032525748,988.65106
404,2019-08-06,-1.4329312,0.34137002,66853.45,3567.2822,75450.21,2595.5173,12.2302265,8.090264e-05,1.3365012e-05,6.326737e-05,0.00019423911,19214.146,0.15221494,236.53375,0.031987272,1563.2585
405,2019-08-07,-1.2883462,0.49624938,68464.58,3377.594,75713.5,2524.6155,14.211872,8.680894e-05,1.9626674e-05,5.8667967e-05,0.00018933555,16675.404,0.15134647,235.9278,0.034678165,2067.9172
406,2019-08-08,-0.8446855,0.99127483,55837.133,4873.417,63476.8,3873.417,56.99701,0.00012498161,,5.9118724e-05,0.00017956707,16666.379,0.15018183,236.49445,0.030026043,4784.3545
407,2019-08-09,-1.9933461,0.25733453,82772.36,1684.7932,91369.66,854.09607,5.6501102,7.009713e-05,3.7641266e-06,6.475556e-05,0.00015840602,22070.867,0.1601115,235.95323,0.027377447,1520.757
408,2019-08-10,-1.4937651,0.53476596,35771.316,8160.818,41138.258,7160.8174,40.024338,8.1187114e-05,,5.4444303e-05,0.00017464274,15548.539,0.13638246,234.50366,0.028897323,2770.7065
409,2019-08-11,-1.8682531,0.14293888,94020.89,669.3624,97520.27,340.74646,5.392118,7.240682e-05,1.5447382e-05,5.7197605e-05,0.00018768996,17957.863,0.14394972,235.55682,0.034658913,1712.0189
410,2019-08-12,-1.2918355,0.6236019,53807.062,5388.8936,60565.383,4438.493,17.09775,8.5443375e-05,2.2550956e-05,5.134962e-05,0.00016582164,16684.434,0.12709096,235.46118,0.032491602,1894.0027
411,2019-08-13,-0.894424,0.9040652,70214.62,3069.791,79343.0,2071.019,31.65004,9.4849725e-05,,5.0865416e-05,0.00017732609,16677.82,0.13047206,234.82063,0.02905662,2302.6768
412,2019-08-14,-0.678551,1.0,56902.938,4665.048,64716.773,3665.0476,32.725,8.290862e-05,,5.3642714e-05,0.00013388634,16681.064,0.13361031,235.11653,,
413,2019-08-15,-1.256491,0.28004786,76511.11,2394.9917,85136.76,1511.5314,13.338789,7.3299816e-05,1.1246777e-05,6.335334e-05,0.00020741417,19235.207,0.14201602,234.78488,0.034601197,966.0559
414,2019-08-16,-1.6959275,0.1533759,83613.586,1688.522,91455.945,922.1563,6.100396,7.555952e-05,1.91568e-05,5.8211084e-05,0.00019233418,19236.273,0.14249876,235.52243,0.03300871,1301.6831
415,2019-08-17,-1.5771569,0.06603341,96676.41,416.3954,99112.98,194.3934,5.4352593,7.513922e-05,1.8725845e-05,5.6485642e-05,0.00019168347,19236.969,0.14656988,234.85265,0.03227843,1377.7965
416,2019-08-18,-1.6540723,0.16305642,89662.2,1064.6531,95948.84,472.5634,5.3369703,7.257826e-05,1.7415547e-05,5.4884804e-05,0.00018879278,16681.033,0.13670658,234.52359,0.03431767,1622.0088
417,2019-08-19,-1.4024122,0.111830056,68660.26,3457.1853,75506.13,2629.0806,5.265038,8.252887e-05,2.9390969e-05,5.4527463e-05,0.00019878276,14415.99,0.12827325,235.40186,0.028422827,2679.1667
418,2019-08-20,-2.2410955,0.33827597,45479.66,6635.3223,51934.02,5636.923,7.28056,8.2828185e-05,2.0728616e-05,5.5133056e-05,0.00015485493,16691.78,0.13392223,234.354,0.03284035,2300.4658
419,2019-08-21,-0.779898,0.96482015,89807.82,1088.634,98811.41,256.26984,64.00834,7.455704e-05,,4.756182e-05,0.00018292997,14417.974,0.12341483,234.36533,0.030296614,2283.266
420,2019-08-22,-1.6183894,0.19409162,95387.41,611.5607,99050.53,235.12949,5.9577794,6.86577e-05,1.4887997e-05,5.459067e-05,0.00018642515,16699.727,0.13730709,233.62595,0.037639998,959.5183
421,2019-08-23,-1.4267688,0.29837725,84321.04,1687.0029,93080.3,833.9568,8.059289,7.021312e-05,1.4321968e-05,5.339976e-05,0.0001805195,14424.443,0.12999576,233.00372,0.035730273,997.8236
422,2019-08-24,-1.6232252,0.029546326,92817.89,857.292,96474.2,479.9696,4.861256,7.3890995e-05,1.9993084e-05,5.389791e-05,0.00019156083,14422.967,0.12972142,233.80597,0.033378765,1804.2266
423,2019-08-25,-1.9655316,0.13198002,89228.45,1218.0631,95588.38,579.4819,5.009914,6.665577e-05,1.5102403e-05,5.164625e-05,0.00014865836,14423.562,0.13162442,233.76836,0.030639343,1604.8182
424,2019-08-26,-1.6152579,0.17517298,91242.92,1015.5794,97623.06,387.77435,5.6363673,7.4635995e-05,2.6017875e-05,4.9425988e-05,0.00019579192,14423.186,0.13021398,232.55058,0.03116307,1393.6005
425,2019-08-27,-1.6169965,0.10681504,80506.016,2112.3035,89582.125,1192.8246,5.212501,7.3684e-05,2.4373861e-05,4.9310132e-05,0.00018537809,13054.465,0.1280973,232.09174,0.03201735,1671.133
426,2019-08-28,-1.5853219,0.20249367,33704.812,8840.983,38807.543,7840.9834,5.996958,5.897157e-05,7.2499774e-06,5.0856135e-05,0.00015698298,14421.816,0.1279499,232.39459,,
427,2019-08-29,-0.95582825,0.6966305,46517.695,6402.2075,53119.055,5402.208,18.604618,7.702572e-05,,4.9334252e-05,0.00017948446,14419.459,0.1325702,231.91823,0.03711109,2274.1943
428,2019-08-30,-1.7778317,0.5304086,93229.48,758.68365,99369.516,185.64795,10.324277,6.242991e-05,1.5369806e-05,5.0462466e-05,0.0001495589,16689.85,0.12989202,232.50575,0.032530185,1540.4933
429,2019-08-31,-1.5107242,0.17996848,93540.28,753.30554,98054.23,318.27893,5.801016,6.4292355e-05,1.4861098e-05,4.8062768e-05,0.00018162889,14420.549,0.123552814,231.32472,0.03135159,1457.4961
430,2019-09-01,-1.4674376,0.09635663,95546.8,544.7726,98413.3,271.83582,5.052535,6.170867e-05,1.2164328e-05,4.9639057e-05,0.00016401152,14417.668,0.12179257,232.61081,0.02761836,1360.8198
431,2019-09-02,-1.7889187,0.15140706,93125.484,753.6277,96935.945,390.10706,4.9741044,6.446526e-05,1.5516509e-05,4.8487793e-05,0.00017060422,14415.512,0.12484242,232.99371,0.030875979,2022.2211
432,2019-09-03,-0.77635217,0.99957067,49625.703,5744.733,56592.42,4744.733,26.784424,0.00010734201,,4.2011074e-05,0.00015324785,16688.3,0.12575656,232.58524,,
433,2019-09-04,-1.4540966,0.4251664,85606.74,1455.8643,95086.66,572.94775,8.702715,6.534381e-05,1.9195515e-05,4.871477e-05,0.00018524798,16686.969,0.12150568,233.11807,0.032709137,1290.4799
434,2019-09-05,-2.0173395,0.13549969,81210.305,1895.1334,90775.49,969.412,5.1370955,7.2907205e-05,2.5114512e-05,4.9036633e-05,0.00016465096,13051.331,0.12134824,233.0205,0.027269058,1385.0596
435,2019-09-06,-1.4655547,0.21198195,87120.58,1332.6895,95282.16,566.49023,5.8464093,7.737091e-05,2.8589668e-05,4.9133705e-05,0.00020210345,14419.143,0.12334901,232.86497,0.033148166,873.2208
436,2019-09-07,-1.4462674,0.39612707,55898.234,5169.919,63519.36,4177.7627,8.251569,7.4887415e-05,1.8484596e-05,4.7718255e-05,0.00017319724,16693.145,0.12583067,232.2114,0.033744223,1312.085
437,2019-09-08,-1.2527568,0.5446792,37582.53,7782.3926,43252.664,6782.3916,8.514807,6.892708e-05,,4.7077265e-05,0.00015750538,14442.472,0.12591696,231.07196,,
438,2019-09-09,-1.5053856,0.10175785,92130.4,894.1074,96774.01,439.83893,4.51729,7.588479e-05,2.910245e-05,4.6782337e-05,0.00019544199,16689.34,0.12730283,230.61359,0.03527672,1313.5763
439,2019-09-10,-1.1619518,0.94511455,62771.402,3970.1313,71247.81,2970.1313,55.15146,5.7900157e-05,,4.672602e-05,0.0001293987,16687.787,0.13156301,231.01598,,
440,2019-09-11,-1.2640127,0.25977048,71103.79,3131.8564,80060.55,2163.4438,7.5460777,7.935715e-05,3.558156e-05,4.866567e-05,0.0002025228,16694.305,0.12746695,230.76598,0.033959944,1238.8711
441,2019-09-12,-1.3619164,0.31541675,76597.25,2460.5737,85686.91,1529.0508,7.8005,6.576409e-05,2.1131185e-05,4.632306e-05,0.00017426562,16693.504,0.12943968,231.3649,0.03210954,1128.4424
442,2019-09-13,-0.8680234,0.7990873,71418.52,3047.4253,80871.25,2047.4253,21.80895,7.8352765e-05,,4.102932e-05,0.00015695131,15553.92,0.1192933,230.17728,0.032017555,1456.3998
443,2019-09-14,-1.5006866,0.3329178,79320.7,2121.9644,88261.9,1241.7471,9.030172,6.1300074e-05,1.5946307e-05,4.9102287e-05,0.00017707504,20686.102,0.1349481,229.8524,0.03365915,983.44684
444,2019-09-15,-1.3601984,0.9705038,48173.44,5941.5054,54995.33,4941.506,33.474514,8.794306e-05,,4.3182245e-05,0.00012909714,14415.764,0.11695563,229.16228,,
445,2019-09-16,-1.1261951,0.4819792,71526.266,2770.295,81056.266,1779.2073,17.108591,6.541848e-05,1.3604123e-05,4.9341106e-05,0.00019178959,16671.719,0.12784691,229.6377,0.032810964,815.5812
446,2019-09-17,-1.320512,0.49805057,67882.195,3147.0933,77077.17,2160.0078,16.116707,6.949679e-05,8.422994e-06,5.196477e-05,0.00018982241,22047.652,0.14093062,232.25215,0.032572962,804.3318
447,2019-09-18,-0.93708,0.6592668,85205.64,1301.8735,94465.74,465.41315,15.51544,6.904995e-05,1.8852017e-05,4.9049828e-05,0.0001921904,24130.402,0.15408716,232.61438,0.03320369,762.8053
448,2019-09-19,-1.2615116,0.5240482,75683.375,2389.5728,84877.76,1472.4199,16.449179,6.987259e-05,3.184556e-05,4.2864493e-05,0.00017696299,22097.371,0.15127876,231.00787,0.034125254,1001.8214
449,2019-09-20,-1.3473095,0.3284623,83837.2,1570.279,94177.586,637.1262,5.0137124,5.092108e-05,8.675031e-06,4.155661e-05,0.00015654274,20679.469,0.15067586,231.30624,0.03328165,465.8964
450,2019-09-21,-1.1463215,1.0,81761.266,1778.6876,92661.19,778.7405,59.452488,8.2067265e-05,,4.0224993e-05,0.00013292528,14416.81,0.13457647,229.31502,0.02779882,1677.9478
451,2019-09-22,-0.8640989,0.85333824,79588.16,1999.5776,89842.086,1015.5139,38.67671,6.850592e-05,,4.0531337e-05,0.00016663688,14416.143,0.12563035,230.25989,0.026951453,1426.1143
452,2019-09-23,-1.3774421,0.09964576,95008.31,595.9835,98396.34,284.2473,4.87137,6.240815e-05,1.570623e-05,4.6632696e-05,0.00017627316,17961.438,0.13588186,230.55576,0.036004238,429.7041
453,2019-09-24,-1.3994026,0.11614402,80364.47,2077.5017,87868.95,1319.7665,4.5247517,9.8630946e-05,5.0733943e-05,4.431e-05,0.00020203878,16689.94,0.1294195,229.91525,0.034008563,593.49854
454,2019-09-25,-0.83349085,0.94457877,57339.65,4542.5566,65412.242,3542.5571,22.451818,7.139053e-05,,4.163071e-05,0.00015797013,16684.902,0.13131803,229.87025,0.031732623,492.86267
455,2019-09-26,-1.71114,0.0,,,,,,6.937839e-05,2.2200984e-05,4.71774e-05,0.00015690479,19229.422,0.1326595,228.56834,0.030422632,996.0671
456,2019-09-27,-1.31994,0.11859705,86957.47,1337.5013,93480.13,709.9608,4.8368797,8.8071785e-05,4.0118543e-05,4.7953246e-05,0.00022558233,16685.12,0.123463705,229.26874,0.033378564,757.80597
457,2019-09-28,-0.71804833,0.999841,58864.684,4478.3936,66980.76,3478.3936,67.09832,0.0001488371,,3.846451e-05,0.00017633336,16678.227,0.12115404,230.18076,0.030198967,1404.7042
458,2019-09-29,-0.75002575,0.9518022,84966.44,1414.8154,94862.95,505.31473,17.649466,5.84184e-05,,4.088357e-05,0.00016915507,20612.895,0.13058646,229.70479,0.03068667,1213.606
459,2019-09-30,-0.8068607,0.9991958,67513.72,3262.789,76562.53,2264.1694,43.07715,9.211228e-05,,3.8851267e-05,0.00017590143,19177.086,0.12708798,228.62175,0.02791845,1928.2085
460,2019-10-01,-1.8552189,0.32666844,70766.08,2788.4968,80261.41,1790.2302,11.591163,6.594291e-05,2.6557695e-05,3.6802438e-05,0.00014242005,14409.81,0.124646604,227.95535,0.029426096,814.8413
461,2019-10-02,-1.0118785,0.98998535,63352.4,3727.7852,71943.66,2727.7852,60.87039,0.0001978497,,3.8984977e-05,0.00018357394,16667.002,0.12345427,228.54758,0.02658958,2032.8737
462,2019-10-03,-0.7432952,0.74634486,49274.68,5593.4873,56362.613,4593.488,19.934155,0.00014854615,,4.6656998e-05,0.0002170999,19216.484,0.12918839,229.32248,0.030251073,618.5545
463,2019-10-04,-0.9358308,0.74225986,84638.58,1419.1053,95115.0,478.3989,20.296074,6.107736e-05,1.3399066e-05,4.541107e-05,0.0001856136,22070.334,0.1359257,229.41833,0.030816961,924.46124
464,2019-10-05,-0.9364334,0.65261126,76573.234,2255.7356,86884.11,1262.5961,8.778428,6.0330833e-05,1.7816083e-05,4.0070536e-05,0.00016457739,22089.69,0.13239774,229.48178,0.032341145,586.42
465,2019-10-06,-1.0455532,0.7802888,81647.48,1748.8851,92828.305,748.885,22.803804,5.1482624e-05,,3.6302903e-05,0.00015501352,22105.39,0.1478092,229.04276,0.030779365,384.4358
466,2019-10-07,-1.6150733,0.9267158,78891.63,1989.4762,89792.64,989.4762,32.577477,6.379479e-05,,3.9509265e-05,0.00014713548,24186.705,0.15278055,229.04922,0.02842189,555.06085
467,2019-10-08,-0.7157153,0.88005215,47060.29,5874.112,54039.65,4874.112,44.109703,0.00011065013,,3.724172e-05,0.00016864248,16648.266,0.12839563,228.53975,,
468,2019-10-09,-1.1465583,0.49093935,83908.78,1490.7416,93879.766,576.60297,8.619869,7.1514245e-05,3.2110318e-05,4.1554704e-05,0.00019917286,19214.715,0.12930489,228.51773,0.030606657,1031.2717
469,2019-10-10,-0.45118845,0.98656785,60202.215,4077.962,68641.484,3077.9624,45.12612,0.00012491245,,4.0555744e-05,0.00018844749,22051.406,0.13803092,228.19064,0.030523043,1250.2039
470,2019-10-11,-0.6477723,0.96683085,89908.875,958.40125,98603.59,201.39445,20.319527,6.639019e-05,,3.7111946e-05,0.00018997263,22083.604,0.1439394,226.84311,0.031499077,887.8747
471,2019-10-12,-1.2660834,0.99895686,75739.45,2331.2124,85739.086,1331.2123,101.11044,0.000112119196,,3.8798742e-05,0.00017795878,14411.675,0.11483115,226.77605,0.02659095,2469.2349
472,2019-10-13,-0.7251772,0.95261633,64910.926,3613.727,73692.91,2613.727,64.088844,0.00010424346,,3.17108e-05,0.00013105222,14414.183,0.12093788,226.04556,0.02954916,1683.375
473,2019-10-14,-1.2720008,0.13058528,85975.74,1431.5602,92466.78,791.2165,4.5867643,7.075057e-05,3.487587e-05,3.627906e-05,0.00018147976,14415.183,0.11750169,226.36957,0.029492445,1911.6614
474,2019-10-15,-1.2518334,0.120806485,84725.58,1545.6101,94239.42,651.3822,4.3044143,6.43058e-05,3.2913835e-05,3.1429343e-05,0.00016102851,14419.291,0.11729191,226.16177,0.030258952,1337.535
475,2019-10-16,-1.1593056,0.122647405,85974.72,1436.1049,92160.69,817.43164,3.4721189,6.165999e-05,2.7353179e-05,3.430681e-05,0.00017724512,14414.529,0.11668868,225.07182,0.03015837,931.591
476,2019-10-17,-1.578753,0.98473674,80993.164,1822.806,91567.18,827.3014,76.27852,8.686998e-05,,2.9720679e-05,0.00014889536,14415.437,0.12678173,224.771,0.02946507,1339.9237
477,2019-10-18,-0.83380336,0.29381546,37533.48,7710.85,43244.53,6710.8496,10.944757,8.245913e-05,4.772919e-05,3.3903474e-05,0.00017806154,16684.324,0.11882264,222.98843,0.030296601,1662.3062
478,2019-10-19,-1.0005984,0.18516597,50046.953,5807.7563,57157.35,4807.7563,5.0576286,8.599969e-05,5.3207532e-05,3.375132e-05,0.00017622072,16682.71,0.12524785,224.16962,,
479,2019-10-20,-0.5818151,0.6074649,37731.07,7670.992,43483.914,6670.9917,16.05276,7.247771e-05,4.0264655e-05,3.1273186e-05,0.0001521513,14417.592,0.12327998,224.3236,,
480,2019-10-21,-1.2510948,0.16142735,84105.91,1649.7899,91370.84,926.9012,3.4597392,8.734379e-05,5.8788028e-05,2.8555767e-05,0.00019526805,13052.531,0.12394479,221.77618,0.031279154,1742.8105
481,2019-10-22,-0.7990022,0.2071215,61945.496,4075.9863,70361.266,3075.9863,1.0,8.3735926e-05,4.194743e-05,3.0067407e-05,0.00017818368,14420.105,0.12190327,221.47273,0.031664155,1733.2057
482,2019-10-23,-1.583612,0.4211151,78998.9,2115.22,89263.47,1115.2198,13.992542,5.5138276e-05,2.126854e-05,3.1382544e-05,0.00015901349,13053.056,0.11867395,221.57346,0.029208947,394.34933
483,2019-10-24,-1.1182151,0.123165354,94467.52,640.4483,98780.09,249.3756,4.4448338,8.1415e-05,4.893034e-05,3.2484662e-05,0.00021556267,13052.738,0.11504075,220.47473,0.028583787,1365.198
484,2019-10-25,-0.2453529,0.64129376,96560.06,431.1239,99281.22,187.18054,22.761156,6.5305954e-05,4.9304806e-05,3.0090923e-05,0.00022816341,13051.247,0.11379634,220.56195,0.029719178,818.45825
485,2019-10-26,-0.62191033,0.82508135,26995.92,10025.058,31399.916,9025.057,23.185884,,,,,,0.106367834,219.73854,,
486,2019-10-27,-0.5621818,0.7391764,46126.2,6719.159,52509.5,5728.392,42.058037,0.00011398794,0.00010233315,2.2596098e-05,0.0001475335,13048.391,0.1027555,219.11053,0.028989037,1881.8356
487,2019-10-28,-1.530077,0.96528244,82599.83,1635.9095,93598.87,637.6303,101.46128,5.0020408e-05,,2.5311398e-05,0.00014599384,19227.959,0.12674148,221.05608,0.029548751,837.41785
488,2019-10-29,-0.78883934,0.53093004,82615.67,1660.1042,93443.07,688.4857,15.739246,4.148412e-05,1.3668225e-05,3.0183408e-05,0.00015800452,23148.006,0.12639436,220.82997,0.031568434,376.74136
489,2019-10-30,-0.693824,0.79971576,87751.31,1238.2595,97892.375,344.40167,16.882017,5.157049e-05,9.0699505e-06,2.9906047e-05,0.00016271332,20673.17,0.13004574,221.77141,0.032461897,379.5917
490,2019-10-31,-0.4953861,0.65415025,51082.89,5268.957,58748.4,4268.957,13.605754,7.6727105e-05,,3.007226e-05,0.00015333682,22140.016,0.13793737,222.7569,0.030097133,353.01968
491,2019-11-01,-0.5065499,0.8197714,91406.4,895.1798,98320.07,280.28912,17.79629,5.3332224e-05,,2.7460668e-05,0.00015455869,16688.734,0.13195097,221.8312,0.03213823,675.5705
492,2019-11-02,-1.5350406,0.36908668,29190.586,9156.642,34009.49,8156.6416,19.630009,6.632645e-05,,3.0290046e-05,0.0001427105,16671.951,0.12791581,222.47432,,
493,2019-11-03,-0.65150857,0.73168373,56706.656,4701.378,64570.625,3701.3782,35.51648,8.006314e-05,,3.086119e-05,0.00014571907,16665.33,0.13485545,221.9672,0.03188792,1221.8456
494,2019-11-04,-0.7185034,0.9023464,33984.797,8199.798,39275.562,7199.798,50.87925,9.539888e-05,,2.7527421e-05,0.0001459763,14405.899,0.13998148,222.52518,,
495,2019-11-05,-0.694406,0.7641263,78706.21,1880.5908,89037.664,882.5381,15.764482,8.530282e-05,4.620431e-05,3.0372583e-05,0.00020249866,19185.707,0.12862097,221.84186,0.030215159,906.147
496,2019-11-06,-0.72806525,0.9752625,57934.93,4349.187,66070.35,3349.187,56.620228,7.086094e-05,,3.116311e-05,0.00017828846,22025.836,0.12935027,220.66766,0.030683814,910.65564
497,2019-11-07,-0.33597085,0.9101359,79253.8,1906.9832,89503.54,939.9105,45.164566,0.000105828585,,2.7764458e-05,0.0002409493,22066.041,0.12622666,220.65384,0.034558367,737.2198
498,2019-11-08,-1.59197,0.7038511,88977.47,1068.7777,97928.65,284.98785,47.265587,6.175143e-05,,2.4599702e-05,0.0001649221,19238.416,0.11821033,218.95367,0.03174278,724.06024
499,2019-11-09,-0.8223428,0.999926,90157.94,944.77576,98916.99,181.16049,35.4367,6.3848354e-05,,2.3338562e-05,0.0001849712,17949.457,0.1174341,218.71701,0.030462151,1059.5312
500,2019-11-10,-0.6450295,0.94960225,54002.45,4965.1904,61693.938,3965.1904,58.360676,,,,,,0.1248039,220.02725,,
501,2019-11-11,-0.45783758,0.6611427,66946.5,3312.3542,76115.164,2312.5464,6.869643,5.4544642e-05,2.7406768e-05,2.701454e-05,0.00017336902,19228.477,0.13945124,220.22234,0.031145684,575.2705
502,2019-11-12,-0.320004,0.72082627,46731.227,6085.5293,53656.477,5085.5293,19.476261,7.453774e-05,1.9866575e-05,2.6232803e-05,0.00016453741,16686.426,0.1296854,219.68967,,
503,2019-11-13,-1.397854,0.50332713,24456.014,10544.557,28609.447,9544.557,75.0578,3.7426922e-05,,2.3643352e-05,0.00011440953,14413.315,0.12149082,219.05792,,
504,2019-11-14,-0.8634145,0.9715157,55364.92,4835.9316,63114.812,3835.9312,75.84497,0.0001669659,,1.9343406e-05,0.00016254047,14414.731,0.11891624,217.39487,0.029392704,2163.2754
505,2019-11-15,-0.1413439,0.8871162,59044.703,4449.5586,67244.59,3449.5583,66.08547,9.080422e-05,,1.852379e-05,0.00012939352,16688.69,0.108683646,215.7232,0.0313631,1535.6946
506,2019-11-16,-0.56766504,0.84803027,50674.484,5542.004,57908.68,4545.051,31.04407,5.7779565e-05,,2.1289432e-05,0.00014906406,14418.289,0.11243725,215.64505,,
507,2019-11-17,-0.16296573,0.9533254,81872.28,1867.6956,90804.914,992.9793,83.09434,8.25061e-05,,2.1520684e-05,0.00017762186,13053.414,0.11289689,213.5627,0.030726586,1839.2747
508,2019-11-18,-1.817091,0.9795219,82061.08,1836.5134,90885.414,976.078,136.89073,6.070934e-05,,2.124072e-05,0.0001506989,13052.583,0.12458371,214.08286,0.03197798,488.0865
509,2019-11-19,-0.6838724,0.90875787,96128.25,512.0602,99491.34,182.35922,36.034412,5.3373453e-05,,2.16222e-05,0.00022125858,16694.111,0.12600178,212.52298,0.032797508,458.34665
510,2019-11-20,-0.30693278,0.9994353,73227.53,2893.2898,82638.47,1904.8457,77.542755,6.906937e-05,,1.9882656e-05,0.00016128132,16700.336,0.12177993,214.00455,,
511,2019-11-21,-0.55919653,0.9764025,88501.14,1223.6821,98861.11,282.68277,30.09837,5.7289093e-05,,1.9793226e-05,0.00014849019,16701.777,0.12107664,213.83542,0.032131366,958.2023
512,2019-11-22,-0.39595976,0.5410921,60180.336,4295.6484,68630.69,3295.6484,4.7149863,6.1004066e-05,5.11455e-05,2.061066e-05,0.00015411057,16701.402,0.11206584,215.30045,0.03440922,835.03735
513,2019-11-23,-0.41201216,0.7121943,31985.29,8657.459,37185.258,7657.4585,18.686987,7.657784e-05,,2.058205e-05,0.00013991437,16698.176,0.12374736,214.51338,,
514,2019-11-24,-1.3434862,0.5509328,61198.918,4159.8315,69714.25,3159.8318,53.562237,5.517614e-05,1.3205042e-05,1.9675414e-05,0.00013523776,16694.934,0.117630385,212.5804,0.031753983,822.8321
515,2019-11-25,-0.82670236,0.93459785,91922.04,840.5608,99403.86,186.44876,20.505764,6.428188e-05,,1.7951152e-05,0.00016664833,14420.009,0.12254203,209.83368,0.030453485,589.8475
516,2019-11-26,-0.46167344,0.9393399,95097.14,545.1687,99418.39,178.72916,21.37428,4.350888e-05,,1.849965e-05,0.00014586412,16684.602,0.1204465,209.77026,0.03224702,720.2472
517,2019-11-27,-0.5814841,0.93130845,87409.33,1205.3452,95281.664,493.74088,36.461975,5.353104e-05,,1.6814203e-05,0.00014374574,14414.083,0.11733483,209.5917,0.031670105,951.5803
518,2019-11-28,-0.8593002,0.99287176,51141.71,5473.1934,58166.43,4496.5938,100.0643,0.000101776786,,1.7234162e-05,0.00014215597,16668.826,0.109202884,212.06866,0.03139811,1460.5753
519,2019-11-29,-1.523134,0.90992254,81949.63,1691.1244,90014.53,914.729,136.5382,0.00011529118,,1.9485284e-05,0.00024181313,19186.988,0.12693454,213.42857,0.032327916,869.8626
520,2019-11-30,-0.7157624,0.24961579,65686.94,3269.4177,74964.21,2269.4175,8.635086,2.4402718e-05,3.4230657e-06,2.1945738e-05,0.00014646296,22069.012,0.12638724,213.84421,0.031575505,312.6125
521,2019-12-01,-0.901626,0.4474783,84325.664,1491.0508,94483.375,594.4442,6.9130044,3.3818767e-05,1.6260119e-05,1.904632e-05,0.00013383848,19242.736,0.10929014,213.20618,0.031687066,351.7948
522,2019-12-02,-0.6230623,0.8359972,49615.105,5390.505,57114.688,4390.505,19.683613,,,,,,0.12152864,213.02554,0.03204588,474.72595
523,2019-12-03,-0.5851918,0.6168463,85599.56,1435.4581,92628.34,793.545,3.8169603,5.252462e-05,3.642927e-05,1.7380225e-05,0.00017964104,17963.938,0.124019444,211.0553,0.037254464,376.36633
524,2019-12-04,-2.584348,0.7210736,74685.36,2454.6926,84763.32,1466.6523,33.874615,9.798045e-05,,1.4241857e-05,0.00014124431,13051.19,0.0999739,210.0176,0.033443235,1595.0939
525,2019-12-05,-0.85476506,0.99318886,85536.86,1418.1038,96341.68,447.55325,86.98422,6.199094e-05,,1.7372215e-05,0.0001473017,11205.454,0.10179522,209.48068,0.030087607,506.913
526,2019-12-06,-0.6148256,0.1700735,64497.742,3597.5122,73242.04,2597.5122,4.218396,9.29416e-05,7.243634e-05,2.0882655e-05,0.00018587857,13049.161,0.112664536,210.87299,0.03541238,321.22443
527,2019-12-07,-0.55860823,0.9587058,71838.19,2699.1858,81093.77,1730.063,40.831596,,,,,,0.1187976,211.15753,0.03178616,1383.5066
528,2019-12-08,-0.59192437,0.75792027,54275.438,4713.942,62307.188,3713.942,9.240536,,,,,,0.11934321,209.59106,0.034466956,1277.457
529,2019-12-09,-0.72106683,0.7708974,45002.746,6475.7627,51173.17,5512.289,34.323933,5.7073794e-05,4.426353e-05,1.9113515e-05,0.00014277584,16666.229,0.1087548,210.67308,,
530,2019-12-10,-1.9442463,0.83950466,56638.414,4861.712,64556.633,3876.6128,101.72033,0.0001295777,,2.0778549e-05,0.00021007242,19221.098,0.11593679,211.89015,0.03343839,824.58655
531,2019-12-11,-0.45230442,0.664701,87400.24,1235.958,97472.055,361.014,15.827087,3.090781e-05,1.44303785e-05,1.619652e-05,0.000110225534,14419.424,0.12591442,211.96774,0.033006392,205.83183
532,2019-12-12,-0.48075855,0.9999033,82373.1,1655.8811,93522.61,655.88116,15.00434,5.335963e-05,,1.905794e-05,0.00018157387,16676.816,0.13362065,214.83243,0.029526178,198.01408
533,2019-12-13,-0.63077205,0.9496807,78129.56,2054.655,86883.48,1197.9443,35.36038,7.72215e-05,,2.1899237e-05,0.00021378708,22047.684,0.12568046,214.8656,0.033636153,771.63513
534,2019-12-14,-0.88808453,0.9062222,71606.266,2673.6724,81284.92,1687.376,43.224506,4.4414875e-05,,2.2538385e-05,0.00017134467,22033.617,0.13572524,215.23402,0.03546622,831.5438
535,2019-12-15,-1.5098041,0.52419704,76350.22,2173.3032,85502.14,1273.5312,35.739037,5.612781e-05,,2.0428643e-05,0.00019866973,19204.402,0.13344298,217.6758,0.030464135,531.63116
536,2019-12-16,-0.7811608,0.24161129,68112.62,3219.546,77471.72,2229.9683,11.345666,2.5048634e-05,3.6565978e-06,2.0227148e-05,0.00012327205,22075.246,0.14954923,215.89633,0.032504596,409.4875
537,2019-12-17,-0.5919843,0.94605553,56158.44,4608.55,64154.53,3608.5498,22.098318,,,,,,0.1459963,216.59062,,
538,2019-12-18,-0.53794295,0.35396677,94042.914,607.1583,97309.09,303.02655,1.3776561,9.8780365e-05,8.197046e-05,1.665148e-05,0.00018529635,14413.093,0.14948799,215.8783,0.032202173,834.02765
539,2019-12-19,0.20629317,0.7137989,66404.39,3415.1738,75675.66,2415.3022,10.436283,5.7521167e-05,2.7471342e-05,1.5235388e-05,0.00014433847,17974.09,0.14528736,215.61874,0.03547451,402.69363
540,2019-12-20,-1.1046134,0.67612034,81164.43,2011.3853,87130.08,1381.0486,97.464516,8.8908164e-05,,1.3135761e-05,0.00014401991,16681.107,0.13533206,215.1778,0.030918328,892.77344
541,2019-12-21,-1.2935569,0.5917887,44072.926,6596.187,50624.707,5596.1865,40.57422,7.011646e-05,2.8404243e-05,1.4471317e-05,0.00012903701,16661.984,0.14135094,214.14737,0.030673705,598.6524
542,2019-12-22,-0.9660934,0.96557146,49328.113,5482.893,56465.062,4482.893,61.889866,8.074017e-05,,1.4546012e-05,0.00012694961,19178.262,0.14841959,215.83002,,
543,2019-12-23,-0.71858835,0.9298911,71317.21,2688.1377,80921.05,1688.6276,3.830545,8.071815e-05,,1.6243783e-05,0.00018537139,16662.91,0.14938678,216.75923,0.03269389,1284.1134
544,2019-12-24,-1.5178595,0.8974852,43836.773,6425.195,50371.062,5425.195,50.6272,,,,,,0.15421303,218.20226,,
545,2019-12-25,-0.2882303,0.84143925,56248.203,4673.0044,63774.668,3711.9834,45.8028,8.605364e-05,,2.1823049e-05,0.00016930392,22074.98,0.14812393,219.38953,0.03577803,905.26276
546,2019-12-26,-0.7923812,0.7814637,58787.5,4370.247,67096.336,3376.5112,152.23978,,,,,,0.1666807,219.62273,,
547,2019-12-27,-0.71011287,0.8859689,58181.566,4274.019,66627.18,3274.0188,51.5076,,,,,,0.17397383,218.53934,0.034989964,458.01263
548,2019-12-28,-0.7567017,0.99980485,86769.14,1313.226,98553.45,313.7078,10.302229,4.916265e-05,,2.1566208e-05,0.00017821453,19260.781,0.16261704,218.59845,0.036083747,558.1288
549,2019-12-29,-0.40194228,0.5527016,87336.484,1409.8549,92425.555,869.2662,3.8909836,5.1284227e-05,2.5230336e-05,2.2291986e-05,0.00018748204,16683.973,0.15987541,217.67711,0.03495392,268.84528
550,2019-12-30,-0.9273165,0.8301693,23809.285,10865.387,27821.71,9865.387,64.62801,,,,,,0.13675374,216.23604,,
551,2019-12-31,-1.4306341,0.72000605,76427.65,2258.2488,85245.59,1371.8801,86.26458,5.0191535e-05,,1.8841954e-05,0.00015006545,16670.781,0.14719026,216.63895,0.03154746,573.661
552,2020-01-01,-0.63650644,0.17114443,35421.246,8170.6255,41063.543,7170.6265,2.3385699,4.075599e-05,2.2038668e-05,1.871732e-05,0.00012371274,16691.744,0.14244436,213.20891,0.035415247,531.50903
553,2020-01-02,-1.0506153,0.9852711,47932.535,5908.9146,54962.24,4908.9146,4.833875,,,,,,0.13237,215.30035,,
554,2020-01-03,-0.8097595,0.2749142,74384.66,2880.686,79524.03,2253.813,1.705168,6.569317e-05,4.5224486e-05,2.0468695e-05,0.00016647071,13052.624,0.1453357,217.36484,0.033624206,446.66748
555,2020-01-04,-0.2990781,0.7253798,71437.875,2890.6372,80273.72,1966.9381,2.61421,3.3649078e-05,1.2262569e-05,2.6461881e-05,0.00016771157,22046.074,0.15325348,219.4354,0.03521122,404.7734
556,2020-01-05,-1.3300484,0.19651113,29242.402,9286.472,34027.625,8286.472,3.097188,4.137478e-05,2.0050871e-05,2.1889446e-05,0.00014079135,16689.43,0.13944595,219.11475,0.036140904,347.9819
557,2020-01-06,-1.2009828,0.89112234,70173.54,2962.904,79989.77,1962.904,13.308616,0.00011111758,,1.9435734e-05,0.00017167926,19252.352,0.13817577,218.90726,0.03645929,866.2758
558,2020-01-07,-0.6739807,0.9537584,92877.79,786.96356,99473.305,187.07098,4.681223,0.00013054293,,1.9787065e-05,0.00017562481,16694.244,0.1562498,220.52437,0.032555036,652.44073
559,2020-01-08,0.030638982,0.91677845,59368.832,4776.615,67624.625,3776.6204,14.549038,0.00010579355,,1.3274365e-05,0.00013495241,16680.697,0.13147998,218.9726,0.03209373,187.37349
560,2020-01-09,-0.30687502,0.7667164,93094.695,739.8913,97644.56,332.2328,2.5968668,4.257666e-05,,1.5498725e-05,0.00013760924,20652.678,0.14361987,216.8551,0.033857293,271.87936
561,2020-01-10,-0.892581,0.8854724,41738.945,6916.9434,47962.223,5922.6675,7.2841625,,,,,,0.14710656,217.1734,0.034069486,1145.6414
562,2020-01-11,-1.5599481,0.807369,75820.66,2296.4297,86103.055,1296.4298,12.370945,2.9465436e-05,,1.7634376e-05,0.000115541625,22112.691,0.16817227,218.0816,0.033057008,268.53378
563,2020-01-12,-0.59233344,0.7949957,54409.855,5120.339,62090.195,4122.789,15.435462,6.474921e-05,5.0311573e-05,1.5941356e-05,0.00011539531,16685.994,0.13013694,215.6503,0.03285048,507.49347
564,2020-01-13,-1.0065557,0.97051096,84564.24,1461.4922,93807.12,628.536,6.377156,0.00010394717,,1.8296772e-05,0.0002000953,20663.082,0.14668286,221.04918,0.036359776,684.12885
565,2020-01-14,-0.24506181,0.88908434,62853.18,3973.6404,71719.09,2979.463,5.946228,9.577294e-05,,1.6765043e-05,0.00015496838,16688.43,0.15548466,220.57437,0.037677668,336.9894
566,2020-01-15,-0.5398162,0.51636314,20820.129,11633.928,24408.693,10633.927,3.324776,8.2612016e-05,6.3102074e-05,1.9509933e-05,0.00013312737,14416.673,0.1445097,221.47812,,
567,2020-01-16,-1.2779571,0.039531957,53352.79,5553.3755,60906.133,4553.376,3.4478357,5.4716336e-05,3.2898282e-05,2.2173821e-05,0.00015080586,16691.314,0.15718862,224.60925,0.035015915,449.53864
568,2020-01-17,-0.62674654,0.37334746,74995.32,3047.7822,78702.05,2533.1965,2.1713436,4.753753e-05,3.177618e-05,2.3182829e-05,0.00017317227,16700.805,0.15997073,223.89555,0.037603803,439.3573
569,2020-01-18,-0.6969391,0.93630445,73151.27,2728.3647,82578.7,1760.4493,13.303695,0.00012999176,,1.9353814e-05,0.00018217921,16689.574,0.16592214,224.20367,0.034270287,788.2532
570,2020-01-19,-0.37438166,0.7937188,97728.67,351.11905,99426.7,186.51929,2.8112352,6.0182287e-05,,2.2000877e-05,0.00017842883,16713.607,0.16673245,224.08765,0.036112152,482.97507
571,2020-01-20,-0.4925115,0.85269,71847.39,3002.6682,80797.34,2062.9792,5.745732,3.984793e-05,,2.448003e-05,0.0001497668,14428.303,0.16869515,221.8829,0.03723787,390.81088
572,2020-01-21,-1.9104619,0.88013166,43447.094,7446.317,49579.258,6457.229,11.163534,0.00013779206,,2.3279812e-05,0.00017712495,14419.921,0.14106984,221.62738,0.03386231,893.7107
573,2020-01-22,-0.93022716,0.32604164,45379.67,6352.12,52231.414,5352.167,3.45433,4.8022477e-05,2.2336184e-05,2.2442422e-05,0.00016064159,22076.719,0.17496713,217.63727,0.03367036,498.63275
574,2020-01-23,-0.7655614,0.42265224,84375.83,1667.1792,91779.58,957.0436,1.813498,4.2638432e-05,2.5500634e-05,1.8018274e-05,0.00012039747,16651.207,0.14840916,214.27344,0.036119793,423.30298
575,2020-01-24,-0.19278064,0.88836515,49114.215,6004.524,56016.695,5018.6455,38.979115,0.00011144659,,1.4554298e-05,0.00012972392,14417.537,0.12437521,213.66978,,
576,2020-01-25,-0.62754947,0.57955706,43967.543,6888.939,50552.258,5888.939,2.6489441,5.363115e-05,,1.1162127e-05,8.352389e-05,14414.564,0.123970106,207.34805,0.03718299,389.65604
577,2020-01-26,-0.5440587,0.89091194,51028.22,5360.7505,58465.254,4360.7505,8.289743,5.147915e-05,,7.723584e-06,6.9302456e-05,13051.76,0.102935374,205.0453,0.036494568,844.768
578,2020-01-27,-1.5847979,0.8056085,30506.436,9095.292,35480.56,8095.292,37.8769,,,,,,0.11917485,207.57695,,
579,2020-01-28,-0.5206423,0.69130135,68218.35,3068.8245,77698.84,2069.0283,6.0025587,0.000108436405,,1.538171e-05,0.00013312945,19208.656,0.13447759,208.76804,,
580,2020-01-29,-0.66121376,0.8332472,28742.451,8938.245,33716.223,7938.245,11.428658,,,,,,0.14325222,212.90466,,
581,2020-01-30,-0.7151323,0.7546039,69574.25,2843.379,79344.266,1843.3787,3.7722144,5.5036187e-05,,2.0487705e-05,0.00014908565,19205.238,0.15433246,212.33008,0.03928089,406.35297
582,2020-01-31,-0.91443473,0.66604894,35510.164,7829.0034,41201.53,6829.004,3.5545053,0.000104834995,,1.7131097e-05,0.00013627874,19187.393,0.14638,210.40657,0.036631517,878.5723
583,2020-02-01,-1.0984895,0.9295959,26847.438,10751.874,31040.129,9755.186,46.030464,,,,,,0.12365532,212.79526,,
584,2020-02-02,-1.0596703,0.46640033,57972.33,4330.2876,66268.016,3330.2876,6.637196,7.4612735e-06,-1.0006096e-05,2.371015e-05,0.00011016369,22981.668,0.14731583,215.82759,0.03455241,577.9354
585,2020-02-03,-0.75206566,0.5555841,67605.64,3019.9336,77203.56,2019.9336,5.2625165,1.7839491e-05,,2.351234e-05,0.00010686772,24092.291,0.15411976,218.98666,0.034839384,315.51187
586,2020-02-04,-0.6616181,0.36794716,49873.996,5403.913,57398.605,4403.913,2.9781172,5.8110112e-05,1.727158e-05,2.3638466e-05,0.00012812795,24105.906,0.18315104,221.33694,0.0357745,252.05725
587,2020-02-05,-1.1646256,0.007332646,59550.766,4034.5278,68331.45,3034.5278,3.644407,2.4922865e-05,-3.9574707e-06,2.8880339e-05,0.00012931702,24203.85,0.178896,219.80301,0.034861565,174.27039
588,2020-02-06,-1.5340525,0.11407198,26591.707,10123.64,30908.07,9123.64,7.766828,5.760875e-05,1.6844724e-05,2.4958594e-05,0.00012243773,22077.295,0.17346093,218.72935,0.03668305,473.17477
589,2020-02-07,-0.97176397,0.0,,,,,,4.1640786e-05,1.1168417e-05,3.0472374e-05,0.0001586641,19257.871,0.15737793,216.69847,0.038058933,190.30133
590,2020-02-08,-0.7627933,0.47650203,96326.96,469.32947,99390.195,190.49747,4.4782724,4.433163e-05,,2.2128967e-05,0.00013754905,16692.49,0.14028151,217.0267,0.03491284,688.8415
591,2020-02-09,-0.75621724,0.0,,,,,,9.278975e-05,7.139621e-05,2.1505457e-05,0.00015017245,15559.086,0.14604199,215.04442,0.037844606,585.7765
592,2020-02-10,-0.8612256,0.8261188,47952.523,6076.296,54828.03,5076.296,22.43712,0.00011303509,,1.3639416e-05,0.00012317937,19168.902,0.14140488,212.2184,0.03741618,1015.1518
593,2020-02-11,-0.8843266,0.13881344,40770.227,6734.6978,47193.625,5734.698,3.1728356,7.003761e-05,4.8653175e-05,2.2179103e-05,0.00014359907,24041.02,0.17731538,216.8176,0.035803597,504.7424
594,2020-02-12,-1.6607412,0.5482557,42759.496,6288.802,49556.145,5288.802,14.419612,7.696345e-05,,2.2347996e-05,0.00012460515,24081.557,0.19415854,218.50978,0.03595058,541.85803
595,2020-02-13,-0.9986733,0.2819122,67201.664,3225.0203,76751.2,2226.1235,5.1774044,5.9420818e-05,1.8726554e-05,2.8373168e-05,0.0001561268,22062.227,0.18623331,219.13568,0.036202654,297.96375
596,2020-02-14,-0.65126526,0.102544755,10684.888,14975.027,12581.244,13975.027,7.719369,0.00010268572,3.1968764e-05,2.6813432e-05,0.00014830803,19234.145,0.18393685,219.61021,,
597,2020-02-15,-1.2136917,0.0,,,,,,7.988811e-05,5.7319106e-05,2.2448992e-05,0.0001416356,16695.725,0.1676414,219.34209,0.038461044,452.5436
598,2020-02-16,-0.84541196,0.28547227,15278.558,13388.059,18009.352,12388.059,8.631175,0.00011187752,9.0768444e-05,2.181887e-05,0.000116699906,14416.053,0.15249416,219.05283,,
599,2020-02-17,-2.128013,0.7240892,31047.77,9080.72,35935.496,8080.72,61.7456,0.00016188307,,2.301023e-05,0.0001421109,16675.818,0.15405037,221.99742,0.035144337,372.4123
600,2020-02-18,-1.1158731,0.19912338,51025.83,5350.128,58616.75,4350.128,4.9063654,5.2381718e-05,2.6295605e-05,3.3087286e-05,0.00017086338,22072.484,0.18472378,221.74039,0.033037297,471.65918
601,2020-02-19,-1.1873147,0.08333606,48865.066,5578.5293,56298.85,4578.5293,3.9648886,9.2407245e-05,2.9191628e-05,2.9016053e-05,0.00017050368,23121.281,0.17661992,222.43826,0.036084123,483.18475
602,2020-02-20,-0.8153807,0.35645053,77509.11,2186.7327,87012.61,1273.5942,3.9721284,7.10182e-05,,2.5399797e-05,0.00016993913,22100.637,0.16586483,222.79932,0.035148058,416.5157
603,2020-02-21,-1.194061,0.13974766,17457.785,12601.021,20430.605,11601.021,5.7577133,7.1537674e-05,4.055453e-05,2.955765e-05,0.00014154744,20655.66,0.18159977,222.56226,,
604,2020-02-22,-1.8597742,0.4028143,13416.857,14200.918,15661.743,13200.918,14.955688,,,,,,0.16584204,224.26723,,
605,2020-02-23,-1.1147182,0.3995752,60878.016,3890.2866,69712.57,2890.2866,4.9113665,4.5168097e-05,2.1117057e-05,3.791559e-05,0.0001682161,24106.252,0.18637519,224.5563,0.033398353,349.3933
606,2020-02-24,-1.1722482,0.07697357,52932.742,4912.5464,60913.562,3912.5466,3.5353348,4.4803404e-05,2.4747567e-05,3.2562464e-05,0.00014361483,24124.555,0.18455136,222.50183,0.03409092,313.76578
607,2020-02-25,-0.748427,0.7548243,53953.938,4748.7495,61953.477,3748.7498,9.142714,0.00012551108,,2.2481996e-05,0.00016639529,22019.861,0.15991722,220.40799,0.03395494,571.90686
608,2020-02-26,-1.1153734,0.0048512053,45603.277,6122.0117,52514.15,5122.0117,3.9036922,9.3210976e-05,6.410562e-05,2.8414765e-05,0.00020344884,22003.035,0.17338522,219.61127,0.036450014,489.47668
609,2020-02-27,-0.7657938,0.73356915,63939.043,3454.075,73122.25,2454.0752,13.594832,5.714064e-05,,2.4516099e-05,0.00014996603,24080.053,0.18588224,218.73358,0.03662856,306.6086
610,2020-02-28,-1.9604727,0.1366059,52381.836,5073.2017,60265.043,4073.202,4.034235,4.2980184e-05,1.4746436e-05,2.7314147e-05,0.00012214726,24118.146,0.18285535,216.93355,0.03834876,496.1714
611,2020-02-29,-1.0848668,0.34419304,76898.2,2148.2402,87336.34,1161.8453,3.0737705,3.5254583e-05,3.3156205e-06,3.0997217e-05,0.00012662221,19217.5,0.18170628,219.66595,0.03702449,289.52808
612,2020-03-01,-0.629954,0.66201746,70185.31,2857.2554,79619.09,1875.3755,45.160667,8.997548e-05,,3.0435625e-05,0.00015899283,19200.723,0.17610326,223.9152,0.037189763,532.3772
613,2020-03-02,-1.2375696,0.08185441,46233.37,5967.8027,53220.445,4967.8027,4.5544906,6.4156644e-05,2.951835e-05,3.467418e-05,0.00015094121,22043.164,0.18266597,226.02087,0.038919438,885.93335
614,2020-03-03,-0.9086922,0.6598024,69639.17,3180.755,78499.695,2239.2136,10.202267,7.774802e-05,,3.2003358e-05,0.00015458724,22049.676,0.17491609,228.02295,0.03645491,306.1109
615,2020-03-04,-1.4759429,0.9745671,77310.69,2134.3164,87566.72,1134.3165,78.095726,0.00012070648,,3.139852e-05,0.0001507653,19217.025,0.17826,228.9719,0.03531971,867.4018
616,2020-03-05,-1.211557,0.54634404,54770.09,4922.97,62715.062,3922.9702,24.320045,5.5060365e-05,,3.6726065e-05,0.00015825825,22064.926,0.18126804,227.96884,0.036441296,505.06854
617,2020-03-06,-1.2191249,0.2638446,53146.453,5146.1064,60841.508,4146.1064,8.225027,6.346034e-05,3.3865326e-05,3.2555618e-05,0.00015078919,22062.889,0.15003052,226.68246,0.036421128,352.31476
618,2020-03-07,-0.60815626,0.99096394,80737.484,1772.2937,90832.74,837.5133,37.232513,6.1657054e-05,,3.4206394e-05,0.00014545326,22070.043,0.15969545,227.23276,,
619,2020-03-08,-0.73398846,0.98744106,89594.99,993.12,98664.09,212.54308,30.97367,8.274689e-05,,3.5749275e-05,0.00018669698,22095.518,0.19367534,226.77896,0.036772594,306.38107
620,2020-03-09,-1.6010394,0.8768633,75986.89,2310.992,86416.89,1310.9917,37.635494,5.515309e-05,,3.8603048e-05,0.00013718642,22096.373,0.2072599,226.72826,0.03340096,363.59372
621,2020-03-10,-1.1352332,0.79232955,75460.94,2331.1724,85764.31,1331.1724,33.695766,6.034755e-05,,3.901161e-05,0.00015868802,22074.86,0.18306065,225.74515,0.03520926,593.4471
622,2020-03-11,-1.0175729,0.7189544,80613.72,1711.9602,91389.86,716.87634,18.39426,5.8797774e-05,,3.6552447e-05,0.00015662005,22016.227,0.16586266,226.42084,0.032453325,632.23206
623,2020-03-12,-0.7605357,0.9427655,53265.492,4908.8545,61033.395,3908.8545,44.89439,,,,,,0.15735328,227.35089,0.035683803,679.01666
624,2020-03-13,-1.1045759,0.6915834,75670.71,2204.8472,86148.78,1204.8472,8.966185,5.549231e-05,1.6267455e-05,4.0138944e-05,0.00015501407,27520.398,0.18399113,227.74281,0.034201525,359.96252
625,2020-03-14,-1.2828486,0.5212274,70561.73,2749.509,80468.43,1749.509,8.217996,5.3152668e-05,8.235554e-06,3.803153e-05,0.00015742757,27585.965,0.20461668,229.51517,0.03349633,263.846
626,2020-03-15,-1.6323848,0.0,,,,,,6.2265506e-05,2.3852928e-05,3.8412578e-05,0.0001353461,24245.83,0.19983602,227.043,0.037139114,253.11879
627,2020-03-16,-1.2775548,0.30728242,33406.312,8327.904,38833.0,7327.9053,6.0071907,7.246698e-05,3.3808356e-05,4.1220355e-05,0.00015936588,19243.316,0.18434167,227.28789,0.040165465,223.23412
628,2020-03-17,-1.4223514,0.06854903,71882.17,2900.7847,81704.766,1900.7847,3.781915,6.6160195e-05,2.6926606e-05,3.923359e-05,0.00015764192,19254.652,0.1684472,228.22745,0.038054623,344.30658
629,2020-03-18,-1.2466481,0.62126756,75083.664,2622.3723,82810.72,1785.6368,6.6809015,6.8156645e-05,,3.6099198e-05,0.00013759764,16691.871,0.15723342,228.03088,0.03768283,1200.1453
630,2020-03-19,-1.1116738,0.6547472,63267.816,3893.3472,72013.9,2893.3472,7.3030024,8.204518e-05,2.8644014e-05,3.6078607e-05,0.00014750399,16687.67,0.15432239,227.77011,0.03679382,902.1357
631,2020-03-20,-1.980009,0.14504212,38234.92,7475.764,44174.305,6475.764,4.448868,5.59605e-05,1.3977951e-05,4.1762232e-05,0.00012937517,19249.623,0.16474591,227.51825,0.037497282,485.9092
632,2020-03-21,-1.203787,0.34095362,80939.26,1857.5037,91669.09,886.2478,6.8676634,5.2321542e-05,9.640683e-06,4.3437103e-05,0.00016106296,25777.65,0.17995876,228.3613,0.036447737,208.34271
633,2020-03-22,-1.4877408,0.10671121,75220.02,2476.689,85244.92,1516.7067,3.8341289,5.5627846e-05,9.259707e-06,4.6368143e-05,0.00016293352,24269.588,0.1868445,229.74759,0.036785446,184.20021
634,2020-03-23,-1.5406556,0.058358848,72736.805,2737.6687,83211.445,1737.6687,3.918174,5.6452183e-05,7.213849e-06,4.9238337e-05,0.00016483144,22169.379,0.20424363,229.40453,0.03991988,197.6832
635,2020-03-24,-1.5630178,0.07565123,71196.8,3039.381,80741.92,2049.9062,3.7076976,8.7495275e-05,4.8653863e-05,3.8841412e-05,0.00018964977,16712.178,0.16485049,228.06775,0.04093858,255.7572
636,2020-03-25,-1.842045,0.0020214184,59175.305,4389.449,67553.74,3389.4485,4.1836133,7.1520546e-05,2.959845e-05,4.19221e-05,0.00015056627,16710.64,0.16510737,226.4695,0.040250942,236.91971
637,2020-03-26,-1.372173,0.08018056,92152.195,936.0582,99111.62,266.82394,3.613613,7.447833e-05,2.983096e-05,4.4647364e-05,0.00019641059,16708.365,0.17541479,225.8894,0.0377247,229.20898
638,2020-03-27,-1.3867474,0.11726203,54660.312,5237.334,62452.812,4237.334,3.7215405,6.72382e-05,2.1007356e-05,4.6062603e-05,0.00016995479,19269.752,0.17281413,227.05249,0.038017485,469.39233
639,2020-03-28,-1.3179433,0.11229158,73155.016,2777.5137,83034.95,1777.5137,3.5051975,6.947149e-05,2.4894089e-05,4.4500543e-05,0.00016998537,22107.398,0.16980636,227.12347,0.040286295,457.9551
640,2020-03-29,-0.6808186,0.7440932,66912.17,3284.9778,76242.625,2284.9778,9.778709,7.833269e-05,,3.8222817e-05,0.00014138877,22078.898,0.17432055,226.20004,0.037524007,744.5642
641,2020-03-30,-1.0934296,0.16352509,69578.14,2944.906,79535.66,1944.9058,3.8472996,5.7054374e-05,1.0268452e-05,4.6268127e-05,0.00016847758,25920.324,0.1800856,227.85915,0.036063947,187.87221
642,2020-03-31,-2.1966531,0.21126182,61908.855,3805.5305,71124.38,2805.5305,4.4815035,8.6280954e-05,5.446345e-05,4.22679e-05,0.00015883181,22122.535,0.1693518,224.9283,0.038608044,292.17105
643,2020-04-01,-0.75103426,0.9493146,80396.94,1817.1265,91418.64,817.1263,83.48857,8.509159e-05,,3.4880657e-05,0.0001404529,19222.662,0.15374564,223.91106,0.036673483,448.0158
644,2020-04-02,-0.7873808,0.9967556,87275.766,1128.22,97788.24,219.57056,35.24784,5.337753e-05,,3.5203833e-05,0.0001398341,19209.44,0.14478502,224.40756,0.038124464,342.25253
645,2020-04-03,-1.4706862,0.49697566,74870.984,2280.8474,84966.64,1296.0469,15.108156,5.351008e-05,9.224859e-06,4.6045163e-05,0.00015172365,22038.379,0.14910126,225.98434,0.036374554,375.78833
646,2020-04-04,-1.2351032,0.55063736,70491.984,2827.5676,80430.586,1832.2506,20.213024,6.784394e-05,1.8787596e-05,4.567711e-05,0.00016786419,22111.986,0.1696788,226.34393,0.039208774,274.57373
647,2020-04-05,-1.9306148,0.1609203,83933.91,1649.0458,94067.555,720.4616,6.4337177,5.552327e-05,8.471261e-06,4.6335495e-05,0.00013086562,14426.675,0.15722981,226.70525,0.038159996,522.1791
648,2020-04-06,-1.4319472,0.039899353,99256.34,224.92285,99564.914,179.62772,5.296357,6.403965e-05,2.871787e-05,3.5321777e-05,0.0001537955,14426.891,0.13313612,222.62476,0.037752457,538.37866
649,2020-04-07,-1.5797787,0.04571453,99511.516,190.63385,99577.44,181.52003,5.299774,6.7916066e-05,3.4099307e-05,3.381676e-05,0.00015392838,14424.049,0.1368944,223.01927,0.040234096,418.5583
650,2020-04-08,-1.4849625,0.026215607,94386.13,689.99,98662.48,273.04315,5.209344,5.8327787e-05,1.9095103e-05,3.9232687e-05,0.00014755919,16699.908,0.15454364,222.23523,0.03913594,416.84952
651,2020-04-09,-0.94127375,0.8600593,64117.7,3728.1235,72909.85,2728.1235,32.297672,8.836557e-05,4.60163e-05,3.569483e-05,0.0001354909,16681.078,0.15573336,222.57098,0.037219387,1017.0073
652,2020-04-10,-1.7987761,0.24277294,77994.77,2141.628,87825.1,1210.1909,8.120932,6.0162627e-05,2.2489301e-05,4.053594e-05,0.00012553981,19247.072,0.15723623,222.4209,0.038149737,391.89923
653,2020-04-11,-1.2766011,0.035089638,99589.18,182.21078,99589.18,180.25241,5.374726,6.076733e-05,1.7046994e-05,4.3720338e-05,0.00016701772,16696.91,0.14262062,223.94226,0.039752476,253.05576
654,2020-04-12,-1.3468661,0.53697133,53563.3,5027.8335,61304.277,4027.8335,15.540546,6.638875e-05,,4.638418e-05,0.0001524477,15553.836,0.13844903,224.74835,0.0412627,772.4092
655,2020-04-13,-1.0878768,0.74628854,63053.664,3745.3572,71817.61,2745.3574,29.680347,7.7335935e-05,,4.1762705e-05,0.00014702941,16665.55,0.13572218,227.4324,0.040698804,1117.5574
656,2020-04-14,-1.3092387,0.49084967,71358.08,2674.8887,81412.984,1680.4714,16.044111,6.7780726e-05,2.4336272e-05,5.0389186e-05,0.00017852569,19217.25,0.14137748,227.229,0.037951168,527.0624
657,2020-04-15,-0.59281194,0.9121336,90828.25,847.13873,98322.31,213.16098,59.251987,5.3817148e-05,,3.205104e-05,0.00014049481,16673.098,0.15043843,225.75208,0.03843849,821.3745
658,2020-04-16,-1.7791843,0.6977816,79178.65,1891.4264,89715.65,894.2033,18.340626,5.4247987e-05,1.8478524e-05,3.7723672e-05,0.0001202337,16666.053,0.14957014,226.52338,0.038614977,602.6724
659,2020-04-17,-1.4676383,0.5524826,69583.555,2959.7593,78774.85,2009.7292,36.427402,6.139756e-05,1.555074e-05,4.5411267e-05,0.0001597766,22074.227,0.1536699,226.9812,0.03245744,414.34613
660,2020-04-18,-1.0700239,0.6836246,71270.14,2770.5466,81266.14,1770.8585,27.880173,5.6858913e-05,,4.091964e-05,0.00013681233,22098.285,0.15872325,226.9256,0.0379342,262.2353
661,2020-04-19,-1.2361692,0.57417214,82558.09,1659.731,92638.19,748.13055,20.129322,6.323005e-05,1.727898e-05,4.1101062e-05,0.00015114261,22101.334,0.17310311,227.07996,0.035639197,473.2277
662,2020-04-20,-1.1018953,0.59151596,76503.99,2295.8298,86906.53,1310.0139,22.991467,8.363788e-05,2.101047e-05,3.3974335e-05,0.00013849593,19255.75,0.15035923,226.31421,0.03802318,386.12115
663,2020-04-21,-1.9406164,0.22212866,72752.21,2803.6375,82306.45,1831.0438,7.904806,6.831925e-05,3.0367353e-05,3.634038e-05,0.00012282944,16697.62,0.15502007,226.82272,0.03753491,659.73096
664,2020-04-22,-1.3251264,0.022845382,99523.14,180.43561,99523.14,180.43561,5.402812,7.270438e-05,3.1162832e-05,4.154155e-05,0.0001585563,19257.89,0.15716591,226.14453,0.037001505,697.2627
665,2020-04-23,-1.7148993,0.0987082,62559.797,4872.439,66220.414,4259.166,7.61341,7.49258e-05,2.939138e-05,4.6859186e-05,0.00016246311,19240.918,0.16907963,226.85219,0.03434014,781.4053
666,2020-04-24,-1.2586493,0.41569066,54423.215,4963.573,61967.188,3982.1455,18.653816,6.2211635e-05,1.8449231e-05,4.8813672e-05,0.00015013156,19218.729,0.17286327,228.32713,0.03378696,626.7223
667,2020-04-25,-1.2250041,0.7744653,73821.516,2418.6477,83845.63,1418.6478,26.44117,5.2720992e-05,,4.86243e-05,0.00014899523,24106.887,0.1634284,229.88358,0.032944363,792.9819
668,2020-04-26,-1.4666605,0.5286961,72679.27,2550.1104,82813.83,1550.1102,14.095752,6.5294495e-05,1.7969409e-05,4.6483914e-05,0.00013065606,22063.594,0.16799065,230.41135,0.037993085,578.08923
669,2020-04-27,-1.2813568,0.08456984,71003.37,2900.5142,80392.62,1931.4147,6.684801,8.181864e-05,3.3315777e-05,4.8257854e-05,0.00018696586,19225.617,0.15693814,229.08954,0.035531983,659.84814
670,2020-04-28,-0.6844146,0.86454177,63448.625,3685.3389,72291.64,2685.3389,48.718113,7.309238e-05,,4.6700992e-05,0.00015232072,19208.582,0.15364757,230.07388,0.035241693,883.6122
671,2020-04-29,-1.3970988,0.5650891,62557.33,3791.8657,71202.516,2791.9004,20.541159,7.8237616e-05,3.576194e-05,4.8904978e-05,0.00016267927,19214.8,0.1566248,230.232,0.036124945,825.3008
672,2020-04-30,-1.561158,0.01580491,59664.266,5751.9272,61498.15,5244.529,7.1292777,7.793926e-05,2.7651222e-05,5.0196042e-05,0.00018570271,19226.375,0.16039923,229.91449,0.035163216,615.4125
673,2020-05-01,-1.6368278,0.06506619,41811.914,6843.3726,48125.383,5843.373,4.960152,7.506102e-05,2.05031e-05,5.4557924e-05,0.0001761526,19224.605,0.16267434,231.08597,0.036560487,774.2246
674,2020-05-02,-0.75141037,1.0,71186.33,2795.096,80758.92,1795.096,53.65613,8.699317e-05,,4.9299102e-05,0.00013897136,19209.625,0.16602057,230.04025,0.035484843,1456.1102
675,2020-05-03,-1.5360115,0.42230678,68246.1,3235.2146,76796.555,2296.505,20.136,6.5732325e-05,7.4974582e-06,5.6337085e-05,0.00017505203,22074.2,0.15848878,230.32918,0.03529547,904.3645
676,2020-05-04,-1.6034327,0.2789184,48357.906,5835.4375,55477.195,4835.4375,11.562899,6.8576366e-05,2.3402989e-05,5.58393e-05,0.00017156726,22094.451,0.16716453,230.83026,0.033986516,1062.429
677,2020-05-05,-1.6787884,0.43136892,71797.79,2795.0073,81547.78,1795.0076,16.913034,7.6542885e-05,7.709498e-06,5.5384946e-05,0.0001775746,22076.295,0.17873205,231.02356,0.034440234,780.772
678,2020-05-06,-1.2144635,0.7323133,63176.367,3773.1738,71909.125,2773.174,38.11254,8.236631e-05,,5.150507e-05,0.00017345298,22060.27,0.17641723,231.36505,0.035523877,1234.0963
679,2020-05-07,-1.4919075,0.007516317,72965.98,2603.437,82875.72,1605.6033,4.8212514,7.66236e-05,2.1915632e-05,5.470797e-05,0.00015439616,19225.027,0.17695735,231.19035,0.033262663,438.19278
680,2020-05-08,-1.4709575,0.016036171,89086.81,1181.9609,92617.164,815.5253,7.4816847,7.815011e-05,2.1629181e-05,5.6873272e-05,0.00019326303,19237.207,0.15878655,230.75299,0.03498482,741.2771
681,2020-05-09,-1.2853528,0.43996513,75278.31,2415.03,85332.0,1417.0881,25.797834,7.21191e-05,,5.6183773e-05,0.0001716431,19229.945,0.16382475,231.39856,0.036593236,766.2838
682,2020-05-10,-1.5359309,0.03637053,93508.19,682.40906,97637.65,308.14026,5.4550495,7.6875454e-05,1.6875207e-05,6.0000246e-05,0.00018499431,19227.8,0.16862217,231.75076,0.035215613,739.48535
683,2020-05-11,-1.8385646,0.39863056,50906.023,5588.46,58088.46,4592.4775,18.962208,7.2314244e-05,2.5075571e-05,5.1016665e-05,0.00017038401,16664.777,0.15610577,230.52902,0.035310853,1871.0815
684,2020-05-12,-1.5701246,0.544116,63729.906,3550.5608,72418.47,2550.5605,10.421057,6.439301e-05,8.793479e-06,5.6370343e-05,0.0001408715,22060.71,0.15718265,232.27603,0.032044336,436.26312
685,2020-05-13,-1.6784837,0.4655708,65798.88,3621.866,73895.555,2711.4048,15.347725,8.3302584e-05,3.532411e-05,5.3766184e-05,0.00019484828,24163.936,0.16877618,231.84607,0.030818967,822.1548
686,2020-05-14,-1.460069,0.44880563,74616.5,2455.1396,84738.33,1466.1473,18.369726,7.337272e-05,1.3637566e-05,5.632807e-05,0.00018025539,22088.61,0.16818064,232.45375,0.032016136,383.48145
687,2020-05-15,-1.709682,0.122471295,74825.2,2540.9563,82517.016,1740.56,9.988199,7.334349e-05,2.029103e-05,5.413648e-05,0.00017654107,19231.479,0.15885288,232.98381,0.03334241,560.3434
688,2020-05-16,-1.6444162,0.6971332,73103.65,2615.8647,82414.35,1671.5271,47.045204,7.0416885e-05,1.1022088e-05,5.730176e-05,0.00017277851,22084.441,0.15576237,232.73642,0.032603376,815.34814
689,2020-05-17,-1.2552166,0.6075204,63921.023,3772.225,72818.57,2774.5854,34.31023,6.949531e-05,,5.704892e-05,0.00017887542,22086.71,0.16314603,233.88152,0.03337617,972.1123
690,2020-05-18,-1.9857928,0.30108437,70525.34,2866.9812,80239.195,1867.3147,24.98072,7.857381e-05,1.9811867e-05,6.029709e-05,0.00015997751,22086.85,0.16966537,233.63492,0.03188002,948.56714
691,2020-05-19,-1.0827367,0.593151,86620.28,1298.8478,95446.41,502.5397,25.51284,7.484473e-05,,5.331605e-05,0.00018264895,19227.281,0.16194075,233.02753,0.03365982,896.6797
692,2020-05-20,-1.7020025,0.2166833,72667.39,2697.9558,82460.86,1713.3767,9.91629,7.3150215e-05,1.6217935e-05,6.124053e-05,0.00018493045,22099.186,0.16694768,233.49059,0.03367348,507.54297
693,2020-05-21,-1.5140955,0.6406459,68192.5,3191.817,77721.21,2195.8086,18.464756,8.233053e-05,,6.0054033e-05,0.0001812659,24193.887,0.17523062,233.0237,0.0329483,878.1265
694,2020-05-22,-1.2369468,0.65354836,82802.86,1672.0273,93549.66,701.6073,32.64632,7.106869e-05,7.4994955e-06,5.3777174e-05,0.00017437471,22117.094,0.17475207,232.50029,0.032610394,680.91046
695,2020-05-23,-1.5887623,0.0,,,,,,8.013404e-05,2.4410305e-05,5.572374e-05,0.00015322148,16693.18,0.15842026,232.88824,0.03396951,482.6038
696,2020-05-24,-0.951337,0.8822742,55208.64,4857.9673,63108.54,3857.9673,81.282295,0.00010882712,,5.617764e-05,0.00018075708,20678.559,0.16166607,233.32062,,
697,2020-05-25,-1.809726,0.16710961,90197.25,1069.3524,95201.07,588.92017,15.459336,7.3353454e-05,8.209691e-06,6.7995745e-05,0.00019304999,24220.646,0.1694116,233.64964,0.03191752,944.61926
698,2020-05-26,-1.623434,0.47543687,71158.625,2994.5278,80468.375,2021.559,25.55709,7.089686e-05,6.6147118e-06,6.119035e-05,0.00017772891,22146.457,0.1612919,232.68213,0.03215298,1376.4644
699,2020-05-27,-2.0077333,0.25992322,69083.34,3376.7847,76663.41,2515.6484,11.384552,7.418629e-05,1.4663617e-05,5.9642865e-05,0.00018460755,19259.79,0.15565762,232.75882,0.031780567,1063.1527
700,2020-05-28,-1.967664,0.304733,83391.945,1740.9822,90900.93,998.1367,8.877767,7.38006e-05,2.0507538e-05,5.6824767e-05,0.00014668122,19251.377,0.15356413,232.35335,0.031711865,1185.1179
701,2020-05-29,-1.4380493,0.45432746,65962.875,3543.5986,75035.97,2543.5989,18.637438,7.12544e-05,4.633808e-06,5.9014405e-05,0.00018986531,19244.674,0.16296017,232.59258,0.02956139,564.0288
702,2020-05-30,-0.8907318,0.9742118,63569.1,3803.8813,72219.2,2803.8813,65.0063,6.8258785e-05,,5.562007e-05,0.00016147751,16680.666,0.14548166,232.4622,0.02795016,1365.713
703,2020-05-31,-1.5461664,0.02831968,90848.11,939.7852,96234.93,437.64597,5.9650674,7.112196e-05,7.745781e-06,6.3221836e-05,0.0001802475,19234.145,0.14783737,235.06937,0.031753466,879.7152
704,2020-06-01,-1.5791869,0.06611481,94416.21,642.45233,97615.19,344.9517,5.821877,7.9466576e-05,1.644873e-05,6.326117e-05,0.00019453096,22108.432,0.15859824,234.54456,0.03048427,606.3346
705,2020-06-02,-1.7019498,0.23934463,80521.766,1950.5869,87944.875,1207.8425,9.532086,8.210416e-05,2.131844e-05,6.024293e-05,0.00020557447,22084.021,0.15778908,236.1166,0.03223466,1033.3339
706,2020-06-03,-1.9874736,0.29369256,80748.11,1848.4766,89072.164,1039.0292,6.8131742,7.611972e-05,1.3019113e-05,6.400779e-05,0.00016133247,22063.709,0.16165002,234.67395,0.029231286,960.8189
707,2020-06-04,-1.5777458,0.32005394,65359.164,3523.5317,73845.86,2564.383,14.559233,7.6111624e-05,3.484141e-06,6.72865e-05,0.0001961315,24113.69,0.16588786,234.73282,0.029196944,1217.5526
708,2020-06-05,-1.599404,0.016245948,16184.098,13088.576,18886.797,12088.576,11.017092,8.640131e-05,2.413235e-05,6.188327e-05,0.00019421853,19203.484,0.15245691,235.66571,0.032045618,1107.7013
709,2020-06-06,-1.8725358,0.23985365,77000.89,2278.1936,83994.33,1526.4373,9.082413,7.911954e-05,1.941379e-05,5.7307967e-05,0.00018492057,16671.951,0.1462403,234.84866,0.030702954,1192.7363
710,2020-06-07,-1.4855165,0.42804316,56026.156,5208.104,63712.11,4208.104,10.388203,7.4709766e-05,1.8732393e-05,5.5900695e-05,0.00017992221,16679.285,0.14522293,234.13278,0.028874436,2048.0642
711,2020-06-08,-1.8086607,0.007861199,78773.14,2189.6348,85329.125,1476.5002,4.713979,8.083544e-05,2.0126052e-05,6.070691e-05,0.00015829573,16677.156,0.1478665,234.99448,0.028139008,2253.175
712,2020-06-09,-1.469148,0.48742494,47351.91,7327.1094,52817.812,6414.1367,62.33607,7.753804e-05,2.6455615e-05,5.6659548e-05,0.00018436683,16681.762,0.14970484,234.58492,0.029055309,2380.3098
713,2020-06-10,-1.6356211,0.19765249,96396.67,431.21646,98251.06,256.6482,7.5366282,7.559282e-05,1.4310606e-05,5.946178e-05,0.00019255924,16679.31,0.14684647,233.54797,0.03217377,2328.3916
714,2020-06-11,-1.5212569,0.0607026,72441.22,3450.7366,75967.33,2928.479,5.885349,7.419426e-05,1.18266025e-05,6.189002e-05,0.00018105215,15550.682,0.14421558,234.39188,0.030681483,2453.2798
715,2020-06-12,-1.5909781,0.589609,56022.773,4934.9243,63222.445,3972.2864,50.872597,9.52533e-05,2.2768569e-05,5.7983034e-05,0.00019555328,14415.951,0.13658798,234.41266,0.032600716,2462.312
716,2020-06-13,-1.4497013,0.87969863,87933.945,1210.3032,98256.625,272.84116,12.812527,6.588564e-05,,5.991123e-05,0.00014327608,16685.229,0.14255767,234.07574,0.029365122,1388.0521
717,2020-06-14,-0.7895259,0.84783065,83193.06,1748.0059,91841.586,920.6722,55.25512,7.263904e-05,,5.6259167e-05,0.0001985885,16682.922,0.15732598,234.91925,,
718,2020-06-15,-0.6872613,0.77129436,76668.55,2334.0737,86577.51,1337.8622,65.99317,8.40955e-05,,5.5974087e-05,0.00018656121,16681.61,0.13944161,234.39043,0.029826406,1416.9517
719,2020-06-16,-1.4742539,0.3407191,72618.484,3107.2908,77517.52,2476.747,21.018692,8.568488e-05,2.5647161e-05,5.5954177e-05,0.00018202045,14416.4,0.13406833,235.2685,0.03046611,2214.4878
720,2020-06-17,-1.7065341,0.19032109,69490.87,3380.9697,76249.94,2571.3496,8.752031,8.164976e-05,2.0454463e-05,6.1003375e-05,0.00019704852,15548.15,0.13750967,235.7378,0.030414224,2524.8232
721,2020-06-18,-1.5899267,0.16047129,83651.34,1750.0461,88583.43,1212.4261,8.225718,7.917987e-05,1.8725972e-05,6.0957063e-05,0.00020397664,16680.371,0.13821954,236.7751,0.029524647,2395.0398
722,2020-06-19,-1.9508715,0.11894847,79396.16,2174.6084,86593.59,1417.4578,6.4862823,8.392358e-05,2.2975404e-05,6.237141e-05,0.00016660956,16681.021,0.13907549,235.71715,0.030305285,2462.344
723,2020-06-20,-1.725904,0.23894538,62249.273,4341.783,67676.19,3577.0781,9.788523,8.572309e-05,2.2217617e-05,6.248194e-05,0.00020037702,16680.18,0.13874081,235.50626,0.030684143,2736.086
724,2020-06-21,-0.9766618,0.67661536,90831.73,929.1749,99142.22,180.39948,37.09444,7.413321e-05,,5.703164e-05,0.00019216156,16681.172,0.13993932,234.83754,0.033107564,1879.6838
725,2020-06-22,-1.5379969,0.55866486,78819.805,2160.9502,88774.734,1173.7542,16.20832,7.610499e-05,,6.149546e-05,0.00017008327,16682.16,0.14168113,235.98764,0.030853938,1708.1035
726,2020-06-23,-1.7230347,0.3742712,48664.02,6856.528,53715.805,5994.6943,24.174551,8.070782e-05,1.800467e-05,5.9210433e-05,0.00019002543,16685.836,0.13937122,235.59134,0.029733095,2652.5825
727,2020-06-24,-1.9923438,0.10888594,87982.516,1311.353,94213.64,690.5143,5.322531,7.915498e-05,1.8277611e-05,6.1119994e-05,0.00015846478,16693.82,0.14420664,235.87697,0.028858447,1355.2286
728,2020-06-25,-1.861887,0.0,,,,,,9.001554e-05,2.7527773e-05,6.248777e-05,0.00020889078,16697.871,0.1414632,234.42046,0.031131908,1273.6031
729,2020-06-26,-1.8540716,0.19599141,72391.164,3087.7542,79147.47,2295.5085,12.373696,7.876237e-05,1.5353418e-05,6.1160594e-05,0.0001849655,16694.531,0.13913955,233.51921,0.032653168,1565.0662
730,2020-06-27,-1.8509972,0.12294502,58597.363,5002.9243,64052.273,4202.1416,7.4639516,8.564285e-05,2.3565004e-05,6.0939063e-05,0.00019677712,16683.21,0.14231847,235.82333,0.030777704,2235.5486
731,2020-06-28,-1.9769965,0.21922514,90721.05,984.2859,94490.3,607.0498,7.795952,8.796657e-05,3.0198731e-05,5.453401e-05,0.00021839974,16676.855,0.14150518,235.91634,0.031196315,1986.7244
732,2020-06-29,-2.1686933,0.18597972,91594.21,872.1009,95761.74,467.21494,5.901887,8.2703365e-05,2.405824e-05,6.131078e-05,0.00016424623,14413.269,0.13638932,236.0094,0.029470557,2202.6953
733,2020-06-30,-1.5615126,0.17635795,74749.62,2539.8757,82695.484,1687.9645,8.451872,7.772385e-05,1.6515925e-05,6.240937e-05,0.00020556475,16672.117,0.14490509,236.02367,0.028104326,1278.7134
734,2020-07-01,-1.8959718,0.41982514,75614.945,2413.6729,84695.92,1479.5593,19.321718,7.525009e-05,1.5032225e-05,5.9715647e-05,0.00018224673,16673.764,0.14503169,236.5047,0.028436275,1545.3328
735,2020-07-02,-1.8538718,0.24154747,86535.5,1372.9705,92403.58,788.47565,9.725958,8.19157e-05,1.9135494e-05,5.878256e-05,0.0001952081,14412.597,0.14478917,237.04669,0.026927274,2102.9355
736,2020-07-03,-1.7537187,0.41506225,52409.977,5539.131,58968.684,4595.7104,17.721443,8.802218e-05,1.9452098e-05,6.14848e-05,0.0001997335,16679.7,0.14807945,236.27386,0.02554863,2109.1777
737,2020-07-04,-1.7114837,0.05224994,96958.266,397.1417,98342.086,265.681,5.730122,7.445438e-05,1.1196678e-05,6.323489e-05,0.00019891794,16684.258,0.14489901,237.0498,0.028201396,1668.0336
738,2020-07-05,-1.5877078,0.6753688,77502.16,2240.2864,87334.04,1255.451,12.841851,7.147077e-05,,5.3038926e-05,0.00014289701,14414.178,0.13903679,235.29565,0.027342966,2167.8171
739,2020-07-06,-0.87196076,0.89614546,69592.33,3168.099,78685.44,2168.099,81.435524,7.408116e-05,,5.574621e-05,0.00016881252,14411.789,0.13139541,236.21436,0.025873892,1853.9183
740,2020-07-07,-1.3314594,0.7787456,52427.285,5246.255,59768.453,4246.255,22.799332,8.702161e-05,,5.9028243e-05,0.00017235358,19223.959,0.14168778,236.86493,,
741,2020-07-08,-1.0020351,0.622209,67283.19,3329.5425,76091.25,2356.5708,28.064184,7.628939e-05,1.0612213e-05,6.694654e-05,0.00019100355,22080.236,0.15299523,237.05046,0.0253453,1338.459
742,2020-07-09,-1.5817811,0.49011648,70422.11,3055.9744,79181.836,2117.4343,13.267246,7.553199e-05,1.3149573e-05,6.662807e-05,0.00020084347,22096.883,0.15961953,235.95998,0.025435291,1224.9369
743,2020-07-10,-1.0959905,0.983882,77895.375,2175.7827,88125.33,1175.7828,21.035187,7.431992e-05,,5.772776e-05,0.00014323936,16678.09,0.1444691,236.2811,0.025603903,2027.1163
744,2020-07-11,-1.4114513,0.46995115,59352.625,4459.749,67084.78,3483.6843,25.415274,7.688496e-05,,5.851687e-05,0.0001869326,16685.518,0.13761261,235.52432,0.0272502,1202.6157
745,2020-07-12,-1.7200155,0.4148082,59278.36,4511.617,67350.48,3517.2861,12.910688,7.762153e-05,6.9952634e-06,6.3538144e-05,0.00018260666,19245.027,0.1447224,236.56421,0.029164445,811.32605
746,2020-07-13,-1.68503,0.45046067,81793.68,1865.52,91185.375,965.00024,8.896399,7.5194665e-05,9.902115e-06,6.366082e-05,0.00018911585,19241.098,0.15573522,235.94876,0.025311412,969.1297
747,2020-07-14,-1.6312954,0.39785045,88907.16,1170.8108,98278.53,301.4401,9.966139,7.532127e-05,1.2650665e-05,6.388852e-05,0.0001969347,19238.664,0.15087461,235.45897,0.026918482,1121.0933
748,2020-07-15,-2.2278206,0.24338165,57544.395,4941.7393,65177.426,3955.6086,8.118828,7.415783e-05,7.39969e-06,6.7230954e-05,0.0001544902,16681.775,0.14759195,235.91376,0.028253432,1815.8732
749,2020-07-16,-1.6760747,0.11646954,86346.234,1390.6492,94162.77,642.66504,5.7941732,8.5227424e-05,1.6405895e-05,6.882154e-05,0.00021839462,19227.342,0.14786789,234.85394,0.02619467,1266.9258
750,2020-07-17,-1.7839195,0.15586396,85822.72,1492.8146,94615.56,644.5121,9.240965,7.790745e-05,1.3617732e-05,6.414394e-05,0.00019133536,19236.852,0.14448288,236.71358,0.02545525,1317.4672
751,2020-07-18,-2.0130997,0.089603126,87990.59,1313.6732,96334.75,519.1782,8.286449,7.352711e-05,6.361757e-06,6.696318e-05,0.00018843569,19245.953,0.14576975,240.56409,0.02647281,1269.699
752,2020-07-19,-2.088562,0.3159321,48163.9,6278.756,54898.297,5278.756,8.4460945,7.4067975e-05,1.0513873e-05,6.487704e-05,0.00018004622,19242.564,0.14014679,235.5439,0.028384568,2049.4985
753,2020-07-20,-1.9247702,0.13009217,74026.63,2841.103,81988.07,1962.5559,9.06209,8.055901e-05,1.5426092e-05,6.566581e-05,0.00021078644,19233.285,0.14586605,236.40598,0.02670054,1924.9062
754,2020-07-21,-1.7571477,0.8917662,78421.44,2180.206,88414.62,1180.206,9.797011,7.174227e-05,,6.364715e-05,0.0001559405,19229.008,0.14403598,235.95245,0.029042298,1440.5548
755,2020-07-22,-2.0585442,0.5466257,70435.25,3122.1384,78549.67,2217.1824,12.811235,7.7007775e-05,1.0598991e-05,6.603837e-05,0.00019581962,22083.88,0.15404654,236.66263,0.024967656,1758.2864
756,2020-07-23,-1.9290168,0.669302,73786.28,2691.7065,82742.88,1754.269,12.871971,7.7690864e-05,1.27931235e-05,6.279988e-05,0.0001876363,22081.96,0.15076248,237.0905,0.029423106,1351.1848
757,2020-07-24,-1.8237803,0.2917078,74302.64,2665.5352,83648.375,1688.6255,6.109296,7.761267e-05,1.0108863e-05,6.342924e-05,0.00018672884,19228.666,0.14568979,236.83023,0.026247064,1154.8315
758,2020-07-25,-1.8986768,0.44378257,80862.55,1937.2073,90202.53,1013.70355,7.7450156,7.605202e-05,1.5135079e-05,6.0467275e-05,0.00019344884,16678.064,0.14709872,236.25461,0.027868185,1693.1995
759,2020-07-26,-2.3686876,0.4607736,50005.67,6047.103,56638.598,5069.9956,6.232204,7.7658224e-05,1.1413828e-05,5.8409667e-05,0.0001474706,16684.54,0.14150171,236.70505,0.026071018,1959.3347
760,2020-07-27,-1.9336166,0.36047745,72288.234,2968.2837,80984.78,2021.4823,8.365406,8.0751175e-05,1.9140874e-05,6.045014e-05,0.00019781654,16684.502,0.14238632,235.59555,0.029199414,1965.3423
761,2020-07-28,-1.7998551,0.6096682,58232.03,4691.4893,65976.53,3691.4893,13.298181,8.277746e-05,2.4832096e-05,5.5814537e-05,0.0001745459,16681.586,0.13842708,236.16763,0.028455555,2515.716
762,2020-07-29,-1.7589388,0.41589612,75861.67,2673.834,84700.35,1738.1289,7.0305076,7.468271e-05,1.25924e-05,6.229378e-05,0.00018957802,17973.223,0.14528373,236.17705,0.028018657,1451.13
763,2020-07-30,-1.8975561,0.734751,74900.72,2577.3933,84021.52,1622.1368,13.468978,6.92312e-05,1.1565691e-05,6.029721e-05,0.00018234595,22090.816,0.15047488,235.39893,0.027010104,1274.3411
764,2020-07-31,-1.3846669,0.98840743,73653.36,2715.5315,83271.5,1715.5316,19.735949,6.542294e-05,,5.9193415e-05,0.00014118319,22075.6,0.1502327,235.44165,0.02710666,1798.2375
765,2020-08-01,-2.6100852,0.24006324,72820.734,2764.8542,82689.35,1764.8542,4.0753174,7.825321e-05,1.38383975e-05,6.1374805e-05,0.00016887505,19222.541,0.15430978,235.72322,,
766,2020-08-02,-1.8825316,0.047965854,71576.82,3138.7651,80166.69,2190.582,4.1943307,7.626402e-05,1.4734755e-05,6.154973e-05,0.00018822443,16683.066,0.1365946,236.68338,0.02714454,1208.6685
767,2020-08-03,-1.8318603,0.64455366,50786.062,5750.6587,57757.848,4750.6587,6.4501095,7.964907e-05,1.4339009e-05,5.9530215e-05,0.00017709075,16679.457,0.1388129,236.13138,0.02722067,1914.846
768,2020-08-04,-1.2033216,0.974196,60221.484,4359.4966,68228.266,3359.4966,16.845306,0.00010593742,,5.441119e-05,0.00018089157,14413.613,0.13814802,236.18146,0.030130286,1988.4164
769,2020-08-05,-1.8714994,0.52668476,87909.41,1298.9895,96947.016,441.90448,6.3233166,7.2069175e-05,2.0721163e-05,5.6611963e-05,0.00019905675,15553.066,0.14326507,235.2514,0.02845465,1292.1802
770,2020-08-06,-1.9206576,0.0,,,,,,7.8480014e-05,2.1377888e-05,5.7102126e-05,0.00015685649,14422.519,0.13744979,234.26712,0.0280186,1397.7213
771,2020-08-07,-1.720227,0.15641665,91206.16,1050.7744,100138.125,216.70038,11.836056,7.751658e-05,2.213602e-05,5.538056e-05,0.00018515313,16697.764,0.13322565,234.8901,0.027286192,1970.9324
772,2020-08-08,-2.001938,0.20808856,90972.43,1061.7579,98198.6,374.54883,8.347299,6.9890055e-05,1.5996517e-05,5.406674e-05,0.0001774571,16694.23,0.1344321,234.95638,0.028372508,1975.7229
773,2020-08-09,-1.9477915,0.41568485,75914.17,2606.739,84650.48,1683.1852,7.361383,6.7277724e-05,1.189333e-05,5.4676326e-05,0.0001699636,19245.648,0.13129279,234.68109,0.025920656,2421.0269
774,2020-08-10,-1.8866813,0.26594797,86707.72,1440.0776,94943.55,637.77167,6.7841606,6.92029e-05,1.2089455e-05,5.532449e-05,0.0001843017,16687.656,0.13021988,234.57431,0.028897705,2178.1733
775,2020-08-11,-1.949225,0.0055407784,57459.1,4772.6875,65235.53,3772.6877,5.1686215,7.270485e-05,1.577688e-05,5.6927962e-05,0.00014849368,16689.584,0.13350573,235.04895,0.029818403,1400.6035
776,2020-08-12,-1.4017162,0.79503065,81317.02,1964.9856,91581.0,965.44525,10.9409485,7.604869e-05,,5.3542237e-05,0.00018861162,16691.773,0.13585779,234.88483,0.030369021,888.3087
777,2020-08-13,-1.7080166,0.37929317,86256.53,1440.5468,96061.664,518.87994,7.1344366,7.905842e-05,1.4852851e-05,5.8680882e-05,0.00019547089,17965.223,0.13634764,235.90924,0.03196621,1334.7063
778,2020-08-14,-2.1220987,0.18931264,70982.73,3192.1282,79377.28,2260.75,5.05159,8.337917e-05,2.2772285e-05,5.928702e-05,0.0001918973,16687.398,0.13180342,235.80045,0.029226094,1813.1514
779,2020-08-15,-1.7496521,0.33911365,81825.016,1919.6682,90754.52,1032.899,5.7529716,7.317242e-05,1.2680892e-05,6.022235e-05,0.00019132014,16686.787,0.132875,235.08575,0.029977638,1610.6232
780,2020-08-16,-2.0512762,0.048264254,88928.78,1217.561,95765.8,552.98566,6.481268,7.902407e-05,1.9221156e-05,5.9912087e-05,0.00016469431,13051.811,0.13301021,234.8523,0.031098804,1605.3358
781,2020-08-17,-1.6152112,0.21369666,79144.59,2197.919,87631.05,1326.1855,6.2702737,8.150957e-05,2.1363167e-05,5.9664446e-05,0.00021319225,14416.398,0.13286105,234.23152,0.032246307,1446.4949
782,2020-08-18,-1.6331298,0.87305605,54818.312,5081.5645,62241.676,4081.5645,12.170487,7.106051e-05,,5.656445e-05,0.00017440281,16677.836,0.13377497,235.0833,0.030886546,2506.588
783,2020-08-19,-0.86363107,0.99691534,81148.234,1887.6104,91205.26,893.2003,20.716455,6.985951e-05,,5.31674e-05,0.00017905695,16673.664,0.1349149,235.31053,0.029490657,2137.809
784,2020-08-20,-0.9685023,0.9999624,81150.27,1938.2311,90574.32,1000.09906,19.592783,6.872992e-05,,5.166603e-05,0.0001800491,16679.47,0.13646802,234.03386,0.030508501,2333.7573
785,2020-08-21,-2.0339248,0.5124618,86377.17,1428.5374,95869.5,521.74805,6.461428,7.1305665e-05,2.6906553e-05,5.1685216e-05,0.00019216255,14417.23,0.12912758,234.4891,0.029900156,2172.995
786,2020-08-22,-2.4323368,0.024467168,69285.484,3351.5515,77293.5,2440.4307,7.7580986,7.213689e-05,1.9635068e-05,5.250722e-05,0.00014997582,14417.547,0.11914604,234.10664,0.0275566,2412.6372
787,2020-08-23,-1.6519352,0.7759298,57459.76,4798.3945,64847.184,3820.0767,8.453287,8.6849526e-05,1.9308856e-05,5.0671035e-05,0.00017928818,14414.646,0.124657035,234.48636,0.029458342,2279.8896
788,2020-08-24,-1.6825316,0.45971018,75631.625,2529.4453,84548.81,1599.8029,7.7736263,6.902715e-05,1.5401969e-05,5.4281216e-05,0.00018255648,19226.031,0.1294972,234.76917,0.028486501,1454.1497
789,2020-08-25,-1.3445784,0.88586116,45600.992,6532.2593,52067.0,5532.2593,14.231034,6.366366e-05,,5.6721583e-05,0.0001687225,19222.773,0.13412559,234.06387,0.028862804,1042.3994
790,2020-08-26,,,,,,,,,,,,,,,,
791,2020-08-27,-2.2474363,0.78324366,73257.41,2680.6064,82401.69,1706.4181,10.665932,8.157294e-05,2.4696115e-05,5.2136154e-05,0.00016267938,19203.35,0.13775305,233.89905,0.025638562,2150.3582
792,2020-08-28,-1.5826344,0.41614553,83979.56,1589.5068,93890.2,639.5326,7.264351,7.1120434e-05,1.0518026e-05,5.6321413e-05,0.00019646829,19222.021,0.13831432,234.03397,0.02881802,1057.9916
793,2020-08-29,-1.0415162,1.0,59233.07,4448.8413,67084.19,3448.8408,29.167423,9.998627e-05,,4.857436e-05,0.0001632534,14413.236,0.13108437,234.09482,0.029683733,2364.0845
794,2020-08-30,-0.96435934,0.99765444,55636.76,4982.912,63040.58,3982.912,44.951866,0.00011279688,,4.808998e-05,0.00016425247,14414.344,0.12839445,233.64517,,
795,2020-08-31,-0.46708375,1.0,90245.78,952.88116,98468.8,181.16536,52.750427,7.000749e-05,,4.855712e-05,0.00019428378,16673.168,0.13272104,232.86096,0.027756855,2109.6526
796,2020-09-01,-1.574541,0.9999036,72592.42,2815.8325,82278.89,1815.8324,15.746869,8.7467e-05,,4.7208065e-05,0.00015103703,14417.918,0.12697676,232.31355,0.03161029,1566.0675
797,2020-09-02,-0.7232541,0.99984205,62598.22,4173.969,70840.39,3173.9692,43.69688,8.901162e-05,,4.9495102e-05,0.00018155413,16683.617,0.12826756,231.98422,0.031143406,2495.83
798,2020-09-03,-1.7822759,0.0028865144,82431.945,1853.2603,91672.766,930.0889,4.0628924,7.1548566e-05,1.5019443e-05,5.6529112e-05,0.00019453307,19243.414,0.13511872,232.88338,0.029692871,1112.8107
799,2020-09-04,-1.7326217,0.13923433,72240.55,3183.2395,79575.05,2349.3389,4.0664897,7.1749484e-05,2.6191949e-05,4.5657594e-05,0.00017055759,16689.309,0.12562697,232.36919,0.029761417,1238.7233
800,2020-09-05,-1.7604446,0.45110705,68910.79,3442.2036,77652.266,2456.0415,6.714886,7.544748e-05,2.5826055e-05,4.4800938e-05,0.00016957984,14417.465,0.121114776,231.4037,0.028815098,1850.7917
801,2020-09-06,-1.5477746,0.7667576,45647.984,6623.3945,52095.72,5623.7734,6.172188,9.05878e-05,2.3240942e-05,4.526595e-05,0.00017427659,16682.98,0.12965293,232.09335,0.030211717,1361.4933
802,2020-09-07,-1.91374,0.9980135,45243.055,6499.3506,51664.5,5499.3506,20.098297,7.934752e-05,,4.5685847e-05,0.0001303497,19242.541,0.13197991,231.78242,,
803,2020-09-08,-1.0924659,1.0,42986.93,6918.809,49092.844,5918.8086,57.101788,9.951109e-05,,4.1992716e-05,0.00013104554,16688.504,0.12776673,231.70769,,
804,2020-09-09,-1.731469,0.31092513,91946.97,882.67786,99490.77,180.29372,6.011735,6.0850758e-05,1.5504093e-05,4.4344233e-05,0.00016781832,13046.793,0.117035955,232.12471,0.029431682,1388.7196
805,2020-09-10,-1.3862436,0.43161404,83841.72,1603.2994,93631.18,671.23706,6.7893367,6.0450824e-05,1.2055539e-05,5.008441e-05,0.00017149412,19223.959,0.13419932,232.09909,0.033248935,855.8167
806,2020-09-11,-0.74798113,0.5569632,64111.43,3864.1548,72648.13,2864.1545,6.692733,6.669515e-05,8.196079e-06,4.4370336e-05,0.00016894977,16689.39,0.12738115,230.97906,0.0385502,1125.0712
807,2020-09-12,-1.7042738,0.13975461,83093.79,1770.9993,90542.48,1056.1731,4.7813997,6.387797e-05,1.9017112e-05,4.486085e-05,0.0001502501,14419.651,0.122451134,231.8654,0.04716468,1243.7479
808,2020-09-13,-1.2699128,0.7278452,57469.22,4856.7617,65121.35,3860.145,9.855215,7.293788e-05,1.0064434e-05,4.709151e-05,0.00017241348,14419.504,0.124625444,230.65921,0.028721696,1411.6875
809,2020-09-14,,,,,,,,,,,,,,,,
810,2020-09-15,-1.369516,0.07768512,88406.83,1316.5839,97318.125,470.76044,3.5860229,6.252627e-05,1.9022238e-05,4.350403e-05,0.00017039111,13054.25,0.11826384,230.07513,0.036871903,1422.1075
811,2020-09-16,-1.378976,0.09878265,61416.848,4424.5615,69329.64,3424.5615,4.173936,6.7004556e-05,2.666697e-05,4.024462e-05,0.00016431528,14417.922,0.11438109,228.76001,0.031470235,1548.4485
812,2020-09-17,-1.8163574,0.69938636,79474.7,2037.9548,89391.78,1074.8829,20.219961,5.6347988e-05,1.5353302e-05,4.1320764e-05,0.00013898921,19232.576,0.1355769,229.9029,0.027849665,1012.5341
813,2020-09-18,-0.6676768,0.17217422,67687.07,3585.8062,75897.125,2628.5815,6.147972,6.317122e-05,2.1850708e-05,4.126971e-05,0.000168961,14420.178,0.11367232,228.35571,0.034748867,927.99
814,2020-09-19,-1.2879297,0.23040426,84970.28,1590.6343,94882.9,655.02966,5.257928,5.7326783e-05,1.757195e-05,4.064441e-05,0.00016101601,14420.407,0.11620775,229.96873,0.03844241,1216.5972
815,2020-09-20,-1.4678073,0.06210167,82780.17,1825.3156,90803.1,1043.8733,4.9162393,6.221769e-05,2.3058321e-05,3.915937e-05,0.00015855095,16694.186,0.12225178,228.76465,0.037540168,756.57935
816,2020-09-21,-0.08964899,0.12799604,76662.67,2482.2412,85936.914,1520.3612,4.126957,6.75693e-05,2.781181e-05,3.744884e-05,0.00015596599,14419.764,0.11646335,228.42934,0.03771999,1335.1525
817,2020-09-22,-0.69478077,0.07289938,81482.516,1905.2861,91668.664,905.28625,4.4196277,7.5093805e-05,3.7407677e-05,3.7686128e-05,0.00017337454,14417.637,0.11777958,229.04529,0.034131758,1030.9717
818,2020-09-23,-1.223849,7.191072e-05,58950.61,4553.0884,66200.19,3553.0889,4.955614,6.327836e-05,2.382933e-05,3.9449034e-05,0.00014261545,16680.049,0.11968003,227.84613,0.033023544,1508.5096
819,2020-09-24,-1.4456781,0.2594645,83587.016,1700.0695,91238.17,934.05664,5.023037,7.625909e-05,3.2295837e-05,4.255234e-05,0.00020102327,16677.115,0.12993327,229.61081,0.034330126,1808.1582
820,2020-09-25,-1.4345112,0.12871395,85802.766,1424.1072,93792.31,635.9563,5.0247116,6.870849e-05,2.6352296e-05,4.1945925e-05,0.00018597653,16674.521,0.122597925,229.3753,0.034190785,1793.771
821,2020-09-26,-1.4444692,0.15606058,73555.016,2802.008,82235.03,1854.6101,5.057371,6.3956795e-05,2.1690834e-05,4.1803538e-05,0.0001683452,14410.9375,0.11791566,228.69339,0.035201013,2120.0637
822,2020-09-27,-1.2214849,0.14896782,70085.055,3193.549,78582.05,2244.4163,3.6117198,6.4633066e-05,2.2602813e-05,4.1439635e-05,0.00017555128,16674.477,0.11778143,228.62686,0.035301372,1597.0496
823,2020-09-28,-2.1050427,0.5201453,85094.51,1527.6259,95537.89,546.0319,9.880162,6.0202205e-05,2.3233111e-05,3.8761424e-05,0.00015623726,16685.93,0.12305837,228.54753,0.03479534,1149.3236
824,2020-09-29,-1.68256,0.31159905,62844.08,4111.0015,70937.3,3131.4292,6.731277,6.723109e-05,2.443129e-05,4.197017e-05,0.00018235206,16686.79,0.12123977,227.62509,0.035024725,1583.6992
825,2020-09-30,-1.1331404,0.5721905,57630.746,4798.182,65395.67,3798.1826,7.486537,6.810267e-05,2.8727354e-05,4.0392177e-05,0.00017187334,14423.061,0.11906101,227.81624,0.038140096,1887.7644
826,2020-10-01,-0.14808518,0.45438483,88710.44,1152.8829,96853.07,378.91632,11.644404,7.0723494e-05,3.156095e-05,4.0353094e-05,0.00019111592,15546.865,0.120853625,227.77097,0.039971553,957.76636
827,2020-10-02,-0.75328666,0.74474454,79911.03,2040.6846,89715.25,1078.2708,11.616636,6.518404e-05,2.4386896e-05,4.2191932e-05,0.00017528897,19233.012,0.12434334,227.85362,0.03706593,1266.3625
828,2020-10-03,-1.5047879,1.0,63168.438,3928.5234,71603.06,2928.5232,97.62935,8.025823e-05,,3.6834674e-05,0.00013784434,16684.193,0.12420763,227.92316,,
829,2020-10-04,-0.76532304,0.32449576,48306.47,6336.663,54853.227,5342.018,6.600363,7.150128e-05,2.8348968e-05,3.995646e-05,0.00018478683,13049.453,0.11777972,225.88365,0.030104663,2187.8154
830,2020-10-05,-0.89633846,0.9999814,80107.25,2089.1538,89160.625,1170.457,46.78263,7.50772e-05,,3.5754398e-05,0.000169342,14416.232,0.120103434,227.78189,0.030334411,1978.1736
831,2020-10-06,-1.1507725,0.5817596,37694.32,7866.059,43355.84,6866.0586,6.0204196,8.989348e-05,4.332543e-05,3.8092265e-05,0.00016664845,16697.744,0.12454599,227.39365,,
832,2020-10-07,-1.4655868,0.32373804,85117.12,1521.6196,92463.3,803.4022,3.51355,5.824904e-05,2.4054258e-05,3.663497e-05,0.00017766337,19226.004,0.12335123,226.80363,0.033585772,1105.0513
833,2020-10-08,-1.1055112,0.98920715,66838.42,3528.6143,75514.92,2528.6143,10.300536,8.7270986e-05,,3.4201483e-05,0.0001795454,17963.844,0.120152205,226.82138,0.030217104,2001.6693
834,2020-10-09,-1.5769674,0.99594396,52827.78,5324.8955,60192.477,4324.8955,63.40114,6.993232e-05,,3.2662098e-05,0.00012481523,14417.709,0.114782654,226.82048,,
835,2020-10-10,-1.1011366,0.8490188,61069.883,4241.667,69343.96,3241.667,8.712729,8.748382e-05,,3.4978657e-05,0.00016716021,16688.39,0.117251955,226.79549,0.030852832,1770.3822
836,2020-10-11,-0.88873863,0.99557704,64817.133,3741.8262,73508.92,2741.8262,36.13565,9.692413e-05,,3.4614182e-05,0.0001520486,19238.936,0.12851322,226.51608,0.03150499,1718.3811
837,2020-10-12,-1.0225096,0.7111852,67416.05,3804.1245,75170.51,2894.1777,6.39779,7.186973e-05,4.030454e-05,3.4491743e-05,0.0001624494,19236.5,0.13247287,226.18716,0.03467185,1449.9553
838,2020-10-13,-0.71292025,0.99153364,65129.562,3734.2632,73783.36,2743.075,70.77124,9.8862016e-05,,3.0529278e-05,0.00013694754,16680.283,0.1297918,224.65489,0.0361562,1216.5258
839,2020-10-14,-1.3072406,0.9950862,74094.65,2818.0256,83155.53,1858.3995,74.218056,8.464885e-05,,3.063038e-05,0.00016390067,19215.02,0.13000037,225.30835,0.031453885,1778.5856
840,2020-10-15,-1.2309124,0.7629268,79354.7,2014.8715,89767.97,1024.2155,11.970723,6.8603316e-05,3.854137e-05,3.6769386e-05,0.00019261923,22082.023,0.123730354,224.11029,0.037951842,915.2025
841,2020-10-16,-0.79824996,0.91421115,62172.85,4005.6062,70700.29,3005.6062,16.270601,6.2944964e-05,,3.0629402e-05,0.00013637697,19233.95,0.12744373,223.64505,0.03340498,1030.9835
842,2020-10-17,-0.75986034,0.995817,88133.16,1190.0427,99033.97,225.0935,20.535316,5.0219238e-05,,3.0660405e-05,0.00015275624,16696.328,0.1288287,223.60155,0.035148226,742.6136
843,2020-10-18,-0.7816453,0.8500452,74257.95,2485.9746,84227.945,1485.9746,18.5497,8.5666e-05,,2.825972e-05,0.00014787188,19210.777,0.12896076,224.29971,0.0349687,797.1489
844,2020-10-19,-1.9336457,0.34637874,43847.98,6477.651,50418.8,5477.651,9.542036,5.768673e-05,1.9678728e-05,3.1243824e-05,0.00012681096,19232.848,0.13006413,225.5283,0.037556175,538.18256
845,2020-10-20,-1.138347,0.47579318,33605.473,8508.889,38843.61,7508.8887,8.357447,6.0901963e-05,2.6152185e-05,3.29282e-05,0.00015915948,16692.86,0.12651968,224.2424,,
846,2020-10-21,-0.7410952,0.99973035,71576.8,2892.351,80824.375,1892.3513,22.407078,0.00012250472,,3.1999487e-05,0.00017171653,14416.5625,0.124244176,225.52637,0.031480562,1102.0935
847,2020-10-22,-1.2097232,0.63443786,86122.58,1361.263,95433.14,480.42285,13.358444,7.8781435e-05,5.2494903e-05,3.1328156e-05,0.00019499345,13049.352,0.12108096,224.66687,0.03315167,1148.19
848,2020-10-23,-0.83053386,0.6862764,86528.8,1320.7085,95859.66,447.7198,8.546355,6.661053e-05,3.9210117e-05,3.2291184e-05,0.000190072,16675.943,0.1264611,224.00517,0.034454733,939.8159
849,2020-10-24,-0.41334832,0.98548377,86815.03,1286.6411,96668.72,370.4858,20.990597,5.914473e-05,,3.362745e-05,0.00018142341,19221.473,0.12806797,223.79855,0.033866465,957.6861
850,2020-10-25,0.23335874,0.6050389,84347.28,1602.1007,94375.05,658.37805,21.247337,6.0508828e-05,3.1685366e-05,3.334007e-05,0.00016054773,16684.771,0.12212488,224.8819,0.03790704,1007.83746
851,2020-10-26,-0.3217736,0.9978145,86321.375,1382.0408,94807.5,585.1421,56.422115,5.862296e-05,,3.149605e-05,0.00017722652,14415.816,0.122847095,225.01627,0.033298284,1453.9702
852,2020-10-27,-0.30414793,0.985065,68765.336,3270.6401,77762.53,2270.6401,14.147575,7.399678e-05,,3.053641e-05,0.00016290932,14415.396,0.12606996,224.87585,,
853,2020-10-28,-0.40272373,0.99959934,93065.57,762.7742,99628.67,157.27222,103.587906,7.0799346e-05,,3.145454e-05,0.00020768921,14416.967,0.12510078,224.06787,0.0362332,1188.7085
854,2020-10-29,-0.34503686,0.9908917,69431.016,3213.1372,78449.95,2229.955,84.08496,0.00012484116,,2.9318704e-05,0.00018526314,17953.68,0.118706346,225.26364,0.034207698,1375.5262
855,2020-10-30,-1.0455775,0.9850804,76610.164,2329.9338,86516.56,1353.9746,112.6628,9.157122e-05,,3.4295866e-05,0.00019493574,22090.402,0.1446971,225.5594,0.03155543,824.10675
856,2020-10-31,-1.067035,0.8401004,90980.08,1010.23346,98772.15,302.17365,58.269764,4.413876e-05,1.5970607e-05,3.287875e-05,0.00018267272,19250.354,0.1367952,223.33286,0.035655454,970.8368
857,2020-11-01,-0.75626475,0.9999398,93375.11,777.90344,100266.94,158.725,15.024637,4.1908897e-05,,2.9912244e-05,0.00015440589,16692.062,0.13113588,223.78033,0.03430614,646.0193
858,2020-11-02,-1.0973308,0.5424868,44644.445,6661.153,51024.13,5661.1533,8.932955,4.725798e-05,3.0347059e-05,2.8417704e-05,0.00014152066,14417.572,0.12527093,223.37576,0.032022405,1001.7896
859,2020-11-03,-1.2804537,0.9949269,82224.92,1937.5922,90497.01,1105.9266,74.54558,0.00013255386,,2.561366e-05,0.0001974275,9582.557,0.11666396,222.54117,0.030247822,2288.842
860,2020-11-04,-1.611274,0.9934418,57394.363,4888.763,65155.84,3888.763,121.577095,0.00011748309,,2.4746352e-05,0.00014178136,14422.973,0.1234532,222.5235,,
861,2020-11-05,-0.9662255,0.9589172,79268.234,2181.9585,88865.39,1240.699,59.551945,6.536937e-05,,2.5687656e-05,0.00017655348,14422.107,0.13466787,219.48648,0.03508294,669.24695
862,2020-11-06,-0.68829185,0.5577433,49718.016,6079.299,56596.855,5079.2983,12.013689,7.157416e-05,4.749753e-05,2.5764788e-05,0.00015528557,14420.869,0.11414902,220.16632,0.03508502,1165.8118
863,2020-11-07,-0.6005138,,,,,,,3.5963178e-05,,2.2359422e-05,0.00014145981,13054.929,0.10353613,218.72931,0.031006508,822.1101
864,2020-11-08,-0.774141,0.999189,89962.19,1091.6267,99103.234,271.8831,66.309204,4.4475244e-05,,2.5346008e-05,0.00015624057,16692.973,0.11952713,219.69598,0.03131829,783.76215
865,2020-11-09,-0.62486506,0.015626732,74337.59,2682.5298,84336.7,1682.5298,5.221586,4.3538996e-05,2.912729e-05,2.4026838e-05,0.00016579323,16702.664,0.13232797,219.75003,0.03369792,591.46045
866,2020-11-10,-1.7660297,0.83691895,93022.08,893.65027,101124.15,182.72011,35.1602,5.8051442e-05,,2.3629584e-05,0.00013708948,16705.389,0.13038443,219.5157,0.035860766,725.6421
867,2020-11-11,-0.6735745,0.82005334,91347.89,1029.8883,100631.36,220.69951,21.440899,5.578096e-05,1.886699e-05,2.4292447e-05,0.00016188194,16704.25,0.1268696,219.70471,0.032399863,737.65546
868,2020-11-12,-1.5978003,0.95524025,81284.92,2026.4247,90475.64,1141.8939,31.05786,4.1579166e-05,,2.4799763e-05,0.00014784673,16699.47,0.13082153,220.24762,0.03121788,681.18054
869,2020-11-13,-1.1152536,0.995433,70174.76,3163.2417,79525.44,2163.321,63.959206,8.345928e-05,,2.5640642e-05,0.00016989428,16695.648,0.12992907,220.64328,0.03196696,617.03503
870,2020-11-14,-0.7925829,0.99839044,86134.64,1421.2224,95162.766,597.68445,55.72541,0.00013302891,,2.1886182e-05,0.00019485454,16689.152,0.13249618,218.3932,0.032677837,707.41724
871,2020-11-15,-1.862325,0.929401,88284.24,1225.0498,98881.39,282.62894,68.5938,0.000117290954,,2.183693e-05,0.00015410119,16691.736,0.1235625,217.72964,0.033372287,853.8786
872,2020-11-16,-1.6095347,0.89053553,79883.65,2041.7542,90088.375,1058.7417,20.548962,4.7356065e-05,,2.1586506e-05,0.00015042399,16689.605,0.12804335,216.36371,0.032111865,1195.7063
873,2020-11-17,-0.7413038,0.99897623,90630.3,1018.0162,99739.46,213.7864,57.723175,7.2594856e-05,,2.4580462e-05,0.00018426996,20688.66,0.12084543,216.5594,0.034327608,868.8601
874,2020-11-18,-0.18489914,0.99982834,62857.99,4144.597,71414.69,3144.5967,113.40243,,,,,,0.10820095,215.33618,,
875,2020-11-19,-0.5335312,0.47523576,57489.523,4814.9395,65191.5,3814.9392,36.634766,7.166895e-05,5.2921612e-05,1.7814891e-05,0.00013685935,14415.367,0.106588066,214.16049,0.030529663,1423.0011
876,2020-11-20,-1.6071033,0.015348245,71092.07,2875.2285,80984.48,1886.4199,26.633263,2.7223105e-05,1.5620839e-06,2.5591657e-05,0.00013029783,22103.543,0.12681958,216.8194,0.03426159,449.76645
877,2020-11-21,-1.1645074,0.004386682,70746.84,3013.3806,80164.734,2013.3809,6.5152745,3.407453e-05,1.2572672e-05,2.164821e-05,0.00015211182,14424.18,0.12566794,214.73593,0.03590698,382.02335
878,2020-11-22,-0.97169507,0.98176867,53446.79,5067.282,61074.562,4067.2817,108.869064,,,,,,0.13039711,218.17883,,
879,2020-11-23,-0.772483,0.94703555,63164.812,3778.1187,71980.375,2778.1187,68.38347,3.0144354e-05,,2.3707993e-05,0.00014131547,20653.97,0.13540351,217.72993,0.03390791,481.83206
880,2020-11-24,-0.9233376,0.7369442,66138.46,3483.5203,75237.266,2483.5203,71.94101,-4.2800534e-06,,2.4161602e-05,0.00012612996,22106.836,0.13590269,217.20998,0.038381934,680.72644
881,2020-11-25,-0.6961442,0.998812,85107.734,1499.0322,94831.06,612.2743,107.34998,5.0581406e-05,,2.2224405e-05,0.00014184248,19242.285,0.123078965,216.27492,0.034192827,1096.2396
882,2020-11-26,-1.2703375,0.86681837,79908.44,2021.3956,89978.24,1049.914,181.9513,0.00014279239,,2.1899179e-05,0.00020496656,19237.965,0.12297446,217.96422,0.03228823,606.50244
883,2020-11-27,-0.68509686,0.69922364,82677.03,1665.2568,93284.59,694.0622,62.199013,3.0379084e-05,1.0446234e-06,2.8131177e-05,0.00017679579,19227.328,0.1420039,221.70972,0.03344979,476.79108
884,2020-11-28,-1.1794314,0.88398564,75035.836,2452.3604,85444.86,1452.4072,58.652428,0.00015348397,,2.2618897e-05,0.00024330866,16687.031,0.1504415,222.113,0.03468162,428.76178
885,2020-11-29,-0.61734235,0.6076952,62348.695,3871.2656,71210.625,2871.2656,69.1162,5.5395183e-05,2.9120743e-05,2.2729619e-05,0.00016056746,20680.16,0.15352228,222.13885,0.030781902,393.2033
886,2020-11-30,-0.4455971,0.9220411,80269.67,1947.1582,90634.2,994.13525,112.79398,0.00018780807,,2.2920598e-05,0.00028037908,20680.113,0.14460254,220.80652,0.03509297,357.969
887,2020-12-01,-1.6515086,0.15673336,81420.7,1917.3618,91353.36,993.0019,93.61051,0.000111168825,7.16354e-05,2.526799e-05,0.00019940102,19259.436,0.13104385,220.5436,0.03497027,412.2398
888,2020-12-02,-1.1354992,0.019593827,76993.76,2378.173,87360.25,1378.1731,9.701658,7.764459e-05,5.732238e-05,2.7827926e-05,0.00023560326,19265.787,0.14340055,218.64464,0.03567085,355.31088
889,2020-12-03,-0.7347406,0.9333797,89476.625,1087.9922,98701.84,283.63373,95.01241,7.79231e-05,,2.572948e-05,0.0002051043,19247.186,0.123601064,219.89868,0.035039485,487.17795
890,2020-12-04,0.03977549,0.9864768,61266.863,4151.134,69539.95,3153.5557,148.3028,0.00016821946,,2.563354e-05,0.00025672585,16678.973,0.13007402,218.686,,
891,2020-12-05,-1.8241138,0.80157113,84421.86,1583.665,94655.875,634.0929,68.73549,0.00012358034,,2.086371e-05,0.0002400667,14418.828,0.13159889,217.117,0.038099848,1307.8884
892,2020-12-06,-1.693404,0.7209127,92372.96,876.9921,99940.59,205.16682,247.4502,6.514987e-05,,1.7549763e-05,0.0001721211,14422.105,0.11201189,216.15445,0.03381889,552.8573
893,2020-12-07,-1.1620103,0.0068777665,67065.66,3426.4187,76231.57,2426.419,5.0562315,4.8093425e-05,3.077882e-05,1.7314602e-05,0.00014593884,14422.193,0.1324991,212.27815,0.032901604,154.91353
894,2020-12-08,-0.93908644,0.023733415,63041.08,3886.8203,71486.34,2886.8206,14.18557,6.148735e-05,4.705552e-05,1.6794229e-05,0.00018514202,16695.463,0.105971925,213.60994,0.034875337,368.73325
895,2020-12-09,-0.8892205,0.011442005,74925.62,2517.6985,85222.164,1517.6984,12.435491,5.73053e-05,4.3375418e-05,1.7718887e-05,0.00017384312,16696.277,0.10652788,211.9396,0.03581238,444.27576
896,2020-12-10,-0.5135733,0.094381146,75697.95,2485.7944,84034.94,1635.4407,18.150251,5.7864174e-05,4.3371958e-05,1.5949654e-05,0.0001556529,16690.295,0.1218919,210.39801,0.03639413,613.47797
897,2020-12-11,-0.7752633,0.91426575,63749.87,3814.1494,72363.3,2815.4607,106.94508,0.0001468775,,1.7056109e-05,0.0001836843,16684.877,0.12114431,211.37839,0.036764022,1251.3082
898,2020-12-12,-2.0678458,0.88674355,89244.164,1056.419,98517.93,252.02045,199.23613,4.6113102e-05,,1.6244847e-05,0.00013440092,16683.65,0.13226996,211.9787,0.03497483,533.9218
899,2020-12-13,-1.0070001,0.5260562,76007.164,2378.5415,86213.73,1378.5416,36.801414,3.8470378e-05,,1.8293314e-05,0.0001281637,19238.01,0.12009053,210.85402,0.038139258,665.89075
900,2020-12-14,-0.8356965,0.5502354,77285.45,2288.9912,87597.95,1296.3203,25.045433,2.8497154e-05,,1.6997015e-05,0.00013196669,17959.148,0.12504439,210.2427,0.036283817,577.2297
901,2020-12-15,-0.42365432,0.84525895,74102.266,2632.5186,84004.64,1639.6821,107.75336,7.2881296e-05,,1.33913545e-05,0.00014425631,16690.645,0.11273706,209.45154,0.03601022,502.38702
902,2020-12-16,-0.7473687,0.8402271,53853.754,5126.648,61321.41,4126.648,128.77701,,,,,,0.10847473,211.31042,,
903,2020-12-17,-1.8593652,0.9499326,86810.4,1395.2832,96031.516,570.3621,213.3305,4.403528e-05,,1.5891392e-05,0.00012765835,16696.771,0.11989731,213.31635,0.036387056,424.50406
904,2020-12-18,-0.96387005,0.8312429,83668.625,1671.5785,94201.26,706.5938,136.7806,0.00024370861,,1.490884e-05,0.00025107557,16691.99,0.12529776,212.59174,0.03509401,615.17456
905,2020-12-19,-0.74853647,0.58595735,73752.85,2734.126,83440.2,1734.6456,34.721523,,,,,,0.11946636,211.68997,0.037186343,980.6758
906,2020-12-20,-0.62558025,0.61885995,91227.1,989.01404,100031.75,236.77866,58.458576,,,,,,0.10920888,211.48154,0.034608994,775.80005
907,2020-12-21,-1.749357,0.98434335,88492.34,1239.3009,98962.64,325.92642,242.6317,5.3113054e-05,,1.6511784e-05,0.00013392499,16698.287,0.12774873,210.96855,0.035030127,545.5639
908,2020-12-22,-1.8751007,0.59056926,82002.73,1855.9957,90795.016,1015.8785,194.1974,5.362561e-05,,1.3337221e-05,0.00012811169,16688.94,0.11947712,209.7642,0.036620643,643.8984
909,2020-12-23,-1.0919423,0.01980228,62262.883,3925.319,70449.85,2925.319,21.203037,0.00011295326,,1.2256066e-05,0.00015200689,16677.729,0.12058632,206.51181,0.03716297,491.61743
910,2020-12-24,-0.39117128,0.8430661,46874.203,5987.4033,53648.844,4987.4033,108.12289,,,,,,0.116012946,206.14233,,
911,2020-12-25,-0.7980765,0.82207084,86481.78,1228.7858,95944.41,376.31934,46.45664,1.4866627e-05,,1.3114622e-05,9.111983e-05,19208.621,0.14031833,205.16803,0.039929748,434.29004
912,2020-12-26,-0.35410464,0.575263,57288.55,4481.4165,65583.79,3483.71,96.64135,5.5151446e-05,,1.2101664e-05,0.00011633667,16677.414,0.14094186,206.38493,0.042398784,510.4325
913,2020-12-27,-1.0469496,0.08701577,42400.055,6838.7676,48802.65,5838.768,5.614233,9.179614e-06,-3.329026e-06,1.250864e-05,7.473957e-05,14418.323,0.12447259,205.47067,,
914,2020-12-28,-0.46290135,0.9786583,56746.992,4733.638,64575.562,3733.638,235.17863,,,,,,0.11662227,210.84586,,
915,2020-12-29,-1.2842909,0.8486763,34071.914,8133.0215,39490.125,7133.0215,194.20105,,,,,,0.13590053,216.52725,,
916,2020-12-30,-1.0760102,2.867793e-05,42145.766,6966.8467,48597.285,5966.847,4.906345,3.3399745e-05,8.474595e-06,2.4399864e-05,0.00015583963,16674.994,0.14461967,218.60641,0.038371433,951.302
917,2020-12-31,-0.54409873,0.1756824,74525.56,2526.23,83609.555,1608.2002,9.424458,4.7163026e-05,1.1556998e-05,2.800244e-05,0.00019777197,19259.367,0.15347835,218.76117,0.03694296,506.31317
918,2021-01-01,-0.91147935,0.24155565,51120.812,5437.6836,58429.195,4437.6836,13.5821295,2.7115664e-05,,2.3061792e-05,0.0001456346,19218.271,0.1351575,218.241,0.038102318,798.68286
919,2021-01-02,-1.7855595,0.9364951,82202.44,1745.746,90492.08,986.48663,249.04166,4.3374966e-05,,2.1046822e-05,0.00013468812,22101.084,0.1497273,217.30174,0.035458945,489.29633
920,2021-01-03,-1.8317006,0.15529288,37748.188,7891.2266,43710.516,6891.2266,33.780952,4.0671035e-05,,1.4891922e-05,0.000101107704,19252.453,0.12950104,212.80338,0.036912173,445.1534
921,2021-01-04,-0.7917788,0.6157445,74034.42,2639.552,83605.3,1672.8523,127.456535,6.44503e-05,,1.6196796e-05,0.0001368507,22115.64,0.12635322,211.17813,0.036303,587.63995
922,2021-01-05,-0.9675346,0.7378596,57677.117,4576.135,65623.97,3576.1348,126.20199,,,,,,0.12280458,210.52145,0.03921848,1322.7769
923,2021-01-06,-0.64334846,0.500646,56707.477,4670.0093,64687.914,3670.0093,60.26537,4.226157e-05,,1.5988142e-05,0.00010577156,19236.889,0.11854565,211.34526,0.036991775,806.24585
924,2021-01-07,-2.990588,0.32836843,52824.64,5315.4014,60514.12,4315.4023,46.012062,3.803322e-05,,1.898615e-05,0.00012448353,22078.363,0.13045733,213.05197,0.039104596,636.52747
925,2021-01-08,-1.0305643,,,,,,,,,,,,0.12325701,214.03514,,
926,2021-01-09,-1.2467242,,,,,,,,,,,,0.13087377,214.40836,0.03850355,465.17856
927,2021-01-10,-0.8898187,,,,,,,2.1042943e-05,,1.8614055e-05,0.00011176339,22117.113,0.13759464,214.74866,0.038176544,441.91287
928,2021-01-11,-0.74010855,,,,,,,,,,,,0.14102374,213.29819,0.037446454,221.30276
929,2021-01-12,-0.21252412,,,,,,,,,,,,0.12163532,214.10397,0.038227342,736.87054
930,2021-01-13,-2.0990844,,,,,,,0.00015440711,,1.473567e-05,0.0001570111,19193.34,0.14197905,212.86475,0.03645659,683.9129
931,2021-01-14,-1.4755061,,,,,,,,,,,,0.15273958,213.84285,0.039788406,392.90472
932,2021-01-15,-1.2493459,,,,,,,6.270538e-05,,2.0802312e-05,0.00015931326,22090.137,0.14722224,214.74072,0.04318516,156.37096
933,2021-01-16,-0.957896,,,,,,,8.2158054e-05,,2.271054e-05,0.00019637216,19230.867,0.1538114,215.22206,0.041290917,202.20724
934,2021-01-17,-1.3826993,,,,,,,7.6086304e-05,,2.2255685e-05,0.00016332905,19244.828,0.14771527,213.5863,0.044684738,181.18082
935,2021-01-18,-1.9832238,,,,,,,0.00013185611,,1.6483973e-05,0.00014157042,19247.701,0.137065,215.58667,0.037146527,304.25287
936,2021-01-19,-1.3692472,,,,,,,0.00027695813,,1.914861e-05,0.00023460912,19239.521,0.13546458,215.88449,0.03858027,309.83716
937,2021-01-20,-0.7285676,,,,,,,,,,,,0.13428777,218.97073,0.039408848,445.29532
938,2021-01-21,-1.1147172,,,,,,,0.00022207644,,2.2301143e-05,0.00022859787,13047.213,0.13457017,219.78018,0.038200364,1080.989
939,2021-01-22,-0.59302604,,,,,,,0.00018866645,0.00014661934,2.407803e-05,0.00022384904,14408.95,0.13657865,220.1435,,
940,2021-01-23,-1.8287541,,,,,,,0.00014640331,,2.5358298e-05,0.0002480929,16668.967,0.13901186,219.7272,0.040376358,877.9703
941,2021-01-24,-1.1939149,,,,,,,,,,,,0.14986674,219.96124,,
942,2021-01-25,-0.9258506,0.87247455,49629.62,5502.1636,56657.152,4502.1636,35.314865,,,,,,0.1502541,220.39734,,
943,2021-01-26,-0.8439519,,,,,,,,,,,,0.1533201,219.36508,,
944,2021-01-27,-0.727756,,,,,,,,,,,,0.15557557,218.2631,0.03976223,918.103
945,2021-01-28,-0.8898306,,,,,,,2.0089443e-05,,2.3019862e-05,0.00011552276,22055.21,0.15879303,220.43036,0.037019435,180.06364
946,2021-01-29,-1.970161,,,,,,,3.0826515e-05,,2.7845943e-05,0.00012690334,24069.715,0.19942388,220.99263,0.033562604,276.18176
947,2021-01-30,-1.0610704,,,,,,,9.21967e-05,,2.9058978e-05,0.00017696412,24076.293,0.16782022,222.4986,0.03752532,286.76282
948,2021-01-31,-1.0156263,,,,,,,2.730806e-06,,2.6418385e-05,0.000115315226,27491.941,0.18075117,222.56354,0.037487753,145.5769
949,2021-02-01,-0.62890595,,,,,,,9.0293404e-05,,2.62572e-05,0.00018573282,22063.137,0.19144054,221.90508,0.038279653,301.4734
950,2021-02-02,-0.9334685,,,,,,,7.388787e-05,,2.6171845e-05,0.00015757291,19220.652,0.1547755,222.1485,0.035027795,311.95862
951,2021-02-03,-1.8723344,,,,,,,0.00026989394,,2.9710793e-05,0.00026591634,22053.162,0.16906674,222.32545,0.03634192,634.4329
952,2021-02-04,-0.9624014,,,,,,,8.745782e-05,,3.160501e-05,0.00021968415,22060.879,0.16399008,221.3229,0.036864143,356.21674
953,2021-02-05,-0.85372245,,,,,,,7.2440016e-05,,2.693286e-05,0.00018578916,24201.242,0.15271239,221.2678,0.036688924,227.81155
954,2021-02-06,-1.2644639,,,,,,,7.806316e-05,,1.831385e-05,0.00015941903,22120.201,0.17570388,219.64922,0.039440487,158.26929
955,2021-02-07,-1.766118,,,,,,,9.689346e-05,,1.8598746e-05,0.0001521506,22129.293,0.17397544,219.55902,0.03918831,162.44617
956,2021-02-08,-1.6293192,,,,,,,6.582367e-05,,2.7297694e-05,0.00014739485,19242.383,0.1582188,219.82726,,
957,2021-02-09,-1.23961,,,,,,,0.00012833452,,2.9231882e-05,0.00018200248,22066.441,0.15989971,221.26376,0.0355614,363.22028
958,2021-02-10,-1.0376084,,,,,,,0.00013275954,,2.5785954e-05,0.00020581624,22078.732,0.15179476,223.25249,0.040028103,322.5984
959,2021-02-11,-0.9513917,,,,,,,0.00023685789,,2.710754e-05,0.00022623976,22104.812,0.17959593,223.10953,,
960,2021-02-12,-0.8806777,,,,,,,9.166614e-05,,2.707553e-05,0.00016193409,24230.379,0.18632579,222.9908,0.03981089,197.23956
961,2021-02-13,-1.2698323,,,,,,,0.00010611453,,3.050704e-05,0.00015333635,22124.768,0.20118392,223.69736,0.0382423,263.08173
962,2021-02-14,-1.7180371,,,,,,,7.747506e-05,,3.274549e-05,0.00016004084,24233.076,0.19679381,223.15022,0.037945233,427.83078
963,2021-02-15,-1.1042821,,,,,,,8.771519e-05,,3.7808295e-05,0.00018901778,22153.406,0.18501437,223.11209,0.037171498,114.57373
964,2021-02-16,-1.3267479,,,,,,,8.998379e-05,,3.7965372e-05,0.0001952175,19252.844,0.17830224,223.31467,0.040306546,244.78622
965,2021-02-17,-0.9661078,,,,,,,0.0001845682,,3.8434315e-05,0.00023674735,20666.064,0.17871141,224.06398,0.037836052,185.58382
966,2021-02-18,-1.3862145,,,,,,,8.872498e-05,,3.6171434e-05,0.00018956691,19260.705,0.18854769,223.40987,0.039721593,129.48409
967,2021-02-19,-1.5875156,,,,,,,0.00011976081,,3.564445e-05,0.0001861688,16691.64,0.20645498,222.8348,,
968,2021-02-20,-1.2868278,,,,,,,,,,,,0.16116348,221.21576,0.03771184,440.26086
969,2021-02-21,-0.7905744,,,,,,,,,,,,0.14281353,219.78604,,
970,2021-02-22,-1.0439737,,,,,,,8.803208e-05,4.174687e-05,2.628941e-05,0.00018507207,14421.037,0.14091553,217.6472,0.037362993,778.8888
971,2021-02-23,0.35716927,,,,,,,0.00014160635,,2.614483e-05,0.00017978619,16701.002,0.15100619,217.7099,0.038264923,784.3584
972,2021-02-24,-1.2267351,,,,,,,0.00010336797,,2.4647305e-05,0.00013075962,14423.91,0.14032713,217.2459,0.033864558,930.90924
973,2021-02-25,-1.2508314,,,,,,,5.602117e-05,,2.74298e-05,0.00014827371,16694.338,0.13636723,217.09052,0.03326869,935.19824
974,2021-02-26,-1.2024202,,,,,,,5.9370548e-05,,3.3629847e-05,0.00015967106,22101.205,0.15820524,220.34949,0.035952166,416.7452
975,2021-02-27,-1.3465526,0.99994373,87490.016,1268.6936,99015.64,268.69363,6.675951,4.0537936e-05,,3.3502944e-05,0.00013716747,22115.59,0.18804403,220.38867,0.03697505,562.79486
976,2021-02-28,-1.2325716,0.94645214,60371.42,4338.5713,68818.805,3338.5713,3.509616,5.3622738e-05,,3.228531e-05,0.00013621502,22121.396,0.17607611,220.08267,0.03602285,719.59424
977,2021-03-01,-0.8222271,0.99892807,86287.11,1527.2277,94448.984,769.10406,7.967577,7.0294525e-05,,2.7159815e-05,0.0001417642,16701.55,0.16337375,219.26773,0.038161427,650.264
978,2021-03-02,-1.926581,0.9022027,82816.48,1770.6624,92830.69,840.9571,11.799323,5.355203e-05,,3.54547e-05,0.00013692354,16693.957,0.16202089,220.37704,0.03792425,539.14166
979,2021-03-03,-1.7109077,0.22494093,55461.39,5086.957,63251.855,4091.2017,1.0820158,5.3867152e-05,2.3421835e-05,3.0521867e-05,0.00015157348,16695.2,0.14126807,219.47006,0.037110552,395.1623
980,2021-03-04,-1.037837,0.9999704,89074.25,1029.1794,98034.2,234.89735,41.165028,6.9160145e-05,,2.7468584e-05,0.0001400358,19218.355,0.14413117,218.64651,0.035029322,471.87122
981,2021-03-05,-1.5244551,0.2587195,90922.82,922.36426,93975.85,659.056,1.0184462,5.5601813e-05,2.394662e-05,3.1414653e-05,0.0001429129,24190.64,0.20153695,218.83702,0.039452508,197.95618
982,2021-03-06,-1.3635256,0.38187638,78670.016,2133.5137,87498.99,1293.9585,3.4814875,5.3280506e-05,3.423054e-05,2.8237995e-05,0.00012801215,21908.74,0.1947526,216.95798,0.040340137,265.49762
983,2021-03-07,-1.8498052,0.9999996,71928.8,2651.1067,81957.52,1651.1067,30.813835,7.24502e-05,,2.4417077e-05,0.00010841437,14410.918,0.17644314,217.28563,0.036532108,463.774
984,2021-03-08,-1.2963177,1.0,87320.266,1209.7144,98077.38,273.53195,25.92936,3.5317742e-05,,3.406141e-05,0.00013107993,24176.254,0.20299628,216.93404,,
985,2021-03-09,-1.5036273,0.5088646,94074.38,690.8235,100364.98,145.20033,3.1206117,0.00011637599,,3.202413e-05,0.00019955526,22118.38,0.17741847,218.27438,0.038868885,255.70416
986,2021-03-10,-1.5459776,0.532135,83543.88,1649.4626,92739.3,805.8592,3.3788621,6.869211e-05,,3.2222717e-05,0.00014995161,20679.783,0.18421334,217.09314,0.04143022,247.2173
987,2021-03-11,-1.54034,0.6704531,67586.414,3292.286,77047.89,2293.9631,4.2996683,5.496855e-05,,3.059695e-05,0.00013470456,16685.46,0.15636615,217.03595,0.040784378,120.1257
988,2021-03-12,-1.8098288,0.99889153,79190.96,1877.8176,89733.7,877.81757,17.457726,8.308533e-05,,3.7424063e-05,0.00014852222,22025.465,0.18026257,219.4196,0.03645638,568.746
989,2021-03-13,-0.8944357,1.0,59610.35,4167.3564,68064.734,3167.3564,76.34348,0.00012343348,,3.3752687e-05,0.00013175902,24123.15,0.17395517,220.83154,,
990,2021-03-14,-1.3455052,0.85836947,71921.766,2639.9136,81902.0,1639.9135,15.392061,7.458496e-05,4.3543878e-05,3.8779683e-05,0.00016790093,24090.516,0.18851838,222.33765,0.035385754,387.03885
991,2021-03-15,-1.3912857,0.8947026,71434.7,2759.4277,81207.59,1759.7263,5.1621118,5.8605023e-05,1.7579028e-05,3.5541576e-05,0.00014447783,22062.229,0.1973306,223.46661,0.037846737,427.1787
992,2021-03-16,-1.5466284,0.6824511,54928.5,4902.8774,62856.125,3902.8774,4.2585354,7.8973666e-05,3.713045e-05,3.5101795e-05,0.00015943276,22081.738,0.18824594,223.77145,0.040605508,550.40894
993,2021-03-17,-0.85653746,0.99910754,85835.44,1361.673,95664.3,487.36624,12.071256,4.843845e-05,,3.3378117e-05,0.0001453424,22087.969,0.19480017,223.87677,0.038439922,377.57782
994,2021-03-18,-1.5057055,0.99244463,85003.27,1460.684,95665.09,504.2169,37.267105,6.615023e-05,,3.4269557e-05,0.00012497866,22092.676,0.21305916,223.74506,0.034569673,256.24542
995,2021-03-19,-1.4000185,0.98074245,79250.79,1990.027,90124.53,992.34814,10.615623,6.858685e-05,,3.8221217e-05,0.00015703012,22093.828,0.21159151,223.84497,0.03737021,303.2567
996,2021-03-20,-1.4374228,0.7128073,81250.45,1838.9103,91977.77,865.0812,3.5777879,5.879898e-05,1.747524e-05,3.6034213e-05,0.00014795305,19244.84,0.17713901,223.56602,0.038974896,242.35303
997,2021-03-21,-0.8420836,1.0,87027.22,1155.7573,97074.79,264.2214,47.869713,0.00012232806,,3.3467397e-05,0.00014223084,20625.334,0.15292421,222.91843,0.03587357,401.3065
998,2021-03-22,-1.3770628,0.9795616,76908.7,2163.229,87600.375,1163.3984,9.1625595,5.6721838e-05,,3.509949e-05,0.00015148858,22070.879,0.18645313,222.91667,0.033491097,196.6412
999,2021-03-23,-1.5168531,0.35375488,78373.48,2213.2542,86370.65,1428.8275,4.286287,6.810028e-05,,3.7442605e-05,0.00014801536,19238.56,0.16491365,222.62926,0.037644796,350.62488
1000,2021-03-24,-1.7369108,0.40269196,72684.64,2848.9673,81411.06,1937.9998,1.8798387,8.4741485e-05,4.392806e-05,4.0628736e-05,0.00018132542,16691.09,0.1583918,222.23743,0.035553172,615.95325
1001,2021-03-25,-1.2197423,0.99998903,78684.7,2114.234,89210.15,1114.2339,10.736872,7.031586e-05,,3.77036e-05,0.00014271287,16688.188,0.163952,223.81183,,
1002,2021-03-26,-1.6149839,0.29146183,81015.42,2005.1713,88819.41,1234.1036,1.5848539,7.0315524e-05,2.432326e-05,4.5747933e-05,0.00017740502,19248.426,0.17414078,224.8457,0.03874591,553.8904
1003,2021-03-27,-1.5503432,0.303818,73737.03,2738.649,82862.8,1781.4937,1.6964014,6.405539e-05,1.946381e-05,4.4353175e-05,0.00016737882,19247.504,0.16521582,225.5957,0.03985739,634.0254
1004,2021-03-28,-1.6426082,0.99245965,73355.734,2704.546,83438.945,1704.546,23.978788,6.305847e-05,,4.5125405e-05,0.0001418185,22126.992,0.17400633,225.82265,0.039798774,557.16956
1005,2021-03-29,-1.2670974,0.9532762,73132.92,2796.6582,83074.31,1796.6714,20.757027,9.427101e-05,3.1944066e-05,3.900789e-05,0.00016246337,16697.527,0.16668624,223.6213,0.03995343,734.90955
1006,2021-03-30,-0.97726154,1.0,86113.516,1484.683,95830.66,577.77246,51.094,9.4245624e-05,,4.1137264e-05,0.0001544528,15558.164,0.14704806,224.29878,0.036988012,1471.8284
1007,2021-03-31,-0.9887366,0.2526185,89966.17,1076.4182,97432.72,397.03296,2.4652243,6.0284983e-05,1.4928459e-05,4.5549743e-05,0.00016469683,16688.654,0.15897888,225.41971,0.034949318,691.705
1008,2021-04-01,-1.1654749,0.91459274,66220.65,3538.7627,75229.766,2538.7627,17.992453,7.772086e-05,4.9486032e-05,4.378063e-05,0.00015827105,19225.4,0.1877111,224.82121,0.03521496,981.27496
1009,2021-04-02,-1.5612558,0.6772268,69495.42,3064.8833,79097.73,2064.8833,4.84862,6.596986e-05,2.1985757e-05,4.5723285e-05,0.00017016052,22086.582,0.18288207,227.38391,0.037232205,454.22934
1010,2021-04-03,-1.7951972,0.9847692,70618.92,2855.545,80543.805,1855.5448,16.69427,5.558387e-05,,4.8837166e-05,0.00013450728,24168.297,0.19306158,227.53865,0.035732288,222.23668
1011,2021-04-04,-1.3829587,0.91948247,77545.67,2157.7642,88323.66,1157.764,11.591958,8.596004e-05,5.48045e-05,4.3854358e-05,0.00016150433,19234.762,0.17355874,226.43799,0.03932243,480.62134
1012,2021-04-05,-1.2286372,0.8795008,46504.492,6009.6055,53321.03,5009.6055,7.0675163,9.0931404e-05,3.7933878e-05,4.530231e-05,0.00015563458,19190.174,0.1619069,226.87929,0.035543703,979.3534
1013,2021-04-06,-1.0857562,0.97159064,80232.84,1804.105,90865.42,804.8487,11.780391,5.6334302e-05,,5.1947092e-05,0.00016461816,24100.398,0.1906695,227.3713,0.035650656,249.6271
1014,2021-04-07,-1.4990683,0.9003438,68276.69,3029.875,77839.92,2034.4869,7.6750393,7.3716044e-05,2.548623e-05,5.346223e-05,0.00018933343,24116.168,0.19501448,227.61601,0.034228615,327.16437
1015,2021-04-08,-1.8520489,0.94821024,77011.125,2153.7944,87545.086,1153.7944,16.865992,8.017605e-05,2.4443929e-05,5.3563184e-05,0.0001565542,24145.215,0.21122934,227.91525,0.035005637,423.05917
1016,2021-04-09,-1.0054865,0.9998633,78232.28,2135.4258,88707.56,1135.4259,16.988054,0.000102173624,,4.9545153e-05,0.00018370216,19239.803,0.17124374,227.0245,0.037862666,333.0965
1017,2021-04-10,-1.3838444,0.91665053,68610.64,3179.5818,77997.0,2179.5818,7.698023,8.721606e-05,,5.040423e-05,0.00017563892,19234.9,0.16217837,228.26387,0.039167203,653.48004
1018,2021-04-11,-1.9471242,0.39947975,66778.69,3574.8242,75558.195,2583.1895,2.6041636,9.08759e-05,4.3610846e-05,4.9859525e-05,0.00018049727,19248.504,0.16403303,227.43332,0.04056856,1057.9448
1019,2021-04-12,-1.7501,0.5138868,47444.46,6348.4126,54096.906,5365.958,3.6387746,7.337443e-05,2.6406477e-05,4.707386e-05,0.00016181757,19245.75,0.156876,225.83154,0.038989842,666.343
1020,2021-04-13,-0.80121243,1.0,72028.31,2869.46,81638.695,1869.538,51.965908,0.00010072869,,4.2294247e-05,0.00013193989,16691.61,0.15287612,225.54265,,
1021,2021-04-14,-0.899812,0.999985,75808.17,2440.669,85883.195,1440.6691,43.78157,9.227506e-05,,4.112644e-05,0.00012818219,19242.121,0.15773705,224.11873,0.038810764,819.4718
1022,2021-04-15,-0.9327565,1.0,75921.3,2419.6843,86018.41,1419.6843,41.187145,9.832907e-05,,4.667414e-05,0.00015979112,22101.629,0.16717301,225.09042,0.03975713,1284.3892
1023,2021-04-16,-1.0899332,0.9318513,88165.51,1196.8398,98222.69,281.0411,18.508888,7.226548e-05,2.3010714e-05,4.891881e-05,0.00016989777,22094.297,0.16555922,225.50488,0.0383865,922.2466
1024,2021-04-17,-1.4372187,0.7588913,80521.24,1984.6367,90750.51,1009.32623,5.4574986,6.720028e-05,2.982542e-05,4.9754213e-05,0.0001680837,22111.496,0.16927648,225.09872,0.039767705,1045.3844
1025,2021-04-18,-1.3502548,0.120629705,76476.19,2428.0378,86560.34,1428.038,2.787619,7.241667e-05,2.315452e-05,4.9262148e-05,0.00017725347,19246.62,0.16228747,225.1909,0.038269524,834.84607
1026,2021-04-19,-2.1235085,0.4675706,72738.83,2814.129,82238.26,1835.5737,5.6783643,8.043883e-05,2.9235549e-05,4.770326e-05,0.00014148357,19246.146,0.15856718,225.29863,0.037704956,820.0643
1027,2021-04-20,-1.2784818,0.9605494,64664.65,3632.621,73493.61,2632.621,35.800613,6.339378e-05,2.9574061e-05,5.137648e-05,0.00016147543,22089.227,0.16580904,225.60349,0.03789214,636.8449
1028,2021-04-21,-1.5532582,0.6036583,68141.46,3222.8003,77240.69,2223.123,5.584514,7.995972e-05,2.8964681e-05,5.3266525e-05,0.00017807304,22063.242,0.1745816,227.5645,0.034833003,787.4253
1029,2021-04-22,-1.4785922,0.8570343,77318.016,2200.3796,87368.84,1218.6227,9.149914,7.5435746e-05,1.1405035e-05,5.3352727e-05,0.00017277717,24153.244,0.16937786,229.0393,0.037162624,571.0593
1030,2021-04-23,-1.5163655,0.8365657,81112.28,1821.5857,91571.99,848.68713,12.533534,7.7186574e-05,3.656584e-05,5.4320364e-05,0.00019360438,24170.713,0.18464202,229.19504,0.032307137,473.86914
1031,2021-04-24,-2.2650635,0.6123627,71030.4,2886.87,80284.92,1936.0299,14.518316,7.8957775e-05,1.8808256e-05,5.804578e-05,0.00015932604,24184.008,0.18869686,230.4314,0.032392845,467.66144
1032,2021-04-25,-1.636041,0.88175166,71861.15,2757.9106,81953.7,1759.1489,10.938272,8.0518745e-05,1.8419843e-05,6.371297e-05,0.00020829166,24182.496,0.2139216,228.77808,0.036437273,415.55695
1033,2021-04-26,-1.3359809,0.96166646,82978.11,1641.3992,93955.17,646.8505,11.319983,8.2352446e-05,,6.1708124e-05,0.00020878404,24180.547,0.20798568,229.95059,0.03480913,459.7215
1034,2021-04-27,-1.2727393,0.9998691,87110.11,1252.1929,97772.95,304.7663,14.475491,0.00011643629,,5.7356192e-05,0.00019941277,23119.064,0.1897287,229.94435,0.038007442,664.6323
1035,2021-04-28,-1.3348382,0.8689698,84503.875,1545.9048,95420.555,549.5421,9.658318,9.553722e-05,2.5588955e-05,6.0891653e-05,0.00020324171,22101.994,0.19059601,230.47864,0.04047482,464.2787
1036,2021-04-29,-2.3467789,0.28031144,72453.35,2798.6401,82055.84,1806.8815,6.0838823,9.645521e-05,3.4554294e-05,6.414024e-05,0.0001775717,19226.312,0.16883962,231.60123,0.038601913,628.16296
1037,2021-04-30,-1.8658338,0.8024145,71810.05,2772.8718,81458.81,1779.2993,9.235886,9.2473994e-05,3.867453e-05,6.3971966e-05,0.00023246976,19210.262,0.17399111,230.35934,0.036367305,683.8724
1038,2021-05-01,-1.7381384,0.63859177,45773.855,6305.753,52439.688,5305.753,4.805457,9.562792e-05,3.2317694e-05,6.431657e-05,0.00019937677,19237.111,0.16832596,231.88205,0.035568718,502.56522
1039,2021-05-02,-1.0709999,1.0,45996.027,6246.611,52495.953,5246.611,25.036007,7.9130965e-05,,5.491038e-05,0.00017148632,16678.637,0.15396996,232.02582,,
1040,2021-05-03,-1.124422,1.0,68701.08,3036.2622,78083.734,2036.2637,38.515007,0.00014351675,,5.292845e-05,0.00020068261,22034.549,0.16668132,231.68196,0.033090387,747.44745
1041,2021-05-04,-1.0061698,0.9645624,81214.69,1817.7363,91747.95,817.8174,16.600945,7.9154684e-05,,5.6538633e-05,0.00019739094,20649.484,0.17757562,231.23712,0.0364745,505.58008
1042,2021-05-05,-2.3780828,0.60355973,72532.74,2668.435,81794.34,1703.6274,9.97466,8.2274106e-05,2.8641289e-05,5.949947e-05,0.00015562653,19202.572,0.16045813,232.3652,0.036739856,1064.9531
1043,2021-05-06,-1.4892087,0.95232856,77097.95,2144.7153,87461.125,1144.7152,16.992147,8.077235e-05,,6.604726e-05,0.00020627664,24117.242,0.18278643,232.43866,0.031164676,680.3937
1044,2021-05-07,-1.0121853,1.0,72541.055,2661.4604,82372.2,1661.4607,40.985764,0.00010251069,,5.989911e-05,0.00019588074,22056.273,0.19056004,231.96,0.034896567,1161.5377
1045,2021-05-08,-1.6666331,0.6219288,83034.59,1660.3152,92546.52,779.0568,9.145865,8.8575776e-05,3.936204e-05,6.5388725e-05,0.00020029399,24172.469,0.19638222,231.98001,0.034856077,492.6718
1046,2021-05-09,-1.7871809,0.34342265,78681.06,2269.6323,87666.26,1371.3375,8.785089,8.382853e-05,2.6906946e-05,5.659156e-05,0.00018634983,16691.334,0.16918394,230.1422,0.035021305,589.1803
1047,2021-05-10,-1.8676035,0.0,,,,,,7.881501e-05,2.2558683e-05,5.6256325e-05,0.00015236957,16690.89,0.14535062,230.47998,0.032484893,855.4908
1048,2021-05-11,-1.7119708,0.0,,,,,,7.7049466e-05,1.9821771e-05,5.7227695e-05,0.0001901941,16690.465,0.14559132,229.55777,0.03364992,771.8436
1049,2021-05-12,-2.0587134,0.33051053,87333.53,1333.2815,95720.3,530.5896,5.9043713,7.831177e-05,2.0868292e-05,5.8123413e-05,0.00018440657,19229.93,0.15190598,231.0983,0.037077405,1306.233
1050,2021-05-13,-0.9564328,0.9995642,78428.64,2077.7373,88341.266,1094.4807,43.728348,9.7772296e-05,,5.595827e-05,0.00021041968,22051.113,0.18356073,232.02763,0.030668374,996.40063
1051,2021-05-14,-1.1483862,1.0,70509.06,2955.2422,79746.16,1957.8865,42.019302,7.527045e-05,,4.917801e-05,0.00016433415,22048.865,0.14849398,232.57755,0.032412775,1584.1896
1052,2021-05-15,-2.176253,0.37254816,88289.766,1131.2576,96793.7,334.5458,6.7498813,8.5954096e-05,2.6365966e-05,5.9264647e-05,0.00016092685,22059.158,0.15231621,232.2284,0.032721594,1144.3486
1053,2021-05-16,-1.9431901,0.6057263,71821.195,2996.6536,80784.89,2026.0935,7.614532,7.6754426e-05,1.3507085e-05,6.403144e-05,0.00020066707,22071.117,0.15301627,231.1259,0.033072766,1109.8181
1054,2021-05-17,-1.0771189,0.9997872,69657.7,3092.3042,78837.16,2092.304,36.364243,8.595986e-05,,5.3296575e-05,0.0001751523,19213.8,0.14730826,232.89465,0.033171993,1616.9004
1055,2021-05-18,-0.9373628,1.0,80025.39,1906.1357,90307.58,906.34766,42.90007,7.04313e-05,,5.3317643e-05,0.00016944154,19204.057,0.15519899,232.92618,0.032481458,1547.9535
1056,2021-05-19,-1.3183908,0.99628174,73135.78,2641.7856,82797.09,1641.7856,24.220776,7.035519e-05,,5.1433257e-05,0.00016278794,22053.857,0.14427523,232.3706,0.031884767,1238.292
1057,2021-05-20,-2.0586867,0.9630813,43598.69,6700.7236,50113.17,5700.7236,21.005463,5.270775e-05,,5.6701796e-05,0.00016902591,22066.18,0.14841646,232.1348,0.02965751,1317.1438
1058,2021-05-21,-2.300553,0.6227925,77205.54,2250.9844,86707.46,1306.3386,10.045817,6.500962e-05,1.1537389e-05,6.0898845e-05,0.0001431879,24159.006,0.15387188,232.42982,0.032762103,881.18427
1059,2021-05-22,-1.9420329,0.78591305,60884.547,4167.267,69184.95,3167.2874,6.835014,7.8920384e-05,,5.8466117e-05,0.00017964709,22065.188,0.15527031,233.40526,0.031971194,1469.8285
1060,2021-05-23,-1.8667808,0.8804231,75822.22,2387.8188,85572.89,1408.9408,12.71892,6.413036e-05,8.687168e-06,6.4326625e-05,0.00017780345,24154.963,0.15860237,233.26044,0.029414734,1205.6504
1061,2021-05-24,-2.127386,0.52963763,89785.64,1110.6582,98568.28,307.0583,8.260594,7.875654e-05,3.137452e-05,5.0330487e-05,0.00017077428,19248.012,0.15264952,232.19884,0.03344285,754.97217
1062,2021-05-25,-1.1286545,1.0,60030.555,4359.6484,68072.695,3359.6484,51.552593,9.263957e-05,,4.649576e-05,0.00015759561,16685.334,0.14610606,232.64053,,
1063,2021-05-26,-1.5684713,0.9043046,73045.85,2717.6934,82679.37,1728.7787,12.805081,7.4727745e-05,6.3625075e-06,6.785998e-05,0.00016287992,22092.006,0.16678984,233.57768,0.029220473,1286.6052
1064,2021-05-27,-1.602024,0.8646459,71775.766,2911.9854,81114.56,1920.7817,19.664038,7.823513e-05,3.059618e-05,5.7005553e-05,0.00018965898,19229.389,0.15345275,232.90076,0.032021686,1295.4456
1065,2021-05-28,-1.5725853,0.76685345,70544.78,3035.8486,79885.78,2041.7759,30.385246,7.836046e-05,2.3951532e-05,5.9206184e-05,0.00018636494,20671.938,0.16182822,233.28503,0.031185254,907.7214
1066,2021-05-29,-1.4644436,0.9011976,84313.07,1599.3582,93695.625,711.1018,13.643013,7.332176e-05,8.961873e-06,6.317234e-05,0.0001878561,22098.512,0.1674716,233.14114,0.030937191,1080.0594
1067,2021-05-30,-1.8506593,0.0042215046,79088.58,2183.7432,87092.15,1377.8177,3.0295458,8.227144e-05,1.7267115e-05,6.500432e-05,0.00019977186,22117.988,0.15720776,233.53339,0.03171109,621.7444
1068,2021-05-31,-1.9331164,0.00031505228,66978.98,3392.9104,76654.64,2392.9104,3.189935,8.7654684e-05,2.1991682e-05,6.5663e-05,0.00016685897,19247.969,0.16160801,232.52795,0.031554632,639.1387
1069,2021-06-01,-1.5949547,0.8388139,76550.84,2428.2708,86233.29,1448.3308,16.150547,7.678151e-05,1.6280655e-05,6.37989e-05,0.00019663433,22112.824,0.15936488,232.30334,0.03155202,1180.824
1070,2021-06-02,-1.9413338,0.2978344,86814.92,1446.6206,96061.5,585.611,5.904357,7.4715324e-05,1.1134527e-05,6.353755e-05,0.00018759473,19259.447,0.15385753,231.36206,0.030376766,881.17316
1071,2021-06-03,-1.7257956,0.8874881,74613.71,2704.992,84284.586,1706.2448,11.567734,6.15028e-05,,6.213159e-05,0.00016510847,19261.93,0.1474643,234.1185,0.028560411,885.9136
1072,2021-06-04,-2.07288,0.6283772,77178.05,2430.516,86735.805,1463.58,9.150875,6.9322596e-05,1.5604981e-05,6.206168e-05,0.00018064571,19256.81,0.1498138,233.75345,0.030444957,949.2897
1073,2021-06-05,-1.9080726,0.68966734,71912.08,2961.269,80918.84,2018.1604,13.517553,6.814783e-05,1.1035999e-05,6.058241e-05,0.00018577816,19246.127,0.14793706,233.59836,0.029775005,1810.4181
1074,2021-06-06,-2.62833,0.40819013,74393.164,2749.5972,82724.09,1854.6309,9.168281,7.845229e-05,1.994735e-05,6.0125138e-05,0.00015196754,16686.186,0.14659578,233.87434,0.030714804,2094.391
1075,2021-06-07,-2.352644,0.34314808,79471.76,2191.6821,87518.33,1357.65,5.8799725,8.221305e-05,1.9591942e-05,6.326095e-05,0.00019625734,19163.547,0.15453847,233.78041,0.030670535,1563.5292
1076,2021-06-08,-2.2839968,0.49054968,60358.2,4504.9707,68287.79,3521.9478,5.293125,7.8241595e-05,1.4919228e-05,6.4424516e-05,0.00018481223,19236.885,0.14829212,234.50214,0.028752897,2288.9958
1077,2021-06-09,-2.141956,0.66702044,71612.055,3074.1338,79531.64,2200.3845,9.765261,7.9022924e-05,2.0081738e-05,6.252888e-05,0.0001909303,19235.154,0.15427183,233.4808,0.03147482,2050.8354
1078,2021-06-10,-2.2277145,0.57679105,73583.51,2770.774,82541.5,1819.0166,9.321392,7.916553e-05,,5.9342186e-05,0.00023795862,16684.217,0.15082835,233.61717,0.029477326,1676.8162
1079,2021-06-11,-2.0252507,0.8081146,60375.355,4407.182,68077.53,3441.531,9.421162,7.706322e-05,3.4346226e-06,6.890238e-05,0.00015993911,19231.932,0.15813895,234.0953,0.026957462,2209.4912
1080,2021-06-12,-2.24176,0.6251703,63506.562,3971.0396,71691.9,2988.1133,6.343096,8.0133424e-05,1.36678755e-05,6.550763e-05,0.00019697413,16675.773,0.15180835,234.23907,0.028226906,1843.2356
1081,2021-06-13,-1.3599174,0.9997457,56439.89,4745.355,64177.312,3745.355,28.973211,7.1722294e-05,,6.805586e-05,0.000186875,19217.207,0.16529128,233.3459,0.027913397,2033.9287
1082,2021-06-14,-1.8775797,0.28568062,80477.67,2077.6577,88963.66,1219.639,4.128685,8.6265056e-05,2.3316952e-05,6.2324296e-05,0.00019975114,14418.799,0.15181619,235.09431,0.030116253,1168.9631
1083,2021-06-15,-2.034303,0.7620069,65153.902,3878.4763,73660.2,2881.5242,9.272748,7.189167e-05,-8.47328e-06,5.8755606e-05,0.00017698441,14417.27,0.14495702,233.60812,0.026680447,2129.1792
1084,2021-06-16,-2.0220442,0.0,,,,,,8.1556725e-05,1.9013762e-05,6.254296e-05,0.00015617728,14419.331,0.14464775,233.8538,0.02991947,897.1436
1085,2021-06-17,-1.877721,0.0,,,,,,8.3208186e-05,2.4147419e-05,5.906077e-05,0.00020300108,13053.807,0.13852274,232.38731,0.02973371,1013.91833
1086,2021-06-18,-2.2507033,0.0,,,,,,8.345682e-05,2.5232604e-05,5.8224214e-05,0.00019050564,13053.605,0.13739902,234.36447,0.02894637,1208.7864
1087,2021-06-19,-2.2945104,0.05717186,87849.11,1294.6986,95657.19,583.7571,2.6570635,7.867659e-05,1.8425038e-05,6.0251547e-05,0.00018238681,14419.81,0.13647906,234.81,0.02989247,1397.3525
1088,2021-06-20,-2.2067113,0.11016103,84566.08,1707.5001,91148.64,1001.17505,6.707588,8.0536425e-05,2.2600121e-05,5.779374e-05,0.00018624996,16687.086,0.13505575,235.4144,0.02911173,2173.7544
1089,2021-06-21,-1.9060144,0.00013389526,81480.37,1935.6012,91626.336,935.6014,4.847675,8.277149e-05,2.548106e-05,5.7290432e-05,0.00019680601,16684.15,0.13206857,235.73999,0.029241571,1795.189
1090,2021-06-22,-2.4766462,0.23603752,85625.9,1523.3497,93068.99,778.1883,5.209708,8.778154e-05,2.5758116e-05,6.097954e-05,0.00016424812,16681.414,0.13938367,235.58534,0.030149823,2283.5483
1091,2021-06-23,-1.2753003,0.46469334,76859.45,2664.9172,84265.33,1861.7332,11.262879,8.935202e-05,2.0848223e-05,6.205232e-05,0.00019986439,14417.549,0.13856944,236.1777,0.030717203,2645.627
1092,2021-06-24,-2.0741112,0.18542977,80864.375,2060.0886,89120.99,1202.3049,5.6719007,8.60653e-05,1.9991774e-05,6.633911e-05,0.00020368875,14417.776,0.13459419,236.52634,0.03190518,2801.9087
1093,2021-06-25,-1.6632808,0.7322523,70906.555,3190.0723,78962.78,2271.0605,17.683165,0.00010896467,3.1898177e-05,5.9938393e-05,0.00020371898,15548.496,0.13465455,235.22188,0.031595558,2784.8071
1094,2021-06-26,-1.255718,0.9897826,88432.03,1221.1716,97200.08,383.2797,21.494747,7.943668e-05,,5.7842328e-05,0.00020248175,16683.076,0.13190243,235.26413,0.029446792,2204.0574
1095,2021-06-27,-0.93400246,1.0,77603.01,2308.43,87455.32,1309.2937,26.85215,7.592526e-05,,6.0909675e-05,0.00014784334,16681.818,0.14208944,236.15276,0.026205638,2306.426
1096,2021-06-28,-1.7454854,0.7442045,66549.92,3638.9873,74967.59,2665.0579,17.537754,7.761863e-05,1.3607516e-05,6.849744e-05,0.00020608245,19231.043,0.15115637,234.80539,0.024985503,2744.1987
1097,2021-06-29,-2.103441,0.22273141,83778.234,1734.7361,90073.78,1073.213,3.8828902,8.1729886e-05,1.6467013e-05,6.546336e-05,0.00019968154,19229.36,0.14967307,236.17603,0.025881423,1793.1565
1098,2021-06-30,-2.087278,0.04603447,82209.52,1834.9785,90359.914,1007.15576,5.7625422,9.162566e-05,2.7088749e-05,6.4466774e-05,0.00020738528,16677.445,0.14548779,236.1712,0.028773518,1375.3096
1099,2021-07-01,-2.352011,0.5341766,73398.38,2827.8892,81088.31,1966.9064,14.179429,8.882336e-05,3.2702766e-05,6.0264127e-05,0.00020375501,15545.743,0.13846757,235.2883,0.029211894,2320.9177
1100,2021-07-02,-1.3947582,0.880325,45653.445,6588.5884,52063.05,5589.719,10.935252,7.4737945e-05,1.364249e-05,6.550065e-05,0.00015273425,16676.727,0.14504461,236.07013,0.02792627,2067.326
1101,2021-07-03,-0.56993246,0.48633277,74264.72,2661.8748,83348.234,1707.8862,9.067339,8.404511e-05,1.3069295e-05,7.11475e-05,0.00022151787,16678.275,0.14514098,235.15839,0.02801985,1621.0469
1102,2021-07-04,-0.5620127,0.7213562,72006.34,2926.2922,81052.36,1939.028,10.645254,7.938723e-05,1.2352433e-05,6.690688e-05,0.00019451484,16679.441,0.1447357,233.61784,0.027544584,2036.9648
1103,2021-07-05,-1.076837,0.6869874,50756.227,5658.38,57873.633,4665.719,6.284062,8.8103145e-05,2.2228522e-05,6.53734e-05,0.00019161959,16680.057,0.1422875,235.41626,0.02817677,2615.5996
1104,2021-07-06,-0.9821623,0.9943961,44569.92,6438.418,51088.656,5438.418,81.470116,8.165068e-05,,5.725072e-05,0.00017227986,16683.018,0.14382242,235.1539,,
1105,2021-07-07,-0.46772647,0.3523631,73058.59,2874.5466,81142.09,2008.5764,5.651166,8.0848185e-05,2.110823e-05,5.7748406e-05,0.00019790081,14419.268,0.13479295,235.5555,0.03083783,2149.8303
1106,2021-07-08,-1.4618565,0.4495227,72145.86,2852.9443,80538.66,1953.0717,8.213847,7.730786e-05,1.937172e-05,5.8242105e-05,0.00015012389,13053.426,0.13251287,235.31226,0.028903196,2316.078
1107,2021-07-09,-0.62518066,0.2254822,83434.3,1650.9976,91910.64,845.9197,5.326018,8.2135564e-05,2.1966494e-05,6.0349455e-05,0.00019389205,14419.514,0.13448706,236.37263,0.028706076,1892.9233
1108,2021-07-10,-0.5524199,0.19199106,80694.695,1919.6228,89557.67,1058.6731,4.7040253,7.9157304e-05,1.8051544e-05,6.0554266e-05,0.00018873715,14426.717,0.1332914,236.43347,0.029926434,1178.6355
1109,2021-07-11,-0.6563329,0.1988835,80038.53,1978.4728,88264.64,1167.4016,3.7969093,8.546624e-05,2.7975002e-05,5.9194503e-05,0.00019271317,14418.874,0.13348618,235.95448,0.030274391,1982.3542
1110,2021-07-12,-1.2979504,0.30260628,67049.42,3495.4155,74915.94,2597.3389,5.306531,8.515248e-05,2.4954055e-05,6.0666505e-05,0.00019928512,14423.377,0.13458814,236.01361,0.029720254,1927.5504
1111,2021-07-13,-1.2989395,0.046609014,79988.29,1987.315,88930.57,1109.9487,4.571774,9.5894036e-05,3.1672807e-05,6.3966945e-05,0.00017535464,16684.014,0.13518447,236.95387,0.031522427,2298.0042
1112,2021-07-14,-0.19762042,0.9595956,63536.562,3804.296,72092.875,2814.208,54.552406,8.0704405e-05,,6.2581385e-05,0.00019387828,16681.867,0.13594931,235.91399,0.032177746,2652.1865
1113,2021-07-15,1.5433202,0.057732992,86680.03,1348.2349,94289.3,638.1389,4.29432,8.963501e-05,2.28473e-05,6.678772e-05,0.00021189523,14415.689,0.13194059,236.61615,0.030462824,1996.6567
1114,2021-07-16,1.3120427,0.122388825,85286.234,1447.9371,94729.625,576.0817,6.0986967,8.3574945e-05,1.5085439e-05,6.856513e-05,0.00020585008,14416.377,0.13374189,236.11862,0.029916938,2047.9875
1115,2021-07-17,0.022547305,0.607109,44901.285,7235.632,51023.117,6259.74,22.207321,7.853564e-05,2.0066353e-05,6.3363615e-05,0.00019452587,14416.391,0.13513124,237.24675,0.028418845,3831.5913
1116,2021-07-18,-1.4452174,0.5185413,78055.195,2199.363,86862.42,1319.3511,7.0155044,8.0311744e-05,1.9764952e-05,6.34381e-05,0.00016066935,14414.447,0.1388039,235.72745,0.03154904,2581.956
1117,2021-07-19,-0.22980714,0.43711686,82206.375,1748.949,91856.03,833.47437,8.837315,7.820365e-05,1.35423825e-05,6.604512e-05,0.00020824795,19225.771,0.13877225,235.10896,0.03928055,1383.0408
1118,2021-07-20,-0.2997678,0.33945996,78687.64,2110.5417,87961.55,1196.6158,6.3932524,7.702406e-05,1.2796763e-05,6.653265e-05,0.00019669445,16681.258,0.14773571,236.0149,0.03582657,1192.6797
1119,2021-07-21,-0.6843949,0.38329613,81406.9,1841.4484,90476.625,967.09656,5.88039,7.5746575e-05,9.128572e-06,6.65354e-05,0.00019221492,16682.965,0.14658289,236.45134,0.03805977,1318.8208
1120,2021-07-22,-0.18897498,0.040991463,86899.18,1301.2692,95192.47,537.8489,4.6060705,8.489244e-05,1.8907449e-05,6.5985e-05,0.00020669692,16687.32,0.14942345,236.41028,0.042232513,1069.7466
1121,2021-07-23,-0.28872925,0.22856551,83710.16,1598.6974,93102.06,717.74615,5.760386,7.888685e-05,1.2921873e-05,6.5355154e-05,0.00020774564,16682.934,0.1448791,236.48941,0.04932112,1413.0254
1122,2021-07-24,-0.48562598,0.014821033,83126.74,1695.3508,91222.35,912.36505,4.2010417,8.1755206e-05,1.3943023e-05,6.791862e-05,0.0001687005,16684.863,0.14473605,235.6983,0.036022298,1063.9094
1123,2021-07-25,-0.16526207,0.200211,79620.984,2003.3933,89184.7,1074.412,5.3968143,9.005813e-05,2.4362333e-05,6.5974804e-05,0.00021144853,16687.223,0.15165934,235.78358,0.03323748,1351.0422
1124,2021-07-26,-0.7378013,0.27980927,81375.375,1852.954,90379.99,985.40137,6.1472464,8.380902e-05,1.7215243e-05,6.630186e-05,0.0002005476,16687.23,0.14665546,236.73279,0.043691505,1700.3643
1125,2021-07-27,-0.83722204,0.67134327,55969.703,4834.0596,63768.387,3835.042,8.175596,9.653673e-05,3.5683952e-05,5.898567e-05,0.0001982305,16680.863,0.14235164,236.03172,0.038724065,4181.475
1126,2021-07-28,-0.9014231,0.43092313,75418.766,2468.7896,84733.56,1521.6299,8.7178135,8.5974396e-05,2.3651111e-05,5.8256777e-05,0.00019834502,16679.21,0.13903335,235.13756,0.030643392,2652.0825
1127,2021-07-29,-0.76164335,1.0,71521.47,2849.2893,81050.586,1849.2892,33.863274,7.196506e-05,,5.8624995e-05,0.00014564738,16675.111,0.14070614,235.93532,0.035434507,3280.8335
1128,2021-07-30,-0.46745914,0.32613474,82998.516,1684.1428,91857.58,841.02625,9.186527,8.491332e-05,2.298044e-05,6.214077e-05,0.00020576481,19216.016,0.14485355,234.92696,0.034896642,1131.5192
1129,2021-07-31,-0.3436239,0.16437334,41232.438,7629.8833,46450.875,6698.5586,7.004772,8.4551015e-05,2.2648495e-05,6.131791e-05,0.00019271445,16673.89,0.14041881,236.57608,0.03197595,1995.942
1130,2021-08-01,-0.47793567,0.3129149,41999.12,7535.781,47897.957,6552.4385,7.99599,8.046645e-05,1.6015863e-05,6.3251275e-05,0.00018657019,16674.8,0.14208329,236.29556,0.035165783,2026.4031
1131,2021-08-02,-0.9293406,1.0,55060.36,5015.5396,62755.938,4015.5396,105.14403,0.000111621775,,5.2140207e-05,0.00017436809,17935.32,0.14599755,235.87845,0.02956665,1978.5645
1132,2021-08-03,-0.9723968,0.7740682,76215.22,2368.4773,85608.54,1422.2972,20.429045,7.160204e-05,8.572984e-06,6.319645e-05,0.00015226935,19226.355,0.15388824,235.31885,0.038554505,1390.8418
1133,2021-08-04,-0.4194326,0.8784541,60811.098,4149.1562,69169.63,3149.1565,19.435028,7.8551835e-05,,6.2630206e-05,0.00019975813,22095.021,0.15400997,234.6737,0.032275874,976.1168
1134,2021-08-05,-0.3995735,0.8849108,76251.83,2349.5708,86247.48,1352.4218,12.888676,7.430659e-05,2.3003016e-05,6.199731e-05,0.0001889547,19228.27,0.15295133,235.97174,0.037761673,976.5199
1135,2021-08-06,-0.73774546,1.0,61635.77,4030.0464,70088.19,3030.0464,88.669205,8.2508675e-05,,5.4865326e-05,0.00017666453,16665.955,0.14604807,235.48724,0.028978597,2027.1383
1136,2021-08-07,-0.75056446,1.0,75474.016,2418.9897,85424.336,1418.9897,33.762737,7.561836e-05,,5.576559e-05,0.00017386276,19207.914,0.14831984,234.91388,,
1137,2021-08-08,-0.7816299,0.5899888,66980.36,3477.3086,74889.81,2574.1775,14.67906,6.3685744e-05,6.3091073e-07,5.954125e-05,0.00018307005,16679.57,0.13536042,235.13188,,
1138,2021-08-09,-2.1133833,0.6965608,70252.87,3040.4026,79192.7,2079.07,10.118757,7.975293e-05,3.0631956e-05,5.831473e-05,0.00015584126,16689.324,0.14201587,234.71852,0.044437014,1712.8334
1139,2021-08-10,-1.0245022,0.4944262,71218.836,3355.3516,79349.07,2437.6575,7.8464413,8.136048e-05,1.9356292e-05,6.192341e-05,0.00019912291,19242.373,0.14419705,234.85797,0.037787624,1682.821
1140,2021-08-11,-0.83713704,0.982848,56052.906,5215.689,63702.96,4215.689,51.846687,8.1750375e-05,,5.746552e-05,0.00018019695,19231.14,0.14700033,235.11464,0.037844766,1397.3168
1141,2021-08-12,-0.72656846,0.8230831,71631.69,3096.5854,80718.92,2116.3997,15.609323,7.384324e-05,1.2350207e-05,6.3794556e-05,0.00019676867,22099.803,0.15305416,234.50012,0.035703428,1672.4548
1142,2021-08-13,-0.5358815,0.35388657,91638.0,963.84314,99879.125,202.27563,6.6457562,7.4298354e-05,1.9715697e-05,5.761705e-05,0.00019200408,17965.775,0.13654396,234.91168,0.044774488,1264.6516
1143,2021-08-14,-1.6485583,0.18030229,61708.84,4260.0312,69794.266,3260.0312,6.4905596,8.478347e-05,2.6454518e-05,5.825198e-05,0.00015464812,16686.11,0.13492583,233.8053,0.03624012,4802.617
1144,2021-08-15,-0.7263202,0.7898954,70717.47,3060.1348,79724.625,2061.0205,15.031663,7.4579075e-05,1.3256617e-05,5.742417e-05,0.00018378964,16680.012,0.13395187,233.9747,0.035821244,1840.1633
1145,2021-08-16,-0.2737763,0.07187302,61877.07,5012.463,68420.72,4145.381,3.8207493,7.954692e-05,1.69653e-05,6.25441e-05,0.00019750882,16677.727,0.14257923,235.16977,0.03426362,1560.111
1146,2021-08-17,-0.618655,0.99999887,73926.39,2695.126,83266.05,1695.1257,33.378414,0.00016022868,,5.6050016e-05,0.00021495565,15544.452,0.13893943,235.42508,,
1147,2021-08-18,-0.7003023,0.9279423,81171.34,1850.0466,91532.125,855.7296,12.365018,6.3782325e-05,1.7439388e-05,5.9566562e-05,0.00017992055,20649.543,0.14459278,233.6749,0.03431018,1084.8093
1148,2021-08-19,-0.9700084,1.0,79403.84,2029.915,89565.26,1029.915,46.35831,6.984217e-05,,5.0963532e-05,0.00014090851,16675.053,0.13832353,233.79112,,
1149,2021-08-20,-0.09637728,0.95804155,77133.69,2332.566,87017.84,1337.7778,17.88327,6.747759e-05,,5.656846e-05,0.00018842772,16682.57,0.13816641,233.03241,0.040092435,1408.9989
1150,2021-08-21,-0.59079605,0.50167406,84236.99,1630.8525,93438.03,747.66626,8.179678,7.17414e-05,1.5261965e-05,5.7875164e-05,0.00018560872,16684.844,0.1420418,234.33405,0.034866463,975.15826
1151,2021-08-22,-0.45742413,0.57118857,82465.2,1823.7637,92001.59,898.6714,6.360336,7.330343e-05,1.5181358e-05,5.641774e-05,0.000184325,19243.582,0.14384489,234.62997,0.037723772,941.0957
1152,2021-08-23,-0.5472058,0.38030052,86938.6,1400.7068,96280.64,522.98883,5.936727,8.218778e-05,2.1388918e-05,5.504181e-05,0.00019660982,16690.691,0.14048013,234.03888,0.051413387,980.178
1153,2021-08-24,-0.57639384,0.4299672,79347.91,2249.9854,88926.28,1282.1184,6.0317636,6.568108e-05,1.3690983e-05,5.4672375e-05,0.00018613075,16692.238,0.14149338,233.54245,0.04964813,581.59656
1154,2021-08-25,-1.2535757,0.358814,83475.89,1669.5914,93255.19,748.1307,8.15066,7.167479e-05,1.3075721e-05,5.593704e-05,0.00015472357,16683.666,0.14021227,233.10126,0.044029307,646.0545
1155,2021-08-26,-0.6682279,0.9999878,59234.234,4384.123,67142.875,3384.123,26.3253,7.803098e-05,,5.6361037e-05,0.00017227951,19211.445,0.13766637,233.70587,0.042536825,1364.2125
1156,2021-08-27,-0.827755,0.44960618,77487.29,2375.6973,86335.02,1466.3805,6.2028446,7.263207e-05,1.2363948e-05,6.121938e-05,0.00019302161,19229.467,0.14226705,234.5339,0.042954315,1593.298
1157,2021-08-28,-0.76946855,1.0,55217.227,4965.577,62811.027,3965.5771,40.250324,9.752817e-05,,5.304465e-05,0.0001739124,19227.578,0.14400509,233.61375,,
1158,2021-08-29,-0.5044085,0.9999999,88100.22,1205.2927,98059.36,277.75604,34.480015,7.357728e-05,,5.0869417e-05,0.00018523619,16690.145,0.1354143,232.88835,0.042704776,1301.8536
1159,2021-08-30,-1.4285197,1.0,64188.223,3837.8345,72627.59,2837.834,28.65412,6.586825e-05,,5.0994586e-05,0.00013921884,16680.732,0.13120368,233.15343,0.038152292,3688.3872
1160,2021-08-31,-0.8770466,0.98108053,61448.477,4268.404,69353.484,3294.265,32.48941,7.942272e-05,,5.4267803e-05,0.00019581305,19221.08,0.13647375,232.83482,0.038774762,2236.2515
1161,2021-09-01,-0.6772051,0.8753595,69808.375,3172.827,78962.22,2174.627,8.963491,6.574718e-05,2.5445356e-06,5.6093282e-05,0.00017513253,17948.895,0.13600773,232.98662,0.04070497,831.94257
1162,2021-09-02,-0.56100476,0.6432169,80636.19,1952.9307,90656.91,993.00415,6.841649,6.316129e-05,8.997427e-06,5.262855e-05,0.00016971343,19238.219,0.1394515,232.66803,0.04174707,652.8849
1163,2021-09-03,-0.7985914,0.8713261,81976.91,1792.3691,91881.09,834.789,12.180905,6.815212e-05,2.1622147e-05,4.8542304e-05,0.00017266354,16676.072,0.12831426,232.55237,0.038284786,1138.727
1164,2021-09-04,-1.3309644,0.43515888,82052.63,1811.5814,91520.23,918.40533,8.751489,6.939144e-05,1.7014921e-05,5.34995e-05,0.00015337436,19239.594,0.13608335,231.9638,0.043023717,630.5644
1165,2021-09-05,-0.5669711,0.67906237,76764.92,2403.9482,86772.03,1423.9863,10.252466,7.43203e-05,1.9364066e-05,5.3673495e-05,0.0001882886,19258.074,0.14128198,231.05505,0.042431448,456.9402
1166,2021-09-06,-0.27487826,0.20282039,73571.41,2854.9082,81801.07,1973.0967,6.707238,9.032745e-05,3.702964e-05,5.4775555e-05,0.00019910728,16697.76,0.13976084,233.19128,0.040357552,726.1185
1167,2021-09-07,-0.21711351,0.34794876,86070.4,1514.0789,95685.19,617.53204,6.120043,7.447976e-05,2.4087365e-05,5.4514152e-05,0.00018792297,16696.371,0.14186724,233.00238,0.0397162,843.8175
1168,2021-09-08,-0.16903234,0.00017201985,77947.02,2478.2986,84174.83,1765.8295,4.948955,7.778536e-05,2.447392e-05,5.3311436e-05,0.00019102792,14420.868,0.12684453,232.24817,0.03579428,1335.0029
1169,2021-09-09,-0.5340611,0.045690864,92401.4,880.47266,99333.83,230.03743,5.8316455,8.113939e-05,2.9127112e-05,5.201228e-05,0.00020744841,13052.676,0.12528616,232.8614,0.033959527,1317.6992
1170,2021-09-10,-0.92994094,0.0,,,,,,8.411551e-05,3.316704e-05,5.0948463e-05,0.0001683495,14418.168,0.12357063,232.21745,0.03624223,1047.2968
1171,2021-09-11,-0.28425425,0.13091034,88036.82,1272.3429,96079.86,499.4811,3.5969257,8.5923195e-05,3.8264065e-05,4.7659127e-05,0.00018552199,14417.219,0.12572119,231.74689,0.036126666,1840.351
1172,2021-09-12,-0.62215126,0.41916066,86165.25,1433.0583,94915.89,586.5457,5.3629065,7.1206916e-05,2.7433354e-05,4.4421475e-05,0.00018065164,16681.922,0.12963752,230.4245,0.036572948,1786.1959
1173,2021-09-13,-0.569065,0.6144727,81271.15,1900.6951,91021.914,935.92847,9.391465,6.1029517e-05,1.9807147e-05,4.2793283e-05,0.00016332362,16679.55,0.12809508,229.93817,0.036414362,1233.7955
1174,2021-09-14,-0.3956092,0.2902642,56126.28,5268.865,63674.664,4277.4126,6.168304,7.491329e-05,2.5599045e-05,4.273875e-05,0.00016541964,14418.512,0.12156344,228.93372,0.040885296,754.7447
1175,2021-09-15,-1.7182988,0.73467463,77814.25,2269.569,87991.984,1269.5691,10.498328,7.3535346e-05,,4.035433e-05,0.00014255667,14419.248,0.12247492,230.10225,0.035099607,1174.8065
1176,2021-09-16,-0.7331812,0.7418637,62175.086,4111.163,70352.9,3111.163,6.853836,8.506507e-05,3.920857e-05,4.4502813e-05,0.0001713602,16685.887,0.12723094,228.79074,0.033946984,1532.9753
1177,2021-09-17,-0.7642764,1.0,84845.016,1505.1757,94966.58,549.82684,42.972958,8.866888e-05,,4.2230815e-05,0.00017545174,16678.84,0.12854695,229.86154,0.035616465,1507.6199
1178,2021-09-18,-0.6834693,1.0,54923.742,5005.16,62445.68,4005.16,50.692825,7.189458e-05,,4.508506e-05,0.00014647405,16680.094,0.1209805,230.12302,,
1179,2021-09-19,-0.7688799,0.9999999,66000.01,3507.5728,74681.8,2507.5728,41.04852,,,,,,0.12618354,230.24539,,
1180,2021-09-20,-1.4728059,1.0,85956.79,1382.3269,96521.02,429.34164,34.529312,8.584534e-05,,4.156381e-05,0.00014950952,22092.53,0.13184738,230.21918,0.03825213,827.52454
1181,2021-09-21,-0.7672739,1.0,76924.69,2309.2717,87214.14,1309.2717,53.249557,8.766127e-05,,4.2488537e-05,0.00017201446,22105.945,0.13451329,229.19373,0.034710772,528.7086
1182,2021-09-22,-0.7131556,1.0,85620.766,1461.8502,96421.375,474.8053,34.944572,7.543457e-05,,3.9834726e-05,0.00015234308,19242.543,0.14118993,229.06361,0.03253403,669.8952
1183,2021-09-23,-0.33638248,0.90881616,50713.477,5567.888,57817.402,4567.888,8.195843,6.3742715e-05,6.057875e-06,4.157616e-05,0.00014975676,16678.082,0.13191818,229.18889,0.03306377,930.65125
1184,2021-09-24,-0.49987364,0.97061837,78462.375,1988.0046,88715.61,988.5791,14.771797,6.189242e-05,,4.6006924e-05,0.00017415841,22017.246,0.14948049,229.23276,0.033540722,1004.6889
1185,2021-09-25,-0.8630505,0.9891168,82738.16,1647.8458,93091.125,653.756,19.823513,6.326217e-05,,3.9010352e-05,0.00016134503,14411.008,0.1246476,228.90964,0.03365078,750.5758
1186,2021-09-26,-0.557526,0.0,,,,,,6.488711e-05,2.3750916e-05,4.1136187e-05,0.00014630008,14420.125,0.119934425,227.37227,0.036892265,752.1943
1187,2021-09-27,-0.2640202,0.776988,87911.27,1319.3999,98667.76,350.86615,7.403471,5.9986323e-05,2.1202493e-05,4.027604e-05,0.00016424281,14423.008,0.12573202,228.00836,0.0354048,647.1326
1188,2021-09-28,-0.3926258,0.87325853,83450.34,1756.5933,94324.58,756.59314,8.642283,5.242832e-05,,4.0369185e-05,0.00015377041,16699.098,0.13218449,227.32477,0.03759407,783.95514
1189,2021-09-29,-0.35753012,0.99785244,85783.83,1577.0314,96578.22,577.0314,18.34503,5.7627934e-05,,3.8178605e-05,0.00015334383,16702.387,0.1286876,226.97708,,
1190,2021-09-30,-0.21171287,0.002775643,93283.445,837.08746,100575.55,193.30554,5.7697315,5.812898e-05,1.7543678e-05,4.0585306e-05,0.00016996724,16699.443,0.124936305,226.59576,0.037406906,770.56665
1191,2021-10-01,-1.6174076,0.99969345,78882.01,2216.3762,89265.234,1216.3761,43.293175,0.000121685254,,3.6811558e-05,0.00014951415,16700.438,0.12863699,226.88425,0.035296667,619.8106
1192,2021-10-02,-0.45258388,0.7754538,66636.125,3613.5322,75338.91,2633.5586,19.254335,6.965987e-05,3.105584e-05,4.094762e-05,0.00018230345,16695.527,0.1487906,226.61975,0.03308013,1200.6528
1193,2021-10-03,-0.3227468,0.32991853,62605.93,4501.324,69641.4,3613.9473,3.9546728,6.530526e-05,2.660224e-05,4.142575e-05,0.00016898593,15552.051,0.1333614,226.6738,0.034859203,1089.8663
1194,2021-10-04,-0.06406309,0.66338027,45228.434,6647.8403,51640.93,5647.841,4.981165,5.8960683e-05,7.688661e-06,4.2393345e-05,0.00015918544,14408.659,0.12310448,226.7991,,
1195,2021-10-05,-0.10276939,0.34005967,52549.195,5604.5786,59767.92,4604.5786,5.070204,8.939971e-05,3.9372546e-05,4.456682e-05,0.00020580573,13054.605,0.12599298,226.25783,0.033981,853.8989
1196,2021-10-06,-0.5734532,0.0,,,,,,6.061414e-05,1.5904534e-05,4.4709606e-05,0.00015691493,14423.358,0.12692359,226.26135,0.032993156,694.0609
1197,2021-10-07,0.16139533,0.0,,,,,,8.2371414e-05,4.0770203e-05,4.1601215e-05,0.00021106194,15567.094,0.12005553,225.7182,0.03696872,328.01404
1198,2021-10-08,0.05262336,0.0,,,,,,7.3790594e-05,3.6646357e-05,3.7144244e-05,0.00017878317,14429.694,0.1210963,224.2999,0.035302367,466.5954
1199,2021-10-09,-0.0012375563,0.0053465487,85279.69,1666.0383,96160.6,666.0384,4.1962514,7.93022e-05,4.3962875e-05,3.533932e-05,0.00017354492,16710.562,0.11719383,225.10558,0.036306933,446.30524
1200,2021-10-10,0.0069099665,0.005981134,84043.14,1715.876,95093.36,715.8761,5.680442,7.5019285e-05,4.1288804e-05,3.373048e-05,0.00017363057,16704.91,0.12998275,223.23405,0.03524622,493.2604
1201,2021-10-11,-0.2951273,0.78380114,62089.805,4052.1265,70193.125,3052.1265,10.050259,6.1968385e-05,4.0942046e-05,3.4481396e-05,0.0001598367,19249.531,0.13387299,225.29974,0.031964432,652.9182
1202,2021-10-12,-1.0547217,0.40616754,83782.79,1575.3071,93963.59,626.7594,11.861535,6.8127694e-05,3.466306e-05,3.6782967e-05,0.00014666552,19222.31,0.14046687,225.48938,0.03567129,644.42053
1203,2021-10-13,-0.07677287,0.6635353,86443.05,1345.5115,96533.414,422.3071,8.361328,7.242366e-05,4.4823795e-05,3.90465e-05,0.00018783828,22086.047,0.14143075,226.75658,0.035329156,569.19385
1204,2021-10-14,0.11022772,0.82163143,86666.94,1358.687,97166.74,406.19186,7.230741,7.678308e-05,2.625829e-05,3.7120357e-05,0.00018124822,19241.809,0.15185334,226.92575,0.03544236,508.15204
1205,2021-10-15,-0.26281545,0.9988769,72725.05,2730.5168,82429.84,1730.5168,30.785923,0.00011542018,,3.985776e-05,0.00017281924,16675.42,0.13286841,226.9278,0.02905172,999.66486
1206,2021-10-16,-0.029492378,0.85213745,74270.3,2562.884,84258.67,1567.7426,18.666115,6.3825166e-05,1.686272e-05,3.433159e-05,0.00016375075,19229.473,0.13243744,225.7688,0.033730775,701.66205
1207,2021-10-17,-1.7730916,0.97269446,73443.875,2648.4946,83356.64,1648.4946,20.803741,7.939577e-05,,2.8512317e-05,0.00013157714,16682.902,0.12634274,224.77977,0.033202935,694.7601
1208,2021-10-18,0.22471812,0.24347374,87021.65,1332.7816,96361.92,483.2814,4.1765985,5.2115614e-05,1.9169165e-05,3.277517e-05,0.00015943973,20672.98,0.13813816,223.23712,0.03505844,415.30493
1209,2021-10-19,0.32691467,0.32973075,69296.51,3385.2878,77141.62,2500.3582,4.2183905,6.658179e-05,3.58389e-05,3.0270487e-05,0.00015053191,19239.75,0.13117468,221.92035,0.036884528,407.73108
1210,2021-10-20,-0.382139,0.99999547,69470.3,3153.971,78502.22,2153.971,81.5199,,,,,,0.12263076,220.34708,0.029866958,1159.6107
1211,2021-10-21,-0.40008703,0.99944365,47183.137,6071.2676,53883.355,5071.2676,79.59145,,,,,,0.12492064,220.62213,,
1212,2021-10-22,-1.5711328,1.0,80330.195,1822.946,90914.22,822.9459,107.692635,5.659783e-05,,3.088568e-05,0.00013478727,22036.387,0.14196746,223.14302,0.03241371,557.2276
1213,2021-10-23,-0.09255484,0.76937073,80284.63,1948.6089,90470.33,976.9332,25.489899,6.2816085e-05,2.5434287e-05,3.3922675e-05,0.00018067656,24153.875,0.15082702,221.0155,0.03457607,616.27057
1214,2021-10-24,0.26954147,0.8161826,69606.19,3373.8926,78853.984,2383.1108,7.7701607,6.587792e-05,,2.69341e-05,0.00014187203,14424.049,0.115609854,221.20206,0.034274854,521.1216
1215,2021-10-25,0.22294617,,,,,,,7.37832e-05,5.177596e-05,2.2007242e-05,0.00015626206,14423.208,0.10679911,219.54999,0.03501013,390.19208
1216,2021-10-26,0.26857957,0.4824965,38238.22,7683.987,43947.742,6683.9873,6.754668,0.00010336838,7.650454e-05,2.4425806e-05,0.00015475105,15556.061,0.11038542,218.40915,,
1217,2021-10-27,-0.30744106,0.9989431,88856.68,1168.4692,98172.02,320.826,57.718166,8.0684826e-05,,2.1968535e-05,0.00014773456,14418.883,0.11001779,218.56064,0.034147557,748.86017
1218,2021-10-28,-1.7573649,0.9984304,80826.77,1987.0614,91106.1,991.1815,89.15116,0.00014266772,,1.949226e-05,0.00012915034,13053.032,0.103120536,219.05313,0.033045568,1925.9606
1219,2021-10-29,0.26740804,0.18533614,93021.72,811.28204,100290.12,148.38443,1.5685816,5.804667e-05,3.174709e-05,2.6299578e-05,0.00016453597,13053.531,0.10896374,219.62766,0.03207785,782.2406
1220,2021-10-30,0.30747166,0.01833344,71892.16,2992.1958,80585.336,1992.1957,3.8802354,5.7057012e-05,3.0236395e-05,2.6820617e-05,0.00016043388,13052.885,0.11348751,218.68454,0.034151204,831.2219
1221,2021-10-31,0.31535628,0.15459403,82805.53,1832.3097,90305.04,1052.7048,3.235259,7.422848e-05,5.2452888e-05,2.1775602e-05,0.000163319,13052.053,0.11815347,218.98709,0.034789175,614.83386
1222,2021-11-01,0.26019943,0.16078699,86496.62,1360.9281,97178.93,366.31216,1.0,5.3213458e-05,3.0767147e-05,2.2446311e-05,0.00015153288,13050.918,0.11845352,219.31999,0.031298008,380.94666
1223,2021-11-02,-1.4059442,0.99424106,89051.51,1071.6437,97335.68,315.94135,72.89682,5.209198e-05,,2.424895e-05,0.00013766545,16676.828,0.13145025,219.34555,0.031233676,1012.4787
1224,2021-11-03,-0.2258271,1.0,56598.39,4584.591,64531.61,3584.5906,148.67502,,,,,,0.13294838,219.6174,0.03060043,1008.5753
1225,2021-11-04,0.26014268,0.8613608,40186.555,7274.74,46135.098,6274.74,12.0481205,5.5767337e-05,,2.5790636e-05,0.00012799446,16680.902,0.12939964,220.18082,,
1226,2021-11-05,-0.26457298,0.99999976,87559.56,1176.3835,97819.234,254.32077,51.15004,6.826325e-05,,2.773188e-05,0.00017359322,19218.025,0.1423085,219.87299,0.032802433,491.37497
1227,2021-11-06,0.09568462,0.97527075,69272.336,3271.675,77759.875,2332.9988,49.840874,7.452075e-05,,2.5819378e-05,0.00014017125,22089.605,0.1409155,220.39807,0.030912597,810.96564
1228,2021-11-07,-1.6545019,0.99943167,51205.617,5420.9473,58492.035,4420.9473,219.0156,,,,,,0.13033503,221.54285,,
1229,2021-11-08,0.0860697,0.8767473,83412.76,1597.5996,93811.39,641.0627,25.89951,4.327455e-05,1.7823097e-05,2.9747061e-05,0.00017375365,22073.129,0.15064415,221.07318,0.031458035,394.68933
1230,2021-11-09,0.37126088,0.011436394,75334.67,2551.422,84777.6,1591.7882,5.151411,7.060719e-05,4.3850778e-05,2.6753383e-05,0.00016807753,15562.71,0.13577402,222.24551,0.03391276,237.58276
1231,2021-11-10,-0.023307763,0.9496813,80135.72,2105.6504,90220.53,1127.1394,18.80339,0.00010423198,4.536646e-05,3.156742e-05,0.00020878171,14423.446,0.12440783,221.60248,0.030176193,880.8447
1232,2021-11-11,0.2879219,0.97543406,54734.316,5022.526,62396.766,4022.526,51.970127,6.701534e-05,,3.0137177e-05,0.00017058654,16690.195,0.12878338,221.23161,,
1233,2021-11-12,0.44371602,0.50102127,72100.766,2806.9106,81942.75,1806.9106,3.6097279,5.7865545e-05,3.0198873e-05,2.6910688e-05,0.00016704186,14418.49,0.12810229,220.86981,0.03276319,506.4224
1234,2021-11-13,-1.2234251,0.9990367,86613.29,1414.0212,97244.695,454.5045,66.2346,7.115518e-05,,2.6573052e-05,0.00017012158,16695.338,0.12611149,220.78885,0.032046594,463.2466
1235,2021-11-14,-0.21746914,,,,,,,6.875743e-05,,2.9200039e-05,0.0001947563,16697.46,0.13257335,219.09555,0.030923557,634.00024
1236,2021-11-15,0.015274495,,,,,,,5.3295822e-05,,2.8604525e-05,0.0001802422,14428.247,0.11569266,218.44772,0.0335299,243.70811
1237,2021-11-16,-0.32333446,0.99928313,95795.97,632.82495,101530.164,125.552505,4.19684,6.327593e-05,,1.9635867e-05,0.0001415112,14424.945,0.12080501,217.50586,0.03265226,636.6758
1238,2021-11-17,-0.27561167,0.99880725,77554.36,2311.597,87655.64,1312.175,74.84135,6.950058e-05,,1.957899e-05,0.0001724374,16690.61,0.12442386,217.6803,0.031834647,608.0711
1239,2021-11-18,-1.3658961,0.8770723,78825.69,2066.3835,89326.15,1066.5636,96.25062,5.7047964e-05,2.17383e-05,2.7973545e-05,0.00016294883,19230.105,0.1421559,219.37785,0.030156592,690.0119
1240,2021-11-19,-0.42944443,0.9634532,64801.21,3688.8657,73522.85,2697.1958,51.688545,8.9203604e-05,,2.2619617e-05,0.00015227665,16671.852,0.13535261,217.69621,0.030533895,1049.5868
1241,2021-11-20,0.5881853,0.4536609,72082.11,2753.0334,81804.43,1753.0333,6.2197495,4.259971e-05,1.7087343e-05,2.5423858e-05,0.00016652932,16673.55,0.12800868,219.12146,0.03416606,507.41345
1242,2021-11-21,-0.5395727,0.9518932,55508.027,4690.133,63338.07,3690.1328,25.889046,7.673368e-05,4.06036e-05,2.4059516e-05,0.00017171713,16662.914,0.13804021,218.74173,0.03312884,1265.4666
1243,2021-11-22,0.42290935,0.22317603,80203.164,1897.1757,91190.445,897.17566,1.0,3.2928383e-05,4.644628e-06,2.8283754e-05,0.00015849914,20676.484,0.14902857,219.21133,0.03321284,138.3532
1244,2021-11-23,-1.9326526,1.0,89534.85,1031.3324,98090.08,278.95392,171.07932,9.388282e-05,,2.5355723e-05,0.00019043841,22090.47,0.1477292,218.99913,0.033083346,476.8024
1245,2021-11-24,-0.4861756,1.0,81084.76,1909.0232,89984.516,1050.0829,93.52609,0.0001044054,,2.236379e-05,0.00016624761,16684.457,0.13689813,216.61453,0.033297174,663.92285
1246,2021-11-25,-0.26161048,0.98737,84537.69,1480.732,94545.625,562.9974,29.682232,8.909173e-05,,2.203562e-05,0.00017960372,16678.45,0.13879871,216.41254,0.032114223,560.2427
1247,2021-11-26,0.48568425,0.97832924,75040.2,2392.9707,84496.64,1446.7202,104.62016,7.7634366e-05,,2.739512e-05,0.00021056633,17933.934,0.15323147,215.85132,0.032895114,330.71945
1248,2021-11-27,-0.21844807,0.9873695,45924.617,5996.0464,52649.742,4996.046,92.882095,,,,,,0.1367276,215.44635,,
1249,2021-11-28,-0.3795862,0.94678175,54406.086,4824.885,62169.78,3824.8845,78.3966,8.6207874e-05,,2.4350114e-05,0.00017837642,22042.568,0.137684,215.23117,,
1250,2021-11-29,-1.4883766,1.0,44480.145,6207.4243,51114.195,5207.4243,171.26326,,,,,,0.14129072,216.04868,,
1251,2021-11-30,-0.034470126,0.8332272,80242.42,1699.2073,90838.35,724.7625,20.347292,4.2898733e-05,,2.8172164e-05,0.00019933548,22000.922,0.16375679,216.2591,0.033631675,366.78784
1252,2021-12-01,-0.08469729,0.72563726,84266.375,1370.2372,94422.72,466.17676,13.02924,6.861255e-05,,2.2894092e-05,0.00020007766,19195.596,0.14218068,215.35895,0.034560226,292.65186
1253,2021-12-02,-0.2400819,0.9991715,74489.8,2283.331,84538.31,1283.331,66.78425,7.0152455e-05,,2.1568245e-05,0.00017064126,21986.955,0.1473055,214.07959,0.031181805,415.40186
1254,2021-12-03,0.03678921,0.6417166,74223.03,2376.6465,84468.91,1385.3541,38.641956,3.575669e-05,-4.971295e-06,2.3760087e-05,0.0001685938,22030.145,0.15424126,213.54712,0.032248385,315.62897
1255,2021-12-04,-1.474038,0.77294695,72675.27,2650.2349,82346.664,1668.2045,145.30038,0.00017989948,,2.3354422e-05,0.0002307584,22057.9,0.14555052,213.64975,0.034845702,657.46063
1256,2021-12-05,-0.38813418,0.9809681,84930.12,1421.9592,95668.79,462.29578,38.761387,9.3815484e-05,,2.1321137e-05,0.00016796893,22073.988,0.14222656,212.12878,0.034842152,349.10712
1257,2021-12-06,-0.40080798,0.9974704,69907.76,2923.5923,79794.67,1923.592,31.74195,,,,,,0.15271974,213.80145,0.034414835,417.2712
1258,2021-12-07,0.13102293,0.9877945,92279.53,789.64734,99354.73,179.52878,1.3616846,6.598784e-05,,1.8017006e-05,0.00017366128,22098.264,0.15634993,215.2764,0.032980926,120.48572
1259,2021-12-08,-0.31492043,0.83382624,80679.73,1879.8569,91546.41,883.1025,1.0,5.6973735e-05,,1.9837458e-05,0.00018781729,19246.566,0.14960599,215.35675,0.034759942,209.21333
1260,2021-12-09,-1.5531404,0.9831695,82734.336,1709.5197,92498.68,807.4066,201.82556,0.0001431209,,1.9317664e-05,0.00019280864,19245.549,0.14121157,216.26022,0.03403356,558.7464
1261,2021-12-10,-0.8180087,0.99899864,55135.984,4848.532,62928.902,3848.5327,123.552734,,,,,,0.15098885,214.96365,,
1262,2021-12-11,,,,,,,,,,,,,,,,
1263,2021-12-12,-0.46739173,0.99933565,49080.594,5742.1855,56237.54,4742.1855,92.211815,7.801304e-05,,2.2043723e-05,0.00019005052,19251.383,0.15872958,214.78302,,
1264,2021-12-13,-0.1674852,,,,,,,0.000114602226,,1.7401708e-05,0.00025676694,16696.314,0.13928936,211.54019,0.036200747,328.7196
1265,2021-12-14,0.29116085,0.5176987,60910.023,4220.4604,69109.78,3220.4604,3.2888696,0.000101217636,7.125959e-05,1.7181539e-05,0.00016812327,16694.84,0.1335352,213.09348,0.03461031,621.5335
1266,2021-12-15,-1.2034081,0.6573063,60800.97,4205.868,69112.32,3205.868,133.88628,,,,,,0.13512434,211.12096,,
1267,2021-12-16,-0.48943317,0.9297439,61731.914,4139.879,70224.39,3147.2766,59.221092,4.6327223e-05,4.151848e-05,1.3538461e-05,0.00010112183,16686.973,0.13088295,211.2193,0.037004583,486.2339
1268,2021-12-17,0.008635022,0.97830963,90838.99,956.8777,99837.39,172.85341,26.366852,3.265626e-05,,1.8062881e-05,0.00013264478,24209.312,0.13350922,214.99335,0.034037415,433.2482
1269,2021-12-18,0.24758676,0.9990622,49577.85,5731.682,56633.652,4731.682,122.42013,,,,,,0.13993129,215.84717,,
1270,2021-12-19,0.17018494,0.5738025,70532.0,2789.2505,80398.85,1791.5627,23.193678,2.9920591e-05,5.748484e-06,2.2882552e-05,0.00016037235,19200.645,0.15912133,216.26208,0.03236799,412.66302
1271,2021-12-20,-1.4707838,0.68763363,80738.68,1756.4425,91796.55,777.0621,129.45078,0.000103576334,,2.1513057e-05,0.0001806006,22074.154,0.1792096,216.71683,0.034900624,243.10321
1272,2021-12-21,-0.051343173,0.7787126,89354.79,1034.7008,98332.34,280.5615,75.77284,8.4708e-05,,2.1075977e-05,0.00017337626,22101.62,0.16087931,213.66989,0.034143105,154.67398
1273,2021-12-22,0.19176933,0.64122474,90982.41,946.08014,100011.74,195.68727,5.199094,0.00014606027,,1.781888e-05,0.00019356438,22130.447,0.16361919,211.1253,0.0371611,226.7485
1274,2021-12-23,-0.31019974,0.9756676,73501.195,2534.612,83858.46,1534.6119,24.132057,,,,,,0.1401613,209.72333,0.035235684,208.41586
1275,2021-12-24,-0.60249656,0.9987689,48903.957,5534.3936,56006.812,4534.394,64.88301,,,,,,0.14427641,210.55331,,
1276,2021-12-25,-1.2533395,,,,,,,2.6954749e-05,,2.401156e-05,0.00014470993,24114.545,0.15951802,215.67053,0.033732533,276.74292
1277,2021-12-26,-0.43754786,,,,,,,8.1017904e-05,,2.2384489e-05,0.00018691842,22066.584,0.15307066,215.92609,0.037801728,274.65076
1278,2021-12-27,0.14564526,,,,,,,8.603528e-05,,2.4622708e-05,0.00020828095,17961.941,0.15222657,218.09837,0.032650355,330.65164
1279,2021-12-28,-0.07863508,,,,,,,8.57233e-05,,2.4671885e-05,0.00021905534,17966.64,0.14507525,219.3804,0.034211483,215.54445
1280,2021-12-29,-0.22559188,,,,,,,6.538005e-05,,2.308579e-05,0.00018972176,16682.008,0.15250924,219.00734,,
1281,2021-12-30,-0.4921734,,,,,,,,,,,,0.14229324,221.52693,0.033623606,1015.6328
1282,2021-12-31,-0.44718087,,,,,,,,,,,,0.13937266,224.799,,
1283,2022-01-01,-0.2803355,0.99446625,85545.39,1385.2832,96219.17,424.29926,37.39573,4.781772e-05,,3.0498086e-05,0.00020968477,16676.643,0.17279503,223.42276,0.030383501,784.6434
1284,2022-01-02,-0.23013288,0.99999285,41208.336,7037.7344,47288.9,6037.7344,132.50015,,,,,,0.13142896,225.12857,,
1285,2022-01-03,0.005703807,0.99973726,75997.31,2271.6477,84986.86,1362.922,74.37526,,,,,,0.17005986,223.5015,0.033571035,690.6387
1286,2022-01-04,-0.18228024,0.97491795,82995.516,1533.8237,92933.61,610.7425,41.904316,7.2427974e-05,,3.0498411e-05,0.00018614643,16663.102,0.16408491,223.58038,0.033144034,548.34094
1287,2022-01-05,-0.9285858,0.6443698,74326.75,2390.7307,84247.3,1397.415,129.09546,0.00013209027,9.670091e-05,2.871809e-05,0.00023748238,22013.725,0.16759187,223.22086,0.033510875,475.00296
1288,2022-01-06,-0.022180825,0.94604385,80039.47,1792.781,90682.94,806.88635,38.76807,0.00011685372,7.687757e-05,2.4192363e-05,0.00018744986,22032.08,0.18599543,221.89749,0.03250866,412.8537
1289,2022-01-07,-0.17422137,0.8856758,77497.33,2167.6333,87174.88,1239.0983,10.691619,0.00010321596,8.809565e-05,2.2550046e-05,0.00018660357,19227.895,0.1536628,225.34038,0.034844216,240.99841
1290,2022-01-08,0.50890994,0.45943314,58429.543,4341.037,66695.57,3341.9417,3.7863228,8.3275685e-05,5.288584e-05,2.8119972e-05,0.00020571021,16687.273,0.1791533,224.78214,0.035734646,162.98213
1291,2022-01-09,0.33725902,0.99817723,79133.67,1922.4401,90075.41,922.44,1.0027268,9.169797e-05,,2.7930266e-05,0.00021792461,19219.455,0.17775413,224.6389,0.033587575,244.27612
1292,2022-01-10,-0.8043079,0.33558968,82263.266,1779.9618,92623.984,829.16644,63.290344,8.362265e-05,6.943652e-05,2.4815197e-05,0.00020287787,19247.516,0.18731165,223.5839,0.032635737,393.18655
1293,2022-01-11,0.16636851,0.4491443,78792.06,2271.1587,87824.36,1409.1614,3.4172966,9.1942224e-05,6.86288e-05,2.3623528e-05,0.00020659453,19276.762,0.15382002,221.42758,0.036236014,151.8551
1294,2022-01-12,0.067171484,0.681502,61923.11,4206.0923,69551.09,3278.9644,15.88786,0.0001036542,8.0956146e-05,2.3240234e-05,0.0002017421,16705.057,0.14642748,223.06717,0.03371282,181.51279
1295,2022-01-13,-0.3501748,0.9998127,42926.64,6774.152,49280.953,5774.1514,7.2924266,8.875634e-05,,2.287803e-05,0.00019222622,14415.9,0.14381026,219.83646,0.03331685,838.7566
1296,2022-01-14,0.4557019,0.8536899,65121.902,3463.9863,74278.27,2464.1055,49.467045,5.0734605e-05,2.0870164e-05,1.8307837e-05,0.00013922126,19197.535,0.1529994,215.97974,0.03273008,376.07758
1297,2022-01-15,-0.21627969,0.9652206,84773.92,1449.9409,94163.55,608.3745,41.82778,2.4279429e-05,,1.5773301e-05,0.000105013925,20658.992,0.15148705,213.26782,0.036393162,276.5199
1298,2022-01-16,-1.2440844,0.9864808,85577.164,1424.7428,94701.086,602.00836,102.14318,6.517337e-05,,1.663535e-05,0.00012238909,16683.906,0.13900003,213.65245,0.032921232,291.34897
1299,2022-01-17,-0.0857878,0.97083116,79743.61,1762.9261,90140.09,790.2862,25.445202,3.55233e-05,,1.8233928e-05,0.00013281556,19173.787,0.18953443,215.1308,0.029971598,360.98517
1300,2022-01-18,-0.071161255,0.5395885,85943.2,1440.4681,94697.5,652.1,11.226742,9.6731346e-05,,1.6008657e-05,0.00014667015,17967.848,0.15559801,212.56815,0.03741649,239.7614
1301,2022-01-19,-0.2568532,0.9992108,59518.16,4486.546,67848.91,3486.546,126.605865,,,,,,0.14313367,211.16948,,
1302,2022-01-20,-0.31860447,0.9880138,75068.7,2299.8994,84510.53,1366.7449,65.83072,3.163778e-05,,1.6517366e-05,0.00011404542,16658.117,0.17240442,210.94278,0.033535108,377.6785
1303,2022-01-21,-0.750668,,,,,,,6.949135e-05,,1.978696e-05,0.0001326677,24091.467,0.17847092,212.79868,0.035834275,433.7486
1304,2022-01-22,-0.060573906,,,,,,,0.00012781008,,2.202878e-05,0.00020976344,20657.7,0.18531317,212.21942,0.03866043,305.307
1305,2022-01-23,-0.05103175,,,,,,,9.8575736e-05,,1.987661e-05,0.00019133603,16700.273,0.15550397,214.06891,0.039634943,275.30066
1306,2022-01-24,-0.17416252,,,,,,,0.00014081859,,1.8460669e-05,0.0001747432,14425.116,0.15739347,212.65352,0.036599513,525.45605
1307,2022-01-25,-0.25243753,,,,,,,8.8161265e-05,,1.5805761e-05,0.000138134,16688.84,0.15299237,213.2768,0.036980502,597.60455
1308,2022-01-26,-1.4235095,,,,,,,9.684447e-05,,1.6510403e-05,0.00012348275,16688.531,0.14853126,214.34966,0.036167,249.50235
1309,2022-01-27,-0.9546933,,,,,,,,,,,,0.14825347,213.99411,0.033439253,744.96124
1310,2022-01-28,-0.22563139,1.0,74077.88,2447.3071,83433.59,1497.6339,100.43304,9.9610865e-05,,2.5931815e-05,0.0001625967,24084.932,0.1656337,217.71678,0.03223765,606.15356
1311,2022-01-29,-0.05472181,0.80861723,85136.92,1401.2551,95734.26,473.80646,17.692104,8.413261e-05,,1.8892431e-05,0.00014996377,17955.455,0.15517089,213.59833,0.038492635,301.2978
1312,2022-01-30,-0.28807935,,,,,,,4.9044065e-05,,1.8943749e-05,0.00013689128,24003.305,0.15416072,215.20563,0.030233558,428.36346
1313,2022-01-31,-0.161138,,,,,,,7.728327e-05,,2.1333277e-05,0.00015642971,22013.312,0.1812005,214.64163,0.035829484,440.4301
1314,2022-02-01,-1.7516191,,,,,,,,,,,,0.15454908,212.01915,0.03474804,329.39355
1315,2022-02-02,-0.59039605,,,,,,,0.00015233645,,1.8996503e-05,0.00014323786,22018.357,0.17343931,212.24982,0.036352485,317.66223
1316,2022-02-03,-0.3660735,,,,,,,8.944999e-05,,2.1031756e-05,0.00018200208,19233.164,0.16324511,212.8567,0.036119454,287.05542
1317,2022-02-04,-0.34365523,,,,,,,0.00010040669,,2.217734e-05,0.00014820481,19231.912,0.15479472,214.94907,0.03573907,493.70914
1318,2022-02-05,-0.69670427,,,,,,,0.00010643412,,2.7256887e-05,0.00019718197,22035.389,0.17862567,219.17845,0.031851456,428.92224
1319,2022-02-06,-0.78945655,,,,,,,0.0001341915,,3.1858264e-05,0.00019662753,22037.201,0.16880536,222.66444,0.03461458,629.0675
1320,2022-02-07,-0.25497526,,,,,,,5.650965e-05,,3.9139217e-05,0.0002068849,24071.355,0.2179895,223.14285,0.03373502,342.44495
1321,2022-02-08,-0.30931666,,,,,,,0.00010318039,,2.4490935e-05,0.00016606851,19227.033,0.16195825,221.73035,0.035471406,239.52629
1322,2022-02-09,-0.219949,,,,,,,7.383655e-05,,2.7543918e-05,0.00016128132,19231.523,0.15726307,220.72029,0.03597933,315.14783
1323,2022-02-10,-0.106545836,0.81070817,81091.734,1819.6316,91742.67,846.7478,8.893178,7.913512e-05,,2.6743946e-05,0.00017346567,16681.59,0.15000632,219.4458,0.034959085,381.29944
1324,2022-02-11,-1.2115294,0.84271514,82955.63,1663.6086,92297.805,796.85345,25.204737,8.6831584e-05,,2.4200644e-05,0.00015940603,22088.432,0.17503098,218.35216,0.03774744,344.46613
1325,2022-02-12,-0.14304304,0.61398304,73087.32,2792.8262,81508.695,1934.0886,2.275511,0.00010072929,,2.1523627e-05,0.00016237516,19258.758,0.1605676,213.95074,0.04096753,440.4915
1326,2022-02-13,-0.07162018,0.6113007,79146.67,2132.4778,88669.79,1208.198,4.319931,0.0001288228,,2.1963371e-05,0.00017212892,16690.953,0.15843564,214.49948,0.04150477,359.64984
1327,2022-02-14,-0.010935754,0.59897846,66870.47,3472.154,75702.3,2472.372,2.810728,0.0001166382,,2.2791733e-05,0.00016834226,14416.021,0.15552494,216.20807,,
1328,2022-02-15,0.030919313,0.61311716,65763.46,3607.2012,73745.87,2701.289,1.7059667,7.766794e-05,4.4318134e-05,2.2069795e-05,0.00017099126,16689.482,0.15145235,216.39203,0.0390265,561.62933
1329,2022-02-16,-0.036784172,0.8564817,40383.82,7255.8047,46680.53,6255.8047,6.6096816,0.0002702669,,2.762573e-05,0.00019702854,22055.082,0.16953063,220.02411,,
1330,2022-02-17,-1.0795125,0.81289405,64025.562,3536.4766,72911.87,2536.4766,19.75895,9.510215e-05,,3.3087934e-05,0.00017009731,23974.992,0.17145613,225.76295,0.02910756,753.95416
1331,2022-02-18,-0.05113855,0.9707642,79860.03,1823.5317,90097.19,855.688,10.120837,5.7908626e-05,,4.0540857e-05,0.00018959725,24082.69,0.17759869,227.09889,0.03309291,484.20096
1332,2022-02-19,-0.36025357,0.99739325,62911.28,3575.5593,71817.26,2575.5593,34.012802,8.063112e-05,,4.642563e-05,0.00020964244,27389.238,0.18828319,229.0012,0.028599767,516.3876
1333,2022-02-20,,,,,,,,,,,,,,,,
1334,2022-02-21,,,,,,,,,,,,,,,,
1335,2022-02-22,-1.795248,0.9992271,83654.11,1410.3931,94155.29,455.67438,32.819836,8.892391e-05,,4.2465406e-05,0.00018608409,22019.87,0.20052867,228.64673,0.032977298,489.97806
1336,2022-02-23,-0.29218233,0.99884284,62464.07,3812.896,71159.11,2812.8958,29.835548,,,,,,0.1753025,229.13583,0.033409663,731.39905
1337,2022-02-24,-0.21603438,,,,,,,7.34223e-05,,4.1767722e-05,0.00019173854,17967.75,0.14109519,231.67538,0.035262335,179.84982
1338,2022-02-25,-0.32390746,0.8432223,61084.36,4045.247,69600.59,3051.857,4.8321056,9.8800534e-05,2.7850523e-05,4.390592e-05,0.00019963874,19225.53,0.18251789,230.72437,0.03578683,407.40594
1339,2022-02-26,-0.20506838,0.96888006,78616.836,2204.3704,89046.84,1212.1165,13.456794,5.5654637e-05,1.6250326e-05,3.922201e-05,0.00016282382,22135.797,0.19506359,228.60489,0.035578527,293.01877
1340,2022-02-27,-0.57820934,0.034612503,71717.805,3017.2605,79854.33,2167.498,2.6303282,6.013043e-05,2.5559155e-05,3.6136018e-05,0.00013870471,16709.545,0.1690704,227.79625,0.037542533,194.90675
1341,2022-02-28,0.1326248,0.2507435,66583.22,3700.1865,75241.5,2743.5583,1.4598988,9.97303e-05,8.685684e-05,3.933914e-05,0.00022630242,17997.793,0.1694909,225.2394,0.037739687,196.76926
1342,2022-03-01,0.14589737,0.16168499,83436.375,1799.5679,89938.28,1177.1217,2.746801,9.462565e-05,7.1244285e-05,3.862336e-05,0.00020298047,19274.645,0.1639274,225.26665,0.036374107,303.0069
1343,2022-03-02,-0.085793525,0.55693245,76967.66,2372.6943,86514.945,1425.6779,3.2878969,0.00010325751,0.0001002831,3.523384e-05,0.00017583361,19254.637,0.16427433,225.12852,0.034882493,310.84845
1344,2022-03-03,-0.35645676,0.92813635,81091.97,1855.7272,91034.84,935.50446,11.019644,8.371602e-05,,3.6570043e-05,0.00016516061,23155.617,0.16895993,223.9545,0.034007058,386.4378
1345,2022-03-04,-0.5256304,0.9975392,85049.56,1496.5134,96192.5,506.84183,15.834368,5.5316865e-05,,3.0927844e-05,0.0001362645,19244.96,0.1871887,222.13272,0.035209928,270.10617
1346,2022-03-05,-1.4564949,0.99838585,84027.414,1612.7855,95259.836,612.78546,17.885168,5.7562196e-05,,3.0959465e-05,0.00011210643,19254.898,0.16677573,220.7896,0.036959283,160.03304
1347,2022-03-06,-0.050599903,0.27807203,80724.266,1990.9448,88163.414,1261.0057,2.551907,5.985741e-05,2.1402959e-05,2.9254938e-05,0.00013532597,19244.387,0.14392158,219.2778,0.03586466,254.45044
1348,2022-03-07,-0.47629687,0.99773276,90226.72,977.59985,99189.53,195.06024,12.5074625,4.3763463e-05,,3.4929122e-05,0.00013760217,22093.426,0.16264611,222.4523,0.03522642,306.5117
1349,2022-03-08,0.0755491,0.18100107,79674.05,2048.416,89137.83,1169.5348,2.0066307,6.08016e-05,2.5268315e-05,3.8838472e-05,0.00016015087,19248.168,0.15992981,223.25208,0.036880553,310.8059
1350,2022-03-09,-0.01822947,0.24668986,83308.12,1735.2229,92626.41,890.22815,2.663117,6.398939e-05,2.2474924e-05,3.7589336e-05,0.00016779381,16695.102,0.17188446,222.8828,0.03653635,231.19275
1351,2022-03-10,-0.5832959,0.023135424,80580.52,2119.0435,90354.28,1214.1007,3.971611,5.400107e-05,1.5205498e-05,4.2416385e-05,0.0001391758,16711.438,0.17523935,223.38275,0.037315413,123.34265
1352,2022-03-11,0.056571454,0.23403229,75222.625,2652.9531,85021.44,1693.3994,2.8407803,9.0368456e-05,3.0478202e-05,4.3140706e-05,0.0001851232,16708.822,0.16747053,221.27927,0.036733743,209.1084
1353,2022-03-12,-0.4928623,0.98416936,64469.727,3801.9038,73285.29,2801.9033,7.068867,0.000105763385,,2.9580124e-05,0.00013219136,14424.27,0.15868133,220.14426,0.038771905,486.43417
1354,2022-03-13,0.04752667,0.19421524,79516.39,2183.241,86531.42,1480.2244,1.6418825,5.3662192e-05,1.8735607e-05,3.1662483e-05,0.00013736254,14425.199,0.16172752,220.94402,0.037567742,283.54028
1355,2022-03-14,0.022367254,0.15814295,80507.84,2158.1682,88985.41,1330.7546,2.2682211,6.508307e-05,3.1383366e-05,3.1804142e-05,0.0001526165,16706.234,0.16985133,222.64508,0.036478378,293.11066
1356,2022-03-15,-0.42690283,0.013846653,79898.12,2248.4692,86839.3,1542.2245,3.6641414,7.8611236e-05,3.8830058e-05,4.014594e-05,0.00016456211,16701.65,0.17920403,222.69475,0.035754547,263.74344
1357,2022-03-16,0.0848915,0.21843489,78965.516,2307.261,86232.664,1561.3635,1.8077979,7.141285e-05,3.0353232e-05,4.106684e-05,0.00017985722,22154.535,0.16403563,222.35498,0.037366953,304.9242
1358,2022-03-17,0.0068280697,0.14505412,75566.34,2777.5625,82082.44,2067.6416,2.309045,6.290963e-05,2.4907884e-05,3.8001737e-05,0.00015508864,22190.129,0.15098327,223.09024,0.036752224,191.72894
1359,2022-03-18,-0.08996964,0.18413004,82486.9,1971.7876,90008.016,1266.936,1.888262,7.281093e-05,3.6488993e-05,3.6321937e-05,0.0001671015,16718.516,0.14343163,222.23196,0.0377824,238.6423
1360,2022-03-19,-0.17899464,0.23409185,76608.41,2596.6738,83130.22,1935.3601,2.6040716,7.7281155e-05,4.4348195e-05,3.2948068e-05,0.000167021,16719.727,0.14524025,220.64677,0.037177645,296.7607
1361,2022-03-20,-0.18245311,0.22079046,85374.5,1758.18,96037.61,785.07513,2.5921433,4.3762746e-05,1.22023675e-05,3.1557636e-05,0.00012754172,16720.676,0.15502596,221.38255,0.038325887,481.89316
1362,2022-03-21,-0.44613695,0.0,,,,,,7.084943e-05,3.789254e-05,3.2956894e-05,0.00013197982,16714.707,0.15452032,221.82558,0.03680228,283.54135
1363,2022-03-22,0.12766622,0.13708177,90411.67,1181.0765,95056.984,764.5742,4.38611,8.425416e-05,4.7771922e-05,3.6482234e-05,0.00017294721,16710.57,0.15304443,223.75346,0.03596239,350.08423
1364,2022-03-23,0.06239962,0.21174401,90069.89,1121.0662,98309.25,380.90015,3.3407378,7.431311e-05,3.152562e-05,4.278749e-05,0.00017561519,19262.016,0.16166893,224.98325,0.03719607,349.9973
1365,2022-03-24,0.03225956,,,,,,,6.0687922e-05,1.7051048e-05,4.3636875e-05,0.00016465856,19254.215,0.15525231,225.216,0.0374733,343.55646
1366,2022-03-25,0.43725735,0.14443673,88731.81,1213.0845,98022.76,368.84204,3.5826042,6.716863e-05,2.7092345e-05,4.0076287e-05,0.00016389233,19250.666,0.15304254,224.1752,0.035124674,546.5394
1367,2022-03-26,-1.1225765,0.3821331,77267.11,2184.764,87723.3,1188.222,8.857435,5.378141e-05,1.3104339e-05,4.29171e-05,0.00012523394,16677.37,0.1672234,222.83984,0.037397303,443.64212
1368,2022-03-27,-0.0010614693,0.4214804,82410.56,1772.117,93128.516,806.7549,5.066078,6.530793e-05,2.3029115e-05,4.1939456e-05,0.00015866938,16697.078,0.16644129,222.25229,0.039479733,360.34085
1369,2022-03-28,0.49169034,0.10476262,92260.164,728.2299,98511.07,154.18239,3.6321545,6.3633204e-05,2.9425595e-05,3.4207602e-05,0.00014464057,13048.685,0.14184067,223.52475,0.0359973,515.2759
1370,2022-03-29,-0.34354675,0.79297924,58650.242,4217.5903,66883.66,3217.5903,4.2137027,4.356054e-05,,4.2391264e-05,0.00013569034,16670.027,0.1536986,223.42998,0.038339127,242.69975
1371,2022-03-30,-0.108210474,0.8808322,67730.86,3102.399,77281.76,2102.399,7.335725,6.476673e-05,1.8311897e-05,3.9775423e-05,0.00014759271,16673.691,0.15050685,224.4833,0.038105316,352.88348
1372,2022-03-31,-0.3960797,0.025188651,58936.418,4213.8354,67300.1,3213.8357,6.829146,6.15611e-05,1.3648954e-05,4.7912145e-05,0.00014289873,16676.654,0.15239516,225.71034,0.037254076,215.27165
1373,2022-04-01,-0.2891187,0.91685396,50978.39,5308.839,58442.414,4308.839,7.3155093,4.9632075e-05,,4.712591e-05,0.00015825474,16674.857,0.14772657,225.36142,,
1374,2022-04-02,-0.32647073,0.7766026,45605.87,6094.2656,52210.54,5094.2656,4.977665,6.8266716e-05,2.070618e-05,4.6661848e-05,0.00015933833,16670.719,0.15913182,226.6193,0.04034476,363.43027
1375,2022-04-03,0.37712395,0.004302194,75093.59,2385.3494,85072.68,1385.3492,3.718444,7.678789e-05,2.4865585e-05,5.19223e-05,0.0001915604,19222.014,0.17278527,227.2709,0.0382644,200.30391
1376,2022-04-04,-0.49991775,0.93628097,75843.25,2270.6592,86128.95,1271.4888,6.376152,7.8515455e-05,3.2067026e-05,4.579032e-05,0.00015890806,19208.365,0.17551024,226.00253,0.036458053,430.2388
1377,2022-04-05,-0.82767767,0.9044458,63961.664,3447.9849,72869.34,2447.9849,19.865074,7.2559356e-05,1.6561471e-05,4.9172144e-05,0.00017301636,19175.164,0.18641934,226.38782,0.034441736,385.68793
1378,2022-04-06,-1.0047158,0.17151344,62227.098,3765.3281,71110.05,2765.3281,7.325933,6.968075e-05,2.0367168e-05,4.9261573e-05,0.0001429373,16666.46,0.17505766,225.4738,0.036879096,424.22018
1379,2022-04-07,-0.13524887,0.70215553,73834.48,2453.2852,83654.92,1465.7178,13.537868,6.078742e-05,2.5198728e-05,4.827771e-05,0.00015787897,19184.314,0.17386356,225.45377,0.03403193,741.27893
1380,2022-04-08,-0.57015616,0.8565447,68772.016,2974.3115,78098.7,1977.7822,15.870458,7.587776e-05,2.163856e-05,4.9702452e-05,0.00017734697,22003.332,0.17466152,228.12361,0.031836964,513.87415
1381,2022-04-09,-0.5071014,0.88309324,61724.312,3871.4185,70319.65,2871.4185,7.136492,6.8014015e-05,3.2971006e-05,4.660718e-05,0.00016030716,22021.117,0.17201388,227.81308,0.035695665,433.1975
1382,2022-04-10,-0.4511104,0.9854945,75663.89,2307.191,86070.94,1307.191,10.469667,5.6926743e-05,,4.9072827e-05,0.00016255077,22065.268,0.17828926,227.78918,0.033969373,267.55173
1383,2022-04-11,-1.4751979,0.8542205,74552.266,2491.71,84892.836,1491.71,10.203728,6.500419e-05,2.6697577e-05,5.4514916e-05,0.00014763002,22093.744,0.18421921,228.09523,0.034287255,511.0775
1384,2022-04-12,-0.16862327,0.52303225,84871.34,1542.3726,95753.77,552.71375,6.102684,7.990335e-05,2.27889e-05,5.4292148e-05,0.00020390359,19246.578,0.18135434,227.04803,0.035071332,496.09995
1385,2022-04-13,0.15101749,0.29879275,48399.44,6097.001,55522.04,5097.001,5.068017,7.693051e-05,2.5606209e-05,5.366795e-05,0.00018616293,16695.121,0.16771546,226.565,0.03519004,630.986
1386,2022-04-14,0.6661113,0.24322382,70200.2,3226.8625,79378.05,2234.1912,4.685009,8.075082e-05,2.6177506e-05,5.453384e-05,0.00018939095,16689.828,0.16383816,227.32918,0.034510173,821.8385
1387,2022-04-15,-0.6810833,1.0,74851.125,2547.545,84533.64,1558.148,37.644913,8.816257e-05,,4.8305606e-05,0.00017190969,22093.693,0.16849598,228.47147,,
1388,2022-04-16,-1.3278527,0.996459,80057.125,1988.6484,91008.086,988.6486,20.844137,5.04008e-05,,5.4476808e-05,0.00013223373,24234.154,0.19343719,228.4138,,
1389,2022-04-17,-0.12683311,0.46449566,79579.22,2066.384,90216.484,1074.1079,7.335984,6.140349e-05,9.784078e-06,5.208866e-05,0.0001719401,22135.342,0.17973599,227.07266,0.033878937,425.65704
1390,2022-04-18,0.1023535,0.24738324,81001.75,1889.9272,90849.234,960.3142,5.82897,7.639926e-05,2.0817119e-05,5.525336e-05,0.00018604321,22105.203,0.18685877,228.85898,0.032613374,405.1951
1391,2022-04-19,-0.49888748,0.9988948,72007.05,2811.608,81618.3,1811.608,49.649773,0.00015379682,,4.9260514e-05,0.00018706359,22097.572,0.1756027,228.4696,0.033583865,1134.5327
1392,2022-04-20,-0.56141675,0.9998328,61986.984,4015.357,70248.27,3015.3572,27.47004,0.00011250522,,4.5870216e-05,0.00016097641,22083.963,0.16279376,227.9672,0.030608023,783.95905
1393,2022-04-21,-0.9180996,0.8930644,78054.66,2145.871,88437.96,1146.4551,12.04088,8.649414e-05,,4.6069363e-05,0.00017068951,19229.238,0.1562904,227.81827,0.0345921,958.8379
1394,2022-04-22,-1.6401236,0.68409187,77313.664,2275.7927,87329.74,1300.6437,9.25978,6.9448004e-05,2.1054184e-05,5.2476043e-05,0.00015235392,22102.055,0.17674161,229.12808,0.034172013,615.4625
1395,2022-04-23,-0.51153433,1.0,71677.484,2783.2773,81275.78,1783.2771,119.059074,0.00010928787,,4.9029026e-05,0.00018374858,22065.02,0.17237945,229.255,0.034556657,1583.5652
1396,2022-04-24,-0.4647657,1.0,66297.42,3360.8389,75350.25,2360.8389,68.403336,0.000100929195,,4.7784484e-05,0.00017403075,22049.115,0.17697468,230.30972,0.029693034,1300.81
1397,2022-04-25,-0.41584107,0.99999106,74312.2,2568.4136,84125.22,1569.415,21.669647,7.292802e-05,,5.094976e-05,0.00016733533,22060.59,0.16549562,229.30302,0.033467405,691.3814
1398,2022-04-26,0.006638542,0.28675425,85540.164,1419.459,95578.83,497.1289,6.713805,7.7664416e-05,2.1945834e-05,5.438686e-05,0.00019018991,22083.205,0.16282743,229.68323,0.030337859,452.98767
1399,2022-04-27,-0.40172842,0.012500786,65611.82,3594.6597,74697.836,2594.6597,7.492721,8.795078e-05,3.287109e-05,5.5079687e-05,0.00015929707,22119.008,0.16412078,229.08572,0.032407563,304.7475
1400,2022-04-28,0.2390456,0.0,,,,,,8.762101e-05,2.7660071e-05,5.996094e-05,0.00020943742,22136.867,0.17631939,229.2168,0.032787032,406.1211
1401,2022-04-29,-0.3701174,0.8965502,78109.67,2242.518,88624.266,1242.5535,13.235689,6.981649e-05,1.6538055e-05,5.7338213e-05,0.00017603702,19259.709,0.1734252,229.1662,0.035946548,454.42365
1402,2022-04-30,0.21855062,0.092630714,94113.945,743.1823,99929.805,203.75604,8.547135,7.7045406e-05,2.0787336e-05,5.6258083e-05,0.00018401904,16696.074,0.16724849,229.65727,0.03543291,453.11017
1403,2022-05-01,-0.58152413,0.5275573,72124.56,2872.148,81702.5,1885.147,6.8293886,,,,,,0.168921,228.70383,0.032118093,599.8864
1404,2022-05-02,-0.71944773,0.040150307,90497.8,1009.6517,98268.04,304.07913,7.411642,9.2806986e-05,3.531673e-05,5.786848e-05,0.00016781762,19238.28,0.17241105,228.566,0.033098485,605.24
1405,2022-05-03,-0.6010273,0.93921936,73751.625,2608.4067,83536.71,1608.4846,52.941643,7.026465e-05,2.5527794e-05,5.4125863e-05,0.00018511756,16679.023,0.16143522,228.69685,0.03125758,610.9907
1406,2022-05-04,0.09436399,0.1935864,83443.8,1679.0166,94107.516,713.1573,5.6236954,8.244334e-05,2.3359575e-05,5.947146e-05,0.00019226896,19250.31,0.16797063,230.24844,0.03192298,348.70184
1407,2022-05-05,-0.1859623,0.15390956,70982.78,3202.7703,79411.59,2283.1733,4.790305,7.879406e-05,1.56714e-05,6.360879e-05,0.00019180514,19255.135,0.1671867,230.83148,0.033401705,475.38483
1408,2022-05-06,-0.76350075,0.9993684,64109.062,3915.7097,72918.21,2915.7097,46.816444,5.861931e-05,,5.71633e-05,0.0001669587,22122.7,0.16456991,230.14418,0.035734694,721.9033
1409,2022-05-07,-0.21835445,0.30040237,86194.59,1449.0138,96691.67,468.1669,5.576721,7.15559e-05,1.4280495e-05,5.8022604e-05,0.00019009988,19246.072,0.16697976,230.80739,0.03171034,836.3004
1410,2022-05-08,-1.4300449,0.9768379,79444.055,2103.7544,89865.84,1104.156,14.1729355,7.3088726e-05,,5.574516e-05,0.00014492418,19249.105,0.16448615,230.0424,,
1411,2022-05-09,0.28854746,0.0996146,94695.914,728.357,101051.39,146.12892,5.875308,8.429566e-05,1.9170313e-05,6.512535e-05,0.00020344506,17981.605,0.17304772,230.2032,0.033712942,430.86627
1412,2022-05-10,0.25405115,0.0,,,,,,9.259129e-05,2.8676106e-05,6.391518e-05,0.00020723834,16696.102,0.16786037,230.65549,0.03452785,681.68274
1413,2022-05-11,-0.75749975,0.99974763,61072.438,4194.2495,69462.52,3194.2493,17.547495,7.204691e-05,,5.800517e-05,0.00016873612,14415.669,0.16092327,230.67831,0.032673467,1358.6016
1414,2022-05-12,-1.0126119,0.99720085,62216.58,4027.7842,70560.44,3027.7837,73.70703,0.00010515663,,5.571203e-05,0.00018836162,16669.967,0.16811705,231.69635,0.028741509,1100.2561
1415,2022-05-13,-1.6371584,0.8776459,72985.02,2708.0107,82728.68,1708.2246,10.363289,7.216575e-05,3.5828286e-06,6.2184095e-05,0.00014851248,19227.365,0.17708509,230.79884,0.031182509,627.9699
1416,2022-05-14,-0.6289866,0.99778724,71959.34,2801.9292,81393.92,1801.9293,31.481583,8.9858644e-05,,5.6086687e-05,0.00019407267,22073.363,0.17973065,230.55603,0.029680178,704.97046
1417,2022-05-15,-0.15260127,0.38337797,84421.39,1561.8547,93948.484,668.54114,9.75955,7.5547825e-05,1.6916589e-05,6.0768096e-05,0.0001879899,19233.062,0.1709395,231.01215,0.031816654,655.98755
1418,2022-05-16,-0.41621047,0.7618927,73660.805,2673.5654,83058.97,1703.2175,28.15401,7.553816e-05,3.0209398e-05,5.547914e-05,0.00017710679,19240.457,0.1607264,231.93094,0.030635756,440.35394
1419,2022-05-17,-0.74013543,0.83671415,80001.78,1990.7737,90123.33,1032.1313,20.762451,8.3092076e-05,2.6390979e-05,6.4277614e-05,0.00020601612,22103.438,0.18702325,231.5793,0.028200705,552.16205
1420,2022-05-18,-0.49222842,0.047235575,73124.055,2905.037,82085.98,1966.0333,11.058441,9.101289e-05,2.662056e-05,6.439233e-05,0.00016673721,19257.506,0.16847023,231.0505,0.030605504,679.1518
1421,2022-05-19,-0.40653536,0.6328634,70992.53,3067.1938,80307.76,2067.6797,11.691696,8.000397e-05,1.8264418e-05,6.46346e-05,0.0002022712,16690.988,0.16169542,231.09918,0.03280243,1110.8042
1422,2022-05-20,-1.0156083,0.8001199,59917.555,4504.5044,67974.195,3504.5044,10.0834465,8.530548e-05,1.3499745e-05,6.154309e-05,0.0001821183,16680.404,0.1612205,232.28122,0.028828349,1284.3491
1423,2022-05-21,-0.7940515,1.0,45909.914,6259.0107,52349.4,5259.0107,41.722466,8.721644e-05,,5.4510747e-05,0.00016866086,16669.064,0.16288455,232.54526,,
1424,2022-05-22,-0.8471594,0.7537515,73327.18,2684.376,82626.72,1712.9697,10.723463,9.065561e-05,2.1511582e-05,6.1245366e-05,0.00018763336,19216.078,0.16979492,231.56384,0.029098082,945.2031
1425,2022-05-23,0.093411595,0.0,,,,,,8.585042e-05,1.8517689e-05,6.733273e-05,0.00021486105,22087.11,0.17258282,231.60672,0.029223043,653.6978
1426,2022-05-24,-0.2684728,0.0,,,,,,8.828999e-05,2.4341109e-05,6.394888e-05,0.0001739601,16682.562,0.17503335,230.72885,0.028956078,708.7676
1427,2022-05-25,-0.6338724,0.59925044,63764.61,3930.2913,71509.94,2988.5728,8.153369,8.2458326e-05,2.118936e-05,6.3239655e-05,0.0001940509,16681.277,0.16896136,232.20248,0.029794801,1085.1128
1428,2022-05-26,-0.7175524,0.6398192,79172.17,2080.386,88459.22,1153.2473,24.95719,7.875667e-05,2.145891e-05,6.238644e-05,0.00019427136,19220.57,0.17342767,232.72482,0.029246,946.8076
1429,2022-05-27,-0.73184276,0.76677364,78943.0,2021.9287,88817.81,1051.9855,10.989197,8.07132e-05,1.6332964e-05,6.5738655e-05,0.00019713563,22052.938,0.18324366,233.04953,0.028137803,541.39453
1430,2022-05-28,-1.000752,0.8910507,56674.85,4563.6865,64769.07,3569.4521,19.825708,9.2047965e-05,2.0092039e-05,6.294853e-05,0.00020517383,24126.637,0.19024181,233.43709,0.024491174,694.496
1431,2022-05-29,-1.1812735,0.9163439,78621.56,2091.355,88532.27,1122.7688,15.833036,8.216522e-05,2.7101332e-05,5.841711e-05,0.00015578353,22073.982,0.17714058,232.468,0.027541954,1031.9832
1432,2022-05-30,-0.580609,1.0,59021.85,4385.506,67093.95,3385.5054,112.712585,0.0001136554,,5.59911e-05,0.00018269142,19224.46,0.16993457,232.24185,,
1433,2022-05-31,-0.838521,0.46854776,88006.42,1248.5608,96934.8,420.1763,8.619134,8.134934e-05,9.786779e-06,7.123736e-05,0.00021074087,22100.408,0.17841497,233.4249,0.026354078,794.5281
1434,2022-06-01,-0.77555245,0.96488714,56323.938,4824.4214,64232.855,3824.4216,22.458963,7.8162615e-05,,5.6957753e-05,0.00017072819,19266.754,0.16346669,232.48596,0.02732246,1013.80975
1435,2022-06-02,-0.8827863,1.0,58992.57,4441.8994,67050.64,3441.8997,55.53083,9.7130425e-05,,5.3310057e-05,0.00017423948,19238.52,0.15655173,233.01097,,
1436,2022-06-03,-0.78639823,0.9999971,76086.266,2474.7527,86130.39,1474.7528,38.654633,6.178033e-05,,6.478694e-05,0.00014226217,22121.695,0.16076562,232.38957,,
1437,2022-06-04,-0.8700591,0.85208774,66485.85,3568.853,75351.33,2570.2522,23.781578,7.757513e-05,1.3690288e-05,6.334264e-05,0.00019812855,19244.53,0.15597409,231.43715,0.026148356,1012.0113
1438,2022-06-05,0.19568515,0.33222175,91955.59,919.17725,99496.11,219.68793,10.719421,8.076028e-05,1.7944536e-05,6.284389e-05,0.00019075106,16690.562,0.15173708,230.95427,0.029640958,882.1658
1439,2022-06-06,-0.36268044,0.12996663,78870.305,2294.2686,86986.92,1454.0449,7.7365656,9.02599e-05,2.7241853e-05,6.3018044e-05,0.00020291368,16685.09,0.14551935,233.99875,0.030304879,1091.3132
1440,2022-06-07,-0.7837285,0.8260424,68199.11,3373.3032,77069.92,2374.2095,22.49619,8.085968e-05,3.251844e-05,5.691183e-05,0.00018208125,16683.186,0.14487094,233.06808,0.02875293,1505.4276
1441,2022-06-08,-0.598983,0.6977497,66300.61,3553.069,75216.75,2553.0693,24.464233,7.40305e-05,1.408296e-05,6.294255e-05,0.00019749191,16678.68,0.1446121,234.04617,,
1442,2022-06-09,-1.5582352,0.33613023,75801.01,2542.462,85019.664,1557.4352,7.43582,8.718741e-05,2.4931116e-05,6.092379e-05,0.0001647587,16679.588,0.14966546,233.97498,0.029364139,2515.6653
1443,2022-06-10,-0.7500456,0.5301782,62296.906,4510.4272,69141.56,3637.5193,21.74885,7.915615e-05,2.3087026e-05,6.173109e-05,0.00018635349,16683.547,0.14977832,233.81943,0.028943615,1579.916
1444,2022-06-11,-0.538301,0.9843479,90224.92,1063.0913,99409.44,211.87839,18.14,7.161988e-05,1.1909885e-05,5.717343e-05,0.0001809285,14418.597,0.1503023,230.66583,0.029314555,984.4293
1445,2022-06-12,-0.7225177,0.6348588,81248.58,1945.252,90746.66,1017.06714,8.688198,7.8216966e-05,2.6825548e-05,5.766804e-05,0.00018559629,16686.77,0.14629799,233.94987,0.029413912,1429.3329
1446,2022-06-13,-0.9005785,0.7107623,52711.78,5522.8477,59733.277,4544.0234,10.750674,7.527873e-05,1.850717e-05,6.2424995e-05,0.00019207,19231.254,0.14952198,233.60286,0.026427226,1713.6548
1447,2022-06-14,-1.1888783,0.988147,71530.31,2867.135,81068.336,1867.5908,27.379503,8.015017e-05,2.581641e-05,6.266345e-05,0.00016204677,22075.217,0.16836584,235.0579,0.021448867,1089.19
1448,2022-06-15,-0.34250277,0.3885517,87334.28,1315.4119,96110.664,495.2165,10.773893,8.170861e-05,1.3275394e-05,6.9486596e-05,0.00020808942,22097.521,0.16169193,233.71814,0.026010154,939.2429
1449,2022-06-16,-0.83555543,0.78109837,69482.766,3224.9546,78153.5,2265.1733,31.906717,7.5691205e-05,1.9107001e-05,5.976271e-05,0.00017874248,16686.203,0.1570312,231.33879,0.027617825,1238.4962
1450,2022-06-17,-0.6134182,0.51328486,79602.016,2189.0034,87521.98,1381.8757,8.128698,7.779998e-05,8.952251e-06,6.947787e-05,0.00019748916,22102.236,0.16303097,234.51485,0.026508741,1121.8044
1451,2022-06-18,-0.89439666,0.71229666,58849.977,4571.0063,66756.68,3571.0063,8.320849,0.00010360868,6.0699364e-05,5.282317e-05,0.00017884624,14418.216,0.14452323,233.61377,0.02504726,1496.2087
1452,2022-06-19,-0.14493679,0.5279279,65680.92,3795.6333,73367.48,2863.648,9.747448,7.835411e-05,1.925601e-05,6.0132323e-05,0.00015005334,14414.532,0.13979717,233.78387,0.030120082,1912.714
1453,2022-06-20,-0.024993688,0.9832839,83861.67,1631.7725,92442.47,785.96185,23.367292,7.461945e-05,,5.7223122e-05,0.00019510185,14413.19,0.13821432,234.06268,0.030285941,1468.9806
1454,2022-06-21,-0.79392,1.0,77163.31,2184.4568,87068.11,1184.4568,87.547134,8.391673e-05,,5.798856e-05,0.00018663268,20614.49,0.15595903,232.9516,0.022609718,1063.1184
1455,2022-06-22,-0.041076325,0.013883382,77993.16,2213.893,87474.8,1249.0802,3.3044991,8.1259626e-05,1.2762477e-05,6.849716e-05,0.00019822671,16676.71,0.15460983,235.15886,0.027663903,792.6643
1456,2022-06-23,-0.21785954,0.09758716,83826.73,1704.543,90780.195,1006.0917,3.866575,8.753971e-05,1.9685536e-05,6.785417e-05,0.00021414112,16685.113,0.16006225,234.6193,0.025129497,926.766
1457,2022-06-24,-0.059921175,0.0,,,,,,7.884385e-05,1.4109566e-05,6.473428e-05,0.0001998624,16688.941,0.14559187,234.07724,0.027043503,1247.8243
1458,2022-06-25,-0.74745625,0.0017619076,66941.914,3612.5515,75061.664,2626.5159,5.401978,8.252583e-05,2.0134148e-05,6.2391686e-05,0.00015798265,16687.686,0.14667971,234.1053,0.024811758,1738.8173
1459,2022-06-26,-0.60319954,0.33962828,88402.23,1304.3269,96317.57,532.2984,6.49533,8.0439946e-05,2.0367468e-05,5.931999e-05,0.00018581504,16690.87,0.13995644,235.05945,0.025032204,1403.8916
1460,2022-06-27,-0.8311578,0.33651844,88328.695,1320.4473,96241.766,544.20105,7.162937,8.141886e-05,1.9434068e-05,6.0746264e-05,0.00019179241,16692.176,0.14222342,235.04248,0.0275026,1630.7031
1461,2022-06-28,-1.0694191,0.5668248,48695.39,6351.0986,55279.4,5359.174,6.731562,7.87616e-05,2.1404137e-05,6.217748e-05,0.00017942635,16689.074,0.14403707,234.5617,0.029806644,2894.4312
1462,2022-06-29,-0.7931556,0.10252315,68852.266,3505.5571,76974.31,2556.3362,4.194789,8.7116605e-05,2.5982261e-05,6.107478e-05,0.00021205968,14417.903,0.14288275,235.71292,0.02776286,2193.016
1463,2022-06-30,-1.6785316,0.54034317,53662.926,5408.4766,60843.496,4408.476,5.7040963,8.779632e-05,,6.4356995e-05,0.00016227156,14418.08,0.14051546,234.7492,0.02464713,4407.8184
1464,2022-07-01,-0.39364117,0.21674302,63588.375,4283.9766,70754.99,3381.6726,5.810188,9.189065e-05,2.663174e-05,6.583944e-05,0.00021688454,14418.611,0.14159393,234.5696,0.028954554,2758.2131
1465,2022-07-02,-0.7122649,0.2187972,77276.08,2536.0073,85682.36,1642.7877,5.2457256,8.642403e-05,2.0430121e-05,6.542183e-05,0.00020433357,14418.969,0.14258106,233.3654,0.029884502,1825.875
1466,2022-07-03,-0.45176667,0.9999957,92314.17,887.08484,99957.266,173.0368,27.893314,7.504862e-05,,5.41611e-05,0.00018071783,16669.738,0.13925883,236.52579,0.029971713,1423.3356
1467,2022-07-04,-1.0048226,0.45832783,84599.734,1622.2031,92409.89,856.2182,7.4165096,8.09397e-05,1.9508567e-05,6.0991926e-05,0.00019968991,16689.89,0.14215562,235.4664,0.025906526,1903.8984
1468,2022-07-05,-1.3679055,0.3999224,56356.992,5247.518,63478.574,4285.417,5.57376,8.126718e-05,1.4402356e-05,6.680624e-05,0.00016028238,16686.512,0.14600803,235.832,0.027217695,1959.6936
1469,2022-07-06,-0.43958738,1.0,58607.17,4619.1025,66402.41,3619.1023,87.892845,0.00012856934,,5.324932e-05,0.00019140862,16681.684,0.14421293,235.10255,,
1470,2022-07-07,-0.5804933,0.48944694,77925.79,2290.671,85935.83,1459.918,9.027922,7.643936e-05,6.927852e-06,6.996415e-05,0.00019534602,19235.023,0.16086173,232.0988,0.0263608,910.4989
1471,2022-07-08,-0.77522117,0.92309237,76527.28,2432.6099,86423.625,1432.6097,11.166878,7.684532e-05,,6.513265e-05,0.00018860155,19264.406,0.15581712,235.05931,0.02272515,1724.964
1472,2022-07-09,-0.7542455,0.6469812,78073.99,2238.6914,87763.34,1277.119,11.342992,7.532814e-05,7.824998e-06,6.5420434e-05,0.00019422325,19233.516,0.1544919,235.12857,0.024760123,1025.5638
1473,2022-07-10,-0.7805654,0.5230261,76426.25,2391.1833,85802.766,1441.303,9.013287,7.5659875e-05,8.6533355e-06,7.1068745e-05,0.0002113345,22077.031,0.16199747,236.15826,0.023380551,1215.7631
1474,2022-07-11,-1.2875413,0.90235335,66024.305,3543.9424,74981.87,2546.3152,16.203648,7.4017735e-05,2.8811446e-06,6.603026e-05,0.00015635692,19230.182,0.15979582,235.96652,0.026846815,1328.5421
1475,2022-07-12,-0.6743316,1.0,77160.875,2261.0774,86432.66,1298.2235,47.72613,8.237247e-05,,6.323895e-05,0.0001904278,19198.844,0.15792999,236.63023,0.025807515,2187.7256
1476,2022-07-13,-0.8231861,0.5779706,84730.266,1509.6646,94141.766,610.53357,9.501038,8.210454e-05,2.2493863e-05,6.2659434e-05,0.00019930949,19201.963,0.15546569,236.01309,0.02549798,1031.1421
1477,2022-07-14,-0.3543508,0.29983193,82991.91,1722.6836,90524.87,965.6463,7.2067413,7.672466e-05,5.8508067e-06,7.0593655e-05,0.00019834912,19219.742,0.15687706,236.58,0.03082842,932.7912
1478,2022-07-15,-0.988063,0.58330876,74625.516,2695.858,83538.16,1767.2642,10.733248,7.491166e-05,7.2541143e-06,6.8623194e-05,0.00020394514,22074.494,0.1634619,235.9127,0.024655607,1558.1373
1479,2022-07-16,-1.1663445,0.3330499,74027.31,2699.9937,82717.984,1785.4764,8.209849,8.652703e-05,2.1715698e-05,6.7583605e-05,0.00016758223,22087.764,0.17022097,236.5668,0.024980586,1295.253
1480,2022-07-17,-0.20549873,0.39963806,85963.625,1475.7188,94237.69,689.5091,12.591941,8.116715e-05,1.4808369e-05,6.6904664e-05,0.00020678177,22104.602,0.17103696,235.2909,0.024951065,1209.0195
1481,2022-07-18,0.15183902,0.99587715,70392.61,3134.4902,79638.09,2134.4902,21.039736,8.349973e-05,,5.7637535e-05,0.00017369485,19246.201,0.15474153,235.44888,0.028938245,1288.3662
1482,2022-07-19,0.07739614,0.40166944,88575.55,1234.2196,97469.85,396.4381,10.494007,7.749455e-05,1.6104672e-05,6.232299e-05,0.0001904424,19242.73,0.15264863,235.07047,0.02872581,1389.2983
1483,2022-07-20,-0.06389092,0.014137838,78967.71,2195.0698,89108.59,1195.0907,5.9106755,7.5447024e-05,1.5306023e-05,6.014101e-05,0.0001863518,16689.234,0.14116183,235.73209,0.03105056,1213.4829
1484,2022-07-21,-0.2907748,0.0,,,,,,7.8163146e-05,1.4710051e-05,6.34531e-05,0.00015548475,16686.7,0.139877,234.80545,0.030593084,1735.1952
1485,2022-07-22,-0.021110684,0.0,,,,,,8.8601606e-05,2.3812598e-05,6.478901e-05,0.0002163999,16685.445,0.14122576,234.56378,0.02939098,1650.0894
1486,2022-07-23,-0.7211911,0.2810802,84101.16,1669.3484,93303.836,761.47284,6.7484155,7.8318844e-05,1.4736659e-05,6.4182874e-05,0.00019332422,16682.889,0.14107949,236.95688,0.02915179,1591.095
1487,2022-07-24,-0.7894614,0.6257092,88711.04,1180.9989,96548.0,431.5901,15.499381,7.6259734e-05,1.7398215e-05,6.238312e-05,0.00019167298,19229.152,0.15358043,236.07599,0.029425357,1216.4202
1488,2022-07-25,-0.4901262,0.075742535,87996.22,1257.3394,96219.516,477.63882,7.4995456,7.7464836e-05,1.5393223e-05,6.2160805e-05,0.00019349153,16684.137,0.14446151,235.78168,0.027964279,1017.914
1489,2022-07-26,-0.37007594,0.02521545,36077.234,8479.946,41341.938,7479.946,9.794903,7.9786994e-05,1.7455917e-05,6.241909e-05,0.00020453488,16678.29,0.14191492,235.21497,0.0272593,2017.0436
1490,2022-07-27,-1.3538249,0.79426605,84660.84,1553.8152,94341.22,625.9196,14.411602,7.4522235e-05,2.1002374e-05,5.863222e-05,0.00015503228,19228.297,0.1463434,236.0764,0.03015061,1338.8777
1491,2022-07-28,-0.6532429,0.843374,79213.234,2131.4414,89077.766,1158.113,23.022106,7.017079e-05,3.7554753e-06,6.557298e-05,0.00018815162,20669.16,0.1540874,235.10707,0.0263432,1273.1028
1492,2022-07-29,-0.45867074,0.09195711,86360.78,1475.2319,94555.22,690.83777,5.320306,7.896031e-05,1.5469222e-05,6.339778e-05,0.0001960784,19249.734,0.1502236,235.9697,0.030169848,785.7412
1493,2022-07-30,-0.42254728,0.01730188,78490.79,2285.0264,87855.67,1347.1439,4.8431244,7.5394506e-05,1.363949e-05,6.175501e-05,0.00018917119,16689.34,0.14701325,235.71654,0.030310221,820.52747
1494,2022-07-31,-0.7089446,1.0,49405.203,5966.2563,56179.203,4966.2563,54.926666,0.00010290524,,5.127091e-05,0.0001678337,15548.818,0.1423462,236.122,,
1495,2022-08-01,,,,,,,,,,,,,,,0.030244844,2018.2122
1496,2022-08-02,-0.39286193,0.2785239,88410.06,1244.3256,97028.09,425.10214,6.9376097,7.992076e-05,1.8369788e-05,6.119597e-05,0.00020469478,16685.5,0.14904922,234.55441,0.030717034,1213.7413
1497,2022-08-03,-0.31503052,0.001211522,47017.258,6714.5645,53375.754,5714.5645,7.2434025,8.514672e-05,2.21592e-05,6.2984895e-05,0.00019878431,16667.941,0.14573106,235.33519,0.028044075,776.46826
1498,2022-08-04,-0.35862726,0.116810024,44507.445,7113.3496,50730.742,6113.3496,6.027205,8.449944e-05,2.3631575e-05,6.113384e-05,0.00019284786,16690.777,0.13613805,235.11163,0.02844527,1035.8557
1499,2022-08-05,-0.39418238,0.0003572658,83201.51,1806.4172,93200.74,806.41724,4.5722384,8.5549735e-05,2.7769309e-05,5.778043e-05,0.00019945117,14418.547,0.13681918,235.3248,0.030303024,1706.0593
1500,2022-08-06,-1.0024848,0.9869366,42516.52,7312.6543,48538.582,6313.196,35.363342,7.929199e-05,,5.249937e-05,0.00013727983,14417.488,0.1336987,235.94255,0.027446343,2635.5232
1501,2022-08-07,-0.488502,0.25481662,90122.11,1111.4474,98357.055,346.99005,9.914348,7.6749944e-05,1.6709348e-05,6.0689366e-05,0.0002033491,16692.26,0.14257884,233.05212,0.028925428,775.22974
1502,2022-08-08,-0.62250036,0.33887672,87057.92,1430.2666,96553.25,540.22186,8.798405,7.4174844e-05,1.2005782e-05,6.0859904e-05,0.00019001927,16694.691,0.14451602,234.7859,0.02765959,1089.5612
1503,2022-08-09,-0.8447819,0.7039193,76146.516,2553.2778,85498.03,1598.7087,13.116987,7.62249e-05,2.204343e-05,5.874985e-05,0.0001840993,19259.398,0.15157807,234.46236,0.025685584,1355.5452
1504,2022-08-10,-0.651767,0.4760791,76885.37,2507.6895,85689.92,1594.4165,8.775358,7.244074e-05,1.0896012e-05,6.0531085e-05,0.00018568154,19259.12,0.149454,234.69926,0.027576447,1274.5398
1505,2022-08-11,-0.33072227,0.12152818,83396.3,1822.3652,92418.1,940.3207,6.2059193,7.055666e-05,1.2830224e-05,5.783471e-05,0.0001910731,16696.84,0.14437303,234.4696,0.028534338,1272.4874
1506,2022-08-12,-0.7979526,0.0,,,,,,8.1626975e-05,2.467355e-05,5.6953424e-05,0.00016258053,14421.984,0.13936335,234.37355,0.028991919,1456.2789
1507,2022-08-13,-0.25946733,0.0,,,,,,8.197532e-05,2.1188607e-05,6.078671e-05,0.00019968997,16689.725,0.14184839,235.1371,0.029557403,1232.7195
1508,2022-08-14,-0.5949547,0.75566477,58568.992,4725.0293,66310.36,3725.029,11.042616,7.10162e-05,9.787091e-06,5.9807473e-05,0.0001755635,16685.285,0.13838871,234.84737,0.030424032,2176.4553
1509,2022-08-15,-0.52707565,0.28025097,64273.36,4050.4783,71805.89,3120.4531,7.975548,7.791868e-05,1.8092393e-05,6.0561593e-05,0.00018849663,16682.73,0.14411937,234.8858,0.03102988,2336.4521
1510,2022-08-16,-0.66165715,0.60601693,52600.14,5599.431,59578.152,4600.505,12.218296,6.5345586e-05,1.4043462e-05,5.719011e-05,0.0001767709,14429.4375,0.14042361,233.44144,0.031352617,2260.3093
1511,2022-08-17,-0.80281824,0.008994444,81606.08,1938.2617,90591.9,1003.2169,18.135223,8.497032e-05,3.0166633e-05,5.471121e-05,0.00016029217,16681.95,0.13675794,233.83685,0.033737097,1927.8585
1512,2022-08-18,-0.32759687,0.0,,,,,,8.335665e-05,2.617112e-05,5.718553e-05,0.00020137621,16684.582,0.1293146,233.55743,0.029701445,2035.9929
1513,2022-08-19,-0.20742846,0.052300286,94365.65,687.095,99933.72,143.84143,6.7447968,9.548481e-05,4.1154126e-05,5.4330674e-05,0.0002110905,14418.055,0.1290162,233.92099,0.031321898,1639.9121
1514,2022-08-20,-0.2790172,0.7847316,89149.14,1150.3138,98926.84,233.6193,14.906103,7.6562326e-05,2.6831034e-05,5.4733053e-05,0.00018919297,14417.385,0.12763628,234.21841,0.0301034,1487.7024
1515,2022-08-21,-0.0048304945,0.9258202,86996.586,1352.5981,97278.47,369.29428,19.121582,7.027706e-05,,5.391358e-05,0.00018313173,14416.032,0.1267106,234.3712,0.03313792,1463.9308
1516,2022-08-22,-0.78637314,0.065185145,93141.14,785.58185,98482.95,269.71393,8.211342,7.4535164e-05,1.5005821e-05,5.9536338e-05,0.00016154557,14416.917,0.12948115,233.72577,0.031809274,1817.4005
1517,2022-08-23,0.45915565,0.0,,,,,,8.026154e-05,2.008415e-05,6.0177394e-05,0.00021310712,14418.359,0.12925431,233.6312,0.03025655,1796.7239
1518,2022-08-24,-0.0063421726,0.0,,,,,,8.4063664e-05,2.3450619e-05,6.061304e-05,0.00020455338,16689.994,0.12989771,234.9505,,
1519,2022-08-25,-0.56776017,0.36193606,75002.87,2722.1333,83748.7,1785.2175,7.8376617,7.8097175e-05,1.8642397e-05,5.6227924e-05,0.00018388945,16690.566,0.12990873,234.4447,0.027995676,2040.7783
1520,2022-08-26,-0.45567536,0.9423077,60381.18,4416.971,68347.125,3416.9712,17.971659,6.9749876e-05,3.7761612e-05,5.198088e-05,0.0001698711,16687.682,0.12865794,234.1976,0.025144827,2245.8901
1521,2022-08-27,-0.29771215,0.028916897,84437.59,1662.13,91402.3,948.9995,5.3784018,7.193144e-05,1.6408174e-05,5.5523262e-05,0.00019248968,16685.09,0.1269544,233.77774,0.030881181,1481.3435
1522,2022-08-28,-0.5002502,0.0,,,,,,7.303549e-05,1.567657e-05,5.735892e-05,0.00015900543,16681.225,0.12622473,232.6551,0.027848711,1379.89
1523,2022-08-29,-0.68085265,0.6749166,44765.305,6724.193,50962.94,5724.1924,8.736605,8.6930144e-05,2.0421128e-05,5.309852e-05,0.00018150822,16679.762,0.12486936,232.96191,,
1524,2022-08-30,-0.7034091,0.76634455,80310.4,2012.8081,89716.91,1077.9794,14.621983,7.433921e-05,2.31771e-05,5.325418e-05,0.0001912833,19228.273,0.1273718,234.43562,0.030177012,1628.657
1525,2022-08-31,-0.57069093,0.32320043,82412.75,1826.7928,92068.85,893.7024,7.7541847,7.558527e-05,2.2317843e-05,5.524738e-05,0.00018996047,22107.906,0.13709101,233.81207,0.027487613,915.2289
1526,2022-09-01,-0.47090858,0.47882017,84519.67,1576.5304,94639.62,639.27246,13.519087,6.708666e-05,1.451402e-05,5.5797573e-05,0.00018670718,22106.633,0.14502203,233.37396,0.026559837,691.6764
1527,2022-09-02,-0.8659283,0.08948453,87794.625,1314.0272,96224.47,534.20087,6.1195326,7.9253245e-05,2.6192789e-05,5.3460633e-05,0.00016233699,19250.568,0.13879913,232.9245,0.028473016,701.33777
1528,2022-09-03,-0.5749085,0.42318717,85533.87,1539.7063,95083.03,650.4739,8.873277,7.442882e-05,1.9676754e-05,5.4550423e-05,0.00019582425,16693.764,0.13762718,232.53531,0.030117698,654.6052
1529,2022-09-04,-0.4817565,0.45160553,82833.08,1807.2434,93166.66,841.9133,8.622791,6.791495e-05,1.5238443e-05,5.3171276e-05,0.00017539364,19258.98,0.14004287,232.90591,0.032022547,530.55597
1530,2022-09-05,-0.45812678,0.8439116,84521.23,1660.6882,95308.53,668.8534,11.267247,6.5726024e-05,,5.1063107e-05,0.00016747582,19257.2,0.14283441,231.74625,0.0315729,401.20807
1531,2022-09-06,-0.60207427,0.58823586,85701.39,1520.4409,95959.85,584.7892,10.346683,7.515268e-05,2.6615899e-05,4.8313133e-05,0.00017189344,17977.0,0.14260352,231.11208,0.030418959,545.83966
1532,2022-09-07,-1.0063554,0.23079523,80383.78,2011.8225,90689.336,1021.4609,10.570586,7.0467555e-05,1.9936226e-05,5.2339303e-05,0.00015005667,16688.738,0.13856028,231.46465,0.029238189,855.2166
1533,2022-09-08,-0.38945884,0.42924106,89565.234,1138.3345,98732.91,303.48865,9.380182,6.771256e-05,1.0103386e-05,5.611341e-05,0.00019736364,19193.121,0.14219901,231.02936,0.02863387,448.25613
1534,2022-09-09,-0.34667534,0.52493596,34320.305,8633.529,39525.47,7633.5293,7.1509743,7.0773196e-05,1.690181e-05,5.6976194e-05,0.00018576506,16692.473,0.1359322,232.52957,,
1535,2022-09-10,-0.55889744,0.5064122,51679.023,5927.1934,58891.258,4927.1924,8.922213,7.162724e-05,1.795808e-05,5.3041233e-05,0.00018076769,17970.184,0.13991834,232.41641,0.026147457,912.1352
1536,2022-09-11,-0.3723797,1.0,83514.234,1569.6606,93890.92,594.5897,58.300606,0.0001028353,,4.4901728e-05,0.00019508952,16672.613,0.14479458,231.08691,0.02558035,1258.9595
1537,2022-09-12,-0.7178252,0.94395566,84546.26,1528.5999,94974.305,551.70483,20.153711,8.5391686e-05,,4.548461e-05,0.00017560078,17954.008,0.14029999,231.163,0.028186979,1250.5774
1538,2022-09-13,-1.5237073,0.9493774,89574.04,1043.8099,98804.31,201.95396,16.214159,7.361127e-05,,4.6175304e-05,0.0001477943,16679.139,0.13426867,231.40794,0.028382575,976.62445
1539,2022-09-14,-0.55290306,0.84543157,80670.484,1848.877,90718.22,874.456,13.428514,6.608882e-05,,5.1670428e-05,0.00018295436,16667.484,0.14234693,231.56726,0.029637985,1026.1184
1540,2022-09-15,-0.34703815,0.8722745,77199.09,2170.5466,87106.81,1171.8026,13.219244,6.599527e-05,1.3563435e-05,5.1796997e-05,0.00017570783,16663.71,0.13946646,232.37799,0.02821345,831.69714
1541,2022-09-16,-0.45320517,0.60160416,76898.516,2186.4404,86701.73,1197.9902,14.145265,6.571778e-05,1.3139797e-05,5.4706587e-05,0.00018852175,22028.102,0.14868683,232.73256,0.026790477,749.2306
1542,2022-09-17,-0.47168925,0.885746,83852.0,1477.7474,94135.86,514.51917,18.801802,7.1312286e-05,1.9604135e-05,4.9413953e-05,0.00019104606,24099.8,0.14271975,231.59323,0.026706444,919.3454
1543,2022-09-18,-1.4085978,0.66811234,69078.805,3201.6504,77915.23,2226.1013,11.005611,7.018459e-05,1.029608e-05,5.2713698e-05,0.00016445354,19201.066,0.14442433,231.55408,0.027976558,965.8574
1544,2022-09-19,-0.30433095,0.92571974,69855.42,3010.6025,79108.9,2010.6025,13.874758,6.6229346e-05,,5.5167024e-05,0.00019636223,22039.66,0.15598284,231.34549,0.030023146,668.7135
1545,2022-09-20,-0.37070668,0.91535246,78002.53,2165.677,88198.33,1165.677,10.073619,7.250754e-05,,4.938917e-05,0.00018520732,22077.246,0.15542603,231.79697,0.031207716,848.541
1546,2022-09-21,-0.36001033,0.8238071,69268.99,3333.6594,77494.23,2420.4155,13.477364,6.470508e-05,1.717052e-05,4.876653e-05,0.00017299558,22101.336,0.15775573,230.86337,0.028230648,904.02185
1547,2022-09-22,-0.37927973,0.8175265,77603.14,2273.8765,87792.32,1278.3394,13.4627,6.813209e-05,2.4612173e-05,4.581792e-05,0.00017164327,22109.31,0.1604172,229.59146,0.029280612,697.56006
1548,2022-09-23,-1.2365389,0.7773433,74005.13,2631.9963,83812.266,1631.9963,14.430425,5.9576647e-05,1.5577028e-06,4.7038935e-05,0.00014479914,19238.986,0.16319317,229.89873,0.028349921,727.1246
1549,2022-09-24,-0.1446062,0.51207787,85871.05,1424.4718,96170.766,473.38226,10.928297,6.808676e-05,1.8897286e-05,4.906434e-05,0.00020502903,19234.777,0.16315557,228.58775,0.029862663,746.84534
1550,2022-09-25,-0.43386102,0.65003073,76104.8,2423.7554,85875.984,1433.4602,8.844414,6.048681e-05,1.5408494e-05,4.7045913e-05,0.00017032184,19229.43,0.15444508,229.83032,0.027891237,770.5271
1551,2022-09-26,-0.42510843,0.29475105,74703.98,2661.0886,83181.5,1758.1213,7.1232824,6.623667e-05,1.2637544e-05,4.8731927e-05,0.00018326263,22068.484,0.153741,229.97935,0.028166223,1059.3153
1552,2022-09-27,-0.27786657,0.08177085,82342.15,1727.6416,90956.25,884.37646,4.0316606,7.785036e-05,3.5251163e-05,4.2516145e-05,0.0001820689,19212.043,0.14168102,229.32196,0.030205263,921.95386
1553,2022-09-28,-0.12419945,0.95834,86565.78,1253.8557,95168.0,437.6568,20.27248,7.7678545e-05,,4.177091e-05,0.00018103178,19203.43,0.14467585,229.41153,0.026797386,983.71277
1554,2022-09-29,-1.2695153,0.82011956,88169.66,1085.8849,96883.86,283.4974,13.043452,7.2368995e-05,,4.4774733e-05,0.00016837247,19206.12,0.1479444,229.05562,0.02729634,687.6035
1555,2022-09-30,-0.36825347,0.38811696,59385.58,4504.1553,67479.07,3504.1775,6.3525567,7.687601e-05,3.252153e-05,4.7440742e-05,0.00019752595,19232.281,0.14774357,228.48128,0.029380338,735.17175
1556,2022-10-01,-0.20918523,0.93187886,77053.85,2351.706,85946.75,1441.6338,36.060116,6.8631285e-05,1.9878464e-05,4.20743e-05,0.00017178048,17943.836,0.15569994,228.75406,0.028534442,960.0018
1557,2022-10-02,-0.32852635,0.99048495,47812.062,5914.8877,54827.92,4914.8877,13.272881,7.965056e-05,,4.594822e-05,0.00017393018,22066.266,0.1466202,229.14278,,
1558,2022-10-03,-0.56783634,1.0,47631.246,6075.139,54349.758,5075.139,81.046005,0.000102413236,,4.19344e-05,0.00015002317,19201.396,0.13089973,230.32555,,
1559,2022-10-04,-1.3369244,1.0,84373.15,1475.5414,94316.05,551.7469,64.87508,8.347451e-05,,3.925001e-05,0.00015054076,19215.463,0.13507058,229.83862,0.027377041,1079.4756
1560,2022-10-05,-0.25220066,0.99743515,50623.203,5692.1084,57577.027,4692.1084,27.367668,,,,,,0.12368262,228.0378,,
1561,2022-10-06,-0.23733072,0.95177037,86890.78,1382.2095,96986.03,435.17395,12.725964,8.031858e-05,,3.7899503e-05,0.0001732246,13052.048,0.11821149,228.50647,0.026572863,977.35175
1562,2022-10-07,-0.19081849,0.11602704,80015.67,2187.7476,88597.945,1316.8793,4.245716,7.016614e-05,2.9639377e-05,4.052557e-05,0.00017764192,16697.285,0.13021119,226.98839,0.029760912,615.9542
1563,2022-10-08,-0.0660198,0.9136704,57036.9,4833.8975,64766.83,3833.8977,16.313978,7.774355e-05,6.559163e-05,3.7098704e-05,0.00015892916,16684.309,0.12223068,226.41566,0.025805254,1096.7683
1564,2022-10-09,-0.80443513,0.34231865,79574.51,2135.4775,89254.36,1186.9021,23.807224,5.342384e-05,1.546146e-05,4.013608e-05,0.0001448502,22111.793,0.13912424,225.49295,0.027433502,754.0931
1565,2022-10-10,-0.12545107,0.2198279,86744.625,1499.0997,94387.3,771.47253,4.560513,7.504748e-05,3.664899e-05,3.783965e-05,0.00019302021,16697.73,0.13299839,224.53296,0.029159471,585.19666
1566,2022-10-11,-0.55619854,0.7540103,75051.05,2652.0068,84805.53,1652.007,19.515173,9.705026e-05,5.7183104e-05,3.5405756e-05,0.00017910248,16686.86,0.13217594,227.06195,0.029267475,595.5817
1567,2022-10-12,-0.44388658,0.75924915,85246.33,1546.5498,95558.3,597.59827,10.105588,7.337445e-05,3.3711112e-05,3.6913243e-05,0.0001702332,19237.033,0.14001927,226.94243,0.027364396,869.8915
1568,2022-10-13,-0.067249626,0.951921,80757.516,2006.6549,91169.11,1012.4781,12.266857,7.6599186e-05,,3.6139205e-05,0.00016244323,16695.887,0.14183724,226.8076,0.029449992,717.9867
1569,2022-10-14,0.05544126,0.12905015,75411.16,2594.0476,85213.15,1604.9847,5.731992,5.743648e-05,2.1326454e-05,3.6094e-05,0.00016537083,16690.445,0.15134308,226.52646,0.027357252,1025.664
1570,2022-10-15,-0.8183986,0.15487988,72251.266,2852.3025,81842.19,1852.3027,12.162811,5.500956e-05,2.2197235e-05,3.3709417e-05,0.00013509857,16686.06,0.14600496,226.95215,0.028557258,985.1434
1571,2022-10-16,0.11038366,0.9666082,51875.64,5504.7764,59116.656,4504.777,24.565239,8.7900524e-05,,3.3746004e-05,0.00015619298,15552.621,0.13548909,227.78513,,
1572,2022-10-17,-0.0068472475,0.09305394,70219.13,3516.3738,77641.66,2664.875,6.011274,7.2546245e-05,3.6423018e-05,3.6123227e-05,0.00017597427,14423.009,0.13332073,226.57352,0.031210233,687.29724
1573,2022-10-18,0.019241154,0.8135452,52829.164,5401.6045,60160.04,4401.6045,10.266338,8.348493e-05,4.9369286e-05,3.577729e-05,0.00015766018,14419.114,0.1253372,225.01024,0.02901628,885.5821
1574,2022-10-19,0.12644081,0.2996367,78461.74,2198.255,88101.445,1250.5087,8.117745,3.7405298e-05,1.9063443e-06,3.6184367e-05,0.00014766905,22092.777,0.15082523,223.47139,0.027650021,471.70795
1575,2022-10-20,-1.2723447,0.6421333,85389.29,1538.504,96262.914,538.7245,15.00195,7.0491784e-05,,2.9810617e-05,0.0001309354,16694.5,0.121354006,222.18848,0.027622536,740.20624
1576,2022-10-21,0.031506777,0.9964404,68563.125,3559.3674,77690.51,2562.4102,28.083973,7.817599e-05,,3.0499217e-05,0.00016560958,14420.232,0.12091454,221.78886,0.029030085,380.94885
1577,2022-10-22,0.16272339,0.66659015,66511.39,3473.5156,75328.16,2478.2358,8.340693,7.481131e-05,4.412893e-05,3.1576277e-05,0.00016504337,16681.752,0.13307351,222.79724,0.0287202,1114.7273
1578,2022-10-23,-0.10871562,0.9915496,87121.945,1266.106,98233.94,269.5608,22.806728,6.953529e-05,,3.3735007e-05,0.00016856633,19230.36,0.14496954,222.65271,0.0285082,819.194
1579,2022-10-24,-0.055260062,0.99999416,43737.816,6931.9365,50012.805,5931.937,59.135742,0.000115427705,,3.2052612e-05,0.00015699286,16686.777,0.13077253,222.3262,,
1580,2022-10-25,,0.77062905,88895.68,1135.8296,96693.95,397.99213,15.440224,,,,,,0.13053298,221.01108,,
1581,2022-10-26,-0.19522133,0.8231875,81799.09,1855.5193,91598.59,912.6654,14.151512,6.704858e-05,3.6859714e-05,3.214802e-05,0.00019260374,19237.844,0.13123521,219.07999,0.028589707,1065.5231
1582,2022-10-27,0.22246891,0.8011449,76157.06,2506.8125,86122.39,1506.8125,10.082899,6.732298e-05,4.1366304e-05,2.4630652e-05,0.00014403887,16694.504,0.11688377,219.2115,0.027764853,812.0867
1583,2022-10-28,-0.26477963,0.94568324,67803.65,3563.2925,76335.2,2591.874,32.374416,8.79652e-05,,2.389789e-05,0.000138309,16657.648,0.11688363,219.06517,0.02647817,1298.2616
1584,2022-10-29,-0.38023987,0.9981743,68156.305,3329.7612,77071.0,2329.7832,56.744854,0.00017278103,,2.2474109e-05,0.00017016468,15548.434,0.11647997,218.67017,0.027496286,1928.8735
1585,2022-10-30,0.121808976,0.3992616,67184.75,3543.2725,76203.8,2543.2725,7.03006,4.3525353e-05,2.1417645e-05,2.1686174e-05,0.00012219558,17958.549,0.10993405,219.3682,0.02768501,661.3091
1586,2022-10-31,-0.15114646,0.0,,,,,,5.4771077e-05,3.1057923e-05,2.3713153e-05,0.00012943285,14420.358,0.10931658,219.09192,0.027014116,663.22595
1587,2022-11-01,0.4102411,0.9537477,66677.05,3590.017,75468.82,2590.017,56.12339,6.2233084e-05,,2.5502457e-05,0.00014733092,16687.867,0.1206737,220.23233,0.025769591,1160.3607
1588,2022-11-02,-0.12711337,0.9988198,61605.203,4116.4863,69972.17,3116.9673,56.87443,8.8147186e-05,,2.401291e-05,0.00014552232,16686.18,0.12454322,220.99973,0.026912112,1701.3337
1589,2022-11-03,0.034282476,0.993604,86727.53,1356.3833,97306.484,393.35852,27.340359,7.7820514e-05,,2.793641e-05,0.00016993738,19242.033,0.13383232,220.73401,0.029730685,782.213
1590,2022-11-04,0.13807714,0.85436296,83606.9,1650.7064,94298.41,650.7287,19.770958,4.9194903e-05,3.0029669e-05,2.4011531e-05,0.0001451775,16685.352,0.13059834,220.48682,0.02881767,519.94257
1591,2022-11-05,-0.8699552,0.75818837,49039.93,5918.7354,55987.96,4918.7354,33.06474,4.560323e-05,,2.5939129e-05,0.00012153363,16686.258,0.13259499,219.80647,0.031451534,970.4344
1592,2022-11-06,-0.50270975,0.9999807,84614.56,1574.1296,94727.484,638.6331,29.749035,6.0511793e-05,,2.4616746e-05,0.00017019872,16687.893,0.13712269,219.46288,0.029260054,863.98785
1593,2022-11-07,-0.21253133,1.0,76305.92,2369.7927,86399.3,1369.7927,64.01562,6.353023e-05,,2.3366074e-05,0.00015042782,16684.79,0.13205281,221.17108,0.028096866,399.6066
1594,2022-11-08,0.35732192,0.77864087,76118.07,2472.75,85162.34,1545.7388,31.54689,7.769926e-05,3.2013657e-05,2.8626688e-05,0.00016705129,19232.49,0.13959518,222.24866,0.030504875,1005.11536
1595,2022-11-09,0.4384386,0.6433809,48763.867,5963.0234,55654.242,4963.0234,19.798439,8.85123e-05,5.716228e-05,2.4783993e-05,0.000157028,16682.668,0.13513422,222.73853,0.027305137,906.6288
1596,2022-11-10,-1.4882902,1.0,54756.87,4975.448,62588.89,3975.448,78.76519,,,,,,0.14144628,223.1441,,
1597,2022-11-11,-0.42434034,1.0,48698.906,6482.992,55496.87,5482.992,183.95648,,,,,,0.12949546,219.94955,0.02766376,1251.6476
1598,2022-11-12,-0.305719,1.0,90251.11,1083.4651,100310.234,181.90063,50.325806,6.153432e-05,,2.442683e-05,0.0001677002,13054.016,0.121727824,220.31973,0.025421808,809.58203
1599,2022-11-13,0.20299885,0.019599749,62277.97,4238.6396,70777.625,3238.6396,6.801799,4.9821043e-05,2.6005378e-05,2.3815668e-05,0.00015998931,13055.648,0.12870008,220.31732,0.030040164,695.937
1600,2022-11-14,0.6274727,0.91431504,83676.3,1745.2393,93597.28,816.0316,60.63584,5.5170818e-05,,2.962118e-05,0.00018504888,14424.364,0.13495016,219.25508,0.02673943,529.8956
1601,2022-11-15,-0.44109905,0.9997635,82258.125,1768.354,92585.95,792.23987,35.7006,6.837718e-05,,2.5692583e-05,0.00017393197,13051.379,0.1281402,219.51837,0.026091434,621.8096
1602,2022-11-16,-1.3362346,0.9861736,87118.305,1237.717,98469.86,248.70415,28.923325,3.4999983e-05,,2.8839248e-05,0.0001442855,19231.639,0.15355597,218.3516,0.026378632,341.85776
1603,2022-11-17,-0.18052855,0.9615854,86885.805,1231.3857,96816.5,366.423,50.741547,7.985608e-05,,2.0748701e-05,0.00012897338,22082.926,0.12974095,216.24564,0.02817491,408.91238
1604,2022-11-18,-0.020685516,0.9337837,78126.97,2019.9065,89133.48,1019.9065,27.916077,0.00011388415,,3.0480114e-05,0.00023037213,27594.354,0.14985609,219.02858,0.027413432,217.90857
1605,2022-11-19,0.13777518,0.9784938,86819.93,1251.0852,96733.58,385.005,50.541206,0.00011627209,,2.428046e-05,0.00020883675,24201.098,0.1310095,218.68845,0.02879058,255.0456
1606,2022-11-20,0.40159822,0.81783885,81820.71,1742.8724,92242.0,807.4459,55.22876,7.1610455e-05,,2.5231313e-05,0.00019563036,22099.43,0.1386986,217.92651,0.028748374,296.11887
1607,2022-11-21,-1.0642889,0.92415535,90592.8,904.40094,99115.26,167.37524,38.006813,8.87659e-05,,2.5002126e-05,0.00018439382,22080.324,0.14289165,217.86485,0.031134084,330.81723
1608,2022-11-22,-0.3682846,0.9934514,88175.87,1103.3884,98433.83,208.46024,30.208313,0.000120504614,,2.5727239e-05,0.0001787783,22074.488,0.1456388,217.74802,0.031281747,466.51086
1609,2022-11-23,-0.09485225,1.0,90081.45,955.7495,99187.984,168.33429,45.44274,7.035288e-05,,2.5609834e-05,0.00019342577,19228.84,0.14395317,219.71631,0.03101265,482.2523
1610,2022-11-24,0.2773025,0.933788,48719.69,5805.2617,55660.375,4805.2617,100.65555,,,,,,0.15034512,220.61443,,
1611,2022-11-25,-0.08403212,0.9773927,67981.54,3301.1162,77198.88,2301.1162,48.351067,,,,,,0.1552046,220.40732,0.03284451,744.71985
1612,2022-11-26,-0.4243505,0.99652934,84887.484,1547.5365,95147.36,620.26996,144.31566,,,,,,0.1511017,219.72765,0.03233971,758.553
1613,2022-11-27,-0.6878533,0.9971231,86337.78,1413.582,96799.88,508.09702,22.972466,0.00022218526,,2.5513618e-05,0.00025463916,22143.543,0.14219713,215.39584,0.03331225,561.2836
1614,2022-11-28,-0.22980475,,,,,,,0.00022967964,,2.0203914e-05,0.00022666884,19257.713,0.14167225,215.21082,0.028860923,569.65704
1615,2022-11-29,-0.28795207,0.99954784,76040.33,2499.6116,86242.484,1499.6116,52.840103,9.905908e-05,,1.9922994e-05,0.000190571,19268.8,0.13614494,212.97128,0.030756999,549.6924
1616,2022-11-30,-0.054419816,0.91302586,82636.5,1795.6626,93834.2,795.66266,28.435194,0.00010985542,,1.5959857e-05,0.00016122988,16704.496,0.12158534,211.63647,0.032190222,594.8135
1617,2022-12-01,-0.22288388,0.9307446,87107.11,1404.5372,96932.02,539.43896,43.339737,0.000106460946,,1.5907191e-05,0.00018102449,16706.113,0.12594867,212.11261,0.029749017,333.02762
1618,2022-12-02,-0.66445476,0.4554812,91748.21,955.99945,100976.25,178.75888,54.582493,0.00017062921,,1.7505172e-05,0.0002661202,16704.262,0.13137215,213.2436,0.032235518,343.878
1619,2022-12-03,-0.21553615,0.9166215,48621.777,5900.217,55822.54,4900.217,80.947464,,,,,,0.13212916,213.86298,,
1620,2022-12-04,-0.42563587,0.9999994,66957.76,3483.237,76088.23,2483.2368,112.09316,6.673036e-05,,2.143173e-05,0.00017639919,16709.465,0.1385065,213.93655,0.037206195,1512.2697
1621,2022-12-05,-0.035126954,0.99663025,73998.27,2669.2908,84183.64,1669.2908,56.96525,9.4473544e-05,,2.0349877e-05,0.00017843583,16701.023,0.14057386,213.31398,0.032352276,829.75
1622,2022-12-06,-0.28944603,0.9958447,66964.92,3413.8171,76023.64,2413.8174,78.95352,,,,,,0.13160709,211.96832,0.031279873,561.8444
1623,2022-12-07,-1.2017328,1.0,78968.12,1950.3326,89577.6,950.3325,249.1688,,,,,,0.14634113,211.3935,0.033768326,527.2967
1624,2022-12-08,-0.1624545,,,,,,,5.180175e-05,,2.2704668e-05,0.0001764252,19217.27,0.1406251,211.04587,0.032011293,363.9858
1625,2022-12-09,0.0087059885,,,,,,,,,,,,0.16540805,212.97763,0.028561948,275.04404
1626,2022-12-10,-0.7194528,,,,,,,4.6234294e-05,,2.4296245e-05,0.00018391921,19221.936,0.15460238,213.97899,0.032502703,373.07648
1627,2022-12-11,-1.1610929,,,,,,,,,,,,0.13997532,217.21153,,
1628,2022-12-12,-1.7748785,,,,,,,0.00016455671,,2.4333018e-05,0.00032452977,19186.822,0.15949374,217.7472,0.03208401,453.96704
1629,2022-12-13,-0.24082202,,,,,,,8.481231e-05,,2.8943306e-05,0.00023839338,24116.059,0.16457248,216.39398,0.03461312,380.49673
1630,2022-12-14,-0.118205756,,,,,,,9.954182e-05,,2.2948661e-05,0.0002772379,24167.574,0.14939582,217.38503,0.031979308,300.3618
1631,2022-12-15,0.22160555,,,,,,,0.00014108041,,1.6922426e-05,0.00022662211,19219.094,0.1332514,215.7719,0.029645054,170.05807
1632,2022-12-16,-0.10199672,,,,,,,,,,,,0.13079235,213.55612,,
1633,2022-12-17,-0.040474534,,,,,,,7.854144e-05,,1.956735e-05,0.00018864112,19245.078,0.1412305,215.01016,0.031054694,540.74866
1634,2022-12-18,-0.8884712,,,,,,,6.3838896e-05,,1.8947687e-05,0.00020431256,22158.588,0.13908723,213.54636,0.031706877,193.54704
1635,2022-12-19,-0.27170312,,,,,,,0.00013798752,,1.3138257e-05,0.00025477918,16707.027,0.11802871,210.27295,0.03527591,135.07626
1636,2022-12-20,-0.52954787,,,,,,,,,,,,0.12972082,208.05746,0.032327045,1179.4106
1637,2022-12-21,-0.32505196,,,,,,,,,,,,0.11253411,208.76251,,
1638,2022-12-22,-0.41000777,,,,,,,,,,,,0.13019314,213.4077,0.0301894,567.6703
1639,2022-12-23,-1.2433941,,,,,,,0.00013227064,,2.3349232e-05,0.00021010307,22048.463,0.14398415,218.26524,0.030254096,652.55865
1640,2022-12-24,0.0063452274,0.6618583,88212.99,1118.6505,98586.93,207.44142,47.00263,7.5069e-05,,2.180119e-05,0.00017664772,22076.146,0.14183047,219.43068,0.030798696,144.24133
1641,2022-12-25,0.1545602,0.98088443,52960.816,5097.269,60926.023,4097.269,26.773478,0.000106797495,,2.1792966e-05,0.00022102142,22126.086,0.14619131,220.09427,,
1642,2022-12-26,-0.22763757,0.99901307,40211.016,7077.3594,46690.58,6077.3604,107.82792,,,,,,0.15010908,220.22101,,
1643,2022-12-27,0.12611997,,,,,,,6.46181e-05,,2.4424351e-05,0.00018089566,22078.701,0.17599078,218.52696,0.028907515,313.28244
1644,2022-12-28,-1.2093043,0.60311764,84209.67,1560.117,95248.35,560.1171,58.401802,6.513071e-05,,1.9271063e-05,0.00015975283,19238.56,0.15859644,217.3404,0.031533465,502.78003
1645,2022-12-29,0.1167698,1.0,53335.793,5501.9775,61279.156,4501.9775,241.41837,,,,,,0.15432289,214.19618,0.03268962,1307.0048
1646,2022-12-30,-0.11315666,0.999472,60528.64,4114.3843,69090.375,3114.3843,118.37494,,,,,,0.16322468,216.36948,,
1647,2022-12-31,-0.18290064,0.9985055,46170.15,6205.3584,52820.836,5205.3584,136.75533,,,,,,0.14470598,216.30566,,
1648,2023-01-01,0.4363396,0.84404165,47890.53,6018.9834,54737.02,5018.984,123.907074,7.5424636e-05,,1.8546267e-05,0.00014967275,13049.38,0.1374264,214.03285,,
1649,2023-01-02,-0.0059106946,0.99630797,45036.617,6494.1646,51499.72,5494.1646,84.98607,,,,,,0.13279569,213.68726,,
1650,2023-01-03,-1.1083517,0.8566543,83018.79,1660.2656,93872.81,660.2655,36.431087,4.494388e-05,1.361962e-05,2.1242455e-05,0.00014899268,19232.107,0.15223104,213.1632,0.030135775,578.5531
1651,2023-01-04,-0.058883138,0.86260504,52535.547,5295.1626,60248.523,4295.163,37.3275,3.1063148e-05,3.4890006e-06,1.9377609e-05,0.0001347756,19246.545,0.14619887,211.54614,0.03559451,280.88925
1652,2023-01-05,0.19511841,0.9976965,69082.98,2982.8745,78431.27,1982.8745,120.65578,5.790887e-05,,1.853133e-05,0.00013535844,22023.865,0.13394433,212.7096,0.031775035,896.2854
1653,2023-01-06,-0.18649414,0.6337535,77541.41,2306.2754,86250.45,1442.6193,27.776823,8.710925e-05,,1.6378115e-05,0.00015650733,17961.15,0.14492479,211.64635,0.034697592,165.88734
1654,2023-01-07,-0.16007447,0.96533,70042.5,3012.5103,79622.36,2012.5105,32.42956,9.687415e-05,,1.5808333e-05,0.00016864984,19255.229,0.14074329,211.57368,0.03382944,351.07367
1655,2023-01-08,-0.6405886,0.86348164,64217.027,3701.743,72978.46,2701.743,69.65274,0.00012194685,,1.4419198e-05,0.00013815604,14419.949,0.12471785,212.10782,,
1656,2023-01-09,-0.1689417,0.9989089,55203.617,4878.7163,62881.367,3878.7163,177.43823,,,,,,0.13590872,212.02835,,
1657,2023-01-10,-0.26616082,1.0,50766.938,5440.5107,58175.125,4440.5107,160.66533,,,,,,0.15148804,212.36626,,
1658,2023-01-11,-0.18046732,1.0,87504.54,1258.0034,98928.43,261.1597,37.7599,7.353062e-05,,1.5312758e-05,0.00016514865,14419.582,0.13467911,212.24512,0.033959758,584.10974
1659,2023-01-12,-0.32834613,,,,,,,0.00015633233,,1.898475e-05,0.00019201449,16682.008,0.13565744,214.31015,0.03231494,568.9906
1660,2023-01-13,-1.5010476,1.0,64196.184,3674.7295,72827.41,2674.73,134.73471,,,,,,0.1397563,215.23848,,
1661,2023-01-14,-0.14938992,0.9052579,83494.45,1597.6477,94415.88,604.33026,19.099453,7.142174e-05,,2.2122935e-05,0.00018202944,19229.549,0.16316706,213.31117,0.032274727,586.7023
1662,2023-01-15,-0.35923588,0.9912013,39101.492,7316.737,45054.312,6316.737,81.81411,,,,,,0.14315653,216.18216,,
1663,2023-01-16,0.51802135,0.87594557,78287.3,2062.862,88664.16,1063.273,25.404797,7.934304e-05,3.2136468e-05,2.7563196e-05,0.00022505774,19214.188,0.16850778,219.25185,0.031721815,440.75964
1664,2023-01-17,-0.23070198,0.9977421,67869.33,3209.2354,77025.86,2214.2976,103.17597,9.592594e-05,,3.4840476e-05,0.00022850904,22012.426,0.1819309,221.80635,0.030837113,429.07822
1665,2023-01-18,-0.14069566,1.0,45146.117,6310.8936,51879.016,5310.8936,153.81232,0.00014461143,,3.054347e-05,0.00021039078,19189.77,0.17056614,226.18655,,
1666,2023-01-19,-0.9169659,0.9999298,44069.176,6324.868,50653.94,5324.868,73.210686,,,,,,0.19001095,224.93962,,
1667,2023-01-20,-0.3659227,0.9541459,63975.242,3735.9724,72752.25,2749.4458,59.80111,0.00010690409,,3.59057e-05,0.0002635602,19232.293,0.18706971,223.45352,0.033537634,517.5538
1668,2023-01-21,-0.28765482,0.99999785,57082.66,4663.543,65137.758,3663.543,100.45508,,,,,,0.18283734,221.53357,,
1669,2023-01-22,-0.0172863,0.96900535,90123.94,1109.1807,100865.42,199.35718,24.453793,9.7742246e-05,3.626563e-05,2.7850305e-05,0.0002103862,16704.35,0.18198156,220.04117,0.03126095,274.51343
1670,2023-01-23,-0.0030331016,0.979667,91815.91,1017.10876,101471.05,196.85684,30.40554,8.7013716e-05,,2.6311576e-05,0.00019755895,16711.318,0.1649566,219.91653,0.032287337,316.6311
1671,2023-01-24,-1.317133,1.0,94713.96,770.4398,101978.6,155.58728,44.555614,9.56362e-05,,2.6757714e-05,0.00018228442,16710.988,0.14976113,219.1604,0.03309939,57.501617
1672,2023-01-25,-0.27485836,0.9971554,89850.96,1152.1516,98174.83,409.12988,45.60319,7.638216e-05,,2.3192395e-05,0.00015111278,14425.406,0.15244803,215.0557,0.03180095,946.70966
1673,2023-01-26,-0.69180286,0.9997653,55515.72,4804.522,63482.03,3804.522,49.098534,,,,,,0.15200527,215.2493,,
1674,2023-01-27,-0.42043784,0.96742564,86571.35,1375.4602,97477.19,398.1803,28.389462,0.00011404487,,1.9054909e-05,0.00015346828,17970.832,0.1576877,214.58899,0.032647848,681.5144
1675,2023-01-28,-0.35434598,1.0,87307.16,1311.6794,98479.56,336.23407,35.480186,7.957052e-05,,1.990522e-05,0.00013214265,16693.422,0.14296257,214.6218,0.033152185,118.35166
1676,2023-01-29,-2.0338469,1.0,71492.88,2818.3704,81154.81,1818.3706,56.23543,,,,,,0.13514607,213.78853,,
1677,2023-01-30,-0.5926132,1.0,67919.67,3120.609,77524.03,2124.1265,143.02654,0.00026853278,,1.9609086e-05,0.00020720673,16657.113,0.13839412,216.0553,0.029593486,569.66144
1678,2023-01-31,-0.3043508,0.9959853,82354.08,1587.5948,93110.15,620.8167,16.641369,6.444511e-05,,2.8300128e-05,0.00016597763,22042.86,0.1486311,220.34998,0.030674614,302.99878
1679,2023-02-01,-0.12948556,0.99999577,82374.945,1542.7793,92251.83,638.9881,40.082695,0.00015833443,,2.908774e-05,0.00022775258,24083.0,0.1599414,221.78256,0.030595979,505.59387
1680,2023-02-02,0.12901339,1.0,75374.07,2370.378,84712.336,1447.9358,103.973305,0.00010340912,,1.8521296e-05,0.0001208255,22041.418,0.18827283,216.99228,0.033908628,303.94894
1681,2023-02-03,-0.20327112,0.8565831,86735.945,1271.9701,97800.1,307.78085,22.088558,0.00013880426,,2.2621778e-05,0.00018156023,19228.053,0.17994954,218.92047,0.034286145,223.21506
1682,2023-02-04,-0.9888671,1.0,93426.46,737.033,100453.234,143.29083,76.064735,0.00015203826,,1.6971258e-05,0.00015049003,22120.916,0.18336755,216.82825,0.036275543,258.96448
1683,2023-02-05,-0.21161047,,,,,,,7.789694e-05,,1.811652e-05,0.00014934075,16706.102,0.15031141,214.68204,0.039428584,256.1572
1684,2023-02-06,-0.33505437,1.0,92224.11,931.62244,101627.58,144.69598,36.175125,4.54622e-05,,1.8505903e-05,0.00010409187,16705.61,0.15411337,214.0889,0.036308803,371.7843
1685,2023-02-07,-0.18401317,1.0,95439.95,706.6787,101975.89,143.6051,17.754616,5.917285e-05,,1.6969334e-05,0.000105005995,14428.58,0.13547322,214.82547,0.034662977,246.0458
1686,2023-02-08,0.11658412,0.9017618,87370.41,1462.604,97476.375,577.89453,40.37673,6.1660554e-05,,1.875755e-05,0.000116233365,13059.289,0.13079683,214.98187,0.0317009,358.85455
1687,2023-02-09,-0.9405259,0.99468046,90908.98,1069.7776,100043.516,292.53955,39.85934,0.00012366971,,1.8635787e-05,0.00015930975,13056.755,0.1379839,213.23018,0.034160472,354.9914
1688,2023-02-10,-0.11416587,0.9941362,91064.35,959.65094,100577.57,144.49203,10.328098,5.8858335e-05,,1.5683097e-05,0.000115130926,14419.885,0.14395353,209.08618,0.036714047,188.0073
1689,2023-02-11,-0.5937851,1.0,62421.11,3971.7144,71291.16,2971.714,61.56972,,,,,,0.13124022,209.71536,0.03462019,896.6555
1690,2023-02-12,-0.022324644,0.9603622,72454.5,2830.6287,82616.69,1830.6287,8.039272,5.2652533e-05,,1.2566725e-05,8.098586e-05,13055.898,0.11399861,207.37097,,
1691,2023-02-13,-0.17510347,0.9999007,63800.31,4011.1292,72419.81,3011.1287,94.816986,4.8316746e-05,,1.3195897e-05,8.170419e-05,16694.875,0.11815122,210.40878,0.036185145,580.5301
1692,2023-02-14,-0.5280957,0.252052,73271.45,2815.6294,80233.95,2076.7664,2.7203572,5.978179e-05,2.2933324e-05,1.4564456e-05,0.00010132667,14423.526,0.11033592,210.48837,0.037639394,474.63373
1693,2023-02-15,-0.40433443,0.99689114,94142.83,760.67175,101035.375,157.9335,17.054611,5.170822e-05,,1.8701487e-05,0.00010793394,16700.932,0.1098864,212.22214,0.03298621,541.4426
1694,2023-02-16,-0.2092738,1.0,76840.72,2333.6426,87001.41,1333.6427,55.12844,7.247126e-05,,1.888836e-05,0.0001169652,16689.055,0.12473203,215.21744,0.03223968,354.90402
1695,2023-02-17,-0.70901525,0.99999624,84403.72,1511.6075,94304.65,605.266,37.095913,,,,,,0.15408286,215.8681,0.03615559,443.85016
1696,2023-02-18,0.092460066,1.0,75289.8,2243.396,85486.91,1243.3961,60.089523,8.5117455e-05,,1.9094876e-05,0.00012684251,19183.566,0.16833536,215.59563,0.031901564,656.167
1697,2023-02-19,-0.007485181,0.51090324,72293.875,2641.8296,82309.34,1641.8296,5.2224474,1.716768e-05,-1.6509704e-06,2.2686287e-05,8.865603e-05,20625.025,0.15668073,216.62653,0.03491615,292.48865
1698,2023-02-20,-1.3595772,1.0,40052.867,6971.849,46070.984,5971.849,95.965256,,,,,,0.14689241,215.68663,,
1699,2023-02-21,-0.43609646,1.0,85291.38,1288.8313,96194.8,311.11597,66.75543,4.9199327e-05,,3.4167475e-05,0.00015682302,17927.953,0.17397907,218.24796,0.032869317,432.79663
1700,2023-02-22,-0.29712382,0.9965222,85331.36,1445.9313,96555.875,453.96277,19.607069,6.0723214e-06,,3.77637e-05,0.00013301577,19241.8,0.16788362,219.2019,0.035897806,202.99785
1701,2023-02-23,0.19906425,0.88241625,33250.484,8463.326,38628.844,7463.326,12.477938,7.867242e-05,,2.8355982e-05,0.00012478924,19250.307,0.16378231,219.28702,,
1702,2023-02-24,0.15497646,0.99999857,69893.25,2932.5293,79304.83,1932.5294,49.174522,,,,,,0.16677475,220.6305,0.033546895,542.76855
1703,2023-02-25,-0.9755607,1.0,64314.3,3409.8896,73271.97,2409.89,74.880585,1.14376535e-05,,3.5797257e-05,0.000112700654,24052.441,0.2090815,223.11957,0.022946209,341.08252
1704,2023-02-26,-0.4667885,1.0,91155.01,836.5695,99050.984,155.17847,44.372974,2.5828955e-05,,3.6064128e-05,0.0001392084,24152.025,0.21348321,219.96686,0.034094304,244.25856
1705,2023-02-27,-0.14816877,0.72051334,83233.66,1813.7856,88871.53,1262.8668,9.002559,6.0797232e-05,3.328392e-05,2.3370438e-05,0.00012022945,20700.287,0.14487776,218.47528,0.037580095,244.09453
1706,2023-02-28,-0.3653069,0.71134394,91476.21,974.5262,98624.766,343.62646,10.290735,7.305131e-05,2.4860645e-05,2.3497949e-05,0.00012632238,16696.71,0.12513375,218.29155,0.03683971,503.93243
1707,2023-03-01,-0.07485381,0.8204237,82877.55,1733.6157,93827.92,738.29736,6.202944,1.2420083e-05,,3.7256847e-05,0.00012532482,14421.314,0.17216992,219.26387,0.03607504,415.2345
1708,2023-03-02,-1.3998047,0.9999997,83539.25,1655.5146,94462.055,655.5147,15.806218,3.1922587e-05,,3.2487707e-05,0.00010491874,16688.967,0.16373132,222.2303,0.03591151,262.3434
1709,2023-03-03,-0.55256474,0.8329556,74574.336,2461.192,84994.625,1462.0088,24.698154,3.0489105e-05,-1.3017107e-05,3.8222643e-05,0.00014237416,23115.785,0.181207,222.68335,0.030492049,314.6355
1710,2023-03-04,-0.2232396,0.88777894,76100.266,2172.023,85930.64,1230.4545,38.328117,4.0159997e-05,3.0734502e-06,3.7588397e-05,0.00014204776,24088.814,0.20378667,225.31573,0.024473913,277.97208
1711,2023-03-05,-0.37815407,0.9573077,78433.17,1963.4099,88519.76,1025.858,23.663044,5.3883436e-05,,3.4460398e-05,0.00014038809,27489.6,0.20693481,226.01355,0.028116405,348.17145
1712,2023-03-06,-0.34303162,0.9345109,79843.44,1811.8867,90109.16,870.9375,21.50539,6.608314e-05,,3.264258e-05,0.00014691107,25774.605,0.20863551,226.33618,0.030850979,235.89105
1713,2023-03-07,-0.44696766,0.7493348,85926.4,1243.8308,96361.14,320.67584,5.9846816,9.436549e-05,,3.389099e-05,0.0001999301,24112.006,0.18743299,226.54517,0.03260351,178.60454
1714,2023-03-08,-1.0351878,0.997703,83430.766,1396.9949,93842.234,463.7008,31.239567,6.235554e-05,,3.8618906e-05,0.00015359624,27440.605,0.21585996,226.4398,0.029095802,309.90686
1715,2023-03-09,-0.038983002,0.6982725,75758.06,2326.2678,83672.11,1514.8444,6.6387744,0.00010377178,,3.602764e-05,0.0001846148,22032.203,0.18236127,225.65833,0.033370733,217.66263
1716,2023-03-10,-0.37424564,1.0,59062.2,4111.691,67096.89,3111.6904,50.199635,0.00013339706,,3.299934e-05,0.00016239104,19200.736,0.20662442,224.3732,,
1717,2023-03-11,-0.36499485,,,,,,,0.00012020546,,3.4548615e-05,0.00016100446,21985.762,0.19274929,224.94421,0.03366784,655.5311
1718,2023-03-12,-0.45012644,0.9751092,85311.21,1276.5366,94750.26,434.64502,16.729866,5.1539973e-05,3.8957432e-06,3.6335485e-05,0.00014982853,25794.254,0.18390039,226.36017,0.026601851,243.46378
1719,2023-03-13,-1.1406902,,,,,,,9.584111e-05,,3.1550855e-05,0.00014018352,19217.367,0.15925789,224.57402,0.030869534,434.5257
1720,2023-03-14,-0.20160884,0.8779261,47808.992,6010.204,54453.6,5010.204,25.557215,0.00011234719,4.5705612e-05,4.2239066e-05,0.00018671202,19189.816,0.1628575,222.95563,0.030181427,930.82007
1721,2023-03-15,-0.323865,0.9989009,60263.656,4144.816,68753.6,3144.8164,11.259182,5.831333e-05,,4.4060114e-05,0.00016463586,19219.07,0.16671908,223.78748,0.030113053,334.57275
1722,2023-03-16,-0.25913215,0.51154786,81345.86,1857.9198,90839.14,976.1852,3.83816,6.381687e-05,1.373673e-05,4.3530134e-05,0.00018180464,22106.918,0.18189253,223.35797,0.032725107,254.09505
1723,2023-03-17,0.060273297,0.10188291,60592.875,4650.907,67699.586,3757.7036,1.8980908,8.4103005e-05,4.3737746e-05,4.036526e-05,0.00019424106,19261.508,0.17073658,220.94522,0.034355912,362.83655
1724,2023-03-18,-0.66462547,0.017820414,41662.77,7051.6387,47811.75,6051.6387,5.396772,6.8757734e-05,2.6920603e-05,4.190093e-05,0.00014519093,16694.834,0.161685,220.7473,0.03690433,705.4119
1725,2023-03-19,-0.04943721,0.27928013,63334.016,4072.3062,71658.414,3089.5298,4.116308,6.735516e-05,2.1006454e-05,4.615517e-05,0.00019081478,19242.672,0.16357693,220.62033,0.034057893,674.7676
1726,2023-03-20,-0.5453017,0.41137803,60945.29,4151.634,69382.82,3151.6343,3.8621674,6.594724e-05,2.4964309e-05,4.7999903e-05,0.00017736075,22087.543,0.17941025,221.77406,0.031660248,755.2917
1727,2023-03-21,-0.6562431,0.9863156,87695.31,1208.8124,96904.79,375.33594,11.503005,8.507482e-05,,3.7384805e-05,0.00015503481,22083.668,0.17186314,221.72018,0.031559598,646.89746
1728,2023-03-22,-0.11003235,0.5263343,81670.2,1833.5421,90880.08,950.9784,6.1432557,6.7692614e-05,2.6502876e-05,3.926256e-05,0.00015491448,19230.543,0.15974906,220.94223,0.031318087,436.94183
1729,2023-03-23,-0.36249685,0.65685666,62556.656,4131.478,70762.234,3146.0837,6.9499016,7.820134e-05,3.3427215e-05,3.8127713e-05,0.00015665889,16672.375,0.14666872,221.73425,0.03201449,921.5021
1730,2023-03-24,-1.3920691,0.93305427,51565.477,5347.605,59041.28,4347.605,10.83347,8.951088e-05,,3.907017e-05,0.0001286462,19213.098,0.14568318,222.36482,0.029032141,1722.8726
1731,2023-03-25,-0.103179425,0.50608146,50632.29,5835.7476,57913.04,4835.7476,8.654081,7.546331e-05,3.110381e-05,4.645128e-05,0.00018643783,22043.12,0.15847377,223.05554,0.032994866,443.3312
1732,2023-03-26,-0.644511,0.84846294,72975.65,2666.346,82423.625,1690.0985,17.111143,6.77893e-05,2.0083036e-05,4.8634196e-05,0.00018433324,24099.625,0.17150874,224.3302,0.033114817,749.68756
1733,2023-03-27,-0.42023927,0.9798679,83526.055,1514.1117,94309.805,514.1117,14.411407,7.284523e-05,,4.482797e-05,0.00017105213,23081.768,0.17644808,223.91339,0.033146963,275.9012
1734,2023-03-28,-0.53043264,0.8380376,56713.742,4519.3984,64891.664,3519.3984,7.992219,7.016798e-05,,4.4580884e-05,0.00016811644,22066.137,0.16968396,223.90097,0.03567945,248.07275
1735,2023-03-29,-1.2413346,0.7657811,85210.41,1432.3462,96367.914,434.35056,11.656433,7.095328e-05,,4.3588276e-05,0.00014389475,22092.607,0.19701506,224.26703,0.03086652,132.23491
1736,2023-03-30,-0.613578,0.49770206,76772.57,2264.1045,86738.68,1293.9792,7.230077,0.000102447215,5.5087577e-05,4.6082772e-05,0.00018942816,19227.176,0.17958602,221.80096,0.03492146,458.31628
1737,2023-03-31,-0.5227245,1.0,75811.516,2297.4248,85790.22,1298.3472,70.97368,0.00012452395,,4.392397e-05,0.00019500949,22036.645,0.16691062,222.87274,0.032250263,382.0526
1738,2023-04-01,-0.44761354,1.0,71423.875,2756.0288,80981.83,1756.0288,38.37954,0.00010177557,,4.3077504e-05,0.00017039914,22032.32,0.16480525,222.91605,0.035405114,747.9409
1739,2023-04-02,-0.5152871,0.9984394,79898.61,1971.1212,89790.31,1023.0512,20.013247,8.832484e-05,,4.1473104e-05,0.00016521137,22084.766,0.1661734,223.12476,0.034402758,550.341
1740,2023-04-03,-1.2049626,0.62588054,88943.92,1146.6398,99244.47,253.47322,10.703483,6.0383783e-05,1.00749985e-05,4.715358e-05,0.00014037197,22121.998,0.17265022,223.9595,0.032957964,218.18137
1741,2023-04-04,-0.56634897,0.99595505,82837.51,1702.3059,92722.39,808.6589,22.344128,8.253884e-05,,4.484712e-05,0.00018891113,22111.928,0.17773013,223.62686,0.033414252,419.9163
1742,2023-04-05,-0.37521046,0.98736954,91322.266,914.57776,100097.44,162.77681,14.962667,7.76779e-05,,5.2544994e-05,0.00019084004,22115.197,0.16872494,224.27673,0.031205295,329.81998
1743,2023-04-06,-0.10988226,1.0,87192.164,1331.105,97508.33,385.36322,34.07669,7.024172e-05,,4.9302424e-05,0.00017550997,19242.629,0.15911272,223.06992,0.03450539,643.29144
1744,2023-04-07,-0.08130005,0.7865057,73622.266,2713.6191,83281.414,1718.5851,9.138639,7.2969415e-05,3.404438e-05,4.9506918e-05,0.00016853382,19244.383,0.17317428,222.12112,0.03350706,959.3016
1745,2023-04-08,-0.44261926,0.6570971,82534.78,1815.4204,92804.25,853.72925,7.9143453,8.1768216e-05,2.1645554e-05,4.7042693e-05,0.0001817338,19256.305,0.17015561,222.6997,0.035593286,888.1537
1746,2023-04-09,-1.3215094,0.63959134,81409.13,1949.7473,91557.03,976.83765,11.661549,6.739665e-05,2.5322977e-05,4.9991548e-05,0.0001505743,19255.064,0.16709429,223.1761,0.036279365,1001.6875
1747,2023-04-10,-0.34545937,0.57792395,77398.77,2366.4082,87133.76,1391.1228,8.109365,7.540126e-05,2.560348e-05,5.0377654e-05,0.00018515391,19254.867,0.16680607,223.06421,0.035888538,810.91864
1748,2023-04-11,-0.36784887,0.3381664,87864.055,1247.9858,97545.44,356.22202,6.7947855,6.641894e-05,1.639744e-05,5.0933428e-05,0.00017965565,19237.963,0.17003337,223.5097,0.035649873,775.82654
1749,2023-04-12,-0.5647579,0.75607526,53224.594,5122.283,60796.06,4122.2837,6.446328,6.997443e-05,,5.1462128e-05,0.00017170692,19226.0,0.16422807,223.38141,0.03489919,687.39453
1750,2023-04-13,-0.47776222,1.0,68513.27,3198.35,77832.91,2198.4287,33.542126,0.00011673059,,4.99964e-05,0.00014861129,19220.832,0.17166659,223.96756,,
1751,2023-04-14,-1.1687211,0.9996644,76840.48,2318.412,86826.95,1318.4124,21.639305,8.561919e-05,,5.303719e-05,0.00014942566,19235.438,0.15891506,225.8809,,
1752,2023-04-15,-0.5251616,0.98663247,74867.86,2533.9795,84822.03,1533.9795,22.504286,0.00011820895,,4.8716065e-05,0.00018020156,16687.781,0.1527344,225.34259,0.033195972,580.7282
1753,2023-04-16,-0.56955373,1.0,68763.375,3252.662,78044.72,2252.7283,52.216305,9.74102e-05,,5.421468e-05,0.00018308708,22116.17,0.16607137,225.62656,0.03215259,970.97186
1754,2023-04-17,-0.4621045,0.9761771,87635.78,1347.417,98035.08,395.11725,16.8838,6.956133e-05,2.5414984e-05,5.3664735e-05,0.00018173069,19258.082,0.16043955,224.63373,0.03618786,610.6836
1755,2023-04-18,-0.4313528,0.826784,79350.66,2150.1128,89524.7,1175.3186,19.82484,6.468678e-05,1.3288097e-05,5.4987177e-05,0.00018075955,19259.727,0.17746985,224.86067,0.036339834,640.169
1756,2023-04-19,-0.99728817,0.17238195,73382.94,2745.222,83264.01,1746.9918,8.431647,8.0642625e-05,2.0860567e-05,6.0014267e-05,0.00016274776,22117.215,0.17387402,225.6436,0.03387752,744.7795
1757,2023-04-20,-0.12606603,0.20452158,83592.766,1722.1788,93303.8,814.9072,6.145219,9.044036e-05,3.4110824e-05,5.6329533e-05,0.00021865344,19253.781,0.17268467,224.13116,0.035499856,602.589
1758,2023-04-21,-0.50962156,0.41238713,69328.98,3206.8528,78695.49,2206.8528,8.929665,8.176339e-05,3.0197527e-05,5.79795e-05,0.00019134412,19244.736,0.16281733,226.50293,0.031646166,466.10428
1759,2023-04-22,-0.5898161,0.6325962,78838.4,2114.0898,89031.81,1133.4348,8.183542,8.696251e-05,2.8012786e-05,5.3282827e-05,0.00018888402,16683.691,0.15504697,227.76353,0.03182163,641.8579
1760,2023-04-23,-0.3020815,0.19753996,85463.42,1474.49,94705.09,601.2577,8.096142,8.590057e-05,2.9422632e-05,5.645867e-05,0.00019566074,16682.402,0.15605739,228.30328,0.032848,640.23267
1761,2023-04-24,-0.33171424,0.19652897,83717.016,1615.4645,93511.28,677.3128,8.18994,7.994094e-05,2.1302189e-05,5.9675298e-05,0.00020723356,16677.504,0.16223294,228.9198,0.03351197,749.4345
1762,2023-04-25,-1.0741332,0.3419246,80493.29,1901.5756,89883.48,981.031,9.137711,8.295301e-05,2.0652498e-05,6.4808795e-05,0.00017912891,22053.645,0.17858624,229.17587,0.031578388,1070.3285
1763,2023-04-26,-0.36946788,1.0,78979.44,2009.9861,89306.7,1012.62866,66.14099,0.000107583415,,5.5788325e-05,0.00019724568,22061.562,0.1611473,230.08167,,
1764,2023-04-27,-0.56190234,0.7494557,78500.86,2106.397,88895.984,1110.7034,9.428005,7.7135875e-05,-3.1205798e-06,6.3126005e-05,0.00019517425,22090.496,0.17992261,229.69855,0.032434795,291.45892
1765,2023-04-28,-0.7621225,0.76855195,76515.266,2352.4644,86329.766,1392.2144,10.450152,7.230985e-05,1.06726775e-05,6.419087e-05,0.00019240081,24206.703,0.17471972,230.10765,0.031317223,452.70078
1766,2023-04-29,-0.2885691,0.050213344,77954.125,2223.3335,88151.75,1230.8213,5.703327,9.276887e-05,2.7304694e-05,6.546418e-05,0.00022181583,22106.637,0.16622666,229.46634,0.031732053,571.66455
1767,2023-04-30,-1.146542,0.75402546,86019.73,1394.4701,95759.4,506.54666,14.090927,8.724754e-05,2.799508e-05,5.987496e-05,0.00017085434,19235.07,0.16854616,229.5696,0.030682849,448.1295
1768,2023-05-01,0.0745453,0.0,,,,,,8.9130874e-05,2.158856e-05,6.754231e-05,0.00022161574,22114.66,0.16818184,228.96967,0.032106515,510.44913
1769,2023-05-02,-0.9873582,0.65601414,54316.46,5087.7607,61966.5,4087.7607,11.894951,8.0080776e-05,1.837687e-05,6.313043e-05,0.000193257,19232.488,0.16648856,228.83237,0.031196356,982.1332
1770,2023-05-03,-0.3333235,0.20073892,86576.86,1411.7675,96239.62,535.31506,9.271344,8.818112e-05,2.3545494e-05,6.522937e-05,0.00021840344,19254.727,0.17140125,229.4101,0.0331135,365.04
1771,2023-05-04,-0.6998933,0.4066775,81781.61,1887.7812,91806.734,943.115,11.275037,8.04665e-05,1.3591589e-05,6.5398446e-05,0.00020666086,22132.71,0.1713393,229.69633,0.0316856,442.10608
1772,2023-05-05,-0.6890303,0.2057069,89419.62,1157.3116,98005.63,395.8305,11.853714,8.693395e-05,1.894471e-05,6.8591966e-05,0.00018234283,22135.22,0.17773677,229.44908,0.031093681,329.62213
1773,2023-05-06,-0.0418341,8.663993e-06,88478.24,1238.5452,100122.24,238.54518,7.5322213,9.0064925e-05,2.2904922e-05,6.716001e-05,0.00023017809,20702.738,0.17075872,227.96753,0.03202907,358.45624
1774,2023-05-07,-0.10720886,0.0,,,,,,8.958399e-05,1.8946388e-05,7.063761e-05,0.00022069695,22149.42,0.17928106,229.30867,0.031151187,400.38977
1775,2023-05-08,-0.26730326,0.0,,,,,,9.35944e-05,2.3892855e-05,6.970155e-05,0.00022344274,19272.465,0.18262795,229.03827,0.032245237,457.00052
1776,2023-05-09,-0.32608306,0.016968274,84962.88,1650.231,94539.44,743.004,6.9602985,0.00010578336,3.6168803e-05,6.961456e-05,0.00023907768,19267.164,0.17421786,228.71445,0.031338476,533.1327
1777,2023-05-10,-0.2522756,0.2471939,81035.42,1989.6028,90703.5,1062.7098,9.964846,9.386684e-05,2.245145e-05,6.746652e-05,0.00022396386,19257.371,0.17477238,229.26828,0.03035477,649.4873
1778,2023-05-11,-0.46863893,0.0,,,,,,9.3334216e-05,2.3035142e-05,7.029908e-05,0.0001853635,19259.162,0.17502901,228.9825,0.032253966,551.0264
1779,2023-05-12,-0.44417,0.6443458,70600.766,3128.823,79958.17,2131.977,9.251947,8.7134336e-05,2.058509e-05,6.547846e-05,0.00020860281,16697.936,0.16741568,229.23364,0.03300436,707.6551
1780,2023-05-13,-0.8576985,0.5399666,72765.97,2902.8818,82190.2,1915.9578,9.280437,7.750404e-05,1.7498907e-05,6.681113e-05,0.00019678005,16697.258,0.16807278,229.43863,0.031605087,937.3179
1781,2023-05-14,-0.67138296,0.24658261,81071.09,2024.0935,90396.36,1112.2952,7.9392414,8.303868e-05,1.8108041e-05,6.5812885e-05,0.0002049644,16694.09,0.167395,229.65805,0.031694688,783.54803
1782,2023-05-15,-0.5145908,0.44125998,51340.383,5668.8594,58436.383,4674.88,10.495311,8.337422e-05,1.5489215e-05,6.587981e-05,0.00021042545,16684.035,0.16775359,229.51776,0.029527219,718.2954
1783,2023-05-16,-0.43702173,0.99751335,77583.336,2225.3708,87422.836,1225.371,35.74517,8.022678e-05,,6.3349486e-05,0.00016605151,16677.229,0.16714217,230.59586,,
1784,2023-05-17,0.00384292,1.0,69354.3,3245.5884,78352.69,2247.4866,115.13831,0.00013398957,,5.606885e-05,0.00018983547,16687.117,0.14833853,230.33667,0.030462889,1173.9963
1785,2023-05-18,-0.5341151,0.7318375,57688.906,4729.3174,65429.598,3737.8918,9.426748,7.875895e-05,1.1433099e-05,6.8982496e-05,0.00019793783,16696.076,0.15300892,230.72122,0.03109312,774.8825
1786,2023-05-19,-0.5158377,0.17670695,66409.57,3754.234,74873.61,2778.209,8.596059,9.048276e-05,2.6557413e-05,6.2997715e-05,0.0002060365,16700.172,0.15254766,230.555,0.03321591,881.6543
1787,2023-05-20,-0.12781447,9.491033e-05,59028.375,4632.558,66435.63,3632.558,8.291099,8.435059e-05,1.2069693e-05,7.228089e-05,0.00022062169,19267.867,0.16122156,229.77783,0.03142161,818.6028
1788,2023-05-21,-0.6041205,0.31661284,88582.28,1279.127,97330.29,468.31348,12.388584,8.462097e-05,2.4339002e-05,6.128735e-05,0.00016539426,16695.85,0.15459521,230.50148,0.036688425,813.9486
1789,2023-05-22,-0.44490728,0.7078575,73376.05,2774.9956,82604.234,1812.8428,10.490019,9.724998e-05,2.6817019e-05,6.425858e-05,0.00022116037,19246.355,0.16557688,230.04153,0.03466984,622.26
1790,2023-05-23,-0.34305692,0.8997574,67066.734,3443.917,76160.67,2448.3508,15.791877,8.078803e-05,2.5908055e-05,7.081812e-05,0.00020747204,19236.652,0.1625605,231.87463,0.030113358,753.45306
1791,2023-05-24,-0.6160601,0.4456836,75344.89,2590.9395,84384.9,1650.7499,9.672464,8.449616e-05,1.8440696e-05,6.7003726e-05,0.00020814795,19239.879,0.15764701,232.08112,0.031754423,898.193
1792,2023-05-25,-0.6706782,0.5882206,68976.62,3326.8428,77864.3,2340.2148,13.636883,9.547559e-05,3.0323925e-05,5.7175756e-05,0.0001997479,16687.238,0.15359956,231.05243,0.029603533,1280.217
1793,2023-05-26,-0.10965184,0.3470942,83016.08,1779.2725,92881.67,829.7754,12.610882,8.1465485e-05,2.6351998e-05,6.5751105e-05,0.00021349672,19243.846,0.15220886,231.99487,0.056494676,651.26886
1794,2023-05-27,-0.355765,0.035722192,43770.434,7030.9404,50160.15,6030.9404,5.623983,8.3447136e-05,1.42257395e-05,6.9265036e-05,0.00017229986,19256.77,0.16273347,230.91087,0.034303624,615.07196
1795,2023-05-28,0.101484,0.06534676,90238.83,1074.22,98352.25,328.8768,3.0143552,,,,,,0.15598261,231.75275,0.03500872,634.5121
1796,2023-05-29,-0.47279355,0.33955142,78286.97,2292.6462,87799.58,1340.2803,7.844702,,,,,,0.15827307,232.9574,0.039239265,822.05383
1797,2023-05-30,-0.605392,0.35699093,86592.26,1409.4404,95924.08,532.67993,11.560932,8.900264e-05,2.0269137e-05,6.996974e-05,0.00019379635,19242.43,0.1679186,232.62637,0.032814644,756.60266
1798,2023-05-31,0.08826573,0.0,,,,,,9.310041e-05,2.3093846e-05,7.0006565e-05,0.00018164139,16688.496,0.15685776,232.52914,0.029541828,655.1615
1799,2023-06-01,-0.61518025,0.5609178,86914.766,1324.8843,96286.3,449.31793,10.754355,8.849139e-05,1.6065356e-05,6.877024e-05,0.0001769334,19228.055,0.16045977,232.79457,0.036235254,992.3443
1800,2023-06-02,-0.46859145,0.31182644,88356.81,1190.8009,96976.625,394.7701,11.2928,8.9543246e-05,1.6321457e-05,7.3805975e-05,0.00023286973,22142.672,0.17527616,232.48016,0.032785434,451.42566
1801,2023-06-03,-0.605692,0.6853479,83744.13,1684.8765,93646.95,761.60315,12.155661,,,,,,0.17306292,230.0448,0.03426099,470.18713
1802,2023-06-04,-0.5583968,0.21421042,73857.88,2765.6099,83305.8,1792.9346,6.52697,8.904397e-05,1.6437276e-05,7.190494e-05,0.00021045982,22121.21,0.16808322,232.62515,0.03296365,882.0847
1803,2023-06-05,-0.15399644,0.013277124,87819.39,1328.9304,95866.37,569.31903,4.724758,9.230368e-05,2.1957287e-05,7.034639e-05,0.00018571346,19252.172,0.15935412,233.54904,0.031023078,789.6337
1804,2023-06-06,-0.23440185,0.0,,,,,,9.4779476e-05,2.3996263e-05,7.078321e-05,0.00018707884,16691.95,0.15986878,232.4456,0.028858652,829.2295
1805,2023-06-07,0.084900275,0.14138556,76780.66,2472.0095,85477.5,1562.0565,4.3467894,9.397642e-05,2.43295e-05,6.966326e-05,0.00023750651,16688.812,0.1579138,231.44113,0.03215085,897.2443
1806,2023-06-08,-0.6054725,0.29394907,79001.32,2235.1294,87676.22,1340.0156,6.402026,9.4018105e-05,2.7489365e-05,6.771802e-05,0.00022483504,16686.926,0.15742745,233.2367,0.028543439,957.0985
1807,2023-06-09,-0.4223887,0.00029549628,71926.6,2997.7888,80382.695,1997.7887,4.274943,9.3104085e-05,2.4342291e-05,6.87618e-05,0.00022028881,16686.566,0.15956193,234.08504,0.02923099,835.76154
1808,2023-06-10,-0.1959011,0.052014135,57576.363,4907.512,65406.77,3913.833,8.240888,8.4774176e-05,1.2167424e-05,7.316897e-05,0.00021422605,19251.102,0.16690016,232.83734,0.032014195,549.1456
1809,2023-06-11,-0.19071838,0.0,,,,,,8.549975e-05,1.2969937e-05,7.2529816e-05,0.00022509425,19261.418,0.1683825,232.8612,0.031841222,490.83194
1810,2023-06-12,-1.5768014,0.7446166,56411.598,4851.2046,64294.152,3851.2048,8.42526,7.844719e-05,,7.010125e-05,0.00016252871,19256.809,0.16471489,232.8352,0.027809877,1090.2214
1811,2023-06-13,-0.4374941,0.2238622,63232.95,4118.402,70669.04,3208.918,6.6247234,8.6926535e-05,1.0884726e-05,7.596766e-05,0.00022094692,19245.648,0.16314349,232.8158,0.031295426,1059.6785
1812,2023-06-14,-0.87247926,0.91102266,65431.418,3701.7031,74277.11,2701.7031,17.225573,9.272428e-05,1.4540829e-05,6.218152e-05,0.00019829145,16710.879,0.16001622,231.19035,0.029053826,1471.572
1813,2023-06-15,-0.703488,0.5782843,71906.984,2979.3564,80830.9,2013.842,8.960287,8.338713e-05,1.4759329e-05,6.97788e-05,0.00020330818,19238.584,0.1560157,234.06793,0.030258609,1079.7545
1814,2023-06-16,-0.9650521,0.5919378,65918.5,3658.649,74577.22,2658.649,10.294125,9.107472e-05,2.7779617e-05,6.395922e-05,0.00020904912,16683.164,0.15152581,233.78851,0.029673781,1912.4521
1815,2023-06-17,-1.2103797,0.6653023,70553.46,3077.5,79593.414,2085.8477,8.789547,8.288664e-05,2.3235625e-05,6.7815694e-05,0.00016143503,16678.73,0.14972688,234.1784,0.03216332,1522.8022
1816,2023-06-18,-0.41954976,0.9508375,70610.61,3117.8691,79615.125,2121.3477,22.699203,8.712666e-05,,6.521445e-05,0.00024228691,16682.574,0.14949569,233.91055,0.03243832,1855.861
1817,2023-06-19,-0.49342647,0.25979176,79642.12,2148.002,87893.82,1306.6431,5.0897713,9.129444e-05,1.9301391e-05,7.064076e-05,0.00021854973,16683.951,0.15228422,233.90207,0.034910142,2333.7192
1818,2023-06-20,-0.94383085,0.2174642,84625.07,1639.7512,92796.47,832.15955,6.137934,0.00010129692,2.9778568e-05,7.135391e-05,0.00023628326,16685.281,0.15517193,233.91245,0.036965035,1631.8578
1819,2023-06-21,-0.50720143,0.37404805,73187.86,2946.3635,82028.695,1987.3501,7.706258,9.218136e-05,2.0138319e-05,7.062789e-05,0.00022173967,16687.281,0.1451466,234.02966,0.03715714,1725.8774
1820,2023-06-22,-0.86094296,0.98230493,78474.734,2254.646,88198.016,1267.536,18.697323,8.6212705e-05,,6.23939e-05,0.00016689613,14416.918,0.14764968,234.3192,0.036562826,1989.8514
1821,2023-06-23,-0.028427765,0.27470416,39574.836,7713.1753,45216.367,6713.176,7.408794,0.00010759912,3.9685587e-05,6.9216025e-05,0.00024139974,14416.496,0.14126037,233.1214,0.0350845,1183.0043
1822,2023-06-24,0.59890026,0.49117887,46947.875,6442.7534,53539.492,5445.293,8.1897335,8.557376e-05,1.2476236e-05,7.300716e-05,0.00021059158,16685.549,0.14992642,232.46716,0.03499455,1986.2595
1823,2023-06-25,-0.41756138,0.1534329,60049.617,5014.3154,67238.66,4076.1494,9.636904,8.6894455e-05,1.1368178e-05,7.522452e-05,0.00021505434,19237.451,0.15436769,234.90878,0.03296524,1310.1396
1824,2023-06-26,-1.0670291,0.6045347,69800.6,3248.374,77619.3,2367.5579,16.608093,9.268446e-05,2.2292334e-05,7.1786395e-05,0.00022492296,22085.176,0.1613384,234.1175,0.028273158,2001.6804
1825,2023-06-27,-0.53246033,0.6189223,70073.555,3094.9443,78991.11,2106.6782,16.51673,8.357981e-05,1.5604659e-05,6.875358e-05,0.00021782043,19218.54,0.14978382,235.44801,0.071918525,1141.0464
1826,2023-06-28,-0.85438436,0.8648582,60744.62,4182.2163,68829.91,3182.8955,14.140931,7.9038735e-05,1.4547899e-05,7.080365e-05,0.0001651347,19214.086,0.15307695,235.11964,0.055922095,1579.1488
1827,2023-06-29,-0.68089813,0.834301,55766.17,5025.468,63154.617,4040.0725,38.224728,8.5632055e-05,9.370977e-06,7.4653675e-05,0.00021477586,19216.598,0.15388352,235.41765,0.03208407,1889.6448
1828,2023-06-30,-0.6800221,0.15512761,81756.34,1843.3718,90297.01,974.231,7.37815,9.2330214e-05,2.1430442e-05,7.100614e-05,0.00022156378,17938.72,0.15132004,235.72574,0.03302583,1437.988
1829,2023-07-01,-0.64920473,0.5577985,73036.78,2803.5996,82221.61,1817.5486,9.815562,8.325346e-05,7.728871e-06,7.3248404e-05,0.00020876568,16670.275,0.15595299,235.08255,0.038450487,1472.3213
1830,2023-07-02,-0.7082615,0.98461115,77236.92,2220.8594,87045.91,1220.8801,28.664055,8.208935e-05,,6.393295e-05,0.00024607987,16666.129,0.1557796,235.76166,0.03088192,1798.8376
1831,2023-07-03,-0.8550284,0.6482206,77375.61,2246.967,86754.38,1308.6663,12.076903,8.5510794e-05,2.014239e-05,6.688569e-05,0.00016824214,19217.523,0.14670882,236.23845,0.03145269,849.02747
1832,2023-07-04,-0.24890918,0.21492569,83669.55,1668.299,92880.875,770.0804,7.463499,9.0703455e-05,1.9569216e-05,7.232095e-05,0.00022789178,19226.598,0.14983141,235.21179,0.04353725,1053.7513
1833,2023-07-05,-0.25527644,0.09215887,87637.27,1318.112,95929.87,524.2225,4.069937,8.775509e-05,1.6576958e-05,7.108353e-05,0.00021633426,16685.36,0.15126175,232.59276,0.04182636,1029.3309
1834,2023-07-06,-0.8309802,0.99584204,57574.6,4764.2676,65323.65,3764.2676,37.139694,8.206707e-05,,6.404234e-05,0.00018902263,16685.215,0.14463313,235.19966,0.031307675,1937.7458
1835,2023-07-07,-0.45348465,0.22561695,85647.16,1534.2228,94466.93,690.9567,11.345571,8.369729e-05,1.2682622e-05,7.231698e-05,0.00021962925,19246.566,0.14729029,235.69037,0.03285554,1072.9441
1836,2023-07-08,-0.95378244,0.5573638,81517.516,1940.481,91094.51,1003.377,12.356945,8.2712446e-05,1.7179302e-05,6.963898e-05,0.00016619547,19243.963,0.15181375,234.9899,0.032243423,1272.452
1837,2023-07-09,-0.4630444,0.1756101,88932.28,1205.845,97284.984,415.5779,9.496323,8.8194894e-05,9.8584205e-06,7.83358e-05,0.00023567659,22108.479,0.1570122,233.97845,0.031066703,1237.7263
1838,2023-07-10,-0.39668852,0.8583024,81835.31,1851.2565,92329.21,852.74646,13.332705,7.993879e-05,,7.2594674e-05,0.00020788511,19240.432,0.15788122,232.28502,0.03009877,1060.4004
1839,2023-07-11,-0.65915036,0.6334008,78048.445,2242.0835,88081.33,1242.0834,11.033905,8.103147e-05,8.037963e-06,7.076394e-05,0.00020133142,19237.146,0.15376616,235.52563,0.033593968,633.9049
1840,2023-07-12,-0.32072985,0.0002437799,78358.74,2191.6377,88303.6,1191.6376,7.0461693,9.341378e-05,1.8747323e-05,7.466646e-05,0.0002266693,16681.367,0.14705122,235.76938,0.03154137,919.25415
1841,2023-07-13,-0.32562172,0.19602653,81510.44,1906.8809,90556.72,997.4585,9.5401945,8.641106e-05,1.3961842e-05,7.262694e-05,0.00023028816,16678.71,0.14613229,236.12292,0.03309206,1229.721
1842,2023-07-14,-1.2094642,0.39450642,81058.79,1954.2494,90110.69,1053.8755,8.289962,8.339262e-05,9.024856e-06,7.682161e-05,0.0001795462,22091.795,0.15490684,236.20935,0.03441399,1404.6185
1843,2023-07-15,0.03397864,0.13774328,44175.32,7143.6514,50384.555,6143.6504,6.7019744,8.449645e-05,1.4801977e-05,6.969447e-05,0.00018376722,16686.586,0.14716998,234.69943,0.0369137,1062.8499
1844,2023-07-16,-0.66370976,0.061407764,84795.76,1603.0126,93518.99,734.992,5.4638853,9.050974e-05,2.4851004e-05,6.551572e-05,0.00020824562,14416.902,0.13815722,235.77538,0.03217,1844.1146
1845,2023-07-17,-0.4036883,0.13155755,52270.3,5748.5938,59028.555,4752.6084,5.4699774,8.705596e-05,1.9168205e-05,6.806946e-05,0.00020664961,16684.031,0.13712564,236.11072,0.034528397,2207.7732
1846,2023-07-18,-0.90277433,0.68873286,64114.938,4143.0015,71443.91,3245.9863,20.788958,7.95394e-05,1.3466812e-05,7.985192e-05,0.00022775312,22082.809,0.1627313,236.50699,0.026969926,1407.6396
1847,2023-07-19,-0.7580762,0.90555346,68585.22,3257.0532,77674.4,2257.0532,21.629879,7.7306155e-05,-1.8169227e-06,7.1266106e-05,0.00016256819,22072.07,0.14901122,235.5005,0.032422867,1371.13
1848,2023-07-20,-0.7215835,0.5294622,71332.56,3008.8276,80311.7,2037.2588,21.915277,8.30295e-05,7.997698e-06,7.763889e-05,0.00022652565,22063.441,0.16171703,235.37311,0.034571733,1200.1072
1849,2023-07-21,-0.35041302,0.7068116,71300.086,2931.7725,80594.95,1932.1204,15.837366,8.3850246e-05,1.5460422e-05,7.161278e-05,0.00021212074,20646.914,0.16030437,235.77986,0.035532437,1149.2678
1850,2023-07-22,-0.64484996,1.0,61095.47,4259.8545,69183.92,3259.8545,30.298527,8.448618e-05,,6.868785e-05,0.00019706655,22073.613,0.15966216,235.69815,,
1851,2023-07-23,-0.69642067,0.61569417,66864.11,3599.6921,75707.01,2601.1714,18.646694,8.163591e-05,9.452829e-06,6.7836416e-05,0.00020672238,19228.1,0.1586496,235.23822,0.040289156,1360.2476
1852,2023-07-24,-1.0412043,0.988476,44121.043,6672.6206,50333.72,5672.6206,19.205498,7.603869e-05,,6.3905165e-05,0.0001487188,19212.215,0.14900279,235.22897,,
1853,2023-07-25,-0.47579432,0.45327792,75473.76,2434.7925,84810.71,1453.6997,9.839713,9.5080264e-05,2.4035891e-05,7.1069255e-05,0.00023824294,17930.445,0.15259527,233.96967,0.04569036,1703.9508
1854,2023-07-26,-0.53462744,0.527989,62208.97,4129.067,70416.37,3131.214,8.308003,8.586944e-05,1.108543e-05,7.533634e-05,0.00022079267,19207.18,0.15292478,236.14177,0.04057993,965.8479
1855,2023-07-27,-0.6107435,1.0,56435.934,4792.965,64080.4,3792.9648,28.213936,7.3153606e-05,,6.613104e-05,0.00018906208,19217.86,0.15479073,236.00801,,
1856,2023-07-28,-0.512645,0.30773953,62485.164,4208.0635,70712.34,3223.2354,6.5324516,8.8561574e-05,1.5277308e-05,7.389265e-05,0.00018664448,22059.004,0.15302137,235.4992,0.03898102,1153.2324
1857,2023-07-29,-0.56151175,0.33068007,79524.44,2029.4158,89057.586,1081.3561,8.639923,8.263282e-05,1.8002536e-05,6.916822e-05,0.00022277354,19218.3,0.14998275,234.74646,0.041705225,1176.9805
1858,2023-07-30,-0.8735585,1.0,76961.76,2325.2224,86663.59,1325.2759,36.248524,,,,,,0.15184572,235.8576,0.037570115,2175.815
1859,2023-07-31,-0.4803318,0.4963808,52311.17,5644.919,59403.33,4648.157,18.36118,0.000100264864,3.030071e-05,6.653958e-05,0.0002167738,19219.168,0.15052542,235.57788,0.042300615,2280.993
1860,2023-08-01,-0.97978425,0.43015826,56348.344,5182.761,63853.344,4187.8447,7.362913,8.3823674e-05,1.8145744e-05,6.399489e-05,0.00019476305,16672.344,0.1431519,236.03027,0.037473217,2036.1052
1861,2023-08-02,-1.0192927,0.7263556,58994.508,4589.648,66945.016,3589.648,10.249092,8.7096225e-05,2.5502748e-06,6.99207e-05,0.00020498244,19209.35,0.14980212,235.12082,0.03962081,2191.5935
1862,2023-08-03,-0.89865655,0.6392781,50762.406,5790.884,57647.516,4794.066,15.826986,9.543227e-05,4.001697e-05,5.3867712e-05,0.00018891337,13047.774,0.13252528,235.03564,0.033298492,2318.267
1863,2023-08-04,-1.0134889,0.48668084,78588.37,2202.5627,88171.945,1229.5933,10.420653,8.4841886e-05,2.4562583e-05,6.077751e-05,0.00016727365,9583.072,0.1331973,235.42625,0.035788756,1482.8981
1864,2023-08-05,-0.85291827,0.97788084,40668.453,7476.779,46372.766,6476.7793,53.49687,9.953611e-05,,6.0818726e-05,0.00019517809,13733.483,0.12947375,234.94678,,
1865,2023-08-06,-0.507068,0.20100826,78755.89,2156.2263,88430.445,1175.2312,7.1466784,8.0896876e-05,1.5249316e-05,6.630542e-05,0.00020359855,11207.182,0.1272425,235.73871,0.03310046,1930.9783
1866,2023-08-07,-0.7078914,1.0,40038.4,7431.0693,45700.9,6431.0693,85.832794,0.00010764686,,5.9427104e-05,0.00019133074,16661.805,0.12655544,235.53247,,
1867,2023-08-08,-0.7659344,0.64669,74089.84,2621.0146,83609.95,1623.9316,14.419764,7.775013e-05,2.7715621e-05,6.902113e-05,0.00020979464,22071.309,0.137552,235.53082,0.034022667,845.678
1868,2023-08-09,-0.8831426,0.75001556,76811.016,2375.1638,86097.65,1427.5496,14.938232,8.3853316e-05,2.5262772e-05,6.79368e-05,0.00017335883,22093.188,0.14633083,235.7272,0.03564168,1123.6031
1869,2023-08-10,-0.5185969,0.40228072,79927.516,2153.3208,88893.1,1244.8342,9.939739,8.5910346e-05,6.9695616e-06,7.660905e-05,0.00023984883,22114.365,0.14433666,234.61258,0.038506515,1389.6064
1870,2023-08-11,-0.34321547,0.76626545,79684.64,2158.27,89184.45,1198.8435,17.349895,9.258544e-05,2.3641513e-05,6.086262e-05,0.00021637828,19247.61,0.14090231,236.03574,0.033173017,1352.9305
1871,2023-08-12,-0.3127286,4.5686334e-05,96827.86,466.3051,99974.57,169.82524,5.5543375,7.7293604e-05,1.4124723e-05,6.316888e-05,0.00019365046,16690.477,0.1280228,235.29279,0.0357988,1033.7732
1872,2023-08-13,-0.54738414,0.15913406,68347.164,3557.3215,75819.23,2666.2456,8.916168,7.570781e-05,1.2667279e-05,6.365759e-05,0.00019666538,16685.672,0.12411952,233.95721,0.02950415,1930.3472
1873,2023-08-14,-0.6785816,0.43843815,46210.32,6590.4316,52649.15,5590.4316,18.538038,6.8880865e-05,1.5408732e-05,6.162014e-05,0.00019470495,16690.918,0.12663119,233.37097,0.03622683,1329.7596
1874,2023-08-15,-1.4595997,0.20900485,81063.68,2087.734,89874.2,1185.4119,10.254025,8.568021e-05,2.9705863e-05,5.8043897e-05,0.00017268455,14420.544,0.12111719,234.28215,0.031559717,2536.7053
1875,2023-08-16,-0.3585394,0.12949222,74769.14,2832.5796,82465.07,1977.2006,5.9466677,8.8216635e-05,2.6069662e-05,6.2146966e-05,0.00021124972,16690.719,0.12115349,234.89856,0.031703807,1934.548
1876,2023-08-17,-0.5960093,0.18824647,82859.07,1914.3147,91230.25,1044.0769,5.2683034,8.4273546e-05,2.2065478e-05,6.1902894e-05,0.00020501738,16691.111,0.11835964,234.78917,0.033278674,2123.4634
1877,2023-08-18,-0.5264498,0.15467443,83534.44,1814.5353,92205.83,960.1435,5.781616,8.177473e-05,2.050828e-05,6.103122e-05,0.00020158332,16692.316,0.1203796,234.93164,0.032487385,1863.5525
1878,2023-08-19,-0.7024189,0.45317793,66747.36,3705.2026,75296.125,2708.0059,9.055666,8.1829e-05,1.5871294e-05,6.205088e-05,0.0002548256,16691.48,0.123305164,234.6691,0.032961093,2670.4414
1879,2023-08-20,-1.3874892,0.35963777,86163.195,1498.427,95076.195,631.6424,7.05716,7.7254736e-05,1.3483335e-05,6.32533e-05,0.0001648575,14418.62,0.121126235,235.30028,0.03047672,2093.4426
1880,2023-08-21,0.03262797,0.92608786,91539.164,940.42834,99618.11,175.13718,15.644411,7.359919e-05,1.5658308e-05,6.115414e-05,0.00020620448,14417.791,0.12138026,234.51364,0.03571893,1126.5061
1881,2023-08-22,-0.2590059,0.79822856,70218.16,3280.097,78996.7,2306.0015,9.943487,7.488554e-05,1.867599e-05,6.015932e-05,0.00019062829,16685.373,0.12267901,234.69003,0.03879101,1160.7234
1882,2023-08-23,-0.44009438,0.48873782,81782.35,1885.4956,91431.89,938.86255,8.023476,7.3977964e-05,7.934484e-06,6.141723e-05,0.0001915738,19205.73,0.12780815,233.76837,0.03856218,1088.1934
1883,2023-08-24,-0.7837409,0.60085154,76837.31,2480.9219,85916.67,1533.9504,10.884044,7.8930665e-05,2.3376462e-05,5.431698e-05,0.00018820797,16684.357,0.12997124,233.25728,0.036873724,1736.6874
1884,2023-08-25,-1.111215,0.96182364,51414.254,5577.931,58652.7,4577.931,14.888925,7.359396e-05,,5.46324e-05,0.00014206106,14416.09,0.12430554,233.72882,,
1885,2023-08-26,0.5177684,0.2325931,76205.64,2689.2324,83760.22,1836.3972,7.7586803,9.3814495e-05,3.585031e-05,5.8859652e-05,0.00022651082,14413.907,0.12230692,233.41554,0.03145118,2425.3416
1886,2023-08-27,-0.5189441,0.6117673,58267.95,5378.628,64630.938,4486.417,9.751226,6.38139e-05,1.37474e-05,6.183856e-05,0.00018953384,14414.105,0.12189508,235.04562,0.029595442,1667.9985
1887,2023-08-28,-0.38345903,0.82097775,81230.64,1882.5154,91263.875,882.51526,12.403284,8.190841e-05,2.3449438e-05,6.269497e-05,0.00020556513,13049.085,0.12216397,234.43347,0.033726014,1810.1328
1888,2023-08-29,-0.7775885,0.66984993,49464.617,6074.0107,56205.203,5074.0107,55.394394,4.915498e-05,7.305528e-06,6.452636e-05,0.00018471782,14413.346,0.120261535,234.35538,0.030948602,5221.839
1889,2023-08-30,-0.34952056,0.33006996,65401.48,3746.6914,73656.46,2757.062,15.799934,7.49373e-05,1.4020547e-05,6.411578e-05,0.00021388134,16671.3,0.12356995,233.07355,0.028433744,2519.9023
1890,2023-08-31,-1.1020589,0.9991732,50813.297,5665.6074,57789.633,4665.6074,49.03147,8.551702e-05,,6.3557985e-05,0.00017437694,19215.219,0.12989159,235.11874,0.032152608,1544.7609
1891,2023-09-01,-0.3446477,0.71120214,69900.07,3244.3674,78756.95,2276.6716,32.53261,8.391426e-05,1.5214882e-05,6.5407854e-05,0.00021850591,22088.832,0.13805583,234.70993,0.041368157,885.8706
1892,2023-09-02,-0.481579,0.29830116,86298.94,1433.6451,95945.92,523.35016,7.184081,7.155168e-05,9.154898e-06,6.1997634e-05,0.00019735242,22100.12,0.13681081,234.11124,0.038478702,1106.8081
1893,2023-09-03,-0.28764588,0.25691536,82111.76,1897.4678,91593.55,978.65283,7.1193113,7.187619e-05,1.4194131e-05,5.7858095e-05,0.00019106854,22115.746,0.13811791,232.33365,0.043031767,1078.5815
1894,2023-09-04,-0.17806698,0.2292971,93167.266,850.3623,100662.92,162.62363,11.659414,7.265073e-05,2.6889695e-05,4.65518e-05,0.00018618639,11205.228,0.11647549,231.98975,0.039501313,752.0235
1895,2023-09-05,-0.85769707,0.053984847,86877.87,1461.0616,96003.49,589.4232,7.359495,7.1040566e-05,1.9298826e-05,5.1614334e-05,0.00015411616,13053.968,0.116164334,231.07452,0.031072,1590.2247
1896,2023-09-06,-0.77039415,0.6830516,85315.34,1574.9939,95432.34,626.4578,8.156822,7.248965e-05,1.411365e-05,5.5576078e-05,0.00020042656,13053.635,0.12227976,231.80331,0.040360518,1408.209
1897,2023-09-07,0.0085253045,0.026271718,90282.625,1148.3689,99231.34,315.09314,5.1157413,8.369281e-05,2.80909e-05,5.5601915e-05,0.00019922963,16680.701,0.12486198,232.14731,0.036653917,948.1046
1898,2023-09-08,0.17939131,0.0141924415,73348.305,2863.273,82837.195,1864.2035,5.6094627,8.2409504e-05,3.0748077e-05,5.1661416e-05,0.00019466996,14421.088,0.11918986,231.12616,0.036956184,1193.7847
1899,2023-09-09,0.05209185,0.03418245,90959.5,1044.3495,99436.37,246.67924,9.962555,7.4666794e-05,2.2586803e-05,5.195797e-05,0.00018956541,16692.852,0.12142205,231.2443,0.03459613,1339.5786
1900,2023-09-10,-0.46415645,0.10763715,61549.316,4407.4785,69312.234,3420.212,11.01684,7.100919e-05,1.8844588e-05,5.253888e-05,0.00015926485,14420.115,0.11744259,230.5396,0.034301315,1757.305
1901,2023-09-11,-0.25640953,0.20276177,84224.04,1656.4857,93541.03,743.5681,6.3605566,7.9232224e-05,2.5222264e-05,5.400528e-05,0.00021400038,15549.684,0.12318818,230.3281,0.033819277,1380.9742
1902,2023-09-12,-0.3604921,0.2820908,79809.89,2122.7144,89218.35,1162.5823,5.6636105,7.640729e-05,2.1148606e-05,5.526527e-05,0.00019998138,14416.836,0.12329067,231.78128,0.033922672,1421.4109
1903,2023-09-13,-0.4023549,0.20465985,86186.234,1453.8169,94925.56,600.92285,5.969982,7.7114404e-05,1.9348128e-05,5.7944562e-05,0.00020808348,16682.281,0.12505874,232.49277,0.03400522,1656.3333
1904,2023-09-14,-0.39253289,0.9997884,87615.74,1296.5665,96460.45,455.48102,23.75031,7.506822e-05,,4.9687584e-05,0.00019474726,16681.453,0.12801942,232.26944,0.031448722,1694.4774
1905,2023-09-15,-0.20026451,0.18620133,92240.375,922.8518,99716.805,234.87338,8.099499,7.164878e-05,2.0244433e-05,5.1618168e-05,0.00019510815,16695.553,0.123276725,231.5462,0.036835846,799.43085
1906,2023-09-16,-0.42767382,0.0,,,,,,7.254939e-05,2.026361e-05,5.2285784e-05,0.000166794,16698.71,0.11883975,230.8363,0.034397513,870.01666
1907,2023-09-17,-0.16183382,0.0,,,,,,7.834658e-05,2.7914328e-05,5.0432245e-05,0.00020215192,16690.61,0.1187807,231.89131,0.036070574,1018.9753
1908,2023-09-18,-0.44716185,0.49754196,85336.664,1557.6472,94603.14,657.89374,9.525852,7.529015e-05,3.02712e-05,4.862285e-05,0.00018958884,14418.391,0.12436256,230.37097,0.033790834,1757.2358
1909,2023-09-19,-0.58624816,0.55786395,41505.46,7289.2314,47417.914,6291.789,7.85965,7.1941904e-05,1.9676478e-05,5.065257e-05,0.00018020524,14413.197,0.120064564,230.04486,0.028033672,2316.1035
1910,2023-09-20,-0.050909832,0.0026726031,76117.484,2442.6633,85766.04,1442.6633,5.395927,6.953005e-05,2.4861283e-05,4.4668766e-05,0.00017867201,16680.512,0.12281388,228.80914,0.03147386,1369.7994
1911,2023-09-21,-0.31489977,0.0,,,,,,7.745198e-05,3.6247446e-05,4.1204537e-05,0.00015735206,9582.507,0.1201988,227.87814,0.029729407,1297.1149
1912,2023-09-22,-0.069599256,0.0,,,,,,7.032746e-05,2.5506437e-05,4.4821027e-05,0.00019344114,16679.541,0.121177286,228.06473,0.0335931,1325.7375
1913,2023-09-23,-0.34599364,0.98975986,61397.22,4237.263,69425.734,3237.2632,32.712456,8.02172e-05,5.577118e-05,4.5704546e-05,0.00017309168,14414.4,0.12144912,228.42473,0.031978253,1685.98
1914,2023-09-24,-0.39733875,0.6832629,66131.05,3724.7986,74810.28,2730.854,10.576057,0.000110668174,3.7966263e-05,4.5633114e-05,0.00019606351,14420.66,0.1257024,228.18173,0.034587152,1238.6765
1915,2023-09-25,-0.062027503,0.0066333436,88839.94,1306.8511,97889.055,470.79337,6.4307127,8.119699e-05,3.884678e-05,4.235021e-05,0.0001923982,14425.659,0.1212769,227.25577,0.034674674,587.7366
1916,2023-09-26,-0.40411645,0.0,,,,,,6.949241e-05,2.6189244e-05,4.3303164e-05,0.00015547562,13055.541,0.11255674,226.68706,0.033995327,1704.2112
1917,2023-09-27,0.17781192,0.0,,,,,,7.309453e-05,2.7854276e-05,4.524026e-05,0.00020604675,13054.652,0.11402414,226.43384,0.031759065,1641.3247
1918,2023-09-28,-0.045449607,0.0,,,,,,7.3804615e-05,2.8786333e-05,4.5018278e-05,0.0001956489,14421.818,0.11904137,227.53815,0.029878296,1338.3523
1919,2023-09-29,-0.2441432,0.049781352,63221.21,4569.3765,70607.61,3639.6135,6.3841586,7.461765e-05,2.9014267e-05,4.560338e-05,0.00019010331,14420.018,0.12558791,227.71425,0.033201046,1515.4738
1920,2023-09-30,-0.270065,0.99996126,58738.273,4583.843,66656.695,3583.8425,28.12122,8.3522435e-05,,4.3537002e-05,0.00016787642,15578.707,0.13157833,227.38902,0.02995266,1590.097
1921,2023-10-01,0.44936442,0.9032817,66276.734,3625.6326,75166.766,2625.6328,13.779168,5.7963887e-05,2.051365e-06,4.4650093e-05,0.0001749442,16686.822,0.13541918,227.11168,0.043904282,588.13416
1922,2023-10-02,-0.32036167,0.50571316,90786.93,1015.77527,99949.52,186.30362,13.130026,6.41626e-05,1.6212307e-05,4.2810967e-05,0.00015535801,16690.598,0.12324396,226.37898,0.04187626,676.3936
1923,2023-10-03,0.044156373,0.16954745,66751.195,3945.5027,73262.72,3101.9802,6.6885815,8.050748e-05,3.7529288e-05,4.2978198e-05,0.00019071136,14415.92,0.122890145,226.0271,0.031450815,2417.5527
1924,2023-10-04,0.011517793,0.7805699,79927.62,2034.209,89715.47,1080.1073,30.115173,6.6088796e-05,2.0419215e-05,4.275515e-05,0.00018527452,20661.74,0.13276303,227.45981,0.04458231,1199.9132
1925,2023-10-05,-0.048088282,0.9994087,47681.28,6001.5557,54381.36,5001.5557,14.732033,,,,,,0.1287359,227.00293,,
1926,2023-10-06,-0.07433209,0.25472322,81631.2,1906.9235,91299.79,985.4501,6.0981374,6.15717e-05,2.0140527e-05,3.8114118e-05,0.00016095529,19245.3,0.12407872,225.61761,0.04196784,564.57666
1927,2023-10-07,-1.4084902,0.8111162,52791.793,5200.3813,60015.914,4200.3813,19.599224,5.7922913e-05,1.3415095e-05,3.6622423e-05,0.00012961277,14406.732,0.12438313,225.52428,0.036048688,927.16956
1928,2023-10-08,0.104225874,0.39252353,59829.22,4250.38,68164.47,3264.4136,7.722869,4.8406535e-05,6.8985423e-06,4.227327e-05,0.00017010425,24140.596,0.15244228,225.8846,0.034402784,611.10974
1929,2023-10-09,-0.14164732,0.6848592,78579.81,2119.226,88689.734,1150.5867,17.219105,7.457427e-05,2.8955877e-05,3.9514664e-05,0.0001688769,22093.133,0.12865177,226.04492,0.038163096,493.06934
1930,2023-10-10,-0.21052599,0.27742624,69180.75,3294.3088,78484.11,2294.7273,6.979698,6.318111e-05,2.3136996e-05,3.8854523e-05,0.00016299871,17966.547,0.12935826,223.69633,0.039874814,681.1079
1931,2023-10-11,-0.21302451,0.9995061,60675.188,4247.4307,68686.766,3247.4307,60.905197,,,,,,0.12216543,223.71576,0.029597713,1456.1577
1932,2023-10-12,-0.9310004,0.5589755,65864.29,3648.8428,74545.43,2653.3918,12.979757,7.557064e-05,3.5868095e-05,3.815422e-05,0.00014656567,16670.262,0.12650363,224.89874,0.035387862,451.81403
1933,2023-10-13,0.034632146,0.43615896,63588.973,4042.6807,71883.5,3049.7393,9.143609,7.261576e-05,2.882106e-05,4.004069e-05,0.00019541348,14416.693,0.11626694,223.63835,0.031540923,413.26804
1934,2023-10-14,-0.14380057,0.78944254,47284.117,6181.7583,53924.05,5181.759,15.870554,0.00010530632,4.4660766e-05,3.9144557e-05,0.00018464518,13727.7,0.12073898,225.93323,0.029238973,1360.2069
1935,2023-10-15,-0.09332352,0.76129794,86168.93,1291.2163,96903.59,309.09766,8.733604,6.0978542e-05,1.6688684e-05,4.3905122e-05,0.00019154914,19227.14,0.14490333,226.6556,0.035495017,498.5254
1936,2023-10-16,0.0354352,0.4451626,77915.945,2136.1885,88165.3,1145.8589,12.089889,6.7337605e-05,1.9584117e-05,4.5280955e-05,0.00019659272,22069.184,0.14369798,226.90117,0.035928465,580.1765
1937,2023-10-17,0.041500956,0.52883685,74587.7,2553.1157,84481.984,1566.0984,9.784316,7.284818e-05,2.6689575e-05,4.2730357e-05,0.00016706611,22094.73,0.13829328,226.89594,0.036634102,696.4733
1938,2023-10-18,-0.6738333,0.85640025,71321.74,2932.5825,80609.35,1963.9053,77.26947,7.5610355e-05,6.0712337e-06,4.03658e-05,0.00016209845,22067.898,0.14024824,226.65857,0.03245645,803.6999
1939,2023-10-19,0.14546439,0.87792814,47961.617,5854.787,54889.887,4854.787,15.231413,8.843365e-05,,4.1466417e-05,0.0001905286,16680.398,0.13553637,226.03148,0.038403783,434.0882
1940,2023-10-20,-0.30721053,0.9999997,64183.61,3638.476,72855.375,2638.4758,84.53635,8.552465e-05,,3.579391e-05,0.00018418956,16673.84,0.12545952,225.83067,0.030820534,1254.6263
1941,2023-10-21,-0.2384305,1.0,61463.47,4078.6426,69493.516,3078.6423,95.58832,,,,,,0.11159355,223.61136,,
1942,2023-10-22,-0.35225943,0.9999994,58667.992,4502.425,66595.766,3502.4253,44.53246,0.00013055553,,3.4097964e-05,0.00016654922,14413.628,0.1187496,222.80228,,
1943,2023-10-23,-1.247632,1.0,81195.63,1836.0472,91589.15,839.6327,79.03698,8.492993e-05,,3.6568348e-05,0.0001670069,19224.031,0.12584354,223.67986,0.03252004,1144.1665
1944,2023-10-24,0.23394638,0.97758627,81383.29,1933.3475,89109.76,1148.4111,58.567764,8.722203e-05,6.294278e-05,3.1918185e-05,0.00019808886,16682.754,0.12533298,221.49438,0.037521176,783.4276
1945,2023-10-25,-0.12693124,1.0,48683.758,5824.6206,55544.54,4824.6206,144.96458,,,,,,0.12823442,222.1271,,
1946,2023-10-26,-0.1826516,1.0,70797.85,2811.9531,80226.83,1811.9531,54.376427,,,,,,0.12868741,221.54242,0.034142267,789.71375
1947,2023-10-27,-0.07353869,0.9772709,76393.11,2245.3347,85570.11,1316.0781,25.208122,8.0285776e-05,,2.907668e-05,0.00017479103,19192.184,0.1329172,221.84067,0.032304905,877.67163
1948,2023-10-28,-1.2335563,1.0,77224.02,2100.449,87522.92,1100.4491,69.84031,0.00010663517,,3.2834567e-05,0.0001659556,19198.799,0.13355865,223.2594,0.03522314,726.0773
1949,2023-10-29,0.3845793,0.37982666,52981.195,5443.9453,60486.14,4444.6636,9.43245,5.83105e-05,2.0035983e-05,3.725026e-05,0.0002007581,19227.598,0.14379606,222.64447,0.03425746,578.58453
1950,2023-10-30,0.029024534,0.53429884,72774.33,2771.3354,82130.305,1781.7666,10.673282,8.306491e-05,4.0067083e-05,3.703647e-05,0.00020224159,16671.535,0.13908729,224.91437,0.033774316,926.2659
1951,2023-10-31,-0.3467226,0.94249225,48481.133,5892.248,55218.047,4892.248,23.245243,5.0048937e-05,,3.815471e-05,0.00018142279,14404.653,0.13439676,225.25534,,
1952,2023-11-01,-0.050094694,0.9768511,86447.27,1268.544,97040.95,294.94952,25.247791,7.319213e-05,,3.9234466e-05,0.00021961093,19210.072,0.15080093,223.80852,0.033055957,762.8852
1953,2023-11-02,0.16292915,0.108228475,82674.88,1672.3398,93346.42,672.3397,1.4468824,7.026438e-05,3.6324145e-05,3.3940232e-05,0.00020029163,16676.254,0.13637707,223.42755,0.035253733,909.98755
1954,2023-11-03,-0.9992072,0.6215336,34204.82,8522.371,39427.78,7522.3716,23.396103,7.0780006e-05,3.9378938e-05,3.096467e-05,0.00015452963,16666.004,0.12388483,222.13065,,
1955,2023-11-04,0.021741733,0.9390966,82617.875,1601.69,93041.97,601.68994,19.522747,7.58423e-05,2.9899591e-05,3.379224e-05,0.00021593117,19197.145,0.13803717,220.56146,0.035847038,616.2128
1956,2023-11-05,0.22132492,0.6332586,55978.465,4913.2007,63712.58,3913.2007,37.71432,5.417884e-05,2.9487877e-05,2.8585622e-05,0.00016292703,22004.285,0.12328058,219.23053,0.03441664,549.8613
1957,2023-11-06,-0.30541372,0.999772,76962.84,2118.7783,87021.27,1125.7745,57.24801,7.777894e-05,,3.0566014e-05,0.00017757095,24070.121,0.13315165,220.85233,0.032502346,932.23505
1958,2023-11-07,0.101418376,0.2954093,77667.21,2207.2378,86826.75,1292.3804,21.514277,5.8277998e-05,2.550161e-05,3.1871303e-05,0.00018546061,22069.82,0.14029488,221.05081,0.03267325,862.8775
1959,2023-11-08,-0.73317593,0.6238762,68281.34,3192.9783,77642.734,2192.9785,37.437317,4.069528e-05,9.754827e-06,3.5615663e-05,0.00015675316,22073.078,0.15955958,222.17557,0.033334218,721.999
1960,2023-11-09,0.21562988,0.6073967,72931.945,2860.1328,81850.6,1911.2725,13.500675,7.168402e-05,3.5688347e-05,2.8676008e-05,0.00020036503,19229.098,0.13708982,220.43225,0.035637494,497.58252
1961,2023-11-10,0.24774611,0.5940907,50422.477,5546.5273,57596.22,4546.5273,13.949198,7.326384e-05,4.237103e-05,2.7253991e-05,0.00016740237,16675.434,0.12991017,221.18713,0.032800317,884.6929
1962,2023-11-11,-0.12404634,0.96531963,53945.99,4940.6104,61659.1,3940.6099,18.2747,9.475775e-05,,3.005585e-05,0.00018659487,19204.416,0.15379366,220.1101,0.03715514,980.41797
1963,2023-11-12,0.2274662,0.997264,70372.99,2924.9355,79769.34,1925.125,57.224617,7.822562e-05,,2.6439126e-05,0.00017220955,19202.646,0.15207428,219.69913,0.035814192,970.63715
1964,2023-11-13,-1.6415037,0.9365033,83877.48,1488.8948,94434.38,522.228,32.834385,7.045976e-05,,2.4772773e-05,0.00017369272,22052.25,0.14418328,219.66983,0.035733014,590.0148
1965,2023-11-14,-0.12516513,0.78673285,73082.3,2578.4414,82888.766,1582.5955,28.44164,7.07813e-05,2.5059022e-05,2.9665012e-05,0.00021469485,22038.55,0.14707208,218.30377,0.034189,679.8967
1966,2023-11-15,0.088237755,1.0,65008.17,3472.6523,74002.88,2472.6523,145.87839,0.00010781221,,2.8021917e-05,0.00021226387,22042.943,0.15093036,219.25522,0.03133348,402.8073
1967,2023-11-16,-0.1353823,0.9807109,69828.56,2955.394,79620.17,1955.394,25.897343,4.7269343e-05,,2.6677319e-05,0.00015290538,19236.86,0.15061669,219.58237,0.033861358,412.5246
1968,2023-11-17,-0.07295889,1.0,82823.266,1675.509,93974.2,675.50903,48.6295,0.00010396738,,2.670115e-05,0.00019138576,19241.39,0.1468716,218.39606,0.035149448,390.82025
1969,2023-11-18,0.07390267,0.8427,84444.55,1572.6873,95615.875,576.9602,25.549778,3.6067377e-05,,2.7219237e-05,0.00015767869,19254.703,0.14739397,217.5909,0.038192056,337.70987
1970,2023-11-19,-1.2243857,0.65209496,80573.93,1858.5547,91775.22,858.55475,25.381727,4.8118527e-05,1.877743e-05,2.4530536e-05,0.0001405875,19240.514,0.13647836,216.994,0.034820728,288.91003
1971,2023-11-20,0.2029609,0.6485263,77433.08,2138.2505,88211.28,1138.2509,15.75525,3.969745e-05,1.652347e-05,2.59666e-05,0.00016731818,19230.305,0.1411744,216.57503,0.036844596,355.34283
1972,2023-11-21,-0.07333246,0.71716344,73743.016,2638.8845,84094.19,1638.8846,19.508839,1.49491425e-05,-1.0177533e-05,2.7289027e-05,0.00014201026,19241.156,0.14511724,216.46777,0.03681609,282.02673
1973,2023-11-22,0.287271,0.23816931,79254.94,2122.8665,89559.59,1148.2654,14.942209,2.9819752e-05,5.3330637e-06,2.546946e-05,0.00014807907,17961.979,0.1312501,215.4933,0.035836525,168.0733
1974,2023-11-23,-1.6753291,,,,,,,,,,,,0.11643337,215.03358,,
1975,2023-11-24,-0.8986339,,,,,,,1.2001994e-05,,3.1964468e-05,0.00014246396,24009.38,0.16531314,219.28412,0.0316008,391.7553
1976,2023-11-25,-0.13881843,1.0,84721.53,1311.1466,95826.195,311.14658,52.210903,3.0683957e-05,,3.121297e-05,0.00019620931,24070.004,0.15890834,217.00467,0.03467558,332.6266
1977,2023-11-26,-0.10261761,,,,,,,0.00013455244,,2.8872073e-05,0.0003224083,22042.127,0.14366302,216.92288,0.037992377,226.45938
1978,2023-11-27,0.27959922,,,,,,,3.9003113e-05,,2.8818245e-05,0.00018031405,19207.293,0.15198354,217.80157,0.035687596,200.25385
1979,2023-11-28,-0.26051176,,,,,,,6.16305e-05,2.7948912e-05,2.814817e-05,0.00021873595,22030.203,0.1646077,218.12901,0.036438927,247.30733
1980,2023-11-29,-1.2715896,,,,,,,,,,,,0.15998037,219.86595,,
1981,2023-11-30,-0.16031249,,,,,,,6.1017217e-05,2.7009473e-05,3.071873e-05,0.000260037,24134.648,0.15893845,217.51318,0.035738897,289.06076
1982,2023-12-01,0.11019782,,,,,,,0.00012313944,,2.3855915e-05,0.0003356557,23078.809,0.15544595,217.40189,0.033399772,284.5435
1983,2023-12-02,-0.42181295,,,,,,,0.000102964244,,2.1094944e-05,0.00021630815,19218.473,0.13809234,216.03006,0.03637351,408.14737
1984,2023-12-03,0.13509426,,,,,,,0.00010154384,,2.5450963e-05,0.00022512034,24165.102,0.14147778,216.78842,0.03419973,354.06378
1985,2023-12-04,-0.15806025,,,,,,,6.8039066e-05,,1.8459166e-05,0.00019429103,24186.451,0.140215,215.16803,0.03749116,325.42258
1986,2023-12-05,-0.8422332,,,,,,,0.00011864691,8.9217574e-05,1.5782443e-05,0.00021265402,19247.426,0.13245565,214.2118,0.03439768,305.2458
1987,2023-12-06,-0.02813404,,,,,,,0.000111527996,,1.9425188e-05,0.00021873077,22125.133,0.13104129,213.06332,0.03684993,277.2357
1988,2023-12-07,0.4064204,,,,,,,,,,,,0.13066024,213.38953,0.037828166,587.63696
1989,2023-12-08,0.13432628,,,,,,,0.00012923179,,1.4989818e-05,0.00017104384,16687.82,0.1302627,211.62585,0.036250323,382.73654
1990,2023-12-09,0.023225367,,,,,,,,,,,,0.13426486,209.60994,,
1991,2023-12-10,-2.2904499,,,,,,,8.609142e-05,,1.2376687e-05,0.00013490126,16682.557,0.12246223,209.9726,0.03486324,608.8603
1992,2023-12-11,-1.1447452,,,,,,,0.00014359147,,1.4341436e-05,0.00019631725,16691.23,0.13972391,208.33875,0.03739619,1112.7227
1993,2023-12-12,-0.8687425,,,,,,,,,,,,0.13602573,210.00084,0.036514286,584.63763
1994,2023-12-13,-0.4103463,,,,,,,9.950061e-05,,2.3618106e-05,0.00022502686,19219.094,0.13635148,209.88693,0.037348703,487.2163
1995,2023-12-14,-0.25370267,,,,,,,,,,,,0.14759935,208.88812,0.0370158,310.2942
1996,2023-12-15,-1.4246418,,,,,,,7.2270814e-05,,1.667444e-05,0.0001406678,22117.342,0.13770565,212.08275,0.035934955,206.20337
1997,2023-12-16,-0.43439057,,,,,,,7.4084564e-05,,1.752305e-05,0.00015692199,16695.613,0.14214617,211.59059,0.036665022,617.2258
1998,2023-12-17,-0.3451102,,,,,,,,,,,,0.12735063,211.0307,,
1999,2023-12-18,-0.37858707,0.81703746,67546.01,3574.322,76504.125,2574.3218,53.9675,7.830202e-05,5.259443e-05,1.6691538e-05,0.00016746149,14418.392,0.12984961,211.93593,,
2000,2023-12-19,0.00052183867,0.9274043,68074.88,3317.6765,77243.61,2317.676,116.26372,,,,,,0.12563923,210.54909,0.033243597,899.00006
2001,2023-12-20,0.4545091,0.77418864,34508.773,8033.045,39758.746,7033.045,136.51814,,,,,,0.13129504,207.95447,,
2002,2023-12-21,-0.78464735,0.39196438,59356.516,4054.8557,67884.12,3054.8557,145.21492,5.7913685e-06,-8.707336e-06,1.728423e-05,9.275038e-05,19180.988,0.12463245,209.29175,0.03433625,619.11
2003,2023-12-22,0.14116019,0.6002509,60770.355,3733.4,69460.86,2733.4,140.45503,-1.9494026e-05,-3.8207978e-05,2.5057394e-05,0.0001016696,21935.111,0.14804277,212.80441,0.03343597,558.9405
2004,2023-12-23,0.1709862,0.9026673,71313.26,2504.9329,81096.586,1505.3088,122.568375,3.684548e-05,,2.2115142e-05,0.0001611664,22961.77,0.14685145,212.49815,0.034671217,492.04077
2005,2023-12-24,-0.17150009,,,,,,,1.7469505e-05,,1.7392189e-05,0.00011417787,14406.463,0.13333553,210.95923,0.03673617,317.53668
2006,2023-12-25,-0.061191976,,,,,,,2.9014642e-05,,1.6373153e-05,0.000111009256,16646.818,0.13078614,211.12463,0.031975854,748.7451
2007,2023-12-26,-1.6374229,,,,,,,5.4260163e-05,,1.3438495e-05,0.00010633893,16663.291,0.122241184,211.3687,0.031641394,474.27097
2008,2023-12-27,0.1492926,0.6748757,79275.58,1961.9124,90028.48,961.9679,121.678505,9.634124e-06,,1.9767338e-05,0.00010148744,19217.734,0.1558285,211.13039,0.03730643,379.83008
2009,2023-12-28,-0.08052187,0.8326082,38713.207,7431.8867,44550.742,6431.887,189.99884,-2.0098345e-05,,1.3480151e-05,6.039153e-05,13049.278,0.1177476,207.69264,,
2010,2023-12-29,-0.069681644,0.8152111,40768.688,6916.2754,47046.156,5916.2754,133.21304,,,,,,0.1410246,208.137,,
2011,2023-12-30,-0.49748066,0.877542,56643.156,4633.756,64533.14,3634.059,69.69556,4.2039574e-05,3.5862664e-05,2.0694668e-05,0.00014224713,19203.62,0.15300167,210.1669,0.033257537,591.5945
2012,2023-12-31,-0.3961297,0.33131647,74944.83,2436.6062,85186.9,1436.6062,115.73008,1.3216397e-05,-5.679039e-06,1.6827742e-05,9.575173e-05,16680.605,0.13415961,209.00427,0.03724141,352.86768
2013,2024-01-01,-0.60468435,0.37647286,41861.227,7015.849,48281.4,6015.849,235.96863,6.4808255e-06,-1.1067541e-05,1.637765e-05,8.738984e-05,16678.973,0.12822714,207.55745,0.03529189,502.07404
2014,2024-01-02,0.5054668,0.16181557,36677.953,7631.917,42462.285,6631.917,128.38158,-3.9850638e-05,-2.803964e-05,1.9294479e-05,7.346487e-05,19225.547,0.1421665,210.15524,,
2015,2024-01-03,-0.15228875,0.49600497,60465.156,3987.0122,69042.6,2987.012,198.75815,3.4071072e-05,2.0255413e-05,1.6733988e-05,0.00012489854,19203.291,0.13867249,210.69615,0.03673274,415.42273
2016,2024-01-04,-0.24099416,0.6284636,56128.906,4497.089,64042.47,3497.089,186.57512,6.0959403e-05,,2.4219535e-05,0.00016822183,22014.346,0.14630526,213.85794,0.03411436,570.9914
2017,2024-01-05,0.038571,,,,,,,-1.6923565e-05,,2.4718056e-05,0.00012447419,22052.494,0.16857705,215.70636,0.033496015,202.46506
2018,2024-01-06,-0.7527192,,,,,,,6.5968336e-05,7.538721e-05,2.1843805e-05,0.00021650056,22090.973,0.1670703,215.9912,0.035082754,246.24428
2019,2024-01-07,-0.34124917,,,,,,,0.000113349124,,2.2078955e-05,0.0002188663,22133.104,0.17013195,217.19684,0.040548913,173.2365
2020,2024-01-08,-0.4405167,,,,,,,6.300947e-05,3.3308534e-05,2.006269e-05,0.00018683108,19273.96,0.16883497,217.42294,0.037258945,148.71024
2021,2024-01-09,-0.12194899,,,,,,,9.5763804e-05,,1.6087934e-05,0.00014176287,16700.541,0.1571573,215.26566,0.035465702,486.3614
2022,2024-01-10,-0.2791615,,,,,,,6.504779e-05,,1.1350956e-05,9.9862445e-05,16692.855,0.12023249,212.74431,0.03565806,799.5625
2023,2024-01-11,-0.79270023,,,,,,,2.808243e-05,,1.5602864e-05,9.537018e-05,19224.516,0.12173953,212.73488,0.03440908,305.3342
2024,2024-01-12,-0.3117466,,,,,,,1.6832288e-05,,1.5964222e-05,8.557877e-05,16683.635,0.13616559,213.1832,,
2025,2024-01-13,0.3391029,,,,,,,,,,,,0.14390744,214.13031,,
2026,2024-01-14,0.19510598,,,,,,,,,,,,0.1487903,214.2673,0.034751277,464.432
2027,2024-01-15,-0.08821669,,,,,,,,,,,,0.14941168,213.81964,0.032697205,536.93353
2028,2024-01-16,-0.7900114,,,,,,,2.4146058e-05,-2.8080756e-06,2.7889317e-05,0.00013709586,24075.91,0.15411301,216.78502,0.035556015,184.6214
2029,2024-01-17,-0.461488,,,,,,,5.200499e-05,2.3609684e-05,2.8788829e-05,0.00020492631,19219.41,0.13764954,218.5184,0.038094945,234.39615
2030,2024-01-18,-0.24360122,,,,,,,,,,,,0.14827776,220.6885,,
2031,2024-01-19,0.07364905,,,,,,,5.3466232e-05,3.9611088e-05,3.1106494e-05,0.00020800927,22054.004,0.1799335,221.8724,0.034854792,262.46387
2032,2024-01-20,0.03725761,,,,,,,,,,,,0.18776608,223.60176,,
2033,2024-01-21,0.2980972,,,,,,,5.213048e-05,,2.229249e-05,0.00016070492,17985.398,0.19319032,223.48248,0.03672873,216.40034
2034,2024-01-22,-0.9922381,,,,,,,,,,,,0.17291443,223.5867,,
2035,2024-01-23,-0.5993568,,,,,,,0.0001455645,,2.1142198e-05,0.00019202972,19227.318,0.17099565,220.1796,0.033345215,384.634
2036,2024-01-24,-0.5386618,,,,,,,,,,,,0.15540585,218.38062,,
2037,2024-01-25,-0.41353524,,,,,,,7.339978e-05,,2.0075795e-05,0.0001439838,24094.809,0.17555477,217.11853,0.034309655,528.34393
2038,2024-01-26,-0.47057644,,,,,,,1.8409577e-05,,1.815825e-05,9.591087e-05,19237.143,0.15830725,215.54694,0.03498344,214.17397
2039,2024-01-27,-1.2786762,,,,,,,1.3042933e-05,,2.3363167e-05,9.752691e-05,19240.818,0.17654082,216.44278,0.033321705,209.27112
2040,2024-01-28,-0.025434762,,,,,,,3.053004e-06,-1.7977425e-05,2.4306739e-05,9.174544e-05,19273.43,0.16418174,216.37355,0.036260203,447.43817
2041,2024-01-29,-0.43234277,,,,,,,3.0868006e-05,,1.7728164e-05,9.020559e-05,14427.01,0.16679844,216.0873,0.037077524,367.79407
2042,2024-01-30,0.2796284,,,,,,,,,,,,0.1685642,215.32193,,
2043,2024-01-31,-0.017481327,,,,,,,0.00015990401,,1.8865037e-05,0.00015187002,16695.824,0.16804288,214.92111,0.030825313,927.9186
2044,2024-02-01,-1.8537687,,,,,,,8.1344886e-05,,2.053685e-05,0.00012746884,16673.418,0.17700742,218.1393,0.03454494,292.8571
2045,2024-02-02,-0.07329306,,,,,,,3.1152173e-05,8.976588e-06,2.5225487e-05,0.00013562004,19177.2,0.18687616,217.42899,0.03739037,295.29578
2046,2024-02-03,-0.5937414,,,,,,,3.5786332e-05,,2.2705037e-05,0.00012100935,19193.055,0.17100644,217.77287,0.032973006,521.81067
2047,2024-02-04,-0.20522162,0.88806653,71008.766,2852.165,80775.875,1852.1653,27.908531,2.2947066e-05,,2.2739074e-05,0.000107823274,22028.152,0.19735193,217.84285,0.033784106,271.84637
2048,2024-02-05,-0.26511452,0.8619881,71274.34,2660.0034,80910.12,1660.0034,1.5326097,4.239944e-05,1.4304649e-05,2.2511875e-05,0.0001324493,16655.736,0.18495326,215.69952,0.03195945,337.31116
2049,2024-02-06,0.010236144,0.7785044,58208.484,4290.7856,66637.23,3290.7856,7.5184984,0.00014579666,,1.9008146e-05,0.00013676545,14407.869,0.15641576,212.77475,0.03597639,490.28433
2050,2024-02-07,-1.5721562,,,,,,,4.3654836e-05,,2.116328e-05,0.0001117842,14401.0625,0.16516489,213.6588,0.034468316,443.95386
2051,2024-02-08,-0.0028199852,,,,,,,3.8187787e-05,7.385501e-05,2.3479013e-05,0.00012118636,16669.68,0.17173642,214.46396,0.038722478,399.49683
2052,2024-02-09,-0.103957504,,,,,,,0.000106890926,,2.0399335e-05,0.00017370994,14411.202,0.15728402,214.6386,,
2053,2024-02-10,-0.23373242,1.0,54779.527,4783.177,62442.48,3783.177,36.935665,0.00013456991,,2.1326132e-05,0.00014578107,16671.584,0.15828326,215.56953,0.034494918,1224.3597
2054,2024-02-11,-0.47997823,0.9999964,44602.785,6425.172,50772.656,5425.172,5.763921,0.00011479408,,1.9993828e-05,0.00013218232,14410.874,0.16110283,215.9513,0.03706708,876.29486
2055,2024-02-12,-1.453323,0.9998337,75348.74,2361.2183,85124.086,1361.2183,49.977802,8.2085855e-05,,2.0386417e-05,0.00012964432,16666.836,0.17545071,217.25497,0.030848771,986.54895
2056,2024-02-13,-0.524153,0.9998957,71369.125,2853.1938,81025.1,1853.1938,66.398605,,,,,,0.18581516,215.92416,0.03623389,775.8572
2057,2024-02-14,0.3293772,0.96485484,80377.04,1974.9899,90809.58,999.63904,34.65251,6.178528e-05,,2.201333e-05,0.00012285227,19248.348,0.1806236,216.90234,0.035977364,273.69824
2058,2024-02-15,0.0035642684,0.825212,62391.86,4090.0957,70938.58,3090.0957,8.877222,4.2218642e-05,7.659581e-06,2.2410019e-05,0.0001098076,19255.926,0.15880306,216.27142,0.037212152,637.056
2059,2024-02-16,0.07410109,0.9350129,75797.02,2558.17,85777.95,1560.1744,22.679451,5.3221862e-05,,2.414006e-05,0.00011776492,16691.727,0.1577088,215.47635,0.035302445,946.2911
2060,2024-02-17,-1.1697598,0.99989736,81482.4,1846.6234,91775.64,872.9552,87.90533,0.00016578422,,2.1898122e-05,0.00013696065,16682.621,0.15427713,215.86945,0.034364138,1141.9762
2061,2024-02-18,0.0054902583,0.14690132,84298.75,1672.4838,91197.55,1029.1814,3.6378648,3.8411432e-05,1.777399e-05,2.0461786e-05,0.00011843996,19269.959,0.14847255,211.25977,0.039743155,248.91928
2062,2024-02-19,0.0075856894,0.8975853,41665.26,7047.366,47914.844,6047.366,9.815933,3.5300207e-05,,2.0017193e-05,9.075094e-05,16692.879,0.14460602,212.87488,,
2063,2024-02-20,-0.49287835,0.99999845,75829.984,2381.3442,86085.516,1381.3444,39.4853,0.00014509416,,2.2669363e-05,0.00016453347,22083.79,0.17070821,214.53357,0.036481388,478.68237
2064,2024-02-21,-0.29382467,1.0,93040.016,739.2357,99731.94,143.82321,19.018751,5.422522e-05,2.4922714e-05,1.9394236e-05,0.00010847347,16683.871,0.16343859,214.49983,0.03716456,555.296
2065,2024-02-22,-0.07478413,0.51167893,79989.92,1902.1888,90002.98,946.19653,15.178582,7.087784e-05,3.4044067e-05,2.2086946e-05,0.00014832828,16674.625,0.17584887,216.63666,0.03396488,551.72
2066,2024-02-23,-1.4694686,0.99775547,60319.72,4100.794,68514.39,3100.794,40.468323,,,,,,0.15564288,221.3297,,
2067,2024-02-24,-0.30416137,0.96056104,65748.984,3475.195,74687.05,2475.195,31.335838,7.269559e-05,,3.4069973e-05,0.00014770658,14411.865,0.16226622,220.95358,0.034358673,829.4457
2068,2024-02-25,-0.12692454,0.7970891,72075.22,2803.7627,81601.125,1818.914,13.819725,8.5833526e-05,4.41208e-05,2.9249219e-05,0.00014741429,16681.926,0.18400654,218.43661,0.03835815,785.40186
2069,2024-02-26,-0.43553913,0.9620855,75826.91,2432.63,84835.83,1519.0374,22.17576,5.91036e-05,,2.6363661e-05,0.00013020034,16678.395,0.15976754,216.73322,0.037468534,561.69226
2070,2024-02-27,-0.14683819,1.0,66588.53,3481.97,75625.05,2481.97,62.41044,6.0863113e-05,,2.3059261e-05,0.00011323602,14417.041,0.14775714,214.56963,0.03828875,1079.3285
2071,2024-02-28,-1.0455276,0.47718793,63331.02,3949.1345,71848.83,2949.1343,11.1401005,5.968509e-05,3.579297e-05,2.4172177e-05,9.565486e-05,16685.531,0.15937221,214.65103,0.034754507,1040.1656
2072,2024-02-29,-0.22345008,1.0,91603.6,923.9149,99436.47,241.33783,7.765477,4.170685e-05,,2.722453e-05,0.00013303776,16693.4,0.18052521,215.75479,0.040392876,395.8127
2073,2024-03-01,0.17811611,0.66276574,92341.19,862.46765,98970.85,264.93735,7.0293045,4.093231e-05,1.8279236e-05,2.4904566e-05,0.00011417666,16690.742,0.17446688,217.45316,0.038706142,660.5033
2074,2024-03-02,0.17743874,0.0,,,,,,5.3934964e-05,2.935571e-05,2.4579254e-05,0.00012787047,14439.182,0.17247894,218.27332,0.03880834,508.40356
2075,2024-03-03,0.05316554,0.06292116,78141.13,2309.067,88318.445,1320.6107,2.6866572,4.7666916e-05,2.2663075e-05,2.5062232e-05,0.00012292493,14419.089,0.1661377,218.78845,0.035403766,416.58344
2076,2024-03-04,-0.9077096,0.81850463,81618.29,1820.0481,91609.375,884.6462,19.23148,5.708403e-05,2.4145162e-05,2.2400254e-05,0.00010495031,16686.807,0.17726266,220.29245,0.03091904,494.05664
2077,2024-03-05,-0.33806914,0.8694972,80065.16,2000.1614,90517.18,1022.34985,15.463421,4.573811e-05,1.5637639e-05,2.7556202e-05,0.0001294579,16690.402,0.1802144,217.4891,0.038461782,692.5896
2078,2024-03-06,0.15145244,0.0,,,,,,6.574314e-05,4.142036e-05,2.4322775e-05,0.00013495714,16698.645,0.15077917,217.48105,0.035832804,330.21667
2079,2024-03-07,0.16460899,0.0,,,,,,6.1144594e-05,3.9629173e-05,2.1515421e-05,0.00012279877,15560.098,0.14491835,216.887,0.037847582,313.41113
2080,2024-03-08,0.13436437,0.06552022,86123.766,1440.573,97042.234,443.905,3.689993,6.849019e-05,4.0655825e-05,2.7834365e-05,0.00013800712,14420.182,0.14533725,217.96576,0.037411556,358.4428
2081,2024-03-09,-0.33030638,,,,,,,4.893266e-05,,3.3451633e-05,0.00014480256,16690.246,0.15920736,220.61552,0.03338816,327.48813
2082,2024-03-10,-0.12796816,0.0,,,,,,6.0928505e-05,1.6771228e-05,4.4157274e-05,0.00014553868,16691.836,0.16219145,224.58916,0.036838118,205.23112
2083,2024-03-11,0.120609276,0.0,,,,,,6.760789e-05,1.6958658e-05,5.0649232e-05,0.00019167255,16693.746,0.1577002,226.92416,0.03643498,165.81827
2084,2024-03-12,-0.3026539,0.90344274,65137.242,3647.0952,73964.234,2647.0952,12.997223,7.315398e-05,4.7213427e-05,4.3753214e-05,0.00015992543,16687.63,0.15801615,226.47496,0.03900241,985.6194
2085,2024-03-13,-0.2638446,1.0,85689.11,1446.1826,96423.47,473.29565,38.260338,7.85689e-05,,3.5400633e-05,0.00014558734,16688.3,0.1593729,222.77652,,
2086,2024-03-14,-0.235111,0.72893846,89277.125,1131.7699,97848.625,348.28006,14.635521,5.1860465e-05,2.0702537e-05,3.4669487e-05,0.00014272894,14418.682,0.15445036,220.03333,0.04019074,724.6503
2087,2024-03-15,-0.8365505,0.13937923,48226.76,5876.1113,55084.45,4876.1113,10.258202,6.27249e-05,2.8610646e-05,3.411425e-05,0.00012679462,14417.6,0.1479121,219.95793,0.03615193,737.00714
2088,2024-03-16,-0.6771555,0.5074981,65116.04,3660.6978,73952.95,2660.6975,6.7587004,5.901321e-05,2.5988607e-05,3.601145e-05,0.00015215814,16680.25,0.1497682,220.79767,0.037077673,878.00726
2089,2024-03-17,-0.42597616,0.99216056,81640.78,1747.84,92710.82,747.83997,13.445822,4.9233757e-05,,3.996651e-05,0.00014717547,19247.246,0.17926468,222.82458,0.036611423,188.71695
2090,2024-03-18,-0.38181597,0.9691911,92940.0,763.3109,99541.96,174.79199,10.92102,5.3916112e-05,,3.826133e-05,0.0001541971,22100.73,0.19305488,222.76251,0.038073484,433.41638
2091,2024-03-19,-0.34830576,0.9724083,90670.91,1012.84766,98985.16,267.38696,22.140507,6.5478256e-05,1.3106077e-05,3.389796e-05,0.0001437431,19248.363,0.19130376,223.21875,0.040035106,655.5674
2092,2024-03-20,-0.9224925,0.55188185,91287.88,960.18365,100104.805,182.95111,10.172348,6.797744e-05,2.2586646e-05,3.7683076e-05,0.00014187486,22123.775,0.190353,224.63554,0.03919054,522.3101
2093,2024-03-21,-0.18143675,0.7590828,76224.22,2481.887,85923.45,1509.7272,8.263943,5.4626413e-05,,4.1529864e-05,0.00015524929,19248.164,0.18187626,224.57814,0.039350975,606.7076
2094,2024-03-22,-0.32147318,1.0,59094.11,4405.8394,67211.18,3405.8394,43.64515,,,,,,0.17147458,225.68065,,
2095,2024-03-23,-0.3498799,0.9738853,66844.63,3265.9468,76001.86,2265.947,13.590269,7.225077e-05,,4.0678307e-05,0.00015152161,16668.479,0.16671109,227.78851,0.03441768,515.6332
2096,2024-03-24,-0.38957104,0.95928144,83741.97,1466.2504,94610.96,470.41672,15.788809,5.9714395e-05,1.2456698e-05,4.907131e-05,0.00018092699,22057.941,0.18879199,228.31284,0.032494828,368.4178
2097,2024-03-25,-0.43098435,0.7268412,78921.56,1981.3721,88875.13,1030.6584,9.597949,6.295072e-05,1.2881834e-05,4.8672024e-05,0.00018546474,24130.184,0.19521104,228.74463,0.03383137,499.55698
2098,2024-03-26,-1.114099,0.28347936,86278.68,1321.4971,96486.71,397.30078,8.952533,6.7186294e-05,1.8261888e-05,4.667517e-05,0.00015483277,22076.17,0.20164745,227.07805,0.03632881,530.3386
2099,2024-03-27,-0.127864,0.4925339,41167.11,7145.7812,47228.625,6145.7803,7.0959034,6.794283e-05,2.2130436e-05,4.4390938e-05,0.00016311431,16674.121,0.171953,227.51144,0.03166445,658.87695
2100,2024-03-28,0.28041086,0.39841616,61672.695,4202.4316,69816.016,3211.0337,8.2190485,6.924375e-05,2.365037e-05,4.479439e-05,0.00016308858,16665.219,0.17949559,227.23831,0.0362412,1097.2592
2101,2024-03-29,-0.5160448,0.58071434,73395.69,2633.3755,82771.22,1667.8179,7.0521026,7.701017e-05,2.1096519e-05,5.008906e-05,0.00018758289,23083.105,0.19907436,227.90933,0.03319492,594.1321
2102,2024-03-30,0.16108556,0.052566305,74705.89,2526.4133,84682.555,1526.4133,9.734243,7.522164e-05,3.6142214e-05,3.907774e-05,0.0001653115,16675.18,0.16280985,225.2951,0.033051074,1154.762
2103,2024-03-31,1.8494785,0.22657326,63430.344,3856.4941,71955.27,2856.4941,16.349466,6.24129e-05,1.873773e-05,4.3533324e-05,0.00013097972,19214.64,0.16652589,224.87062,0.03117702,929.2937
2104,2024-04-01,1.0573499,0.555617,55107.75,5255.1455,62072.97,4295.526,5.539759,7.364624e-05,2.9199207e-05,4.5158693e-05,0.00018043962,19204.318,0.18177918,224.31204,0.03207157,994.76306
2105,2024-04-02,-0.1733833,0.834193,49182.85,5712.221,56192.445,4712.2925,11.530132,7.926146e-05,3.222932e-05,4.3423166e-05,0.00015349122,16657.016,0.18394125,225.15308,0.029792506,1244.1825
2106,2024-04-03,-0.4678189,1.0,68828.836,2994.7163,78090.5,1994.7161,32.1709,0.00012835865,,4.4775166e-05,0.00016053721,22015.125,0.19330373,224.87889,0.036921453,951.41907
2107,2024-04-04,-0.6750696,0.8985106,73137.03,2763.1665,82120.24,1829.6548,9.986748,7.239608e-05,,4.1111736e-05,0.00015711294,19232.66,0.18169537,225.02156,0.03578966,238.99274
2108,2024-04-05,-1.1386203,0.9835071,89582.664,1033.1763,98270.71,243.10785,21.199139,7.277946e-05,,4.1707324e-05,0.0001588865,19226.781,0.18125017,225.60605,0.03538285,1012.3497
2109,2024-04-06,-0.5952146,0.99987364,76396.95,2336.0288,86416.95,1336.032,35.438324,7.588762e-05,,4.5702058e-05,0.00018468103,19223.77,0.1980792,224.41501,0.029487312,1236.9377
2110,2024-04-07,0.22850662,0.5693631,86347.75,1444.7566,95793.31,556.74194,6.9424105,5.8459904e-05,1.7610111e-05,4.0757528e-05,0.00015079073,13052.715,0.15280294,224.87683,0.031076903,829.21594
2111,2024-04-08,-0.041202784,0.7818313,43678.195,6817.3496,49890.04,5817.3496,8.705634,8.004477e-05,,4.18758e-05,0.00015239931,14417.849,0.16306227,223.3589,,
2112,2024-04-09,1.8983029,0.13261162,68844.59,3304.9292,77650.77,2304.9292,6.861881,7.657624e-05,3.5833422e-05,4.0742816e-05,0.00016876284,14415.695,0.15402508,222.70554,0.035946287,1163.4482
2113,2024-04-10,-0.27947867,0.27864197,56838.87,5185.0674,64526.332,4186.2656,7.599187,7.968744e-05,3.5327328e-05,4.2870248e-05,0.00016904117,14417.221,0.15578942,223.76173,0.034630083,1328.3835
2114,2024-04-11,-0.17861742,0.0,,,,,,7.7781806e-05,3.6444384e-05,4.133743e-05,0.0001460577,16699.688,0.16704042,223.16585,0.03421223,403.5678
2115,2024-04-12,-0.47868025,0.7597847,85100.67,1577.8567,95486.766,613.93835,9.412201,6.483961e-05,2.754875e-05,3.9924707e-05,0.00015106735,16694.215,0.16379467,223.89502,0.035453625,319.185
2116,2024-04-13,-0.49737793,1.0,85649.516,1464.8444,95693.78,534.8598,38.43084,6.383658e-05,,3.6271384e-05,0.00013870641,19238.416,0.16410741,224.36478,0.03515081,700.74194
2117,2024-04-14,-0.5437894,0.9337158,70353.85,3065.5881,79665.87,2066.066,19.070843,9.0718124e-05,1.2479123e-05,3.717129e-05,0.00014084918,19213.453,0.15971558,225.81824,0.033844586,867.05444
2118,2024-04-15,-0.27603954,0.34278965,83727.625,1567.9327,92697.94,712.1384,9.413147,6.039486e-05,1.6598657e-05,4.3021493e-05,0.00015710601,22054.512,0.17872329,227.16495,0.03372883,453.66232
2119,2024-04-16,-0.5190458,1.0,77309.89,2098.3604,87531.336,1100.3718,104.117905,0.000113379785,,4.3606346e-05,0.00016668798,22019.057,0.20214614,228.17995,0.024822123,547.3305
2120,2024-04-17,-0.7194235,0.97329605,72851.734,2586.217,82998.97,1586.217,15.125046,6.39076e-05,,5.0736693e-05,0.00017833605,22043.283,0.1947819,226.91843,0.03296989,381.75372
2121,2024-04-18,-0.6600593,0.8601057,69999.125,2937.9177,79652.07,1937.9177,11.706773,6.924824e-05,,5.034857e-05,0.00017154714,22061.271,0.17853513,227.88768,0.033472113,332.9716
2122,2024-04-19,-0.35895032,0.96722376,83399.56,1535.9381,93971.01,556.1897,17.43064,6.5849286e-05,,5.4533608e-05,0.00017679099,24121.488,0.18647781,228.32312,0.033864878,459.54193
2123,2024-04-20,-0.6582375,0.97956634,76901.92,2233.207,87189.47,1233.4006,25.24292,8.639032e-05,,4.9466864e-05,0.0001880934,24152.37,0.19824162,228.1235,0.03234692,585.90344
2124,2024-04-21,-1.0898168,0.99926174,67755.734,3270.6582,77203.64,2270.6582,15.568881,7.1644026e-05,,5.3142314e-05,0.00014228365,19238.928,0.18136095,228.7702,,
2125,2024-04-22,-0.6976689,1.0,72955.7,2625.948,82668.28,1625.9478,58.584793,0.0001188227,2.92718e-05,5.5207358e-05,0.00020855782,24140.648,0.19419527,227.67122,0.03295734,816.2622
2126,2024-04-23,-0.49978992,1.0,81417.53,1807.1982,92736.83,807.1982,47.198704,7.409807e-05,,5.5648605e-05,0.00018500198,24209.555,0.20372608,228.71121,,
2127,2024-04-24,-0.5640369,1.0,60715.836,4093.5195,69035.05,3093.5195,32.783695,0.0001613891,,4.6830613e-05,0.00017306063,22081.1,0.18239696,228.6781,0.026552025,1393.5237
2128,2024-04-25,-0.5987783,0.9975654,84781.56,1423.0554,95446.95,436.40744,25.413086,7.198019e-05,,6.22631e-05,0.00019556069,24126.875,0.202129,227.71794,0.030199049,874.6583
2129,2024-04-26,-0.4383364,0.49247444,81874.6,1791.3109,92122.66,816.974,11.536715,8.1978214e-05,2.7193579e-05,5.4764503e-05,0.0002159084,19228.955,0.18373415,228.82243,0.0323972,637.097
2130,2024-04-27,-1.2777736,0.81230026,74770.04,2589.6016,84415.0,1595.0815,11.59131,7.2318544e-05,2.7894666e-05,5.178737e-05,0.00014890946,19244.115,0.18007426,228.23425,0.033542138,637.12646
2131,2024-04-28,-0.70527166,0.5480635,80235.47,2084.4146,90135.0,1121.7351,9.199043,7.319298e-05,1.6967651e-05,5.722074e-05,0.00019022025,22130.54,0.18539146,228.07254,0.033728905,826.6084
2132,2024-04-29,-0.5858654,0.27704102,61459.06,4473.2217,69497.484,3485.1062,10.079033,7.337388e-05,2.5762918e-05,4.7488356e-05,0.00016235115,16700.148,0.17183608,227.78671,0.038125418,1317.1423
2133,2024-04-30,-0.48086333,0.26586986,59021.12,4769.9604,66865.53,3773.6694,10.359884,7.3088464e-05,2.4722816e-05,4.789162e-05,0.00015966117,16701.352,0.15832123,227.85593,0.03556928,716.222
2134,2024-05-01,0.070310295,0.0,,,,,,7.5806376e-05,2.721445e-05,4.8591923e-05,0.00017880074,16693.99,0.15901314,227.60854,0.034398362,803.4071
2135,2024-05-02,-0.20185935,0.0,,,,,,7.278866e-05,2.0160567e-05,5.2628093e-05,0.00014614771,16687.2,0.15658261,227.95572,0.033081654,746.73035
2136,2024-05-03,-0.086241096,0.14181575,72280.44,3005.1594,80642.47,2087.3901,6.195615,7.426672e-05,1.771659e-05,5.6550132e-05,0.00019336434,16685.926,0.16255116,227.62566,0.03414288,954.7494
2137,2024-05-04,-0.43791124,0.4342453,83680.555,1671.0542,93029.91,766.2888,9.2796,7.305763e-05,1.6381278e-05,5.595061e-05,0.00018335428,16684.172,0.1637463,228.97537,0.034588587,975.18726
2138,2024-05-05,-0.38297096,0.15923016,56717.0,4861.935,64423.633,3867.4907,8.234073,7.300438e-05,1.6422553e-05,5.6796824e-05,0.00017619012,16678.43,0.1669864,228.52757,0.03511471,1224.0825
2139,2024-05-06,-1.0079591,0.7539196,81564.14,1829.3927,90293.0,956.5533,17.447302,7.935676e-05,2.6514545e-05,5.5963646e-05,0.00019670793,19211.98,0.17873493,228.65823,0.031218192,1410.3792
2140,2024-05-07,-0.69243866,0.5267757,87411.94,1243.4973,97506.14,332.6934,11.093398,7.077661e-05,7.5800426e-06,6.230997e-05,0.00015637049,22092.924,0.18164073,229.55865,0.03259601,420.06958
2141,2024-05-08,-0.121161535,0.0,,,,,,8.382401e-05,2.2083354e-05,6.1740655e-05,0.0002124944,19254.559,0.17347664,228.361,0.034568496,460.71915
2142,2024-05-09,-0.5791071,1.0,72955.266,2785.2236,82744.39,1785.2238,19.185062,0.00011127466,,5.419262e-05,0.00017607494,19246.96,0.18193121,228.67307,,
2143,2024-05-10,-0.5298537,1.0,82368.19,1785.3306,92785.82,790.6769,48.13446,9.531163e-05,,5.462781e-05,0.00017172741,19236.541,0.17437807,229.77696,0.031738527,1231.151
2144,2024-05-11,-0.21001196,0.04777702,81285.73,1897.5739,92094.31,898.99335,4.1757526,8.2684914e-05,1.602192e-05,6.666299e-05,0.0001791468,19245.293,0.19219683,229.7146,0.031608637,461.4206
2145,2024-05-12,-0.20886533,0.0,,,,,,8.470969e-05,1.9918767e-05,6.4790926e-05,0.00016382782,19252.854,0.18295051,229.6872,0.031017924,602.9857
2146,2024-05-13,-0.27652207,0.0,,,,,,0.000109547116,4.7057772e-05,6.248933e-05,0.00018591911,19247.434,0.1840422,229.6558,0.030863987,866.7742
2147,2024-05-14,-0.34052324,0.59207296,80619.7,2006.2705,90530.914,1053.1731,10.416107,7.3890005e-05,9.720733e-06,6.704236e-05,0.00019516317,19248.086,0.17745262,229.82143,0.03278023,971.35974
2148,2024-05-15,-0.8040008,0.45881718,82079.74,1908.0613,91674.01,977.7761,9.728916,8.27888e-05,2.1952375e-05,6.302577e-05,0.0001966758,19256.074,0.17682911,230.632,0.03383838,1006.34863
2149,2024-05-16,-0.41755587,0.3197301,84741.85,1647.7766,94664.42,715.6466,9.179939,7.744946e-05,1.6700642e-05,6.006701e-05,0.00018953922,16697.324,0.17491071,230.60974,0.034114726,667.36743
2150,2024-05-17,-0.30555382,0.012604673,90947.75,1028.0403,98924.2,290.02975,9.700122,8.804981e-05,2.6810827e-05,6.1243205e-05,0.00021204521,16692.828,0.17247804,230.49115,0.032646984,1137.2432
2151,2024-05-18,-1.2797339,0.630198,75797.445,2532.4575,84839.91,1605.9927,9.990228,7.54886e-05,1.9254741e-05,5.7384925e-05,0.00014938734,16686.65,0.17490403,229.92387,0.031618565,1422.3417
2152,2024-05-19,-0.45138252,0.73058534,71450.74,3023.9316,79952.9,2091.6562,13.16501,7.73338e-05,1.699807e-05,6.263185e-05,0.0002014124,19233.25,0.17822415,229.83101,0.03620319,1396.3806
2153,2024-05-20,-0.9588096,0.6444195,69209.42,3308.1057,77868.68,2348.2754,9.093325,8.186608e-05,1.8717272e-05,6.2160834e-05,0.00019997469,19233.89,0.18227845,230.5247,0.0321227,1435.6458
2154,2024-05-21,-0.9331517,0.6681988,58421.1,4778.2446,65962.41,3804.0925,13.077967,8.031649e-05,1.367314e-05,6.376067e-05,0.00019708257,19238.605,0.18202692,229.89038,0.0320475,1831.397
2155,2024-05-22,-0.7908217,0.36204308,78003.45,2298.9285,87068.14,1382.6035,10.1071415,8.376692e-05,2.5025283e-05,6.158444e-05,0.0002124208,19232.777,0.18343447,230.55246,0.031074908,1767.4852
2156,2024-05-23,-1.0910982,0.29194558,70360.51,3310.711,78907.375,2358.8186,6.990932,8.144096e-05,2.3033655e-05,5.8679754e-05,0.00016108787,16689.742,0.18035604,231.2147,0.033427425,1745.3756
2157,2024-05-24,-0.46257707,0.28552815,78265.05,2372.9136,86734.78,1498.654,5.1880126,8.268417e-05,2.1020569e-05,6.188566e-05,0.00021363239,16694.621,0.1787298,230.19934,0.035041235,1631.0
2158,2024-05-25,-0.7386168,0.84022164,40256.21,7614.7715,46069.914,6627.365,42.67271,7.338802e-05,1.1778627e-05,6.364898e-05,0.0001832293,19254.465,0.18244135,230.85355,0.026474427,2063.6545
2159,2024-05-26,-0.847702,0.33633876,82820.41,1873.8464,91921.75,980.6455,7.769712,7.4313866e-05,1.2326338e-05,6.220162e-05,0.00018742817,17976.293,0.17506985,232.04958,0.03207661,1123.0767
2160,2024-05-27,-0.46114075,0.035957422,30622.383,9365.54,35563.746,8365.541,7.155271,8.612366e-05,2.6318143e-05,5.980552e-05,0.00020105758,16710.379,0.17278525,231.48935,0.03196575,1270.6555
2161,2024-05-28,-0.7622812,0.16661929,79775.67,2150.3303,88803.02,1243.1243,9.228479,7.675469e-05,1.8019833e-05,5.8900026e-05,0.0001981396,17968.73,0.17258057,232.0264,0.03173608,1332.549
2162,2024-05-29,-1.1693326,0.71791893,62744.625,4132.2993,70387.31,3191.0918,10.039667,7.549348e-05,1.7900953e-05,5.982892e-05,0.00015144263,19234.697,0.16487652,232.3738,0.029376216,1881.9578
2163,2024-05-30,-0.8349791,0.61615443,50019.03,5853.7935,56976.625,4856.842,6.554427,8.607196e-05,2.5770863e-05,5.755131e-05,0.00017850177,19223.182,0.16000615,233.24915,0.032491248,1984.8251
2164,2024-05-31,-1.1147296,0.5331687,64870.375,3819.499,73061.81,2847.3066,6.2381287,8.775238e-05,2.886567e-05,5.7966907e-05,0.00019762234,19224.838,0.16787276,233.00343,0.032849953,1962.6025
2165,2024-06-01,-0.7501894,0.791067,65881.53,3641.6646,74660.2,2643.1577,13.950628,8.3695275e-05,2.1422738e-05,6.0566737e-05,0.0002024893,20655.727,0.17117941,233.57123,0.029977351,1811.5214
2166,2024-06-02,-0.688326,0.34297508,58374.75,4849.8105,65633.13,3896.265,8.840202,8.333997e-05,2.7708644e-05,5.5952667e-05,0.00020259777,19221.191,0.16201094,233.56042,0.030980423,1983.7446
2167,2024-06-03,-1.3614467,0.59905016,62496.082,4313.046,70025.8,3383.0957,8.663284,9.734162e-05,3.988506e-05,5.5054654e-05,0.00017129797,19219.982,0.16587523,233.6422,0.027985828,2340.6934
2168,2024-06-04,-0.46825415,0.22428147,82552.44,1821.5518,89899.06,1075.6056,3.552358,8.2656494e-05,1.8593968e-05,6.425011e-05,0.00020783949,19225.607,0.16162412,232.74326,0.032341033,1409.3961
2169,2024-06-05,-0.87846696,0.9310852,42811.547,6956.95,48871.055,5961.6797,19.11303,7.8560886e-05,1.9072533e-05,6.220237e-05,0.00018384588,19219.785,0.16213204,230.34761,0.029981576,2926.9985
2170,2024-06-06,-0.8838737,0.6870084,79742.92,2137.9255,88622.11,1232.2307,9.870253,7.8888224e-05,2.2942662e-05,5.7039368e-05,0.0001889447,19230.58,0.16017711,233.68384,0.03081062,1588.2095
2171,2024-06-07,-1.0195103,0.74751633,77387.33,2322.0464,86945.75,1363.75,19.226772,7.4915966e-05,1.6256947e-05,5.8012956e-05,0.00018442218,19238.05,0.16726092,232.72449,0.030227814,1104.3639
2172,2024-06-08,-1.0221577,0.56751466,84778.375,1539.1733,94499.51,624.95105,9.220833,7.709586e-05,1.5503758e-05,6.721513e-05,0.00016283493,22089.744,0.18031037,233.4792,0.028032234,903.6838
2173,2024-06-09,-0.3096129,0.98699015,82045.31,1759.3386,92161.305,769.56506,27.732334,7.990736e-05,,5.8554746e-05,0.0002021575,16671.129,0.17396003,232.96109,0.030790448,1121.3807
2174,2024-06-10,-0.28596166,0.99878603,64387.22,3714.0693,73068.14,2714.069,48.324852,8.870184e-05,,5.7174846e-05,0.00018261484,16672.867,0.16276523,234.34155,0.034660652,1377.4481
2175,2024-06-11,-0.75466585,0.41660973,80633.586,1930.3677,89758.55,1018.9109,7.867073,8.362973e-05,1.7807919e-05,6.3371874e-05,0.0002020337,16673.617,0.15732883,235.4273,0.029197397,1119.913
2176,2024-06-12,-0.7892331,0.48802686,82836.86,1728.7302,92918.32,763.98816,9.528854,8.0885584e-05,2.0022244e-05,6.308314e-05,0.00020191795,19231.365,0.16066808,234.71832,0.029709337,891.0405
2177,2024-06-13,-0.89559984,0.55693823,75026.875,2563.7385,84558.06,1589.1382,11.9118,7.16665e-05,3.9415972e-06,6.835326e-05,0.0002004815,19239.18,0.15991117,235.00784,0.02867277,858.8137
2178,2024-06-14,-1.1685121,0.9178322,85785.805,1453.2933,95857.305,505.5696,15.529009,7.520254e-05,-9.402203e-07,6.557317e-05,0.0001610491,19234.717,0.1639656,234.71742,0.028108014,846.8059
2179,2024-06-15,-0.6450832,0.59019184,80383.05,2005.5881,90163.375,1047.2471,7.7488327,7.714756e-05,1.3385633e-05,6.290731e-05,0.00019540405,16684.365,0.15711099,234.69472,0.029096419,1121.5757
2180,2024-06-16,-0.8788055,0.5177864,83445.625,1695.9319,92976.94,765.8928,8.230896,7.5911645e-05,1.696056e-05,6.18254e-05,0.00018814171,16681.941,0.15417065,231.94171,0.029716857,1131.7512
2181,2024-06-17,-1.078729,0.79565203,65617.266,3838.4165,73773.664,2865.1575,15.428535,7.821634e-05,1.0932192e-05,6.534764e-05,0.00018887942,17959.133,0.15462357,235.0476,0.0295952,2256.221
2182,2024-06-18,-1.0875227,0.50593555,79062.625,2183.7305,88083.195,1261.2898,10.256218,7.752844e-05,1.42160425e-05,6.501077e-05,0.00020047757,19233.156,0.15513176,234.35992,0.028458703,1695.6963
2183,2024-06-19,-1.5863024,0.3860572,47427.883,6991.8447,53700.504,6009.5723,7.1703014,9.2809314e-05,2.9116558e-05,6.003225e-05,0.00015885732,16676.746,0.15890737,234.35014,0.02510841,3522.2715
2184,2024-06-20,-0.70827734,0.47742432,82353.19,1833.1536,91610.72,929.01807,7.2922363,7.573889e-05,1.6244221e-05,6.2163286e-05,0.00019439604,16684.926,0.15575069,233.09857,0.027976193,1258.6156
2185,2024-06-21,-0.44414377,0.08219129,53282.973,6044.3604,59652.42,5118.2817,6.2284784,7.6907076e-05,1.1487678e-05,6.550709e-05,0.00018974926,16685.229,0.15472539,231.44342,0.027943954,1400.6747
2186,2024-06-22,-0.8196068,0.96550786,42356.406,7116.1943,48267.008,6116.1943,12.553076,9.985418e-05,,6.048954e-05,0.00017913405,15547.945,0.14627749,233.96317,,
2187,2024-06-23,-0.58083147,0.9987964,84959.91,1505.2063,95305.67,509.4624,31.289955,7.493785e-05,,5.6479497e-05,0.00019112529,16676.59,0.1550324,235.62662,0.031031573,1350.595
2188,2024-06-24,-0.6117482,0.9999995,88342.01,1192.9607,99015.92,209.89134,22.687073,6.714971e-05,,5.7825804e-05,0.00014199286,16683.146,0.14795129,235.28308,,
2189,2024-06-25,-0.49007538,0.22528449,84500.65,1675.7012,93229.86,817.213,5.0463014,8.150939e-05,1.9495477e-05,6.198371e-05,0.0002003877,16690.201,0.14798802,233.12947,0.03088333,1498.617
2190,2024-06-26,0.077594616,0.040531337,72194.44,3011.1807,80237.73,2137.0613,2.3706028,8.801214e-05,2.2801527e-05,6.521061e-05,0.00020139046,16688.338,0.1574221,232.18011,0.028016012,1413.0771
2191,2024-06-27,-0.43261877,0.021753034,88950.36,1192.5736,99444.63,192.57365,4.0352516,8.21727e-05,1.7848419e-05,6.432428e-05,0.00019153411,16685.52,0.15783527,234.35785,0.028911091,1662.5842
2192,2024-06-28,-0.5506804,0.16066946,80521.83,2072.2861,89706.13,1142.3157,10.295103,8.101713e-05,1.8675619e-05,6.230954e-05,0.00019847881,14417.022,0.15594119,234.38184,0.0272898,1706.064
2193,2024-06-29,-0.76832676,0.34903952,89359.97,1141.0172,98728.375,257.17416,15.28178,7.691511e-05,1.2652497e-05,6.3862695e-05,0.00020695859,16685.713,0.1532608,235.04674,0.03179259,1121.2532
2194,2024-06-30,-0.27787814,0.0,,,,,,8.4761414e-05,2.4293224e-05,6.0468177e-05,0.00016189208,14416.223,0.14543986,234.52557,0.029717093,1204.0642
2195,2024-07-01,-0.8476896,0.5250956,73520.17,2793.463,82594.375,1810.3796,8.408535,8.488044e-05,2.3384997e-05,5.82395e-05,0.00019085221,15545.629,0.14979401,235.74518,0.03136112,2640.5386
2196,2024-07-02,-0.8253125,0.9808315,54283.766,5127.435,61611.195,4127.4355,15.975197,6.908161e-05,,6.612587e-05,0.00018144985,17948.18,0.1525284,236.09622,0.028944664,1704.6182
2197,2024-07-03,-0.6875321,0.5921495,81321.266,1821.2424,91498.38,829.76514,9.92264,7.726937e-05,1.7463279e-05,6.3139036e-05,0.00019293465,16671.668,0.15135893,236.50519,0.02872685,1174.4154
2198,2024-07-04,-0.9363831,0.9883253,62762.625,3971.0625,71054.84,2971.0625,27.715061,9.049657e-05,,5.8461046e-05,0.00018113136,19216.402,0.14738491,237.28085,0.028020501,1594.782
2199,2024-07-05,-0.885681,0.36936313,86079.61,1368.1259,95470.195,480.45218,9.489928,8.602118e-05,1.6876817e-05,7.043172e-05,0.00017517617,22069.418,0.17432137,236.5738,0.023930103,875.9316
2200,2024-07-06,-0.45240486,0.3764226,80531.54,1987.3635,90424.914,1012.7533,8.374439,8.4893036e-05,2.096003e-05,6.5881504e-05,0.00020665178,16681.605,0.1591005,235.29778,0.030663636,966.8633
2201,2024-07-07,-0.96183264,0.5026097,62972.137,4172.6626,71200.03,3172.6714,12.539891,7.709933e-05,1.5685313e-05,5.9562888e-05,0.00017820385,16680.3,0.14556445,235.6308,0.026531627,2551.382
2202,2024-07-08,-0.89464784,0.13070913,58634.13,4689.238,66373.266,3690.7488,8.584916,8.1666716e-05,1.768681e-05,6.4984866e-05,0.00019467191,19242.742,0.15058848,235.04126,0.030611288,1449.8484
2203,2024-07-09,-0.61155915,0.19037867,77948.97,2381.529,87305.69,1419.0159,7.7368927,7.597459e-05,1.374231e-05,6.2686755e-05,0.00019128944,19254.4,0.14312461,235.06323,0.028657459,1680.3516
2204,2024-07-10,-0.47161734,0.0,,,,,,7.9553116e-05,1.5116218e-05,6.443689e-05,0.00015520338,16694.322,0.1435272,234.96338,0.031467162,1457.4022
2205,2024-07-11,-0.48505086,0.1725328,86815.58,1473.5408,94041.48,715.8646,5.2296944,8.457508e-05,2.3533627e-05,6.104144e-05,0.00021077727,14417.75,0.14107046,233.13995,0.031943217,1974.9093
2206,2024-07-12,-0.5895781,0.17961371,80053.164,2233.7468,88269.68,1366.4685,5.4569244,8.6697706e-05,2.5213194e-05,6.1033614e-05,0.00020432861,16683.754,0.14900026,235.1271,0.030661758,2275.4946
2207,2024-07-13,-0.90282154,0.77515984,49093.03,6612.284,55168.07,5658.4307,16.411572,9.307613e-05,3.861788e-05,5.331524e-05,0.00017157596,14413.285,0.13833235,236.14862,0.032517005,5807.129
2208,2024-07-14,-0.718713,0.77032554,43518.13,6977.0166,49564.67,5977.0156,13.058522,0.00011420359,4.12307e-05,5.8520745e-05,0.00018388612,16683.348,0.13730434,235.59201,0.031249616,2391.4424
2209,2024-07-15,-0.3284651,0.6922194,75896.16,2530.1333,85406.86,1535.189,25.692223,7.6757744e-05,,5.821369e-05,0.00019727874,16685.719,0.14758289,235.42538,0.037368797,2063.1462
2210,2024-07-16,-0.25963694,0.0,,,,,,8.730576e-05,2.5008405e-05,6.229735e-05,0.00016820664,16685.268,0.1434319,235.00964,0.036005843,1578.3729
2211,2024-07-17,-0.629454,0.26634672,81394.22,2018.1489,89444.64,1186.8494,6.5481853,8.78569e-05,2.5565978e-05,6.1081984e-05,0.00020149763,16684.324,0.13884652,236.42604,,2107.5789
2212,2024-07-18,-0.85258955,0.5037104,84015.945,1694.5996,93483.67,772.76733,8.849948,7.8546815e-05,1.1752094e-05,6.434118e-05,0.00019694449,19242.682,0.15402909,235.94781,,1627.5364
2213,2024-07-19,-0.631065,0.22951141,91599.56,941.8021,99631.16,187.95468,9.499286,7.489969e-05,1.2744193e-05,6.4475156e-05,0.00019097474,19241.693,0.15179199,235.60094,,1001.4973
2214,2024-07-20,-0.56624067,0.6130162,88839.08,1162.8638,98143.57,286.58585,18.550488,7.2723386e-05,1.2522624e-05,6.2169165e-05,0.00019447302,20660.117,0.15691608,235.72629,,1396.9441
2215,2024-07-21,-1.0176822,0.49500588,76949.87,2381.006,86048.945,1440.0531,10.720164,7.6080374e-05,1.527277e-05,6.272344e-05,0.00015619631,19225.318,0.16177627,235.4196,,1712.5073
2216,2024-07-22,-0.48874766,0.37955838,79232.586,2163.9658,88490.5,1219.969,7.301871,8.397472e-05,1.7938733e-05,6.58318e-05,0.00021463635,19227.941,0.1607236,234.7551,,1692.1904
2217,2024-07-23,-1.0748417,0.65006137,54803.234,5288.257,62181.176,4288.257,11.015153,7.797062e-05,1.3018964e-05,6.093477e-05,0.0001804063,16681.416,0.14594303,235.9432,,2219.737
2218,2024-07-24,-0.73877716,0.8863354,64711.594,3989.3438,72899.414,3005.8088,13.253978,7.052442e-05,,6.0400627e-05,0.00017635708,16680.008,0.14802223,234.83922,,2813.3674
2219,2024-07-25,-0.32034373,0.81922245,42684.92,7336.4185,48694.32,6337.508,51.499077,9.251897e-05,,5.8246245e-05,0.00018443022,16677.54,0.15031503,235.88437,,1802.4054
2220,2024-07-26,-0.7338914,0.9952293,60428.863,4326.7915,68344.52,3326.7915,19.343927,6.555715e-05,,5.9751965e-05,0.00013913577,16680.191,0.15678267,235.40123,,2234.6875
2221,2024-07-27,-0.56810844,0.4072702,81999.87,1900.7758,91236.875,982.1687,6.7327876,7.451858e-05,1.3219894e-05,6.224057e-05,0.00019696433,16684.598,0.1527932,234.88947,,1732.9465
2222,2024-07-28,-0.45260438,1.0,68678.766,3296.033,77434.73,2296.0332,95.418045,0.00010004154,,5.5360564e-05,0.00017397992,16677.074,0.15238096,236.13394,,2753.6543
2223,2024-07-29,-0.64950204,1.0,57653.117,4626.57,65301.395,3626.5693,52.694553,0.000114081005,,5.4562843e-05,0.00016804515,19205.229,0.16362631,236.22336,,2809.598
2224,2024-07-30,,,,,,,,,,,,,,,,
2225,2024-07-31,-0.30023706,0.1453209,85189.66,1502.7075,94594.48,603.8903,9.152519,7.123705e-05,6.9212238e-06,6.0735187e-05,0.00019289629,19227.273,0.15704224,235.24341,,1054.2147
2226,2024-08-01,-1.0561893,0.30127242,83915.516,1612.7438,92978.0,730.2032,7.107421,7.4191805e-05,1.43049265e-05,5.9507704e-05,0.00015596981,19219.045,0.16257167,235.1018,,1199.1483
2227,2024-08-02,-0.41787964,0.43404043,83710.516,1627.7522,93515.016,679.7167,7.5019894,7.2199065e-05,1.1254774e-05,5.778143e-05,0.0001851721,16676.117,0.15546471,234.68765,,1125.6304
2228,2024-08-03,-0.40997317,0.33621123,79770.67,2031.6382,89284.766,1075.8682,6.047084,7.361345e-05,1.5825286e-05,5.7015484e-05,0.00018157726,16674.398,0.15912014,235.36365,,1278.1426
2229,2024-08-04,-0.54039186,0.26203194,84895.445,1516.9036,94493.34,589.09985,6.037733,6.989541e-05,9.950625e-06,5.9698123e-05,0.00018006883,16676.818,0.14960721,236.00516,,1200.1665
2230,2024-08-05,-0.5354961,0.99705255,58282.492,4641.8687,66154.88,3641.8684,23.772812,7.090601e-05,,5.753682e-05,0.00017693675,19220.5,0.1575928,235.18689,,1568.2844
2231,2024-08-06,-0.8631627,0.11045205,76036.41,2493.7725,85710.08,1497.3778,5.3298025,7.686362e-05,1.9838562e-05,5.728682e-05,0.00015743704,19226.295,0.15975852,234.90166,,1366.9935
2232,2024-08-07,-0.68725646,0.60735536,75754.67,2518.0933,84812.625,1567.6625,8.025146,7.9288504e-05,2.1367166e-05,5.3240372e-05,0.00018948987,17952.602,0.14645985,234.69493,,1398.0906
2233,2024-08-08,-0.7808268,0.3415358,53024.99,5734.1934,59934.85,4757.6787,4.889148,8.518293e-05,2.2344073e-05,5.7975674e-05,0.00018847466,16682.14,0.14660977,235.1878,,1986.4087
2234,2024-08-09,-1.0630867,0.53171575,71508.984,3044.5942,80096.47,2097.6787,7.161414,7.3091884e-05,1.5979002e-05,5.891466e-05,0.00018028612,19230.232,0.15157294,234.33936,,1925.4382
2235,2024-08-10,-0.823313,0.6298592,62405.47,4142.366,70541.94,3152.7268,8.030687,7.691659e-05,1.485832e-05,5.4801738e-05,0.00017409271,16680.697,0.14005929,234.63322,,1609.8024
2236,2024-08-11,-0.65053993,0.06618236,78271.21,2227.6013,87400.1,1299.2726,15.137084,7.666647e-05,1.8735607e-05,5.8417587e-05,0.00015783624,19226.256,0.16255178,234.05737,,1129.3215
2237,2024-08-12,-0.5629274,0.466322,80217.45,2011.1332,89712.61,1065.6433,11.124267,7.413234e-05,1.8403964e-05,5.649578e-05,0.00019199672,19224.729,0.15297428,232.98763,,1120.1555
2238,2024-08-13,-0.77088046,0.57670236,81020.53,1957.9299,90530.56,1020.577,8.55707,7.550682e-05,1.7220606e-05,5.8312136e-05,0.00019382345,19233.531,0.15924045,234.79666,,1136.7537
2239,2024-08-14,-0.6644318,0.26827884,88449.79,1257.3608,97366.984,413.95367,7.1059017,7.648713e-05,1.7391993e-05,5.749274e-05,0.00018816291,16689.871,0.14509374,235.71217,,1342.8601
2240,2024-08-15,-0.28661984,0.09979331,85108.64,1601.0095,94624.8,681.446,5.6155815,7.8610086e-05,2.2199223e-05,5.6432742e-05,0.00019584165,14419.34,0.13697614,234.55711,,1074.618
2241,2024-08-16,-0.5157582,0.11280676,67261.07,3577.213,75686.39,2602.1963,6.391858,6.989312e-05,1.6336551e-05,5.399604e-05,0.00018183858,14417.018,0.1292971,234.53552,,2197.2856
2242,2024-08-17,-1.2593775,0.11479273,78670.15,2252.1616,87935.23,1292.4866,5.9036665,7.2213625e-05,2.1621681e-05,5.1166415e-05,0.00015212898,14415.223,0.12823957,234.37047,,2141.0625
2243,2024-08-18,-0.64943266,0.26359504,75246.06,2602.8735,84196.84,1650.8942,4.6602926,7.62448e-05,2.2313096e-05,5.3503536e-05,0.0001893743,16679.44,0.13181698,235.21469,,2033.5656
2244,2024-08-19,-0.99862397,0.56516147,72454.96,2980.9438,80273.97,2101.7593,7.113797,9.031451e-05,3.5742985e-05,5.2467327e-05,0.00020046833,14414.285,0.1329249,236.07143,,2482.1924
2245,2024-08-20,-0.13976242,0.9959359,90519.6,1023.98834,99256.42,198.53978,21.503231,7.011679e-05,,5.2376367e-05,0.00018914328,14417.376,0.13787293,234.33836,,1841.4333
2246,2024-08-21,-0.2886909,0.9997723,89722.2,1047.0669,98693.18,198.2028,28.644657,7.630587e-05,,4.879758e-05,0.00019457567,14413.625,0.13660736,235.13263,,2214.6897
2247,2024-08-22,-1.2204823,0.7518442,55717.88,4979.074,63299.5,3980.0408,10.449109,7.53105e-05,2.696017e-05,5.665542e-05,0.00015236363,16679.102,0.14721183,235.02173,,1142.6522
2248,2024-08-23,-0.8461932,0.57430214,64521.094,3873.1646,72745.64,2882.6948,7.5558114,7.8894525e-05,2.4245433e-05,5.128218e-05,0.00017985253,16683.408,0.1323866,232.47545,,1930.2612
2249,2024-08-24,-0.39695546,0.045776803,91173.48,984.5213,99331.81,206.92001,4.9351745,7.887049e-05,2.5878398e-05,5.29921e-05,0.0001847019,13051.493,0.1254242,233.89072,,1914.5713
2250,2024-08-25,-0.35570645,0.028171683,44816.477,6909.329,51025.996,5909.329,7.4406447,7.365309e-05,2.3356686e-05,5.029641e-05,0.00017828247,14417.102,0.12574379,232.99632,,1579.024
2251,2024-08-26,-0.67230105,0.36765134,87962.16,1322.2205,97307.445,436.78406,8.756314,6.9473455e-05,1.9727653e-05,4.989968e-05,0.00018135962,14420.406,0.12641865,233.07239,,1717.1206
2252,2024-08-27,-1.235134,0.19678183,89878.49,1160.2339,98430.71,350.82202,11.289987,6.8881796e-05,1.6493514e-05,5.242404e-05,0.00015236886,16693.76,0.1277542,232.9815,,1925.233
2253,2024-08-28,-0.2837735,0.0,,,,,,7.6085904e-05,2.2857581e-05,5.3228323e-05,0.0001996377,14422.867,0.13238782,231.50525,,1122.372
2254,2024-08-29,-0.5006715,0.20308499,84407.33,1720.9166,93193.64,845.8736,4.8534894,7.245276e-05,1.7734477e-05,5.424786e-05,0.00018559096,16693.434,0.13093686,232.53882,,1535.1151
2255,2024-08-30,-0.61987144,0.1826934,79518.55,2269.7383,87876.42,1395.3228,7.4337873,7.6310986e-05,2.32432e-05,5.2879346e-05,0.00018516625,16691.902,0.1299949,232.75058,,2074.0503
2256,2024-08-31,-0.6659914,0.8845267,54881.78,5266.925,62277.75,4266.925,9.494558,7.5193544e-05,,4.8965165e-05,0.00016135906,16689.473,0.12630087,232.03336,,2340.4043
2257,2024-09-01,-0.4666043,0.16070479,62574.945,4369.996,70760.64,3376.1372,7.739119,5.73489e-05,8.228699e-06,4.9158236e-05,0.00016537786,19254.09,0.1282048,232.16562,,1170.5515
2258,2024-09-02,-1.3177224,0.10289554,74305.04,2731.6638,83733.29,1744.4401,8.173567,7.053318e-05,2.2832253e-05,4.806778e-05,0.0001487864,19243.758,0.13100615,231.58,,1835.6608
2259,2024-09-03,-0.46446323,0.11905044,85941.9,1592.1586,91815.016,990.24774,4.7158084,7.6187e-05,2.6936741e-05,4.925025e-05,0.0001851141,16693.445,0.12689881,232.1484,,1774.5894
2260,2024-09-04,-0.22177768,0.03436656,91444.13,1019.4394,99885.89,217.86745,5.136476,6.919203e-05,2.1835744e-05,4.7356283e-05,0.00017175893,16695.258,0.12662432,232.38388,,1313.1528
2261,2024-09-05,-0.350613,0.0,,,,,,7.351703e-05,2.748317e-05,4.6033867e-05,0.00017862626,16696.48,0.12449236,231.58653,,1258.6465
2262,2024-09-06,-0.33282694,0.020652246,91888.53,994.94214,99652.04,262.33786,6.6286273,6.784061e-05,2.1823558e-05,4.601704e-05,0.00017649116,16697.172,0.12714335,231.6276,,1295.1772
2263,2024-09-07,2.2396243,0.15013072,88291.34,1336.8124,97037.32,504.2181,5.6458464,6.6031775e-05,1.7790826e-05,4.8659585e-05,0.0001514915,16696.615,0.13071045,232.46672,,1106.5625
2264,2024-09-08,0.49774992,0.015364406,92285.05,932.4815,97348.234,454.10736,3.9566264,7.60641e-05,2.5590278e-05,5.053735e-05,0.00019870706,16692.305,0.13021949,231.21086,,706.67285
2265,2024-09-09,-0.23376533,0.05512445,86183.06,1453.3328,94528.945,638.82324,4.835086,6.734232e-05,1.7242939e-05,5.0099377e-05,0.0001758704,14416.174,0.13000074,232.29669,,871.4444
2266,2024-09-10,-0.46815252,0.60331434,31530.75,9204.059,36300.633,8204.059,6.028923,5.67828e-05,1.4465661e-05,5.0278897e-05,0.00015695173,14412.526,0.12688196,231.1932,,
2267,2024-09-11,-0.59584886,0.48049572,91570.33,845.39465,98837.74,160.40773,7.9225826,8.529139e-05,4.1259424e-05,4.5692817e-05,0.00019339172,16674.525,0.13201883,232.17453,,1343.28
2268,2024-09-12,-1.1394694,0.97682226,72089.086,2886.9387,81388.055,1886.9456,27.247822,7.8634104e-05,,4.4713455e-05,0.00013801202,16677.86,0.13230972,231.58435,,1927.6788
2269,2024-09-13,-0.70049036,0.94890225,70934.19,3053.9116,79875.08,2065.3752,14.690157,8.131571e-05,,4.813744e-05,0.0001987495,16677.402,0.12942135,230.48312,,2212.2732
2270,2024-09-14,-0.3790684,0.68347716,79093.305,2170.774,88306.75,1235.0966,8.880327,6.758676e-05,1.9004772e-05,4.8639522e-05,0.00017495366,16680.562,0.12827629,230.0996,,1790.8956
2271,2024-09-15,-0.52275115,0.6428675,62744.97,4158.631,70885.72,3170.1003,10.09197,5.544809e-05,1.4240559e-05,4.5743716e-05,0.0001520506,16684.848,0.12239984,229.14719,,1696.5116
2272,2024-09-16,-0.1492035,0.02758628,61461.727,4225.9805,69603.76,3225.981,4.793919,6.7099376e-05,2.2860084e-05,4.4239296e-05,0.00016779907,16691.664,0.1238209,228.56805,,1115.655
2273,2024-09-17,0.047554314,0.07157043,95022.79,724.1188,100989.0,158.12424,3.9674854,6.253578e-05,1.7153761e-05,4.5382018e-05,0.00017579494,16699.86,0.1272377,230.32617,,1208.7172
2274,2024-09-18,-0.86371064,0.05753277,78275.33,2381.1294,88159.72,1381.1293,7.3601956,6.244759e-05,1.5447176e-05,4.596297e-05,0.0001456372,16701.182,0.13485906,229.20947,,1136.8741
2275,2024-09-19,-0.41221884,0.0,,,,,,6.4175736e-05,1.8574308e-05,4.5601424e-05,0.00017369076,14425.311,0.13165966,229.15317,,1093.584
2276,2024-09-20,-0.3746689,0.044897825,90161.24,1162.1959,99346.96,312.8978,5.3814096,6.7072666e-05,2.3451375e-05,4.3621287e-05,0.00016747227,13055.493,0.12516446,229.30319,,1228.6057
2277,2024-09-21,-0.26588503,0.0,,,,,,6.4201646e-05,2.2426004e-05,4.177564e-05,0.0001610621,13054.209,0.12509726,228.48071,,923.9618
2278,2024-09-22,-0.36728957,0.33184925,92811.39,861.92114,100201.945,175.4493,9.47607,5.8889396e-05,1.3415373e-05,4.027185e-05,0.00015640355,14420.662,0.12769979,228.59715,,1057.9111
2279,2024-09-23,-0.80161,0.0214611,40997.695,7243.948,47006.43,6243.948,9.711974,6.4611115e-05,2.1660897e-05,4.2950214e-05,0.00014660342,16685.129,0.13346359,227.67384,,1830.2133
2280,2024-09-24,0.35097435,0.28966498,81144.63,1997.2102,89013.93,1183.5331,6.0946326,7.1850096e-05,2.749483e-05,4.4355274e-05,0.00021932845,14414.81,0.13024321,227.70323,,1261.9299
2281,2024-09-25,-0.2710004,0.28790203,89508.31,1072.0024,97234.53,341.11383,6.7289004,8.177227e-05,3.8748192e-05,4.4208362e-05,0.00020270448,17955.08,0.13495353,229.26382,,1159.8734
2282,2024-09-26,-0.4510372,0.56388676,38840.164,7600.6475,44506.414,6600.6475,8.030214,7.75513e-05,3.113468e-05,4.338357e-05,0.00016870364,17936.605,0.13863313,227.72948,,
2283,2024-09-27,-0.46705812,0.8598381,84712.07,1449.5598,94634.45,486.54974,15.108032,8.2764e-05,3.2315373e-05,4.0668536e-05,0.00017727364,16664.73,0.13400665,227.88501,,1227.9011
2284,2024-09-28,-1.1654714,0.5247346,58040.61,4772.8623,65824.89,3779.9224,10.138248,9.469558e-05,5.2592808e-05,4.0782037e-05,0.00015745228,16672.658,0.13747656,228.6037,,1242.9883
2285,2024-09-29,-0.08484799,0.49878514,51380.074,5602.7354,58688.2,4603.124,10.030956,6.9423324e-05,2.8901732e-05,4.4870307e-05,0.00019154623,16689.234,0.14072952,227.76173,,710.23047
2286,2024-09-30,-0.28110188,0.35706925,48085.938,6124.8135,54874.53,5125.9697,8.507104,5.8620302e-05,1.3037374e-05,4.7192123e-05,0.0001789809,16697.613,0.1430001,228.91573,,673.93896
2287,2024-10-01,-0.1597813,1.0,59828.82,4348.362,68033.57,3348.362,46.568184,0.00012128991,,4.1773448e-05,0.00017419152,16686.865,0.14304961,228.87946,,1281.1306
2288,2024-10-02,-0.06535974,0.9870269,90330.32,974.3843,99381.234,162.57114,26.312815,6.756902e-05,,3.9870916e-05,0.00017408343,16681.277,0.1392972,227.94441,,618.1856
2289,2024-10-03,-0.5258464,0.9991909,49390.867,5810.51,56268.848,4810.663,52.29514,9.3088165e-05,,3.5653582e-05,0.00015777504,19232.105,0.13488644,228.0655,,
2290,2024-10-04,-1.3471949,0.99769694,91471.85,890.5412,99481.68,165.73645,24.052393,6.1881554e-05,,3.282074e-05,0.00014342484,16682.818,0.1294063,227.42204,,827.26013
2291,2024-10-05,-0.287575,0.68000513,88245.14,1217.3318,98198.625,321.61536,9.123491,6.189452e-05,2.3877696e-05,3.6672347e-05,0.00016915987,16687.52,0.13324064,226.85406,,732.64905
2292,2024-10-06,-0.4040246,0.9892752,67100.42,3420.2524,75794.06,2426.0806,17.064274,6.669839e-05,,3.733424e-05,0.0001628419,16681.375,0.13160084,227.0707,,1134.3867
2293,2024-10-07,-0.32949758,0.9977243,76929.85,2274.9412,86879.51,1274.9409,13.555783,6.962565e-05,,4.079564e-05,0.00017950559,19222.316,0.12926579,228.05367,,1021.44165
2294,2024-10-08,-0.01029855,0.043466,40706.156,7278.168,46503.703,6278.168,6.484376,7.575215e-05,3.5032994e-05,4.0719155e-05,0.00018956244,16681.195,0.12294583,226.62035,,974.17664
2295,2024-10-09,-0.8212992,0.04157629,34480.645,8492.493,39628.727,7492.492,11.769026,6.914711e-05,3.1167285e-05,3.7994738e-05,0.00014714853,14410.6045,0.12061189,226.0268,,3157.436
2296,2024-10-10,-0.35942277,0.565706,56569.938,4919.332,64082.938,3919.332,11.501438,8.305488e-05,4.9913062e-05,3.452183e-05,0.0001752612,14407.618,0.12078753,225.25887,,2041.1945
2297,2024-10-11,-0.54342747,1.0,56415.535,4763.126,64149.516,3763.126,73.797775,0.00014333171,,3.5182627e-05,0.00019264538,16671.232,0.12724711,226.04968,,1435.7534
2298,2024-10-12,0.05483021,0.18406749,90063.5,1077.6257,98602.8,301.97662,6.3155136,6.08326e-05,2.2661005e-05,3.7911508e-05,0.00017774083,16689.85,0.13773084,225.52036,,552.71875
2299,2024-10-13,0.03368801,0.44457912,43040.875,6772.306,49251.586,5773.175,8.995512,5.8723675e-05,2.0524083e-05,3.9352904e-05,0.00016289594,17957.852,0.13508269,224.85869,,811.94324
2300,2024-10-14,-1.258943,0.9946893,85967.91,1328.2789,96147.76,393.00778,29.350008,8.662362e-05,,3.237221e-05,0.0001532487,19214.842,0.14219348,225.81047,,933.32043
2301,2024-10-15,-0.29888925,0.7925075,79609.58,2066.1294,89496.91,1112.0919,11.52388,6.5976375e-05,1.8739134e-05,3.9472267e-05,0.00019021134,22101.176,0.13729176,224.91876,,687.3917
2302,2024-10-16,-0.13405243,0.016405594,92778.64,882.45197,100451.57,218.66447,6.8424287,7.221976e-05,3.3505803e-05,3.8548835e-05,0.00018124844,19268.176,0.14022583,225.44012,,442.46268
2303,2024-10-17,-0.07940835,0.0,,,,,,6.031192e-05,2.3695055e-05,3.661687e-05,0.0001686289,15559.343,0.12884659,224.67056,,562.5644
2304,2024-10-18,-0.091882996,0.0,,,,,,6.2549916e-05,2.9398954e-05,3.3150965e-05,0.000161982,14424.794,0.121407196,222.7821,,684.776
2305,2024-10-19,-0.05926367,0.044261597,82798.13,1831.6326,93639.6,831.63257,4.5336294,6.572813e-05,3.5193523e-05,3.0534604e-05,0.0001632447,14425.719,0.11846435,223.07507,,662.908
2306,2024-10-20,-0.42284063,0.0,,,,,,5.7259433e-05,2.4969751e-05,3.2289685e-05,0.00014560876,14425.875,0.11766311,222.5783,,621.2013
2307,2024-10-21,-0.067429096,0.43681943,31399.807,9475.83,36149.875,8475.83,12.573193,7.7216406e-05,4.5946348e-05,3.1767595e-05,0.00015950995,13054.666,0.11250442,221.01003,,
2308,2024-10-22,-0.3577321,0.93264604,58717.766,4635.504,66499.29,3635.5034,18.486979,9.22006e-05,,2.7370852e-05,0.00014627022,13053.564,0.11261296,221.34735,,2027.7488
2309,2024-10-23,-0.04992652,0.4250488,88539.43,1259.7631,99239.05,298.86694,9.57514,6.908311e-05,4.031918e-05,2.7428287e-05,0.0001650846,16696.863,0.12203272,221.55952,,455.65445
2310,2024-10-24,-0.16100693,0.99999845,91187.79,1035.0167,100538.2,203.3858,30.127651,6.955971e-05,,2.7080077e-05,0.00014372863,16700.023,0.13185668,221.78543,,975.92456
2311,2024-10-25,-1.2340856,0.98769,93227.24,836.91205,100814.26,163.0002,27.117996,6.347371e-05,,2.9010314e-05,0.00014739209,14423.258,0.12004992,222.208,,405.6928
2312,2024-10-26,-0.51538426,0.9163958,79366.875,2204.2786,88742.2,1263.6987,15.038727,6.826515e-05,3.5294335e-05,3.0999705e-05,0.0001901857,16692.832,0.12150872,220.09476,,1292.4045
2313,2024-10-27,-0.125014,0.99183667,90351.19,1033.4989,100068.39,164.66872,20.787712,7.513177e-05,,2.5701636e-05,0.00016562532,16690.135,0.11612558,220.30345,,742.6071
2314,2024-10-28,0.14542927,0.27373156,68499.47,3368.6182,77620.59,2371.4192,9.598832,6.074231e-05,3.3952143e-05,2.402929e-05,0.00014122235,14419.624,0.11796872,219.38312,,490.03632
2315,2024-10-29,-0.16875535,0.9946463,83332.44,1713.5103,94034.84,721.0796,47.14717,6.718492e-05,,2.272306e-05,0.00013496124,16691.453,0.12935787,219.4662,,384.59103
2316,2024-10-30,-0.6399351,0.9933635,76697.57,2421.6472,85896.3,1475.75,91.28214,0.00013357366,,2.5827196e-05,0.00014853089,16680.576,0.1315583,220.81676,,1330.3353
2317,2024-10-31,-0.20461085,0.5950693,48791.902,5923.1753,55623.92,4923.1753,16.717201,7.182166e-05,3.869964e-05,2.35343e-05,0.00011469187,14417.404,0.13516977,220.30608,,1348.5505
2318,2024-11-01,-0.028696597,0.9930775,68974.02,3212.3494,78030.55,2212.3496,92.39897,7.2097726e-05,,2.6589869e-05,0.00012983232,13047.169,0.12436551,222.95975,,1136.9346
2319,2024-11-02,0.17398505,0.5435296,78546.16,2076.606,89283.516,1076.606,14.084845,3.598141e-05,5.5266855e-06,3.279178e-05,0.00015339529,20665.04,0.14953384,223.68336,,380.59216
2320,2024-11-03,-0.23081955,0.9999914,58674.996,4480.3223,66769.49,3480.322,55.92538,,,,,,0.1404468,221.37202,,501.496
2321,2024-11-04,0.28008235,0.21771878,81242.125,1934.724,91871.83,934.72406,10.688097,5.1693773e-05,2.6900521e-05,2.7967642e-05,0.00015522537,16693.932,0.1223045,220.31854,,387.24896
2322,2024-11-05,-0.7165249,0.5433344,82042.47,1886.8096,92390.04,914.4898,27.052208,5.5023287e-05,1.1929015e-05,2.8148994e-05,0.00013770029,16695.197,0.113499,220.10706,,832.05237
2323,2024-11-06,-0.377985,1.0,90062.8,1123.1422,100738.19,184.6807,55.61056,4.5524175e-05,,2.6460131e-05,0.00014935702,16699.248,0.11167273,218.37999,,847.14417
2324,2024-11-07,-0.62217885,0.95858157,75805.72,2678.7285,84617.63,1761.3787,58.797916,5.7611236e-05,,2.5369149e-05,0.00015517433,16700.89,0.119984776,218.98914,,762.75525
2325,2024-11-08,-0.07445797,1.0,94909.67,752.1676,101616.99,159.10233,23.976337,3.9556537e-05,,2.4152872e-05,0.00013238974,14427.497,0.117828116,217.07405,,649.20184
2326,2024-11-09,-0.042381346,1.0,94541.16,777.51184,101780.89,147.37856,57.04871,4.854166e-05,,2.4043897e-05,0.00014329885,13056.9,0.11441854,216.81747,,813.98035
2327,2024-11-10,-1.1054993,0.9999804,92086.69,970.77673,100707.37,217.1452,61.818565,6.571624e-05,,2.3062328e-05,0.00013941739,14425.877,0.11425068,217.00133,,787.4248
2328,2024-11-11,-0.31584203,1.0,94453.58,741.928,101141.5,152.82118,24.147945,6.1924955e-05,,2.3567603e-05,0.00016612053,14424.551,0.12791142,215.51851,,874.6093
2329,2024-11-12,-0.33246258,1.0,93396.16,833.3712,101152.945,163.5893,54.98467,7.566322e-05,,1.9900152e-05,0.00016004227,14425.631,0.11894192,215.22945,,788.0867
2330,2024-11-13,-0.18286669,1.0,90274.08,1069.2317,100755.984,164.61996,35.32629,4.2652515e-05,,1.9257008e-05,0.00013060491,16697.785,0.13283549,213.69931,,640.08154
2331,2024-11-14,-0.10220519,0.9970128,55900.562,4781.336,63836.234,3782.0894,49.80932,,,,,,0.11855939,214.23639,,454.0958
2332,2024-11-15,-0.61241776,0.006883942,64322.55,3720.369,72729.34,2720.3691,32.965427,3.4090066e-05,1.5439437e-05,2.0381009e-05,0.00010935744,16683.24,0.12507612,214.29645,,830.9634
2333,2024-11-16,-0.2737388,0.9953748,84508.19,1515.5911,94372.53,592.30194,38.934143,6.330603e-05,,1.8555043e-05,0.00015496,15545.039,0.11945232,213.1862,,1162.345
2334,2024-11-17,-0.457768,0.98013246,63541.02,3678.1426,72288.945,2678.1426,101.084526,0.00020525897,,1.80449e-05,0.00018197979,16662.09,0.12836136,216.48222,,1044.6686
2335,2024-11-18,-0.17858493,0.9517013,76706.266,2137.3118,87078.98,1137.3118,34.038776,5.48721e-05,,2.4115467e-05,0.00015667264,24095.691,0.15096846,219.28534,,525.3805
2336,2024-11-19,0.17251444,0.79715145,74234.5,2441.3352,84403.0,1441.3352,26.259315,6.869035e-05,4.0158662e-05,2.3886114e-05,0.0001612741,20595.7,0.16096371,219.09431,,231.12701
2337,2024-11-20,-0.39367664,0.9985986,40441.996,6859.5884,46500.926,5861.1133,58.94254,,,,,,0.15166031,219.97284,,
2338,2024-11-21,-0.886251,0.80034435,83228.2,1430.644,94072.94,446.91302,36.128666,6.304871e-05,,2.7769587e-05,0.00018962343,22000.736,0.16685466,219.27824,,298.0817
2339,2024-11-22,-0.238431,0.8707279,58500.98,4161.2036,67066.75,3161.2034,56.001328,0.00012769256,,2.3353663e-05,0.00021084743,22027.465,0.14029521,218.43109,,676.98883
2340,2024-11-23,0.044729628,0.6114603,87375.2,1161.6486,97560.016,268.86063,39.112946,6.409866e-05,2.225695e-05,2.695099e-05,0.00021758748,23096.39,0.15689658,217.43796,,392.74164
2341,2024-11-24,0.29718035,0.67303675,90537.31,1012.5703,100243.53,175.55045,27.811993,6.578737e-05,6.440616e-05,2.0387284e-05,0.00018884585,14420.818,0.1404399,215.40141,,447.28638
2342,2024-11-25,0.64654815,0.25417763,44795.17,6662.4414,51381.914,5662.4404,18.76628,8.5952066e-05,6.56824e-05,1.6027323e-05,0.00014420468,13053.024,0.11973219,214.88254,,
2343,2024-11-26,-0.04213405,0.0,,,,,,9.3071925e-05,7.385936e-05,1.8758563e-05,0.00017834899,14416.669,0.11686089,216.88635,,1005.2869
2344,2024-11-27,0.0029199794,0.92545104,83708.08,1665.9316,93522.08,760.0314,96.21973,5.9590853e-05,,2.3108676e-05,0.0002097949,20682.322,0.12924069,217.4159,,526.90875
2345,2024-11-28,-0.4034387,0.9810824,48761.824,5753.093,55928.492,4753.093,73.13069,,,,,,0.13610977,218.66382,,
2346,2024-11-29,-0.20621644,0.9985678,90820.24,1008.1328,100421.88,177.05182,35.3673,6.350447e-05,,1.9893207e-05,0.00018939521,16694.82,0.1304206,217.09018,,615.5825
2347,2024-11-30,-0.05891329,0.9346858,76109.06,2539.7144,86065.43,1546.7832,63.88227,9.041571e-05,7.190351e-05,2.0119649e-05,0.00016034293,14426.338,0.13554654,215.74812,,1113.6965
2348,2024-12-01,-0.17025203,0.38126317,46227.73,6374.5386,52930.44,5374.5386,147.99693,5.756042e-05,2.782882e-05,1.916961e-05,0.00013918379,14424.3955,0.13413543,215.46892,,
2349,2024-12-02,0.022230566,0.5451557,89826.19,1085.671,99065.13,259.10312,44.857456,6.312394e-05,4.3499764e-05,1.9613639e-05,0.00017417791,16688.465,0.13584623,215.59346,,641.02673
2350,2024-12-03,,,,,,,,,,,,,,,,
2351,2024-12-04,0.21767446,0.98505425,80102.73,2008.4504,90828.984,1008.45044,97.033264,,,,,,0.14377534,220.3411,,750.66724
2352,2024-12-05,-0.4600572,0.9622704,74668.64,2603.0903,84656.22,1603.0901,36.92856,9.73251e-05,,2.2130987e-05,0.00018778614,19263.758,0.15491381,219.31892,,539.6675
2353,2024-12-06,-0.4248445,0.9944916,86315.266,1368.4348,97631.86,384.17627,77.761116,5.6773606e-05,,2.0682595e-05,0.00017586422,22113.92,0.14736247,218.47342,,315.3071
2354,2024-12-07,-1.296627,0.85351795,82307.46,1728.4469,93316.99,730.40857,48.251938,5.8630943e-05,,2.0415735e-05,0.00015115799,22100.06,0.14591965,216.49188,,575.4198
2355,2024-12-08,-0.40478182,0.9764013,61813.688,4063.3774,70285.234,3063.3774,134.64668,,,,,,0.12757532,214.00113,,902.5376
2356,2024-12-09,-0.18190283,0.98895395,91350.22,982.04285,100817.484,168.23843,41.02074,6.190791e-05,,1.6385298e-05,0.00016046941,19262.418,0.12345849,212.28345,,736.61206
2357,2024-12-10,0.099274755,0.8227899,72849.6,2917.981,82469.51,1918.0193,79.61311,5.785052e-05,5.771562e-05,1.4550026e-05,0.00012709759,16700.54,0.11749621,210.66402,,333.26965
2358,2024-12-11,-0.7378229,0.7536094,70851.28,3038.4004,80311.25,2043.2651,43.29306,7.203072e-05,,1.4483128e-05,0.0001354852,14420.65,0.11437069,211.40953,,730.0713
2359,2024-12-12,-1.2718046,0.6895072,79694.875,2000.7755,90713.086,1000.77576,58.66034,2.9960713e-05,,1.6455728e-05,0.0001133829,16692.33,0.13298215,212.18265,,154.65205
2360,2024-12-13,0.04424742,0.0,,,,,,5.8887243e-05,4.1966996e-05,1.6920243e-05,0.00014613278,14425.642,0.12999767,209.62566,,300.54852
2361,2024-12-14,0.14405218,0.36328515,65621.65,3605.086,74573.305,2605.086,76.570595,5.9131933e-05,3.804921e-05,1.8204908e-05,0.00016112666,14414.609,0.12532407,211.09958,,570.8321
2362,2024-12-15,-0.3295665,0.8289512,67392.27,3114.2725,76952.22,2114.2727,73.13869,1.3576515e-05,,1.7274964e-05,0.00010849428,14403.7,0.13939089,212.68462,,434.4332
2363,2024-12-16,0.027355373,0.6790136,62412.6,3764.5188,70711.39,2785.4517,96.41072,3.8776678e-05,1.4543826e-05,1.8901452e-05,0.0001477217,16657.984,0.14627278,213.29454,,727.05133
2364,2024-12-17,0.045564704,0.0,,,,,,2.7494878e-05,4.4965223e-06,2.2998354e-05,0.0001379538,19206.312,0.1490094,215.49272,,470.56168
2365,2024-12-18,-0.10952127,0.40539902,42036.65,7012.6084,48187.9,6012.608,189.4707,5.28664e-05,3.5716283e-05,1.6492584e-05,0.000121433724,14416.934,0.13236871,213.08911,,691.5199
2366,2024-12-19,-0.3529513,0.76670223,35458.02,8022.0537,40908.086,7022.0527,169.13916,,,,,,0.13598676,213.43015,,
2367,2024-12-20,0.058188513,0.73920894,77151.45,2106.689,87473.234,1106.689,100.85608,6.162595e-05,4.3717813e-05,1.9281097e-05,0.00018749028,19194.39,0.14150691,214.68011,,490.23145
2368,2024-12-21,0.12093645,0.8567708,88639.484,1096.2263,98789.14,205.90211,81.164246,4.239979e-05,,1.7118673e-05,0.00014109173,22080.303,0.15036598,214.74997,,315.27637
2369,2024-12-22,-0.028133333,0.76612824,43432.18,6453.9717,50031.156,5453.9717,93.04344,,,,,,0.15400654,217.63,,
2370,2024-12-23,-1.3803347,0.78383446,67276.03,3250.9111,76635.22,2250.9111,83.03838,0.00012730005,,2.023826e-05,0.00018753471,19213.674,0.15279554,219.00375,,1135.512
2371,2024-12-24,-0.20828244,0.75429547,72537.17,2793.6636,82604.22,1793.6636,104.414246,8.278029e-05,7.649721e-05,1.9555548e-05,0.00017272613,19244.73,0.17277776,217.54543,,357.73718
2372,2024-12-25,0.31366694,0.40406805,64608.35,3976.8271,73566.445,2976.8267,155.84572,5.1527146e-05,2.8230548e-05,1.7701845e-05,0.00014798544,14426.317,0.14037602,216.88861,,527.81757
2373,2024-12-26,-0.05487272,0.83249855,92913.22,902.44794,101486.58,162.248,38.945686,8.7755456e-05,,1.4913328e-05,0.00015628408,14426.957,0.13534902,215.0272,,1051.4739
2374,2024-12-27,-0.0030027032,0.801197,85019.09,1668.9362,95011.164,743.74756,90.531494,7.049985e-05,,1.5610236e-05,0.00016108027,14426.292,0.12313471,214.97757,,1092.4722
2375,2024-12-28,-1.2164015,0.69170666,74485.51,2680.987,84422.375,1680.987,102.18398,8.621595e-05,,1.44700625e-05,0.0001308707,16698.225,0.13536635,213.50713,,840.579
2376,2024-12-29,-0.6745982,0.8626871,57212.656,4751.7344,65186.83,3751.7344,133.23657,,,,,,0.11846165,210.24805,,
2377,2024-12-30,0.1587929,0.9671695,63393.8,3900.1033,72118.17,2900.1033,169.29405,,,,,,0.13255736,210.66873,,
2378,2024-12-31,0.6363281,0.98936605,58060.207,4486.5264,66108.67,3486.5266,193.89893,,,,,,0.14291504,210.12354,,
2379,2025-01-01,-0.4574175,0.8147422,40001.18,7189.596,45940.227,6189.8506,165.11006,,,,,,0.1383029,209.66763,,
2380,2025-01-02,-1.8424299,0.5605603,45443.56,6171.9146,52056.273,5171.9146,202.99704,8.1411075e-05,5.7435373e-05,1.5592881e-05,0.00013467827,13045.156,0.13973166,209.9167,,
2381,2025-01-03,-0.2184056,0.5824909,72276.3,2631.224,82341.984,1631.2241,212.24332,-2.1058395e-05,-3.2143347e-05,2.5639107e-05,0.00010693295,22042.855,0.16458961,211.3601,,202.85062
2382,2025-01-04,0.12423996,0.411831,71121.14,2750.8237,81248.5,1750.8237,222.37787,-6.703507e-06,-1.9359552e-05,2.5566897e-05,0.00011556009,23089.004,0.16726843,213.49884,,230.31447
2383,2025-01-05,0.09048514,0.7393674,75373.37,2333.642,85759.06,1338.9644,193.7414,5.190546e-05,,2.4842146e-05,0.00017049395,16676.527,0.15857816,215.07501,,375.41962
2384,2025-01-06,-0.46531865,0.77737546,42175.266,6749.3086,48498.195,5749.3086,126.61618,0.00011015615,,2.2686354e-05,0.00018139863,14409.713,0.12547973,217.76111,,
2385,2025-01-07,0.028509349,0.6066627,45637.883,6258.2354,52337.234,5258.2354,203.64113,,,,,,0.14362961,220.43109,,
2386,2025-01-08,-0.49407914,0.8959444,85438.24,1308.7682,96003.87,360.5865,153.79155,0.00011270518,,3.1888485e-05,0.00026586605,24110.516,0.16875212,222.32347,,328.53806
2387,2025-01-09,-0.34755722,0.62065375,38560.15,7349.5073,44479.914,6349.507,226.75949,,,,,,0.16269612,221.47786,,
2388,2025-01-10,0.12205356,0.9170132,55832.98,4723.893,63581.28,3723.893,203.71503,,,,,,0.161934,218.99452,,1297.414
2389,2025-01-11,-0.35433066,0.83873117,82001.28,1650.521,92928.08,652.02936,85.946556,4.1418036e-05,,2.1523452e-05,0.00014600721,22049.203,0.16967934,217.13309,,355.83563
2390,2025-01-12,-0.1451864,0.44550648,62211.33,3842.2246,71081.4,2842.2246,138.99295,7.960418e-05,4.3247353e-05,1.9098426e-05,0.0001463787,22090.377,0.16452868,214.9331,,331.96185
2391,2025-01-13,-0.9291536,0.26106095,83617.35,1752.8643,93845.54,825.73444,138.2707,5.3624357e-05,3.810906e-05,1.3213953e-05,0.00010858052,16705.174,0.14260377,211.40256,,284.14584
2392,2025-01-14,-1.1919334,0.8663353,49886.387,5681.5664,56910.2,4681.5664,102.49533,,,,,,0.13303111,210.48068,,
2393,2025-01-15,-0.051191043,0.637089,89589.66,1102.1683,99692.61,219.74965,94.27475,3.492248e-05,,1.706081e-05,0.00012066197,19247.2,0.1442219,213.03226,,635.7782
2394,2025-01-16,-0.3792042,0.6327008,49569.082,5886.807,56569.016,4886.807,80.77196,4.1652773e-05,2.0293874e-05,1.5849153e-05,0.000114558134,14423.129,0.12695432,211.24855,,1178.7756
2395,2025-01-17,-0.61353964,0.8866087,89097.56,1214.5676,98648.875,359.50256,43.137505,6.708363e-05,,1.6063772e-05,0.00013648503,16698.027,0.12896974,211.26317,,929.7147
2396,2025-01-18,-1.6487129,0.63363695,85845.14,1496.8918,95796.91,579.9554,90.96733,5.424459e-05,,1.8561272e-05,0.00013013891,16693.607,0.13939112,212.32715,,437.62668
2397,2025-01-19,-0.13482445,0.62394357,93403.734,791.1799,100476.97,162.02814,63.156086,5.740801e-05,,1.6925576e-05,0.0001536647,14421.521,0.1327722,210.01425,,949.315
2398,2025-01-20,-0.24436647,0.8469775,93587.61,775.1351,100507.97,167.20294,36.342857,5.2589872e-05,,1.7211747e-05,0.000153328,14421.859,0.12078242,213.45203,,478.36008
2399,2025-01-21,-0.04982327,0.80647993,48709.504,5867.913,55702.51,4867.913,95.21709,5.1201056e-05,9.570088e-06,1.985637e-05,0.0001336334,16687.834,0.1392034,212.52039,,
2400,2025-01-22,-0.32776636,0.9659956,74572.516,2547.11,84271.25,1568.4534,72.09541,6.9051704e-05,,1.4785817e-05,0.00011049296,16684.625,0.14062947,207.88214,,914.6472
2401,2025-01-23,-0.2613295,0.88040805,90199.484,966.05835,99275.734,165.76917,30.739288,6.1280225e-05,,1.4318445e-05,0.00012889088,16679.799,0.13311091,213.48126,,502.54706
2402,2025-01-24,-1.5584255,0.9848073,85677.84,1399.8428,96644.12,405.4458,52.30097,5.4433178e-05,,2.7004036e-05,0.0001478988,19228.998,0.18289836,216.46178,,498.92633
2403,2025-01-25,-0.2655732,0.9991403,65606.12,3535.516,74428.75,2535.516,141.05573,,,,,,0.14669049,216.76083,,
2404,2025-01-26,0.028900567,0.8924631,39827.875,7280.911,45798.035,6280.911,86.979576,5.858795e-05,,2.2830105e-05,0.00014673962,16677.568,0.15569326,217.53265,,
2405,2025-01-27,0.3234243,0.3081654,43341.97,6562.8306,49673.477,5562.8306,33.058193,6.3677726e-05,3.9387764e-05,2.270841e-05,0.0001534693,19218.559,0.16437972,219.0119,,469.36606
2406,2025-01-28,0.11615786,0.36980227,60225.637,4253.8755,68411.06,3253.8755,43.943424,7.709137e-05,4.2477805e-05,2.064514e-05,0.00015732422,16686.277,0.14927396,220.66632,,987.7993
2407,2025-01-29,-1.5742934,0.9988545,61017.777,4068.7517,69185.4,3068.7517,108.67125,,,,,,0.15170056,220.99722,,
2408,2025-01-30,0.011974335,0.4198889,72457.94,2767.2725,82432.39,1767.2726,31.733887,6.3035826e-05,3.3696488e-05,2.8617786e-05,0.00018236149,22101.193,0.16746712,218.70096,,368.94193
2409,2025-01-31,0.17246194,0.03856147,45728.715,6445.297,52386.535,5445.2964,21.024391,8.442799e-05,6.228468e-05,2.1714286e-05,0.00017442965,20672.506,0.14570585,216.38669,,716.5057
2410,2025-02-01,-0.013689011,0.7767776,84284.65,1573.6265,95409.89,577.28613,29.043766,4.5986388e-05,1.1767924e-05,1.8366663e-05,0.00011859203,22112.55,0.16811475,214.19452,,228.03098
2411,2025-02-02,-0.22798526,0.94682306,71893.31,2797.3716,81876.33,1797.4109,31.406313,3.9255916e-05,,1.900092e-05,0.00010612274,24209.705,0.16443554,215.48773,,261.82788
2412,2025-02-03,-1.4454365,0.9763459,80035.51,1948.0568,91023.28,952.6744,49.011562,0.00014366933,,1.943017e-05,0.0001469326,22114.795,0.17620537,215.9705,0.03571194,217.99197
2413,2025-02-04,-0.76063055,0.96428454,74754.375,2565.239,85087.5,1565.239,30.124437,7.779439e-05,,2.1294189e-05,0.00013871929,16696.992,0.14679539,214.96802,0.03563428,374.758
2414,2025-02-05,-0.63444436,0.9095532,68334.12,3343.408,77654.3,2343.4082,31.005537,7.719298e-05,,1.9730462e-05,0.00012624168,14425.398,0.14127487,217.68489,0.0316585,640.0846
2415,2025-02-06,-0.48538762,1.0,87936.75,1375.2363,99247.125,378.79358,45.7115,9.919207e-05,,2.7689759e-05,0.00016556552,22173.684,0.17381611,220.03183,0.0337991,389.3763
2416,2025-02-07,0.040462106,0.457482,87136.51,1488.1488,97561.41,595.958,13.174371,5.233376e-05,3.1284282e-05,2.914898e-05,0.00017354485,22215.16,0.16580635,219.71484,0.036951937,201.83199
2417,2025-02-08,0.02297175,0.63573134,95602.47,744.62573,102626.84,155.21661,24.06144,4.9820566e-05,1.8463817e-05,2.8310089e-05,0.00016213304,20754.96,0.16072653,220.39511,0.03309875,188.15628
2418,2025-02-09,-1.0501146,,,,,,,4.4305692e-05,1.858744e-05,2.518875e-05,0.00013709912,19289.518,0.1565492,219.49675,0.030410485,165.71098
2419,2025-02-10,-0.07388082,,,,,,,5.4554774e-05,2.0473432e-05,2.6922462e-05,0.00016486095,20701.285,0.16788906,217.81071,0.03384635,171.68018
2420,2025-02-11,-0.22262338,0.9990176,95660.94,704.2626,102168.89,154.28421,23.928432,5.838756e-05,,2.4536064e-05,0.00015239252,19288.066,0.15158743,217.13306,0.033748098,124.60315
2421,2025-02-12,0.2368431,0.70558345,90831.375,1057.2642,99862.69,290.98883,20.857557,6.284527e-05,4.150721e-05,2.2960117e-05,0.00014478312,20718.125,0.1518023,216.31856,0.034602605,192.86577
2422,2025-02-13,-0.26680112,0.12939614,82108.44,1814.9407,91278.42,933.6445,4.72258,0.00010668243,6.566997e-05,1.9956286e-05,0.00015737917,19247.146,0.14484379,215.0605,0.036742613,213.27237
2423,2025-02-14,-1.3605673,0.9558925,87633.45,1196.8163,98717.164,250.70871,31.853577,8.541682e-05,,2.1192514e-05,0.00014096544,22097.328,0.16460307,216.70625,0.032292668,117.098625
2424,2025-02-15,-0.30783927,0.9647275,85247.92,1442.8859,96625.63,444.60162,17.856293,5.7371904e-05,,2.3902388e-05,0.0001336498,24197.434,0.15240923,215.22977,0.035943296,110.845024
2425,2025-02-16,-0.33811954,0.2997625,88964.48,1121.1193,95476.055,549.78864,6.4793615,5.528095e-05,3.7819926e-05,2.6231817e-05,0.00014833474,24200.895,0.16906658,217.90778,0.03469486,168.0087
2426,2025-02-17,-0.30784062,0.98201704,84441.42,1517.2961,95686.69,531.9841,24.443773,9.837625e-05,,2.9255665e-05,0.00015634371,24189.299,0.17651427,220.21483,0.038007163,237.57237
2427,2025-02-18,-0.41968885,0.9612312,88666.83,1150.5245,99339.734,239.08406,29.452415,6.053055e-05,1.8851435e-05,3.514177e-05,0.00016823437,22116.05,0.17110649,224.0951,0.03709851,230.07126
2428,2025-02-19,-1.0565615,,,,,,,7.095373e-05,2.2104708e-05,3.6771147e-05,0.00018089988,19260.77,0.19175625,223.19725,0.03809772,187.5056
2429,2025-02-20,-0.30038393,0.9175601,85641.42,1540.0521,96639.23,584.5641,10.075253,0.000120209006,5.068245e-05,3.6592897e-05,0.00021100743,19276.496,0.19200161,223.65164,0.03702578,238.12448
2430,2025-02-21,-0.39199668,0.23831722,78913.305,2241.7554,89691.46,1241.7554,1.0095872,7.762913e-05,3.600638e-05,4.1035433e-05,0.00022659602,16708.61,0.18187787,227.73752,0.035726234,205.56462
2431,2025-02-22,-0.36675805,0.99979794,53087.34,5214.702,60815.54,4214.702,32.73292,4.8907186e-05,,4.571339e-05,0.00017510829,16703.854,0.18275617,230.40747,,
2432,2025-02-23,-0.35329166,0.32701734,73495.69,2792.782,82583.98,1814.8127,1.0430565,6.8200265e-05,2.6359168e-05,4.264872e-05,0.00020151283,14424.455,0.18324162,229.38303,0.038209386,346.7838
2433,2025-02-24,-0.28301725,0.18448798,60479.668,4457.1963,67883.46,3525.0486,1.3763934,9.184782e-05,5.10569e-05,3.853746e-05,0.00022194738,15560.047,0.1744749,229.03996,0.037240308,278.01028
2434,2025-02-25,-0.6070779,0.058791228,56420.44,4708.798,64833.56,3708.7976,1.2061822,7.3913536e-05,3.421108e-05,3.9702456e-05,0.00018914594,16690.146,0.17648548,227.74287,0.035428453,288.0977
2435,2025-02-26,-0.50266284,1.0,81060.266,1865.7678,91869.0,866.1225,52.046406,9.249967e-05,,3.9160626e-05,0.00017578609,19237.643,0.18003136,226.6307,0.034980416,689.0639
2436,2025-02-27,-0.51393044,0.9990598,70757.83,2957.2776,80505.83,1957.2777,52.612633,8.329537e-05,,3.4971945e-05,0.00015569234,19241.648,0.1688543,224.78822,0.03786578,454.30273
2437,2025-02-28,-0.33066678,1.0,50165.504,5557.0,57466.766,4557.0,40.641594,,,,,,0.16075948,219.74306,,
2438,2025-03-01,-0.4072439,1.0,78788.07,2105.308,89450.64,1107.3253,52.14819,9.059755e-05,,1.8770696e-05,0.000115696166,16689.953,0.15472177,214.41324,0.033375256,198.99077
2439,2025-03-02,-1.3816222,0.99752,91425.16,913.70435,100213.93,162.33328,11.004852,3.6862046e-05,,2.1597745e-05,9.2081085e-05,16690.262,0.14949697,212.14085,0.03487806,294.0172
2440,2025-03-03,-0.57021827,1.0,91388.39,884.7612,99463.06,167.77078,59.73922,5.499202e-05,,1.7196548e-05,9.931761e-05,13051.122,0.11962597,208.194,0.040187538,400.80194
2441,2025-03-04,-0.3708378,1.0,70947.2,2925.5068,80484.7,1925.5068,107.85164,5.948307e-05,,1.5917713e-05,8.27288e-05,13049.996,0.12408812,208.686,0.03902165,640.0241
2442,2025-03-05,-0.4650952,0.9026054,36282.39,8113.3457,41726.812,7113.3457,10.566793,2.5800722e-05,1.6926633e-05,1.6495462e-05,6.239761e-05,11204.852,0.114939734,207.88629,,
2443,2025-03-06,-0.15687674,0.15183546,20144.887,12496.232,23518.035,11496.4,1.3788395,3.6702317e-05,1.8055694e-05,1.9450288e-05,9.049697e-05,11205.15,0.10792114,210.51099,0.03531051,236.23677
2444,2025-03-07,-0.26598364,0.0,,,,,,5.6467747e-05,3.2651616e-05,2.3816136e-05,0.00011343684,16689.287,0.12201721,213.7876,0.036010258,400.2317
2445,2025-03-08,-0.06089796,0.18240494,65347.18,3690.6133,69188.75,3186.8035,1.5918188,5.46469e-05,3.1709144e-05,2.2937755e-05,0.00013545727,16688.316,0.115582176,213.45976,0.037332755,414.05157
2446,2025-03-09,0.09261267,0.12687881,72107.13,2927.9746,80977.91,1980.328,4.311353,5.3957297e-05,2.9298015e-05,2.465928e-05,0.00012630061,16683.97,0.12058478,214.07846,0.03570674,498.79236
2447,2025-03-10,-0.04118511,0.1947607,64962.906,3606.2114,73864.19,2606.2114,5.028018,5.2351446e-05,2.521916e-05,2.7971742e-05,0.00012875201,16671.176,0.1363409,215.10185,0.03975842,621.9045
2448,2025-03-11,0.05797799,0.41228944,74664.016,2416.6938,84468.664,1416.6938,2.9212716,6.777272e-05,4.5863748e-05,2.2572573e-05,0.00012917472,16660.234,0.12946057,216.21481,0.04166846,946.5724
2449,2025-03-12,-0.0017880797,0.9488845,86816.44,1184.9929,96206.58,317.18304,40.573395,5.470057e-05,,2.3875891e-05,0.00013121718,19200.459,0.12560505,216.45944,0.034758195,364.35495
2450,2025-03-13,-1.3177979,0.3943517,46528.734,6088.4897,53297.883,5088.4897,9.534231,6.431375e-05,3.5085868e-05,2.698716e-05,0.00010384548,16658.475,0.1268118,214.52576,0.036391914,1408.2909
2451,2025-03-14,-0.40628454,0.9973056,86462.7,1247.1355,97595.945,266.46234,26.406631,6.9276975e-05,,3.4402074e-05,0.00015234211,22057.281,0.16088362,218.7584,0.035982437,273.4237
2452,2025-03-15,-0.31608105,0.40803504,90811.58,968.1675,99400.99,220.08823,6.602827,4.6007004e-05,1.0574891e-05,3.4750956e-05,0.00013350046,16688.697,0.14330883,221.70761,0.03887936,241.55533
2453,2025-03-16,-0.358472,0.43587786,86465.68,1317.767,96734.41,392.02032,6.0337496,5.282607e-05,2.4735058e-05,3.1283016e-05,0.00012355656,19226.004,0.14084786,220.98463,0.0389395,376.0728
2454,2025-03-17,-0.489463,0.38423568,90868.64,943.83,99401.125,206.19357,6.7094817,2.9095234e-05,-1.0484768e-05,3.921527e-05,0.00012217069,22106.408,0.1565193,222.0665,0.037630733,206.79802
2455,2025-03-18,-1.1837,0.9868487,92763.51,792.8854,99974.52,159.05682,28.583176,4.6177895e-05,1.5124136e-05,2.7855021e-05,0.000100206686,16687.465,0.13407937,221.91385,0.036300678,525.46106
2456,2025-03-19,-0.57596594,0.716706,83714.8,1766.2948,91912.64,977.73645,18.886923,5.6545403e-05,3.609285e-05,2.7340873e-05,0.00012850747,14420.554,0.12272853,221.16116,0.038486816,380.91766
2457,2025-03-20,-0.19469808,0.06848775,94737.266,657.2284,100480.32,134.32779,3.9077625,6.169982e-05,2.7953216e-05,3.3746604e-05,0.00014550316,16693.69,0.13492064,222.6949,0.035609923,344.30334
2458,2025-03-21,-0.39334327,0.11295461,86999.09,1351.1575,98023.37,351.15747,3.7873259,9.66756e-05,5.3548392e-05,4.31272e-05,0.00019101583,19247.348,0.15002333,223.4236,0.037397325,387.07837
2459,2025-03-22,-0.1032618,0.07203227,91743.3,972.83936,100490.664,203.28615,3.3709495,5.572708e-05,1.7228653e-05,3.8401202e-05,0.00014396466,22141.648,0.1585815,222.47748,0.037601065,386.5169
2460,2025-03-23,-0.76750106,0.050406747,93310.43,812.78845,100664.75,161.2109,10.72574,6.0468203e-05,2.2841588e-05,3.7550333e-05,0.00013036557,19253.773,0.15926073,223.60562,0.03762329,423.77408
2461,2025-03-24,-0.68923247,1.0,80418.76,1903.4211,90870.36,914.6444,50.9942,0.00011597152,,4.1989988e-05,0.00019859622,19221.773,0.16066872,225.08514,0.036049105,811.1476
2462,2025-03-25,-0.4376614,0.8815377,90828.875,953.63354,99508.97,176.41629,12.4149275,7.421045e-05,1.9770152e-05,4.9230202e-05,0.0001765859,16683.875,0.14873785,226.94475,0.035916153,399.02475
2463,2025-03-26,-0.6549046,1.0,74972.945,2513.4214,84917.24,1513.8096,25.390854,0.00010781462,,4.414944e-05,0.00015524315,16680.928,0.13556463,229.2015,0.035841852,851.49725
2464,2025-03-27,-0.31740803,0.9999078,92973.875,792.4645,99729.16,175.93188,22.787788,6.591542e-05,,4.9059043e-05,0.0001781686,16685.965,0.16353485,227.4364,0.03645041,586.69525
2465,2025-03-28,-0.41901582,0.80855006,87171.984,1325.427,97923.33,347.0777,7.909178,7.062659e-05,,4.2816897e-05,0.00016650709,16687.516,0.15175709,227.44849,0.033541776,764.38324
2466,2025-03-29,-0.24503408,0.0,,,,,,7.080089e-05,2.8628769e-05,4.2172116e-05,0.0001445791,16685.695,0.1551726,225.53743,0.033236362,535.5918
2467,2025-03-30,-0.07700363,0.36427456,79707.13,1986.1178,90044.66,986.2757,6.374798,7.209723e-05,2.967204e-05,4.51659e-05,0.00017708473,19222.629,0.16059363,227.02768,0.035585403,481.3226
2468,2025-03-31,-0.4219265,0.7791631,78453.15,2152.526,88613.81,1152.5256,8.719103,6.88656e-05,3.6270158e-05,4.1984476e-05,0.0001623308,19243.209,0.16966957,226.7555,0.03450942,431.09607
2469,2025-04-01,-0.41974372,0.6504579,80334.08,2044.2417,90162.15,1100.6963,8.006582,8.057227e-05,2.3248234e-05,4.6099387e-05,0.00016790316,19248.352,0.1712242,226.4675,0.036222797,734.8728
2470,2025-04-02,-0.024598204,0.005593865,43030.703,6822.0015,49242.457,5822.0015,9.1822815,6.848147e-05,2.0972195e-05,4.7509275e-05,0.00017349633,16694.613,0.17524573,225.7923,0.03459963,610.506
2471,2025-04-03,-0.23737188,0.0,,,,,,7.875597e-05,3.197864e-05,4.6777324e-05,0.00014958093,16694.041,0.1693514,227.1933,0.030313144,645.19257
2472,2025-04-04,-0.008282892,0.1742689,85106.2,1481.2926,94921.19,569.2565,4.726448,8.196986e-05,3.5299527e-05,4.664681e-05,0.00018906532,16682.42,0.14950716,228.6242,0.033740632,819.1045
2473,2025-04-05,-0.6515055,0.78518987,70602.375,2808.1216,80422.25,1809.4261,9.412191,5.627909e-05,1.3142304e-05,4.478341e-05,0.0001420028,27528.537,0.20604677,230.33017,0.027203256,283.12793
2474,2025-04-06,-0.15887925,0.16420412,86699.81,1286.6029,96041.73,460.47403,7.5434546,6.525236e-05,2.0927073e-05,4.461116e-05,0.00016054623,22088.328,0.21009852,228.78323,0.033100598,193.88635
2475,2025-04-07,-0.07275777,0.19638428,82147.67,1718.4485,92748.08,757.7763,8.181259,7.881936e-05,3.0749077e-05,4.760908e-05,0.00017164517,24178.496,0.18806222,228.51816,0.033046313,262.76562
2476,2025-04-08,-1.2628663,0.7700149,85581.85,1441.8939,95443.76,564.5799,13.237006,6.9915666e-05,2.2085798e-05,4.939019e-05,0.00014737729,24202.404,0.1837012,229.35713,0.035324905,328.1277
2477,2025-04-09,-0.4591927,1.0,69250.16,3081.252,78749.266,2081.252,24.966736,8.251203e-05,,4.5007542e-05,0.0001274838,22078.266,0.17886958,228.27795,0.033202328,562.4183
2478,2025-04-10,-0.70401174,0.6993401,80242.69,1868.7146,90939.45,892.29333,7.9565125,6.88836e-05,5.9124463e-06,5.0474744e-05,0.00016792884,23115.816,0.18855122,229.3305,0.03199403,190.54416
2479,2025-04-11,-0.3377722,1.0,78364.06,2028.5271,88970.63,1028.8884,33.91971,8.332824e-05,,4.669402e-05,0.0001524357,22055.393,0.184324,228.88545,0.03266819,420.1602
2480,2025-04-12,-0.5619511,0.49683672,38454.914,7546.5977,44167.066,6546.5977,7.570463,6.1687475e-05,1.5764219e-05,4.9955524e-05,0.00015612214,16682.27,0.16923407,228.10196,,
2481,2025-04-13,-0.47538212,0.79551446,87750.67,1241.2083,97915.7,315.3196,11.049957,6.666208e-05,,4.488865e-05,0.00016522937,16683.0,0.15923728,228.8351,0.033664357,586.571
2482,2025-04-14,-1.451129,0.9931607,55573.855,4892.7153,63206.906,3892.715,11.778059,6.4603766e-05,,5.3216958e-05,0.00013880718,19228.643,0.16407087,227.94905,0.027696498,1685.757
2483,2025-04-15,-0.3975488,0.19133553,92541.79,841.2876,99590.66,179.26947,6.829378,8.5782856e-05,3.2714393e-05,5.306935e-05,0.0002083829,19151.44,0.161629,227.55176,0.035069793,1104.57
2484,2025-04-16,-0.28309909,1.0,82111.36,1835.6703,92429.81,845.1504,62.03199,9.1711176e-05,,4.4533783e-05,0.00017241942,16694.78,0.14874668,227.6308,0.033146318,1328.5903
2485,2025-04-17,-0.17652519,0.0,,,,,,8.055179e-05,2.8178223e-05,5.2373573e-05,0.00019223566,19237.16,0.1503475,227.89594,0.03578662,987.30914
2486,2025-04-18,0.28754538,0.3212562,52265.805,5891.4087,59415.18,4891.409,7.1339884,7.521501e-05,2.6687558e-05,4.8395268e-05,0.00016903187,16680.758,0.13825557,228.33478,0.03249583,1950.0364
2487,2025-04-19,-0.7830871,0.41613632,69785.266,3173.5676,78575.82,2199.7688,9.393935,7.3526164e-05,2.4833682e-05,4.9129732e-05,0.00014493479,16677.816,0.14351633,228.12366,0.03103804,1446.6228
2488,2025-04-20,-0.4790724,0.49389452,81080.945,1910.7336,90709.39,963.3989,9.116227,6.6203735e-05,1.651623e-05,5.2660173e-05,0.00018070158,19223.445,0.15625462,226.57156,0.034388408,940.47656
2489,2025-04-21,-0.33212197,0.41584483,74510.69,2610.9346,84092.3,1610.9344,8.038121,7.6893666e-05,2.874521e-05,4.564273e-05,0.00016783873,19223.268,0.14807007,227.6707,0.031746186,882.64954
2490,2025-04-22,-0.43545672,0.6768837,73752.734,2715.3145,83229.89,1715.744,9.044086,7.684451e-05,3.2119668e-05,4.6767804e-05,0.0001659212,16680.781,0.15077044,227.49123,0.033627406,761.9133
2491,2025-04-23,-0.38637006,0.5719763,78199.125,2356.924,86155.836,1521.9056,13.366648,7.181862e-05,3.018872e-05,5.080639e-05,0.00018729159,19238.732,0.15888664,227.09009,0.03358207,831.3375
2492,2025-04-24,-1.1068431,0.790151,72216.71,2839.494,81626.05,1843.785,13.632439,5.9185953e-05,5.045083e-06,4.7714253e-05,0.00012938569,19229.57,0.15633379,226.86145,0.033444945,1157.9479
2493,2025-04-25,-0.14944367,0.23994574,91887.01,870.1342,99760.49,165.76329,7.2447953,7.062161e-05,2.3036588e-05,4.7663914e-05,0.00018007701,19234.775,0.15621187,226.18413,0.03351504,544.98425
2494,2025-04-26,-0.62996393,0.45155713,85854.18,1461.5874,96143.29,539.2862,8.014782,6.881775e-05,1.7033293e-05,5.222472e-05,0.00016842393,22089.365,0.17493859,227.77032,0.032607887,314.61987
2495,2025-04-27,-0.33587456,0.08021531,86786.89,1431.3491,96858.0,530.888,5.0577726,7.2930896e-05,2.2038505e-05,5.089239e-05,0.00017000939,19248.385,0.16482575,228.40182,0.034927167,446.98703
2496,2025-04-28,-0.6893226,0.38453913,48770.64,6018.1045,55766.79,5018.1045,7.6909475,8.8603556e-05,3.60781e-05,5.3446573e-05,0.00017528402,19260.664,0.16776705,227.47803,0.033573743,552.0361
2497,2025-04-29,-0.5150191,0.6822333,81105.18,1927.2286,90952.016,981.0729,9.398439,8.018933e-05,2.5135883e-05,5.293975e-05,0.00019203153,19233.684,0.16925207,228.87555,0.032105044,767.11505
2498,2025-04-30,-1.3511457,0.8227467,70706.19,3019.142,80224.66,2019.142,11.633449,8.410498e-05,3.3131342e-05,5.6045854e-05,0.00015319532,19238.908,0.17004009,229.18428,0.032385584,797.92365
2499,2025-05-01,-0.29843596,0.1849023,80356.06,2007.9478,90213.3,1075.8722,5.5576596,8.272419e-05,2.0671025e-05,6.217482e-05,0.00020417687,19247.527,0.17730892,229.20622,0.033354428,490.69983
2500,2025-05-02,-0.36550748,0.76731074,78629.23,2172.107,88553.34,1191.9773,9.021076,7.198831e-05,1.3823952e-05,6.154175e-05,0.00018722322,16685.812,0.1743575,229.69836,0.033055395,756.5979
2501,2025-05-03,-0.27355552,0.113899894,59803.86,4819.019,66921.02,3902.5776,7.4018354,7.5945994e-05,1.375223e-05,6.108726e-05,0.00018730498,17941.832,0.17190865,230.32623,0.03264933,648.5558
2502,2025-05-04,-0.58930147,0.99997365,72541.86,2668.9858,82042.66,1668.9858,66.83157,0.00011668989,,5.0077855e-05,0.000190352,17937.965,0.1716572,230.82236,0.029406179,1011.3895
2503,2025-05-05,-0.91606075,0.31441075,85283.125,1432.4613,95612.98,497.6003,7.9052343,7.613694e-05,1.3539028e-05,6.1179075e-05,0.0001595257,22083.764,0.19024047,231.02863,0.028642409,361.0854
2504,2025-05-06,-0.5155097,0.6611521,78644.79,2108.0906,88918.23,1121.4448,7.893251,7.833088e-05,2.9389003e-05,5.8904145e-05,0.00019413349,22089.227,0.18009257,229.36697,0.031425834,529.27625
2505,2025-05-07,-0.6189356,0.902015,81263.89,1844.2324,92014.375,852.40027,11.217137,7.539531e-05,3.1637363e-05,5.7519115e-05,0.00017880398,22098.607,0.1944658,230.60214,0.028577738,158.17973
2506,2025-05-08,-0.7686428,0.95810294,75244.33,2432.858,85761.36,1432.8579,17.418613,7.2559415e-05,,5.974481e-05,0.00017688135,24193.76,0.19505687,230.4064,0.029230587,355.5334
2507,2025-05-09,-0.45846966,0.6013691,81070.11,1873.1294,91648.75,892.92163,10.283342,8.0215774e-05,1.7101422e-05,6.03043e-05,0.0001903944,24195.203,0.19141519,230.65552,0.031239878,346.0371
2508,2025-05-10,-0.7996289,0.7599756,74869.05,2514.8389,84619.92,1541.5278,12.061523,7.749833e-05,1.53125e-05,6.29986e-05,0.00015824272,24192.506,0.19158626,231.8987,0.030266955,570.44885
2509,2025-05-11,-0.5820545,0.97488296,68998.87,3121.3733,78595.97,2121.3733,15.013182,7.077238e-05,,6.406923e-05,0.00019484632,24187.469,0.18947425,230.4031,,
2510,2025-05-12,-0.5290097,0.6050054,80982.125,1900.1187,91279.75,931.2964,6.7506685,7.176101e-05,1.240152e-06,6.284783e-05,0.00018458169,22096.578,0.18412778,231.68672,0.029778536,679.581
2511,2025-05-13,-0.65021646,0.56689143,75006.516,2507.7673,84871.3,1510.6941,7.8236423,7.569598e-05,2.7830007e-05,6.099685e-05,0.00018024884,22091.23,0.17820889,232.08325,0.02972101,543.7168
2512,2025-05-14,-0.7840689,0.9971421,64908.633,3582.2966,73724.28,2582.2969,18.254017,7.622574e-05,,5.6271318e-05,0.00016749211,22057.805,0.17489813,231.34995,0.026003225,1251.5801
2513,2025-05-15,-0.7151587,0.8044965,80388.97,1830.5342,90872.7,851.9934,17.147392,7.604357e-05,1.4672951e-05,6.409323e-05,0.00020048358,25829.59,0.19870308,233.33884,0.02515676,545.68024
2514,2025-05-16,-1.3233771,0.9330057,73116.48,2619.07,82970.9,1619.1024,14.030137,7.291585e-05,,6.177795e-05,0.00015412572,24144.607,0.19597775,232.95422,0.026827212,784.8921
2515,2025-05-17,-0.6578739,0.8529492,85124.25,1443.7727,93960.234,612.93494,15.070602,8.220827e-05,,5.9909813e-05,0.00020596995,22064.088,0.17690977,232.36523,0.030025575,746.9404
2516,2025-05-18,-0.6753688,0.9813812,77885.47,2130.4048,88194.08,1130.4048,21.01828,8.114669e-05,,5.786067e-05,0.00018540167,22056.42,0.16921932,231.8125,0.031803418,591.5576
2517,2025-05-19,-0.7582694,0.935671,71471.41,2856.2827,80992.42,1857.0154,14.515568,8.3428655e-05,1.7864375e-05,5.4310138e-05,0.0001700522,22071.969,0.15640736,231.35924,0.031015074,918.253
2518,2025-05-20,-0.09510604,0.0,,,,,,8.701508e-05,2.3801575e-05,6.321351e-05,0.00020612648,19218.473,0.1632806,231.7845,0.028208861,899.09937
2519,2025-05-21,-0.4886936,0.016355794,76142.83,2405.0447,85770.1,1405.235,10.761611,8.762137e-05,2.4696139e-05,6.298274e-05,0.0001654548,16675.172,0.16204485,231.2884,0.030126784,1053.732
2520,2025-05-22,-0.9437709,0.93218756,55168.04,5052.2837,62728.55,4057.7988,29.529732,9.183296e-05,1.3736868e-05,5.9687365e-05,0.00019901161,19214.23,0.16687423,231.48471,0.028650997,1607.6266
2521,2025-05-23,-0.64418495,1.0,64599.867,3692.447,73302.05,2692.4468,50.06716,0.00010436304,,5.2537554e-05,0.00017456006,16679.11,0.1588451,232.1925,0.030446984,983.2807
2522,2025-05-24,-0.65328157,0.99897873,78415.53,2189.5085,88002.33,1241.215,25.477798,8.417459e-05,,5.861013e-05,0.00018678201,19230.717,0.16311175,231.65793,0.03060764,1307.9097
2523,2025-05-25,-0.93661046,0.3720951,49440.535,5878.707,56390.375,4887.747,7.561229,8.047472e-05,1.3255441e-05,6.6194305e-05,0.00019839687,19236.686,0.166423,232.10017,0.029882776,1522.6475
2524,2025-05-26,-1.2492348,0.7907056,72203.32,2848.6375,81475.8,1865.2567,10.97151,8.88351e-05,2.350362e-05,5.8440215e-05,0.00015455058,16678.588,0.16163403,232.4576,0.029279465,1486.5739
2525,2025-05-27,-0.19487795,0.2548974,81197.48,1949.6123,91042.83,984.05646,6.1646667,9.047384e-05,2.66436e-05,6.362448e-05,0.00022280667,16685.008,0.15756339,231.32391,0.030843625,991.37305
2526,2025-05-28,-0.6944791,1.0,58036.164,4623.9355,65950.11,3623.9355,17.42111,9.875789e-05,,5.6227065e-05,0.00017374779,16679.309,0.15259197,232.85551,0.025539849,1538.5303
2527,2025-05-29,-1.0174782,0.88765657,75241.2,2536.5913,84592.66,1560.2352,16.963652,7.777306e-05,,6.0737606e-05,0.00019185772,19215.46,0.15967171,233.63147,0.026663024,1947.4495
2528,2025-05-30,-0.30586973,0.0,,,,,,8.933745e-05,2.6872101e-05,6.246535e-05,0.00021140816,17953.902,0.15976472,232.26334,0.028504053,892.22864
2529,2025-05-31,-0.6010705,0.5071035,84783.23,1555.4098,94873.49,594.8092,14.74073,7.339795e-05,1.9577215e-05,6.205977e-05,0.00019667175,19230.0,0.15274188,232.91385,0.033770364,1065.0723
2530,2025-06-01,0.26080343,0.15745084,87398.81,1343.1787,92448.7,854.7318,4.8585753,7.4628886e-05,1.3860858e-05,6.107935e-05,0.00015854153,16686.666,0.14449286,233.6899,0.04454549,821.95703
2531,2025-06-02,-0.19728556,0.6925187,88891.945,1140.9983,97806.086,299.15112,8.992194,7.8903846e-05,1.1570626e-05,6.340853e-05,0.00020161195,16677.832,0.15066862,233.20624,0.034135964,1480.7358
2532,2025-06-03,-0.9665863,0.3416891,58418.2,4833.641,66007.625,3858.2688,8.592354,9.045795e-05,2.8644956e-05,6.033748e-05,0.00019906813,16682.375,0.1506699,233.76355,0.033634704,1228.9451
2533,2025-06-04,3.06916,0.13889593,47176.477,6657.9126,53837.082,5657.9126,6.9458666,7.62281e-05,1.3574396e-05,6.4949745e-05,0.00018786572,16685.35,0.14648286,233.82779,0.050687894,904.8069
2534,2025-06-05,-0.62561285,0.99008155,45198.37,6699.3867,51520.023,5699.3867,74.230865,7.682264e-05,,6.0111015e-05,0.00018247042,16677.168,0.14935368,233.42198,,
2535,2025-06-06,-0.19853336,0.7410653,57811.98,4740.592,65528.08,3740.592,9.1733465,7.649991e-05,,6.467953e-05,0.00014927548,19223.959,0.15120171,233.7821,0.041604687,1811.7085
2536,2025-06-07,0.12497005,0.4223746,76421.95,2525.4639,85519.484,1574.448,7.6577086,7.6713884e-05,1.8474702e-05,6.199902e-05,0.000193799,16681.125,0.1512186,233.10901,0.034203216,1457.0525
2537,2025-06-08,2.8275366,0.45582947,80972.56,1914.2727,91004.72,925.1587,8.753508,8.141983e-05,2.599166e-05,6.2093444e-05,0.00019215938,16676.16,0.1516702,231.57576,0.059421353,1272.237
2538,2025-06-09,0.938692,1.0,81059.97,1855.6438,91471.56,855.6439,35.405983,7.970142e-05,,6.4789165e-05,0.00020147223,22070.73,0.16771409,234.09692,0.055244006,1073.3237
2539,2025-06-10,0.042340532,0.560114,79898.516,2064.8818,89904.77,1092.508,11.391691,7.39409e-05,7.123365e-06,6.722324e-05,0.0001929153,22108.512,0.16072762,233.46039,0.04030949,804.95074
2540,2025-06-11,-0.5695977,1.0,74115.23,2640.2783,83807.38,1640.4353,32.87489,8.2010556e-05,,6.387349e-05,0.0001573296,22071.91,0.16741936,234.5234,0.035889182,1625.5785
2541,2025-06-12,0.10714039,0.9958758,75311.664,2519.2776,85108.03,1521.0222,41.260273,8.8321096e-05,,6.719405e-05,0.00021767363,22040.684,0.17283925,234.2278,0.0474311,1014.4119
2542,2025-06-13,0.03182095,0.7862357,79373.6,2164.257,89574.81,1169.8986,12.637594,7.784375e-05,1.9739715e-05,7.085111e-05,0.00020000897,19248.816,0.1634459,231.94545,0.043006264,1067.6415
2543,2025-06-14,-0.55918455,0.3217268,91123.06,1021.1658,99031.52,285.07034,7.6662474,8.167837e-05,1.7114435e-05,6.468345e-05,0.00019859507,16692.484,0.15273345,234.80945,0.038700923,1194.8066
2544,2025-06-15,-0.17313536,0.0,,,,,,8.537795e-05,1.7067397e-05,6.831055e-05,0.00020505892,16688.398,0.15056118,233.81769,0.033262394,1205.0781
2545,2025-06-16,-0.28025055,0.022442875,67089.67,3567.9297,75640.664,2567.93,6.6738453,8.6998836e-05,2.2580401e-05,6.441843e-05,0.00021052471,14416.113,0.14364901,234.18835,0.029174633,1915.3668
2546,2025-06-17,-0.8072959,0.91250545,86240.16,1422.6145,96085.45,484.68646,14.294646,7.80599e-05,1.4477498e-05,6.5502965e-05,0.00016410496,19231.066,0.16173679,234.89098,0.03890826,1332.6489
2547,2025-06-18,-0.6225376,0.9412836,66067.625,3610.6592,74730.39,2618.0903,53.99175,7.96454e-05,,6.4939995e-05,0.00019296573,17949.812,0.15508679,235.27249,0.034208875,1352.7858
2548,2025-06-19,-0.44133708,0.6970974,76129.22,2378.2402,85862.164,1401.22,9.054062,8.660438e-05,1.667303e-05,7.012488e-05,0.00021242871,20630.705,0.16268699,233.06433,0.040540673,1214.3303
2549,2025-06-20,-0.44714403,1.0,58237.688,4531.639,66356.42,3531.6387,68.37657,0.00015301345,,5.8891637e-05,0.00019314494,22080.926,0.16193321,235.37317,0.035827525,1494.7334
2550,2025-06-21,-0.26077205,0.0,,,,,,8.530045e-05,1.5683334e-05,6.961712e-05,0.0002122571,16687.129,0.1509385,235.314,0.03629603,1299.6653
2551,2025-06-22,-0.29327372,0.9814035,83679.48,1649.6039,94205.62,649.6039,27.345205,8.026284e-05,,6.7970126e-05,0.00016347083,19229.014,0.16529709,235.1041,,
2552,2025-06-23,-0.868374,0.8251556,55900.367,4939.1094,63393.266,3939.1091,26.04466,8.073148e-05,2.618743e-05,6.47869e-05,0.00019374533,16679.107,0.14872563,234.71198,0.028109074,1345.1968
2553,2025-06-24,-0.23047435,0.9762059,75211.25,2436.8433,85029.06,1439.6736,27.771053,7.542464e-05,1.2325746e-05,6.9648944e-05,0.00019437747,22048.613,0.15733388,233.8689,0.029942036,1096.7328
2554,2025-06-25,-0.8097071,0.7735889,78704.78,2057.4712,88663.92,1071.7595,12.104435,7.967918e-05,1.2565079e-05,6.4164844e-05,0.00019218077,22039.973,0.15358728,235.77734,0.033227704,1357.8181
2555,2025-06-26,-0.25504237,0.39311707,83321.84,1685.6365,93253.91,732.3949,10.188879,7.856238e-05,1.1258875e-05,6.615417e-05,0.00019857252,19227.11,0.15231349,235.38306,0.032935,1017.07947
2556,2025-06-27,-0.17554173,1.0,75781.266,2447.8992,85543.56,1447.8992,52.73902,8.2386265e-05,,5.920176e-05,0.00014926415,19217.78,0.15494703,235.49355,0.031000512,1622.2471
2557,2025-06-28,-0.6778057,0.48369694,87322.53,1295.6559,96567.93,423.67365,7.630162,8.1846476e-05,1.767461e-05,6.5682136e-05,0.00021213593,19226.895,0.1519998,234.5169,0.03090183,1154.091
2558,2025-06-29,-0.48207903,0.092602625,84167.11,1588.7129,92490.92,767.34033,4.622531,7.930843e-05,1.1899107e-05,6.754167e-05,0.0001952279,16674.016,0.14336248,233.57166,0.03105298,914.06885
2559,2025-06-30,-0.724405,0.88542414,73124.19,2733.9414,82148.36,1764.6383,14.555223,7.72378e-05,1.5736148e-05,6.802641e-05,0.00019492555,19219.582,0.16325815,236.62509,0.028992567,844.9194
2560,2025-07-01,-0.7484641,0.5301636,85113.7,1535.5991,95335.26,566.4029,11.344109,8.2934e-05,2.1402831e-05,6.347266e-05,0.00020041897,19233.719,0.15125069,234.65921,0.030500297,1067.4679
2561,2025-07-02,-0.34897894,0.002363323,25734.227,11401.226,29536.629,10401.226,13.948445,8.118703e-05,1.9191913e-05,6.199511e-05,0.0001997673,16685.57,0.13375738,235.79716,0.026875297,1834.3823
2562,2025-07-03,-0.78042805,0.0,,,,,,9.240953e-05,3.073991e-05,6.166963e-05,0.00017144672,13050.925,0.13404244,235.2622,0.026789725,1364.8976
2563,2025-07-04,-0.19374539,0.21660791,87619.25,1327.4661,97152.59,430.95453,7.352924,8.290527e-05,1.3591614e-05,6.911454e-05,0.00020976333,19241.875,0.1504788,234.609,0.031803392,864.0565
2564,2025-07-05,-0.7185885,0.6584651,78704.56,2203.561,88468.14,1232.0283,12.057679,7.8794874e-05,1.8116873e-05,6.462977e-05,0.00018795137,19226.488,0.14738876,235.30197,0.02987814,1478.8135
2565,2025-07-06,-0.9303373,0.5067037,46215.496,6529.3037,52720.88,5529.3037,8.626587,8.3113875e-05,1.7018836e-05,6.843613e-05,0.00019562176,17970.605,0.1481638,235.9353,0.02932822,2290.135
2566,2025-07-07,-0.7368618,0.7145866,45495.32,6640.8823,51880.062,5640.882,20.470905,0.00012228472,,6.032573e-05,0.00020043741,16669.125,0.14169449,236.9159,,
2567,2025-07-08,-1.4141643,0.36937866,67248.18,3486.9678,75533.91,2521.8782,8.634027,8.573719e-05,1.3538308e-05,6.886827e-05,0.00016816537,19209.662,0.14359897,236.4222,0.033623923,2992.371
2568,2025-07-09,-0.5143535,1.0,60298.777,4334.4526,68266.15,3334.4526,74.8427,8.421854e-05,,5.8763893e-05,0.00019358943,16668.438,0.14705768,235.94171,0.028383687,2190.5056
2569,2025-07-10,-0.52290994,1.0,60390.875,4320.8174,68342.375,3320.8174,61.24739,7.738138e-05,,5.9852027e-05,0.00017493378,16671.248,0.14589846,236.37344,,
2570,2025-07-11,-0.58214647,0.9996179,84829.45,1495.7375,94946.59,521.14514,26.441643,7.635022e-05,,6.709439e-05,0.00019641832,19217.215,0.14402778,236.05743,0.03142388,1461.0823
2571,2025-07-12,-0.445597,0.0008249108,92925.22,792.2084,99497.22,162.28093,5.0733614,9.221562e-05,2.2038901e-05,7.017671e-05,0.00022070532,22094.895,0.15159929,236.5427,0.031246394,1405.96
2572,2025-07-13,-1.0411087,0.62288517,59565.684,4634.3955,67458.87,3638.5208,13.298296,7.5872544e-05,3.7968086e-06,8.14618e-05,0.00017497902,22102.227,0.16162865,235.66502,0.029732622,2162.0085
2573,2025-07-14,-0.77353454,0.9136047,44750.348,6866.19,51018.145,5869.458,61.728306,7.549947e-05,6.015087e-06,6.854447e-05,0.00020398761,22088.926,0.1534277,234.37943,0.027291,2470.8584
2574,2025-07-15,-0.87470436,0.59251493,59305.58,4750.3438,66956.055,3772.251,15.539637,8.625185e-05,2.0788959e-05,6.98971e-05,0.00021228642,19221.926,0.14958033,235.58159,0.02873369,2636.2266
2575,2025-07-16,-0.8017984,0.65828,66738.84,3605.917,75286.164,2618.1978,10.587575,8.3551604e-05,1.1250898e-05,6.503973e-05,0.00019755897,19212.863,0.14379382,236.45082,0.034211904,2115.6287
2576,2025-07-17,-0.58502626,0.11825521,67041.414,3599.8486,75316.445,2645.5347,7.50222,8.7885266e-05,2.0235588e-05,6.805973e-05,0.00021299635,19220.871,0.14715576,236.15125,0.034921803,1773.6047
2577,2025-07-18,-0.7987484,0.7896533,64435.05,3856.4136,72691.766,2860.652,15.192691,8.2606246e-05,,6.214399e-05,0.00020179895,17950.584,0.14807692,236.37326,0.032505963,2357.142
2578,2025-07-19,-1.3992461,0.35403326,66171.93,3762.2263,74431.65,2796.9973,6.483223,8.755664e-05,2.0272586e-05,6.557553e-05,0.0001768319,16674.975,0.14979546,236.345,0.033714574,2809.568
2579,2025-07-20,-0.78812873,0.68604016,52690.414,5484.2314,59793.867,4486.437,6.6419787,8.873598e-05,1.5593081e-05,6.624339e-05,0.00021001976,19210.367,0.15003356,235.5049,0.03189186,3601.5815
2580,2025-07-21,-0.62458086,0.49231952,81876.19,1814.2976,91654.63,846.5383,7.6631336,8.870111e-05,1.7232338e-05,6.460784e-05,0.00021068551,19199.07,0.15046482,236.13977,0.034522995,1734.5398
2581,2025-07-22,-0.9161574,0.37818328,79017.84,2126.9385,88063.016,1192.7347,7.4213977,8.905416e-05,2.2265398e-05,6.368308e-05,0.00020931065,16670.47,0.14571261,236.65604,0.033137325,1803.3452
2582,2025-07-23,-1.1460717,0.9515512,46088.51,6406.6504,52482.43,5406.6504,25.598883,7.720366e-05,,6.1560335e-05,0.00018273469,19214.973,0.14535587,235.94461,,
2583,2025-07-24,-0.5372896,0.7904615,63273.48,3946.0107,71524.13,2946.0107,11.49797,7.772761e-05,1.8816017e-05,6.594287e-05,0.00016196967,19221.887,0.15157233,235.70386,0.031050269,1926.1493
2584,2025-07-25,-0.8136016,0.5901433,67633.375,3531.9487,75861.64,2574.6912,8.742258,8.968976e-05,2.6074453e-05,6.275646e-05,0.0002205843,19223.926,0.14651018,234.35803,0.031342573,2071.4814
2585,2025-07-26,-0.80383635,0.6762258,57428.633,5057.834,64517.844,4108.6416,7.890778,8.224754e-05,2.0291242e-05,6.345095e-05,0.00019765305,19225.406,0.14577025,235.5362,0.029978845,2819.046
2586,2025-07-27,-0.959293,0.73970777,62463.87,4112.5723,70625.516,3113.6917,10.360182,8.3705214e-05,2.3513243e-05,6.146812e-05,0.00019125985,16677.043,0.13963681,235.79814,0.032261044,2492.9731
2587,2025-07-28,-0.6548614,0.9984561,65294.0,3756.8855,73761.83,2756.9863,38.857162,9.881033e-05,,5.5195254e-05,0.00018673195,16669.824,0.13407242,236.90114,0.035507813,2813.827
2588,2025-07-29,-1.1236656,0.9473695,63548.242,3946.8071,71827.67,2946.807,11.137382,8.376822e-05,,6.463483e-05,0.00016251669,16671.535,0.14228763,236.16595,0.036642365,2169.7095
2589,2025-07-30,-0.4753102,0.99884,83269.375,1676.9827,93103.47,715.98584,66.32045,7.810129e-05,,5.6867582e-05,0.00020247023,16673.727,0.14184667,235.5922,0.03286889,2214.834
2590,2025-07-31,-0.567925,1.0,47193.855,6220.44,53700.297,5220.44,73.3844,8.7339504e-05,,5.6885612e-05,0.00016969847,19225.562,0.13894314,236.88226,,
2591,2025-08-01,-0.85862637,0.77644277,64211.52,3900.3206,72740.64,2906.3804,9.292621,8.170992e-05,1.1782413e-05,6.611529e-05,0.00019927726,22069.553,0.15002137,236.51367,0.029556522,1788.0864
2592,2025-08-02,-0.9090071,0.39623928,85709.34,1477.6134,94818.9,595.48474,7.420451,8.00467e-05,1.7787053e-05,6.458783e-05,0.0002054322,20620.734,0.14088449,235.3446,0.03499184,1573.5698
2593,2025-08-03,-0.72122055,0.29198432,56184.297,5338.565,63547.5,4354.455,7.802764,8.354956e-05,1.9893625e-05,6.3462365e-05,0.00021373556,19235.857,0.13853416,235.66493,0.03496201,2182.827
2594,2025-08-04,-1.6525145,0.69664687,65112.145,3831.41,73438.65,2851.1985,11.652618,9.490206e-05,3.3394044e-05,6.112601e-05,0.00017289966,19234.143,0.13883206,235.05095,0.03408164,2631.5435
2595,2025-08-05,-1.0146353,0.46380904,82034.25,1925.5337,90153.33,1092.1775,6.5582085,7.5051226e-05,1.1135485e-05,6.1161416e-05,0.00019123463,14413.823,0.1331235,235.22372,0.03229773,1645.9442
2596,2025-08-06,-0.74244106,0.7716261,56916.305,4901.624,64587.39,3907.4229,11.466856,7.8290206e-05,2.5037942e-05,6.172189e-05,0.00018622939,17963.246,0.13629726,235.92365,0.042364832,1709.0659
2597,2025-08-07,-0.79080063,0.6224717,78125.92,2296.8406,87811.64,1321.5076,13.078216,7.282413e-05,1.8275886e-06,6.700991e-05,0.00019292327,22108.887,0.14927754,234.78778,0.041988216,1233.0757
2598,2025-08-08,-0.45404708,1.0,52986.832,5378.32,60192.516,4378.3203,28.722668,8.7316854e-05,,5.665749e-05,0.00017975483,19242.086,0.14543054,234.88869,0.035553675,1087.6436
2599,2025-08-09,-0.9990993,0.008411065,80671.24,2065.2324,90585.53,1065.2324,4.865643,7.803749e-05,1.5478232e-05,6.255926e-05,0.00016283742,19246.85,0.14373194,234.26456,0.055360463,1284.4752
2600,2025-08-10,-0.7181628,0.9938675,51024.82,5753.0215,58048.953,4753.022,81.329216,8.7251654e-05,,5.4616838e-05,0.0001792305,17959.658,0.14085408,234.17097,0.038072675,1727.5165
2601,2025-08-11,-0.8065909,0.4167245,81954.59,1905.9968,91396.766,979.9121,7.37564,7.217347e-05,1.2226941e-05,6.0153056e-05,0.00018378886,19244.607,0.14101341,234.26015,0.03205493,1034.9313
2602,2025-08-12,-0.6641048,0.36779833,87346.516,1365.9941,97230.78,442.1506,7.1082115,8.106558e-05,2.4467216e-05,5.661784e-05,0.00018883677,19246.223,0.14000182,234.66693,0.036893412,1137.8042
2603,2025-08-13,-0.6437964,0.42557693,80997.09,2081.7625,90330.8,1146.1085,7.2683754,7.559844e-05,1.4768746e-05,5.790642e-05,0.00018808254,19250.418,0.13427281,234.45123,0.0318534,1173.5254
2604,2025-08-14,-0.5607993,0.0024437436,84860.53,1667.9568,95227.1,667.95667,6.030504,7.733165e-05,1.8587865e-05,5.8743786e-05,0.00015858308,16694.898,0.1297706,233.58807,0.03996561,1342.7998
2605,2025-08-15,-0.011240363,0.0,,,,,,7.809449e-05,1.9304145e-05,5.879035e-05,0.00020566868,16693.484,0.1298581,233.00244,0.037005253,1450.3894
2606,2025-08-16,-0.821276,0.40314376,82879.69,1767.5449,91948.53,873.31055,5.649158,7.159969e-05,1.3691166e-05,5.7719586e-05,0.00018318195,16678.668,0.13137722,234.79727,0.033444077,1366.2659
2607,2025-08-17,-0.63822037,0.9100257,78007.875,2190.2544,88020.94,1197.6025,14.750351,6.982901e-05,,5.570419e-05,0.00017203967,22058.17,0.1442886,235.22934,0.035678506,897.435
2608,2025-08-18,-0.68087435,0.52584016,92443.766,847.32056,99365.8,198.16577,9.495067,7.412436e-05,2.3732515e-05,5.6013443e-05,0.0001901658,17960.332,0.141413,233.60107,0.036448516,1097.844
2609,2025-08-19,-0.303281,0.28690743,89895.086,1058.3363,98820.625,231.69583,10.213579,7.416047e-05,1.6511942e-05,5.756033e-05,0.00020051887,14415.791,0.13687989,235.23146,0.031868715,1489.5342
2610,2025-08-20,-0.6043959,0.99993205,70474.44,3016.3638,79569.75,2016.3638,77.98045,7.204077e-05,,5.48453e-05,0.00014649262,16671.7,0.13706,235.266,0.031230414,1639.9281
2611,2025-08-21,-0.5845083,0.4110884,71341.17,2973.114,80609.305,1977.2593,7.8611755,7.774944e-05,2.3131613e-05,5.879634e-05,0.00019295962,16677.145,0.14326695,234.54166,0.032794274,1000.6385
2612,2025-08-22,-0.87426025,0.47821,73389.56,2695.598,82720.336,1717.0767,8.214928,7.1905015e-05,1.3973621e-05,6.0192237e-05,0.00018605366,16672.2,0.145848,234.57791,0.030547712,1012.0141
2613,2025-08-23,-0.6154916,0.5538078,75478.08,2427.4497,84852.19,1471.1047,8.6356,6.694425e-05,1.23037735e-05,6.158147e-05,0.00020283824,19242.139,0.15443417,234.93999,0.032371648,896.2136
2614,2025-08-24,-0.50748587,0.893119,80307.875,1906.5487,90659.66,907.25256,13.67907,6.742197e-05,,5.9403137e-05,0.00019065924,22058.441,0.16070348,234.85059,0.030841928,1081.7554
2615,2025-08-25,-1.5636302,0.93196386,60497.254,4164.8135,68733.7,3164.8132,9.155213,7.2079136e-05,,5.716455e-05,0.00015147428,22061.545,0.1600174,235.08115,0.032081697,1299.3159
2616,2025-08-26,-0.80306125,0.8551725,60691.758,4197.745,69135.414,3200.6936,17.839119,7.905379e-05,1.3878882e-05,5.869307e-05,0.00019381489,24099.262,0.16341971,233.5166,0.029652271,1133.6896
2617,2025-08-27,-0.4697464,0.13619164,87225.34,1356.0195,94868.18,624.7804,5.661788,7.798421e-05,2.1869935e-05,5.5713594e-05,0.00019567629,20662.59,0.15488368,233.3746,0.03184677,788.3789
2618,2025-08-28,-0.7927115,0.7338902,53082.09,5424.7896,60277.082,4424.7896,13.420229,8.069341e-05,1.3702889e-05,5.16265e-05,0.00017026677,16682.02,0.14284685,232.36333,0.03498055,2454.3398
2619,2025-08-29,-0.0008533746,0.04834352,50897.22,5839.535,57757.445,4845.8066,5.68048,0.000100223406,4.8926257e-05,5.1297146e-05,0.00021071664,14412.186,0.13294534,232.09752,0.033840064,2443.86
2620,2025-08-30,-0.030038739,0.0,,,,,,8.186965e-05,2.8652234e-05,5.3217413e-05,0.00016464612,14412.44,0.13331112,232.39674,0.035168882,2148.6323
2621,2025-08-31,-0.7608506,0.9898783,66293.92,3618.9375,74800.33,2618.9375,36.878716,7.6808356e-05,,4.779785e-05,0.00017176734,16678.441,0.1291442,231.52046,0.033512622,1954.7783
2622,2025-09-01,-0.3103726,0.04510108,94502.93,647.026,99697.02,149.16554,4.4779053,7.281836e-05,2.0920437e-05,5.1897925e-05,0.00018430341,16682.043,0.129971,232.64499,0.030305581,1292.9019
2623,2025-09-02,-0.30015033,0.0,,,,,,7.3011666e-05,2.4335857e-05,4.8675814e-05,0.00017686735,16682.426,0.12864253,232.2836,0.03056128,1668.576
2624,2025-09-03,-0.62162983,0.105781205,74068.11,2884.5796,81738.734,2035.348,7.9351134,8.955198e-05,4.326855e-05,4.626393e-05,0.00018708858,14415.968,0.12267022,230.95973,0.03194899,2148.7524
2625,2025-09-04,-0.45685622,0.853401,83748.41,1767.5217,92041.51,937.5921,9.953617,7.575759e-05,2.56415e-05,4.516825e-05,0.0001951262,14417.891,0.12391806,232.50507,0.027552683,1820.9447
2626,2025-09-05,-1.2600456,0.15170719,78210.51,2307.0894,88148.914,1307.0892,8.345047,6.729576e-05,1.8679313e-05,4.8293154e-05,0.00014902733,14418.529,0.11710427,231.7008,0.030864203,2047.1624
2627,2025-09-06,-0.8058329,0.57404536,62278.773,4391.7236,69861.91,3437.042,6.652259,8.129255e-05,3.6578866e-05,4.8612215e-05,0.00018441738,14419.602,0.11790566,232.21945,0.028766692,2383.7876
2628,2025-09-07,-0.6808888,0.235813,86168.59,1540.9487,94581.05,701.2671,5.530033,6.5414344e-05,1.29676555e-05,5.2062416e-05,0.00018028691,16693.395,0.11417864,232.7186,0.03297763,1833.5771
2629,2025-09-08,-0.36241087,0.6906866,88151.58,1328.8153,98085.02,390.12622,8.057552,6.446685e-05,1.7970582e-05,4.8691694e-05,0.00017361483,16693.61,0.1124012,232.01024,0.031231064,952.4225
2630,2025-09-09,-0.57494026,0.530747,86639.51,1449.7559,96538.41,518.0017,9.375115,7.338716e-05,2.673873e-05,4.4779616e-05,0.00018430395,16691.713,0.113965064,232.4318,0.028550252,1129.1868
2631,2025-09-10,-0.91841173,0.012253933,80312.38,2126.0525,90368.766,1126.0526,9.374424,7.321964e-05,2.2537992e-05,5.0646777e-05,0.00016208604,16690.656,0.115934536,232.31235,0.033619218,1752.0679
2632,2025-09-11,-0.6763172,0.74902374,35391.9,8438.482,40621.387,7438.4824,13.788809,7.221286e-05,3.2322925e-05,4.7572026e-05,0.00017098483,14416.949,0.10853438,231.27303,,
2633,2025-09-12,-0.5637376,1.0,57564.93,4745.836,65161.94,3745.8354,45.139908,,,,,,0.11066826,231.40976,,
2634,2025-09-13,0.070396155,1.0,91893.03,960.1183,100504.38,176.4557,21.45843,6.195129e-05,,4.818751e-05,0.00018281252,16695.578,0.113048896,231.32211,0.038138326,1491.3813
2635,2025-09-14,-0.067651406,0.5668848,39650.656,7554.5464,45458.17,6554.9062,6.044133,8.499074e-05,3.4736095e-05,4.564158e-05,0.00016850577,16687.484,0.11436805,230.92288,,
2636,2025-09-15,-0.97575665,1.0,78860.125,2146.8545,88840.32,1161.0088,47.901085,9.015933e-05,,4.1131407e-05,0.00015004812,16682.021,0.12353462,230.22826,0.031071482,1555.9406
2637,2025-09-16,-0.094224334,0.9549818,46722.55,6226.78,53472.305,5226.78,45.87522,0.00021919877,8.078768e-05,4.3143576e-05,0.0002092784,19225.176,0.12022953,230.19293,,
2638,2025-09-17,-0.7430842,0.8496665,71336.64,2964.332,80532.91,1974.583,16.217705,7.170296e-05,3.562156e-05,4.645774e-05,0.00018014418,20652.832,0.12801908,230.75713,0.028461687,1455.8
2639,2025-09-18,-0.83184314,0.5595569,85234.91,1520.124,94618.016,634.9845,6.7597437,6.1444705e-05,1.670093e-05,4.112116e-05,0.00016229093,16684.021,0.118337244,230.08594,0.030811535,1090.8093
2640,2025-09-19,-0.6546738,0.74490464,81342.32,1896.5068,91446.69,921.6593,8.39847,6.1111015e-05,1.6624248e-05,4.32449e-05,0.00016279102,16683.395,0.1192503,228.71031,0.032053,1082.1929
2641,2025-09-20,-0.51544523,0.44217008,91597.48,960.30005,98864.76,285.7461,6.6933537,5.6932593e-05,1.2361198e-05,4.0536885e-05,0.00016635694,14419.207,0.11466487,228.50589,0.026812213,1435.4475
2642,2025-09-21,-0.7935225,0.0,,,,,,7.844971e-05,3.8243295e-05,4.0206414e-05,0.00015352953,14415.458,0.11298021,227.70515,0.027067646,2909.174
2643,2025-09-22,-0.40071905,0.9797862,85808.55,1461.4702,96241.53,467.98535,16.652649,8.448142e-05,,4.3527652e-05,0.00019524491,14415.414,0.117609456,229.00185,0.02914531,1661.3541
2644,2025-09-23,-0.522186,0.72307336,75963.06,2468.8723,85875.21,1477.1975,12.034543,5.8647533e-05,1.8363731e-05,4.8990987e-05,0.00017635942,16687.482,0.12670396,229.45164,0.032221533,766.2521
2645,2025-09-24,-0.4062234,0.25551248,82383.06,1958.0132,91630.08,1069.202,8.084557,5.8863785e-05,1.1964849e-05,4.721389e-05,0.00017357478,19260.457,0.1444973,229.42802,0.029896656,609.50073
2646,2025-09-25,-0.51447403,0.5444329,88191.15,1346.4285,98256.15,436.01227,9.89272,6.980038e-05,2.2297307e-05,4.358129e-05,0.00018321673,15560.009,0.13358146,228.87378,0.029899899,673.3812
2647,2025-09-26,-0.5378576,0.0,,,,,,8.635538e-05,4.1635005e-05,4.472036e-05,0.00016360397,16705.973,0.12789395,227.37175,0.03258359,694.76306
2648,2025-09-27,-0.26404113,0.7945471,53082.89,5430.475,60455.46,4430.4756,10.264351,7.992331e-05,,4.440041e-05,0.00017706657,16691.504,0.13126817,227.53021,,
2649,2025-09-28,-0.48321664,0.9916865,86680.31,1447.5386,97553.09,458.16727,19.007895,5.8828322e-05,,4.1511776e-05,0.00015796666,14422.811,0.13498396,227.82074,0.031382713,705.64343
2650,2025-09-29,-0.42208877,1.0,89271.67,1212.2756,99315.86,314.29724,33.39832,6.925652e-05,,4.3259806e-05,0.00017300312,20701.195,0.14065951,227.02179,,
2651,2025-09-30,-0.19040827,0.9999348,84401.1,1710.1084,94293.36,792.2599,21.922215,5.0146053e-05,,4.0828483e-05,0.00015321253,22160.676,0.1359658,226.49335,0.02979209,827.33075
2652,2025-10-01,-1.3672352,0.43927398,49335.246,5826.1016,56454.477,4826.1016,11.969249,5.2851738e-05,2.2101987e-05,4.562584e-05,0.0001422245,22160.17,0.13329662,226.2404,,
2653,2025-10-02,-0.43975177,0.85098076,56503.15,4778.1875,64447.668,3778.1873,11.258121,5.081298e-05,,4.7086003e-05,0.00018236949,22140.04,0.13753825,225.98376,0.025474207,1319.7692
2654,2025-10-03,-0.2779494,0.5327296,82940.836,1784.2146,93784.07,786.7462,8.437483,7.46288e-05,2.338603e-05,4.762728e-05,0.00019393717,22135.941,0.14058653,228.05069,0.02924972,741.177
2655,2025-10-04,-0.41765293,0.816456,77906.12,2231.6938,87758.88,1266.4064,9.943087,6.826903e-05,2.2074877e-05,4.088747e-05,0.00017338246,13051.302,0.12562242,228.77438,0.02826246,1050.5109
2656,2025-10-05,-0.570276,1.0,54473.734,5066.978,62210.97,4066.9785,64.020874,,,,,,0.12076576,227.73128,,
2657,2025-10-06,-0.16285348,0.80172,72878.47,2741.8203,82486.78,1746.5663,12.260277,5.487255e-05,,4.604942e-05,0.00018378887,22085.52,0.13606238,226.566,0.028593842,767.43744
2658,2025-10-07,-0.9842023,0.11215953,73882.89,2704.5974,83631.16,1704.5973,11.496021,7.2677256e-05,3.359729e-05,4.100823e-05,0.00017174902,22119.04,0.13287434,225.4259,0.028418453,941.56995
2659,2025-10-08,-0.13663705,0.21621335,86360.08,1426.3923,95877.25,556.4696,9.149725,7.349465e-05,3.2621087e-05,4.0372703e-05,0.00019918806,16690.2,0.1289714,224.9931,0.02906717,966.33466
2660,2025-10-09,-0.47579598,0.2624944,64295.59,4025.991,72062.3,3107.7456,4.8490047,8.614006e-05,4.4872104e-05,4.14073e-05,0.00019903632,19235.188,0.11652234,225.87541,0.032499753,885.10016
2661,2025-10-10,-0.2412326,0.94836485,74128.484,2623.1562,83646.266,1638.7799,32.29116,7.030966e-05,2.3867484e-05,3.81436e-05,0.00017071635,20645.918,0.13155425,226.48666,0.025752077,712.3531
2662,2025-10-11,-0.38534924,0.999997,80130.45,2107.5098,88235.33,1278.2393,50.56,8.038056e-05,,3.0122676e-05,0.00015051765,14415.756,0.11322222,225.02643,0.029457351,1236.8152
2663,2025-10-12,-1.1361709,0.9837662,79929.91,1978.9637,89861.79,1010.10455,80.97013,8.319201e-05,,3.0003335e-05,0.00013443641,16675.453,0.123922855,225.38243,0.02689024,1078.0282
2664,2025-10-13,-0.0495463,0.63632137,79685.05,2038.3691,89306.55,1104.4402,38.33978,5.6418932e-05,1.549574e-05,3.7161888e-05,0.00017094275,24167.865,0.15065908,225.71936,0.028501827,474.2697
2665,2025-10-14,-0.32466564,0.88287294,85863.89,1425.518,96597.016,455.0389,15.916678,7.145718e-05,4.0489762e-05,3.3485263e-05,0.00016468283,22102.02,0.13105282,226.6243,0.029553715,461.93134
2666,2025-10-15,-0.15380807,0.91296613,86081.9,1428.9655,96888.94,443.27875,10.48246,6.9828544e-05,,3.231602e-05,0.00015047859,19241.648,0.13053319,225.90886,0.029584317,651.40295
2667,2025-10-16,-0.10309991,0.76671183,77280.03,2287.4512,87453.1,1290.6733,8.866392,7.8780045e-05,6.228474e-05,3.169745e-05,0.00014898373,16683.7,0.12870133,226.29434,0.026840014,771.7558
2668,2025-10-17,-1.5100024,0.99799687,83662.86,1616.761,94249.01,629.8041,42.58915,0.0001231897,,3.3158532e-05,0.00015863629,19229.277,0.13037258,226.3903,0.027696999,1026.6167
2669,2025-10-18,-0.28696397,0.9992329,68693.98,3205.5776,77917.484,2205.5776,131.98318,0.00013438407,,3.422075e-05,0.00015870163,22087.28,0.14199762,224.43773,0.026000503,885.13635
2670,2025-10-19,-0.11323596,0.0,,,,,,6.008456e-05,2.2835211e-05,3.7249352e-05,0.00017216473,20675.668,0.12791458,224.20583,0.028757762,489.6001
2671,2025-10-20,-0.06758269,0.0,,,,,,6.456266e-05,2.8510633e-05,3.6052028e-05,0.00017386147,16687.793,0.12371224,222.8829,0.02929153,390.8426
2672,2025-10-21,-0.13652816,0.05879764,73390.234,2674.3523,82995.695,1674.4148,4.362217,6.918116e-05,3.4579476e-05,3.4601682e-05,0.0001722556,14416.299,0.11749233,222.97246,0.0307725,541.6682
2673,2025-10-22,-0.21424215,0.2557739,63154.445,3953.7427,71577.016,2955.1047,9.748869,,,,,,0.1219347,223.78271,0.027899565,1194.4973
2674,2025-10-23,-1.5549711,0.9995126,62625.184,3906.3884,71109.45,2906.3884,87.89818,,,,,,0.1289821,224.18045,0.026423171,1349.5989
2675,2025-10-24,-0.41620958,0.9984751,62447.062,3885.795,70647.52,2885.795,65.39513,,,,,,0.1330576,222.4718,0.027795577,2126.903
2676,2025-10-25,-0.5149528,1.0,46473.492,6019.8027,53137.137,5019.8027,119.21713,,,,,,0.12479572,222.8245,,
2677,2025-10-26,0.00030776858,0.99219054,69567.83,3063.2383,78712.5,2088.879,68.1106,0.00011478212,,3.1748077e-05,0.00018252646,24100.523,0.13403147,222.64758,0.02807198,706.69653
2678,2025-10-27,-0.20676878,0.9832307,77458.58,2040.2158,87742.17,1040.3544,31.791435,0.000105275634,,2.9707477e-05,0.00016840945,22007.994,0.13618594,222.38937,0.027490642,672.3684
2679,2025-10-28,-1.4509777,0.99637103,84690.31,1370.9143,94344.13,471.66537,54.649986,7.668878e-05,,2.835887e-05,0.00015211203,22021.943,0.14028981,222.28302,0.026916005,707.4373
2680,2025-10-29,-0.2540065,0.91850865,87301.47,1191.4397,97148.164,291.65024,19.54531,7.1104354e-05,6.763193e-05,2.784202e-05,0.00017875091,22057.018,0.1334783,220.74632,0.0290202,739.47266
2681,2025-10-30,0.0062431023,,,,,,,7.558028e-05,5.1736137e-05,2.620549e-05,0.00014451076,16670.506,,,,
2682,2025-10-31,-0.55660385,,,,,,,0.00013060737,,2.0265466e-05,0.00020544018,16670.953,,,0.029407049,788.1477
2683,2025-11-01,0.25540146,,,,,,,,,,,,,,0.028537698,590.196
2684,2025-11-02,-1.4363176,,,,,,,,,,,,,,,
2685,2025-11-03,-0.3945296,,,,,,,,,,,,,,0.029186713,1794.6791
2686,2025-11-04,0.1323256,0.57078123,91944.17,909.3468,100264.06,169.09796,8.660284,6.8979316e-05,5.334833e-05,2.2238877e-05,0.00017105552,16691.486,0.12740561,216.62035,0.02784513,885.3663
2687,2025-11-05,0.09565908,0.5727108,55695.496,5168.1265,63282.125,4168.1265,17.099691,8.120622e-05,5.546963e-05,2.3349028e-05,0.0001481742,14422.057,0.122690454,217.46202,0.027481077,1377.4644
2688,2025-11-06,0.062933505,,,,,,,7.094184e-05,4.141587e-05,2.3865075e-05,0.00014463067,14419.819,,,0.027201254,1169.5618
2689,2025-11-07,0.4043386,0.0,,,,,,6.460663e-05,3.4999175e-05,2.3972072e-05,0.00016169608,14419.779,0.112881556,216.091,,
2690,2025-11-08,-1.3390495,,,,,,,4.9577815e-05,,2.1798405e-05,0.00014923784,14418.814,,,0.028681336,852.6204
2691,2025-11-09,-0.30877745,1.0,92615.99,804.7578,99709.414,169.0723,28.196795,5.2319614e-05,,2.2505354e-05,0.00017778692,16685.543,0.12245802,215.40773,0.02680734,937.7509
2692,2025-11-10,-0.45942697,0.99121654,88008.0,1223.8173,96452.37,444.56824,15.687447,8.302965e-05,,2.4044668e-05,0.00016980026,19232.805,0.11475348,215.25255,0.029689165,1082.575
2693,2025-11-11,-0.27506298,0.9999912,71169.05,2908.1511,80714.41,1908.1511,69.674866,9.845254e-05,,2.3104276e-05,0.00016159714,19231.664,0.12168995,216.09637,0.027843807,1148.9199
2694,2025-11-12,-0.10821128,0.98721975,82443.4,1801.6349,91799.0,911.5839,24.941942,6.8404115e-05,,2.1771322e-05,0.00014740913,16687.363,0.12003087,216.53577,,
2695,2025-11-13,-0.895876,0.7523315,34031.81,8522.5625,39224.18,7522.5635,31.518072,7.627542e-05,5.225446e-05,2.0834632e-05,0.00012897266,14415.317,0.1186614,216.4796,,
2696,2025-11-14,-0.59030944,0.99169564,46805.727,6150.9717,53560.574,5150.972,74.2382,,,,,,0.12546837,216.42416,,
2697,2025-11-15,0.16417718,0.30446362,83538.64,1616.9211,94070.195,660.855,30.407825,3.6845857e-05,1.1506812e-05,2.5414756e-05,0.00015992415,13051.5625,0.14596227,215.27039,0.030047596,359.30914
2698,2025-11-16,0.25157952,0.17530139,39104.62,7367.872,45115.78,6367.872,23.867102,4.0999745e-05,1.6328446e-05,2.4796533e-05,0.00014895886,16679.117,0.13674018,213.90125,,
2699,2025-11-17,-0.18354523,0.90571237,69251.555,3032.293,78521.766,2032.5596,38.999283,0.000118155964,,2.2165565e-05,0.00017853155,16664.59,0.1331917,215.23782,0.030928094,601.0044
2700,2025-11-18,-0.75418895,0.6149944,85621.97,1331.727,96146.195,388.8614,46.732834,4.3940632e-05,1.7696972e-05,2.4768166e-05,0.00015463008,19214.896,0.1389281,215.91463,0.029862173,328.07217
2701,2025-11-19,-0.12530789,0.99801326,58847.273,4246.664,67260.875,3246.6646,154.80334,,,,,,0.1395424,214.91925,0.029078659,668.98663
2702,2025-11-20,0.34714168,0.64260036,48938.734,5703.039,56057.59,4703.039,66.27237,5.678042e-05,3.912739e-05,2.5245736e-05,0.00016757572,19222.963,0.1402641,214.67194,0.029652612,462.97525
2703,2025-11-21,0.2589079,0.8869549,49766.383,5555.6196,57015.75,4555.6196,41.887882,5.1880168e-05,,2.4439198e-05,0.00016116242,16684.645,0.13063598,215.26749,,
2704,2025-11-22,0.29609326,0.80539536,48811.855,5712.0127,55832.758,4712.0127,22.707191,4.7986156e-05,1.2953543e-05,2.7629094e-05,0.0001676204,19248.738,0.13832697,213.48895,0.031956535,222.49573
2705,2025-11-23,0.22592217,0.8912947,46970.25,6114.9062,53839.266,5115.517,50.105038,4.589572e-05,,2.1693038e-05,0.00013371205,19243.152,0.12710315,213.07144,,
2706,2025-11-24,-1.1484951,0.99947387,84230.55,1450.8462,95196.695,466.02835,51.29106,9.7433964e-05,,1.6408536e-05,0.00016335915,19214.373,0.12477836,213.28575,0.029704377,389.21082
2707,2025-11-25,-0.065019354,0.94764376,49547.227,5560.8433,56869.797,4560.843,79.460754,,,,,,0.1284919,211.92674,,
2708,2025-11-26,-0.13268529,0.99838674,47627.188,5937.44,54503.375,4937.4404,107.1953,,,,,,0.13502285,212.48363,,
2709,2025-11-27,0.040811718,1.0,84195.05,1540.9458,95091.45,540.9458,53.54099,0.0001154934,,2.2798778e-05,0.00025502077,16681.213,0.14283866,212.62749,0.030578487,483.5315
2710,2025-11-28,0.4073935,0.8660959,86889.875,1340.6284,97885.94,359.48386,33.425354,5.693727e-05,,2.1360756e-05,0.00015271912,13052.836,0.12612113,212.58792,0.027004275,734.0836
2711,2025-11-29,-1.2706008,,,,,,,5.577082e-05,,2.1820313e-05,0.00017675174,16685.861,0.13475579,214.01875,0.030358989,320.69165
2712,2025-11-30,-0.7476451,0.8951011,68652.21,3244.9243,77927.77,2244.9785,25.460966,0.00013320577,,1.953314e-05,0.00023115295,16687.502,0.12514928,212.24768,0.029923981,811.6638
2713,2025-12-01,-0.08630506,0.8533664,71683.04,2900.02,81148.586,1900.0203,30.606712,7.751204e-05,,1.7964738e-05,0.00016391033,16685.842,0.13964057,211.34305,0.030872323,1159.6431
2714,2025-12-02,0.18930419,0.949389,87642.805,1287.289,98869.516,295.37186,24.371902,5.673549e-05,,1.6612077e-05,0.00014542339,16692.785,0.13454881,210.19003,0.0306359,696.92017
2715,2025-12-03,0.0676204,0.9882359,91179.72,957.2565,100310.59,168.15326,40.77724,6.6289576e-05,,1.5785774e-05,0.00015840228,16693.16,0.12206355,209.41171,0.031111298,825.7428
2716,2025-12-04,-1.0868965,0.7944384,78620.1,2162.105,88700.695,1185.645,123.55327,5.295403e-05,3.345465e-05,1.9258188e-05,0.00014751381,19244.037,0.1111401,210.93495,0.030382346,766.094
2717,2025-12-05,-0.4824294,0.8514271,69506.78,3225.2078,78712.3,2225.2075,68.43456,6.2385596e-05,4.509358e-05,1.4654118e-05,0.00013572205,14419.338,0.12685335,209.68042,0.031074803,1221.2172
2718,2025-12-06,-0.29326186,0.99931943,53426.203,5211.0166,60766.176,4211.016,147.3847,9.6856376e-05,,1.8016584e-05,0.00018239781,14419.063,0.13543329,210.11606,,
2719,2025-12-07,0.30396596,0.98566455,65308.117,3608.5723,74086.06,2608.5723,138.22018,0.00012075546,,2.1916196e-05,0.00021361465,16685.766,0.12787145,210.5721,0.033647835,1112.7096
2720,2025-12-08,0.038802683,0.9666886,58074.484,4719.3867,66359.305,3719.3867,58.582954,2.2178694e-05,,1.8210758e-05,0.00011761737,14418.037,0.1280175,210.255,,
2721,2025-12-09,-0.3498554,0.78627396,56926.797,4860.8047,64879.36,3862.2112,47.167786,5.5823275e-05,1.3644496e-05,2.04948e-05,0.00015079099,19223.54,0.1397858,211.81458,0.028499559,721.5701
2722,2025-12-10,-1.142243,0.5641408,57919.617,4541.4893,65781.61,3541.4895,69.506874,5.540767e-06,-1.5094832e-05,1.6344893e-05,8.846051e-05,14418.16,0.1276257,212.26115,0.028219223,1681.5441
2723,2025-12-11,0.25904417,0.7215303,77805.18,2183.7427,88045.89,1187.1497,74.68281,1.350322e-05,-1.3712034e-05,2.281663e-05,0.000119900345,22081.139,0.15050444,213.97623,0.029212536,671.02576
2724,2025-12-12,0.14423433,0.66747284,80620.13,1902.3997,91320.45,902.3998,55.199444,4.1780688e-05,1.0457417e-05,2.1631782e-05,0.00016310494,16682.105,0.13620456,215.94589,0.030216873,704.59247
2725,2025-12-13,0.030338258,0.84776664,43441.68,6641.6494,49725.96,5641.6494,70.80844,,,,,,0.14488113,216.33763,,
2726,2025-12-14,0.11661142,0.86089087,80581.375,1925.5427,91116.67,933.1454,50.550194,0.00010830766,,2.1785387e-05,0.00021095345,16687.0,0.16184163,216.47913,0.03164165,687.0853
2727,2025-12-15,-1.6305946,0.81291825,76908.664,2296.0432,87193.39,1296.0435,54.755093,,,,,,0.124896266,214.8523,0.030938558,2193.4236
2728,2025-12-16,-0.08919752,0.90869474,90286.97,1042.9845,100008.12,179.68085,22.504131,5.479514e-05,,1.6079866e-05,0.0001679636,14420.238,0.13023734,210.61322,0.027974589,590.1117
2729,2025-12-17,0.34619355,0.69713426,47869.812,6079.286,54713.24,5079.286,169.83278,,,,,,0.11973727,208.73276,,
2730,2025-12-18,0.17732197,0.9419266,91889.08,896.5897,100270.16,166.1965,37.33017,8.982918e-05,,1.2084165e-05,0.0001636334,14420.648,0.12269666,207.70937,0.030109566,918.74524
2731,2025-12-19,0.37728235,0.77410626,90480.27,1046.3073,99783.39,226.13448,53.06757,6.607926e-05,,1.214463e-05,0.00015166539,14421.749,0.115856074,208.64859,0.030597612,812.8428
2732,2025-12-20,-0.8567379,0.97863144,80263.97,1991.9229,90620.16,994.7142,122.765625,9.32791e-05,,1.6063559e-05,0.00015188362,14417.518,0.13993177,208.50635,0.030561171,1023.97925
2733,2025-12-21,-0.07449451,0.87692136,87569.11,1249.314,98480.836,275.91544,48.055428,3.9929942e-05,,1.2610815e-05,0.00010321416,16685.08,0.1221682,209.62671,0.030508203,530.3723
2734,2025-12-22,0.15709059,0.76570296,86522.72,1381.5304,97782.45,382.1432,65.27692,3.188879e-05,,1.7215432e-05,0.00011093089,19247.127,0.124177754,209.794,0.031362675,368.96176
2735,2025-12-23,0.119580135,0.0028765243,68104.086,3299.2483,77311.3,2299.2483,18.86137,-1.0612486e-05,-3.392502e-05,2.3312905e-05,0.00010806722,22143.88,0.16557494,210.63676,0.03274827,97.15453
2736,2025-12-24,0.18429607,0.19093297,79259.44,2132.1292,90235.87,1132.1292,131.2529,6.7636365e-06,-2.5551117e-06,1.705626e-05,0.000101601996,16708.785,0.14036462,208.57515,0.033769935,281.62854
2737,2025-12-25,0.47488016,0.914038,42272.31,6910.7007,48532.367,5910.7,100.798,,,,,,0.12996799,209.9422,,
2738,2025-12-26,0.01991479,0.0,,,,,,3.3237495e-05,2.1097492e-05,1.2140002e-05,9.364676e-05,16689.785,0.13041054,208.46977,0.030391544,400.0574
2739,2025-12-27,-0.6050025,0.98985624,63156.445,3749.849,71786.06,2749.849,72.618095,4.3800836e-05,,1.5400907e-05,0.000112326714,16677.172,0.13290112,210.86537,0.03169886,630.2538
2740,2025-12-28,-0.12748325,0.96661997,76707.25,2182.0574,87018.42,1182.0574,48.405525,3.616654e-05,,1.734814e-05,0.00013029213,19214.432,0.14881876,212.68826,0.030852076,420.6293
2741,2025-12-29,0.15195708,0.78788334,78360.14,1969.5432,88899.1,970.50806,73.202515,4.907883e-05,3.801966e-05,1.6474627e-05,0.00014125522,19199.037,0.16727838,213.17676,0.030618507,403.79572
2742,2025-12-30,0.50131005,0.81258845,65775.46,3231.962,75101.94,2244.8545,129.4974,3.884217e-05,3.7093828e-06,2.0376749e-05,0.0001446172,27468.398,0.17886487,213.64722,0.027759034,164.97554
2743,2025-12-31,-1.1360253,0.5861693,71717.73,2598.4775,82069.78,1598.4775,76.58087,3.8943148e-05,,1.9371244e-05,0.00012516782,22066.111,0.18540798,213.89723,0.032577112,156.04037
2744,2026-01-01,0.033699065,0.7006877,44736.145,6039.738,51399.98,5039.738,155.28027,,,,,,0.15104052,213.29733,,
2745,2026-01-02,-0.04244504,0.9523449,58194.56,4101.7095,66654.54,3101.7095,136.12039,,,,,,0.17212142,215.51239,,
2746,2026-01-03,0.4850921,0.96044916,62631.83,3626.3105,71653.19,2630.396,127.68231,,,,,,0.18427628,218.4918,0.029580606,192.53316
2747,2026-01-04,-0.42794916,0.85941416,64484.21,3480.5586,73624.03,2491.6445,43.799522,0.00012069951,,2.8093627e-05,0.00023499317,24098.691,0.17741105,219.65253,0.030540036,321.53973
2748,2026-01-05,-1.191358,0.8794568,84194.9,1506.0223,95302.914,509.2018,75.73797,0.00011211606,,2.2113572e-05,0.00021994977,16681.379,0.17434353,218.50716,0.03508362,276.7152
2749,2026-01-06,-0.58961636,0.8658122,66163.586,3322.3855,75704.445,2322.3853,66.356285,,,,,,0.17625213,217.7482,0.030648377,400.51663
2750,2026-01-07,0.016590364,0.7961037,64759.605,3540.7112,74046.5,2540.7112,134.83423,0.00016135837,,2.3694189e-05,0.00026756464,16684.645,0.17084715,217.43622,0.0341497,304.09445
2751,2026-01-08,0.078191236,0.9116259,44919.066,6154.6445,51665.207,5154.6445,128.33026,,,,,,0.16960183,216.72256,,
2752,2026-01-09,0.36809188,0.90887296,54131.9,4783.6846,61790.6,3783.6846,116.54542,0.00016836997,,1.4619312e-05,0.00020741831,20618.902,0.15076329,215.36981,,
2753,2026-01-10,-1.5350312,0.64957905,66624.41,3126.1504,76015.46,2126.1501,74.50746,0.00012647979,,1.8208137e-05,0.00020811851,22029.826,0.16005994,214.5325,0.0324109,372.57095
2754,2026-01-11,-0.4491112,0.49642444,78361.82,1961.0593,89071.64,987.46765,182.55257,0.00013203952,,2.0090494e-05,0.00028549432,22054.48,0.16458914,214.2099,0.034745142,344.21292
2755,2026-01-12,-0.1252927,0.49826545,79370.266,1952.2292,89884.44,977.052,63.702286,0.000102014696,0.00010204985,2.042923e-05,0.00026266475,19231.824,0.16277167,213.60867,0.036667757,304.6008
2756,2026-01-13,-0.11269419,0.7548113,72808.53,2637.8894,82878.17,1637.8892,78.810036,0.00011958589,,1.7956183e-05,0.00015445433,22097.049,0.15727083,216.0679,0.032645877,248.53113
2757,2026-01-14,-0.062393904,0.4071334,87339.55,1267.8723,97989.555,355.06146,69.530914,0.00012540708,7.28933e-05,2.4498917e-05,0.00029221043,19249.441,0.14342201,217.6607,0.0350876,220.69727
2758,2026-01-15,0.2008943,0.55528265,75807.56,2412.6616,85908.86,1429.8641,131.46686,8.276001e-05,1.6242686e-05,2.9032388e-05,0.0002072147,19249.504,0.15791336,219.50533,0.03162466,422.36115
2759,2026-01-16,-0.8847234,0.26731613,85877.54,1516.3695,95943.52,630.4791,84.66895,7.874795e-05,5.040509e-05,2.8091252e-05,0.0002273059,16704.406,0.14318441,221.9377,0.033820383,350.24118
2760,2026-01-17,-0.26496574,0.3922775,80604.78,2099.4705,90756.77,1143.3804,109.85817,7.608892e-05,2.9631381e-05,2.7711816e-05,0.00022005173,14429.165,0.15206586,220.8056,0.036647763,269.70358
2761,2026-01-18,-0.30329716,0.3483879,86600.94,1544.989,96890.16,627.4758,105.53722,0.000110174944,4.717456e-05,2.4825447e-05,0.00022602145,14430.441,0.14449319,220.83325,0.033045523,154.20796
2762,2026-01-19,-0.20848116,0.39485696,72398.29,2947.8652,82101.03,1947.983,90.89798,0.00010755104,,2.6757127e-05,0.000225579,14428.189,0.16483779,217.46404,,
2763,2026-01-20,-0.0026346743,0.36557555,79698.14,2136.6553,89622.91,1177.6262,58.790318,0.00013566787,7.900156e-05,1.6851729e-05,0.00021579201,14423.826,0.15610771,215.26143,,
2764,2026-01-21,-0.73631257,0.27296633,83275.82,1669.1157,92787.64,787.2238,66.085686,0.00013889025,0.000117264455,2.0490714e-05,0.00029004575,16685.574,0.1592577,216.08356,0.036431752,228.40384
2765,2026-01-22,0.06485769,,,,,,,5.308823e-05,,2.4797493e-05,0.00019051696,16683.373,0.17952645,215.29929,0.032250624,240.45517
2766,2026-01-23,-0.14120907,0.70742893,83648.62,1557.3004,94894.88,579.63165,39.09751,9.767541e-05,,2.5010595e-05,0.00019464848,16686.14,0.1838758,219.33685,0.030458525,163.33295
2767,2026-01-24,-0.31201637,0.42331514,85889.87,1375.9791,96368.875,475.05652,20.575443,4.545696e-05,1.0403675e-05,2.3312034e-05,0.00014791505,22111.836,0.17443538,221.59695,0.0322191,206.8042
2768,2026-01-25,-0.41195723,0.35283583,84933.766,1486.2898,95247.86,571.45215,21.458815,9.0727815e-05,4.9558446e-05,2.0718355e-05,0.00018349687,20696.047,0.1633938,220.80548,0.032297626,284.9198
2769,2026-01-26,0.121579826,0.9755212,48728.555,5748.123,55799.586,4748.123,114.06116,,,,,,0.16769163,221.8596,,
2770,2026-01-27,-0.79635096,0.9989653,79179.95,1971.9215,89291.98,994.2346,107.12969,,,,,,0.18476613,223.487,0.030065915,1333.5071
2771,2026-01-28,-0.38640955,0.9764943,72786.69,2555.434,82585.766,1555.4343,33.238926,7.9171805e-05,,3.5902118e-05,0.000211467,22040.164,0.20281231,225.41379,0.0287349,520.0542
2772,2026-01-29,-0.30122203,0.96529615,77980.84,2057.9272,88455.14,1058.1165,28.730621,0.0001128988,,3.2235384e-05,0.00022337759,19222.887,0.16267946,227.38498,0.029587459,133.84549
2773,2026-01-30,-0.40618122,0.30426198,78384.86,2104.9165,87285.664,1289.641,6.2325974,5.9627142e-05,2.199304e-05,3.2644886e-05,0.00020738282,19240.344,0.1953373,227.55273,0.03247492,101.57851
2774,2026-01-31,-0.43443653,0.29286972,83570.086,1639.3737,90305.016,1007.31226,2.521279,5.2146643e-05,1.9641777e-05,3.0861753e-05,0.00018133293,19253.375,0.19704051,228.4815,0.03400944,104.36174
2775,2026-02-01,-0.8687548,0.3501481,75377.59,2416.2368,84246.85,1538.2482,1.420564,6.3881555e-05,3.0492423e-05,3.307424e-05,0.00019414877,19259.855,0.17862915,229.9238,0.03317062,115.32991
2776,2026-02-02,-0.3787216,0.35673785,77129.58,2277.287,87077.78,1316.8927,1.0018427,8.005384e-05,4.3304346e-05,4.0073166e-05,0.00025264386,22117.787,0.19784838,229.8705,0.032957323,175.02025
2777,2026-02-03,-0.31688616,0.33359164,73978.29,2576.8386,83924.63,1613.752,2.4764795,0.00010026204,4.2848485e-05,3.9219027e-05,0.00024969262,24221.426,0.16035822,231.88367,0.033550777,354.07312
2778,2026-02-04,-0.3295593,0.27909106,66132.13,3447.7314,75356.82,2467.4915,1.0265809,9.6282754e-05,5.5037624e-05,3.521856e-05,0.00025664223,22120.836,0.16090143,231.66321,0.0335562,265.3135
2779,2026-02-05,0.21781735,0.9864088,64327.754,3685.1855,73219.99,2685.773,58.685017,0.00016199674,,3.2992306e-05,0.00018883072,19227.537,0.18579915,229.88327,0.0329018,498.40112
2780,2026-02-06,-1.0459219,1.0,80053.81,1850.5392,90734.85,852.4596,92.1013,,,,,,0.18073617,229.6538,0.029732594,811.53784
2781,2026-02-07,0.18520954,0.9991873,84553.625,1445.7468,95542.445,445.74677,150.36826,,,,,,0.173426,229.28076,0.030530015,1010.5535
2782,2026-02-08,-0.32427534,0.26245937,73099.9,2593.9785,82662.65,1653.9618,1.2598307,5.0065733e-05,1.62652e-05,3.2573225e-05,0.00018115238,22103.344,0.19055602,228.35745,0.03153752,124.542885
2783,2026-02-09,-0.40689784,0.27981246,78701.95,2090.152,87330.3,1273.127,1.0317683,8.440333e-05,4.938877e-05,3.355815e-05,0.0002383946,19247.617,0.18640485,226.90964,0.033784054,94.86961
2784,2026-02-10,-0.14296842,0.72224945,81221.375,1780.0974,90535.16,923.5757,11.875819,7.8639336e-05,4.8735877e-05,3.21396e-05,0.00017800028,19220.36,0.18147555,225.90749,0.03172639,130.72098
2785,2026-02-11,0.22353205,1.0,66590.42,3297.497,75591.17,2297.4976,176.13013,0.00014979042,,3.566132e-05,0.00017768111,19169.254,0.18810898,226.99112,0.03234792,469.13214
2786,2026-02-12,-1.0172349,1.0,76533.08,2060.9204,86842.234,1060.9204,90.20829,0.00015083113,,3.574134e-05,0.0001784201,19167.09,0.18340342,227.30165,0.028171208,421.6725
2787,2026-02-13,-0.41536897,0.9999994,75309.484,2225.0762,85191.734,1226.9214,74.250656,0.0001603759,,3.2228058e-05,0.0002078187,19168.174,0.20542246,226.26602,0.030253556,842.04645
2788,2026-02-14,-0.12158319,0.99832535,84399.76,1387.6376,95373.61,418.54068,19.86645,0.00010316887,,3.2077904e-05,0.00020286476,22041.59,0.20239797,225.47208,0.03562673,338.60156
2789,2026-02-15,-0.016339362,0.9079836,53244.312,4957.8125,61101.91,3959.7896,6.3751106,7.911743e-05,1.15089915e-05,3.424148e-05,0.0001776179,22099.676,0.1942986,223.0687,0.032443117,152.44397
2790,2026-02-16,-0.29740012,0.33720613,73505.72,2597.368,83174.42,1652.3959,1.1853051,5.8840735e-05,2.4556217e-05,2.6645701e-05,0.00015337925,22075.61,0.16691226,221.20724,0.03338535,80.68721
2791,2026-02-17,-1.1193033,0.5041736,52224.6,5477.126,59573.16,4507.06,3.6864462,0.00012703068,3.5376786e-05,2.3741875e-05,0.00015077769,22084.602,0.18253493,218.2719,0.032423865,132.82411
2792,2026-02-18,-0.59057903,1.0,70747.375,2811.2275,80433.67,1811.2275,42.502438,0.00011895037,,1.823605e-05,0.00010892087,22079.389,0.16640233,214.12068,0.033974,159.51727
2793,2026-02-19,-0.13436916,0.994042,87175.484,1174.7203,97805.85,258.71918,20.25013,5.5309167e-05,,1.9620364e-05,0.0001277271,22066.172,0.17491853,214.77936,0.03345953,205.75699
2794,2026-02-20,-0.2994278,0.52230346,89778.7,1040.518,99908.99,195.71034,1.1370707,7.163946e-05,3.6032463e-05,1.6294012e-05,0.00015469048,22122.355,0.16465026,212.41208,0.0367993,187.6997
2795,2026-02-21,0.029082015,0.9275845,56693.297,4726.077,64750.047,3726.2036,6.441298,7.82849e-05,,1.8524286e-05,0.000114609684,16688.91,0.144869,210.79335,0.039718438,152.74297
2796,2026-02-22,-1.044729,0.95065236,88060.555,1124.7648,98001.79,256.692,10.600298,5.292122e-05,,2.0287647e-05,0.00011574617,19225.19,0.15437195,211.01476,0.035316106,185.93127
2797,2026-02-23,-0.15450345,0.9997912,67710.914,3193.6978,77069.64,2193.698,115.78953,7.4284275e-05,,2.1039876e-05,9.7542455e-05,19209.402,0.15226662,212.19771,0.033304945,1422.7762
2798,2026-02-24,-0.38906944,1.0,89482.84,981.90063,98768.22,176.66992,33.506954,7.1880015e-05,,1.895168e-05,0.00010610215,23104.475,0.16435409,216.80963,0.03275913,490.15112
2799,2026-02-25,-0.27521247,1.0,89508.35,1073.4928,99346.16,233.02136,28.853996,5.1358453e-05,,2.2838463e-05,0.00011296681,19246.324,0.18341854,217.87726,0.03788769,329.1385
2800,2026-02-26,0.032856733,0.89611393,79879.305,2085.9897,89817.19,1142.6239,4.5876975,,,,,,0.16854286,217.31935,0.03204541,511.2353
2801,2026-02-27,-0.04040417,0.99996424,48072.875,6062.746,55128.03,5062.746,17.759058,,,,,,0.15535995,218.77048,,
2802,2026-02-28,0.04859041,0.4623001,79813.16,2131.3828,87985.87,1310.3036,3.7182074,,,,,,0.14754906,218.54755,0.028851472,820.2245
2803,2026-03-01,0.047702,0.86444616,46977.703,6231.9385,53776.67,5231.9385,4.002083,,,,,,0.16471401,219.84673,,
2804,2026-03-02,-0.30647093,0.9332723,86327.56,1392.8394,96848.23,451.23245,26.721865,,,,,,0.19833393,220.63535,0.03298104,490.22372
2805,2026-03-03,-0.15626651,0.46433884,86539.03,1389.9214,94919.69,653.825,1.1307896,,,,,,0.1796355,219.3305,0.034470234,397.12286
2806,2026-03-04,,,,,,,,,,,,,0.18317562,219.239,0.033114053,400.7176
2807,2026-03-05,,,,,,,,,,,,,0.1730573,220.17825,0.03336021,524.32446
2808,2026-03-06,,,,,,,,,,,,,0.16556856,220.9368,0.032600828,531.64844
2809,2026-03-07,,,,,,,,,,,,,0.18435508,221.35965,0.030829087,589.5074
2810,2026-03-08,,,,,,,,,,,,,0.16397342,221.73358,0.037621967,739.04004
2811,2026-03-09,,,,,,,,,,,,,0.1609194,221.86159,0.03553746,389.88342
2812,2026-03-10,,,,,,,,,,,,,,,0.03269265,491.0927
2813,2026-03-11,,,,,,,,,,,,,,,0.03441939,706.93176
