observationTime,airTemperature,seaLevelPressure,relativeHumidity,missforest_precipitation,cloudCover_fixed,feelsLikeTemperature_fixed,windSpeed_fixed,windGust_fixed,windDirection_fixed
2017-11-01,4.1454545454545455,1008.4272727272728,93.95454545454545,7.0,96.18181818181819,2.1,2.8000000000000003,10.0,252.0
2017-11-02,8.333333333333334,1000.6041666666666,95.5,11.7,94.0,6.75,2.766666666666667,9.3,242.0
2017-11-03,7.320833333333333,1009.0041666666666,94.70833333333333,2.1,96.0,5.770833333333333,2.5208333333333335,8.3,294.0
2017-11-04,6.191666666666666,1017.4875000000001,93.16666666666667,0.0,94.5,4.175,2.775,7.1,210.0
2017-11-05,6.229166666666667,1015.3291666666668,87.70833333333333,0.0,72.70833333333333,3.475,3.8249999999999997,9.5,157.0
2017-11-06,5.441666666666666,1018.0958333333333,90.83333333333333,0.0,81.0,2.8333333333333335,3.4375,8.7,150.0
2017-11-07,6.05,1028.2041666666667,90.29166666666667,0.0,100.0,5.5249999999999995,1.1583333333333334,5.6,8.0
2017-11-08,5.8500000000000005,1030.2916666666667,89.41666666666667,0.0,78.20833333333333,4.420833333333333,2.0458333333333334,6.0,125.0
2017-11-09,1.9083333333333332,1024.8374999999999,90.375,0.0,92.70833333333333,-1.6666666666666667,3.6208333333333336,9.8,152.0
2017-11-10,3.841666666666667,1012.2541666666666,93.79166666666667,1.0,98.5,0.5166666666666667,3.9166666666666665,8.7,194.0
2017-11-11,3.975,1000.0708333333333,87.75,7.4,81.58333333333333,-0.07916666666666666,5.3125,12.6,182.0
2017-11-12,2.733333333333333,1000.3041666666667,84.25,0.0,93.95833333333333,-1.3499999999999999,4.704166666666667,11.0,189.0
2017-11-13,1.05,1007.7125,88.0,4.8999999999999995,93.5,-1.0333333333333334,2.2041666666666666,7.9,148.0
2017-11-14,1.2791666666666666,1015.9541666666668,93.54166666666667,0.0,87.82608695652173,-1.1291666666666667,2.375,7.7,244.0
2017-11-15,3.154166666666667,1019.4125,93.08333333333333,1.8,87.29166666666667,-0.24583333333333335,3.766666666666667,12.0,206.0
2017-11-16,4.3999999999999995,1024.125,87.45833333333333,0.4,84.20833333333333,2.2083333333333335,2.779166666666667,10.4,243.0
2017-11-17,3.295833333333333,1020.2458333333334,90.125,0.2,86.79166666666667,0.20833333333333334,3.533333333333333,9.8,197.0
2017-11-18,2.7416666666666667,1014.6750000000001,87.20833333333333,0.0,87.70833333333333,-0.9916666666666667,4.166666666666667,9.3,206.0
2017-11-19,1.4124999999999999,1003.1291666666666,90.08333333333333,1.2000000000000002,93.0,-2.7125,4.254166666666666,9.7,181.0
2017-11-20,1.7041666666666666,1004.6958333333333,92.33333333333333,0.9,90.375,-1.1541666666666666,2.9,7.7,170.0
2017-11-21,0.6291666666666667,1010.2291666666666,93.375,0.6,94.0,-0.02083333333333336,0.9,5.5,328.0
2017-11-22,-0.6124999999999999,1015.6374999999999,86.66666666666667,0.0,91.29166666666667,-3.0625,2.1708333333333334,6.4,193.0
2017-11-23,-0.30416666666666664,1017.2624999999999,89.54166666666667,0.8,85.54166666666667,-5.1375,4.7625,11.0,144.0
2017-11-24,1.825,1015.2708333333334,95.04166666666667,0.0,99.5,-2.475,4.720833333333333,11.2,174.0
2017-11-25,4.0375000000000005,1012.1458333333334,95.83333333333333,1.5,97.71428571428571,1.0374999999999999,3.5625,9.9,161.0
2017-11-26,3.733333333333333,1012.7125,90.25,1.7000000000000002,88.375,1.3833333333333335,3.2708333333333335,11.4,170.0
2017-11-27,1.0,1018.9083333333333,87.45833333333333,0.0,83.58333333333333,-0.5333333333333333,1.5916666666666668,6.4,195.0
2017-11-28,0.575,1015.35,79.79166666666667,0.0,62.708333333333336,-3.85,4.575,12.0,147.0
2017-11-29,0.85,1011.4166666666666,90.125,0.4,100.0,-3.1791666666666667,3.9583333333333335,10.8,147.0
2017-11-30,0.43333333333333335,1009.1458333333334,93.125,5.1,97.5,-3.3166666666666664,3.470833333333333,9.4,88.0
2017-12-01,0.5125000000000001,1002.9958333333334,93.95833333333333,6.3,100.0,-3.966666666666667,4.583333333333333,10.8,206.0
2017-12-02,1.5875000000000001,1020.1875,92.58333333333333,0.0,99.0,-0.7291666666666666,2.5416666666666665,9.8,234.0
2017-12-03,-0.5875,1021.8541666666666,90.54166666666667,0.0,48.0,-3.3791666666666664,2.3291666666666666,6.1,192.0
2017-12-04,-1.6916666666666667,1010.4,91.08333333333333,1.7000000000000002,93.5,-5.2,2.779166666666667,7.0,203.0
2017-12-05,0.325,1013.8208333333333,89.79166666666667,0.7,84.0,-3.8000000000000003,4.0125,10.9,308.0
2017-12-06,1.0791666666666666,1009.3041666666667,89.79166666666667,2.4,74.625,-1.9583333333333333,3.3000000000000003,14.3,301.0
2017-12-07,1.9124999999999999,1009.875,95.0,8.7,97.5,-0.6583333333333333,2.6958333333333333,9.6,256.0
2017-12-08,1.9749999999999999,1003.2708333333334,90.41666666666667,0.5,94.5,-2.058333333333333,4.3500000000000005,10.7,199.0
2017-12-09,0.8791666666666668,1005.0749999999999,90.95833333333333,0.0,90.5,-1.6833333333333333,2.5083333333333333,8.4,187.0
2017-12-10,-1.4541666666666666,1003.0416666666666,91.375,0.0,73.29166666666667,-4.7625,2.5541666666666667,5.9,185.0
2017-12-11,-1.1833333333333333,999.2291666666666,90.20833333333333,0.4,86.875,-5.95,4.358333333333333,10.8,143.0
2017-12-12,3.7583333333333333,998.9916666666667,85.29166666666667,0.0,87.33333333333333,-0.25000000000000006,5.129166666666667,16.2,143.0
2017-12-13,1.4041666666666668,1010.5333333333333,74.5,0.0,59.166666666666664,-2.495833333333333,4.270833333333333,15.2,220.0
2017-12-14,-1.1583333333333334,1000.9125,88.25,3.6,68.875,-6.2749999999999995,4.9375,12.6,146.0
2017-12-15,0.425,998.7416666666667,91.83333333333333,9.8,91.875,-3.35,3.841666666666667,10.3,186.0
2017-12-16,-0.28750000000000003,1001.8166666666666,94.625,2.2,98.0,-1.1083333333333334,0.9791666666666666,6.6,350.0
2017-12-17,-0.3958333333333333,1014.7458333333334,95.20833333333333,0.0,98.85714285714286,-2.3958333333333335,1.8875,6.8,199.0
2017-12-18,-1.5708333333333335,1024.9791666666667,93.70833333333333,0.0,95.0909090909091,-2.4541666666666666,0.9416666666666668,5.9,180.0
2017-12-19,-0.7666666666666667,1025.0833333333333,92.75,0.0,97.0,-4.070833333333334,2.6625,7.3,335.0
2017-12-20,-1.2958333333333334,1029.3833333333334,89.125,0.0,99.5,-3.3000000000000003,1.7125000000000001,8.7,7.0
2017-12-21,-2.275,1023.5208333333334,91.125,4.8,92.95238095238095,-6.2,3.225,8.9,191.0
2017-12-22,0.0,1016.6875,93.625,0.9,97.5,-2.9791666666666665,2.7541666666666664,9.8,281.0
2017-12-23,-0.08749999999999998,1010.3458333333333,93.29166666666667,5.6,96.0,-4.5375000000000005,4.370833333333334,12.4,214.0
2017-12-24,2.9291666666666667,998.9125,88.875,6.2,81.58333333333333,-1.2750000000000001,5.283333333333333,15.7,257.0
2017-12-25,3.2583333333333333,1006.5583333333334,94.875,5.4,96.0,1.5875000000000001,2.1708333333333334,12.9,268.0
2017-12-26,3.829166666666667,1005.5749999999999,89.33333333333333,0.2,75.625,0.4083333333333334,4.020833333333333,9.9,193.0
2017-12-27,0.5958333333333333,1001.8166666666666,95.79166666666667,0.4,83.35,-2.1458333333333335,2.529166666666667,9.1,165.0
2017-12-28,2.095833333333333,999.3583333333332,88.54166666666667,0.0,47.083333333333336,-2.1999999999999997,4.891666666666667,13.3,143.0
2017-12-29,2.441666666666667,1002.0124999999999,94.25,8.2,98.5,-0.5958333333333333,3.2708333333333335,10.7,152.0
2017-12-30,0.30833333333333335,1011.0333333333333,92.58333333333333,0.0,88.33333333333333,-2.466666666666667,2.433333333333333,7.0,188.0
2017-12-31,-0.6291666666666667,1005.5749999999999,90.20833333333333,0.2,89.42857142857143,-5.354166666666667,4.5125,10.2,137.0
2018-01-01,3.3791666666666664,1002.7333333333332,95.54166666666667,4.3,91.65217391304348,-0.55,4.75,10.3,169.0
2018-01-02,2.7416666666666667,1008.2708333333334,95.54166666666667,0.0,85.5909090909091,-0.14166666666666666,3.0,8.3,193.0
2018-01-03,2.0083333333333333,1003.4416666666666,94.70833333333333,1.5999999999999999,91.95652173913044,-1.4916666666666665,3.579166666666667,8.1,145.0
2018-01-04,2.8166666666666664,997.1374999999999,90.41666666666667,0.0,95.0,-1.6333333333333335,5.4750000000000005,11.1,144.0
2018-01-05,3.2291666666666665,998.725,89.04166666666667,1.4000000000000001,91.0,-1.0583333333333333,5.375,13.9,148.0
2018-01-06,3.904166666666667,1005.5666666666666,88.29166666666667,1.2,90.45833333333333,0.8833333333333333,3.4499999999999997,10.0,216.0
2018-01-07,-0.30000000000000004,1022.7375000000001,85.70833333333333,0.5,60.625,-3.091666666666667,2.5208333333333335,10.2,266.0
2018-01-08,-2.2416666666666667,1031.9666666666667,83.625,0.0,41.333333333333336,-6.166666666666667,3.1625,11.1,255.0
2018-01-09,-1.7958333333333334,1034.5916666666667,91.125,0.0,80.79166666666667,-4.7375,2.5208333333333335,8.8,221.0
2018-01-10,-5.558333333333334,1027.9166666666667,92.58333333333333,0.0,35.904761904761905,-6.041666666666667,0.8083333333333332,4.8,70.0
2018-01-11,-5.3125,1026.0,91.5,0.2,97.5,-7.058333333333334,1.5875000000000001,6.8,100.0
2018-01-12,-2.8958333333333335,1036.6499999999999,78.45833333333333,0.3,96.5,-5.520833333333333,2.1625,8.0,89.0
2018-01-13,-7.0625,1044.1541666666667,81.0,0.0,29.708333333333332,-10.020833333333334,1.9375,7.3,93.0
2018-01-14,-8.5375,1041.175,80.83333333333333,0.0,100.0,-12.954166666666666,2.6041666666666665,6.9,150.0
2018-01-15,-9.512500000000001,1033.325,76.16666666666667,0.0,64.29166666666667,-16.329166666666666,4.416666666666667,9.5,144.0
2018-01-16,-9.254166666666666,1013.625,64.25,0.0,5.25,-17.483333333333334,6.4750000000000005,14.7,144.0
2018-01-17,-6.845833333333334,994.4250000000001,82.79166666666667,6.2,95.0,-11.495833333333332,3.6208333333333336,16.1,129.0
2018-01-18,-2.6791666666666667,999.3333333333334,90.16666666666667,1.0,94.0,-5.695833333333333,2.6291666666666664,8.2,186.0
2018-01-19,-2.1750000000000003,998.4875000000001,87.95833333333333,4.3,91.29166666666667,-5.208333333333333,2.629166666666667,10.3,351.0
2018-01-20,-3.1041666666666665,1007.5083333333333,92.04166666666667,3.0,98.0,-4.779166666666667,1.4583333333333333,4.8,303.0
2018-01-21,-3.783333333333333,1013.4583333333334,87.875,0.0,95.5,-3.9124999999999996,0.2416666666666667,3.6,304.0
2018-01-22,-7.008333333333333,1021.0291666666667,87.20833333333333,0.0,97.5,-10.008333333333333,1.8916666666666666,6.8,198.0
2018-01-23,-11.229166666666666,1028.5166666666667,87.79166666666667,0.0,73.5,-13.75,1.4875,5.3,164.0
2018-01-24,-7.820833333333333,1024.9083333333333,89.875,0.5,91.875,-13.679166666666667,4.2749999999999995,10.3,185.0
2018-01-25,1.0291666666666666,1017.6291666666666,93.5,0.4,94.54545454545455,-3.4875000000000003,4.966666666666667,11.5,173.0
2018-01-26,0.5916666666666667,1021.0875,86.875,1.0,80.95833333333333,-3.841666666666667,4.483333333333333,9.8,167.0
2018-01-27,-0.47500000000000003,1026.7791666666667,89.125,1.7,96.8695652173913,-4.154166666666667,3.1458333333333335,7.7,173.0
2018-01-28,1.0166666666666668,1019.1958333333333,93.54166666666667,7.9,95.5,-3.3333333333333335,4.504166666666666,11.5,172.0
2018-01-29,2.4166666666666665,1007.0041666666666,93.83333333333333,9.2,98.0,-1.4083333333333332,4.2875000000000005,14.5,252.0
2018-01-30,1.4708333333333332,1002.3791666666666,84.33333333333333,2.1,89.45833333333333,-3.891666666666667,6.695833333333333,18.7,296.0
2018-01-31,0.17083333333333336,1013.6208333333334,83.04166666666667,0.2,95.5,-3.704166666666667,3.654166666666667,11.6,291.0
2018-02-01,0.2333333333333333,1003.1583333333333,91.66666666666667,8.9,98.5,-4.066666666666667,4.470833333333333,11.7,177.0
2018-02-02,0.3125,1005.975,95.33333333333333,8.0,93.6470588235294,-0.7374999999999999,1.0083333333333333,5.9,200.0
2018-02-03,-0.5750000000000001,1007.7666666666668,89.875,0.0,93.3,-1.4625000000000001,1.0374999999999999,7.3,56.0
2018-02-04,-2.6374999999999997,1013.975,76.79166666666667,0.0,92.95833333333333,-7.325,3.779166666666667,11.8,339.0
2018-02-05,-8.008333333333333,1022.4666666666667,80.16666666666667,0.0,84.75,-11.75,2.1999999999999997,8.3,302.0
2018-02-06,-6.245833333333334,1016.7875,87.04166666666667,3.1,91.5,-9.241666666666665,2.1791666666666667,8.2,211.0
2018-02-07,-6.291666666666667,1022.8416666666667,74.33333333333333,0.0,38.208333333333336,-11.183333333333332,3.1875,7.8,199.0
2018-02-08,-3.7416666666666667,1020.7208333333333,86.5,0.7,97.5,-5.8374999999999995,1.7750000000000001,6.9,1.0
2018-02-09,-4.016666666666667,1020.3625000000001,88.41666666666667,0.0,98.0,-7.045833333333333,2.0208333333333335,6.1,357.0
2018-02-10,-4.804166666666666,1018.4499999999999,91.625,4.5,96.5,-5.991666666666667,1.1333333333333333,5.0,337.0
2018-02-11,-4.895833333333333,1013.9291666666667,90.20833333333333,0.0,97.14285714285714,-6.683333333333334,1.4124999999999999,8.1,153.0
2018-02-12,-2.3916666666666666,1012.9958333333334,84.75,0.0,92.5,-6.9875,3.7416666666666667,9.8,146.0
2018-02-13,-0.75,1018.1125000000001,88.5,0.0,96.0,-1.2083333333333333,0.4375,4.4,102.0
2018-02-14,-2.15,1023.0708333333333,81.91666666666667,0.0,73.58333333333333,-2.7583333333333333,0.8208333333333333,4.0,80.0
2018-02-15,-6.220833333333334,1028.1291666666666,79.04166666666667,0.0,87.33333333333333,-9.483333333333333,2.120833333333333,5.3,146.0
2018-02-16,-4.083333333333333,1023.0833333333334,85.625,0.9,93.5,-8.420833333333333,3.0500000000000003,7.1,140.0
2018-02-17,-1.4208333333333334,1018.6041666666666,91.83333333333333,4.2,95.5,-5.2250000000000005,3.2624999999999997,10.5,188.0
2018-02-18,-3.9875000000000003,1023.0958333333333,85.5,2.0,94.0,-7.904166666666666,2.779166666666667,8.0,318.0
2018-02-19,-2.0083333333333333,1023.8041666666667,87.875,1.8,98.5,-4.033333333333333,1.8208333333333335,7.2,280.0
2018-02-20,-2.720833333333333,1024.7416666666666,90.125,1.2,95.5,-3.533333333333333,0.8541666666666666,5.3,326.0
2018-02-21,-7.166666666666667,1025.2416666666666,85.125,0.0,89.29166666666667,-9.875,1.8625,5.9,310.0
2018-02-22,-11.420833333333334,1029.3125,81.33333333333333,0.0,27.25,-13.933333333333332,1.55,7.5,15.0
2018-02-23,-12.775,1027.8583333333333,76.16666666666667,0.0,25.666666666666668,-12.908333333333333,0.4291666666666667,4.1,20.0
2018-02-24,-13.333333333333334,1029.2583333333334,73.25,0.0,59.166666666666664,-18.370833333333334,2.658333333333333,10.4,9.0
2018-02-25,-14.916666666666666,1031.7083333333333,74.41666666666667,0.0,68.0,-17.454166666666666,1.4291666666666665,5.8,8.0
2018-02-26,-15.241666666666667,1029.1791666666666,78.25,0.5,75.75,-16.154166666666665,1.0374999999999999,6.0,321.0
2018-02-27,-15.366666666666667,1030.5916666666667,72.625,0.0,52.333333333333336,-19.400000000000002,2.1666666666666665,10.1,31.0
2018-02-28,-14.716666666666667,1032.6625000000001,65.33333333333333,0.0,66.95833333333333,-22.170833333333334,3.8874999999999997,10.7,39.0
2018-03-01,-13.404166666666667,1024.6499999999999,77.75,2.5,82.0,-18.458333333333332,2.495833333333333,8.3,31.0
2018-03-02,-8.995833333333334,1014.3791666666666,79.04166666666667,0.0,85.16666666666667,-12.045833333333334,2.1166666666666667,7.5,49.0
2018-03-03,-11.629166666666668,1006.5583333333334,82.20833333333333,2.7,82.82608695652173,-15.729166666666666,2.2083333333333335,7.3,21.0
2018-03-04,-8.8375,1005.2541666666666,71.70833333333333,0.0,17.291666666666668,-14.220833333333333,3.329166666666667,10.5,317.0
2018-03-05,-7.991666666666667,1010.7916666666666,68.45833333333333,0.0,35.083333333333336,-9.808333333333334,1.6125,7.3,136.0
2018-03-06,-2.970833333333333,1005.0583333333334,62.666666666666664,0.0,49.708333333333336,-7.533333333333334,3.5541666666666667,7.6,144.0
2018-03-07,-3.1125000000000003,1001.2041666666668,83.66666666666667,4.3,86.20833333333333,-5.995833333333334,2.1791666666666667,6.8,81.0
2018-03-08,-1.0125,1003.8666666666667,92.20833333333333,2.4,94.28571428571429,-4.1499999999999995,2.5749999999999997,6.7,110.0
2018-03-09,1.6041666666666667,1007.0416666666666,91.45833333333333,1.7000000000000002,88.9047619047619,-1.2083333333333333,2.6666666666666665,6.3,149.0
2018-03-10,1.1666666666666667,1010.2833333333333,90.16666666666667,0.0,92.0,0.09166666666666666,1.1166666666666667,4.5,123.0
2018-03-11,0.8791666666666668,1011.5708333333333,89.125,3.0,95.0,-2.4916666666666667,3.3333333333333335,8.4,126.0
2018-03-12,2.6791666666666667,1004.8416666666667,91.58333333333333,0.0,82.125,-1.05,4.2250000000000005,11.2,144.0
2018-03-13,5.183333333333334,998.6750000000001,89.95833333333333,0.0,95.0909090909091,1.4958333333333333,5.166666666666667,11.5,147.0
2018-03-14,3.5500000000000003,1005.1291666666666,88.08333333333333,0.0,96.0,0.6625,3.1374999999999997,8.1,321.0
2018-03-15,-1.9833333333333334,1013.8958333333334,63.833333333333336,0.0,95.0,-5.545833333333333,2.775,8.8,352.0
2018-03-16,-5.683333333333334,1018.4208333333332,53.166666666666664,0.0,62.833333333333336,-10.116666666666667,2.9625,9.0,47.0
2018-03-17,-7.4375,1022.2666666666668,48.0,0.0,20.458333333333332,-12.870833333333332,3.8833333333333333,12.9,46.0
2018-03-18,-5.2375,1024.5249999999999,55.958333333333336,0.0,0.0,-6.4375,1.1333333333333333,5.2,25.0
2018-03-19,-2.2666666666666666,1016.8625000000001,55.166666666666664,0.0,0.0,-4.433333333333334,1.9875,7.9,188.0
2018-03-20,-1.1624999999999999,1011.0583333333334,49.208333333333336,0.0,24.625,-3.204166666666667,1.8833333333333335,6.1,159.0
2018-03-21,-2.6666666666666665,1016.7041666666668,64.375,0.0,69.0,-6.670833333333333,3.4250000000000003,11.0,312.0
2018-03-22,-2.0500000000000003,1013.3708333333334,78.25,0.3,83.70833333333333,-6.041666666666667,3.35,9.4,209.0
2018-03-23,0.4083333333333334,1007.8541666666666,80.16666666666667,0.0,78.95833333333333,-1.3583333333333334,1.6416666666666666,6.2,228.0
2018-03-24,-0.3458333333333332,1009.9166666666666,60.666666666666664,0.0,0.5416666666666666,-0.7166666666666667,0.7208333333333333,5.6,296.0
2018-03-25,2.2130434782608694,1010.6695652173913,57.17391304347826,0.0,22.434782608695652,0.07391304347826087,2.78695652173913,10.1,217.0
2018-03-26,3.5,1008.9791666666666,65.0,0.0,88.33333333333333,1.5875000000000001,2.3833333333333333,9.6,215.0
2018-03-27,-0.13333333333333333,1012.9916666666667,56.541666666666664,0.0,45.333333333333336,-3.079166666666666,2.6625,9.0,8.0
2018-03-28,-2.658333333333333,1016.1875,44.75,0.0,2.6666666666666665,-3.4875000000000003,1.2125000000000001,5.5,316.0
2018-03-29,-1.125,1014.3083333333334,44.916666666666664,0.0,40.208333333333336,-4.9125000000000005,3.9375,13.0,105.0
2018-03-30,1.8375000000000001,1010.0916666666667,87.16666666666667,3.9,94.0,-0.9375,2.7624999999999997,11.7,160.0
2018-03-31,3.275,1009.275,80.04166666666667,0.0,49.833333333333336,2.5083333333333333,1.1458333333333333,6.8,223.0
2018-04-01,3.091666666666667,997.8333333333334,92.33333333333333,12.0,98.0,-0.25,3.8000000000000003,11.3,76.0
2018-04-02,1.9958333333333333,993.3041666666667,91.79166666666667,7.0,99.0,-1.4583333333333333,4.220833333333333,14.5,264.0
2018-04-03,3.0500000000000003,1011.3874999999999,73.125,2.0,52.333333333333336,-0.012500000000000011,3.375,10.6,120.0
2018-04-04,10.645833333333334,1010.8041666666667,71.875,0.1,31.916666666666668,9.883333333333333,2.7916666666666665,7.8,146.0
2018-04-05,13.120833333333332,1006.4708333333333,67.95833333333333,2.2,62.708333333333336,12.762500000000001,3.3708333333333336,10.2,144.0
2018-04-06,6.9750000000000005,1014.2083333333334,66.16666666666667,0.0,41.875,4.483333333333333,4.304166666666666,16.2,282.0
2018-04-07,5.391666666666667,1027.1833333333334,57.791666666666664,0.0,0.0,3.375,2.370833333333333,9.1,107.0
2018-04-08,11.012500000000001,1022.7041666666668,51.333333333333336,0.0,0.0,9.716666666666667,4.091666666666667,10.9,158.0
2018-04-09,15.308333333333332,1012.9833333333332,50.166666666666664,0.8,3.6666666666666665,14.716666666666667,5.25,14.4,146.0
2018-04-10,12.475,1011.4583333333334,78.45833333333333,4.8999999999999995,40.91304347826087,12.15,2.0833333333333335,13.0,197.0
2018-04-11,6.554166666666667,1020.4791666666666,61.833333333333336,0.0,48.583333333333336,4.333333333333333,4.05,11.3,54.0
2018-04-12,8.520833333333334,1021.5083333333333,51.5,0.0,27.208333333333332,7.120833333333334,3.3333333333333335,9.6,84.0
2018-04-13,11.15,1022.5291666666667,47.083333333333336,0.0,10.5,10.466666666666667,3.1208333333333336,10.7,94.0
2018-04-14,12.862499999999999,1022.6374999999999,49.791666666666664,0.0,15.75,12.283333333333333,3.8833333333333333,10.4,116.0
2018-04-15,13.8125,1021.2666666666668,66.125,-0.007228625865642151,41.0,13.7875,1.3916666666666666,6.6,10.0
2018-04-16,15.779166666666667,1015.275,63.5,0.0,53.875,15.779166666666667,2.1416666666666666,7.2,123.0
2018-04-17,12.820833333333333,1015.5208333333334,78.29166666666667,0.5,75.29166666666667,12.266666666666666,2.3916666666666666,11.5,133.0
2018-04-18,10.137500000000001,1024.1499999999999,75.79166666666667,0.0,78.375,8.7125,5.141666666666667,14.1,287.0
2018-04-19,10.554166666666667,1023.2833333333333,66.125,0.0,54.458333333333336,9.504166666666666,5.233333333333333,17.9,338.0
2018-04-20,10.991666666666667,1024.25,64.66666666666667,0.0,0.0,10.491666666666667,2.6833333333333336,8.9,271.0
2018-04-21,13.6,1009.8125,55.75,0.0,14.708333333333334,13.229166666666666,5.141666666666667,17.6,210.0
2018-04-22,10.433333333333334,1012.6458333333334,57.875,0.0,21.958333333333332,9.7875,3.233333333333334,12.7,339.0
2018-04-23,10.304166666666667,1014.25,53.75,0.0,12.0,10.1875,1.6541666666666668,6.8,1.0
2018-04-24,11.283333333333333,1009.4250000000001,69.45833333333333,2.0,73.79166666666667,10.883333333333333,3.3541666666666665,11.5,257.0
2018-04-25,9.770833333333334,1005.5916666666667,78.625,3.8,87.875,8.570833333333333,3.654166666666667,10.5,162.0
2018-04-26,8.425,1006.7916666666666,78.83333333333333,2.5,78.45833333333333,6.7,4.3875,16.0,263.0
2018-04-27,7.716666666666666,1014.7708333333334,74.54166666666667,3.1999999999999997,47.625,6.820833333333333,2.9125,13.1,218.0
2018-04-28,8.470833333333333,1017.7416666666667,70.95833333333333,0.0,53.875,8.004166666666666,1.9666666666666668,7.9,152.0
2018-04-29,14.158333333333333,1014.4583333333334,64.83333333333333,0.0,38.75,13.566666666666668,2.0416666666666665,6.0,133.0
2018-04-30,19.216666666666665,1009.1416666666668,62.541666666666664,0.0,32.458333333333336,19.116666666666667,1.8625,10.7,125.0
2018-05-01,19.008333333333333,1008.1958333333333,61.5,0.0,24.125,18.983333333333334,2.1791666666666667,7.7,279.0
2018-05-02,15.004166666666668,1016.1374999999999,60.25,0.0,25.125,15.004166666666668,2.5416666666666665,9.2,218.0
2018-05-03,19.895000000000003,1015.095,51.6,0.0,11.166666666666666,19.759999999999998,2.665,10.1,0.0
2018-05-04,15.629166666666668,1017.3916666666668,70.29166666666667,0.0,40.25,15.629166666666668,2.6833333333333336,8.6,323.0
2018-05-05,11.945833333333333,1023.3541666666666,53.5,0.0,8.916666666666666,11.579166666666666,2.966666666666667,11.2,350.0
2018-05-06,12.508333333333333,1025.3083333333334,55.083333333333336,0.0,0.0,12.225,2.2624999999999997,9.8,336.0
2018-05-07,15.083333333333334,1023.4875000000001,50.708333333333336,0.0,0.0,15.033333333333333,1.8083333333333333,7.7,356.0
2018-05-08,17.1375,1019.0083333333333,51.208333333333336,0.0,0.0,17.054166666666667,2.004166666666667,8.8,12.0
2018-05-09,18.479166666666668,1015.4958333333334,51.625,0.0,10.0,18.325,2.4541666666666666,9.4,41.0
2018-05-10,19.470833333333335,1017.4791666666666,47.875,0.0,0.5416666666666666,19.329166666666666,2.875,9.1,82.0
2018-05-11,16.791666666666668,1022.2708333333334,41.041666666666664,0.0,0.0,16.791666666666668,2.3333333333333335,8.7,122.0
2018-05-12,16.64166666666667,1022.5375,43.666666666666664,0.0,0.0,16.608333333333334,1.0833333333333333,7.8,90.0
2018-05-13,18.1875,1019.1791666666667,43.416666666666664,0.0,15.25,18.070833333333333,2.4,11.9,121.0
2018-05-14,16.325,1020.125,47.541666666666664,0.0,60.75,16.325,1.9208333333333334,10.8,73.0
2018-05-15,13.5375,1017.9833333333332,78.5,1.6,77.41666666666667,13.5375,0.6208333333333333,3.9,32.0
2018-05-16,15.858333333333334,1013.975,71.16666666666667,0.0,34.541666666666664,15.858333333333334,1.8166666666666667,8.5,7.0
2018-05-17,16.241666666666667,1008.7666666666668,78.04166666666667,5.6,63.916666666666664,16.241666666666667,2.829166666666667,12.2,88.0
2018-05-18,15.370833333333332,1008.6291666666666,74.95833333333333,4.9,61.833333333333336,15.370833333333332,0.7958333333333334,7.0,10.0
2018-05-19,15.0625,1014.9625,66.58333333333333,0.0,56.416666666666664,15.0625,2.8208333333333333,10.6,4.0
2018-05-20,13.683333333333332,1024.5666666666666,52.416666666666664,0.0,2.6666666666666665,13.683333333333332,2.0875,10.3,20.0
2018-05-21,15.283333333333333,1026.1333333333334,47.75,0.0,14.666666666666666,15.270833333333334,2.3958333333333335,11.6,112.0
2018-05-22,14.025,1022.0541666666667,69.70833333333333,0.7,82.04166666666667,14.025,0.8041666666666667,6.0,82.0
2018-05-23,15.341666666666667,1021.2583333333333,73.75,3.9,62.208333333333336,15.341666666666667,1.7458333333333333,9.7,141.0
2018-05-24,16.195833333333333,1024.1958333333334,69.125,0.5,20.5,16.195833333333333,2.1125,11.9,8.0
2018-05-25,18.974999999999998,1023.9083333333333,63.25,0.0,21.416666666666668,18.829166666666666,2.2416666666666667,10.5,69.0
2018-05-26,20.400000000000002,1026.8458333333333,54.166666666666664,0.0,2.625,20.25,2.5124999999999997,9.3,116.0
2018-05-27,20.104166666666668,1025.8916666666667,47.458333333333336,0.0,5.208333333333333,19.895833333333332,1.7041666666666666,5.6,118.0
2018-05-28,21.441666666666666,1026.4291666666666,51.958333333333336,0.0,3.75,21.179166666666667,1.2583333333333333,7.9,130.0
2018-05-29,22.9375,1024.925,51.041666666666664,0.0,28.791666666666668,22.758333333333336,1.6208333333333333,6.9,137.0
2018-05-30,22.741666666666664,1019.9333333333334,48.833333333333336,0.0,0.5416666666666666,22.579166666666666,1.3958333333333333,8.2,331.0
2018-05-31,19.6125,1019.4625,46.666666666666664,0.0,0.0,19.470833333333335,2.3666666666666667,9.0,2.0
2018-06-01,17.854166666666668,1021.475,41.791666666666664,0.0,0.0,17.825,1.9124999999999999,6.9,117.0
2018-06-02,18.658333333333335,1014.5749999999999,54.375,0.0,40.791666666666664,18.616666666666667,2.3958333333333335,10.4,145.0
2018-06-03,20.745833333333334,1011.9166666666666,58.083333333333336,0.0,8.375,20.554166666666667,2.5083333333333333,13.1,292.0
2018-06-04,20.925,1006.3916666666668,54.375,0.0,7.333333333333333,20.7875,4.058333333333334,15.8,185.0
2018-06-05,12.670833333333334,1007.75,49.25,0.0,51.875,12.379166666666668,4.216666666666667,12.3,340.0
2018-06-06,9.895833333333334,1018.9125,50.708333333333336,0.0,29.875,8.870833333333334,2.766666666666667,10.4,314.0
2018-06-07,13.691666666666668,1022.3666666666667,52.333333333333336,0.0,61.625,13.641666666666666,1.8333333333333333,9.5,222.0
2018-06-08,18.083333333333332,1017.4499999999999,48.0,0.0,5.75,17.829166666666666,2.704166666666667,10.9,151.0
2018-06-09,18.841666666666665,1016.0875,53.666666666666664,0.0,8.416666666666666,18.7375,1.7125000000000001,7.3,2.0
2018-06-10,19.333333333333332,1014.7375000000001,44.208333333333336,0.0,10.541666666666666,19.245833333333334,1.0041666666666667,5.2,9.0
2018-06-11,18.2625,1008.0833333333334,65.20833333333333,16.099999999999998,59.666666666666664,18.233333333333334,2.525,15.1,141.0
2018-06-12,16.283333333333335,1004.4916666666667,73.25,0.0,74.33333333333333,16.283333333333335,3.625,10.9,255.0
2018-06-13,17.354166666666668,1007.7833333333333,63.25,0.0,32.5,17.354166666666668,1.4166666666666667,5.6,280.0
2018-06-14,17.733333333333334,1011.6374999999999,65.20833333333333,0.7999999999999999,77.875,17.733333333333334,0.7749999999999999,5.4,0.0
2018-06-15,17.995833333333334,1014.6291666666666,65.5,0.0,38.708333333333336,17.995833333333334,1.7083333333333333,7.2,77.0
2018-06-16,17.616666666666667,1016.6208333333334,65.0,0.0,51.791666666666664,17.616666666666667,1.5374999999999999,8.5,65.0
2018-06-17,19.508333333333333,1016.2125,61.25,0.0,1.5833333333333333,19.304166666666667,1.4541666666666666,8.6,5.0
2018-06-18,20.054166666666667,1016.0541666666667,63.708333333333336,3.5,61.208333333333336,19.974999999999998,1.1375,11.0,143.0
2018-06-19,19.5125,1016.7333333333332,63.333333333333336,0.0,67.04166666666667,19.3875,2.9166666666666665,13.8,262.0
2018-06-20,18.516666666666666,1017.8166666666666,57.125,0.0,10.583333333333334,18.425,4.5874999999999995,13.7,272.0
2018-06-21,21.587500000000002,1010.5124999999999,50.75,0.0,26.75,21.245833333333334,3.7541666666666664,12.6,121.0
2018-06-22,15.191666666666668,1009.4499999999999,62.708333333333336,2.0,71.70833333333333,15.191666666666668,4.608333333333333,15.5,246.0
2018-06-23,12.895833333333334,1013.4708333333333,68.16666666666667,0.0,83.70833333333333,12.895833333333334,1.3833333333333335,6.4,44.0
2018-06-24,11.966666666666667,1010.7458333333334,85.375,12.5,89.33333333333333,11.966666666666667,1.3958333333333333,7.2,279.0
2018-06-25,11.554166666666667,1014.6458333333334,88.125,4.1000000000000005,87.41666666666667,11.541666666666666,1.4291666666666665,7.0,66.0
2018-06-26,14.716666666666667,1021.9291666666667,76.25,0.0,75.95833333333333,14.695833333333333,1.4416666666666667,7.5,101.0
2018-06-27,19.6125,1025.3875,58.791666666666664,0.0,18.875,19.412499999999998,2.2625,8.9,27.0
2018-06-28,22.754166666666666,1021.2166666666667,47.666666666666664,0.0,1.5833333333333333,22.53333333333333,2.5749999999999997,9.4,37.0
2018-06-29,20.3625,1010.6208333333334,59.333333333333336,0.0,38.208333333333336,20.287499999999998,2.6416666666666666,12.3,145.0
2018-06-30,14.433333333333332,1010.5375,58.791666666666664,0.0,79.45833333333333,14.433333333333332,3.8208333333333333,13.6,3.0
2018-07-01,11.295833333333334,1010.6374999999999,72.79166666666667,9.1,89.375,10.933333333333332,3.7624999999999997,13.9,356.0
2018-07-02,10.866666666666667,1006.6625,94.0,11.9,91.5,10.429166666666667,2.5166666666666666,7.0,327.0
2018-07-03,13.387500000000001,1008.4541666666668,90.04166666666667,10.0,89.375,13.387500000000001,2.5375,8.3,271.0
2018-07-04,13.591666666666667,1009.2375000000001,88.29166666666667,13.9,88.33333333333333,13.591666666666667,2.3583333333333334,8.7,288.0
2018-07-05,16.291666666666668,1008.0791666666668,70.20833333333333,0.0,66.0,16.291666666666668,1.2833333333333334,6.1,293.0
2018-07-06,17.6875,1008.1708333333332,68.16666666666667,0.0,51.333333333333336,17.6875,3.108333333333333,10.4,275.0
2018-07-07,18.429166666666667,1011.2458333333334,71.0,0.0,67.0,18.391666666666666,3.75,9.7,292.0
2018-07-08,18.85833333333333,1013.4416666666666,64.58333333333333,0.0,25.166666666666668,18.820833333333333,3.0666666666666664,10.5,315.0
2018-07-09,18.108333333333334,1014.3916666666668,71.25,0.0,66.45833333333333,18.108333333333334,2.4625,9.7,294.0
2018-07-10,18.979166666666668,1016.7791666666667,72.41666666666667,0.0,65.91666666666667,18.966666666666665,0.8916666666666666,6.2,5.0
2018-07-11,19.133333333333333,1016.0833333333334,79.08333333333333,0.6,53.916666666666664,19.129166666666666,0.8791666666666668,8.7,2.0
2018-07-12,20.241666666666667,1014.1666666666666,76.16666666666667,0.3,46.541666666666664,20.25,1.4958333333333333,10.8,127.0
2018-07-13,17.929166666666667,1011.1958333333333,84.54166666666667,24.0,82.58333333333333,17.929166666666667,1.2708333333333333,8.0,29.0
2018-07-14,18.041666666666668,1008.7458333333334,87.625,13.299999999999999,83.47826086956522,18.041666666666668,0.6458333333333334,6.6,3.0
2018-07-15,18.695833333333333,1009.6041666666666,89.16666666666667,11.1,69.70833333333333,18.695833333333333,1.2708333333333333,6.1,318.0
2018-07-16,20.133333333333333,1009.5291666666667,86.75,4.8,86.375,20.150000000000002,1.4958333333333333,11.0,359.0
2018-07-17,21.4875,1006.3958333333334,83.58333333333333,4.699999999999999,82.20833333333333,21.675,2.4208333333333334,14.1,25.0
2018-07-18,23.891666666666666,1005.8833333333333,68.125,0.0,19.916666666666668,24.079166666666666,2.6416666666666666,10.7,30.0
2018-07-19,20.291666666666668,1006.85,80.625,0.8,42.916666666666664,20.291666666666668,2.0416666666666665,10.7,2.0
2018-07-20,21.541666666666668,1006.9916666666667,76.375,0.0,39.875,21.6375,2.1666666666666665,9.9,316.0
2018-07-21,21.095833333333335,1008.6583333333333,75.375,0.0,51.791666666666664,21.120833333333334,2.35,8.5,296.0
2018-07-22,22.379166666666666,1009.5625,66.66666666666667,0.0,23.083333333333332,22.433333333333334,2.154166666666667,9.2,315.0
2018-07-23,20.279166666666665,1010.25,82.375,1.5999999999999999,89.45833333333333,20.295833333333334,1.575,12.8,7.0
2018-07-24,21.224999999999998,1011.6666666666666,78.25,0.0,59.541666666666664,21.245833333333334,1.8499999999999999,8.8,6.0
2018-07-25,21.3625,1013.6666666666666,73.125,0.0,71.16666666666667,21.383333333333336,1.5916666666666668,7.2,38.0
2018-07-26,21.7,1016.3166666666666,75.95833333333333,0.0,54.416666666666664,21.7375,1.8166666666666667,7.7,41.0
2018-07-27,22.05,1017.0541666666667,76.75,0.0,60.291666666666664,22.208333333333332,2.4208333333333334,9.0,24.0
2018-07-28,23.670833333333334,1013.6166666666667,75.5,0.0,63.875,24.05,2.5749999999999997,9.8,93.0
2018-07-29,25.879166666666666,1015.0708333333333,67.20833333333333,0.0,45.0,26.375,2.1791666666666667,9.8,64.0
2018-07-30,23.241666666666664,1019.1125000000001,75.04166666666667,13.2,39.25,23.400000000000002,1.2583333333333333,9.4,75.0
2018-07-31,22.995833333333334,1021.7541666666666,73.58333333333333,0.0,66.54166666666667,23.204166666666666,1.5,7.8,69.0
2018-08-01,22.866666666666664,1022.1708333333332,65.20833333333333,0.0,6.333333333333333,22.929166666666664,1.2333333333333334,5.2,86.0
2018-08-02,24.46666666666667,1021.9041666666667,63.25,0.0,13.708333333333334,24.641666666666666,0.9624999999999999,5.3,98.0
2018-08-03,23.683333333333334,1018.8958333333334,71.41666666666667,0.0,35.083333333333336,23.962500000000002,1.575,7.8,286.0
2018-08-04,22.875,1015.2708333333334,63.333333333333336,0.0,3.75,22.979166666666668,2.5083333333333333,7.9,285.0
2018-08-05,21.729166666666668,1011.875,67.29166666666667,0.4,41.416666666666664,21.724999999999998,2.783333333333333,14.6,256.0
2018-08-06,19.770833333333332,1013.0875,65.75,0.0,19.916666666666668,19.704166666666666,3.858333333333333,13.4,242.0
2018-08-07,18.479166666666668,1016.1583333333333,74.79166666666667,1.1,39.791666666666664,18.462500000000002,2.004166666666667,10.0,269.0
2018-08-08,21.566666666666666,1019.3416666666667,67.41666666666667,0.0,10.909090909090908,21.495833333333334,0.9249999999999999,9.4,149.0
2018-08-09,23.895833333333332,1021.6708333333332,54.666666666666664,0.0,5.791666666666667,23.641666666666666,3.016666666666667,9.8,135.0
2018-08-10,23.745833333333334,1021.5958333333333,49.333333333333336,0.0,3.7083333333333335,23.441666666666666,4.883333333333334,13.9,142.0
2018-08-11,18.541666666666668,1019.3916666666668,81.79166666666667,15.299999999999999,81.04166666666667,18.541666666666668,1.6291666666666667,8.1,280.0
2018-08-12,17.099999999999998,1015.2416666666667,70.66666666666667,0.0,61.25,17.099999999999998,3.779166666666667,14.7,244.0
2018-08-13,15.708333333333334,1013.4499999999999,71.375,0.0,76.375,15.708333333333334,1.2541666666666667,5.8,209.0
2018-08-14,19.608333333333334,1010.6583333333333,72.875,9.0,44.0,19.650000000000002,1.5125,15.6,127.0
2018-08-15,19.025000000000002,1011.475,84.41666666666667,7.6,70.625,19.025000000000002,2.4125,11.9,227.0
2018-08-16,18.533333333333335,1018.8708333333334,81.125,0.0,62.666666666666664,18.533333333333335,1.8958333333333333,6.5,287.0
2018-08-17,19.504166666666666,1020.3625000000001,73.875,0.0,19.458333333333332,19.474999999999998,0.8583333333333334,5.8,89.0
2018-08-18,20.325,1018.75,76.25,0.0,44.541666666666664,20.337500000000002,0.6833333333333332,4.7,119.0
2018-08-19,19.183333333333334,1019.7083333333334,71.375,0.0,26.791666666666668,19.183333333333334,2.1083333333333334,10.3,275.0
2018-08-20,20.670833333333334,1014.0041666666666,67.95833333333333,3.4000000000000004,51.291666666666664,20.641666666666666,2.308333333333333,12.1,155.0
2018-08-21,18.2375,1013.9791666666666,68.41666666666667,0.0,62.791666666666664,18.2375,3.8041666666666667,11.4,285.0
2018-08-22,15.079166666666666,1023.0500000000001,61.375,0.0,1.0833333333333333,15.079166666666666,0.9541666666666666,5.8,314.0
2018-08-23,17.345833333333335,1019.9130434782609,58.916666666666664,0.0,2.217391304347826,16.727272727272727,2.8136363636363635,9.4,142.0
2018-08-24,21.254166666666666,1011.4625,57.0,0.0,23.625,21.158333333333335,4.425,12.1,144.0
2018-08-25,17.8875,1008.25,88.5,6.1,88.33333333333333,17.8875,1.7166666666666668,11.8,3.0
2018-08-26,14.495833333333335,1012.6708333333332,87.16666666666667,1.0,86.0952380952381,14.495833333333335,1.6041666666666667,8.2,309.0
2018-08-27,13.991666666666667,1016.7125,82.45833333333333,2.7,63.875,13.991666666666667,0.8333333333333334,5.5,320.0
2018-08-28,15.045833333333334,1017.9208333333332,76.95833333333333,0.0,53.416666666666664,15.045833333333334,0.7708333333333334,5.1,122.0
2018-08-29,15.354166666666666,1019.6416666666668,83.16666666666667,3.4,76.95833333333333,15.354166666666666,0.3125,7.3,7.0
2018-08-30,15.950000000000001,1018.6708333333332,76.20833333333333,0.0,23.0,15.950000000000001,1.0416666666666667,5.7,158.0
2018-08-31,17.6875,1018.5791666666668,75.91666666666667,4.0,71.25,17.6875,1.7166666666666668,7.9,126.0
2018-09-01,18.129166666666666,1023.7458333333334,78.04166666666667,0.0,21.571428571428573,18.120833333333334,0.47083333333333327,5.5,228.0
2018-09-02,17.516666666666666,1026.7749999999999,79.25,0.0,22.458333333333332,17.516666666666666,0.9,4.9,337.0
2018-09-03,17.870833333333334,1022.6666666666666,72.625,0.0,19.458333333333332,17.825,1.4083333333333332,8.1,59.0
2018-09-04,17.816666666666666,1015.2791666666667,83.5,1.1,59.166666666666664,17.820833333333333,1.3458333333333332,9.2,4.0
2018-09-05,17.166666666666668,1016.6875,88.08333333333333,8.4,86.70833333333333,17.166666666666668,1.0125,6.2,19.0
2018-09-06,19.220833333333335,1015.3916666666668,70.66666666666667,0.7999999999999999,61.708333333333336,19.125,1.2041666666666666,6.6,17.0
2018-09-07,18.233333333333334,1015.2416666666667,63.833333333333336,0.0,67.54166666666667,18.195833333333333,1.0916666666666666,6.6,45.0
2018-09-08,16.716666666666665,1019.1750000000001,65.83333333333333,0.0,77.91666666666667,16.716666666666665,0.6166666666666667,3.8,127.0
2018-09-09,17.175,1021.8625000000001,70.54166666666667,0.0,51.833333333333336,17.087500000000002,0.9250000000000002,6.0,326.0
2018-09-10,16.829166666666666,1021.4208333333332,77.08333333333333,0.0,17.333333333333332,16.8,1.3458333333333332,5.5,329.0
2018-09-11,16.695833333333333,1019.8041666666667,71.29166666666667,0.0,27.708333333333332,16.695833333333333,1.4666666666666668,6.6,172.0
2018-09-12,18.7375,1016.125,70.33333333333333,0.5,85.25,18.733333333333334,4.020833333333333,12.2,223.0
2018-09-13,14.733333333333334,1019.4833333333332,76.875,0.5,85.875,14.733333333333334,1.5958333333333334,7.4,257.0
2018-09-14,13.9375,1020.3791666666666,73.375,0.30000000000000004,50.75,13.9375,0.6541666666666667,5.3,336.0
2018-09-15,12.283333333333333,1018.8583333333332,77.70833333333333,0.1,69.41666666666667,12.283333333333333,0.8458333333333333,5.7,127.0
2018-09-16,13.854166666666666,1020.4333333333334,68.45833333333333,0.0,45.708333333333336,13.854166666666666,3.1041666666666665,11.6,284.0
2018-09-17,13.995833333333332,1021.1208333333334,69.20833333333333,0.0,63.375,13.770833333333334,2.9625,13.6,222.0
2018-09-18,16.7375,1019.6041666666666,66.08333333333333,0.0,30.375,16.645833333333332,1.5166666666666666,7.4,220.0
2018-09-19,18.695833333333333,1017.4416666666666,68.375,0.0,0.0,18.645833333333332,2.620833333333333,9.6,164.0
2018-09-20,19.166666666666668,1018.3249999999999,65.70833333333333,0.0,0.0,19.075,1.4208333333333334,7.0,153.0
2018-09-21,19.8875,1015.25,63.833333333333336,0.0,8.375,19.791666666666668,3.095833333333333,10.3,151.0
2018-09-22,14.008333333333333,1010.5749999999999,75.33333333333333,5.6000000000000005,65.41666666666667,13.950000000000001,3.6333333333333333,12.3,236.0
2018-09-23,9.5125,1010.8874999999999,80.66666666666667,0.7,57.541666666666664,8.520833333333334,3.1666666666666665,11.2,214.0
2018-09-24,8.620833333333334,1005.1333333333333,87.66666666666667,9.5,85.29166666666667,7.408333333333334,2.9499999999999997,10.6,141.0
2018-09-25,6.3,1021.15,80.04166666666667,1.3,47.166666666666664,3.4125,4.141666666666667,12.9,305.0
2018-09-26,5.933333333333334,1026.9375,82.125,4.3,49.666666666666664,3.3041666666666667,4.3125,15.1,215.0
2018-09-27,12.15,1014.8541666666666,72.95833333333333,0.0,72.04166666666667,11.2125,5.3999999999999995,15.9,252.0
2018-09-28,12.4625,1011.3958333333334,76.75,0.5,85.83333333333333,12.258333333333333,4.9750000000000005,16.0,215.0
2018-09-29,7.191666666666666,1022.0708333333333,72.75,0.0,34.583333333333336,5.7625,2.6666666666666665,8.3,304.0
2018-09-30,7.491666666666667,1021.9625,65.5,0.0,52.875,5.983333333333333,3.704166666666667,12.4,187.0
2018-10-01,8.2625,1013.7166666666667,70.08333333333333,0.0,22.541666666666668,7.045833333333333,2.7875,8.6,145.0
2018-10-02,8.383333333333333,1008.6708333333332,81.41666666666667,1.4,72.79166666666667,7.633333333333333,2.2833333333333337,9.5,150.0
2018-10-03,7.116666666666667,1000.5124999999999,85.95833333333333,5.7,90.45833333333333,4.054166666666666,4.875,13.3,206.0
2018-10-04,7.1125,1014.3583333333332,70.875,0.2,46.583333333333336,4.0874999999999995,5.241666666666666,19.3,288.0
2018-10-05,8.975,1022.5791666666668,83.20833333333333,0.0,88.875,8.1625,3.3708333333333336,11.0,216.0
2018-10-06,12.533333333333333,1017.9666666666667,68.125,0.0,28.166666666666668,12.254166666666668,3.9125,10.5,185.0
2018-10-07,10.8125,1009.8958333333334,82.75,2.1,75.91666666666667,9.9375,3.3666666666666667,11.7,193.0
2018-10-08,7.816666666666666,1023.0916666666667,70.33333333333333,0.0,54.833333333333336,6.870833333333334,1.5999999999999999,10.7,4.0
2018-10-09,7.675,1025.8625,76.45833333333333,0.0,37.125,6.691666666666666,2.654166666666667,8.2,169.0
2018-10-10,10.629166666666666,1026.9083333333333,77.20833333333333,0.0,26.125,9.929166666666667,2.058333333333333,7.9,184.0
2018-10-11,10.954166666666666,1030.8708333333334,80.875,0.0,3.619047619047619,10.954166666666666,0.6416666666666667,4.2,120.0
2018-10-12,11.637500000000001,1032.7708333333333,81.95833333333333,0.0,0.0,10.883333333333333,3.2375000000000003,7.8,144.0
2018-10-13,11.358333333333334,1031.675,82.5,0.0,0.0,10.637500000000001,2.15,6.2,155.0
2018-10-14,11.670833333333334,1029.7291666666667,81.16666666666667,0.0,5.681818181818182,11.195833333333333,2.504166666666667,7.0,152.0
2018-10-15,11.35,1026.675,63.375,0.0,0.0,10.7875,2.8000000000000003,7.8,156.0
2018-10-16,11.583333333333334,1024.4458333333334,68.75,0.0,6.875,11.066666666666668,1.9625000000000001,7.6,148.0
2018-10-17,10.799999999999999,1024.4541666666667,76.5,0.0,3.6666666666666665,10.424999999999999,1.8166666666666667,5.4,144.0
2018-10-18,11.583333333333334,1021.0625,78.29166666666667,0.0,0.0,11.450000000000001,1.2625,5.2,180.0
2018-10-19,7.845833333333334,1020.9250000000001,95.75,0.0,64.65,7.8125,0.6333333333333334,4.6,300.0
2018-10-20,7.0125,1023.6374999999999,83.08333333333333,0.0,88.33333333333333,6.875,0.3958333333333333,4.4,257.0
2018-10-21,3.970833333333333,1026.8291666666667,86.54166666666667,0.0,24.333333333333332,3.970833333333333,0.3458333333333334,3.3,307.0
2018-10-22,5.858333333333333,1021.9458333333333,85.0,2.1,47.0,4.316666666666666,3.295833333333333,10.3,217.0
2018-10-23,4.195833333333334,1003.6083333333332,95.625,8.0,78.47826086956522,0.7625000000000001,4.375,14.2,199.0
2018-10-24,4.570833333333334,987.9708333333333,92.54166666666667,8.7,91.0,0.8166666666666668,4.983333333333333,14.3,272.0
2018-10-25,3.408333333333333,999.1583333333333,91.66666666666667,1.9000000000000001,96.5,1.1,2.6625,10.7,205.0
2018-10-26,3.8083333333333336,1003.3541666666666,85.58333333333333,0.0,79.45833333333333,1.7,2.504166666666667,8.8,279.0
2018-10-27,6.029166666666666,1001.8833333333333,88.25,1.9,79.08333333333333,3.0749999999999997,4.166666666666667,10.4,162.0
2018-10-28,3.28,1014.36,83.28,0.0,84.28,0.812,2.964,10.3,2.0
2018-10-29,1.55,1020.3833333333333,93.54166666666667,8.2,97.5,-2.029166666666667,3.529166666666667,11.7,50.0
2018-10-30,7.308333333333334,1018.7041666666668,94.29166666666667,0.0,100.0,4.741666666666666,4.895833333333333,13.9,88.0
2018-10-31,11.491666666666667,1022.9,93.25,1.0,84.0,10.629166666666666,4.316666666666666,11.2,144.0
2018-11-01,11.558333333333332,1027.7375,90.20833333333333,0.0,97.0,11.558333333333332,4.0375000000000005,10.5,145.0
2018-11-02,11.041666666666666,1024.55,90.20833333333333,0.0,95.0,10.2875,4.404166666666667,10.6,162.0
2018-11-03,10.2625,1027.2250000000001,95.29166666666667,1.7,94.94736842105263,10.041666666666666,1.3833333333333335,6.2,306.0
2018-11-04,4.870833333333334,1030.7166666666667,94.33333333333333,0.0,95.82608695652173,4.1125,1.2708333333333333,5.4,90.0
2018-11-05,6.875,1026.4708333333333,94.58333333333333,0.0,99.0,4.291666666666667,3.858333333333333,8.9,149.0
2018-11-06,8.475,1024.0333333333333,92.20833333333333,0.0,100.0,6.033333333333334,4.1875,9.1,157.0
2018-11-07,6.766666666666667,1022.9791666666666,95.41666666666667,0.0,87.0,4.3125,3.5541666666666667,7.8,150.0
2018-11-08,3.466666666666667,1022.9583333333334,98.91666666666667,0.0,37.625,1.9916666666666665,1.6500000000000001,5.3,154.0
2018-11-09,2.129166666666667,1022.4875000000001,99.0,0.0,84.36363636363636,0.5416666666666666,1.8458333333333332,5.5,150.0
2018-11-10,4.0625,1020.8583333333332,94.54166666666667,0.0,88.20833333333333,1.3583333333333334,3.1041666666666665,7.2,128.0
2018-11-11,3.375,1024.3416666666667,93.45833333333333,0.0,95.0,-0.5541666666666667,4.804166666666666,12.1,129.0
2018-11-12,2.7541666666666664,1028.4333333333334,92.41666666666667,0.0,99.5,-1.9124999999999999,5.8999999999999995,12.5,149.0
2018-11-13,4.341666666666667,1024.4916666666666,95.125,3.3,99.5,-0.075,6.320833333333333,13.0,172.0
2018-11-14,6.375,1020.9416666666666,96.375,8.9,95.5,4.345833333333333,2.9166666666666665,8.9,186.0
2018-11-15,5.6625000000000005,1032.4125000000001,89.54166666666667,0.0,92.45833333333333,4.566666666666666,1.6541666666666668,6.4,323.0
2018-11-16,1.4333333333333333,1042.9916666666666,86.125,0.0,91.375,0.5333333333333333,1.2583333333333333,5.3,101.0
2018-11-17,-1.2875,1042.3458333333333,92.41666666666667,0.0,47.80952380952381,-1.625,0.5625,7.5,166.0
2018-11-18,2.954166666666667,1027.2583333333334,95.41666666666667,2.7,96.0,0.5125000000000001,2.558333333333333,7.9,14.0
2018-11-19,2.4499999999999997,1030.8333333333333,92.875,0.6,96.5,-0.3666666666666667,2.8333333333333335,8.8,54.0
2018-11-20,-0.23750000000000002,1031.8500000000001,90.375,0.0,95.5,-2.033333333333333,1.7,5.8,43.0
2018-11-21,-2.408333333333333,1031.0041666666666,85.625,0.0,99.0,-2.9875000000000003,0.9166666666666666,5.1,23.0
2018-11-22,-3.516666666666667,1029.2791666666667,90.75,0.0,100.0,-5.075,1.325,5.8,313.0
2018-11-23,-2.1333333333333333,1028.3791666666666,87.04166666666667,0.0,100.0,-3.8666666666666667,1.4916666666666665,6.8,217.0
2018-11-24,-3.4625,1020.0,95.5,0.0,99.0,-7.166666666666667,2.658333333333333,6.8,176.0
2018-11-25,-1.0374999999999999,1014.9916666666667,97.20833333333333,0.0,99.0,-1.1541666666666666,0.33749999999999997,3.3,352.0
2018-11-26,-2.3833333333333333,1015.6625,91.20833333333333,0.0,98.0,-3.266666666666667,1.0250000000000001,4.9,32.0
2018-11-27,-2.408333333333333,1017.9541666666668,89.08333333333333,0.0,63.208333333333336,-3.533333333333333,1.2166666666666666,6.4,222.0
2018-11-28,-5.633333333333333,1032.55,86.95833333333333,0.0,77.25,-6.425,0.7291666666666666,5.5,60.0
2018-11-29,-6.091666666666666,1040.2916666666667,74.75,0.0,59.041666666666664,-12.245833333333332,4.704166666666667,11.5,173.0
2018-11-30,-6.716666666666666,1035.3999999999999,63.875,0.0,0.0,-13.895833333333334,5.95,13.6,175.0
2018-12-01,-8.883333333333333,1023.8874999999999,82.29166666666667,2.8,73.08333333333333,-12.995833333333332,2.3208333333333333,6.3,125.0
2018-12-02,-6.945833333333333,1015.0333333333333,93.58333333333333,0.4,87.70833333333333,-11.854166666666666,3.1041666666666665,8.0,168.0
2018-12-03,-0.9458333333333333,1006.2708333333334,96.16666666666667,2.6,95.5,-5.945833333333333,4.75,9.7,148.0
2018-12-04,2.8333333333333335,1006.2291666666666,98.875,7.2,99.0,-0.5875,3.7291666666666665,8.8,158.0
2018-12-05,1.3708333333333333,1017.8666666666667,92.08333333333333,0.2,85.08333333333333,-2.3000000000000003,3.579166666666667,8.5,259.0
2018-12-06,-2.75,1024.6125,94.70833333333333,0.0,33.26086956521739,-5.104166666666667,1.9166666666666667,5.8,199.0
2018-12-07,-2.6333333333333333,1012.3291666666668,94.95833333333333,6.6000000000000005,96.5,-8.066666666666666,4.779166666666667,10.8,156.0
2018-12-08,0.8250000000000001,1001.0541666666667,98.375,7.8,95.875,-3.3249999999999997,4.145833333333333,10.3,145.0
2018-12-09,1.0916666666666666,997.2041666666668,96.79166666666667,0.8,91.95833333333333,-3.2541666666666664,4.5125,9.6,151.0
2018-12-10,2.345833333333333,997.6125000000001,98.58333333333333,2.2,95.30434782608695,0.2791666666666667,2.245833333333333,6.8,214.0
2018-12-11,0.425,1010.6166666666667,98.375,0.5,98.43478260869566,-0.20000000000000004,0.9041666666666667,4.4,20.0
2018-12-12,-0.012499999999999997,1020.8083333333334,97.79166666666667,0.4,98.43478260869566,-1.6333333333333335,1.7791666666666668,8.0,7.0
2018-12-13,-0.6416666666666667,1023.7875,88.45833333333333,0.0,100.0,-3.8791666666666664,2.6374999999999997,9.1,12.0
2018-12-14,-0.5791666666666667,1028.0916666666667,90.25,0.0,98.5,-3.0500000000000003,2.025,7.1,68.0
2018-12-15,-1.0250000000000001,1032.8666666666666,88.70833333333333,0.0,97.5,-2.9791666666666665,1.8499999999999999,7.5,47.0
2018-12-16,-1.9875,1028.5583333333334,88.41666666666667,3.2,99.0,-6.779166666666666,4.145833333333333,10.9,124.0
2018-12-17,-3.3625000000000003,1026.1375,91.75,9.3,96.0,-7.9375,3.7083333333333335,9.8,143.0
2018-12-18,-4.370833333333334,1030.2208333333333,94.5,1.7,99.5,-7.3125,1.9708333333333334,4.2,141.0
2018-12-19,-4.791666666666667,1031.9041666666667,92.95833333333333,0.0,99.5,-8.6875,2.6833333333333336,9.9,154.0
2018-12-20,-7.2,1025.9208333333333,91.83333333333333,0.0,100.0,-13.683333333333332,4.716666666666667,10.0,148.0
2018-12-21,-4.620833333333334,1016.3208333333333,93.625,5.2,98.36363636363636,-8.908333333333333,2.8958333333333335,7.4,144.0
2018-12-22,0.09166666666666667,1002.3874999999999,98.04166666666667,2.1,96.57142857142857,-2.75,2.5833333333333335,6.8,146.0
2018-12-23,-1.3499999999999999,1008.7541666666666,93.29166666666667,1.9,96.5,-5.241666666666666,3.3208333333333333,9.6,292.0
2018-12-24,-3.295833333333333,1010.85,94.5,1.5,97.0,-5.441666666666666,1.6666666666666667,7.3,313.0
2018-12-25,-4.333333333333333,1017.6291666666666,94.95833333333333,0.0,98.95652173913044,-7.158333333333334,2.0124999999999997,6.3,191.0
2018-12-26,1.25,1010.7833333333333,92.91666666666667,2.4,92.91666666666667,-3.1041666666666665,4.633333333333334,13.1,312.0
2018-12-27,0.9125,1014.0666666666666,95.04166666666667,0.7,98.9090909090909,-1.7166666666666668,2.4,8.6,242.0
2018-12-28,1.1083333333333334,1012.0208333333334,98.33333333333333,3.2,98.85714285714286,-0.7958333333333334,1.9791666666666667,7.9,326.0
2018-12-29,0.5750000000000001,1019.9875000000001,98.20833333333333,0.2,98.8,-0.8833333333333333,1.6708333333333334,7.3,247.0
2018-12-30,1.3041666666666667,1016.2458333333334,98.91666666666667,2.3,97.23076923076923,-0.9208333333333334,2.1458333333333335,5.4,190.0
2018-12-31,-0.3333333333333333,1021.9708333333333,97.625,8.4,100.0,-1.9666666666666668,1.4833333333333334,6.9,9.0
2019-01-01,0.21666666666666665,1006.5166666666668,97.41666666666667,5.6000000000000005,97.5,-4.666666666666667,5.104166666666667,11.9,201.0
2019-01-02,0.06250000000000004,998.9875000000001,94.875,5.7,95.95833333333333,-4.175,4.008333333333334,13.7,226.0
2019-01-03,-4.283333333333333,1014.5166666666668,88.54166666666667,3.3000000000000003,95.5,-9.9625,4.566666666666666,12.8,332.0
2019-01-04,-5.033333333333333,1019.0208333333334,88.625,2.8,98.5,-9.808333333333334,3.3333333333333335,8.9,214.0
2019-01-05,-2.9916666666666667,1008.6625,90.625,1.5,99.5,-7.425,3.4499999999999997,12.5,6.0
2019-01-06,-5.770833333333333,1022.3958333333334,88.08333333333333,0.0,98.0,-9.4625,2.3625000000000003,8.1,7.0
2019-01-07,-7.325,1026.4958333333334,89.83333333333333,0.2,88.79166666666667,-10.583333333333334,2.2375000000000003,7.5,193.0
2019-01-08,-5.483333333333333,1009.1166666666667,85.66666666666667,0.3,81.95833333333333,-11.7125,4.945833333333334,11.2,174.0
2019-01-09,-8.4125,1009.1,84.41666666666667,0.2,83.125,-14.5375,4.0375000000000005,10.0,144.0
2019-01-10,-9.804166666666667,1019.4625,88.04166666666667,0.0,98.0,-10.616666666666667,0.6208333333333333,5.7,314.0
2019-01-11,-11.141666666666666,1014.1041666666666,88.75,4.4,64.625,-16.708333333333332,3.3666666666666667,9.6,196.0
2019-01-12,-2.966666666666667,1001.4250000000001,93.20833333333333,2.6,98.0,-6.379166666666666,2.591666666666667,7.1,267.0
2019-01-13,-0.4083333333333334,992.475,97.04166666666667,3.0,99.0,-4.4125000000000005,3.6333333333333333,9.6,198.0
2019-01-14,-0.4083333333333334,979.3041666666667,95.41666666666667,9.2,91.20833333333333,-5.266666666666667,4.7875000000000005,12.5,193.0
2019-01-15,-3.3125,991.5208333333334,89.79166666666667,0.8999999999999999,86.16666666666667,-7.9375,3.516666666666667,10.2,246.0
2019-01-16,-2.970833333333333,1000.5500000000001,92.83333333333333,0.0,71.70833333333333,-6.75,2.8375,7.3,269.0
2019-01-17,1.3208333333333333,996.3833333333333,95.25,2.4,94.6,-3.2125,4.916666666666667,12.6,207.0
2019-01-18,-0.8624999999999999,1002.8208333333333,91.5,6.2,89.41666666666667,-4.870833333333334,3.545833333333333,10.5,268.0
2019-01-19,-2.9416666666666664,1016.0333333333333,93.25,0.0,86.16666666666667,-7.370833333333334,3.3958333333333335,9.1,225.0
2019-01-20,-2.6666666666666665,1015.3375,90.95833333333333,2.09619755464628,91.875,-7.282608695652174,4.034782608695652,11.4,219.0
2019-01-21,-4.908333333333333,1018.2541666666666,92.5,0.30000000000000004,81.66666666666667,-7.566666666666666,1.9875,7.5,233.0
2019-01-22,-4.175,1018.2208333333333,93.79166666666667,0.7,98.5,-5.170833333333333,0.9375,5.9,169.0
2019-01-23,-5.875,1015.4916666666667,84.45833333333333,0.0,48.541666666666664,-8.1875,1.6916666666666667,6.1,156.0
2019-01-24,-11.395833333333334,1019.625,87.58333333333333,0.0,0.0,-11.991666666666667,0.6166666666666667,3.1,9.0
2019-01-25,-7.954166666666667,1019.5416666666666,90.20833333333333,5.8,88.70833333333333,-11.658333333333333,2.4250000000000003,8.6,88.0
2019-01-26,-7.916666666666667,1007.35,90.79166666666667,0.9,93.5,-10.970833333333333,1.8041666666666665,5.8,189.0
2019-01-27,-7.429166666666667,1005.6875,89.75,0.1,92.875,-10.754166666666668,2.2875,9.3,140.0
2019-01-28,-7.158333333333334,1002.5333333333333,87.5,2.4000000000000004,85.29166666666667,-13.470833333333333,4.504166666666666,10.5,135.0
2019-01-29,-3.4333333333333336,1001.8041666666667,92.79166666666667,0.0,97.0,-8.354166666666666,3.829166666666667,8.1,158.0
2019-01-30,-0.45416666666666666,1008.5041666666666,91.20833333333333,0.0,85.79166666666667,-2.5083333333333333,1.9208333333333334,6.9,190.0
2019-01-31,-1.1791666666666667,1009.1875,92.95833333333333,0.6000000000000001,97.5,-3.5875,1.8708333333333333,6.4,83.0
2019-02-01,0.4666666666666666,1008.9583333333334,95.79166666666667,4.2,99.0,-2.85,2.9958333333333336,7.9,142.0
2019-02-02,1.05,1008.3249999999999,93.04166666666667,2.044081887767388,95.5,-3.5,4.916666666666667,11.9,121.0
2019-02-03,1.9708333333333332,1010.7125,93.25,0.2,88.95454545454545,-1.0333333333333334,3.3166666666666664,11.4,155.0
2019-02-04,-0.38749999999999996,1018.9250000000001,94.70833333333333,5.3,98.28571428571429,-3.5583333333333336,2.8874999999999997,11.4,308.0
2019-02-05,-1.9083333333333332,1028.3166666666666,81.41666666666667,0.0,98.0,-6.091666666666666,3.795833333333334,10.4,186.0
2019-02-06,-0.19583333333333333,1022.6750000000001,89.83333333333333,0.4,97.5,-4.266666666666667,3.6625,8.5,190.0
2019-02-07,0.22916666666666666,1020.3416666666667,81.625,0.0,84.66666666666667,-3.4250000000000003,3.625,11.4,161.0
2019-02-08,0.10416666666666667,1016.1833333333334,84.45833333333333,0.0,61.666666666666664,-3.920833333333333,3.7125,8.0,175.0
2019-02-09,1.0416666666666667,1013.15,88.08333333333333,0.0,71.625,-3.3666666666666667,4.745833333333334,13.2,169.0
2019-02-10,2.225,1007.4875000000001,86.29166666666667,0.0,70.58333333333333,-1.7208333333333332,4.266666666666667,8.9,159.0
2019-02-11,2.0833333333333335,998.3791666666666,89.45833333333333,2.4,93.17391304347827,-2.0541666666666667,4.5375,10.1,163.0
2019-02-12,0.12916666666666668,1008.9416666666666,87.45833333333333,1.7,95.45833333333333,-4.904166666666667,5.3125,13.8,239.0
2019-02-13,-0.47500000000000003,1017.4958333333334,89.5,12.9,93.41666666666667,-4.704166666666667,3.8541666666666665,9.9,222.0
2019-02-14,1.5458333333333334,1026.4208333333333,92.75,0.0,70.5909090909091,-1.0166666666666668,2.6125000000000003,9.9,258.0
2019-02-15,2.3375,1028.1666666666667,97.45833333333333,0.2,98.85714285714286,-0.5125000000000001,2.9499999999999997,10.8,272.0
2019-02-16,2.5875,1023.9875000000001,91.20833333333333,0.0,33.625,-0.7458333333333332,3.4916666666666667,8.2,204.0
2019-02-17,2.316666666666667,1018.75,91.16666666666667,0.0,50.833333333333336,-0.5083333333333333,2.9333333333333336,7.3,217.0
2019-02-18,-1.1166666666666667,1024.4791666666667,96.79166666666667,0.0,51.666666666666664,-2.8666666666666667,1.5791666666666666,6.8,167.0
2019-02-19,1.7708333333333333,1013.4583333333334,87.5,0.3,27.333333333333332,-1.7249999999999999,3.7916666666666665,9.7,198.0
2019-02-20,2.670833333333333,1007.7333333333332,83.79166666666667,1.5,79.41666666666667,-1.7375,5.458333333333333,17.8,247.0
2019-02-21,-2.533333333333333,1019.5041666666666,58.166666666666664,0.0,57.041666666666664,-7.1125,3.8249999999999997,13.1,309.0
2019-02-22,-5.316666666666666,1034.6208333333334,53.583333333333336,0.0,4.25,-10.520833333333334,3.8625000000000003,13.9,1.0
2019-02-23,-4.2375,1041.6083333333333,57.708333333333336,0.0,75.16666666666667,-7.433333333333334,2.9125,11.3,263.0
2019-02-24,0.4583333333333333,1031.4833333333333,77.70833333333333,0.0,75.70833333333333,-3.045833333333334,3.15,10.5,270.0
2019-02-25,1.7416666666666665,1024.5541666666666,87.33333333333333,0.0,54.86363636363637,-1.9958333333333333,4.133333333333334,11.9,285.0
2019-02-26,2.2083333333333335,1019.4583333333334,84.125,0.0,90.91666666666667,-1.7416666666666665,4.316666666666666,11.7,331.0
2019-02-27,2.35,1017.8541666666666,81.79166666666667,0.0,74.625,-0.1708333333333333,2.7624999999999997,8.7,331.0
2019-02-28,3.3208333333333333,996.5541666666667,80.625,0.3,90.33333333333333,-0.6583333333333333,5.0,15.5,301.0
2019-03-01,-2.1166666666666667,1003.6666666666666,72.04166666666667,0.7,89.95833333333333,-7.233333333333333,4.6625000000000005,14.0,317.0
2019-03-02,-3.733333333333333,1013.5583333333334,56.875,0.0,56.0,-7.566666666666666,2.6666666666666665,7.7,5.0
2019-03-03,-0.5041666666666668,1004.8083333333334,78.54166666666667,2.6,77.29166666666667,-5.316666666666667,4.6125,10.2,217.0
2019-03-04,4.833333333333333,993.5,96.58333333333333,8.5,93.0,2.5708333333333333,2.858333333333333,10.3,218.0
2019-03-05,4.566666666666666,989.6666666666666,84.125,2.6,86.33333333333333,0.6291666666666667,5.516666666666667,17.7,237.0
2019-03-06,-0.8791666666666668,1011.4375,64.70833333333333,0.0,47.583333333333336,-3.9166666666666665,2.5708333333333333,9.5,333.0
2019-03-07,3.829166666666667,1007.5958333333333,68.33333333333333,0.0,87.29166666666667,-0.2916666666666666,5.666666666666667,14.6,155.0
2019-03-08,7.45,1001.2041666666668,72.41666666666667,2.5,78.41666666666667,5.141666666666667,5.466666666666666,18.4,214.0
2019-03-09,4.304166666666666,1004.3708333333334,68.75,2.7,68.54166666666667,0.27499999999999997,5.479166666666667,18.6,229.0
2019-03-10,2.3958333333333335,996.0416666666666,91.25,4.4,80.58333333333333,-1.25,3.9583333333333335,10.8,261.0
2019-03-11,-0.22083333333333333,999.6750000000001,83.04166666666667,1.7,78.28571428571429,-4.054166666666666,3.9291666666666667,13.4,273.0
2019-03-12,-2.0791666666666666,1011.0458333333332,70.83333333333333,0.0,39.25,-6.5625,3.891666666666667,12.3,258.0
2019-03-13,0.42916666666666664,1009.5708333333333,80.08333333333333,0.7,69.54166666666667,-3.3000000000000003,3.8791666666666664,14.6,150.0
2019-03-14,3.3791666666666664,1003.1458333333334,85.875,3.2,79.54166666666667,-0.27499999999999997,4.545833333333333,14.1,162.0
2019-03-15,3.920833333333333,998.8041666666667,89.08333333333333,0.6,88.41666666666667,0.46666666666666673,4.208333333333333,12.2,185.0
2019-03-16,3.0708333333333333,992.3333333333334,94.25,11.5,96.5,-0.9083333333333333,4.8125,12.8,291.0
2019-03-17,3.8125,1004.5124999999999,88.95833333333333,0.0,93.45833333333333,1.15,3.6041666666666665,12.0,165.0
2019-03-18,5.529166666666666,1007.3666666666667,84.91666666666667,3.1,82.125,3.045833333333333,3.408333333333333,10.3,213.0
2019-03-19,3.170833333333333,1017.5583333333334,76.08333333333333,0.0,76.91666666666667,-0.42083333333333334,4.154166666666667,13.8,206.0
2019-03-20,3.329166666666667,1027.3333333333333,67.33333333333333,0.0,81.58333333333333,0.25416666666666665,3.466666666666667,9.7,262.0
2019-03-21,5.870833333333334,1025.4208333333333,83.58333333333333,0.4,94.0,3.045833333333333,3.8541666666666665,12.4,264.0
2019-03-22,6.279166666666666,1026.6333333333334,61.166666666666664,0.5,35.5,2.9875000000000003,5.041666666666667,14.9,283.0
2019-03-23,5.558333333333334,1026.3999999999999,46.208333333333336,0.0,20.958333333333332,4.6499999999999995,2.3666666666666667,8.5,206.0
2019-03-24,5.270833333333333,1018.2041666666668,68.125,0.0,35.583333333333336,2.1083333333333334,4.4624999999999995,14.0,282.0
2019-03-25,2.720833333333333,1010.6583333333333,76.08333333333333,0.0,76.29166666666667,0.9333333333333332,2.1083333333333334,8.3,261.0
2019-03-26,0.7541666666666668,1010.775,83.04166666666667,3.5,76.29166666666667,-2.4833333333333334,3.2125,13.4,316.0
2019-03-27,-0.08749999999999997,1022.2541666666666,85.16666666666667,0.2,66.41666666666667,-2.316666666666667,2.2291666666666665,9.6,166.0
2019-03-28,2.7583333333333333,1027.9875,83.91666666666667,0.0,68.33333333333333,1.6375,1.5125,7.6,80.0
2019-03-29,5.741666666666667,1023.9083333333333,83.25,0.0,64.25,3.3958333333333335,4.3125,13.9,219.0
2019-03-30,9.424999999999999,1019.3958333333334,66.04166666666667,0.0,38.708333333333336,7.841666666666666,4.204166666666667,11.8,255.0
2019-03-31,7.265217391304348,1014.2130434782609,68.8695652173913,0.0,28.434782608695652,5.1521739130434785,5.004347826086956,16.1,219.0
2019-04-01,3.6333333333333333,1026.5916666666667,54.0,0.0,9.458333333333334,1.0541666666666667,3.0541666666666667,11.0,328.0
2019-04-02,3.6791666666666667,1030.0541666666666,50.0,0.0,0.0,3.0500000000000003,1.7750000000000001,9.0,129.0
2019-04-03,6.3374999999999995,1024.1375,40.375,0.0,0.0,4.295833333333333,4.308333333333334,12.9,132.0
2019-04-04,7.1875,1018.8833333333333,38.25,0.0,0.0,5.558333333333334,3.7416666666666667,13.6,126.0
2019-04-05,8.0875,1018.0666666666666,35.0,0.0,0.0,6.8875,3.2375000000000003,10.2,138.0
2019-04-06,8.975,1019.1166666666667,33.75,0.0,9.958333333333334,7.908333333333334,3.220833333333333,11.7,60.0
2019-04-07,9.895833333333334,1012.5708333333333,44.666666666666664,0.0,52.291666666666664,8.950000000000001,3.6791666666666667,11.2,147.0
2019-04-08,8.0625,1009.9416666666666,66.04166666666667,0.0,16.791666666666668,7.716666666666666,2.075,8.5,78.0
2019-04-09,1.8916666666666666,1013.5041666666666,71.58333333333333,0.0,74.16666666666667,-0.6041666666666666,2.525,8.4,319.0
2019-04-10,2.1333333333333333,1017.125,66.66666666666667,0.0,81.91666666666667,0.20833333333333334,1.9375,6.3,314.0
2019-04-11,2.5791666666666666,1021.9499999999999,66.75,0.0,85.08333333333333,0.9083333333333333,2.025,9.0,335.0
2019-04-12,0.4291666666666667,1025.8916666666667,63.0,0.0,18.291666666666668,-1.8541666666666667,2.6125000000000003,9.2,21.0
2019-04-13,2.983333333333333,1027.0166666666667,51.541666666666664,0.0,10.5,0.32083333333333325,2.983333333333333,9.7,33.0
2019-04-14,4.166666666666667,1028.4791666666667,46.458333333333336,0.0,1.0833333333333333,2.2041666666666666,2.8083333333333336,10.4,26.0
2019-04-15,3.670833333333333,1029.0416666666667,45.875,0.0,33.5,2.2875,2.3291666666666666,10.5,16.0
2019-04-16,8.025,1027.5541666666666,46.958333333333336,0.0,33.5,7.508333333333333,2.375,10.4,1.0
2019-04-17,11.291666666666666,1029.1875,40.0,0.0,0.0,10.845833333333333,2.2291666666666665,9.2,60.0
2019-04-18,11.387500000000001,1031.6875,42.083333333333336,0.0,3.7083333333333335,11.387500000000001,1.7249999999999999,10.4,13.0
2019-04-19,11.674999999999999,1032.0375000000001,39.625,0.0,0.5416666666666666,11.5875,1.6583333333333332,9.1,346.0
2019-04-20,10.795833333333334,1027.0458333333333,45.958333333333336,0.0,48.583333333333336,10.145833333333334,2.408333333333333,7.9,322.0
2019-04-21,7.616666666666667,1022.2916666666666,77.625,0.6,78.45833333333333,6.7749999999999995,1.8333333333333333,8.9,46.0
2019-04-22,11.279166666666667,1027.125,54.958333333333336,0.0,0.0,11.141666666666666,2.1875,11.2,68.0
2019-04-23,12.495833333333332,1029.075,39.041666666666664,0.0,0.0,12.495833333333332,2.2041666666666666,10.0,129.0
2019-04-24,15.158333333333333,1025.6208333333334,29.583333333333332,0.0,16.25,14.908333333333333,4.3500000000000005,15.8,131.0
2019-04-25,15.791666666666666,1020.8000000000001,40.5,0.0,13.583333333333334,15.579166666666666,3.9583333333333335,12.8,133.0
2019-04-26,18.266666666666666,1015.5916666666667,47.458333333333336,0.0,2.625,18.066666666666666,2.954166666666667,9.2,128.0
2019-04-27,19.095833333333335,1008.5,52.666666666666664,0.0,9.958333333333334,18.925,1.7416666666666665,7.7,112.0
2019-04-28,17.912499999999998,1009.9041666666667,51.083333333333336,0.0,2.0833333333333335,17.825,2.970833333333333,10.2,49.0
2019-04-29,13.258333333333333,1016.0166666666668,36.416666666666664,0.0,0.0,13.066666666666668,3.091666666666667,10.2,42.0
2019-04-30,11.995833333333332,1015.0875,37.791666666666664,0.0,0.0,11.641666666666666,1.6083333333333334,8.2,56.0
2019-05-01,11.941666666666668,1006.9499999999999,43.416666666666664,0.0,39.833333333333336,11.841666666666667,1.5458333333333334,7.3,133.0
2019-05-02,7.741666666666667,996.6333333333333,78.16666666666667,3.8,71.70833333333333,5.8625,3.75,15.0,249.0
2019-05-03,6.741666666666667,1000.0958333333333,74.54166666666667,3.9,68.04166666666667,4.516666666666667,3.375,11.1,252.0
2019-05-04,6.1875,1006.625,62.083333333333336,0.0,54.458333333333336,5.445833333333333,2.5166666666666666,10.0,220.0
2019-05-05,6.6499999999999995,1010.0041666666666,69.0,0.0,48.166666666666664,5.179166666666666,2.6750000000000003,9.9,9.0
2019-05-06,6.7124999999999995,1012.7375000000001,61.291666666666664,0.0,72.66666666666667,5.991666666666667,2.2125,9.2,19.0
2019-05-07,8.916666666666666,1011.8916666666668,49.875,0.2,71.04166666666667,7.5625,3.8166666666666664,11.6,301.0
2019-05-08,7.445833333333333,1016.9,51.5,0.0,5.291666666666667,7.083333333333333,1.325,8.5,318.0
2019-05-09,10.208333333333334,1012.5666666666666,55.791666666666664,0.0,42.333333333333336,10.016666666666667,2.6041666666666665,9.8,113.0
2019-05-10,11.870833333333332,1008.3874999999999,67.875,0.0,66.41666666666667,11.854166666666666,1.6291666666666667,7.4,84.0
2019-05-11,12.179166666666667,1010.6083333333332,77.95833333333333,0.3,75.91666666666667,12.179166666666667,1.4124999999999999,6.2,120.0
2019-05-12,11.7875,1021.3708333333334,74.41666666666667,0.0,18.85,11.683333333333332,1.2041666666666668,5.6,356.0
2019-05-13,11.512500000000001,1025.3999999999999,78.16666666666667,0.0,42.375,10.958333333333334,2.908333333333333,11.7,316.0
2019-05-14,8.316666666666666,1026.2749999999999,86.75,0.0,100.0,7.1499999999999995,2.6958333333333333,8.1,330.0
2019-05-15,13.645833333333334,1022.525,68.95833333333333,0.0,68.54166666666667,13.158333333333333,3.1458333333333335,9.5,42.0
2019-05-16,13.325000000000001,1021.4583333333334,73.79166666666667,1.7,89.33333333333333,13.325000000000001,3.1999999999999997,9.9,56.0
2019-05-17,15.6,1018.1625,72.625,1.7,77.95833333333333,15.6,3.1750000000000003,10.8,100.0
2019-05-18,19.683333333333334,1015.8125,64.16666666666667,0.0,36.666666666666664,19.591666666666665,2.720833333333333,10.2,102.0
2019-05-19,20.099999999999998,1013.9875000000001,45.583333333333336,0.0,24.583333333333332,19.958333333333332,3.4166666666666665,11.7,94.0
2019-05-20,20.716666666666665,1012.8125,52.708333333333336,2.2,56.583333333333336,20.645833333333332,3.4125,13.0,85.0
2019-05-21,21.741666666666664,1009.6791666666667,48.958333333333336,0.0,28.333333333333332,21.59166666666667,3.970833333333333,14.0,122.0
2019-05-22,19.020833333333332,1008.2708333333334,59.208333333333336,0.0,15.25,18.925,1.8291666666666666,7.4,141.0
2019-05-23,18.212500000000002,1008.9166666666666,65.70833333333333,0.0,27.791666666666668,18.125,1.5833333333333333,9.4,310.0
2019-05-24,16.616666666666667,1010.8166666666666,79.625,0.0,73.75,16.616666666666667,2.4875,8.0,290.0
2019-05-25,16.091666666666665,1009.0375,64.75,0.0,33.041666666666664,16.091666666666665,2.8000000000000003,11.0,278.0
2019-05-26,12.804166666666667,1009.8625000000001,65.5,0.0,90.45833333333333,12.804166666666667,3.3625000000000003,10.0,247.0
2019-05-27,18.025000000000002,1007.8000000000001,56.875,0.0,77.95833333333333,17.920833333333334,4.1875,13.0,197.0
2019-05-28,16.558333333333334,1007.7875,82.25,11.8,66.41666666666667,16.558333333333334,2.495833333333333,12.6,124.0
2019-05-29,14.683333333333332,1010.7375000000001,91.29166666666667,3.0,89.25,14.683333333333332,2.5791666666666666,8.0,170.0
2019-05-30,13.241666666666667,1022.7333333333332,54.708333333333336,0.0,9.916666666666666,13.004166666666668,2.0625,7.8,326.0
2019-05-31,15.083333333333334,1021.1541666666667,59.541666666666664,0.0,29.291666666666668,15.083333333333334,1.9666666666666666,9.3,165.0
2019-06-01,17.233333333333334,1020.0333333333333,68.0,0.0,52.333333333333336,17.233333333333334,2.2624999999999997,7.1,289.0
2019-06-02,17.595833333333335,1017.6791666666667,63.041666666666664,0.1,26.166666666666668,17.595833333333335,3.1958333333333333,14.2,255.0
2019-06-03,17.866666666666667,1020.3416666666667,58.666666666666664,0.0,2.0833333333333335,17.716666666666665,1.1791666666666667,4.8,173.0
2019-06-04,20.9375,1018.8666666666667,52.666666666666664,0.0,0.0,20.754166666666666,2.658333333333333,9.7,129.0
2019-06-05,22.724999999999998,1017.3833333333333,53.958333333333336,0.0,15.208333333333334,22.520833333333332,1.8625,9.0,129.0
2019-06-06,22.770833333333332,1017.9375,64.41666666666667,1.2,23.541666666666668,22.7625,2.595833333333333,11.1,120.0
2019-06-07,22.766666666666666,1017.5541666666667,66.66666666666667,0.0,39.791666666666664,22.7625,2.6374999999999997,11.9,87.0
2019-06-08,22.379166666666666,1018.8041666666667,67.375,0.0,24.625,22.379166666666666,3.2291666666666665,10.7,144.0
2019-06-09,20.479166666666668,1023.775,56.708333333333336,0.0,24.125,20.316666666666666,2.7416666666666667,9.9,305.0
2019-06-10,20.041666666666668,1023.6875,50.666666666666664,0.0,3.1666666666666665,19.849999999999998,1.625,7.7,9.0
2019-06-11,25.4875,1018.0708333333333,49.625,0.0,7.916666666666667,25.34166666666667,2.716666666666667,10.7,144.0
2019-06-12,27.420833333333334,1015.725,47.75,0.0,6.875,27.266666666666666,2.4375,8.7,154.0
2019-06-13,27.129166666666666,1015.8416666666667,49.791666666666664,0.0,19.875,26.933333333333334,3.216666666666667,15.4,139.0
2019-06-14,23.65833333333333,1018.1791666666667,62.958333333333336,0.0,28.291666666666668,23.712500000000002,2.566666666666667,11.7,14.0
2019-06-15,21.849999999999998,1018.7875,58.0,0.0,2.125,21.670833333333334,1.6583333333333332,6.8,30.0
2019-06-16,18.462500000000002,1015.4250000000001,74.83333333333333,16.1,43.958333333333336,18.462500000000002,2.1166666666666667,13.1,101.0
2019-06-17,18.079166666666666,1017.0500000000001,83.95833333333333,0.30000000000000004,82.0,18.079166666666666,2.7875,9.4,247.0
2019-06-18,19.666666666666668,1020.1666666666666,62.875,0.0,3.2083333333333335,19.533333333333335,1.7541666666666667,6.5,299.0
2019-06-19,21.795833333333334,1017.3833333333333,52.041666666666664,0.0,2.6666666666666665,21.5625,1.5208333333333333,7.5,69.0
2019-06-20,22.483333333333334,1012.6416666666668,59.041666666666664,0.4,70.125,22.508333333333336,2.725,11.0,129.0
2019-06-21,21.691666666666666,1013.3083333333334,75.95833333333333,0.0,60.25,21.7375,1.6166666666666665,6.9,220.0
2019-06-22,20.695833333333333,1018.9416666666666,59.666666666666664,0.6,30.416666666666668,20.516666666666666,3.170833333333333,10.1,308.0
2019-06-23,19.033333333333335,1022.7375000000001,49.333333333333336,0.0,0.0,18.804166666666667,2.1625,7.6,324.0
2019-06-24,20.058333333333334,1026.1583333333333,44.833333333333336,0.0,0.0,19.941666666666666,1.8291666666666666,8.9,354.0
2019-06-25,22.21666666666667,1028.2166666666667,45.5,0.0,6.791666666666667,21.983333333333334,1.5291666666666668,7.1,6.0
2019-06-26,24.916666666666668,1019.8333333333334,53.166666666666664,0.0,39.833333333333336,24.995833333333334,3.1041666666666665,10.6,204.0
2019-06-27,19.5125,1008.8708333333334,76.08333333333333,8.8,59.75,19.525000000000002,4.408333333333333,15.8,188.0
2019-06-28,15.799999999999999,1013.9083333333333,55.416666666666664,0.0,45.041666666666664,15.799999999999999,4.658333333333333,15.4,311.0
2019-06-29,15.25,1015.6916666666666,58.958333333333336,0.0,61.75,15.1875,3.2416666666666667,13.2,316.0
2019-06-30,22.325,1011.3791666666666,59.5,0.0,28.791666666666668,22.150000000000002,3.2916666666666665,10.5,275.0
2019-07-01,21.754166666666666,1007.6416666666668,51.375,0.0,34.041666666666664,21.625,3.9416666666666664,14.7,286.0
2019-07-02,17.0625,1009.7666666666668,63.791666666666664,0.9,57.083333333333336,17.0625,4.083333333333333,18.3,266.0
2019-07-03,13.587499999999999,1012.5208333333334,68.45833333333333,2.1,56.625,13.587499999999999,4.454166666666667,14.9,249.0
2019-07-04,12.820833333333333,1015.1083333333332,66.16666666666667,0.0,48.666666666666664,12.549999999999999,4.0,12.4,262.0
2019-07-05,13.616666666666667,1006.4625,70.125,5.8,64.91666666666667,13.616666666666667,5.104166666666667,16.2,212.0
2019-07-06,15.15,1004.6125000000001,58.833333333333336,0.0,65.45833333333333,15.15,4.833333333333333,14.1,272.0
2019-07-07,14.7875,1001.7166666666667,74.0,4.4,82.08333333333333,14.7875,3.8125,13.7,259.0
2019-07-08,13.3375,1003.7416666666667,81.95833333333333,1.7,76.45833333333333,13.3375,3.6958333333333333,11.5,264.0
2019-07-09,14.6875,1004.6958333333333,76.91666666666667,0.0,78.54166666666667,14.6875,2.4250000000000003,10.3,275.0
2019-07-10,14.083333333333334,1005.2166666666667,86.20833333333333,7.7,69.58333333333333,14.083333333333334,2.9499999999999997,11.9,309.0
2019-07-11,15.104166666666666,1007.7083333333334,80.66666666666667,0.0,82.04166666666667,15.104166666666666,2.7875,9.0,292.0
2019-07-12,15.895833333333334,1008.5208333333334,67.25,0.4,50.875,15.895833333333334,1.75,10.9,333.0
2019-07-13,14.158333333333333,1010.3625000000001,66.91666666666667,0.0,60.708333333333336,14.158333333333333,0.6916666666666668,5.8,9.0
2019-07-14,15.504166666666668,1010.625,68.0,0.0,66.45833333333333,15.504166666666668,1.425,7.7,9.0
2019-07-15,16.879166666666666,1011.5166666666668,59.0,0.0,29.291666666666668,16.879166666666666,1.5333333333333332,8.3,348.0
2019-07-16,14.475,1008.4250000000001,77.04166666666667,8.4,60.708333333333336,14.475,1.5333333333333332,14.5,2.0
2019-07-17,14.066666666666668,1006.8375,83.0,0.4,73.79166666666667,14.066666666666668,2.7416666666666667,8.2,291.0
2019-07-18,16.283333333333335,1009.3791666666666,77.41666666666667,0.0,69.08333333333333,16.283333333333335,3.045833333333333,10.1,301.0
2019-07-19,18.45,1013.0416666666666,63.625,0.0,4.25,18.349999999999998,2.8833333333333333,10.2,279.0
2019-07-20,19.945833333333333,1015.8375,57.708333333333336,0.0,4.75,19.770833333333332,0.9916666666666667,6.7,7.0
2019-07-21,22.733333333333334,1016.4625,53.916666666666664,0.0,26.708333333333332,22.483333333333334,1.7625,9.7,165.0
2019-07-22,18.462500000000002,1016.5749999999999,81.70833333333333,3.8,85.66666666666667,18.462500000000002,2.9333333333333336,10.8,300.0
2019-07-23,17.966666666666665,1016.2375000000001,72.0,0.0,71.20833333333333,17.966666666666665,3.2583333333333333,8.7,298.0
2019-07-24,21.245833333333334,1016.4833333333332,64.875,0.0,46.625,21.133333333333333,2.2708333333333335,10.3,7.0
2019-07-25,19.758333333333333,1017.0916666666667,71.375,6.3999999999999995,31.916666666666668,19.683333333333334,2.4166666666666665,15.1,316.0
2019-07-26,18.229166666666668,1015.4958333333334,78.08333333333333,0.0,70.66666666666667,18.229166666666668,2.766666666666667,10.0,52.0
2019-07-27,18.379166666666666,1014.9250000000001,90.70833333333333,7.9,89.5,18.379166666666666,1.625,7.2,65.0
2019-07-28,22.2375,1011.5625,74.29166666666667,0.0,25.136363636363637,22.358333333333334,1.4583333333333333,6.9,77.0
2019-07-29,23.429166666666664,1007.9125,69.91666666666667,0.0,15.166666666666666,23.754166666666666,1.25,7.6,104.0
2019-07-30,19.545833333333334,1007.3791666666666,64.08333333333333,0.0,48.25,19.508333333333333,2.1374999999999997,8.8,20.0
2019-07-31,14.754166666666668,1013.0958333333333,66.45833333333333,0.0,64.75,14.725,2.5083333333333333,9.1,325.0
2019-08-01,14.075000000000001,1015.0333333333333,79.20833333333333,1.9,95.0,14.075000000000001,1.1416666666666666,4.8,304.0
2019-08-02,15.595833333333333,1011.5458333333332,75.75,2.4,61.75,15.595833333333333,1.6624999999999999,8.9,293.0
2019-08-03,15.108333333333334,1010.2166666666667,72.25,3.0,51.875,15.058333333333332,1.9958333333333333,9.9,304.0
2019-08-04,15.075000000000001,1010.3541666666666,64.16666666666667,0.0,49.208333333333336,15.058333333333332,1.9041666666666668,9.0,16.0
2019-08-05,14.704166666666666,1011.1291666666666,62.833333333333336,0.0,5.791666666666667,14.679166666666667,2.058333333333333,10.4,291.0
2019-08-06,16.595833333333335,1010.4541666666668,65.25,0.0,40.833333333333336,16.537499999999998,1.5999999999999999,10.2,23.0
2019-08-07,18.916666666666668,1008.1041666666666,76.125,0.5,69.04166666666667,18.8875,1.4291666666666665,6.4,161.0
2019-08-08,17.45,1004.025,87.04166666666667,34.6,72.25,17.45,3.4291666666666667,15.4,287.0
2019-08-09,16.658333333333335,1009.6666666666666,80.04166666666667,0.0,46.166666666666664,16.658333333333335,2.6791666666666667,16.5,305.0
2019-08-10,16.6375,1014.8958333333334,78.08333333333333,0.0,49.61904761904762,16.6375,1.05,5.7,79.0
2019-08-11,19.724999999999998,1014.4333333333334,71.625,5.4,50.291666666666664,19.666666666666668,2.2416666666666667,13.7,132.0
2019-08-12,20.370833333333334,1015.4916666666667,66.29166666666667,0.0,62.208333333333336,20.375,2.275,8.3,150.0
2019-08-13,19.741666666666667,1011.2375000000001,79.0,8.399999999999999,63.375,19.741666666666667,2.091666666666667,8.3,145.0
2019-08-14,14.495833333333332,1014.3083333333334,91.0,9.700000000000001,75.29166666666667,14.495833333333332,0.5875,4.1,2.0
2019-08-15,15.299999999999999,1015.7666666666668,75.5,0.1,17.875,15.299999999999999,1.3625,6.9,250.0
2019-08-16,16.520833333333332,1016.6333333333333,66.45833333333333,0.0,7.333333333333333,16.491666666666667,0.5791666666666667,4.2,130.0
2019-08-17,18.337500000000002,1016.1833333333334,60.041666666666664,0.0,4.791666666666667,18.154166666666665,0.7541666666666668,4.6,125.0
2019-08-18,19.6875,1012.8625000000001,61.583333333333336,0.0,9.041666666666666,19.583333333333332,2.120833333333333,7.5,145.0
2019-08-19,22.59166666666667,1013.4250000000001,65.54166666666667,5.9,59.208333333333336,22.741666666666664,3.108333333333333,9.2,195.0
2019-08-20,19.983333333333334,1021.5041666666666,76.375,0.9,62.25,19.945833333333333,0.2125,3.6,335.0
2019-08-21,16.645833333333332,1021.4666666666667,91.83333333333333,23.8,84.79166666666667,16.645833333333332,2.5500000000000003,13.4,38.0
2019-08-22,15.183333333333332,1028.9916666666666,80.79166666666667,0.0,18.9,15.183333333333332,0.6916666666666668,5.5,296.0
2019-08-23,17.033333333333335,1029.7541666666666,71.75,0.0,44.0,17.033333333333335,1.2249999999999999,5.9,130.0
2019-08-24,18.433333333333334,1027.3041666666666,67.375,0.0,1.5833333333333333,18.329166666666666,1.825,7.0,150.0
2019-08-25,20.095833333333335,1027.6125,69.66666666666667,0.0,13.666666666666666,20.041666666666668,0.8375,5.2,11.0
2019-08-26,20.645833333333332,1027.2124999999999,67.16666666666667,0.0,8.416666666666666,20.608333333333334,0.8916666666666667,5.9,153.0
2019-08-27,20.854166666666668,1026.1125,67.875,0.0,2.1666666666666665,20.8625,0.47500000000000003,4.8,11.0
2019-08-28,20.6375,1024.8458333333333,67.125,0.0,10.5,20.595833333333335,1.7625,7.5,118.0
2019-08-29,20.900000000000002,1020.2166666666667,67.20833333333333,3.7,32.958333333333336,20.916666666666668,3.6750000000000003,9.7,140.0
2019-08-30,19.983333333333334,1020.4499999999999,84.58333333333333,0.0,34.625,20.016666666666666,1.9583333333333333,8.3,248.0
2019-08-31,19.120833333333334,1022.0916666666667,82.0,0.0,32.285714285714285,19.141666666666666,1.0541666666666667,4.9,308.0
2019-09-01,19.462500000000002,1017.4708333333333,70.5,0.0,1.0833333333333333,19.408333333333335,1.5916666666666668,7.2,132.0
2019-09-02,19.583333333333332,1013.9458333333333,75.91666666666667,0.4,23.541666666666668,19.675,3.329166666666667,10.9,153.0
2019-09-03,13.820833333333333,1019.4333333333334,86.33333333333333,3.4,86.66666666666667,13.820833333333333,1.4874999999999998,7.9,316.0
2019-09-04,13.908333333333333,1018.4375,82.66666666666667,0.0,47.285714285714285,13.908333333333333,1.3916666666666666,7.7,149.0
2019-09-05,16.400000000000002,1015.85,72.95833333333333,0.0,15.666666666666666,16.400000000000002,2.891666666666667,9.4,150.0
2019-09-06,15.612499999999999,1019.0875,69.91666666666667,0.0,36.625,15.612499999999999,2.5791666666666666,9.9,189.0
2019-09-07,14.629166666666668,1023.5291666666667,70.25,0.0,39.75,14.629166666666668,1.375,7.6,68.0
2019-09-08,19.358333333333334,1020.125,69.0,0.0,75.91666666666667,19.329166666666666,3.1875,11.2,124.0
2019-09-09,20.766666666666666,1019.6583333333333,60.458333333333336,0.0,15.208333333333334,20.629166666666666,2.9333333333333336,12.6,144.0
2019-09-10,17.670833333333334,1018.8583333333332,56.625,0.0,27.25,17.670833333333334,3.720833333333333,11.4,128.0
2019-09-11,15.575000000000001,1024.3666666666666,69.875,0.0,23.625,15.445833333333333,2.6833333333333336,10.2,145.0
2019-09-12,16.441666666666666,1024.2875000000001,65.5,0.0,25.75,16.337500000000002,2.670833333333333,11.5,134.0
2019-09-13,14.841666666666667,1021.7875,78.58333333333333,1.7999999999999998,58.625,14.841666666666667,3.8333333333333335,11.8,218.0
2019-09-14,12.237499999999999,1024.3041666666666,75.20833333333333,0.0,20.5,12.191666666666668,3.4458333333333333,17.0,254.0
2019-09-15,12.108333333333334,1016.7041666666668,71.91666666666667,0.0,69.58333333333333,11.441666666666668,4.520833333333333,16.5,220.0
2019-09-16,13.299999999999999,1006.0875,68.91666666666667,1.1,70.20833333333333,13.299999999999999,5.566666666666666,16.4,258.0
2019-09-17,9.454166666666667,1003.8708333333334,82.33333333333333,2.5999999999999996,77.41666666666667,8.116666666666667,3.608333333333333,15.3,223.0
2019-09-18,7.820833333333333,1003.9333333333334,86.83333333333333,2.4,84.70833333333333,5.8999999999999995,3.5375,12.5,278.0
2019-09-19,8.995833333333334,1015.4958333333334,83.0,0.30000000000000004,65.45833333333333,7.908333333333334,2.704166666666667,11.4,269.0
2019-09-20,7.083333333333333,1020.1166666666667,75.0,0.5,65.91666666666667,5.441666666666666,3.1916666666666664,11.1,311.0
2019-09-21,8.325000000000001,1017.5124999999999,89.29166666666667,1.6,92.375,7.470833333333334,3.158333333333333,11.6,202.0
2019-09-22,10.879166666666668,1015.6916666666666,87.54166666666667,2.5,74.91666666666667,10.295833333333333,3.9958333333333336,11.1,283.0
2019-09-23,5.170833333333333,1023.0083333333333,79.0,0.0,12.6,4.916666666666667,0.9166666666666666,5.4,19.0
2019-09-24,4.783333333333333,1021.6958333333333,72.16666666666667,0.0,27.166666666666668,4.7124999999999995,0.5750000000000001,5.0,141.0
2019-09-25,5.7124999999999995,1016.6333333333333,71.04166666666667,0.0,66.45833333333333,4.391666666666667,1.9458333333333335,6.6,94.0
2019-09-26,10.158333333333333,1013.6791666666667,68.875,0.0,12.541666666666666,9.983333333333333,1.4291666666666665,6.2,61.0
2019-09-27,10.341666666666667,1016.6458333333334,75.54166666666667,0.0,2.6666666666666665,10.279166666666667,1.125,5.2,155.0
2019-09-28,8.470833333333333,1012.2291666666666,95.41666666666667,12.2,63.69565217391305,7.0249999999999995,2.6958333333333333,10.9,140.0
2019-09-29,11.883333333333333,1006.0,94.08333333333333,4.7,86.66666666666667,11.883333333333333,3.2875,9.0,208.0
2019-09-30,12.766666666666666,992.1916666666666,97.04166666666667,15.2,93.0,12.766666666666666,3.7375000000000003,9.1,193.0
2019-10-01,10.904166666666667,999.3916666666668,81.79166666666667,2.8,73.79166666666667,10.408333333333333,5.008333333333334,17.6,212.0
2019-10-02,12.454166666666666,999.8708333333334,96.29166666666667,9.9,92.5,12.454166666666666,2.9333333333333336,9.7,171.0
2019-10-03,8.700000000000001,1006.2958333333332,89.45833333333333,0.9,83.58333333333333,7.529166666666666,2.5458333333333334,7.3,283.0
2019-10-04,6.416666666666667,1009.5083333333333,93.79166666666667,1.8,63.34782608695652,5.0375000000000005,2.2041666666666666,9.9,212.0
2019-10-05,5.2375,1014.4,87.83333333333333,0.0,73.57142857142857,4.229166666666667,1.4625000000000001,6.5,4.0
2019-10-06,1.0125,1018.9208333333332,85.70833333333333,0.3,76.33333333333333,0.1125,1.3708333333333333,7.2,344.0
2019-10-07,1.7249999999999999,1016.7041666666668,94.125,2.1,94.5,0.9333333333333332,1.25,6.0,242.0
2019-10-08,4.033333333333333,1012.7208333333333,89.83333333333333,0.9,93.45833333333333,1.1958333333333333,3.341666666666667,10.7,213.0
2019-10-09,8.841666666666667,1005.8958333333334,92.25,3.5,82.45833333333333,7.295833333333333,3.5416666666666665,9.0,216.0
2019-10-10,9.141666666666667,1005.3791666666666,97.33333333333333,11.8,87.91666666666667,7.95,2.3874999999999997,7.5,248.0
2019-10-11,9.383333333333333,1011.5333333333333,89.125,0.0,93.0,7.8625,3.845833333333333,10.0,235.0
2019-10-12,10.958333333333334,1007.8083333333334,92.70833333333333,7.7,93.0,10.358333333333333,4.420833333333333,12.9,209.0
2019-10-13,11.041666666666666,1014.5416666666666,95.79166666666667,2.4,88.875,11.0,1.8958333333333333,6.8,220.0
2019-10-14,14.299999999999999,1014.2583333333333,84.875,0.0,26.26086956521739,14.220833333333333,3.5500000000000003,11.0,175.0
2019-10-15,10.829166666666666,1018.6625,84.79166666666667,0.0,42.8235294117647,10.829166666666666,1.7958333333333334,8.5,90.0
2019-10-16,15.762500000000001,1011.6208333333334,74.5,0.0,40.833333333333336,15.762500000000001,4.370833333333334,9.7,150.0
2019-10-17,12.433333333333332,1013.3833333333333,82.58333333333333,0.4,77.83333333333333,12.433333333333332,3.966666666666667,11.7,200.0
2019-10-18,13.0,1016.1166666666667,78.625,0.0,73.33333333333333,12.958333333333334,2.658333333333333,8.8,146.0
2019-10-19,13.016666666666666,1014.4916666666667,82.0,0.0,54.416666666666664,12.820833333333333,2.0541666666666667,5.9,149.0
2019-10-20,12.3125,1016.6666666666666,87.45833333333333,0.0,39.869565217391305,12.3125,1.2958333333333332,4.8,161.0
2019-10-21,13.316666666666668,1019.2041666666668,86.58333333333333,0.0,3.1666666666666665,13.145833333333334,1.3958333333333333,5.0,164.0
2019-10-22,13.754166666666668,1021.5583333333334,87.33333333333333,0.0,41.333333333333336,13.754166666666668,1.9166666666666667,8.1,190.0
2019-10-23,10.416666666666666,1021.6750000000001,86.33333333333333,0.0,55.916666666666664,10.279166666666667,1.7333333333333334,8.1,254.0
2019-10-24,8.6,1020.9083333333333,86.45833333333333,0.0,21.727272727272727,8.358333333333333,1.5458333333333334,6.3,133.0
2019-10-25,9.4375,1017.2375000000001,93.625,0.0,46.958333333333336,8.275,2.966666666666667,8.1,137.0
2019-10-26,11.554166666666667,1017.5,89.16666666666667,0.0,54.375,11.383333333333333,3.7375000000000003,10.4,203.0
2019-10-27,11.235999999999999,1008.84,83.12,0.7,58.28,10.628,4.808,16.1,218.0
2019-10-28,6.145833333333333,1012.975,91.5,1.8,84.79166666666667,4.316666666666666,2.5625,7.9,246.0
2019-10-29,3.6208333333333336,1017.4583333333334,85.83333333333333,0.6,67.04166666666667,0.5708333333333334,3.4291666666666667,10.0,303.0
2019-10-30,-0.041666666666666664,1025.9750000000001,91.625,0.3,62.666666666666664,-0.6833333333333332,1.0083333333333333,8.2,313.0
2019-10-31,-0.6916666666666665,1025.6499999999999,91.25,2.9,67.95833333333333,-3.670833333333333,2.9333333333333336,8.6,148.0
2019-11-01,3.9166666666666665,1019.9875000000001,96.0,0.0,91.91666666666667,1.5791666666666666,2.6374999999999997,7.3,200.0
2019-11-02,2.5,1007.4250000000001,82.66666666666667,0.7,76.41666666666667,-1.7041666666666666,5.1875,13.2,152.0
2019-11-03,7.220833333333334,999.0875,93.83333333333333,1.4000000000000001,89.875,4.516666666666667,4.266666666666667,9.5,174.0
2019-11-04,12.433333333333332,993.2166666666667,88.25,1.0,88.5,12.433333333333332,3.845833333333333,8.8,171.0
2019-11-05,10.35,992.9875000000001,91.83333333333333,8.3,90.5,9.358333333333333,3.725,11.0,199.0
2019-11-06,7.616666666666667,997.4208333333332,94.29166666666667,1.1,86.33333333333333,6.25,2.2916666666666665,8.7,188.0
2019-11-07,5.941666666666666,1007.1541666666667,93.91666666666667,0.0,68.08333333333333,4.2,2.3833333333333333,6.9,206.0
2019-11-08,6.3625,1016.1041666666666,91.58333333333333,0.0,87.7,4.620833333333334,2.6333333333333333,9.8,132.0
2019-11-09,8.675,1011.5083333333333,96.58333333333333,4.7,94.45833333333333,6.795833333333333,3.3208333333333333,9.3,122.0
2019-11-10,8.670833333333333,1012.0875,97.5,7.7,92.5,8.525,1.3875,5.8,340.0
2019-11-11,5.483333333333333,1014.0416666666666,95.625,3.8000000000000003,84.75,4.291666666666667,1.8833333333333335,6.6,190.0
2019-11-12,4.45,1018.3041666666667,93.91666666666667,0.0,84.625,1.2291666666666667,4.329166666666667,11.0,141.0
2019-11-13,10.154166666666667,1010.3416666666667,84.58333333333333,0.0,78.41666666666667,8.945833333333333,5.304166666666666,11.3,147.0
2019-11-14,9.629166666666666,1012.9208333333332,91.29166666666667,2.3,94.5,8.5875,4.2625,12.6,150.0
2019-11-15,6.645833333333333,1020.3333333333334,95.33333333333333,8.8,95.5,5.341666666666666,2.0083333333333333,6.2,97.0
2019-11-16,6.345833333333334,1018.8208333333333,94.0,0.0,99.0,3.579166666666667,4.045833333333333,10.7,152.0
2019-11-17,8.120833333333334,1022.5875,95.0,0.0,96.0909090909091,6.041666666666667,3.3666666666666667,9.5,141.0
2019-11-18,8.1875,1020.1833333333334,86.625,0.0,83.5,5.679166666666667,4.316666666666666,13.0,113.0
2019-11-19,4.629166666666667,1024.5708333333334,96.08333333333333,0.0,99.5,1.4166666666666667,4.0249999999999995,12.4,142.0
2019-11-20,4.595833333333333,1029.6125,95.25,0.0,97.3913043478261,1.5333333333333332,3.808333333333333,11.2,119.0
2019-11-21,2.379166666666667,1031.1166666666666,83.83333333333333,0.0,99.5,-2.279166666666667,5.745833333333334,15.2,140.0
2019-11-22,-2.0833333333333335,1030.7375,64.58333333333333,0.0,84.75,-8.333333333333334,6.4375,14.4,144.0
2019-11-23,-4.0625,1028.4083333333333,62.25,0.0,78.875,-10.266666666666667,5.433333333333334,11.8,136.0
2019-11-24,-2.5416666666666665,1025.3625,62.791666666666664,0.0,95.5,-7.345833333333334,3.9458333333333333,10.0,133.0
2019-11-25,-2.4791666666666665,1021.9708333333333,82.91666666666667,0.0,92.5,-7.308333333333334,4.016666666666667,9.3,145.0
2019-11-26,-1.6125,1017.0208333333334,95.91666666666667,0.0,98.5,-6.054166666666667,3.7125,8.2,143.0
2019-11-27,-0.47083333333333327,1010.2541666666666,98.41666666666667,0.0,98.10526315789474,-4.933333333333334,4.095833333333333,8.7,151.0
2019-11-28,0.7291666666666666,1002.2333333333332,97.33333333333333,0.0,99.0,-3.966666666666667,4.954166666666667,10.5,160.0
2019-11-29,2.8874999999999997,995.9916666666667,97.5,1.6,92.36842105263158,-0.8374999999999999,4.170833333333333,9.7,169.0
2019-11-30,0.8125,1006.7041666666668,89.58333333333333,1.3,75.875,-3.483333333333333,4.3500000000000005,12.0,278.0
2019-12-01,-1.25,1019.1875,90.58333333333333,0.0,49.625,-5.2749999999999995,3.483333333333333,9.9,216.0
2019-12-02,-0.47500000000000003,1012.6208333333334,91.875,1.1,91.33333333333333,-4.604166666666667,3.720833333333333,9.8,201.0
2019-12-03,-1.3583333333333334,1018.1416666666668,92.0,0.0,58.666666666666664,-5.0625,2.9625,8.2,247.0
2019-12-04,0.7666666666666666,1017.6583333333333,97.54166666666667,1.8,93.83333333333333,-3.204166666666667,3.8041666666666667,9.9,219.0
2019-12-05,2.191666666666667,1018.0291666666667,91.20833333333333,0.2,75.66666666666667,-1.3416666666666668,3.6916666666666664,10.1,245.0
2019-12-06,0.29583333333333334,1009.1916666666666,79.04166666666667,0.0,56.875,-4.558333333333334,5.1625000000000005,12.2,216.0
2019-12-07,1.05,1001.5916666666667,94.95833333333333,4.2,96.45833333333333,-3.470833333333333,4.779166666666667,15.7,200.0
2019-12-08,3.8833333333333333,1001.7916666666666,91.04166666666667,0.9,87.29166666666667,-0.07916666666666668,5.075,12.9,196.0
2019-12-09,5.125,1000.15,95.54166666666667,1.8,85.79166666666667,1.9333333333333333,4.183333333333333,10.2,197.0
2019-12-10,3.0708333333333333,1010.6416666666668,95.25,0.2,81.8695652173913,0.4291666666666667,2.9125,7.2,189.0
2019-12-11,-1.2458333333333333,1020.7624999999999,91.91666666666667,0.0,89.125,-3.7458333333333336,2.1625,8.6,168.0
2019-12-12,1.1916666666666667,1012.0666666666666,88.25,0.4,93.45833333333333,-3.2708333333333335,4.820833333333334,11.8,146.0
2019-12-13,1.6958333333333335,1003.725,88.5,0.0,97.5,-3.345833333333333,6.104166666666667,13.9,143.0
2019-12-14,0.8250000000000001,999.6999999999999,94.16666666666667,3.8,100.0,-4.566666666666666,6.404166666666666,12.9,148.0
2019-12-15,2.433333333333333,1000.9499999999999,94.54166666666667,3.2,96.0,-1.2416666666666667,3.9166666666666665,10.3,198.0
2019-12-16,2.75,1010.0,88.04166666666667,0.0,32.541666666666664,-0.9708333333333333,4.258333333333334,13.0,204.0
2019-12-17,3.5708333333333333,1011.8375,98.33333333333333,0.7,94.28571428571429,1.1833333333333333,2.5791666666666666,6.3,174.0
2019-12-18,5.908333333333334,1010.8666666666667,86.625,0.0,65.5,2.6416666666666666,4.75,14.1,182.0
2019-12-19,3.3708333333333336,1023.5166666666668,88.29166666666667,0.0,77.5,0.2833333333333333,3.5541666666666667,11.7,259.0
2019-12-20,1.9291666666666665,1014.3666666666667,98.29166666666667,0.0,95.8,-2.0749999999999997,4.383333333333334,11.0,150.0
2019-12-21,4.333333333333333,998.2666666666668,93.95833333333333,0.0,83.66666666666667,0.8458333333333333,4.345833333333333,10.1,149.0
2019-12-22,5.7875000000000005,994.0,97.66666666666667,1.8,97.0,4.654166666666667,1.7666666666666666,5.9,113.0
2019-12-23,5.283333333333333,997.5041666666666,98.16666666666667,0.0,99.45454545454545,5.116666666666666,0.6958333333333333,3.7,53.0
2019-12-24,5.433333333333334,1004.1,98.45833333333333,9.2,99.5,4.841666666666667,1.1208333333333333,5.4,10.0
2019-12-25,4.3625,1007.3708333333334,98.54166666666667,6.8,98.0,2.6791666666666667,2.0375,6.5,319.0
2019-12-26,1.7583333333333335,1013.1374999999999,97.79166666666667,6.2,96.5,-1.325,2.920833333333333,8.5,326.0
2019-12-27,-0.10833333333333334,1017.8708333333334,90.83333333333333,0.8,98.5,-4.291666666666667,3.8000000000000003,12.0,321.0
2019-12-28,-0.9208333333333334,1030.2458333333334,80.58333333333333,0.0,99.5,-5.333333333333333,3.9291666666666667,13.3,8.0
2019-12-29,-2.766666666666667,1036.0125,78.54166666666667,0.0,79.33333333333333,-5.6000000000000005,2.2624999999999997,9.4,25.0
2019-12-30,0.85,1020.8708333333334,70.33333333333333,0.0,84.70833333333333,-3.595833333333333,4.7,12.4,202.0
2019-12-31,3.3791666666666664,1007.8208333333333,82.5,1.7,93.95833333333333,-0.85,5.345833333333334,14.8,253.0
2020-01-01,1.4166666666666667,1021.4666666666667,85.33333333333333,0.9,66.375,-2.2583333333333333,3.7583333333333333,13.7,237.0
2020-01-02,1.7708333333333333,1019.2125,92.5,0.0,86.0,-1.625,3.8125,12.5,265.0
2020-01-03,0.016666666666666687,1015.1916666666666,77.25,0.0,23.458333333333332,-3.7916666666666665,3.4875000000000003,10.6,214.0
2020-01-04,1.2833333333333334,1004.875,93.25,3.3000000000000003,78.91666666666667,-2.5833333333333335,4.270833333333333,14.1,221.0
2020-01-05,-0.975,1019.4458333333333,88.95833333333333,0.0,60.791666666666664,-4.333333333333333,2.9250000000000003,8.6,314.0
2020-01-06,-1.5666666666666667,1025.9041666666667,95.54166666666667,0.9,94.69565217391305,-5.354166666666667,3.095833333333333,8.1,198.0
2020-01-07,0.12083333333333333,1025.4083333333333,98.95833333333333,0.0,96.0,-3.1333333333333333,2.7708333333333335,5.9,192.0
2020-01-08,0.46249999999999997,1021.9708333333333,95.0,3.6,91.0,-3.966666666666667,4.425,10.2,200.0
2020-01-09,2.7624999999999997,1018.0500000000001,96.70833333333333,0.4,86.1304347826087,0.10833333333333334,2.7916666666666665,8.9,253.0
2020-01-10,3.966666666666667,1012.1750000000001,99.0,13.8,99.33333333333333,1.575,2.7458333333333336,8.5,195.0
2020-01-11,3.1833333333333336,1018.9625,92.83333333333333,1.6,95.5,1.0375,2.4291666666666667,10.4,1.0
2020-01-12,2.091666666666667,1019.0124999999999,87.70833333333333,1.3,93.95833333333333,-2.3333333333333335,5.075,12.3,224.0
2020-01-13,2.1625,1015.625,98.625,4.2,95.0,-0.5625,2.6458333333333335,7.0,223.0
2020-01-14,2.920833333333333,1019.225,95.70833333333333,0.30000000000000004,90.41666666666667,-0.27499999999999997,3.6791666666666667,12.6,188.0
2020-01-15,3.1916666666666664,1017.5958333333333,82.41666666666667,0.0,61.833333333333336,-1.0250000000000001,5.208333333333333,12.7,185.0
2020-01-16,4.783333333333333,1023.0625,76.5,0.0,84.75,1.4375,4.2875000000000005,12.2,261.0
2020-01-17,1.8875,1030.1833333333332,89.25,0.0,87.70833333333333,-1.1666666666666667,3.1625,8.9,157.0
2020-01-18,-0.4583333333333333,1023.1708333333332,93.79166666666667,0.0,84.54166666666667,-5.183333333333334,4.533333333333333,11.2,176.0
2020-01-19,1.075,1029.425,98.625,0.5,98.15384615384616,-1.1875,2.1374999999999997,4.9,185.0
2020-01-20,2.3000000000000003,1037.2208333333333,85.625,0.0,99.5,-1.3916666666666666,4.045833333333333,12.3,248.0
2020-01-21,3.1458333333333335,1025.3374999999999,95.29166666666667,0.6000000000000001,100.0,-1.3499999999999999,5.779166666666666,14.9,270.0
2020-01-22,3.0833333333333335,1013.9833333333332,88.375,4.6,83.625,-1.2708333333333333,5.420833333333333,15.6,260.0
2020-01-23,1.2083333333333333,1023.0749999999999,82.125,0.0,88.83333333333333,-3.1999999999999997,4.670833333333333,11.9,301.0
2020-01-24,2.254166666666667,1014.2541666666666,97.25,0.4,99.5,-1.9916666666666665,4.7749999999999995,11.1,241.0
2020-01-25,3.3000000000000003,1012.3916666666668,89.5,0.0,83.0,-0.4791666666666667,4.545833333333333,12.8,281.0
2020-01-26,2.3000000000000003,1017.4625,89.70833333333333,0.0,93.375,-0.7125,3.170833333333333,10.2,242.0
2020-01-27,-0.09999999999999999,1014.2791666666667,96.33333333333333,0.6000000000000001,98.0,-2.129166666666667,1.8791666666666667,4.8,217.0
2020-01-28,0.5541666666666667,1005.1166666666667,96.5,0.0,97.5,-2.9749999999999996,3.35,8.1,148.0
2020-01-29,1.3208333333333333,997.0208333333334,97.95833333333333,4.3,93.21739130434783,-0.8708333333333332,2.3958333333333335,7.6,161.0
2020-01-30,1.4166666666666667,1001.8249999999999,97.70833333333333,1.2000000000000002,96.0,-1.0041666666666667,2.433333333333333,7.6,180.0
2020-01-31,2.1625,997.3833333333333,98.45833333333333,4.1,98.0,1.850371707708594e-17,2.3333333333333335,6.7,161.0
2020-02-01,4.558333333333334,999.5791666666668,98.83333333333333,4.4,97.0,2.0875,3.1791666666666667,9.4,198.0
2020-02-02,5.170833333333333,993.2291666666666,90.91666666666667,7.0,85.29166666666667,1.5,5.270833333333333,17.1,252.0
2020-02-03,2.220833333333333,997.8708333333334,84.875,0.0,89.5,-2.0416666666666665,4.895833333333333,14.2,284.0
2020-02-04,0.375,1001.6666666666666,80.83333333333333,0.0,95.5,-1.1083333333333334,1.5458333333333334,6.5,47.0
2020-02-05,-3.1458333333333335,1017.7208333333333,73.41666666666667,0.0,22.541666666666668,-6.575,2.595833333333333,8.3,342.0
2020-02-06,0.11249999999999998,1014.2624999999999,83.91666666666667,3.9,73.625,-4.1375,4.15,12.3,323.0
2020-02-07,-3.65,1025.925,71.54166666666667,0.0,21.916666666666668,-7.770833333333333,2.9583333333333335,9.1,315.0
2020-02-08,-0.3458333333333334,1024.7791666666667,85.125,0.0,99.5,-3.025,2.620833333333333,9.9,249.0
2020-02-09,0.6666666666666666,1018.8458333333333,80.79166666666667,0.0,17.291666666666668,-3.5416666666666665,4.3999999999999995,12.2,187.0
2020-02-10,2.3666666666666667,990.4666666666667,85.66666666666667,8.4,68.58333333333333,-2.720833333333333,6.8,18.1,185.0
2020-02-11,1.9208333333333334,988.275,93.0,2.5,80.0,-2.0541666666666667,4.229166666666667,10.2,210.0
2020-02-12,1.3208333333333333,995.7083333333334,94.79166666666667,8.1,93.5,-2.9791666666666665,4.504166666666666,10.5,219.0
2020-02-13,1.6083333333333334,1006.7291666666666,93.54166666666667,3.0,92.5,-2.2958333333333334,4.0625,11.1,214.0
2020-02-14,0.48750000000000004,1016.85,89.29166666666667,0.0,51.875,-0.6749999999999999,1.2625,4.9,15.0
2020-02-15,-1.3541666666666667,1026.0833333333333,91.91666666666667,0.0,40.36842105263158,-3.6875,2.504166666666667,11.2,179.0
2020-02-16,2.3666666666666667,1017.2541666666666,82.66666666666667,1.5,84.16666666666667,-2.6416666666666666,6.520833333333333,14.0,184.0
2020-02-17,6.8999999999999995,1008.2333333333332,73.58333333333333,0.30000000000000004,68.04166666666667,3.9291666666666667,4.979166666666667,14.4,215.0
2020-02-18,3.454166666666667,1011.3791666666666,87.54166666666667,3.0,68.04166666666667,0.19166666666666674,3.6750000000000003,10.1,202.0
2020-02-19,3.5749999999999997,1011.9208333333332,83.25,0.0,73.83333333333333,-0.0625,4.325,11.3,218.0
2020-02-20,2.6416666666666666,1016.8874999999999,84.95833333333333,0.0,79.45833333333333,0.6791666666666667,2.154166666666667,6.2,192.0
2020-02-21,1.6666666666666667,1016.6125000000001,87.41666666666667,0.2,52.875,-2.245833333333333,4.504166666666666,13.4,169.0
2020-02-22,2.475,1014.2791666666667,91.20833333333333,4.3,77.45833333333333,-2.033333333333333,5.766666666666667,16.8,194.0
2020-02-23,3.6,1000.15,76.83333333333333,0.2,81.16666666666667,-0.4875,5.2749999999999995,16.8,248.0
2020-02-24,2.275,1002.85,77.79166666666667,0.5,49.125,-1.1958333333333333,3.9916666666666667,13.0,264.0
2020-02-25,-0.4541666666666666,1000.3916666666668,96.20833333333333,2.8000000000000003,77.0,-3.625,2.8333333333333335,8.1,151.0
2020-02-26,3.733333333333333,991.9083333333333,86.25,4.1,67.9090909090909,1.0041666666666667,3.295833333333333,10.2,199.0
2020-02-27,1.2166666666666666,995.2916666666666,86.75,0.0,85.33333333333333,-1.9333333333333333,3.108333333333333,10.8,251.0
2020-02-28,0.47500000000000003,1002.9,79.83333333333333,0.30000000000000004,91.375,-3.7916666666666665,4.191666666666666,11.4,261.0
2020-02-29,1.5708333333333335,1007.3249999999999,82.08333333333333,0.2,91.875,-1.9124999999999999,3.591666666666667,12.0,171.0
2020-03-01,4.2,1000.8333333333334,86.125,1.8,83.66666666666667,0.4666666666666666,4.7625,12.7,174.0
2020-03-02,5.2375,1001.2041666666668,84.79166666666667,0.0,52.333333333333336,2.3249999999999997,3.766666666666667,9.5,168.0
2020-03-03,5.508333333333333,1002.9125,88.66666666666667,0.6,81.82608695652173,3.6291666666666664,2.504166666666667,8.3,125.0
2020-03-04,6.145833333333333,1006.3958333333334,84.91666666666667,3.5,89.83333333333333,4.3875,2.5083333333333333,7.7,49.0
2020-03-05,2.983333333333333,1008.225,87.375,7.6000000000000005,80.5,1.4791666666666667,1.8583333333333334,7.3,146.0
2020-03-06,2.5625,1008.0916666666667,82.125,0.0,40.833333333333336,0.21249999999999994,2.4583333333333335,7.8,146.0
2020-03-07,3.641666666666667,1008.35,94.04166666666667,1.7,96.5,1.5208333333333333,2.3874999999999997,6.6,112.0
2020-03-08,4.883333333333334,1015.6583333333333,98.33333333333333,1.8,94.78260869565217,3.8333333333333335,1.5083333333333335,4.2,227.0
2020-03-09,4.2625,1016.4833333333332,93.95833333333333,0.0,91.42857142857143,3.5,1.3208333333333333,5.6,148.0
2020-03-10,3.5124999999999997,1011.1625,91.41666666666667,0.0,75.33333333333333,1.1375,2.7916666666666665,8.0,168.0
2020-03-11,5.191666666666666,998.6333333333333,85.25,6.2,81.08333333333333,1.325,5.704166666666667,18.3,179.0
2020-03-12,4.833333333333333,999.5083333333333,81.66666666666667,12.0,66.5,0.6416666666666667,6.245833333333334,21.4,219.0
2020-03-13,4.520833333333333,1002.1999999999999,66.66666666666667,0.0,74.83333333333333,0.4958333333333333,5.7375,19.1,254.0
2020-03-14,-0.32916666666666666,1011.1458333333334,72.25,1.7,65.875,-5.429166666666667,5.308333333333333,18.9,305.0
2020-03-15,-0.6875,1027.3374999999999,59.416666666666664,0.0,3.6666666666666665,-4.704166666666667,3.4791666666666665,8.3,193.0
2020-03-16,3.3958333333333335,1021.5124999999999,47.833333333333336,0.8,51.833333333333336,-0.5833333333333334,5.016666666666667,13.7,187.0
2020-03-17,4.479166666666667,1024.125,78.25,0.0,60.125,2.066666666666667,2.8041666666666667,8.9,262.0
2020-03-18,7.491666666666667,1023.1041666666666,76.58333333333333,0.0,74.875,6.016666666666667,4.25,11.5,219.0
2020-03-19,7.2250000000000005,1019.7708333333334,69.75,0.0,66.83333333333333,4.429166666666666,4.654166666666667,11.8,268.0
2020-03-20,3.1791666666666667,1023.0500000000001,78.33333333333333,0.0,56.45,0.8666666666666667,2.5875,8.3,284.0
2020-03-21,0.5125,1024.6291666666666,68.04166666666667,0.2,64.83333333333333,-2.983333333333333,3.3958333333333335,12.0,358.0
2020-03-22,-1.2249999999999999,1034.4125000000001,46.291666666666664,0.0,25.708333333333332,-5.216666666666667,3.8333333333333335,13.9,30.0
2020-03-23,-1.4875,1041.1583333333333,47.583333333333336,0.0,0.0,-3.3125,1.6541666666666668,7.7,17.0
2020-03-24,-0.9208333333333334,1040.8541666666667,51.458333333333336,0.0,2.625,-1.2708333333333333,0.5833333333333334,5.6,85.0
2020-03-25,1.6041666666666667,1039.0541666666666,51.0,0.0,8.375,1.0625,1.05,5.2,173.0
2020-03-26,3.6916666666666664,1037.1958333333334,43.791666666666664,0.0,0.0,3.2875,1.1500000000000001,6.3,123.0
2020-03-27,5.858333333333333,1031.5791666666667,42.916666666666664,0.0,12.083333333333334,5.7124999999999995,1.4000000000000001,7.2,2.0
2020-03-28,7.9125000000000005,1019.875,42.041666666666664,0.0,14.125,7.9125000000000005,0.5625,4.4,341.0
2020-03-29,3.726086956521739,1012.8260869565217,65.91304347826087,0.5,92.65217391304348,1.2434782608695654,3.0130434782608693,11.8,3.0
2020-03-30,-0.7791666666666668,1018.8916666666668,47.0,0.0,38.708333333333336,-4.504166666666666,3.4250000000000003,12.1,5.0
2020-03-31,-0.875,1022.6083333333332,56.291666666666664,0.0,53.375,-2.3291666666666666,1.5708333333333335,8.8,103.0
2020-04-01,0.4375,1013.5541666666667,77.29166666666667,0.2,88.20833333333333,-3.9625,4.441666666666666,12.7,238.0
2020-04-02,4.091666666666667,1005.7041666666668,76.79166666666667,0.4,96.5,0.44999999999999996,4.554166666666666,12.6,222.0
2020-04-03,5.091666666666667,1002.6916666666666,58.291666666666664,0.0,81.625,1.0333333333333332,6.158333333333334,16.4,213.0
2020-04-04,3.6458333333333335,1019.2083333333334,66.375,0.0,49.666666666666664,0.11249999999999989,4.266666666666667,12.0,269.0
2020-04-05,4.258333333333334,1033.2916666666667,69.75,0.0,29.833333333333332,2.654166666666667,2.6333333333333333,10.5,294.0
2020-04-06,7.254166666666666,1034.8625,54.916666666666664,0.0,0.0,6.2625,2.0333333333333337,7.5,161.0
2020-04-07,11.583333333333334,1029.9291666666666,35.75,0.0,1.625,10.645833333333334,4.066666666666666,11.7,137.0
2020-04-08,9.454166666666667,1028.4208333333333,57.875,0.0,3.1666666666666665,8.220833333333333,3.2375000000000003,12.1,289.0
2020-04-09,9.066666666666666,1016.9416666666666,58.25,0.0,52.916666666666664,7.75,4.208333333333333,14.5,1.0
2020-04-10,5.6875,1021.0749999999999,48.833333333333336,0.0,28.25,3.1875,3.466666666666667,10.6,314.0
2020-04-11,4.445833333333334,1025.8291666666667,48.833333333333336,0.0,2.0833333333333335,2.2375,2.8041666666666667,10.0,317.0
2020-04-12,6.6875,1021.0291666666667,39.708333333333336,0.0,64.91666666666667,5.375,3.8791666666666664,11.5,207.0
2020-04-13,7.695833333333333,1003.9625,54.583333333333336,1.5,57.0,5.041666666666667,4.708333333333333,14.2,192.0
2020-04-14,1.9583333333333333,1009.225,74.16666666666667,0.8,52.333333333333336,-1.9875,4.420833333333333,14.1,267.0
2020-04-15,2.5500000000000003,1009.4916666666667,87.66666666666667,3.0,84.08333333333333,-1.3666666666666665,4.533333333333333,14.0,238.0
2020-04-16,7.6125,1003.9166666666666,66.91666666666667,0.0,70.04166666666667,4.5625,6.8125,19.1,273.0
2020-04-17,4.541666666666667,1011.1875,59.458333333333336,0.0,54.958333333333336,1.7083333333333333,3.75,20.1,313.0
2020-04-18,4.454166666666667,1016.6333333333333,57.166666666666664,0.0,46.125,1.5999999999999999,3.6333333333333333,10.9,308.0
2020-04-19,3.5083333333333333,1018.4458333333333,65.08333333333333,0.0,49.291666666666664,1.0250000000000001,2.845833333333333,9.2,302.0
2020-04-20,5.175,1025.05,58.208333333333336,0.0,79.125,3.9166666666666665,1.9541666666666666,8.7,331.0
2020-04-21,8.283333333333333,1026.9916666666666,54.666666666666664,0.0,48.666666666666664,7.5874999999999995,2.308333333333333,9.0,17.0
2020-04-22,10.137500000000001,1025.5208333333333,52.583333333333336,0.0,15.208333333333334,9.595833333333333,2.566666666666667,10.4,319.0
2020-04-23,9.804166666666667,1018.6458333333334,57.5,0.0,6.291666666666667,9.424999999999999,2.841666666666667,10.3,314.0
2020-04-24,10.220833333333333,1006.6458333333334,56.541666666666664,0.0,42.958333333333336,9.566666666666666,2.795833333333333,17.7,265.0
2020-04-25,8.208333333333334,1000.2541666666666,52.208333333333336,0.0,48.708333333333336,7.316666666666666,2.9250000000000003,12.6,3.0
2020-04-26,5.7749999999999995,1007.3208333333333,49.541666666666664,0.0,51.333333333333336,4.683333333333334,2.7458333333333336,10.5,275.0
2020-04-27,8.529166666666667,1010.6916666666666,50.25,0.0,57.083333333333336,7.391666666666667,2.670833333333333,9.7,125.0
2020-04-28,12.808333333333332,1004.9499999999999,49.333333333333336,0.3,79.54166666666667,12.233333333333334,3.5666666666666664,14.6,201.0
2020-04-29,7.604166666666667,1005.8333333333334,65.33333333333333,0.0,71.75,6.241666666666667,2.6458333333333335,9.9,303.0
2020-04-30,8.304166666666667,1010.7958333333332,52.0,0.0,23.583333333333332,7.7,1.9458333333333335,7.6,13.0
2020-05-01,9.970833333333333,1010.1083333333332,51.416666666666664,0.0,17.333333333333332,9.045833333333333,3.5583333333333336,11.0,127.0
2020-05-02,10.291666666666666,1004.9166666666666,84.20833333333333,11.1,54.458333333333336,9.541666666666666,2.2583333333333333,7.2,129.0
2020-05-03,10.450000000000001,1009.35,84.08333333333333,2.9000000000000004,75.42105263157895,10.450000000000001,1.0958333333333334,8.3,101.0
2020-05-04,10.737499999999999,1015.3166666666666,68.29166666666667,0.0,73.79166666666667,10.308333333333334,1.5999999999999999,6.2,321.0
2020-05-05,10.612499999999999,1011.3666666666667,70.45833333333333,0.0,68.0,10.504166666666666,1.45,7.9,4.0
2020-05-06,10.829166666666666,1006.5083333333333,78.75,8.5,85.29166666666667,10.025,3.345833333333333,13.9,332.0
2020-05-07,9.145833333333334,1011.3416666666667,51.291666666666664,0.0,28.333333333333332,7.895833333333333,3.920833333333333,15.5,331.0
2020-05-08,9.379166666666666,1016.5416666666666,54.625,0.0,15.208333333333334,9.033333333333333,1.4791666666666667,8.9,171.0
2020-05-09,10.920833333333334,1013.7208333333333,64.875,0.0,39.833333333333336,10.883333333333333,1.8291666666666666,9.1,283.0
2020-05-10,13.216666666666667,1011.8208333333333,58.208333333333336,0.0,10.5,13.216666666666667,0.875,6.5,99.0
2020-05-11,13.270833333333334,1001.3458333333333,71.5,8.1,74.875,12.770833333333334,3.2125,10.7,125.0
2020-05-12,2.8041666666666667,1005.3708333333334,83.375,13.200000000000001,81.5,-1.0583333333333333,4.533333333333333,14.3,348.0
2020-05-13,4.4,1012.5500000000001,82.375,3.3,60.75,1.3208333333333333,4.045833333333333,14.9,192.0
2020-05-14,5.45,1014.1958333333333,72.25,0.0,55.041666666666664,4.6125,1.8333333333333333,11.7,336.0
2020-05-15,8.2875,1014.8291666666668,57.458333333333336,0.0,32.958333333333336,7.504166666666666,3.1916666666666664,11.2,265.0
2020-05-16,8.779166666666667,1013.9333333333334,71.45833333333333,2.4,77.45833333333333,7.641666666666667,3.7416666666666667,14.8,266.0
2020-05-17,9.133333333333333,1013.9625,73.33333333333333,4.0,81.16666666666667,7.5375000000000005,4.4624999999999995,13.9,237.0
2020-05-18,8.320833333333333,1013.6041666666666,78.29166666666667,13.5,73.70833333333333,6.683333333333334,3.8166666666666664,13.9,268.0
2020-05-19,8.170833333333333,1013.8916666666668,83.25,3.1,91.91666666666667,7.745833333333334,1.6583333333333332,6.3,83.0
2020-05-20,9.15,1016.4791666666666,65.41666666666667,0.0,46.541666666666664,8.25,3.4125,12.0,325.0
2020-05-21,6.954166666666667,1018.6333333333333,70.125,0.0,50.708333333333336,4.9624999999999995,4.091666666666667,14.2,319.0
2020-05-22,8.512500000000001,1020.9416666666666,73.41666666666667,0.6,78.375,7.570833333333333,2.341666666666667,9.0,335.0
2020-05-23,12.166666666666666,1021.9625,52.791666666666664,0.0,9.458333333333334,11.9,1.5916666666666668,5.6,101.0
2020-05-24,10.525,1018.2833333333333,76.83333333333333,2.4,91.5,10.35,1.7333333333333334,6.6,133.0
2020-05-25,11.495833333333332,1022.1,76.70833333333333,0.0,66.91666666666667,11.2125,1.4041666666666668,5.8,8.0
2020-05-26,13.262500000000001,1028.5208333333333,70.125,0.3,28.291666666666668,13.137500000000001,1.95,11.2,347.0
2020-05-27,14.866666666666667,1026.8416666666667,59.0,0.0,19.416666666666668,14.758333333333333,2.1958333333333333,9.1,319.0
2020-05-28,14.654166666666667,1023.4125,63.583333333333336,0.0,29.291666666666668,14.616666666666667,2.408333333333333,8.9,315.0
2020-05-29,13.737499999999999,1020.7083333333334,55.625,0.0,46.125,13.283333333333333,3.6750000000000003,14.2,17.0
2020-05-30,14.279166666666667,1014.4333333333334,58.541666666666664,4.4,92.0,14.279166666666667,4.304166666666666,15.1,14.0
2020-05-31,17.129166666666666,1013.8291666666668,45.125,0.0,26.291666666666668,17.129166666666666,5.183333333333334,16.1,36.0
2020-06-01,12.3125,1018.8833333333333,44.625,0.0,25.75,12.108333333333334,3.4,12.0,9.0
2020-06-02,11.891666666666666,1012.8125,58.625,0.0,39.291666666666664,11.516666666666666,3.7249999999999996,14.5,350.0
2020-06-03,11.370833333333332,1007.3583333333332,80.45833333333333,6.3,83.58333333333333,10.9125,2.5500000000000003,10.2,37.0
2020-06-04,12.512500000000001,1002.3833333333333,77.33333333333333,0.0,72.79166666666667,12.475,1.1208333333333333,9.3,3.0
2020-06-05,14.991666666666667,1000.8041666666667,69.91666666666667,1.6,19.916666666666668,14.820833333333333,3.516666666666667,11.8,145.0
2020-06-06,17.900000000000002,1004.1208333333334,72.58333333333333,5.6,57.583333333333336,17.900000000000002,4.145833333333333,12.6,214.0
2020-06-07,20.375,1010.6583333333333,64.79166666666667,0.0,39.75,20.3625,3.779166666666667,11.6,139.0
2020-06-08,21.84583333333333,1009.5666666666666,73.5,14.7,46.541666666666664,21.883333333333336,2.8166666666666664,14.8,163.0
2020-06-09,19.695833333333333,1013.3541666666666,88.25,8.0,72.20833333333333,19.695833333333333,1.9541666666666666,8.1,9.0
2020-06-10,20.570833333333333,1012.3166666666666,83.58333333333333,0.6,59.625,20.7,1.6208333333333333,6.4,17.0
2020-06-11,23.620833333333334,1011.2958333333332,76.33333333333333,3.0,28.916666666666668,24.070833333333336,1.4791666666666667,16.3,28.0
2020-06-12,20.716666666666665,1013.4708333333333,81.25,3.0,68.04166666666667,20.779166666666665,2.25,9.6,41.0
2020-06-13,18.166666666666668,1016.0875,78.45833333333333,0.0,76.75,18.166666666666668,3.5666666666666664,11.5,41.0
2020-06-14,13.854166666666666,1015.6374999999999,77.20833333333333,0.0,67.91666666666667,13.854166666666666,3.15,11.1,48.0
2020-06-15,15.820833333333333,1013.8458333333333,82.20833333333333,0.2,94.41666666666667,15.820833333333333,0.7791666666666667,4.7,345.0
2020-06-16,18.545833333333334,1014.5208333333334,74.20833333333333,0.0,47.666666666666664,18.516666666666666,0.4875,4.6,289.0
2020-06-17,23.229166666666668,1012.3708333333334,64.125,0.0,13.166666666666666,23.2625,1.8833333333333335,8.2,6.0
2020-06-18,24.366666666666664,1010.8291666666668,58.416666666666664,0.0,21.0,24.554166666666664,2.254166666666667,8.7,75.0
2020-06-19,23.2,1012.1875,63.666666666666664,0.0,28.333333333333332,23.204166666666666,2.404166666666667,8.7,130.0
2020-06-20,22.46666666666667,1012.1125000000001,69.58333333333333,1.1,48.125,22.5625,1.8375000000000001,17.5,35.0
2020-06-21,20.304166666666667,1013.2458333333334,83.625,0.0,71.66666666666667,20.354166666666668,2.6666666666666665,7.9,41.0
2020-06-22,20.341666666666665,1014.125,77.83333333333333,0.0,52.75,20.345833333333335,1.9375,7.4,47.0
2020-06-23,20.391666666666666,1016.7291666666666,72.66666666666667,0.0,41.375,20.3625,1.7375,7.3,11.0
2020-06-24,22.2375,1023.0625,55.75,0.0,7.375,22.083333333333332,1.8791666666666667,8.1,34.0
2020-06-25,23.15833333333333,1026.6916666666666,51.833333333333336,0.0,10.5,22.84583333333333,1.366666666666667,6.7,7.0
2020-06-26,24.104166666666668,1024.0666666666666,53.791666666666664,0.0,14.125,23.837500000000002,1.4916666666666665,7.7,110.0
2020-06-27,22.3,1016.0583333333334,63.458333333333336,14.2,26.75,22.125,2.891666666666667,15.0,118.0
2020-06-28,19.941666666666666,1009.9666666666667,81.29166666666667,0.0,41.416666666666664,19.958333333333332,1.4000000000000001,7.5,303.0
2020-06-29,22.125,1008.3375,76.25,0.6,33.583333333333336,22.270833333333332,0.9249999999999999,7.1,103.0
2020-06-30,18.854166666666668,1004.1291666666666,74.5,9.5,73.75,18.854166666666668,3.8208333333333333,14.6,146.0
2020-07-01,18.541666666666668,1007.1458333333334,67.91666666666667,0.0,76.45833333333333,18.541666666666668,3.4499999999999997,12.5,200.0
2020-07-02,19.820833333333333,1008.2708333333334,79.95833333333333,1.9000000000000001,63.333333333333336,19.829166666666666,2.8041666666666667,9.9,199.0
2020-07-03,19.416666666666668,1012.1083333333332,70.16666666666667,3.1999999999999997,65.45833333333333,19.370833333333334,0.8624999999999999,10.9,15.0
2020-07-04,19.05,1014.7833333333333,71.875,0.0,38.25,18.970833333333335,2.2416666666666667,7.9,237.0
2020-07-05,19.825,1010.8000000000001,69.79166666666667,0.2,75.375,19.8125,3.045833333333333,11.4,186.0
2020-07-06,20.754166666666666,1006.5458333333332,76.29166666666667,3.5,83.75,20.758333333333333,2.0375,12.1,195.0
2020-07-07,15.241666666666667,1010.7458333333334,79.66666666666667,3.7,81.125,15.241666666666667,2.6374999999999997,11.1,259.0
2020-07-08,13.416666666666666,1012.3916666666668,81.125,4.800000000000001,53.916666666666664,13.416666666666666,2.25,12.0,276.0
2020-07-09,13.883333333333333,1015.6791666666667,76.08333333333333,1.1,55.041666666666664,13.845833333333333,2.275,12.1,220.0
2020-07-10,16.829166666666666,1012.3208333333333,81.625,0.5,81.08333333333333,16.841666666666665,2.8541666666666665,11.4,132.0
2020-07-11,17.0125,1015.1374999999999,75.25,2.5,85.83333333333333,17.0125,3.904166666666667,13.2,270.0
2020-07-12,14.708333333333334,1020.65,74.20833333333333,0.6,72.625,14.708333333333334,2.6999999999999997,9.8,284.0
2020-07-13,14.470833333333333,1019.3874999999999,69.58333333333333,0.0,25.666666666666668,14.450000000000001,2.4,8.9,280.0
2020-07-14,15.295833333333334,1017.4,69.54166666666667,0.0,22.0,15.295833333333334,1.8791666666666667,7.3,297.0
2020-07-15,17.208333333333332,1013.9250000000001,64.29166666666667,0.0,16.25,17.208333333333332,1.5541666666666665,8.3,14.0
2020-07-16,18.325,1012.4833333333332,56.791666666666664,0.0,5.25,18.175,0.7916666666666666,5.3,3.0
2020-07-17,19.808333333333334,1015.6625,56.0,0.0,7.375,19.629166666666666,1.3083333333333333,6.8,24.0
2020-07-18,21.025000000000002,1020.0208333333334,53.083333333333336,0.0,23.041666666666668,20.8,0.7583333333333333,6.0,13.0
2020-07-19,21.791666666666668,1018.8541666666666,53.416666666666664,0.0,35.166666666666664,21.579166666666666,0.9708333333333333,5.3,6.0
2020-07-20,21.358333333333334,1014.4041666666667,61.083333333333336,6.4,43.458333333333336,21.233333333333334,1.3666666666666665,10.1,108.0
2020-07-21,17.783333333333335,1013.5041666666666,73.41666666666667,3.5,70.625,17.783333333333335,3.7624999999999997,14.3,291.0
2020-07-22,13.637500000000001,1014.6666666666666,76.41666666666667,2.8,45.041666666666664,13.637500000000001,4.2625,15.1,266.0
2020-07-23,12.479166666666666,1014.0291666666667,83.41666666666667,5.9,47.666666666666664,12.341666666666667,2.9250000000000003,12.0,256.0
2020-07-24,14.783333333333333,1012.6583333333333,67.95833333333333,0.0,41.416666666666664,14.737499999999999,1.8916666666666666,9.6,61.0
2020-07-25,18.108333333333334,1011.0208333333334,66.04166666666667,0.4,50.833333333333336,18.041666666666668,2.375,9.1,20.0
2020-07-26,19.433333333333334,1015.5458333333332,64.875,0.0,12.166666666666666,19.316666666666666,1.05,6.2,26.0
2020-07-27,21.77916666666667,1015.775,68.125,21.400000000000002,32.916666666666664,21.72083333333333,1.2,10.6,89.0
2020-07-28,20.883333333333333,1013.4625,78.75,0.0,67.5,20.929166666666667,1.4791666666666667,7.2,170.0
2020-07-29,19.654166666666665,1011.8249999999999,71.25,1.8,64.875,19.633333333333333,3.5541666666666667,11.2,278.0
2020-07-30,15.679166666666667,1015.2791666666667,68.95833333333333,0.0,66.04166666666667,15.679166666666667,3.6041666666666665,16.6,269.0
2020-07-31,14.6,1012.1541666666667,87.91666666666667,2.8000000000000003,89.95833333333333,14.6,3.1208333333333336,8.9,252.0
2020-08-01,16.695833333333333,1013.5208333333334,77.91666666666667,0.2,61.791666666666664,16.695833333333333,2.3916666666666666,10.3,327.0
2020-08-02,17.129166666666666,1014.4291666666667,66.08333333333333,0.0,9.458333333333334,17.066666666666666,0.6,7.4,7.0
2020-08-03,19.837500000000002,1011.6208333333334,59.291666666666664,0.0,50.25,19.670833333333334,2.4625,10.7,145.0
2020-08-04,19.6375,1009.8708333333334,70.0,3.9,90.0,19.620833333333334,2.3000000000000003,10.0,144.0
2020-08-05,18.8125,1017.2958333333332,76.5,7.5,52.791666666666664,18.8125,1.8666666666666665,9.3,305.0
2020-08-06,19.0625,1025.3125,62.0,0.0,0.0,18.920833333333334,1.3041666666666667,5.3,342.0
2020-08-07,22.05,1027.2041666666667,60.041666666666664,0.0,2.625,21.983333333333334,1.0999999999999999,7.7,32.0
2020-08-08,22.983333333333334,1024.2625,62.375,0.0,9.916666666666666,22.995833333333334,1.0458333333333332,6.8,16.0
2020-08-09,21.837500000000002,1020.2541666666666,68.20833333333333,0.3,23.166666666666668,21.866666666666664,1.0875000000000001,9.5,10.0
2020-08-10,22.316666666666666,1018.5791666666668,67.875,0.0,4.25,22.375,1.5041666666666667,8.3,318.0
2020-08-11,18.1375,1020.3333333333334,62.583333333333336,0.0,3.6666666666666665,18.1375,2.441666666666667,10.1,333.0
2020-08-12,15.483333333333334,1022.3041666666667,63.958333333333336,0.0,35.625,15.483333333333334,1.1666666666666667,6.6,9.0
2020-08-13,15.558333333333332,1019.7958333333332,65.0,0.0,40.916666666666664,15.558333333333332,0.7708333333333334,5.1,11.0
2020-08-14,17.583333333333332,1018.2916666666666,58.875,0.0,58.083333333333336,17.479166666666668,1.8875,5.9,166.0
2020-08-15,20.325,1017.5833333333334,55.291666666666664,0.0,23.583333333333332,20.1875,1.866666666666667,8.2,145.0
2020-08-16,21.52916666666667,1016.85,57.291666666666664,0.0,0.5416666666666666,21.291666666666668,1.4124999999999999,7.4,78.0
2020-08-17,21.583333333333332,1014.4333333333334,56.291666666666664,0.0,6.833333333333333,21.354166666666668,1.0625,7.3,3.0
2020-08-18,20.258333333333333,1010.3083333333334,56.416666666666664,0.0,75.41666666666667,20.195833333333333,2.1374999999999997,8.4,49.0
2020-08-19,19.525000000000002,1007.4625,77.91666666666667,0.7,76.375,19.525000000000002,1.8916666666666666,8.4,47.0
2020-08-20,19.054166666666667,1011.1458333333334,79.375,0.0,92.0,19.054166666666667,1.1791666666666667,5.6,71.0
2020-08-21,20.479166666666668,1015.75,73.5,0.0,33.041666666666664,20.458333333333332,1.175,6.7,13.0
2020-08-22,18.9875,1016.6291666666667,79.375,0.0,64.70833333333333,19.0,3.3333333333333335,10.0,141.0
2020-08-23,20.570833333333333,1011.4208333333332,79.91666666666667,1.7000000000000002,83.66666666666667,20.616666666666667,2.2624999999999997,9.5,278.0
2020-08-24,18.804166666666667,1011.5124999999999,70.45833333333333,0.0,48.708333333333336,18.708333333333332,1.7,10.1,275.0
2020-08-25,15.137500000000001,1010.8541666666666,84.83333333333333,5.9,62.291666666666664,15.137500000000001,1.7333333333333334,12.4,111.0
2020-08-26,13.604166666666666,1007.625,91.20833333333333,4.699999999999999,71.70588235294117,13.549999999999999,2.004166666666667,9.4,164.0
2020-08-27,15.579166666666666,1001.75,94.95833333333333,5.6,88.91666666666667,15.579166666666666,2.0625,7.0,214.0
2020-08-28,15.254166666666668,1008.6166666666667,77.66666666666667,0.0,54.875,15.254166666666668,1.7833333333333332,6.3,6.0
2020-08-29,13.883333333333333,1009.8708333333334,90.95833333333333,0.4,69.0,13.804166666666667,2.3458333333333337,10.0,135.0
2020-08-30,15.129166666666668,1010.8333333333334,97.91666666666667,8.899999999999999,74.05263157894737,15.129166666666668,1.2041666666666666,4.7,13.0
2020-08-31,14.216666666666667,1007.9125,98.83333333333333,37.5,86.0,14.216666666666667,1.7333333333333334,9.5,3.0
2020-09-01,12.154166666666667,1017.1166666666667,92.45833333333333,0.0,83.0,12.154166666666667,1.2375,8.3,47.0
2020-09-02,15.112499999999999,1016.3000000000001,92.08333333333333,0.0,87.29166666666667,15.112499999999999,2.1625,9.0,86.0
2020-09-03,16.445833333333333,1018.6875,75.79166666666667,0.0,41.375,16.445833333333333,2.5500000000000003,8.2,180.0
2020-09-04,15.6875,1020.2416666666667,75.75,0.0,48.0,15.666666666666666,2.25,8.1,219.0
2020-09-05,17.616666666666667,1016.4625,76.58333333333333,0.0,65.875,17.616666666666667,2.6875,8.9,258.0
2020-09-06,16.145833333333332,1014.5416666666666,84.91666666666667,9.4,72.20833333333333,16.145833333333332,2.025,7.8,198.0
2020-09-07,11.875,1019.3625000000001,87.625,0.0,49.25,11.791666666666666,1.5999999999999999,9.5,234.0
2020-09-08,11.8125,1019.4666666666667,89.33333333333333,0.4,72.20833333333333,11.483333333333334,3.5833333333333335,11.7,219.0
2020-09-09,16.341666666666665,1016.4250000000001,77.08333333333333,0.0,60.666666666666664,16.341666666666665,4.0,11.9,237.0
2020-09-10,15.220833333333333,1011.1791666666667,74.95833333333333,1.3,56.125,15.220833333333333,4.991666666666666,15.0,283.0
2020-09-11,11.216666666666667,1020.1166666666667,79.70833333333333,0.0,30.75,11.045833333333334,1.8291666666666666,8.6,136.0
2020-09-12,13.958333333333334,1020.5666666666666,73.29166666666667,0.0,39.208333333333336,13.933333333333332,2.625,9.7,189.0
2020-09-13,15.5,1020.0208333333334,72.58333333333333,0.0,47.666666666666664,15.5,4.058333333333334,12.8,212.0
2020-09-14,14.679166666666667,1024.4416666666666,89.0,0.0,86.04166666666667,14.679166666666667,2.8958333333333335,9.4,268.0
2020-09-15,18.037499999999998,1025.5708333333334,79.33333333333333,0.0,40.75,18.0125,2.3291666666666666,6.9,281.0
2020-09-16,18.991666666666667,1018.1833333333334,75.20833333333333,0.0,0.5416666666666666,18.962500000000002,2.891666666666667,10.0,148.0
2020-09-17,13.2125,1013.9083333333333,83.25,2.9,71.75,12.979166666666666,5.05,15.4,299.0
2020-09-18,11.116666666666667,1021.4791666666666,70.5,0.0,46.083333333333336,9.862499999999999,4.875,13.7,297.0
2020-09-19,12.083333333333334,1022.7833333333333,85.70833333333333,0.0,41.833333333333336,11.804166666666667,2.0833333333333335,7.4,268.0
2020-09-20,10.583333333333334,1024.1458333333333,80.25,0.0,0.0,10.583333333333334,0.46249999999999997,4.7,349.0
2020-09-21,12.004166666666665,1021.2458333333334,80.08333333333333,0.0,7.875,11.666666666666666,2.025,8.4,148.0
2020-09-22,14.429166666666667,1016.7416666666667,76.58333333333333,0.0,0.0,14.029166666666667,2.2333333333333334,8.1,217.0
2020-09-23,16.279166666666665,1012.3166666666666,75.54166666666667,0.0,0.0,16.079166666666666,2.7083333333333335,7.9,149.0
2020-09-24,16.679166666666667,1009.7125,66.25,0.0,14.708333333333334,16.570833333333333,3.345833333333333,10.0,144.0
2020-09-25,17.962500000000002,1007.3583333333332,63.958333333333336,0.0,23.583333333333332,17.912499999999998,2.904166666666667,8.8,135.0
2020-09-26,19.870833333333334,1003.9458333333333,61.083333333333336,0.0,4.708333333333333,19.804166666666667,3.966666666666667,12.4,121.0
2020-09-27,17.733333333333334,1007.3874999999999,64.41666666666667,0.4,40.75,17.716666666666665,3.8333333333333335,13.3,97.0
2020-09-28,12.470833333333333,1016.4791666666666,82.16666666666667,0.0,68.91666666666667,12.470833333333333,1.95,8.2,118.0
2020-09-29,10.929166666666667,1018.5625,82.125,0.0,22.0,10.8125,1.2416666666666667,9.3,47.0
2020-09-30,12.6625,1014.4458333333333,84.16666666666667,0.0,57.541666666666664,12.358333333333334,2.4625,10.0,29.0
2020-10-01,13.454166666666666,1012.2791666666667,70.125,0.0,57.041666666666664,13.383333333333333,2.4208333333333334,9.7,58.0
2020-10-02,12.916666666666666,1014.5749999999999,75.45833333333333,0.2,60.75,12.733333333333334,2.7916666666666665,10.2,120.0
2020-10-03,12.9125,1015.1833333333334,92.375,1.4000000000000001,94.0,12.9125,3.8625000000000003,11.0,118.0
2020-10-04,17.570833333333333,1009.7083333333334,78.25,0.0,57.125,17.570833333333333,5.7375,16.8,136.0
2020-10-05,15.362499999999999,1013.9499999999999,93.66666666666667,0.8,67.375,15.362499999999999,3.5541666666666667,10.4,146.0
2020-10-06,14.333333333333334,1010.2166666666667,79.75,0.3,48.166666666666664,14.320833333333333,4.116666666666666,13.9,139.0
2020-10-07,11.870833333333332,1011.7624999999999,91.16666666666667,0.0,24.125,11.591666666666667,2.1791666666666667,7.1,120.0
2020-10-08,11.420833333333334,1017.4083333333333,97.75,1.3,83.61111111111111,11.408333333333333,1.0833333333333333,4.0,151.0
2020-10-09,11.166666666666666,1018.0666666666666,92.75,0.0,84.20833333333333,10.958333333333334,2.2125,9.0,189.0
2020-10-10,12.058333333333332,1019.4416666666666,90.33333333333333,0.0,88.52631578947368,12.0375,1.8083333333333333,7.5,154.0
2020-10-11,11.520833333333334,1016.4625,97.625,4.7,93.73913043478261,11.520833333333334,1.1125,5.3,320.0
2020-10-12,10.1625,1016.2166666666667,94.08333333333333,2.1,92.375,9.8375,1.4500000000000002,6.0,317.0
2020-10-13,7.9875,1012.9916666666667,98.70833333333333,14.8,98.5,6.2625,2.7125,11.4,37.0
2020-10-14,9.379166666666666,1008.1541666666667,98.79166666666667,7.8,92.33333333333333,8.279166666666667,3.2624999999999997,11.9,48.0
2020-10-15,7.391666666666667,1011.7791666666667,91.20833333333333,0.0,63.833333333333336,7.279166666666666,0.48333333333333334,3.7,290.0
2020-10-16,6.608333333333333,1016.8000000000001,89.125,0.0,94.5,5.720833333333334,1.6500000000000001,6.3,356.0
2020-10-17,4.591666666666667,1017.5541666666667,87.25,0.0,94.0,3.8083333333333336,1.2416666666666667,6.2,49.0
2020-10-18,4.383333333333334,1007.5541666666667,90.16666666666667,2.6,80.45833333333333,2.6416666666666666,2.5791666666666666,12.2,226.0
2020-10-19,4.55,1014.3958333333334,85.375,0.0,36.333333333333336,1.7166666666666668,3.654166666666667,13.3,239.0
2020-10-20,5.016666666666667,1021.9375,87.20833333333333,0.0,51.333333333333336,3.1,2.4,6.1,173.0
2020-10-21,6.891666666666667,1015.4708333333333,93.25,0.8999999999999999,94.0,4.55,3.35,8.1,173.0
2020-10-22,11.3375,1010.2375000000001,87.04166666666667,2.5,68.08333333333333,10.200000000000001,4.566666666666666,12.0,174.0
2020-10-23,11.791666666666666,1010.125,86.45833333333333,0.0,49.708333333333336,11.641666666666666,3.6374999999999997,12.8,198.0
2020-10-24,8.625,1010.8375,97.70833333333333,4.2,83.16666666666667,8.1,1.6083333333333334,6.0,222.0
2020-10-25,9.576,1015.732,95.52,0.0,66.91666666666667,8.832,2.332,7.6,146.0
2020-10-26,10.237499999999999,1014.1916666666666,92.91666666666667,0.0,94.5,9.158333333333333,4.425,10.6,148.0
2020-10-27,12.258333333333333,1012.7916666666666,89.20833333333333,0.0,90.5,12.258333333333333,4.633333333333334,10.4,153.0
2020-10-28,10.887500000000001,1015.1416666666668,97.625,0.0,95.5,10.704166666666666,3.3166666666666664,7.7,179.0
2020-10-29,9.891666666666667,1013.225,98.5,1.4,91.83333333333333,9.233333333333333,2.4833333333333334,6.2,181.0
2020-10-30,7.916666666666667,1014.5041666666666,96.04166666666667,0.3,91.0,6.783333333333334,2.0833333333333335,6.6,186.0
2020-10-31,7.845833333333334,1021.8041666666667,97.41666666666667,1.6,97.5,7.508333333333333,0.9791666666666666,5.2,1.0
2020-11-01,7.870833333333334,1022.9625,89.5,0.0,98.5,7.6875,0.7208333333333333,5.4,65.0
2020-11-02,6.983333333333333,1017.3958333333334,83.45833333333333,0.0,75.20833333333333,4.979166666666667,3.1958333333333333,8.8,160.0
2020-11-03,8.354166666666666,1018.9958333333334,98.54166666666667,2.8,92.13636363636364,6.6000000000000005,3.0,8.9,172.0
2020-11-04,7.1375,1025.8458333333333,98.95833333333333,2.5,79.33333333333333,6.4125000000000005,1.3625,4.9,150.0
2020-11-05,6.258333333333333,1026.3666666666666,97.125,0.30000000000000004,88.70833333333333,3.5583333333333336,3.7416666666666667,9.9,230.0
2020-11-06,8.995833333333334,1023.4749999999999,95.45833333333333,1.1,84.04166666666667,7.558333333333334,3.6916666666666664,11.0,248.0
2020-11-07,9.058333333333334,1027.9375,98.16666666666667,0.0,98.9090909090909,7.145833333333333,3.4125,8.2,291.0
2020-11-08,7.108333333333333,1024.6833333333334,97.08333333333333,0.30000000000000004,96.0,5.1625000000000005,2.8958333333333335,8.1,253.0
2020-11-09,1.7249999999999999,1031.4166666666667,97.54166666666667,0.0,17.3125,1.425,0.7083333333333334,4.1,166.0
2020-11-10,1.0458333333333334,1034.55,99.0,0.0,55.93333333333333,1.0458333333333334,0.5,2.9,97.0
2020-11-11,3.5833333333333335,1033.8291666666667,94.54166666666667,0.0,87.75,2.966666666666667,1.0625,4.8,156.0
2020-11-12,3.5625,1029.7583333333334,88.91666666666667,0.0,98.5,1.0041666666666667,2.7291666666666665,5.9,137.0
2020-11-13,2.6,1026.2791666666667,96.41666666666667,1.0,95.5,-0.46249999999999997,3.125,7.4,132.0
2020-11-14,2.2041666666666666,1022.3125,99.0,0.7,97.0,1.2625,1.3041666666666667,5.6,113.0
2020-11-15,3.995833333333333,1022.5541666666667,97.58333333333333,0.0,97.47368421052632,1.5875000000000001,2.9125,9.2,142.0
2020-11-16,3.1916666666666664,1021.4458333333333,95.95833333333333,0.0,100.0,-1.0625,5.2625,11.9,146.0
2020-11-17,2.845833333333333,1024.2958333333333,99.0,2.4,99.5,-1.1833333333333333,4.675,11.3,156.0
2020-11-18,6.979166666666667,1024.6958333333334,98.95833333333333,7.7,97.91304347826087,3.920833333333333,4.7375,10.9,214.0
2020-11-19,7.591666666666668,1014.2875,92.66666666666667,1.2,86.25,4.116666666666666,6.208333333333333,15.6,186.0
2020-11-20,3.1458333333333335,1018.0124999999999,86.83333333333333,0.3,46.666666666666664,-0.27916666666666673,3.891666666666667,14.4,244.0
2020-11-21,0.08749999999999998,1029.0541666666666,94.33333333333333,0.0,78.0,-3.095833333333333,3.220833333333333,11.6,207.0
2020-11-22,2.025,1015.7583333333333,97.04166666666667,6.3,93.91666666666667,-2.670833333333333,5.5249999999999995,12.4,213.0
2020-11-23,5.091666666666667,1013.2833333333333,92.45833333333333,1.0,94.5,1.7041666666666666,4.4750000000000005,12.0,239.0
2020-11-24,4.3125,1017.8791666666666,95.625,4.0,71.625,0.9333333333333332,4.1499999999999995,9.4,245.0
2020-11-25,6.066666666666666,1019.1041666666666,98.95833333333333,0.8,98.5,3.5,3.495833333333333,9.7,218.0
2020-11-26,0.8208333333333333,1018.0083333333333,98.625,0.0,88.75,-2.9916666666666667,3.591666666666667,8.0,217.0
2020-11-27,1.8125,1012.6041666666666,97.66666666666667,4.3,94.5,-1.4375,3.3666666666666667,11.0,208.0
2020-11-28,-0.15833333333333335,1018.8125,98.79166666666667,2.0,93.41666666666667,-2.5749999999999997,2.0124999999999997,6.1,332.0
2020-11-29,0.02916666666666666,1021.1875,96.5,2.7,95.0,-2.725,2.275,7.1,330.0
2020-11-30,-0.46249999999999997,1021.3416666666667,98.33333333333333,0.9,96.5,-3.529166666666667,2.6666666666666665,9.3,201.0
2020-12-01,-0.6611111111111111,1025.8,96.125,0.0,95.2,-4.2375,2.735294117647059,7.5,180.0
2020-12-02,-3.1,1028.925,90.3125,0.0,94.92333333333332,-4.7,1.45625,3.5,140.0
2020-12-03,-0.775,1021.75,90.58333333333333,0.0,76.02333333333334,-5.0874999999999995,4.083333333333333,17.0,148.0
2020-12-04,0.8708333333333332,1016.2291666666666,89.83333333333333,0.0,71.215,-4.925,7.3,15.4,144.0
2020-12-05,2.65,1019.6791666666667,93.70833333333333,0.0,64.74000000000001,-2.4250000000000003,6.745833333333334,14.7,140.0
2020-12-06,1.0083333333333333,1025.2791666666667,80.875,0.0,62.64,-4.654166666666667,7.0874999999999995,15.0,141.0
2020-12-07,-2.470833333333333,1025.9833333333333,48.130434782608695,0.0,0.0,-8.47391304347826,5.617391304347826,13.6,130.0
2020-12-08,-5.341666666666666,1025.8666666666666,73.58333333333333,0.0,69.375,-12.012500000000001,5.6875,13.4,134.0
2020-12-09,-5.179166666666666,1026.4125000000001,74.75,0.0,62.625,-10.758333333333333,4.191666666666666,11.1,127.0
2020-12-10,-3.608333333333333,1020.9666666666667,79.0,1.6,86.0,-8.15,3.3375,10.0,105.0
2020-12-11,-0.27499999999999997,1015.5916666666667,93.91666666666667,0.2,100.0,-4.470833333333333,3.8166666666666664,9.2,127.0
2020-12-12,-2.283333333333333,1015.375,85.41666666666667,0.0,99.0,-7.329166666666667,4.358333333333333,11.4,119.0
2020-12-13,-2.6666666666666665,1017.2291666666666,90.75,1.3,100.0,-5.504166666666666,2.1416666666666666,6.5,115.0
2020-12-14,-1.1458333333333333,1019.6333333333333,95.625,0.1,100.0,-2.3000000000000003,1.3458333333333332,4.1,145.0
2020-12-15,-1.0791666666666666,1022.6833333333334,92.5,0.0,100.0,-4.3374999999999995,3.0625,10.0,160.0
2020-12-16,-0.23333333333333336,1020.6708333333332,97.75,0.4,100.0,-4.391666666666667,3.9,10.2,163.0
2020-12-17,2.3666666666666667,1026.2416666666666,98.0,0.0,100.0,0.6666666666666666,1.8958333333333333,6.9,187.0
2020-12-18,1.6666666666666667,1024.2083333333333,97.91666666666667,2.2,100.0,-1.4166666666666667,2.9583333333333335,7.5,193.0
2020-12-19,2.6958333333333333,1026.375,99.45833333333333,0.0,100.0,0.2041666666666667,2.4833333333333334,6.7,203.0
2020-12-20,0.43333333333333335,1029.0666666666666,98.375,0.0,100.0,-3.5541666666666667,3.733333333333333,9.1,176.0
2020-12-21,-0.25416666666666665,1028.4083333333333,91.41666666666667,0.30000000000000004,100.0,-5.133333333333334,4.829166666666667,11.9,173.0
2020-12-22,0.10416666666666667,1019.8541666666666,93.375,2.1999999999999997,100.0,-4.858333333333333,5.1375,11.7,173.0
2020-12-23,2.0833333333333335,1010.7166666666667,95.66666666666667,3.1,100.0,-1.0478260869565217,3.0173913043478264,11.0,164.0
2020-12-24,2.183333333333333,1004.9083333333333,92.95833333333333,3.4,98.36363636363636,-0.8416666666666667,3.0625,9.5,132.0
2020-12-25,1.2916666666666667,1003.1666666666666,92.625,0.7,98.5,-2.4375,3.7083333333333335,11.0,213.0
2020-12-26,-0.3958333333333333,1011.6750000000001,90.91666666666667,0.8,96.5,-3.7583333333333333,2.8708333333333336,8.7,253.0
2020-12-27,-1.3375000000000001,1016.6958333333333,83.91666666666667,0.2,44.458333333333336,-6.316666666666666,4.741666666666666,12.7,168.0
2020-12-28,0.5083333333333333,1007.3583333333332,83.375,0.8,87.0,-5.329166666666667,7.1625000000000005,16.6,136.0
2020-12-29,2.625,999.6166666666667,93.375,3.9,98.5,-1.925,5.654166666666666,16.6,122.0
2020-12-30,3.3130434782608695,1006.5478260869564,86.95652173913044,1.4,57.78260869565217,0.1391304347826087,3.569565217391304,11.3,159.0
2020-12-31,1.6125,1009.2291666666666,97.58333333333333,0.8,91.47826086956522,0.28260869565217395,1.5521739130434784,6.0,198.0
2021-01-01,-0.6666666666666666,1009.7666666666668,99.04166666666667,1.8,99.42857142857143,-3.4291666666666667,2.5166666666666666,8.4,318.0
2021-01-02,-1.5833333333333333,1017.5291666666667,97.33333333333333,0.30000000000000004,100.0,-4.470833333333333,2.2666666666666666,6.2,195.0
2021-01-03,0.020833333333333332,1022.2333333333332,98.33333333333333,0.0,100.0,-1.9625000000000001,1.9000000000000001,6.0,52.0
2021-01-04,-0.037500000000000006,1021.5500000000001,100.0,0.0,100.0,-2.4791666666666665,1.9833333333333334,7.9,42.0
2021-01-05,0.9666666666666667,1019.9708333333333,97.41666666666667,0.5,100.0,-2.2624999999999997,2.9583333333333335,10.0,51.0
2021-01-06,-0.3958333333333333,1016.9541666666668,92.29166666666667,1.3,99.5,-3.8083333333333336,2.8833333333333333,9.4,93.0
2021-01-07,-0.09583333333333333,1012.025,97.125,6.5,100.0,-2.279166666666667,2.025,6.5,114.0
2021-01-08,-1.3916666666666666,1010.975,97.20833333333333,7.3,99.5,-1.5458333333333334,1.0,2.9,271.0
2021-01-09,-3.15,1014.6625,95.70833333333333,2.0,100.0,-4.054166666666666,1.1958333333333333,4.2,319.0
2021-01-10,-4.3125,1021.475,93.75,0.0,100.0,-6.083333333333333,1.5291666666666668,5.3,303.0
2021-01-11,-2.8708333333333336,1019.2125,93.95833333333333,0.5,100.0,-7.0249999999999995,3.1750000000000003,7.8,166.0
2021-01-12,-2.3291666666666666,1009.4,89.29166666666667,0.0,93.0,-8.129166666666666,5.495833333333334,13.0,158.0
2021-01-13,-1.3875,1003.9666666666667,92.375,4.1,99.5,-5.616666666666667,3.658333333333333,10.3,113.0
2021-01-14,-6.429166666666667,1009.0958333333333,85.75,0.2,97.5,-10.395833333333334,2.3375,9.3,50.0
2021-01-15,-12.674999999999999,1014.8458333333333,81.125,0.1,64.125,-18.191666666666666,2.6458333333333335,8.8,316.0
2021-01-16,-18.104166666666668,1016.3874999999999,82.66666666666667,0.2,53.291666666666664,-21.075,1.5250000000000001,5.6,79.0
2021-01-17,-20.224999999999998,1021.3291666666668,82.08333333333333,0.1,35.541666666666664,-23.745833333333334,1.5416666666666667,4.3,327.0
2021-01-18,-16.333333333333332,1022.2291666666666,84.29166666666667,0.0,92.83333333333333,-17.6875,1.2249999999999999,3.9,157.0
2021-01-19,-13.020833333333334,1018.9833333333332,82.41666666666667,0.0,54.708333333333336,-18.641666666666666,2.654166666666667,6.4,153.0
2021-01-20,-10.758333333333333,1012.9875000000001,80.625,0.8,87.54166666666667,-18.429166666666667,5.1375,10.7,144.0
2021-01-21,-0.07499999999999997,1005.4708333333333,92.5,0.5,88.75,-4.641666666666667,4.408333333333333,9.7,167.0
2021-01-22,0.5416666666666666,1001.75,93.375,0.0,72.58333333333333,-3.6125000000000003,4.0,8.5,158.0
2021-01-23,1.2666666666666668,1001.725,96.95833333333333,0.0,73.46666666666667,-1.9458333333333335,3.0875,9.4,148.0
2021-01-24,1.5166666666666666,997.5458333333332,93.29166666666667,2.3,91.75,-2.4125,4.016666666666667,9.5,141.0
2021-01-25,0.6124999999999999,998.8625000000001,95.16666666666667,5.7,99.5,-2.3874999999999997,2.891666666666667,10.6,197.0
2021-01-26,-0.41250000000000003,994.1458333333334,98.33333333333333,17.6,100.0,-5.283333333333333,4.875,14.8,303.0
2021-01-27,-0.11666666666666665,1001.4208333333332,95.0,4.7,99.5,-4.816666666666666,4.591666666666667,12.6,254.0
2021-01-28,-3.0749999999999997,1004.5625,82.375,0.0,92.20833333333333,-5.745833333333334,2.125,7.6,300.0
2021-01-29,-4.320833333333334,994.1833333333334,89.45833333333333,1.2000000000000002,99.5,-7.570833333333333,2.558333333333333,8.2,128.0
2021-01-30,-3.775,993.9,91.25,0.2,94.5,-7.7250000000000005,2.7375000000000003,7.0,235.0
2021-01-31,-3.141666666666667,999.6166666666667,87.95833333333333,0.0,98.5,-7.841666666666666,3.6833333333333336,9.7,248.0
2021-02-01,-5.870833333333334,1007.6916666666666,87.29166666666667,0.0,79.875,-10.483333333333333,3.108333333333333,9.2,193.0
2021-02-02,-6.9750000000000005,1009.8583333333332,88.79166666666667,1.1,86.125,-12.666666666666666,4.208333333333333,12.2,141.0
2021-02-03,-1.5916666666666668,1005.2916666666666,94.25,0.30000000000000004,90.20833333333333,-3.6666666666666665,1.9124999999999999,7.8,200.0
2021-02-04,-5.7,1008.2541666666666,85.20833333333333,0.9,98.5,-10.066666666666666,2.8958333333333335,10.3,48.0
2021-02-05,-8.595833333333333,1019.3874999999999,86.375,0.0,73.625,-12.504166666666668,2.2666666666666666,8.4,285.0
2021-02-06,-14.416666666666666,1023.2375000000001,83.75,0.0,54.291666666666664,-18.070833333333333,1.7666666666666666,5.7,311.0
2021-02-07,-18.433333333333334,1025.6541666666667,83.95833333333333,0.0,55.130434782608695,-18.766666666666666,0.8833333333333333,2.6,32.0
2021-02-08,-13.829166666666666,1019.5458333333332,79.25,0.5,77.79166666666667,-19.1125,2.720833333333333,9.7,77.0
2021-02-09,-9.85,1009.2624999999999,82.33333333333333,3.6,97.5,-15.025,2.9583333333333335,11.6,54.0
2021-02-10,-11.225,1011.7083333333334,83.70833333333333,0.5,89.125,-15.395833333333334,2.1125000000000003,6.2,70.0
2021-02-11,-12.487499999999999,1019.3333333333334,79.04166666666667,0.0,94.91666666666667,-17.837500000000002,2.529166666666667,8.2,29.0
2021-02-12,-14.4,1025.6208333333334,80.91666666666667,0.0,85.79166666666667,-21.150000000000002,3.3041666666666667,9.0,297.0
2021-02-13,-10.483333333333333,1025.0833333333333,87.875,0.1,79.83333333333333,-16.0,2.966666666666667,10.0,320.0
2021-02-14,-2.370833333333333,1025.1708333333333,85.83333333333333,0.6000000000000001,95.5,-6.979166666666667,3.7874999999999996,10.4,305.0
2021-02-15,-7.2250000000000005,1031.0375000000001,79.91666666666667,0.0,87.66666666666667,-10.4625,2.120833333333333,7.7,297.0
2021-02-16,-10.6875,1025.8916666666667,86.125,0.0,63.25,-14.741666666666667,1.9958333333333333,4.2,223.0
2021-02-17,-6.4624999999999995,1018.4958333333334,81.75,0.0,79.25,-8.654166666666667,1.6624999999999999,6.3,135.0
2021-02-18,-14.033333333333333,1027.25,75.375,0.0,24.0,-18.354166666666668,1.9458333333333335,6.3,27.0
2021-02-19,-12.137500000000001,1024.4166666666667,69.0,0.0,36.041666666666664,-18.691666666666666,3.6125000000000003,8.8,146.0
2021-02-20,-3.1750000000000003,1023.2208333333333,87.66666666666667,1.0,98.95833333333333,-6.7875000000000005,2.5208333333333335,6.4,168.0
2021-02-21,1.4749999999999999,1023.9,92.20833333333333,0.0,75.72727272727273,-1.3458333333333332,2.65,6.6,187.0
2021-02-22,1.3583333333333334,1024.4583333333333,87.16666666666667,0.0,6.0,-0.15000000000000002,1.5458333333333334,4.8,24.0
2021-02-23,0.275,1029.5416666666667,93.95833333333333,0.0,63.73913043478261,-2.5,2.6958333333333333,8.1,146.0
2021-02-24,3.9250000000000003,1029.0083333333334,96.41666666666667,0.0,82.80952380952381,2.2333333333333334,2.0625,6.5,156.0
2021-02-25,7.420833333333333,1024.4541666666667,84.0,0.4,52.75,5.704166666666667,2.725,7.7,210.0
2021-02-26,4.7375,1017.9458333333333,86.83333333333333,0.0,78.79166666666667,1.3666666666666665,4.383333333333334,13.5,263.0
2021-02-27,3.045833333333333,1020.9916666666667,78.45833333333333,0.6000000000000001,64.16666666666667,-0.6708333333333334,4.333333333333333,13.6,311.0
2021-02-28,2.2083333333333335,1024.8458333333333,84.66666666666667,0.0,84.54166666666667,-1.1375,3.4958333333333336,10.9,269.0
2021-03-01,1.5083333333333335,1029.6666666666667,94.75,0.0,73.8,-0.9083333333333333,2.475,9.7,222.0
2021-03-02,3.25,1026.1916666666666,79.75,0.0,70.91666666666667,-0.4375,4.325,12.0,274.0
2021-03-03,0.8374999999999999,1025.6541666666667,81.0,0.0,6.791666666666667,-2.158333333333333,2.9,7.1,209.0
2021-03-04,-0.4375,1010.5541666666667,85.45833333333333,0.0,77.16666666666667,-3.7708333333333335,2.779166666666667,10.2,221.0
2021-03-05,-2.658333333333333,1016.9833333333332,63.208333333333336,0.0,15.208333333333334,-6.075,2.5875,9.4,275.0
2021-03-06,-2.0208333333333335,1022.0166666666668,67.04166666666667,0.0,65.95833333333333,-6.379166666666666,3.641666666666667,10.8,232.0
2021-03-07,-0.37083333333333335,1006.6833333333334,82.125,2.4,89.66666666666667,-5.404166666666666,5.104166666666667,15.9,251.0
2021-03-08,-3.8874999999999997,1012.8791666666666,71.70833333333333,0.30000000000000004,93.33333333333333,-8.633333333333333,3.608333333333333,11.5,316.0
2021-03-09,-5.116666666666666,1022.2833333333333,66.125,0.0,20.416666666666668,-7.508333333333333,1.8541666666666667,6.1,195.0
2021-03-10,-4.75,1023.0458333333332,61.916666666666664,0.0,6.333333333333333,-8.174999999999999,2.316666666666667,8.8,194.0
2021-03-11,-3.2375000000000003,1016.9583333333334,65.04166666666667,0.0,41.75,-8.237499999999999,5.033333333333333,15.7,138.0
2021-03-12,1.5625,999.4625,88.04166666666667,3.2,97.45833333333333,-3.0749999999999997,5.2250000000000005,15.5,210.0
2021-03-13,2.0083333333333333,1002.6916666666666,92.20833333333333,2.7,90.20833333333333,-1.9458333333333335,4.279166666666667,13.4,211.0
2021-03-14,4.2625,997.1750000000001,83.08333333333333,1.8,78.33333333333333,0.6666666666666666,4.558333333333334,13.5,193.0
2021-03-15,3.279166666666667,1006.3000000000001,78.08333333333333,0.1,96.5,0.7250000000000001,3.0083333333333333,9.5,243.0
2021-03-16,3.641666666666667,1011.7791666666667,72.75,0.0,84.0,3.016666666666667,1.2833333333333334,6.7,117.0
2021-03-17,0.6208333333333332,1014.5333333333333,84.08333333333333,0.0,67.875,-2.254166666666667,2.6374999999999997,9.1,311.0
2021-03-18,-1.6416666666666666,1015.7416666666667,85.375,0.0,73.04166666666667,-3.9,1.7916666666666667,6.3,309.0
2021-03-19,-1.45,1016.2916666666666,85.04166666666667,1.2,89.75,-3.6041666666666665,2.0166666666666666,8.3,314.0
2021-03-20,-2.379166666666667,1019.9541666666668,62.791666666666664,0.0,84.45833333333333,-5.858333333333333,2.6833333333333336,9.2,240.0
2021-03-21,-1.7291666666666667,1006.0541666666667,89.33333333333333,3.0,90.16666666666667,-6.575,4.3500000000000005,10.8,211.0
2021-03-22,-0.65,1009.5666666666666,69.54166666666667,0.1,54.25,-3.983333333333333,3.1125000000000003,11.7,314.0
2021-03-23,0.6916666666666668,1016.6875,64.83333333333333,0.2,37.625,-0.3041666666666667,1.4875,7.4,308.0
2021-03-24,1.7666666666666666,1021.7958333333332,63.25,0.0,19.875,0.8958333333333331,1.4833333333333334,6.4,187.0
2021-03-25,4.116666666666666,1020.1625,78.5,0.0,98.95833333333333,2.5166666666666666,2.1125000000000003,7.1,271.0
2021-03-26,6.1625000000000005,1021.4583333333334,68.08333333333333,0.0,33.458333333333336,5.5,1.8125,7.4,294.0
2021-03-27,7.0874999999999995,1020.7833333333333,62.041666666666664,0.0,36.083333333333336,5.604166666666667,3.5083333333333333,11.0,142.0
2021-03-28,5.7043478260869565,1023.8434782608696,74.95652173913044,0.1,76.30434782608695,3.639130434782609,2.78695652173913,8.5,272.0
2021-03-29,4.129166666666666,1028.2375,82.33333333333333,0.8,63.125,1.7916666666666667,3.1625,10.0,182.0
2021-03-30,8.7125,1025.1291666666666,96.70833333333333,1.1,100.0,7.229166666666667,3.470833333333333,8.0,194.0
2021-03-31,11.679166666666667,1020.1083333333332,73.83333333333333,0.0,57.375,11.004166666666668,3.7375000000000003,10.4,257.0
2021-04-01,4.608333333333333,1013.7958333333332,79.04166666666667,3.7,54.833333333333336,2.995833333333333,2.2583333333333333,10.3,229.0
2021-04-02,2.6625,1013.3041666666667,79.25,0.0,70.13636363636364,0.5833333333333334,2.4499999999999997,8.5,307.0
2021-04-03,3.25,1012.3958333333334,79.41666666666667,0.1,93.91666666666667,0.9249999999999999,2.475,8.8,313.0
2021-04-04,2.7541666666666664,1015.5166666666668,65.25,0.0,41.208333333333336,0.09583333333333333,2.8249999999999997,9.3,303.0
2021-04-05,5.0125,998.4416666666666,62.708333333333336,1.5,50.666666666666664,1.2,6.145833333333333,17.8,194.0
2021-04-06,0.8375,998.8666666666667,82.54166666666667,1.5,84.125,-3.1,4.1000000000000005,14.3,188.0
2021-04-07,1.3708333333333333,1002.6916666666666,78.79166666666667,0.2,67.95833333333333,-1.2416666666666667,2.5458333333333334,11.3,152.0
2021-04-08,2.0833333333333335,1007.9916666666667,75.91666666666667,1.2,75.70833333333333,-1.5416666666666667,3.8958333333333335,11.9,215.0
2021-04-09,3.6208333333333336,1017.6083333333332,61.625,0.0,64.79166666666667,0.10416666666666674,4.675,13.5,205.0
2021-04-10,7.354166666666667,1016.0375,56.666666666666664,0.0,91.75,5.570833333333333,3.4250000000000003,10.5,173.0
2021-04-11,12.4375,1020.1125000000001,50.708333333333336,0.0,62.708333333333336,12.054166666666667,3.3249999999999997,11.6,142.0
2021-04-12,13.508333333333333,1019.8416666666667,32.166666666666664,0.0,89.41666666666667,12.904166666666667,4.695833333333334,16.7,141.0
2021-04-13,6.570833333333333,1020.25,77.58333333333333,0.0,98.5,4.341666666666667,3.141666666666667,10.1,302.0
2021-04-14,3.579166666666667,1019.5333333333333,86.0,3.3,99.5,0.7875000000000001,3.029166666666667,9.4,111.0
2021-04-15,4.941666666666666,1018.3791666666666,86.95833333333333,3.8,100.0,2.3375,3.1999999999999997,11.5,53.0
2021-04-16,8.254166666666666,1015.7458333333334,75.75,0.5,81.41666666666667,6.7749999999999995,3.0541666666666667,10.9,39.0
2021-04-17,10.604166666666666,1019.0458333333332,80.16666666666667,2.0,85.70833333333333,10.3125,2.0166666666666666,9.8,23.0
2021-04-18,12.416666666666666,1019.75,58.583333333333336,0.0,16.25,12.041666666666666,2.1416666666666666,8.5,44.0
2021-04-19,11.391666666666666,1019.9250000000001,42.708333333333336,0.0,22.0,11.229166666666666,2.0625,9.8,71.0
2021-04-20,9.549999999999999,1014.7416666666667,61.416666666666664,0.0,83.41666666666667,9.291666666666666,1.6583333333333332,6.2,115.0
2021-04-21,10.204166666666667,1007.8083333333334,59.625,0.0,33.5,9.65,2.7125,11.1,249.0
2021-04-22,6.308333333333334,1009.6833333333334,67.04166666666667,0.4,73.70833333333333,4.4625,3.1458333333333335,13.3,146.0
2021-04-23,2.4291666666666667,1013.2833333333333,86.45833333333333,2.3,87.66666666666667,-1.0625,3.766666666666666,14.5,215.0
2021-04-24,2.783333333333333,1016.3958333333334,72.66666666666667,0.4,75.29166666666667,-0.6958333333333333,3.954166666666667,18.6,266.0
2021-04-25,1.8958333333333333,1016.225,70.58333333333333,0.1,66.375,-1.5416666666666667,3.6791666666666667,14.1,265.0
2021-04-26,1.0416666666666667,1015.7291666666666,82.75,0.2,71.0,-1.8125,2.6916666666666664,11.4,235.0
2021-04-27,2.1374999999999997,1014.2333333333332,89.41666666666667,1.5999999999999999,82.33333333333333,-0.7208333333333333,2.904166666666667,8.8,238.0
2021-04-28,5.333333333333333,1016.6999999999999,67.79166666666667,0.0,89.75,3.7458333333333336,2.0791666666666666,6.4,170.0
2021-04-29,9.445833333333333,1012.0,53.791666666666664,0.0,57.041666666666664,8.270833333333334,3.4291666666666667,12.0,130.0
2021-04-30,10.770833333333334,1005.2666666666668,76.125,1.9,91.29166666666667,9.929166666666667,3.970833333333333,17.4,141.0
2021-05-01,8.0375,1015.1999999999999,56.166666666666664,0.0,55.458333333333336,7.4375,1.7750000000000001,6.9,240.0
2021-05-02,8.841666666666667,1009.8916666666668,55.625,8.1,97.5,8.045833333333333,2.970833333333333,12.1,57.0
2021-05-03,4.229166666666667,999.625,94.79166666666667,21.5,100.0,0.3875,5.141666666666667,16.9,85.0
2021-05-04,5.970833333333334,1009.3166666666666,71.66666666666667,0.0,85.16666666666667,3.6,3.4875000000000003,9.9,137.0
2021-05-05,9.804166666666667,1000.8708333333334,78.70833333333333,7.4,94.33333333333333,8.5,3.716666666666667,12.0,198.0
2021-05-06,7.408333333333332,1001.5291666666667,78.83333333333333,6.3,81.95833333333333,5.233333333333333,3.5375,17.7,238.0
2021-05-07,5.316666666666666,1006.1916666666666,79.54166666666667,7.3,80.375,3.625,2.3041666666666667,8.0,153.0
2021-05-08,4.675,1012.5375,78.54166666666667,0.0,52.791666666666664,2.408333333333333,2.954166666666667,13.2,293.0
2021-05-09,7.5249999999999995,1020.5749999999999,66.45833333333333,0.0,50.708333333333336,7.329166666666667,2.341666666666667,13.8,144.0
2021-05-10,15.583333333333334,1020.5708333333333,42.958333333333336,0.0,10.958333333333334,15.083333333333334,4.816666666666666,13.2,145.0
2021-05-11,18.125,1019.9833333333332,34.458333333333336,0.0,0.0,18.125,4.329166666666667,12.5,137.0
2021-05-12,18.020833333333332,1015.725,39.083333333333336,0.0,5.791666666666667,17.945833333333333,3.8083333333333336,12.5,123.0
2021-05-13,10.354166666666666,1006.3625000000001,81.16666666666667,13.0,77.16666666666667,9.616666666666667,2.8166666666666664,13.4,53.0
2021-05-14,11.545833333333334,1003.4625,95.25,13.2,91.25,11.154166666666667,2.5791666666666666,7.6,112.0
2021-05-15,13.641666666666666,1005.8249999999999,81.375,0.8,63.388888888888886,13.641666666666666,1.7708333333333333,7.8,306.0
2021-05-16,15.608333333333334,1008.0,72.5,6.7,61.708333333333336,15.608333333333334,2.654166666666667,15.8,213.0
2021-05-17,14.625,1005.5958333333333,84.875,5.7,89.95833333333333,14.625,2.2416666666666667,6.7,319.0
2021-05-18,12.4125,1002.4833333333332,94.58333333333333,8.6,99.0,12.354166666666666,2.4791666666666665,10.8,314.0
2021-05-19,12.083333333333334,1004.8833333333333,80.0,1.6,97.0,11.416666666666666,3.1374999999999997,10.6,310.0
2021-05-20,11.970833333333333,1008.4291666666667,80.04166666666667,6.699999999999999,89.375,11.520833333333334,3.5541666666666667,13.3,293.0
2021-05-21,10.204166666666667,1010.1833333333334,74.0,0.0,49.708333333333336,9.408333333333333,3.0416666666666665,11.5,213.0
2021-05-22,12.516666666666666,1006.1750000000001,76.58333333333333,8.9,63.791666666666664,12.054166666666667,3.4416666666666664,10.0,192.0
2021-05-23,11.333333333333334,1008.2875,87.58333333333333,7.3,90.33333333333333,10.950000000000001,3.516666666666667,11.5,213.0
2021-05-24,12.304166666666667,1020.0,68.875,0.5,39.75,12.070833333333333,2.1416666666666666,8.6,106.0
2021-05-25,12.954166666666666,1017.5291666666667,76.0,1.9000000000000001,91.79166666666667,12.816666666666665,2.9875000000000003,8.3,105.0
2021-05-26,12.545833333333334,1013.6125000000001,77.58333333333333,13.2,81.45833333333333,12.066666666666668,3.625,13.5,99.0
2021-05-27,12.633333333333333,1014.1083333333332,76.33333333333333,0.5,67.95833333333333,12.237499999999999,2.9791666666666665,10.6,195.0
2021-05-28,11.516666666666666,1016.5625,82.41666666666667,5.0,35.0,11.491666666666667,1.0458333333333334,8.5,46.0
2021-05-29,10.066666666666666,1016.9958333333334,90.79166666666667,2.8000000000000003,86.94444444444444,9.862499999999999,1.8041666666666665,8.9,315.0
2021-05-30,12.579166666666666,1020.7166666666667,58.708333333333336,0.0,37.666666666666664,12.299999999999999,2.8791666666666664,10.4,178.0
2021-05-31,12.079166666666666,1021.4416666666666,51.75,0.0,18.916666666666668,11.9625,1.8333333333333333,8.7,31.0
2021-06-01,13.154166666666667,1019.725,58.791666666666664,0.0,91.75,12.933333333333332,1.6375,5.8,148.0
2021-06-02,15.433333333333332,1025.05,49.916666666666664,0.0,28.791666666666668,15.433333333333332,2.0,8.9,89.0
2021-06-03,17.041666666666668,1026.4666666666667,54.041666666666664,0.0,38.666666666666664,17.041666666666668,1.8708333333333333,7.4,120.0
2021-06-04,18.4875,1024.7916666666667,49.75,0.0,69.875,18.4875,1.3916666666666666,6.6,45.0
2021-06-05,17.908333333333335,1020.0833333333334,62.666666666666664,5.3999999999999995,78.91666666666667,17.908333333333335,2.0208333333333335,9.4,294.0
2021-06-06,17.958333333333332,1017.3791666666666,67.04166666666667,0.0,40.833333333333336,17.883333333333333,2.3416666666666663,9.6,310.0
2021-06-07,19.974999999999998,1016.3625000000001,56.25,0.0,13.625,19.8,2.6125000000000003,9.4,307.0
2021-06-08,19.533333333333335,1016.1833333333334,62.375,0.0,27.666666666666668,19.462500000000002,2.5375,9.1,317.0
2021-06-09,16.008333333333333,1016.0416666666666,83.625,12.9,78.04347826086956,16.008333333333333,2.15,12.1,263.0
2021-06-10,17.495833333333334,1015.1125000000001,79.83333333333333,2.8,31.541666666666668,17.4875,1.7541666666666667,8.5,323.0
2021-06-11,16.916666666666668,1014.1833333333334,81.41666666666667,2.5,49.666666666666664,16.916666666666668,1.4749999999999999,8.3,111.0
2021-06-12,17.383333333333333,1009.2458333333334,79.20833333333333,8.9,55.40909090909091,17.366666666666667,2.1583333333333337,10.3,161.0
2021-06-13,14.129166666666668,1007.8583333333332,84.58333333333333,1.7,92.5,14.129166666666668,3.0625,10.7,281.0
2021-06-14,15.450000000000001,1018.0708333333333,64.375,0.0,22.458333333333332,15.258333333333333,2.6666666666666665,10.3,288.0
2021-06-15,17.145833333333332,1016.6333333333333,70.08333333333333,0.0,44.458333333333336,17.070833333333333,2.566666666666667,8.5,146.0
2021-06-16,16.599999999999998,1019.1458333333334,60.625,0.0,0.0,16.599999999999998,1.9124999999999999,6.1,305.0
2021-06-17,19.55,1023.0208333333334,54.666666666666664,0.0,0.0,19.395833333333332,1.3541666666666667,5.5,312.0
2021-06-18,22.320833333333336,1022.7624999999999,53.916666666666664,0.0,0.0,22.125,2.0749999999999997,7.9,112.0
2021-06-19,23.733333333333334,1020.3708333333334,53.875,0.0,0.0,23.47083333333333,2.4,8.3,132.0
2021-06-20,25.133333333333336,1017.2875,56.0,0.0,4.708333333333333,25.104166666666668,2.4375,10.0,131.0
2021-06-21,25.974999999999998,1013.9583333333334,54.333333333333336,0.0,6.875,25.820833333333336,2.6999999999999997,10.5,126.0
2021-06-22,26.045833333333334,1012.0958333333333,59.583333333333336,0.0,20.458333333333332,26.4375,2.920833333333333,9.8,138.0
2021-06-23,26.28333333333333,1015.3833333333333,64.875,5.0,24.083333333333332,27.129166666666666,2.191666666666667,16.3,147.0
2021-06-24,21.766666666666666,1017.15,84.20833333333333,11.100000000000001,24.125,22.21666666666667,1.6125,14.7,134.0
2021-06-25,22.2375,1013.7333333333332,79.45833333333333,1.4,57.625,22.504166666666666,1.7000000000000002,12.5,41.0
2021-06-26,19.820833333333333,1014.6791666666667,86.5,2.3,90.33333333333333,19.820833333333333,2.058333333333333,7.3,311.0
2021-06-27,19.05,1014.0916666666667,79.58333333333333,0.9999999999999999,94.41666666666667,19.05,2.3041666666666667,7.5,306.0
2021-06-28,19.454166666666666,1013.7624999999999,77.83333333333333,0.0,48.75,19.45,2.7291666666666665,11.5,307.0
2021-06-29,20.4375,1012.6791666666667,70.25,0.0,45.083333333333336,20.370833333333334,2.3833333333333333,10.5,289.0
2021-06-30,22.40416666666667,1009.3249999999999,61.25,0.0,8.916666666666666,22.166666666666668,1.2125000000000001,5.8,125.0
2021-07-01,22.995833333333334,1008.5458333333332,65.66666666666667,4.3,42.333333333333336,23.170833333333334,2.0124999999999997,7.7,62.0
2021-07-02,22.587500000000002,1008.9291666666667,65.41666666666667,0.3,91.375,22.55,2.033333333333333,8.3,45.0
2021-07-03,21.337500000000002,1010.0583333333334,60.958333333333336,0.0,46.625,21.224999999999998,2.15,8.2,43.0
2021-07-04,21.712500000000002,1010.8791666666666,64.75,0.0,91.875,21.683333333333334,2.2041666666666666,8.4,84.0
2021-07-05,22.5625,1011.1791666666667,67.79166666666667,0.4,77.91666666666667,22.608333333333334,2.1999999999999997,8.5,72.0
2021-07-06,20.370833333333334,1013.775,88.83333333333333,79.8,66.91666666666667,20.395833333333332,1.7333333333333334,10.7,36.0
2021-07-07,23.3125,1018.3375,72.875,0.0,15.666666666666666,23.670833333333334,1.9416666666666667,7.7,127.0
2021-07-08,25.09583333333333,1021.7333333333332,65.54166666666667,0.0,24.083333333333332,25.587500000000002,2.795833333333333,9.7,126.0
2021-07-09,25.47083333333333,1020.1374999999999,59.375,0.0,8.958333333333334,25.633333333333336,2.9791666666666665,11.1,130.0
2021-07-10,24.90416666666667,1017.2583333333333,59.125,0.0,27.791666666666668,24.895833333333332,2.7083333333333335,9.2,126.0
2021-07-11,22.875,1018.525,76.45833333333333,0.0,31.916666666666668,23.25,1.9041666666666668,6.1,283.0
2021-07-12,26.212500000000002,1016.8541666666666,58.541666666666664,0.0,6.375,26.083333333333332,1.7166666666666668,8.6,79.0
2021-07-13,25.291666666666668,1014.9041666666667,68.41666666666667,0.0,38.25,25.65416666666667,1.6791666666666665,11.7,34.0
2021-07-14,22.833333333333332,1013.3208333333333,78.83333333333333,0.7,30.291666666666668,23.133333333333336,1.5916666666666668,6.7,106.0
2021-07-15,24.96666666666667,1012.8000000000001,73.33333333333333,0.0,4.809523809523809,25.620833333333334,1.1083333333333334,4.7,247.0
2021-07-16,27.712500000000002,1013.4791666666666,64.08333333333333,0.0,13.083333333333334,28.775000000000002,1.2833333333333334,4.9,155.0
2021-07-17,23.3625,1013.8291666666668,82.70833333333333,2.2,35.583333333333336,24.004166666666666,1.6166666666666665,21.7,209.0
2021-07-18,22.775000000000002,1011.1333333333333,76.5,0.0,43.0,23.066666666666666,2.0708333333333333,10.7,235.0
2021-07-19,20.587500000000002,1011.525,68.375,0.0,21.041666666666668,20.504166666666666,2.654166666666667,9.1,264.0
2021-07-20,19.4875,1013.1875,61.375,0.0,8.416666666666666,19.370833333333334,2.066666666666667,7.5,293.0
2021-07-21,18.7625,1014.7708333333334,63.333333333333336,0.0,26.208333333333332,18.7625,2.6125000000000003,11.2,233.0
2021-07-22,18.158333333333335,1017.75,59.0,0.0,18.416666666666668,18.020833333333332,2.3874999999999997,8.9,295.0
2021-07-23,19.958333333333332,1014.8083333333334,66.0,0.0,37.666666666666664,19.858333333333334,2.8791666666666664,10.2,279.0
2021-07-24,19.849999999999998,1015.7416666666667,64.95833333333333,0.0,42.833333333333336,19.725,1.6083333333333334,6.1,286.0
2021-07-25,21.158333333333335,1017.7291666666666,56.583333333333336,0.0,2.125,20.883333333333333,1.1500000000000001,6.7,98.0
2021-07-26,24.179166666666664,1017.4875000000001,49.416666666666664,0.0,17.291666666666668,23.795833333333334,2.345833333333333,10.1,105.0
2021-07-27,21.920833333333334,1013.0333333333333,76.41666666666667,1.4,85.79166666666667,21.983333333333334,2.845833333333333,9.6,104.0
2021-07-28,23.09166666666667,1010.8666666666667,72.70833333333333,0.0,31.19047619047619,23.254166666666666,1.8541666666666667,9.2,132.0
2021-07-29,20.933333333333334,1008.2958333333332,78.75,4.4,64.33333333333333,20.941666666666666,2.2708333333333335,9.6,153.0
2021-07-30,20.325,1006.8791666666666,61.541666666666664,0.0,44.0,20.170833333333334,2.9583333333333335,12.7,233.0
2021-07-31,19.837500000000002,1006.2708333333334,56.791666666666664,0.0,7.333333333333333,19.679166666666667,2.783333333333333,13.4,199.0
2021-08-01,20.320833333333333,1006.975,65.625,1.1,38.166666666666664,20.162499999999998,2.654166666666667,11.1,215.0
2021-08-02,16.095833333333335,1003.6333333333333,94.29166666666667,33.5,95.45833333333333,16.095833333333335,2.6041666666666665,10.2,288.0
2021-08-03,15.895833333333334,1010.9833333333332,84.125,0.6,50.291666666666664,15.895833333333334,3.158333333333333,9.5,210.0
2021-08-04,14.924999999999999,1015.2791666666667,89.45833333333333,12.8,87.20833333333333,14.924999999999999,1.5666666666666667,6.2,39.0
2021-08-05,16.166666666666668,1013.0208333333334,81.54166666666667,0.1,68.41666666666667,16.166666666666668,1.9916666666666665,7.1,47.0
2021-08-06,14.308333333333332,1002.9041666666667,93.125,25.4,93.83333333333333,14.308333333333332,3.529166666666667,12.4,55.0
2021-08-07,16.141666666666666,1002.9166666666666,95.875,1.9000000000000001,89.625,16.141666666666666,2.970833333333333,10.3,195.0
2021-08-08,17.929166666666667,1011.5625,86.29166666666667,2.3,39.791666666666664,17.9375,3.029166666666667,11.2,195.0
2021-08-09,17.841666666666665,1017.7791666666667,85.41666666666667,0.0,44.21739130434783,17.829166666666666,1.7125000000000001,7.7,98.0
2021-08-10,19.070833333333333,1018.5500000000001,73.04166666666667,0.0,32.541666666666664,18.954166666666666,1.4000000000000001,7.7,153.0
2021-08-11,16.345833333333335,1014.8458333333333,88.33333333333333,1.3,85.625,16.345833333333335,1.2916666666666667,5.5,51.0
2021-08-12,15.862499999999999,1017.1333333333333,87.5,3.9,60.208333333333336,15.862499999999999,2.6041666666666665,10.2,259.0
2021-08-13,17.833333333333332,1021.8249999999999,76.58333333333333,0.0,32.5,17.816666666666666,2.379166666666667,7.9,276.0
2021-08-14,19.587500000000002,1017.8416666666667,74.625,0.0,35.857142857142854,19.583333333333332,3.0208333333333335,10.2,139.0
2021-08-15,18.941666666666666,1013.0625,70.91666666666667,0.0,56.041666666666664,18.883333333333333,2.8541666666666665,12.1,51.0
2021-08-16,19.349999999999998,1010.2458333333334,72.16666666666667,0.0,18.875,19.325,2.5375,8.7,138.0
2021-08-17,18.004166666666666,1006.0916666666667,88.75,9.700000000000001,76.20833333333333,18.004166666666666,2.8166666666666664,9.8,142.0
2021-08-18,14.879166666666668,1009.125,75.41666666666667,0.0,48.625,14.879166666666668,4.2,13.4,189.0
2021-08-19,15.170833333333334,1008.6416666666668,79.04166666666667,0.1,68.0,15.170833333333334,3.75,11.5,185.0
2021-08-20,16.641666666666666,1013.9416666666666,79.45833333333333,0.2,83.54166666666667,16.641666666666666,2.45,8.5,205.0
2021-08-21,15.85,1016.0749999999999,78.20833333333333,6.7,57.541666666666664,15.85,2.5500000000000003,10.7,315.0
2021-08-22,14.191666666666668,1019.3833333333333,77.375,0.0,43.833333333333336,14.170833333333334,1.7166666666666668,7.5,210.0
2021-08-23,14.862499999999999,1021.2583333333333,73.875,0.0,7.875,14.862499999999999,1.3416666666666668,6.0,161.0
2021-08-24,12.904166666666667,1022.6041666666666,70.91666666666667,0.0,17.291666666666668,12.7875,2.3041666666666667,8.4,111.0
2021-08-25,12.070833333333333,1016.4875000000001,75.25,0.0,50.77272727272727,11.891666666666666,1.8458333333333332,14.2,317.0
2021-08-26,12.641666666666666,1008.1916666666666,82.08333333333333,2.4,98.5,12.641666666666666,2.7875,8.6,147.0
2021-08-27,16.325,1012.0500000000001,71.45833333333333,0.0,76.79166666666667,16.325,1.3375000000000001,5.1,134.0
2021-08-28,13.891666666666666,1011.9875000000001,92.875,1.7,82.08333333333333,13.891666666666666,1.3125,5.2,92.0
2021-08-29,14.762500000000001,1012.5291666666667,94.875,7.2,99.5,14.762500000000001,2.3958333333333335,9.4,176.0
2021-08-30,14.633333333333333,1013.0375,92.75,16.2,97.0,14.633333333333333,2.1458333333333335,9.6,46.0
2021-08-31,15.7125,1009.5124999999999,95.04166666666667,19.2,97.30434782608695,15.7125,1.5583333333333333,7.5,58.0
2021-09-01,14.416666666666666,1012.2541666666666,84.08333333333333,1.2000000000000002,91.79166666666667,14.416666666666666,2.7916666666666665,10.9,312.0
2021-09-02,11.575000000000001,1017.0291666666667,71.33333333333333,0.0,49.708333333333336,11.083333333333334,3.158333333333333,11.0,296.0
2021-09-03,11.704166666666666,1012.6041666666666,82.79166666666667,3.5,56.416666666666664,11.445833333333333,3.2916666666666665,15.3,273.0
2021-09-04,9.145833333333334,1017.5708333333333,78.20833333333333,0.0,29.875,8.512500000000001,2.1625,11.1,308.0
2021-09-05,8.729166666666666,1025.1541666666667,78.45833333333333,0.1,55.17391304347826,8.191666666666666,1.8666666666666665,8.0,279.0
2021-09-06,9.5875,1027.5625,76.0,0.0,61.291666666666664,9.566666666666666,1.1291666666666667,6.0,88.0
2021-09-07,11.200000000000001,1026.2833333333333,72.5,0.0,36.083333333333336,10.754166666666668,2.004166666666667,6.8,253.0
2021-09-08,13.7875,1023.275,69.5,0.0,16.708333333333332,13.4625,2.4125,8.6,161.0
2021-09-09,16.058333333333334,1019.5333333333333,74.5,0.0,5.791666666666667,15.75,2.3625000000000003,8.7,168.0
2021-09-10,17.241666666666667,1017.5124999999999,73.625,0.0,0.5416666666666666,17.150000000000002,1.8708333333333333,6.5,140.0
2021-09-11,17.591666666666665,1016.1791666666667,69.91666666666667,0.0,0.0,17.5,2.2666666666666666,7.4,135.0
2021-09-12,16.629166666666666,1013.8125,80.91666666666667,0.0,21.5,16.629166666666666,1.9333333333333333,6.6,139.0
2021-09-13,16.304166666666667,1012.3791666666666,84.70833333333333,1.0,85.16666666666667,16.304166666666667,3.0500000000000003,10.4,271.0
2021-09-14,11.316666666666668,1018.3708333333334,81.91666666666667,0.0,60.583333333333336,11.233333333333334,1.6083333333333334,7.4,297.0
2021-09-15,9.591666666666667,1020.2833333333333,83.95833333333333,0.0,57.416666666666664,9.491666666666667,1.0958333333333334,4.6,126.0
2021-09-16,11.25,1017.5416666666666,78.79166666666667,6.0,89.33333333333333,11.116666666666667,2.225,8.6,108.0
2021-09-17,9.779166666666667,1011.6458333333334,95.125,4.9,100.0,8.625,2.9499999999999997,9.8,73.0
2021-09-18,6.6875,1012.525,87.125,8.1,100.0,4.2625,3.4125,10.2,45.0
2021-09-19,6.3374999999999995,1012.0291666666667,92.04166666666667,9.1,100.0,3.8208333333333333,3.454166666666667,11.1,63.0
2021-09-20,5.0249999999999995,1015.2291666666666,93.79166666666667,1.7000000000000002,100.0,2.85,2.5875,8.4,314.0
2021-09-21,5.479166666666667,1018.3874999999999,92.125,0.30000000000000004,100.0,3.475,2.504166666666667,9.3,299.0
2021-09-22,6.095833333333334,1018.9499999999999,90.375,0.1,100.0,4.3999999999999995,2.2666666666666666,7.6,316.0
2021-09-23,8.15,1010.8041666666667,87.625,4.1,90.25,7.3999999999999995,2.8083333333333336,10.4,310.0
2021-09-24,10.258333333333333,995.4208333333332,91.0,12.0,96.0,9.387500000000001,4.579166666666667,12.6,287.0
2021-09-25,11.845833333333333,1006.5749999999999,88.66666666666667,1.5,77.79166666666667,11.491666666666667,3.6791666666666667,12.4,270.0
2021-09-26,11.174999999999999,1020.4583333333334,80.625,0.0,30.291666666666668,10.65,2.5791666666666666,9.0,296.0
2021-09-27,8.4,1027.3208333333334,80.41666666666667,0.0,47.0,8.275,1.5875000000000001,7.8,55.0
2021-09-28,10.608333333333333,1028.9041666666667,76.875,0.0,95.41666666666667,10.3125,1.7333333333333334,6.2,65.0
2021-09-29,9.612499999999999,1031.4083333333333,80.83333333333333,0.0,91.75,8.825000000000001,2.4541666666666666,8.1,119.0
2021-09-30,9.674999999999999,1029.0333333333333,73.75,0.0,61.083333333333336,8.279166666666667,4.579166666666667,12.0,141.0
2021-10-01,9.025,1029.5,87.29166666666667,0.30000000000000004,99.0,7.716666666666666,2.566666666666667,8.5,147.0
2021-10-02,8.108333333333333,1026.1458333333333,87.0,1.3,64.83333333333333,6.9875,2.954166666666667,13.1,120.0
2021-10-03,11.8125,1023.5041666666666,65.875,0.0,55.375,11.308333333333332,4.066666666666666,11.6,127.0
2021-10-04,11.595833333333333,1024.3041666666666,63.25,0.0,75.25,10.887500000000001,4.4875,13.9,142.0
2021-10-05,12.045833333333334,1026.1083333333333,57.333333333333336,0.0,49.125,11.575000000000001,5.870833333333334,15.2,139.0
2021-10-06,11.549999999999999,1027.6458333333333,57.083333333333336,0.0,23.041666666666668,10.487499999999999,6.695833333333333,16.7,141.0
2021-10-07,8.141666666666667,1035.0333333333333,56.791666666666664,0.0,1.0833333333333333,6.608333333333333,3.775,10.7,132.0
2021-10-08,6.254166666666666,1039.4125000000001,64.08333333333333,0.0,0.0,5.491666666666667,1.6708333333333334,6.0,128.0
2021-10-09,5.1125,1038.6291666666666,73.95833333333333,0.0,0.0,5.1125,0.7625000000000001,3.5,200.0
2021-10-10,4.6875,1034.0874999999999,75.54166666666667,0.0,0.0,4.291666666666667,1.4166666666666667,5.5,102.0
2021-10-11,3.6958333333333333,1023.3249999999999,75.16666666666667,0.0,47.22727272727273,1.7541666666666667,2.1625,6.2,136.0
2021-10-12,5.0625,1011.4499999999999,82.83333333333333,0.0,52.708333333333336,3.283333333333333,2.6083333333333334,7.8,159.0
2021-10-13,4.658333333333333,1013.225,88.08333333333333,0.1,75.88888888888889,3.341666666666667,1.9083333333333332,7.4,146.0
2021-10-14,5.4624999999999995,1018.0958333333333,87.79166666666667,0.0,73.52173913043478,4.325,1.8,6.9,204.0
2021-10-15,8.1875,1011.0958333333333,91.95833333333333,3.7,98.0,6.408333333333334,4.704166666666667,11.2,192.0
2021-10-16,8.325000000000001,1012.6916666666666,83.04166666666667,1.4,64.75,6.941666666666666,3.279166666666667,11.1,236.0
2021-10-17,7.283333333333334,1015.3208333333333,84.875,0.0,92.41666666666667,5.145833333333333,3.1875,9.2,214.0
2021-10-18,6.733333333333333,1018.025,77.75,2.0,49.125,4.583333333333333,3.1333333333333333,10.2,292.0
2021-10-19,3.829166666666667,1024.1416666666667,78.25,0.0,42.291666666666664,2.783333333333333,1.7375,6.1,151.0
2021-10-20,9.020833333333334,1009.4625,89.54166666666667,2.0,96.5,7.208333333333333,4.9875,11.8,200.0
2021-10-21,12.4,995.3375,83.5,2.3,92.5,12.4,5.3875,18.4,184.0
2021-10-22,7.625,998.5791666666668,74.5,2.7,93.91666666666667,4.608333333333333,5.829166666666667,16.1,210.0
2021-10-23,5.358333333333333,1008.6708333333332,85.625,3.5,85.16666666666667,2.1458333333333335,4.433333333333334,13.3,239.0
2021-10-24,3.3874999999999997,1027.5249999999999,83.0,0.0,78.41666666666667,0.8041666666666667,2.8708333333333336,10.6,305.0
2021-10-25,2.8166666666666664,1028.3208333333334,83.41666666666667,0.0,0.0,-0.21666666666666667,3.408333333333333,10.3,173.0
2021-10-26,4.483333333333333,1019.6583333333333,77.95833333333333,0.0,38.708333333333336,1.7333333333333334,3.279166666666667,8.4,199.0
2021-10-27,8.495833333333334,1018.0416666666666,90.5,3.0,96.5,6.570833333333333,3.6291666666666664,13.0,212.0
2021-10-28,11.5375,1020.3249999999999,94.08333333333333,2.1,100.0,11.5375,3.4875000000000003,13.1,251.0
2021-10-29,11.049999999999999,1023.0708333333333,82.54166666666667,0.0,51.083333333333336,10.770833333333334,3.4375,8.6,168.0
2021-10-30,9.708333333333334,1020.5500000000001,80.16666666666667,0.0,0.0,8.491666666666667,3.6041666666666665,9.1,153.0
2021-10-31,8.54,1018.056,78.88,0.0,0.0,6.667999999999999,3.904,9.2,162.0
2021-11-01,6.675,1014.3333333333334,80.29166666666667,0.0,0.0,4.170833333333333,4.429166666666666,11.9,139.0
2021-11-02,5.908333333333334,1009.5541666666667,88.83333333333333,0.0,74.58333333333333,3.1750000000000003,3.670833333333333,10.0,122.0
2021-11-03,6.395833333333333,1006.0916666666667,96.45833333333333,10.4,98.5,4.708333333333333,2.3541666666666665,6.6,145.0
2021-11-04,7.554166666666667,1011.4791666666666,89.58333333333333,0.2,93.3,5.866666666666667,3.704166666666667,13.0,114.0
2021-11-05,8.683333333333334,1009.1166666666667,79.54166666666667,0.7,83.41666666666667,6.0375000000000005,5.470833333333334,14.7,187.0
2021-11-06,7.191666666666666,1015.2166666666667,91.41666666666667,1.9000000000000001,99.5,4.391666666666667,4.4375,12.7,230.0
2021-11-07,6.583333333333333,1009.5500000000001,90.04166666666667,3.4,99.0,3.3208333333333333,4.970833333333333,11.5,190.0
2021-11-08,4.7250000000000005,1009.8000000000001,87.04166666666667,6.4,84.5,1.625,3.9499999999999997,11.7,232.0
2021-11-09,-0.19166666666666665,1030.1583333333333,83.45833333333333,0.0,63.666666666666664,-2.475,1.9666666666666668,8.5,168.0
2021-11-10,0.9666666666666667,1030.1666666666667,91.45833333333333,0.30000000000000004,72.5,-3.35,4.416666666666667,10.2,192.0
2021-11-11,2.3833333333333333,1021.4,96.79166666666667,0.4,92.38095238095238,-0.24166666666666667,2.75,7.6,192.0
2021-11-12,5.754166666666666,1018.8375,87.45833333333333,0.2,66.95833333333333,3.6458333333333335,3.404166666666667,11.1,276.0
2021-11-13,1.9625000000000001,1024.7749999999999,98.66666666666667,0.0,99.0,0.22083333333333333,1.9875,8.0,104.0
2021-11-14,3.0,1027.6625,94.0,0.0,100.0,1.1500000000000001,1.9708333333333332,7.1,55.0
2021-11-15,0.7291666666666666,1036.3500000000001,90.75,0.0,100.0,-1.8,2.245833333333333,7.3,50.0
2021-11-16,1.2125000000000001,1031.6041666666667,95.375,0.0,100.0,-1.9291666666666665,2.858333333333333,6.1,158.0
2021-11-17,2.6999999999999997,1021.4166666666666,94.375,0.0,100.0,-0.9166666666666666,3.9375,10.4,167.0
2021-11-18,4.166666666666667,1014.2333333333332,92.0,0.9,97.5,1.0333333333333334,3.6666666666666665,9.3,180.0
2021-11-19,7.2,1004.8791666666666,94.54166666666667,8.6,99.5,4.7375,4.120833333333334,16.7,259.0
2021-11-20,7.358333333333333,1004.0333333333333,76.29166666666667,3.6,76.25,4.233333333333333,5.720833333333334,17.7,260.0
2021-11-21,5.925,1000.5458333333332,92.83333333333333,11.2,97.5,3.0541666666666667,4.370833333333334,14.4,253.0
2021-11-22,-1.4833333333333334,1016.9416666666666,86.29166666666667,0.1,39.791666666666664,-3.108333333333333,1.6125,6.6,293.0
2021-11-23,-2.0375,1017.6791666666667,94.66666666666667,2.8000000000000003,87.08333333333333,-5.033333333333333,2.279166666666667,6.8,156.0
2021-11-24,1.9000000000000001,1017.5124999999999,98.0,0.0,98.0,-1.2375,3.095833333333333,9.6,209.0
2021-11-25,3.608333333333333,1010.9041666666667,93.25,0.7,95.375,0.3875,3.6125000000000003,10.0,206.0
2021-11-26,1.325,1001.2208333333333,86.16666666666667,0.0,94.41666666666667,-2.3625000000000003,3.733333333333333,9.9,198.0
2021-11-27,0.2791666666666667,993.5541666666667,98.08333333333333,11.2,100.0,-1.7791666666666668,1.9583333333333333,7.0,44.0
2021-11-28,0.5499999999999999,1000.0583333333334,94.0,0.1,97.95833333333333,-2.245833333333333,2.470833333333333,7.0,213.0
2021-11-29,0.24583333333333335,990.9583333333334,96.54166666666667,10.5,70.83333333333333,-3.0208333333333335,2.9125,11.3,60.0
2021-11-30,-1.8541666666666667,989.7875,86.25,1.3,36.083333333333336,-6.820833333333333,4.8500000000000005,17.8,264.0
2021-12-01,-3.454166666666666,996.35,87.625,0.0,63.25,-7.154166666666666,2.5749999999999997,6.9,255.0
2021-12-02,1.2166666666666666,988.25,83.20833333333333,6.4,100.0,-3.670833333333333,5.575,15.6,198.0
2021-12-03,0.3375000000000001,998.4,77.45833333333333,0.4,82.5,-4.208333333333333,4.7875000000000005,19.0,236.0
2021-12-04,-1.4041666666666668,1005.6125000000001,90.08333333333333,2.2,97.5,-5.1125,3.033333333333333,9.6,185.0
2021-12-05,-0.9833333333333334,1010.025,93.16666666666667,0.0,99.5,-1.6083333333333334,1.1416666666666666,5.0,66.0
2021-12-06,-4.491666666666666,1014.3916666666668,92.16666666666667,0.6000000000000001,100.0,-7.654166666666666,1.9749999999999999,5.2,41.0
2021-12-07,-10.720833333333333,1018.1416666666668,89.54166666666667,0.1,100.0,-14.229166666666666,1.8,5.5,309.0
2021-12-08,-12.541666666666666,1021.5541666666667,83.83333333333333,0.0,28.869565217391305,-15.9625,1.8291666666666666,6.4,63.0
2021-12-09,-9.229166666666666,1019.225,87.125,0.0,70.83333333333333,-14.1625,2.6916666666666664,7.6,67.0
2021-12-10,-0.14583333333333334,1011.5375,93.70833333333333,0.6,100.0,-4.283333333333333,3.779166666666667,10.7,111.0
2021-12-11,1.9000000000000001,1013.1708333333332,98.70833333333333,4.4,100.0,0.8291666666666666,1.4333333333333333,6.9,121.0
2021-12-12,-0.9041666666666667,1022.875,98.625,0.0,100.0,-2.845833333333333,1.6875,4.6,311.0
2021-12-13,-2.8000000000000003,1027.0083333333334,96.79166666666667,0.0,100.0,-3.6125000000000003,1.2,5.0,289.0
2021-12-14,-3.3249999999999997,1026.0791666666667,95.875,0.1,97.91304347826087,-7.770833333333333,3.529166666666667,9.0,171.0
2021-12-15,0.5833333333333334,1023.5124999999999,98.04166666666667,0.2,100.0,-2.65,3.045833333333333,8.6,207.0
2021-12-16,4.3999999999999995,1018.6875,92.45833333333333,1.1,97.0,0.9375,4.395833333333333,11.7,279.0
2021-12-17,2.0083333333333333,1021.25,90.375,0.5,98.5,-1.7333333333333334,3.9166666666666665,11.1,305.0
2021-12-18,1.8458333333333332,1021.0875,93.83333333333333,3.3,100.0,-1.7833333333333332,3.7624999999999997,10.8,265.0
2021-12-19,2.4125,1002.2875,89.41666666666667,0.7,92.83333333333333,-2.308333333333333,5.816666666666666,14.0,306.0
2021-12-20,-3.6791666666666667,1009.0708333333333,73.0,1.0,97.0,-8.879166666666666,4.120833333333334,12.9,346.0
2021-12-21,-8.799999999999999,1019.0375,78.91666666666667,0.9,84.54166666666667,-13.133333333333333,2.625,10.2,320.0
2021-12-22,-11.0375,1025.3041666666666,86.41666666666667,0.0,80.08695652173913,-14.75,2.0791666666666666,7.2,306.0
2021-12-23,-9.033333333333333,1017.125,86.95833333333333,0.30000000000000004,75.625,-15.049999999999999,3.920833333333333,10.1,178.0
2021-12-24,-5.154166666666667,995.2125,90.33333333333333,2.1,88.08333333333333,-11.0875,4.625,9.9,186.0
2021-12-25,-6.7124999999999995,1001.0625,86.91666666666667,0.0,63.791666666666664,-12.516666666666666,4.070833333333334,12.1,256.0
2021-12-26,-4.979166666666667,1008.7458333333334,80.83333333333333,1.0,88.75,-9.5875,3.8125,12.2,249.0
2021-12-27,-6.3,1019.3625000000001,93.04166666666667,0.0,95.33333333333333,-11.174999999999999,3.158333333333333,8.2,186.0
2021-12-28,-9.716666666666667,1020.1875,89.375,0.0,57.916666666666664,-15.970833333333333,3.8708333333333336,11.8,144.0
2021-12-29,-8.733333333333333,1014.4708333333333,76.29166666666667,0.0,38.708333333333336,-15.8125,5.129166666666666,12.3,144.0
2021-12-30,-5.575,1012.9333333333334,89.45833333333333,0.30000000000000004,100.0,-11.095833333333333,3.9375,8.7,162.0
2021-12-31,1.9833333333333334,1006.3458333333333,98.66666666666667,4.7,100.0,-0.75,2.6750000000000003,7.4,209.0
2022-01-01,2.4791666666666665,1011.0958333333333,92.54166666666667,0.30000000000000004,83.83820346320347,-1.3458333333333332,4.266666666666667,15.4,275.0
2022-01-02,-2.183333333333333,1014.5708333333333,93.75,9.8,82.50487012987013,-6.241666666666667,3.829166666666667,14.5,166.0
2022-01-03,3.625,996.3249999999999,97.54166666666667,6.6000000000000005,82.737012987013,0.4041666666666666,3.7583333333333333,12.4,301.0
2022-01-04,3.8625000000000003,996.9916666666667,94.95833333333333,1.7999999999999998,98.9090909090909,0.8208333333333333,3.4583333333333335,8.1,190.0
2022-01-05,1.5333333333333332,993.1333333333333,92.875,4.5,96.0,-1.4875,2.970833333333333,11.6,208.0
2022-01-06,-0.2791666666666667,999.8375,85.66666666666667,1.0,86.0,-4.7250000000000005,4.1375,10.8,215.0
2022-01-07,-2.875,1013.7375000000001,82.375,0.0,59.541666666666664,-7.733333333333333,3.904166666666667,9.3,241.0
2022-01-08,-3.1625,1014.0625,76.79166666666667,0.0,79.875,-8.508333333333335,4.533333333333333,10.9,168.0
2022-01-09,-3.0833333333333335,1010.1791666666667,84.375,0.0,82.91666666666667,-6.675,2.6,7.1,165.0
2022-01-10,-3.15,1021.6291666666666,85.33333333333333,0.0,67.41666666666667,-5.545833333333333,1.8083333333333333,6.4,339.0
2022-01-11,-5.579166666666667,1034.8166666666666,77.25,0.0,39.125,-8.658333333333333,2.2125,8.4,19.0
2022-01-12,-10.987499999999999,1034.5541666666666,87.16666666666667,0.0,45.958333333333336,-14.383333333333333,2.0416666666666665,6.8,167.0
2022-01-13,0.6666666666666666,1017.4666666666667,95.95833333333333,0.7,100.0,-3.9125,4.820833333333334,13.3,274.0
2022-01-14,3.65,1003.2208333333333,74.75,0.7,94.41666666666667,-1.6375,8.1625,22.7,274.0
2022-01-15,1.7083333333333333,1014.2291666666666,66.16666666666667,0.0,98.0,-3.283333333333333,6.045833333333333,16.0,301.0
2022-01-16,-1.1708333333333334,1015.5041666666666,84.79166666666667,0.0,95.0,-5.6000000000000005,3.954166666666667,12.1,208.0
2022-01-17,-0.4791666666666667,995.9875000000001,87.08333333333333,4.2,84.05555555555556,-6.470833333333334,6.920833333333333,19.7,228.0
2022-01-18,-2.35,1021.225,74.16666666666667,0.0,41.333333333333336,-6.991666666666667,4.058333333333334,13.7,309.0
2022-01-19,-0.7374999999999999,1017.8791666666666,94.79166666666667,0.1,94.375,-4.966666666666667,3.775,9.9,214.0
2022-01-20,-0.9666666666666667,996.725,88.33333333333333,3.9000000000000004,96.45833333333333,-6.616666666666667,5.925,14.4,173.0
2022-01-21,-1.6083333333333334,997.5166666666668,84.0,4.0,99.0,-7.8,6.641666666666667,15.9,309.0
2022-01-22,-3.0041666666666664,1013.0416666666666,81.0,0.7000000000000001,96.5,-7.9125000000000005,3.933333333333333,11.1,327.0
2022-01-23,-5.379166666666666,1029.0708333333334,84.91666666666667,0.0,69.0,-8.583333333333334,2.2083333333333335,8.7,332.0
2022-01-24,-7.945833333333333,1033.9375,85.54166666666667,0.2,80.83333333333333,-13.720833333333333,3.7375000000000003,8.3,186.0
2022-01-25,-0.19166666666666665,1022.1291666666666,94.875,0.7,99.0,-4.041666666666667,3.391666666666667,9.0,211.0
2022-01-26,-1.5666666666666667,1019.5458333333332,86.54166666666667,0.7999999999999999,99.0,-4.5125,2.441666666666667,6.7,168.0
2022-01-27,0.8541666666666666,1005.8833333333333,95.58333333333333,2.5,100.0,-3.441666666666667,4.379166666666666,11.0,211.0
2022-01-28,0.7166666666666667,999.1041666666666,92.70833333333333,5.4,100.0,-4.366666666666666,5.704166666666667,15.8,212.0
2022-01-29,-0.7083333333333334,1009.5041666666666,77.625,2.9,74.625,-5.620833333333334,4.979166666666667,15.5,180.0
2022-01-30,0.9083333333333333,983.0875,91.83333333333333,8.1,99.0,-4.195833333333334,5.8500000000000005,16.7,215.0
2022-01-31,-2.5500000000000003,994.625,85.75,1.1,96.0,-8.4625,5.704166666666667,15.8,306.0
2022-02-01,-3.716666666666667,1000.6208333333334,87.83333333333333,0.8,97.5,-8.375,3.4458333333333333,8.9,291.0
2022-02-02,-2.6,998.1541666666667,91.04166666666667,1.3,99.5,-6.458333333333333,2.966666666666667,8.8,335.0
2022-02-03,-4.5,1014.2833333333333,86.875,0.39999999999999997,91.33333333333333,-8.079166666666667,2.341666666666667,8.2,133.0
2022-02-04,-3.6958333333333333,1013.5625,89.79166666666667,0.4,91.70833333333333,-8.666666666666666,3.9916666666666667,9.9,140.0
2022-02-05,0.20000000000000004,1003.5749999999999,93.375,2.5,94.875,-4.7124999999999995,5.095833333333333,14.5,168.0
2022-02-06,0.9083333333333333,1000.9791666666666,91.375,1.7,99.0,-3.891666666666667,5.216666666666667,12.5,197.0
2022-02-07,1.2166666666666666,994.1,86.95833333333333,2.9000000000000004,96.45833333333333,-3.3708333333333336,4.9624999999999995,12.9,263.0
2022-02-08,0.975,1009.0333333333333,80.16666666666667,0.8999999999999999,97.0,-3.1374999999999997,4.1125,11.9,279.0
2022-02-09,2.625,1012.6458333333334,86.29166666666667,1.6,96.0,-1.3541666666666667,4.5,11.8,205.0
2022-02-10,2.954166666666667,1013.0666666666666,78.33333333333333,0.1,82.58333333333333,-0.75,4.379166666666666,13.4,258.0
2022-02-11,1.2458333333333333,1014.0416666666666,88.29166666666667,0.1,85.625,-1.9166666666666667,2.9791666666666665,10.4,241.0
2022-02-12,-0.525,1025.7666666666667,77.04166666666667,0.4,48.583333333333336,-4.566666666666666,3.6999999999999997,12.6,258.0
2022-02-13,-1.0666666666666667,1023.4041666666667,70.16666666666667,0.0,23.083333333333332,-5.754166666666666,4.325,10.8,185.0
2022-02-14,0.4083333333333334,1015.1083333333332,66.91666666666667,0.0,21.458333333333332,-4.191666666666666,4.75,11.2,184.0
2022-02-15,1.0833333333333333,1013.4916666666667,78.625,0.0,22.916666666666668,-3.15,4.441666666666666,11.9,150.0
2022-02-16,3.0749999999999997,1005.6041666666666,83.58333333333333,1.8,87.20833333333333,-0.6749999999999999,4.620833333333334,15.2,164.0
2022-02-17,4.208333333333333,980.4041666666667,88.79166666666667,12.0,96.0,-0.5583333333333333,7.2250000000000005,17.4,180.0
2022-02-18,1.7375,994.7916666666666,89.33333333333333,2.4000000000000004,85.66666666666667,-2.3666666666666667,4.3999999999999995,13.0,244.0
2022-02-19,2.5458333333333334,990.4041666666667,84.625,5.8,97.5,-2.6625,7.108333333333333,19.8,163.0
2022-02-20,1.9583333333333333,1003.5166666666668,83.41666666666667,0.1,90.375,-2.2291666666666665,4.675,14.9,215.0
2022-02-21,2.9499999999999997,991.0500000000001,91.70833333333333,7.2,82.95833333333333,-1.0916666666666666,4.866666666666666,15.6,158.0
2022-02-22,0.49583333333333335,997.4041666666667,85.83333333333333,2.4,87.08333333333333,-4.745833333333334,5.8625,14.6,191.0
2022-02-23,-0.11666666666666665,1010.8125,87.625,1.3,95.45833333333333,-2.845833333333333,2.4375,8.1,145.0
2022-02-24,-0.0375,1019.5500000000001,91.58333333333333,0.0,96.5,-4.304166666666666,4.333333333333333,13.8,161.0
2022-02-25,1.7333333333333334,1011.4416666666666,79.79166666666667,1.3,80.41666666666667,-2.5375,4.825,13.2,169.0
2022-02-26,2.029166666666667,1026.2541666666666,78.20833333333333,0.0,69.0,-0.6916666666666668,2.629166666666667,8.0,227.0
2022-02-27,-1.3958333333333333,1037.5125,68.625,0.0,1.5833333333333333,-4.133333333333334,2.245833333333333,8.4,9.0
2022-02-28,-2.35,1038.9458333333334,70.75,0.0,0.0,-3.279166666666667,1.3458333333333332,4.7,44.0
2022-03-01,-1.2,1035.1291666666666,67.08333333333333,0.0,0.0,-2.6416666666666666,1.6624999999999999,7.0,309.0
2022-03-02,-0.7333333333333333,1025.7166666666667,67.95833333333333,0.0,61.625,-2.0458333333333334,1.5291666666666668,6.6,324.0
2022-03-03,-0.6791666666666667,1016.8666666666667,78.45833333333333,0.0,80.45833333333333,-2.779166666666667,1.9875,8.2,318.0
2022-03-04,0.025000000000000005,1019.6208333333334,76.0,0.0,99.0,-2.404166666666667,2.2583333333333333,7.6,4.0
2022-03-05,-2.0500000000000003,1024.6000000000001,62.791666666666664,0.0,66.83333333333333,-4.683333333333334,2.1708333333333334,6.3,6.0
2022-03-06,-3.154166666666667,1022.0,72.83333333333333,0.0,32.833333333333336,-6.0125,2.595833333333333,9.8,287.0
2022-03-07,0.19166666666666665,1017.0625,82.20833333333333,0.6,94.375,-3.4,3.1750000000000003,8.4,335.0
2022-03-08,-0.5541666666666667,1021.6,58.625,0.0,80.29166666666667,-3.3791666666666664,2.4250000000000003,10.0,2.0
2022-03-09,-1.6958333333333335,1026.0916666666667,57.875,0.6000000000000001,50.041666666666664,-4.820833333333334,2.4125,7.9,58.0
2022-03-10,-4.375,1039.0249999999999,36.833333333333336,0.0,0.0,-7.129166666666666,2.004166666666667,7.5,66.0
2022-03-11,-3.3125,1038.3166666666666,46.416666666666664,0.0,24.583333333333332,-4.691666666666666,1.4749999999999999,6.5,286.0
2022-03-12,1.0666666666666667,1030.5333333333333,47.541666666666664,0.0,86.75,-1.2208333333333332,2.308333333333333,8.3,308.0
2022-03-13,1.2375,1031.4083333333333,66.29166666666667,0.0,31.333333333333332,0.08333333333333333,1.5374999999999999,5.0,36.0
2022-03-14,0.8374999999999999,1034.5916666666667,67.16666666666667,0.0,1.5833333333333333,-0.16666666666666674,1.2958333333333334,4.7,151.0
2022-03-15,2.591666666666667,1031.2124999999999,58.666666666666664,0.0,0.0,1.8,1.675,5.5,133.0
2022-03-16,3.1999999999999997,1031.3958333333333,55.208333333333336,0.0,0.0,1.4791666666666667,2.1999999999999997,7.7,93.0
2022-03-17,1.0916666666666666,1040.4624999999999,41.916666666666664,0.0,0.0,-0.7041666666666667,2.1083333333333334,8.0,111.0
2022-03-18,0.7833333333333333,1044.9375,44.375,0.0,0.0,-1.4666666666666668,2.129166666666667,7.3,126.0
2022-03-19,1.8875,1046.3291666666667,49.333333333333336,0.0,0.0,0.9125,1.4666666666666668,5.8,6.0
2022-03-20,3.3000000000000003,1046.4624999999999,56.541666666666664,0.0,0.0,2.766666666666667,1.4375,6.3,315.0
2022-03-21,5.466666666666666,1041.9916666666666,60.833333333333336,0.0,0.0,5.004166666666667,1.45,5.1,316.0
2022-03-22,5.5125,1038.6833333333332,59.375,0.0,0.0,5.4875,1.2833333333333334,6.0,288.0
2022-03-23,6.5,1029.0166666666667,52.833333333333336,0.0,4.708333333333333,5.154166666666667,3.095833333333333,12.8,288.0
2022-03-24,4.691666666666666,1024.6791666666666,62.791666666666664,0.0,48.0,2.3375,2.9958333333333336,9.2,305.0
2022-03-25,6.754166666666666,1022.4375,58.041666666666664,0.0,8.333333333333334,6.320833333333333,2.5166666666666666,10.3,265.0
2022-03-26,6.2124999999999995,1013.2916666666666,54.791666666666664,0.0,75.29166666666667,2.216666666666667,6.745833333333334,20.3,238.0
2022-03-27,0.45652173913043487,1025.1173913043478,49.869565217391305,0.0,57.91304347826087,-3.965217391304348,4.691304347826088,15.2,313.0
2022-03-28,6.3999999999999995,1009.9375,57.708333333333336,0.0,36.625,3.891666666666667,5.55,19.5,213.0
2022-03-29,4.258333333333334,1004.0041666666666,61.333333333333336,0.0,82.08333333333333,1.125,4.391666666666667,13.8,297.0
2022-03-30,-1.2416666666666667,1007.2375000000001,65.875,0.0,95.41666666666667,-2.8833333333333333,1.7416666666666665,5.8,1.0
2022-03-31,-0.575,1009.6875,51.5,0.0,46.083333333333336,-2.7416666666666667,2.2624999999999997,8.9,26.0
2022-04-01,0.8166666666666668,1008.8583333333332,40.708333333333336,0.0,87.20833333333333,-2.9791666666666665,3.8208333333333333,12.6,40.0
2022-04-02,2.1999999999999997,1005.0083333333333,40.916666666666664,0.0,85.70833333333333,-1.7041666666666666,4.2625,13.5,0.0
2022-04-03,0.06249999999999995,1008.8625000000001,46.458333333333336,0.0,13.666666666666666,-3.045833333333333,2.783333333333333,13.6,339.0
2022-04-04,1.2291666666666667,1005.4250000000001,65.125,0.0,79.875,-2.795833333333333,4.829166666666667,13.6,181.0
2022-04-05,1.8916666666666666,992.0458333333332,75.5,2.5,77.66666666666667,-3.025,6.208333333333333,16.0,185.0
2022-04-06,1.7416666666666665,999.5041666666666,71.95833333333333,0.8999999999999999,62.666666666666664,-1.95,3.795833333333333,9.6,207.0
2022-04-07,9.670833333333333,993.1083333333332,77.16666666666667,0.4,80.41666666666667,8.191666666666666,4.508333333333334,12.3,190.0
2022-04-08,7.4624999999999995,987.6583333333333,71.33333333333333,3.5,77.91666666666667,4.8625,4.979166666666667,16.5,210.0
2022-04-09,3.7583333333333333,997.0041666666666,72.54166666666667,0.0,55.958333333333336,1.1125,3.170833333333333,10.6,185.0
2022-04-10,3.420833333333334,1007.7583333333333,60.75,0.0,46.0,0.45416666666666666,3.4583333333333335,11.4,214.0
2022-04-11,3.375,1015.4041666666667,68.83333333333333,0.0,55.56521739130435,1.2916666666666667,2.5,9.0,249.0
2022-04-12,4.429166666666666,1020.6583333333333,66.0,0.0,22.458333333333332,3.0083333333333333,2.225,7.7,321.0
2022-04-13,6.883333333333333,1024.3916666666667,54.666666666666664,0.0,4.708333333333333,6.4875,1.8416666666666668,7.5,320.0
2022-04-14,8.875,1020.975,50.208333333333336,0.0,39.791666666666664,8.733333333333333,2.1083333333333334,9.2,167.0
2022-04-15,8.291666666666666,1016.3166666666666,79.5,4.0,98.5,7.320833333333333,2.2916666666666665,10.6,177.0
2022-04-16,4.05,1025.1791666666666,65.41666666666667,0.0,90.75,1.1791666666666667,3.3041666666666667,12.5,357.0
2022-04-17,4.3374999999999995,1026.9541666666667,53.041666666666664,0.0,38.166666666666664,2.7458333333333336,2.408333333333333,10.1,8.0
2022-04-18,5.620833333333334,1019.5583333333334,40.75,0.0,50.708333333333336,4.175,3.079166666666667,12.4,32.0
2022-04-19,6.020833333333333,1014.9375,81.95833333333333,7.5,99.5,4.6000000000000005,2.0875,9.8,38.0
2022-04-20,8.495833333333334,1011.9041666666667,69.25,3.1,91.79166666666667,7.075,2.591666666666667,9.7,29.0
2022-04-21,9.733333333333333,1012.6166666666667,62.625,0.0,92.79166666666667,8.9125,3.3375,13.5,41.0
2022-04-22,8.5,1016.8000000000001,68.16666666666667,0.0,57.083333333333336,7.3875,3.2416666666666667,11.9,58.0
2022-04-23,6.5874999999999995,1008.8208333333333,93.125,15.4,99.5,5.995833333333334,1.4333333333333333,9.1,49.0
2022-04-24,6.241666666666667,1003.9041666666667,95.16666666666667,13.6,99.5,4.429166666666666,2.5083333333333333,7.1,212.0
2022-04-25,7.575,1006.8333333333334,83.83333333333333,0.0,99.0,7.2124999999999995,1.2708333333333333,5.8,34.0
2022-04-26,9.641666666666667,1012.1625,66.70833333333333,0.0,72.0,9.229166666666666,2.3833333333333333,10.6,315.0
2022-04-27,7.2375,1021.5708333333333,54.125,0.0,38.666666666666664,5.483333333333333,2.904166666666667,12.0,317.0
2022-04-28,5.258333333333334,1026.9666666666667,47.166666666666664,0.0,34.666666666666664,4.183333333333334,2.058333333333333,8.7,331.0
2022-04-29,5.4875,1027.2,59.875,0.0,64.75,4.5625,1.7583333333333335,8.0,30.0
2022-04-30,6.541666666666667,1026.2749999999999,52.541666666666664,0.0,6.291666666666667,6.295833333333333,1.825,8.4,307.0
2022-05-01,8.1625,1022.7791666666667,52.458333333333336,0.1,69.95833333333333,8.133333333333333,1.4708333333333334,7.1,335.0
2022-05-02,8.237499999999999,1017.6,70.04166666666667,0.0,25.666666666666668,7.695833333333333,1.7916666666666667,8.0,257.0
2022-05-03,7.8500000000000005,1012.7333333333332,66.54166666666667,0.4,40.208333333333336,6.995833333333334,2.6625,11.8,150.0
2022-05-04,5.554166666666667,1021.6875,44.625,0.0,9.5,4.291666666666667,2.3625000000000003,10.7,13.0
2022-05-05,8.341666666666667,1024.2166666666667,44.583333333333336,0.0,40.875,7.604166666666667,2.6916666666666664,9.2,150.0
2022-05-06,9.866666666666667,1023.1583333333333,70.45833333333333,3.6999999999999997,97.5,9.262500000000001,2.1375,6.4,186.0
2022-05-07,12.545833333333334,1020.5375,69.54166666666667,0.0,69.0,12.466666666666667,2.3833333333333333,9.8,278.0
2022-05-08,11.454166666666666,1021.7375000000001,69.33333333333333,0.30000000000000004,74.17391304347827,11.375,2.4791666666666665,8.5,280.0
2022-05-09,8.058333333333334,1029.9416666666666,45.333333333333336,0.0,0.0,7.166666666666667,2.2875,8.2,322.0
2022-05-10,10.525,1025.5625,43.958333333333336,0.0,5.25,10.525,1.2125000000000001,5.2,150.0
2022-05-11,13.841666666666667,1014.025,51.25,0.0,76.8695652173913,13.383333333333333,3.0,10.6,128.0
2022-05-12,13.266666666666666,1006.7041666666668,78.54166666666667,8.5,81.54166666666667,13.174999999999999,4.291666666666667,17.1,161.0
2022-05-13,11.637500000000001,1012.3291666666668,62.333333333333336,0.0,47.583333333333336,10.8375,4.341666666666667,13.7,244.0
2022-05-14,9.816666666666666,1011.0375,77.04166666666667,2.2,67.41666666666667,9.158333333333333,3.4875000000000003,13.0,217.0
2022-05-15,11.341666666666667,1013.7333333333332,66.45833333333333,0.6,85.08333333333333,10.508333333333333,3.5416666666666665,11.6,272.0
2022-05-16,10.262500000000001,1017.9791666666666,58.708333333333336,0.0,55.916666666666664,9.745833333333334,2.891666666666667,11.5,306.0
2022-05-17,6.258333333333333,1019.1708333333332,66.08333333333333,1.0,46.5,3.9416666666666664,3.25,15.3,328.0
2022-05-18,9.479166666666666,1024.8208333333334,58.5,0.0,38.666666666666664,8.358333333333333,3.341666666666667,10.6,319.0
2022-05-19,12.170833333333334,1022.7875,54.333333333333336,0.0,66.83333333333333,11.779166666666667,2.1999999999999997,9.4,252.0
2022-05-20,16.470833333333335,1013.975,67.83333333333333,3.3000000000000003,79.5,16.441666666666666,3.0500000000000003,13.0,151.0
2022-05-21,12.266666666666666,1004.6333333333333,87.20833333333333,24.1,78.79166666666667,12.0,2.033333333333333,14.3,22.0
2022-05-22,11.095833333333333,1005.8416666666667,77.95833333333333,1.1,93.95833333333333,10.154166666666667,2.408333333333333,9.8,1.0
2022-05-23,12.766666666666666,1011.8000000000001,52.958333333333336,0.0,30.833333333333332,12.716666666666667,1.5999999999999999,7.7,320.0
2022-05-24,14.366666666666667,1013.3833333333333,52.125,0.0,0.5416666666666666,14.366666666666667,1.7541666666666667,7.0,154.0
2022-05-25,15.970833333333333,1012.5166666666668,55.625,0.0,56.958333333333336,15.8375,2.591666666666667,9.7,130.0
2022-05-26,12.295833333333334,1009.4166666666666,82.08333333333333,19.0,73.66666666666667,11.979166666666666,3.6458333333333335,15.2,244.0
2022-05-27,10.75,1005.7208333333333,73.95833333333333,3.6,54.416666666666664,9.833333333333334,4.3374999999999995,12.5,252.0
2022-05-28,8.608333333333333,1004.4250000000001,76.70833333333333,5.0,43.416666666666664,7.441666666666666,3.0375,14.2,211.0
2022-05-29,8.970833333333333,1009.7083333333334,88.41666666666667,4.1,66.28571428571429,8.066666666666666,2.3249999999999997,8.3,169.0
2022-05-30,10.329166666666667,1011.0583333333334,92.95833333333333,14.5,91.83333333333333,10.012500000000001,2.904166666666667,15.3,32.0
2022-05-31,12.320833333333333,1015.3125,73.70833333333333,0.5,70.04166666666667,11.341666666666667,3.525,12.6,209.0
2022-06-01,13.674999999999999,1016.5291666666667,79.29166666666667,7.2,67.95833333333333,13.487499999999999,2.8708333333333336,12.1,121.0
2022-06-02,11.683333333333332,1017.1583333333333,89.08333333333333,5.9,53.791666666666664,11.491666666666667,2.55,12.9,187.0
2022-06-03,12.625,1022.2958333333332,75.83333333333333,0.0,53.19047619047619,12.466666666666667,2.1708333333333334,9.3,196.0
2022-06-04,15.016666666666666,1020.3916666666668,70.25,0.0,38.166666666666664,14.808333333333332,1.8208333333333335,10.6,12.0
2022-06-05,15.525,1020.5458333333332,66.95833333333333,0.0,13.083333333333334,15.475,1.6624999999999999,8.0,326.0
2022-06-06,17.254166666666666,1019.7791666666667,60.708333333333336,0.0,12.583333333333334,17.145833333333332,1.1375,4.9,156.0
2022-06-07,19.179166666666667,1014.8000000000001,63.208333333333336,0.0,87.79166666666667,19.116666666666667,1.5208333333333333,6.4,127.0
2022-06-08,19.695833333333333,1010.7916666666666,72.5,5.5,75.29166666666667,19.679166666666667,2.0208333333333335,10.3,115.0
2022-06-09,19.9375,1011.3125,81.25,11.2,61.208333333333336,19.983333333333334,1.7958333333333334,13.4,18.0
2022-06-10,21.47083333333333,1014.4958333333334,75.875,0.0,34.541666666666664,21.554166666666664,2.091666666666667,11.0,295.0
2022-06-11,17.625,1018.6666666666666,83.08333333333333,0.0,75.08333333333333,17.625,2.7541666666666664,8.0,297.0
2022-06-12,18.425,1017.9708333333333,67.54166666666667,0.0,21.541666666666668,18.425,2.3375,9.4,308.0
2022-06-13,15.808333333333332,1013.75,71.70833333333333,8.4,65.83333333333333,15.808333333333332,1.5125,8.3,248.0
2022-06-14,11.258333333333333,1010.9375,90.91666666666667,18.8,95.45833333333333,11.1875,3.6041666666666665,14.6,280.0
2022-06-15,14.875,1015.6916666666666,74.08333333333333,0.1,68.73913043478261,14.875,3.475,10.7,257.0
2022-06-16,14.245833333333332,1017.625,81.83333333333333,1.1,74.16666666666667,14.245833333333332,1.8625,9.8,198.0
2022-06-17,15.5375,1017.3416666666667,75.125,3.6,54.916666666666664,15.5375,2.2375,9.8,270.0
2022-06-18,15.541666666666666,1017.5083333333333,74.20833333333333,0.2,66.29166666666667,15.541666666666666,2.3874999999999997,9.0,112.0
2022-06-19,19.7375,1009.9250000000001,62.708333333333336,0.0,25.125,19.645833333333332,2.8791666666666664,9.9,237.0
2022-06-20,14.950000000000001,1008.0375,81.95833333333333,1.0,88.25,14.950000000000001,1.9583333333333333,9.7,29.0
2022-06-21,12.904166666666667,1001.4916666666667,96.0,53.7,98.0,12.904166666666667,3.0,12.0,1.0
2022-06-22,16.212500000000002,1008.1666666666666,67.75,1.5,25.125,16.212500000000002,2.566666666666667,9.7,319.0
2022-06-23,18.166666666666668,1015.4541666666668,61.583333333333336,0.0,11.041666666666666,18.025000000000002,1.4583333333333333,6.0,314.0
2022-06-24,20.308333333333334,1018.2083333333334,61.666666666666664,0.0,2.0833333333333335,20.129166666666666,0.9583333333333334,4.8,16.0
2022-06-25,22.958333333333332,1017.7208333333333,58.958333333333336,0.0,19.916666666666668,22.8125,1.8208333333333335,8.3,41.0
2022-06-26,24.266666666666666,1020.2708333333334,59.458333333333336,0.0,11.041666666666666,24.2625,1.6166666666666665,6.3,123.0
2022-06-27,24.849999999999998,1021.4916666666667,61.458333333333336,0.0,3.1666666666666665,24.933333333333334,1.6083333333333334,6.3,104.0
2022-06-28,24.433333333333334,1019.7541666666666,67.0,4.1,38.25,24.691666666666666,1.7916666666666667,9.7,96.0
2022-06-29,22.708333333333332,1017.0749999999999,81.125,7.1000000000000005,60.625,22.983333333333334,2.1708333333333334,10.3,14.0
2022-06-30,23.65416666666667,1016.9166666666666,74.70833333333333,0.0,35.666666666666664,24.166666666666668,1.8125,6.0,86.0
2022-07-01,24.65833333333333,1018.3583333333332,62.041666666666664,0.0,4.75,24.7,2.2375000000000003,6.6,121.0
2022-07-02,23.116666666666664,1019.3249999999999,66.75,0.2,24.166666666666668,23.129166666666666,2.6916666666666664,11.4,128.0
2022-07-03,18.716666666666665,1020.6416666666668,87.20833333333333,0.30000000000000004,80.29166666666667,18.716666666666665,1.9749999999999999,7.1,313.0
2022-07-04,20.833333333333332,1016.6458333333334,77.875,0.1,40.333333333333336,20.8625,1.4958333333333333,6.2,342.0
2022-07-05,19.908333333333335,1017.5,66.75,0.0,24.625,19.849999999999998,2.0749999999999997,7.8,289.0
2022-07-06,15.195833333333333,1015.9166666666666,86.58333333333333,35.5,88.70833333333333,15.195833333333333,1.9208333333333334,8.1,313.0
2022-07-07,15.454166666666666,1015.9916666666667,74.0,0.0,45.583333333333336,15.454166666666666,2.283333333333333,8.2,226.0
2022-07-08,15.575000000000001,1018.525,79.33333333333333,8.9,68.41666666666667,15.575000000000001,2.1958333333333333,8.1,132.0
2022-07-09,16.162499999999998,1015.8791666666666,80.95833333333333,0.6,72.66666666666667,16.162499999999998,2.3208333333333333,10.7,214.0
2022-07-10,15.8125,1011.3083333333334,71.79166666666667,0.0,58.041666666666664,15.8125,1.6583333333333332,7.3,219.0
2022-07-11,16.483333333333334,1011.9499999999999,73.75,0.9,72.04166666666667,16.483333333333334,2.2041666666666666,8.9,301.0
2022-07-12,15.5875,1003.7208333333333,92.125,30.8,97.0,15.5875,3.9958333333333336,17.8,302.0
2022-07-13,16.354166666666668,1006.8333333333334,77.375,0.0,66.95833333333333,16.354166666666668,2.716666666666667,8.8,340.0
2022-07-14,17.908333333333335,1009.1541666666667,70.41666666666667,0.0,60.083333333333336,17.908333333333335,3.6791666666666667,12.3,262.0
2022-07-15,14.208333333333334,1010.8291666666668,77.91666666666667,7.4,71.66666666666667,14.208333333333334,3.0708333333333333,12.2,253.0
2022-07-16,14.370833333333332,1013.9208333333332,76.70833333333333,1.9,52.833333333333336,14.325000000000001,2.8041666666666667,10.5,208.0
2022-07-17,14.445833333333333,1017.6791666666667,80.16666666666667,1.0999999999999999,75.75,14.445833333333333,2.3583333333333334,9.9,270.0
2022-07-18,14.174999999999999,1021.1999999999999,83.16666666666667,0.2,80.95454545454545,14.154166666666667,2.558333333333333,8.1,212.0
2022-07-19,18.229166666666668,1019.1166666666667,76.33333333333333,0.0,70.04166666666667,18.229166666666668,2.1958333333333333,7.1,271.0
2022-07-20,18.279166666666665,1019.5875,66.5,0.0,23.666666666666668,18.279166666666665,3.0208333333333335,11.4,307.0
2022-07-21,20.0125,1018.5375,65.66666666666667,0.0,0.0,19.962500000000002,2.2583333333333333,8.8,312.0
2022-07-22,22.625,1016.3583333333332,65.29166666666667,0.0,0.0,22.566666666666666,1.2708333333333333,4.4,131.0
2022-07-23,22.2,1014.5500000000001,71.91666666666667,0.0,12.083333333333334,22.370833333333334,2.0833333333333335,6.8,134.0
2022-07-24,18.141666666666666,1013.75,84.91666666666667,9.899999999999999,78.29166666666667,18.141666666666666,2.341666666666667,11.0,267.0
2022-07-25,18.020833333333332,1015.6,73.625,0.0,40.833333333333336,18.020833333333332,2.3125,7.2,297.0
2022-07-26,19.816666666666666,1010.7875,70.54166666666667,0.0,37.166666666666664,19.770833333333332,2.3333333333333335,8.2,161.0
2022-07-27,17.3125,1012.0958333333333,76.875,4.1000000000000005,85.16666666666667,17.3125,2.0625,8.8,275.0
2022-07-28,15.245833333333332,1017.1791666666667,78.83333333333333,1.7,48.583333333333336,15.245833333333332,2.2041666666666666,9.9,167.0
2022-07-29,15.970833333333333,1021.7458333333334,72.54166666666667,0.0,31.90909090909091,15.970833333333333,1.5,6.3,7.0
2022-07-30,17.033333333333335,1020.2916666666666,61.125,0.0,15.75,16.945833333333333,1.4666666666666668,6.2,103.0
2022-07-31,15.858333333333334,1014.6166666666667,78.375,10.6,82.41666666666667,15.858333333333334,2.5500000000000003,9.9,13.0
2022-08-01,17.5,1010.4,92.33333333333333,2.1,98.5,17.5,2.629166666666667,7.8,128.0
2022-08-02,18.591666666666665,1016.0333333333333,73.79166666666667,0.0,50.75,18.558333333333334,1.883333333333333,6.4,287.0
2022-08-03,18.641666666666666,1019.8583333333332,58.5,0.0,10.958333333333334,18.641666666666666,1.2791666666666666,5.7,101.0
2022-08-04,19.175,1020.8583333333332,57.666666666666664,0.0,4.166666666666667,19.116666666666667,0.8666666666666667,4.1,168.0
2022-08-05,22.65833333333333,1018.1541666666667,65.75,0.0,1.5833333333333333,22.78333333333333,1.4000000000000001,6.9,114.0
2022-08-06,19.741666666666667,1017.0458333333332,82.91666666666667,29.3,32.958333333333336,19.916666666666668,2.375,13.5,304.0
2022-08-07,15.841666666666667,1023.0041666666666,72.75,0.0,19.416666666666668,15.841666666666667,1.5791666666666666,6.8,311.0
2022-08-08,16.466666666666665,1024.8208333333334,68.875,0.0,26.708333333333332,16.466666666666665,1.625,6.6,284.0
2022-08-09,17.070833333333333,1026.3291666666667,75.16666666666667,0.0,83.54166666666667,17.070833333333333,1.6416666666666666,6.2,312.0
2022-08-10,17.587500000000002,1026.4624999999999,73.83333333333333,0.0,53.833333333333336,17.587500000000002,1.6541666666666668,6.5,327.0
2022-08-11,18.8875,1025.7791666666667,67.54166666666667,0.0,12.583333333333334,18.7375,1.5541666666666665,6.1,1.0
2022-08-12,20.4875,1024.7958333333333,65.83333333333333,0.0,0.0,20.404166666666665,1.4666666666666668,5.9,1.0
2022-08-13,21.429166666666664,1020.9583333333334,62.458333333333336,0.0,0.0,21.325,2.1083333333333334,8.4,25.0
2022-08-14,22.041666666666668,1016.65,68.95833333333333,0.0,63.833333333333336,22.224999999999998,1.9708333333333332,6.7,57.0
2022-08-15,24.02916666666667,1014.0,65.20833333333333,0.0,60.083333333333336,24.133333333333336,2.4375,10.8,100.0
2022-08-16,24.704166666666666,1012.8625000000001,62.875,0.0,81.08333333333333,24.9375,2.2916666666666665,9.0,87.0
2022-08-17,24.3875,1013.4416666666666,57.875,0.0,30.791666666666668,24.258333333333336,1.8708333333333333,6.5,64.0
2022-08-18,24.554166666666664,1015.0375,60.541666666666664,0.0,0.0,24.5625,1.8416666666666668,7.4,99.0
2022-08-19,24.7375,1016.7624999999999,54.916666666666664,0.0,5.75,24.491666666666664,2.525,8.5,99.0
2022-08-20,20.329166666666666,1016.8166666666666,72.70833333333333,0.0,43.291666666666664,20.320833333333333,2.125,8.2,91.0
2022-08-21,19.974999999999998,1014.3708333333334,77.91666666666667,0.0,58.0,19.983333333333334,1.7,6.5,110.0
2022-08-22,22.09166666666667,1014.9666666666667,67.45833333333333,0.0,22.125,22.09166666666667,1.7333333333333334,6.5,148.0
2022-08-23,23.704166666666666,1017.3791666666666,59.208333333333336,0.0,17.25,23.541666666666668,1.9666666666666668,7.5,59.0
2022-08-24,24.820833333333336,1019.8083333333334,51.708333333333336,0.0,43.916666666666664,24.558333333333334,2.375,8.8,129.0
2022-08-25,23.791666666666668,1020.3874999999999,58.166666666666664,0.0,64.91666666666667,23.704166666666666,1.8333333333333333,6.9,150.0
2022-08-26,20.070833333333333,1018.9208333333332,82.75,21.9,89.25,20.099999999999998,1.5916666666666668,9.2,46.0
2022-08-27,23.037499999999998,1015.2624999999999,62.416666666666664,0.0,9.958333333333334,22.78333333333333,1.4166666666666667,8.7,128.0
2022-08-28,21.733333333333334,1013.0083333333333,57.208333333333336,0.0,6.791666666666667,21.525000000000002,1.2708333333333333,5.5,356.0
2022-08-29,20.341666666666665,1011.6999999999999,74.08333333333333,0.0,45.541666666666664,20.329166666666666,1.5666666666666667,7.6,85.0
2022-08-30,17.541666666666668,1013.5,83.70833333333333,1.1,77.875,17.541666666666668,3.3041666666666667,12.5,243.0
2022-08-31,14.2125,1018.525,72.29166666666667,0.7,62.708333333333336,14.2125,2.6958333333333333,11.5,303.0
2022-09-01,10.995833333333332,1019.1374999999999,73.125,0.0,50.791666666666664,10.754166666666668,2.15,8.7,306.0
2022-09-02,10.983333333333334,1022.3833333333333,69.41666666666667,0.0,33.541666666666664,10.945833333333333,1.5791666666666666,6.7,269.0
2022-09-03,11.8125,1023.7291666666666,71.0,0.0,56.0,11.8125,1.3041666666666667,5.7,128.0
2022-09-04,11.541666666666666,1026.1041666666667,63.791666666666664,0.0,35.125,11.408333333333333,1.575,7.9,320.0
2022-09-05,9.916666666666666,1028.7083333333333,70.375,0.0,62.73913043478261,9.6,1.7874999999999999,7.6,318.0
2022-09-06,10.325000000000001,1026.125,69.125,0.0,59.583333333333336,10.225,1.3166666666666667,6.4,315.0
2022-09-07,9.758333333333333,1020.8833333333333,76.75,0.0,30.833333333333332,9.658333333333333,2.0083333333333333,8.8,274.0
2022-09-08,11.820833333333333,1021.7958333333332,69.625,0.0,36.708333333333336,11.516666666666666,2.2291666666666665,8.4,75.0
2022-09-09,10.2125,1023.0749999999999,62.041666666666664,0.0,22.541666666666668,9.5,2.7583333333333333,10.0,100.0
2022-09-10,10.991666666666667,1018.9,61.916666666666664,0.0,47.458333333333336,10.4125,2.8125,10.3,109.0
2022-09-11,9.604166666666666,1008.0166666666668,88.16666666666667,12.7,99.5,8.741666666666667,2.475,10.0,28.0
2022-09-12,10.5,1011.225,93.54166666666667,5.6,96.5,10.2125,1.6458333333333333,5.3,29.0
2022-09-13,10.695833333333333,1011.3625000000001,89.79166666666667,0.2,95.45833333333333,10.641666666666667,1.3,5.2,21.0
2022-09-14,12.629166666666668,1002.3208333333333,85.625,1.8,62.083333333333336,12.316666666666668,2.1708333333333334,8.4,227.0
2022-09-15,12.8375,999.0041666666666,82.54166666666667,2.0,66.83333333333333,12.820833333333333,2.441666666666667,9.3,182.0
2022-09-16,11.145833333333334,997.8791666666666,75.875,0.0,58.583333333333336,10.595833333333333,3.5583333333333336,13.1,199.0
2022-09-17,11.35,999.2708333333334,73.625,1.0,89.33333333333333,10.808333333333332,3.8249999999999997,10.3,208.0
2022-09-18,8.941666666666666,1000.8541666666666,92.83333333333333,0.0,64.3125,8.6,1.55,5.5,307.0
2022-09-19,11.020833333333334,1000.6625,86.16666666666667,1.8,96.0,10.708333333333334,3.1625,9.7,268.0
2022-09-20,11.200000000000001,1009.8333333333334,87.75,1.0,93.33333333333333,11.141666666666666,1.4875,5.3,51.0
2022-09-21,9.762500000000001,1017.2833333333333,91.83333333333333,2.4,91.41666666666667,9.395833333333334,1.6583333333333332,9.3,321.0
2022-09-22,9.241666666666667,1019.5416666666666,90.58333333333333,0.9999999999999999,86.56521739130434,8.737499999999999,1.7958333333333334,6.8,327.0
2022-09-23,8.329166666666667,1017.7958333333332,87.29166666666667,0.0,85.95,7.691666666666666,1.7791666666666668,6.5,315.0
2022-09-24,8.166666666666666,1015.7083333333334,80.25,0.0,18.608695652173914,7.641666666666667,1.7625,7.4,318.0
2022-09-25,8.545833333333333,1013.5416666666666,82.375,0.0,64.33333333333333,8.529166666666667,1.2625,6.7,253.0
2022-09-26,10.945833333333333,1008.5333333333333,76.70833333333333,0.0,54.375,10.725000000000001,1.7208333333333332,6.2,116.0
2022-09-27,10.508333333333333,1005.4291666666667,84.20833333333333,0.0,69.05555555555556,10.058333333333334,2.0208333333333335,7.8,77.0
2022-09-28,9.145833333333334,1001.2624999999999,87.79166666666667,7.5,91.33333333333333,8.3125,2.4875,8.9,90.0
2022-09-29,8.9,1002.9416666666666,90.41666666666667,3.5,75.72727272727273,8.112499999999999,2.4,8.2,137.0
2022-09-30,6.533333333333334,1013.2916666666666,91.95833333333333,0.0,58.357142857142854,5.6499999999999995,1.5666666666666667,4.5,129.0
2022-10-01,7.783333333333334,1012.875,92.25,8.1,72.0,7.641666666666667,0.9458333333333333,3.8,129.0
2022-10-02,7.416666666666667,1007.1374999999999,90.91666666666667,0.0,88.79166666666667,7.3,0.9916666666666667,3.3,73.0
2022-10-03,6.641666666666667,1001.5791666666668,92.16666666666667,12.0,98.5,4.445833333333334,3.5208333333333335,18.5,319.0
2022-10-04,8.700000000000001,1006.225,83.5,19.3,73.0,6.666666666666667,4.258333333333334,13.8,315.0
2022-10-05,10.558333333333334,1017.3708333333334,87.5,0.0,84.08333333333333,9.816666666666666,2.845833333333333,8.6,205.0
2022-10-06,11.075000000000001,1019.1125000000001,84.45833333333333,0.0,45.916666666666664,10.404166666666667,3.391666666666667,15.4,189.0
2022-10-07,10.608333333333333,1026.5166666666667,76.70833333333333,0.0,4.75,9.754166666666666,3.1208333333333336,11.3,218.0
2022-10-08,10.791666666666666,1017.5583333333334,85.625,0.0,75.75,10.108333333333333,2.891666666666667,9.2,186.0
2022-10-09,10.975,1019.3208333333333,80.83333333333333,0.7999999999999999,54.458333333333336,10.779166666666667,2.8791666666666664,10.7,267.0
2022-10-10,5.804166666666667,1027.1375,87.91666666666667,0.0,15.066666666666666,5.033333333333333,1.8208333333333335,5.9,151.0
2022-10-11,7.283333333333334,1020.3291666666668,82.125,0.0,49.625,5.504166666666666,2.9958333333333336,7.7,157.0
2022-10-12,6.845833333333334,1023.9041666666667,89.70833333333333,0.5,54.72727272727273,6.291666666666667,1.6666666666666667,8.1,154.0
2022-10-13,4.95,1026.05,96.5,0.8,87.57894736842105,4.2625,1.5208333333333333,4.1,152.0
2022-10-14,7.6625000000000005,1021.5124999999999,82.29166666666667,0.0,42.875,6.504166666666666,2.6750000000000003,8.6,145.0
2022-10-15,8.475,1017.8708333333334,85.33333333333333,0.0,52.333333333333336,7.116666666666667,3.4333333333333336,10.7,147.0
2022-10-16,12.137500000000001,1019.525,81.16666666666667,0.9,92.0,12.137500000000001,4.045833333333333,9.3,166.0
2022-10-17,13.475,1025.3500000000001,81.75,0.0,54.416666666666664,13.475,2.5833333333333335,8.7,195.0
2022-10-18,14.054166666666667,1019.6166666666667,79.875,0.0,92.5,14.054166666666667,3.529166666666667,10.2,186.0
2022-10-19,7.658333333333334,1015.7958333333332,77.625,0.6000000000000001,63.208333333333336,5.479166666666667,3.6916666666666664,12.3,316.0
2022-10-20,4.420833333333333,1024.45,82.41666666666667,0.0,66.75,2.7291666666666665,2.1791666666666667,8.3,312.0
2022-10-21,6.3374999999999995,1022.725,77.70833333333333,0.0,98.0,5.0874999999999995,2.1125000000000003,7.0,140.0
2022-10-22,6.045833333333333,1014.6916666666666,78.91666666666667,0.0,95.45833333333333,3.9583333333333335,2.766666666666667,6.8,136.0
2022-10-23,8.958333333333334,1013.2375000000001,91.20833333333333,0.6000000000000001,93.53333333333333,8.495833333333334,2.1708333333333334,7.8,274.0
2022-10-24,9.458333333333334,1015.8583333333332,91.58333333333333,0.0,97.5,9.325000000000001,1.5166666666666666,5.5,147.0
2022-10-25,11.35,1012.9083333333333,95.875,3.2,99.0,11.35,2.2875,6.5,153.0
2022-10-26,11.020833333333334,1016.5124999999999,92.08333333333333,0.8,94.95833333333333,10.970833333333333,2.283333333333333,7.7,255.0
2022-10-27,10.445833333333333,1023.8125,89.83333333333333,0.0,77.26086956521739,10.095833333333333,2.0625,5.5,259.0
2022-10-28,10.529166666666667,1023.2624999999999,95.125,0.0,99.14285714285714,10.033333333333333,2.725,7.5,204.0
2022-10-29,12.591666666666667,1014.1166666666667,90.04166666666667,0.30000000000000004,98.0,12.591666666666667,3.470833333333333,12.1,205.0
2022-10-30,11.064,1014.664,78.0,0.0,72.68,10.748,4.556,12.1,270.0
2022-10-31,4.7,1021.4166666666666,80.625,0.0,3.1666666666666665,3.9958333333333336,1.4166666666666667,5.0,145.0
2022-11-01,5.620833333333334,1019.5916666666667,87.16666666666667,0.0,92.875,4.491666666666666,1.575,6.3,134.0
2022-11-02,7.529166666666666,1016.8666666666667,97.79166666666667,1.5,100.0,7.370833333333334,1.0541666666666667,4.1,94.0
2022-11-03,9.025,1018.1916666666666,92.16666666666667,0.30000000000000004,98.5,8.070833333333333,2.158333333333333,7.3,288.0
2022-11-04,7.495833333333334,1016.75,91.375,0.0,93.8,6.645833333333333,1.8041666666666665,7.5,83.0
2022-11-05,5.458333333333333,1017.5749999999999,83.66666666666667,0.8,95.875,2.1875,4.55,14.2,139.0
2022-11-06,5.845833333333334,1019.6708333333332,95.66666666666667,4.5,94.04347826086956,4.470833333333333,1.9749999999999999,6.8,149.0
2022-11-07,5.820833333333333,1017.2375000000001,91.875,0.0,94.83333333333333,3.6374999999999997,2.8333333333333335,8.2,152.0
2022-11-08,8.791666666666666,1014.7624999999999,89.41666666666667,0.1,96.5,7.316666666666666,3.4916666666666667,10.2,202.0
2022-11-09,7.420833333333333,1015.5541666666667,91.83333333333333,0.1,82.75,5.120833333333334,3.5541666666666667,9.8,153.0
2022-11-10,8.0375,1017.1291666666666,95.08333333333333,5.0,97.5,6.370833333333334,2.670833333333333,6.5,178.0
2022-11-11,8.5,1024.1916666666666,94.75,0.30000000000000004,99.5,6.566666666666666,3.3125,8.5,228.0
2022-11-12,10.795833333333334,1025.5041666666668,92.5,0.2,100.0,10.566666666666666,4.058333333333334,14.3,262.0
2022-11-13,9.716666666666667,1030.0041666666666,86.375,0.0,68.41666666666667,9.570833333333333,2.216666666666667,7.9,304.0
2022-11-14,1.6541666666666668,1029.4083333333333,98.66666666666667,0.0,100.0,-0.10416666666666669,1.9208333333333334,5.8,111.0
2022-11-15,3.279166666666667,1016.3291666666668,98.5,0.5,99.5,1.1583333333333334,2.275,6.2,184.0
2022-11-16,1.0958333333333334,1014.3916666666668,83.0,0.5,100.0,-2.2583333333333333,3.1374999999999997,10.8,30.0
2022-11-17,-2.308333333333333,1012.6916666666666,80.66666666666667,0.8,99.0,-5.258333333333334,2.1791666666666667,7.8,342.0
2022-11-18,-3.858333333333333,1010.7125,84.16666666666667,2.4,85.54166666666667,-7.179166666666667,2.379166666666667,8.4,23.0
2022-11-19,-5.5,1014.7458333333334,85.875,0.5,95.91666666666667,-6.8500000000000005,1.2958333333333334,6.1,56.0
2022-11-20,-6.441666666666666,1017.1374999999999,85.08333333333333,0.0,64.70833333333333,-11.091666666666667,3.0416666666666665,9.1,149.0
2022-11-21,-2.8166666666666664,1011.7875,87.0,0.0,100.0,-6.570833333333333,2.8874999999999997,9.6,126.0
2022-11-22,-2.875,1010.2458333333334,89.79166666666667,0.0,100.0,-4.845833333333333,1.6416666666666666,5.0,3.0
2022-11-23,-4.383333333333334,1013.5083333333333,94.625,0.0,100.0,-5.883333333333333,1.3708333333333333,5.1,3.0
2022-11-24,-2.9291666666666667,1014.8208333333333,90.33333333333333,1.4,99.5,-5.429166666666667,1.8041666666666665,5.5,40.0
2022-11-25,-1.4166666666666667,1019.475,92.91666666666667,1.0,100.0,-1.6333333333333335,0.9249999999999999,2.9,37.0
2022-11-26,-1.3333333333333333,1025.5708333333334,95.45833333333333,3.0,100.0,-1.7291666666666667,1.0250000000000001,3.4,299.0
2022-11-27,-1.3375000000000001,1028.5791666666667,94.95833333333333,0.30000000000000004,100.0,-2.5625,1.3791666666666667,4.0,160.0
2022-11-28,-1.8458333333333332,1028.7541666666666,93.16666666666667,1.6,98.0,-3.9250000000000003,1.9416666666666667,7.4,124.0
2022-11-29,-0.47500000000000003,1031.3291666666667,91.25,0.0,100.0,-3.2708333333333335,2.2125,6.1,107.0
2022-11-30,-0.8791666666666668,1033.6000000000001,88.5,0.0,100.0,-2.7416666666666667,1.7249999999999999,5.4,84.0
2022-12-01,-4.545833333333333,1034.4833333333333,89.83333333333333,0.0,100.0,-7.720833333333334,2.0458333333333334,6.0,75.0
2022-12-02,-7.304166666666667,1033.425,90.16666666666667,0.0,58.375,-9.0,1.3958333333333333,4.9,103.0
2022-12-03,-6.3,1033.2666666666667,88.70833333333333,0.30000000000000004,62.083333333333336,-8.341666666666667,2.0208333333333335,7.9,45.0
2022-12-04,-2.3000000000000003,1033.5,90.95833333333333,0.0,100.0,-7.720833333333334,4.875,10.9,140.0
2022-12-05,-5.183333333333334,1030.0291666666667,91.54166666666667,0.0,100.0,-10.762500000000001,4.154166666666667,9.9,123.0
2022-12-06,-4.175,1018.9333333333334,94.08333333333333,0.7,100.0,-9.716666666666667,4.379166666666666,10.0,152.0
2022-12-07,-2.529166666666667,1006.7375000000001,93.16666666666667,5.9,99.5,-7.641666666666667,4.325,10.5,141.0
2022-12-08,-0.9708333333333333,1007.4833333333332,92.33333333333333,2.6,97.0,-5.891666666666667,4.670833333333333,12.0,212.0
2022-12-09,-0.4166666666666667,1010.4458333333333,95.45833333333333,5.4,100.0,-2.6916666666666664,2.2333333333333334,7.9,189.0
2022-12-10,-1.95,1010.3541666666666,93.33333333333333,0.0,100.0,-4.55,2.0749999999999997,7.8,22.0
2022-12-11,-3.7458333333333336,1004.8249999999999,92.95833333333333,12.7,99.45454545454545,-8.004166666666666,3.0625,10.7,3.0
2022-12-12,-4.8125,994.6875,91.08333333333333,0.8,98.5,-8.862499999999999,2.7541666666666664,8.5,190.0
2022-12-13,-2.966666666666667,1002.0208333333334,88.58333333333333,1.2000000000000002,98.0,-7.7749999999999995,3.8625000000000003,11.2,197.0
2022-12-14,-6.0249999999999995,1011.4291666666667,87.83333333333333,0.2,52.666666666666664,-10.987499999999999,3.2416666666666667,8.4,205.0
2022-12-15,-7.8999999999999995,1009.8874999999999,89.66666666666667,0.7000000000000001,83.91666666666667,-11.070833333333333,1.991666666666667,7.1,24.0
2022-12-16,-6.3875,1017.9,90.08333333333333,0.0,98.0,-10.891666666666666,2.783333333333333,7.5,190.0
2022-12-17,-8.016666666666667,1021.8041666666667,89.91666666666667,0.0,98.5,-12.708333333333334,2.654166666666667,7.2,330.0
2022-12-18,-9.424999999999999,1033.125,89.70833333333333,0.0,81.41666666666667,-13.479166666666666,2.1750000000000003,8.0,208.0
2022-12-19,-11.491666666666667,1035.575,87.08333333333333,0.0,45.916666666666664,-17.908333333333335,3.5875,9.7,151.0
2022-12-20,-3.045833333333333,1018.7541666666666,92.375,3.7,99.5,-7.833333333333333,3.7375000000000003,9.4,171.0
2022-12-21,1.0333333333333334,1011.7624999999999,96.79166666666667,1.6,99.36842105263158,-2.6333333333333333,3.5374999999999996,9.3,181.0
2022-12-22,1.1624999999999999,1007.7458333333334,98.58333333333333,0.6,100.0,-1.7958333333333334,2.704166666666667,7.5,165.0
2022-12-23,2.158333333333333,1002.6333333333333,98.16666666666667,5.4,100.0,-0.6541666666666667,2.7583333333333333,8.7,204.0
2022-12-24,-0.30833333333333335,1010.9916666666667,90.625,0.9,88.16666666666667,-1.9708333333333332,1.6166666666666665,5.5,68.0
2022-12-25,-4.779166666666667,1023.5,91.79166666666667,0.0,88.20833333333333,-6.0125,1.3208333333333333,3.8,103.0
2022-12-26,-3.3333333333333335,1018.6875,90.25,6.3,100.0,-8.225,3.9416666666666664,11.4,119.0
2022-12-27,1.6458333333333333,1011.275,91.5,0.5,94.55,-1.9333333333333333,3.5625,9.8,237.0
2022-12-28,1.1041666666666667,1016.2833333333333,87.41666666666667,1.1,96.0,-3.0416666666666665,4.208333333333333,11.5,187.0
2022-12-29,1.6500000000000001,1009.9083333333333,97.20833333333333,2.9,100.0,-2.025,3.670833333333333,7.9,181.0
2022-12-30,3.0583333333333336,1011.2041666666668,95.875,6.1000000000000005,87.20833333333333,0.25,3.0041666666666664,8.5,216.0
2022-12-31,2.5166666666666666,1012.5583333333334,96.375,2.3,84.30434782608695,-0.9708333333333332,3.7416666666666667,10.1,170.0
2023-01-01,10.033333333333333,1009.5083333333333,85.08333333333333,1.7000000000000002,94.41666666666667,8.795833333333333,4.470833333333333,13.8,201.0
2023-01-02,6.320833333333333,1017.3791666666666,89.41666666666667,5.1,95.5,4.283333333333333,3.095833333333333,12.6,264.0
2023-01-03,5.166666666666667,1015.3041666666667,85.25,1.5,93.41666666666667,1.2750000000000001,5.608333333333333,16.1,261.0
2023-01-04,0.07916666666666666,1019.3833333333333,82.70833333333333,1.2,96.5,-3.6916666666666664,3.4125,9.4,151.0
2023-01-05,-0.25416666666666665,1000.7375000000001,95.75,18.400000000000002,100.0,-3.4458333333333333,2.841666666666667,10.5,12.0
2023-01-06,-12.145833333333334,1023.2875,80.83333333333333,0.0,94.41666666666667,-17.170833333333334,2.5208333333333335,8.4,8.0
2023-01-07,-11.4,1025.5041666666666,80.91666666666667,0.5,100.0,-17.995833333333334,3.75,8.8,126.0
2023-01-08,-5.625,1021.4875000000001,88.04166666666667,0.3,99.5,-12.112499999999999,5.308333333333334,14.1,141.0
2023-01-09,-2.470833333333333,1011.6791666666667,89.375,1.0,100.0,-8.1625,5.258333333333334,12.0,136.0
2023-01-10,0.44166666666666665,1014.8375,96.25,6.2,100.0,-3.8166666666666664,4.120833333333334,10.0,143.0
2023-01-11,-2.066666666666667,1021.1125000000001,94.16666666666667,0.2,100.0,-6.891666666666667,4.1125,10.2,145.0
2023-01-12,-0.04999999999999999,1015.2083333333334,96.95833333333333,0.9,100.0,-5.183333333333334,5.358333333333333,12.6,149.0
2023-01-13,2.5,1010.8625000000001,95.20833333333333,1.7,100.0,-1.9666666666666668,5.3374999999999995,11.5,166.0
2023-01-14,3.775,1013.2583333333333,94.41666666666667,0.2,99.0,0.45,3.8625000000000003,8.8,168.0
2023-01-15,2.858333333333333,1006.275,88.83333333333333,8.5,91.875,-1.9541666666666666,6.425,15.7,178.0
2023-01-16,2.3958333333333335,1002.9583333333334,91.375,1.3,94.45833333333333,-1.2125000000000001,3.858333333333333,9.3,197.0
2023-01-17,2.0875,995.5749999999999,92.66666666666667,1.9000000000000001,100.0,-1.7541666666666667,4.108333333333333,10.7,140.0
2023-01-18,2.779166666666667,995.0666666666666,95.91666666666667,7.9,100.0,0.28750000000000003,2.6625,12.8,41.0
2023-01-19,1.6041666666666667,1004.75,88.29166666666667,3.0,96.0,-0.7791666666666667,2.954166666666667,16.6,40.0
2023-01-20,0.10833333333333334,1013.7166666666667,95.95833333333333,5.4,99.0,-2.504166666666667,2.1625,6.3,11.0
2023-01-21,0.37916666666666665,1023.9166666666666,92.91666666666667,0.0,100.0,-3.6333333333333333,3.8166666666666664,11.9,27.0
2023-01-22,-0.47500000000000003,1033.1541666666667,90.41666666666667,0.2,88.625,-2.466666666666667,1.8833333333333335,7.5,20.0
2023-01-23,-1.2416666666666667,1039.2166666666667,87.04166666666667,0.0,99.5,-1.6791666666666665,1.0791666666666668,4.1,3.0
2023-01-24,-2.5625,1039.675,81.41666666666667,0.0,100.0,-5.191666666666666,1.9666666666666666,8.3,258.0
2023-01-25,-2.120833333333333,1032.1333333333334,88.0,0.0,100.0,-5.8500000000000005,2.8083333333333336,6.3,199.0
2023-01-26,-0.9083333333333333,1022.4916666666667,90.79166666666667,0.8,98.5,-3.670833333333333,2.2958333333333334,5.8,188.0
2023-01-27,-0.6916666666666668,1022.4916666666667,94.29166666666667,1.5,100.0,-1.7625000000000002,1.4208333333333334,5.3,7.0
2023-01-28,-1.3958333333333333,1024.6375,90.70833333333333,0.0,100.0,-2.783333333333333,1.5,5.9,4.0
2023-01-29,-1.95,1016.25,91.04166666666667,1.1,100.0,-6.491666666666667,3.8166666666666664,9.2,214.0
2023-01-30,0.008333333333333326,997.9,93.70833333333333,2.8,100.0,-5.1125,5.379166666666666,13.2,210.0
2023-01-31,0.9291666666666667,1000.475,87.58333333333333,1.2000000000000002,95.0,-2.7083333333333335,3.4499999999999997,10.5,266.0
2023-02-01,0.14166666666666664,996.6708333333332,93.875,5.2,95.375,-4.183333333333333,4.141666666666667,11.5,206.0
2023-02-02,0.45416666666666666,1002.4041666666667,93.91666666666667,0.9,99.5,-2.7875,2.845833333333333,10.9,312.0
2023-02-03,-1.9416666666666667,1013.4625,83.33333333333333,0.0,92.79166666666667,-4.45,2.220833333333333,10.2,298.0
2023-02-04,-3.775,1022.8874999999999,80.08333333333333,0.1,93.5,-7.625,2.7583333333333333,10.8,332.0
2023-02-05,-4.858333333333333,1034.9125000000001,80.75,0.0,95.41666666666667,-8.195833333333333,2.1666666666666665,8.4,342.0
2023-02-06,-4.095833333333333,1036.1375,87.0,0.1,92.33333333333333,-7.566666666666666,2.4875000000000003,7.6,188.0
2023-02-07,-0.5791666666666667,1038.4208333333333,81.625,0.0,100.0,-2.7583333333333333,1.9791666666666667,7.7,115.0
2023-02-08,-1.5958333333333332,1044.1958333333334,77.25,0.0,87.20833333333333,-4.966666666666667,2.6374999999999997,8.2,206.0
2023-02-09,-1.3333333333333333,1035.8125,70.58333333333333,0.0,70.5,-5.354166666666667,3.420833333333333,9.0,201.0
2023-02-10,-0.975,1023.9916666666667,76.20833333333333,0.0,57.5,-5.320833333333334,3.904166666666667,11.8,226.0
2023-02-11,0.5583333333333333,1015.6916666666666,92.125,5.0,94.33333333333333,-4.020833333333333,4.729166666666667,13.0,212.0
2023-02-12,-1.55,1030.575,82.08333333333333,0.0,57.041666666666664,-4.591666666666667,2.4125,7.4,309.0
2023-02-13,2.095833333333333,1025.5249999999999,93.08333333333333,0.0,100.0,-1.3125,3.5375,10.8,271.0
2023-02-14,2.3208333333333333,1027.9541666666667,75.29166666666667,0.0,42.833333333333336,-0.8791666666666668,3.408333333333333,10.0,302.0
2023-02-15,-0.35000000000000003,1030.7666666666667,91.75,0.0,93.18181818181819,-1.7958333333333334,1.5958333333333332,4.9,257.0
2023-02-16,-0.5166666666666667,1021.6999999999999,93.75,0.2,100.0,-1.9708333333333332,1.5333333333333332,4.9,148.0
2023-02-17,0.44166666666666665,1011.7041666666668,97.375,3.7,100.0,-2.379166666666667,2.725,8.9,146.0
2023-02-18,3.141666666666667,995.6750000000001,85.70833333333333,3.0,97.5,-1.4166666666666667,5.920833333333333,16.9,253.0
2023-02-19,1.1458333333333333,1003.1875,70.375,0.0,48.791666666666664,-3.591666666666667,5.308333333333334,16.2,263.0
2023-02-20,-0.10833333333333334,1001.0041666666666,81.5,7.5,81.41666666666667,-4.891666666666667,4.8625,16.0,273.0
2023-02-21,1.2833333333333334,997.0791666666668,79.58333333333333,0.0,98.0,-3.1291666666666664,5.120833333333334,16.5,271.0
2023-02-22,-2.9125,1018.1166666666667,76.16666666666667,0.2,94.375,-5.2749999999999995,1.8083333333333333,7.2,326.0
2023-02-23,-5.558333333333334,1021.3958333333334,73.70833333333333,0.0,42.916666666666664,-9.700000000000001,3.1833333333333336,10.0,179.0
2023-02-24,0.13749999999999998,1000.975,92.04166666666667,6.1000000000000005,98.0,-3.0541666666666667,2.7458333333333336,7.3,171.0
2023-02-25,0.2333333333333333,992.0291666666667,93.83333333333333,0.6,99.5,-1.3416666666666668,1.6458333333333333,11.9,192.0
2023-02-26,-3.0749999999999997,1007.6999999999999,78.41666666666667,0.30000000000000004,98.0,-7.316666666666666,3.1958333333333333,11.2,328.0
2023-02-27,-3.4916666666666667,1025.6458333333333,72.125,0.0,58.333333333333336,-5.579166666666667,1.7249999999999999,6.1,334.0
2023-02-28,-3.125,1028.2666666666667,83.25,0.0,54.25,-6.541666666666667,3.4333333333333336,11.9,273.0
2023-03-01,1.4583333333333333,1023.625,79.91666666666667,0.0,80.33333333333333,-1.9791666666666667,3.35,11.3,305.0
2023-03-02,1.2541666666666667,1020.3416666666667,85.58333333333333,0.0,77.79166666666667,-1.9458333333333335,3.0083333333333333,8.2,262.0
2023-03-03,1.6666666666666667,1011.3458333333333,78.08333333333333,0.0,94.5,-2.1333333333333333,3.9,13.0,258.0
2023-03-04,-0.19999999999999998,999.4666666666667,74.95833333333333,1.2,82.45833333333333,-5.825,6.329166666666667,20.2,282.0
2023-03-05,-1.6208333333333333,1001.8041666666667,74.16666666666667,0.5,89.33333333333333,-6.166666666666667,4.1000000000000005,14.5,243.0
2023-03-06,-2.766666666666667,1001.5,83.25,0.1,77.95833333333333,-6.645833333333333,3.025,10.6,212.0
2023-03-07,-2.720833333333333,999.8166666666666,76.0,0.7,41.75,-6.0,3.5583333333333336,13.2,163.0
2023-03-08,-0.41250000000000003,993.7624999999999,72.16666666666667,2.0999999999999996,72.125,-5.466666666666666,5.2875000000000005,16.5,207.0
2023-03-09,-3.1916666666666664,1000.4499999999999,65.95833333333333,0.0,54.875,-5.8,2.120833333333333,7.7,231.0
2023-03-10,-4.55,1001.9125,77.70833333333333,6.5,94.375,-8.549999999999999,3.1125000000000003,11.3,94.0
2023-03-11,-0.05000000000000002,990.3125,93.5,7.8,100.0,-3.716666666666667,3.4375,13.2,103.0
2023-03-12,-2.4125,1000.9583333333334,77.33333333333333,0.9,67.91666666666667,-7.6499999999999995,4.8125,15.7,272.0
2023-03-13,-1.8,1007.2624999999999,80.58333333333333,3.4000000000000004,56.833333333333336,-6.320833333333333,4.258333333333334,12.7,157.0
2023-03-14,6.4125000000000005,996.3916666666668,84.33333333333333,1.3,95.82608695652173,3.6041666666666665,4.2625,11.7,169.0
2023-03-15,3.966666666666667,1005.4458333333333,78.25,0.2,89.25,1.1916666666666667,3.2125,13.5,195.0
2023-03-16,0.9416666666666668,1019.3708333333334,73.79166666666667,0.0,68.54166666666667,-0.04583333333333334,1.5083333333333335,6.9,260.0
2023-03-17,1.3208333333333333,1026.7333333333333,63.375,0.0,19.875,-0.36250000000000004,2.2125,7.5,133.0
2023-03-18,4.1625,1024.7208333333333,58.916666666666664,0.0,33.0,0.43333333333333335,4.845833333333333,11.8,141.0
2023-03-19,7.045833333333333,1019.4708333333333,66.20833333333333,0.0,91.83333333333333,5.425,3.091666666666667,9.0,159.0
2023-03-20,7.7875000000000005,1014.35,70.70833333333333,0.6000000000000001,91.375,6.429166666666667,2.8708333333333336,7.7,151.0
2023-03-21,5.991666666666667,1012.8291666666668,84.33333333333333,0.0,99.0,3.8375,2.908333333333333,8.5,243.0
2023-03-22,6.916666666666667,1013.4333333333334,68.58333333333333,0.1,77.75,5.5625,3.0708333333333333,10.4,188.0
2023-03-23,10.195833333333333,1005.9416666666666,78.79166666666667,2.7,92.83333333333333,9.045833333333333,3.658333333333333,12.5,175.0
2023-03-24,10.054166666666667,1003.9666666666667,84.79166666666667,3.8999999999999995,82.54166666666667,9.200000000000001,3.9916666666666667,13.3,179.0
2023-03-25,9.133333333333333,1001.3416666666667,76.0,4.7,66.41666666666667,8.225,3.1333333333333333,10.7,235.0
2023-03-26,6.604347826086957,998.9826086956521,91.91304347826087,3.9,94.26086956521739,5.434782608695652,1.908695652173913,9.2,222.0
2023-03-27,3.091666666666667,1002.1041666666666,76.375,0.5,90.29166666666667,0.1625,3.158333333333333,9.4,264.0
2023-03-28,-0.10416666666666667,1009.5333333333333,60.291666666666664,0.0,86.75,-4.479166666666667,4.2375,13.9,302.0
2023-03-29,-0.3083333333333333,1014.9458333333333,60.708333333333336,0.0,65.70833333333333,-4.675,4.375,13.0,312.0
2023-03-30,3.379166666666667,1013.0791666666668,58.833333333333336,0.0,89.75,1.1708333333333334,2.9416666666666664,10.7,146.0
2023-03-31,6.004166666666666,1001.2291666666666,88.08333333333333,2.0,98.5,3.9875000000000003,2.7291666666666665,7.5,142.0
2023-04-01,6.295833333333333,999.0458333333332,96.58333333333333,7.9,98.5,5.395833333333333,1.6916666666666667,8.3,340.0
2023-04-02,2.9416666666666664,1011.9875000000001,79.75,1.7,93.75,-0.4083333333333334,3.6291666666666664,14.0,8.0
2023-04-03,-0.10833333333333335,1023.4208333333332,59.125,0.0,47.083333333333336,-3.920833333333333,3.4499999999999997,11.4,348.0
2023-04-04,-1.1666666666666667,1021.7541666666666,87.875,2.5,88.125,-3.045833333333333,1.7291666666666667,5.0,304.0
2023-04-05,0.30833333333333335,1021.6583333333333,80.45833333333333,0.1,96.95833333333333,-1.2958333333333334,1.7666666666666666,6.7,305.0
2023-04-06,4.2250000000000005,1020.5,85.5,0.2,74.58333333333333,1.9375,2.704166666666667,8.6,342.0
2023-04-07,10.216666666666667,1019.8125,68.41666666666667,0.0,78.33333333333333,9.504166666666666,2.408333333333333,7.4,107.0
2023-04-08,10.920833333333334,1023.85,77.875,0.0,91.375,10.9,1.2750000000000001,5.4,16.0
2023-04-09,9.429166666666667,1024.6166666666666,82.79166666666667,0.30000000000000004,64.73684210526316,9.329166666666667,1.325,8.6,45.0
2023-04-10,10.620833333333334,1024.175,70.875,0.0,69.29411764705883,10.620833333333334,1.2208333333333334,4.8,348.0
2023-04-11,11.204166666666666,1017.4125,61.666666666666664,0.0,30.291666666666668,10.766666666666666,2.5416666666666665,10.0,143.0
2023-04-12,12.145833333333334,1011.2583333333333,49.125,0.2,82.16666666666667,11.866666666666667,2.704166666666667,10.8,27.0
2023-04-13,9.029166666666667,1009.6374999999999,84.95833333333333,2.3000000000000003,100.0,8.533333333333333,1.9958333333333333,9.4,84.0
2023-04-14,9.958333333333334,1014.5541666666667,73.29166666666667,0.1,97.45833333333333,9.1625,2.8874999999999997,9.9,92.0
2023-04-15,8.745833333333334,1018.3583333333332,57.75,0.0,99.0,6.941666666666666,3.9458333333333333,12.5,94.0
2023-04-16,4.879166666666666,1021.6416666666668,92.08333333333333,7.2,100.0,3.2083333333333335,2.1125000000000003,9.9,55.0
2023-04-17,9.5,1025.5,76.83333333333333,0.0,75.70833333333333,9.108333333333333,2.0791666666666666,6.6,137.0
2023-04-18,8.950000000000001,1026.6416666666667,71.25,0.0,64.79166666666667,8.620833333333334,2.1166666666666667,8.6,2.0
2023-04-19,11.629166666666668,1021.1666666666666,59.25,3.9,80.45833333333333,10.654166666666667,3.5041666666666664,11.5,21.0
2023-04-20,12.941666666666668,1023.1083333333332,42.291666666666664,0.0,13.666666666666666,12.804166666666667,2.8041666666666667,11.1,31.0
2023-04-21,11.9375,1019.8541666666666,41.875,0.0,40.791666666666664,11.6625,1.9625000000000001,8.2,351.0
2023-04-22,12.054166666666667,1015.0833333333334,57.458333333333336,0.0,39.75,11.983333333333334,1.4458333333333335,6.9,304.0
2023-04-23,13.354166666666666,1013.6,53.458333333333336,0.0,15.291666666666666,12.954166666666666,3.0708333333333333,10.3,177.0
2023-04-24,14.950000000000001,1008.8791666666666,42.75,0.0,20.916666666666668,14.5625,4.1625000000000005,14.4,146.0
2023-04-25,13.525,1004.7291666666666,54.375,0.4,48.083333333333336,13.295833333333334,3.35,11.3,132.0
2023-04-26,6.1499999999999995,1006.7624999999999,91.875,3.4,98.95652173913044,4.0125,2.975,8.7,293.0
2023-04-27,6.141666666666667,1014.3666666666667,65.29166666666667,0.0,83.04166666666667,3.783333333333333,3.4625,9.7,270.0
2023-04-28,5.416666666666667,1019.5083333333333,61.041666666666664,0.0,40.291666666666664,3.9791666666666665,2.5124999999999997,9.9,218.0
2023-04-29,7.6875,1018.1083333333332,54.5,0.0,10.041666666666666,6.954166666666667,2.504166666666667,9.4,144.0
2023-04-30,8.4,1015.6,56.333333333333336,2.0,50.125,6.954166666666667,3.2083333333333335,11.4,168.0
2023-05-01,7.5375000000000005,1020.3708333333334,50.583333333333336,0.0,1.0833333333333333,6.545833333333333,2.4166666666666665,8.3,302.0
2023-05-02,10.258333333333333,1017.1333333333333,61.208333333333336,2.2,72.16666666666667,9.112499999999999,3.8166666666666664,14.8,163.0
2023-05-03,7.870833333333334,1024.0458333333333,54.666666666666664,0.0,28.291666666666668,7.366666666666667,1.9166666666666667,9.0,316.0
2023-05-04,7.554166666666667,1025.8333333333333,57.416666666666664,0.0,30.875,7.129166666666666,2.0541666666666667,10.2,8.0
2023-05-05,6.483333333333333,1026.4375,45.875,0.0,31.333333333333332,5.2625,2.154166666666667,9.2,344.0
2023-05-06,6.2250000000000005,1028.3291666666667,44.833333333333336,0.0,2.0833333333333335,5.3875,1.9041666666666668,9.0,45.0
2023-05-07,7.241666666666667,1029.5166666666667,38.875,0.0,2.0833333333333335,6.254166666666666,2.2666666666666666,9.2,62.0
2023-05-08,8.804166666666667,1032.0708333333334,40.0,0.0,3.1666666666666665,8.741666666666667,1.3708333333333333,10.3,25.0
2023-05-09,10.245833333333334,1029.625,42.25,0.0,0.0,10.179166666666667,1.4749999999999999,6.8,106.0
2023-05-10,11.325000000000001,1025.1708333333333,41.833333333333336,0.0,13.125,11.104166666666666,1.8041666666666665,9.1,127.0
2023-05-11,12.154166666666667,1025.8541666666667,39.75,0.0,4.166666666666667,12.045833333333334,2.0208333333333335,9.0,121.0
2023-05-12,14.125,1027.05,43.791666666666664,0.0,27.708333333333332,14.125,1.2750000000000001,5.9,319.0
2023-05-13,17.6375,1025.8583333333333,39.875,0.0,50.666666666666664,17.6375,1.7833333333333332,9.2,1.0
2023-05-14,18.104166666666668,1023.3458333333333,40.791666666666664,0.0,50.75,18.104166666666668,1.625,6.8,32.0
2023-05-15,18.983333333333334,1015.6541666666667,36.083333333333336,0.0,47.541666666666664,18.983333333333334,2.920833333333333,14.1,121.0
2023-05-16,14.012500000000001,1011.0666666666666,78.625,3.7,97.5,14.012500000000001,3.3249999999999997,12.2,152.0
2023-05-17,11.2125,1016.8958333333334,92.875,24.1,93.875,10.979166666666666,1.8,10.0,8.0
2023-05-18,9.7875,1025.1916666666666,73.95833333333333,1.0,94.0,8.9375,2.254166666666667,7.7,6.0
2023-05-19,13.433333333333332,1028.8999999999999,46.916666666666664,0.0,88.79166666666667,13.433333333333332,1.8791666666666667,8.1,5.0
2023-05-20,15.791666666666666,1029.5916666666667,46.125,0.0,28.791666666666668,15.758333333333333,1.9333333333333333,7.7,30.0
2023-05-21,15.0875,1025.9375,52.625,0.0,24.083333333333332,15.045833333333334,1.6083333333333334,6.7,1.0
2023-05-22,15.445833333333333,1020.9208333333332,56.958333333333336,0.0,52.25,15.445833333333333,1.1916666666666667,5.1,356.0
2023-05-23,17.266666666666666,1016.4208333333332,51.875,0.0,70.625,17.266666666666666,1.3083333333333333,5.1,6.0
2023-05-24,18.758333333333333,1016.8208333333333,49.0,0.0,48.125,18.620833333333334,1.2041666666666668,8.1,355.0
2023-05-25,18.829166666666666,1018.1666666666666,55.083333333333336,0.0,34.083333333333336,18.595833333333335,1.6500000000000001,8.4,294.0
2023-05-26,15.216666666666667,1019.4083333333333,62.916666666666664,0.0,30.833333333333332,15.216666666666667,2.8958333333333335,9.0,278.0
2023-05-27,11.541666666666666,1024.7625,51.875,0.0,6.833333333333333,11.020833333333334,3.0124999999999997,10.9,331.0
2023-05-28,12.541666666666666,1023.1916666666666,48.208333333333336,0.0,0.0,12.541666666666666,1.0250000000000001,6.3,263.0
2023-05-29,14.845833333333333,1018.85,53.333333333333336,0.0,43.458333333333336,14.683333333333335,1.7625,12.0,311.0
2023-05-30,15.695833333333333,1018.9499999999999,52.083333333333336,0.0,30.958333333333332,15.695833333333333,2.1125000000000003,10.0,317.0
2023-05-31,14.145833333333334,1020.1083333333332,50.416666666666664,0.0,12.041666666666666,13.9125,2.8083333333333336,11.2,315.0
2023-06-01,15.308333333333332,1012.7833333333333,57.291666666666664,0.0,32.958333333333336,15.275,1.4291666666666665,5.9,4.0
2023-06-02,10.104166666666666,1013.9499999999999,67.16666666666667,2.5,73.66666666666667,9.25,2.9125,10.6,10.0
2023-06-03,8.987499999999999,1022.1458333333334,61.291666666666664,0.0,50.125,8.041666666666666,2.6458333333333335,9.3,309.0
2023-06-04,12.104166666666666,1023.0458333333332,54.916666666666664,0.0,38.708333333333336,11.970833333333333,2.2041666666666666,8.9,268.0
2023-06-05,13.75,1022.9041666666667,54.375,0.0,7.375,13.75,1.9708333333333332,9.0,268.0
2023-06-06,15.991666666666667,1022.3083333333334,52.25,0.0,0.0,15.991666666666667,1.0875000000000001,6.5,108.0
2023-06-07,18.716666666666665,1019.6125000000001,46.916666666666664,0.0,0.0,18.683333333333334,1.3458333333333334,6.7,1.0
2023-06-08,20.025000000000002,1017.7541666666666,48.666666666666664,0.0,23.625,19.916666666666668,1.1041666666666667,5.2,38.0
2023-06-09,19.7375,1017.2708333333334,50.208333333333336,0.0,4.75,19.575,2.2375000000000003,8.9,3.0
2023-06-10,16.370833333333334,1022.1958333333333,37.75,0.0,8.416666666666666,16.370833333333334,3.7541666666666664,13.0,27.0
2023-06-11,15.508333333333333,1026.1958333333334,37.416666666666664,0.0,0.0,15.354166666666666,3.108333333333333,11.5,36.0
2023-06-12,14.5875,1025.0416666666667,42.958333333333336,0.0,48.041666666666664,14.5,2.6166666666666667,10.1,63.0
2023-06-13,17.379166666666666,1020.4458333333333,44.708333333333336,0.1,66.33333333333333,17.379166666666666,2.308333333333333,8.6,59.0
2023-06-14,17.35833333333333,1018.6833333333334,48.208333333333336,0.0,72.125,17.35833333333333,1.7666666666666666,6.6,16.0
2023-06-15,19.345833333333335,1016.9708333333333,60.5,2.0,89.25,19.254166666666666,1.7541666666666667,11.6,9.0
2023-06-16,19.308333333333334,1014.6458333333334,75.79166666666667,3.8000000000000003,86.20833333333333,19.241666666666667,1.0833333333333333,6.9,8.0
2023-06-17,19.491666666666667,1011.7041666666668,78.04166666666667,5.7,91.75,19.404166666666665,1.925,11.1,1.0
2023-06-18,20.033333333333335,1013.7875,82.25,1.1,89.875,20.058333333333334,1.2791666666666666,11.9,190.0
2023-06-19,19.004166666666666,1015.1750000000001,80.83333333333333,1.0,62.666666666666664,19.004166666666666,1.8666666666666665,7.8,5.0
2023-06-20,20.820833333333333,1016.4291666666667,67.58333333333333,0.0,49.208333333333336,20.708333333333332,1.4791666666666667,8.4,26.0
2023-06-21,22.370833333333334,1017.2291666666666,61.083333333333336,0.0,13.125,22.162499999999998,1.4083333333333332,6.6,162.0
2023-06-22,20.808333333333334,1015.8833333333333,72.04166666666667,0.1,48.666666666666664,20.820833333333333,2.6,8.8,157.0
2023-06-23,19.245833333333334,1015.1208333333334,67.54166666666667,0.0,38.69565217391305,19.116666666666667,1.8583333333333334,8.1,284.0
2023-06-24,20.900000000000002,1016.2708333333334,60.541666666666664,0.0,69.04166666666667,20.741666666666667,2.0541666666666667,8.2,325.0
2023-06-25,18.995833333333334,1016.9083333333333,56.958333333333336,1.5,68.5,18.849999999999998,2.4291666666666667,10.4,345.0
2023-06-26,17.279166666666665,1013.1583333333333,70.79166666666667,0.1,40.875,17.258333333333333,1.5625,8.0,10.0
2023-06-27,16.845833333333335,1008.1583333333333,73.375,8.600000000000001,38.666666666666664,16.7375,2.183333333333333,12.3,147.0
2023-06-28,15.775,1006.3625000000001,82.83333333333333,8.6,87.79166666666667,15.775,2.1791666666666667,13.6,329.0
2023-06-29,18.604166666666668,1007.2458333333334,68.91666666666667,0.5,54.875,18.533333333333335,3.1791666666666667,14.0,300.0
2023-06-30,20.170833333333334,1006.8958333333334,68.375,0.0,26.791666666666668,20.125,3.0500000000000003,9.5,286.0
2023-07-01,18.254166666666666,1004.3916666666668,67.625,1.3,47.625,18.254166666666666,2.7416666666666667,9.8,212.0
2023-07-02,15.983333333333334,1001.85,77.5,2.7,83.08333333333333,15.983333333333334,2.8249999999999997,15.0,207.0
2023-07-03,16.883333333333333,1007.375,59.666666666666664,0.0,47.083333333333336,16.883333333333333,3.670833333333333,14.5,216.0
2023-07-04,19.345833333333335,1011.3375,54.791666666666664,0.1,35.625,19.154166666666665,2.9583333333333335,12.4,130.0
2023-07-05,19.1875,1015.9499999999999,57.416666666666664,0.0,16.291666666666668,18.991666666666667,1.7333333333333334,9.5,156.0
2023-07-06,18.879166666666666,1015.4541666666668,69.375,1.3,53.375,18.866666666666667,2.095833333333333,9.4,114.0
2023-07-07,17.779166666666665,1020.625,58.5,0.0,15.291666666666666,17.779166666666665,2.7291666666666665,9.9,285.0
2023-07-08,17.4875,1020.525,59.0,0.0,25.625,17.391666666666666,2.2875,8.6,280.0
2023-07-09,17.7,1019.2666666666668,68.45833333333333,0.5,30.375,17.6375,2.4125,15.5,318.0
2023-07-10,16.287499999999998,1018.1833333333334,73.29166666666667,0.0,53.333333333333336,16.287499999999998,2.2666666666666666,7.7,333.0
2023-07-11,15.775,1016.9416666666666,56.208333333333336,0.0,33.0,15.775,1.4791666666666667,8.5,2.0
2023-07-12,18.075,1013.3583333333332,52.291666666666664,0.0,17.833333333333332,17.933333333333334,1.5291666666666668,6.9,161.0
2023-07-13,21.008333333333333,1010.475,58.75,0.5,70.625,20.8875,3.0583333333333336,10.5,278.0
2023-07-14,19.466666666666665,1014.6125000000001,55.625,0.0,54.916666666666664,19.425,2.658333333333333,10.5,276.0
2023-07-15,18.795833333333334,1017.3791666666666,57.416666666666664,0.0,7.875,18.6125,1.9708333333333332,8.9,297.0
2023-07-16,23.795833333333334,1015.0875,47.208333333333336,0.0,23.083333333333332,23.445833333333336,2.779166666666667,10.9,96.0
2023-07-17,23.541666666666668,1014.4,58.541666666666664,0.0,34.0,23.316666666666666,1.9416666666666667,18.3,0.0
2023-07-18,17.708333333333332,1012.525,73.375,21.8,63.791666666666664,17.708333333333332,3.3625000000000003,13.4,286.0
2023-07-19,16.241666666666667,1010.6041666666666,65.125,0.0,48.125,16.241666666666667,3.0083333333333333,10.3,256.0
2023-07-20,16.979166666666668,1007.7125,63.333333333333336,0.0,64.41666666666667,16.979166666666668,2.279166666666667,9.7,246.0
2023-07-21,16.820833333333333,1010.0458333333332,62.375,0.0,62.208333333333336,16.820833333333333,2.8249999999999997,12.3,269.0
2023-07-22,15.654166666666667,1010.6333333333333,80.33333333333333,6.0,59.125,15.654166666666667,2.5375,9.9,114.0
2023-07-23,15.554166666666667,1011.8583333333332,75.66666666666667,0.5,65.79166666666667,15.554166666666667,2.0749999999999997,8.5,243.0
2023-07-24,18.775000000000002,1005.9250000000001,72.125,1.1,79.41666666666667,18.729166666666668,1.7916666666666667,7.0,192.0
2023-07-25,21.195833333333333,999.225,63.666666666666664,0.0,50.75,21.1125,3.275,10.3,125.0
2023-07-26,18.412499999999998,1002.5875,63.958333333333336,0.0,69.08333333333333,18.412499999999998,2.5166666666666666,8.6,285.0
2023-07-27,14.8375,1007.3708333333334,79.20833333333333,6.5,95.0,14.8375,2.4166666666666665,8.4,308.0
2023-07-28,16.020833333333332,1006.3708333333334,71.25,1.3,40.166666666666664,15.991666666666667,1.9124999999999999,8.4,185.0
2023-07-29,18.675,1007.025,67.79166666666667,0.8,55.333333333333336,18.55,2.4916666666666667,9.6,175.0
2023-07-30,16.3,1007.9375,84.25,9.9,62.75,16.3,2.1166666666666667,7.1,157.0
2023-07-31,18.129166666666666,1008.3375,78.79166666666667,1.1,47.541666666666664,18.129166666666666,1.9916666666666665,12.5,185.0
2023-08-01,19.695833333333333,1005.3583333333332,67.16666666666667,0.1,67.95833333333333,19.595833333333335,3.4791666666666665,14.8,142.0
2023-08-02,19.116666666666667,1003.1833333333334,80.58333333333333,4.3,67.95833333333333,19.1125,3.2375000000000003,8.7,157.0
2023-08-03,19.029166666666665,1003.3791666666666,75.0,0.9,67.5,19.016666666666666,3.591666666666667,14.5,163.0
2023-08-04,19.787499999999998,1008.85,66.0,0.0,35.041666666666664,19.675,3.266666666666667,10.1,216.0
2023-08-05,19.625,1013.5208333333334,77.45833333333333,22.799999999999997,50.166666666666664,19.604166666666668,1.7249999999999999,7.3,121.0
2023-08-06,25.724999999999998,1004.7041666666668,67.95833333333333,0.1,22.541666666666668,26.175,3.7458333333333336,15.4,116.0
2023-08-07,19.891666666666666,997.9125,83.33333333333333,57.5,83.45833333333333,20.0625,2.9375,18.8,281.0
2023-08-08,15.104166666666666,1007.0916666666667,71.83333333333333,0.7,75.83333333333333,15.104166666666666,3.9791666666666665,11.7,184.0
2023-08-09,14.808333333333332,1014.7416666666667,71.33333333333333,0.0,54.458333333333336,14.741666666666667,2.4541666666666666,8.3,142.0
2023-08-10,16.241666666666667,1020.0666666666666,74.70833333333333,2.1,63.666666666666664,16.241666666666667,1.4041666666666668,5.2,174.0
2023-08-11,16.854166666666668,1021.7833333333333,81.25,4.8,71.58333333333333,16.854166666666668,1.1041666666666667,5.0,3.0
2023-08-12,17.020833333333332,1021.0333333333333,67.29166666666667,0.0,2.6666666666666665,17.020833333333332,1.8958333333333333,8.2,313.0
2023-08-13,18.4875,1017.4708333333333,68.08333333333333,0.0,39.291666666666664,18.412499999999998,1.4291666666666665,5.6,182.0
2023-08-14,19.724999999999998,1020.1750000000001,69.16666666666667,0.0,38.708333333333336,19.654166666666665,1.9916666666666665,7.7,291.0
2023-08-15,23.066666666666666,1021.6208333333334,65.41666666666667,0.0,23.625,23.5625,2.275,8.2,125.0
2023-08-16,26.0125,1020.8458333333333,59.958333333333336,0.0,11.541666666666666,26.004166666666666,2.783333333333333,9.6,157.0
2023-08-17,26.2625,1020.8375,62.5,0.0,29.333333333333332,26.712500000000002,2.0875,6.4,115.0
2023-08-18,25.325,1022.0958333333333,62.541666666666664,0.0,6.791666666666667,25.479166666666668,2.2416666666666667,8.7,131.0
2023-08-19,23.962500000000002,1021.3541666666666,68.75,0.0,59.125,24.129166666666666,1.8333333333333333,8.9,163.0
2023-08-20,23.71666666666667,1018.5333333333333,68.66666666666667,0.0,20.416666666666668,23.916666666666668,1.2625,5.7,233.0
2023-08-21,20.279166666666665,1017.6041666666666,76.45833333333333,0.0,21.958333333333332,20.25,2.4499999999999997,8.7,276.0
2023-08-22,18.233333333333334,1017.125,69.0,0.0,52.833333333333336,18.233333333333334,3.158333333333333,10.1,278.0
2023-08-23,18.054166666666667,1016.2666666666668,66.95833333333333,0.0,17.875,17.983333333333334,2.2791666666666663,9.2,271.0
2023-08-24,16.599999999999998,1016.3291666666668,76.95833333333333,0.6000000000000001,64.29166666666667,16.599999999999998,1.5708333333333335,6.7,207.0
2023-08-25,18.075,1014.1291666666666,72.29166666666667,0.0,77.375,18.020833333333332,1.9541666666666666,6.4,138.0
2023-08-26,21.2,1010.2875,73.29166666666667,18.3,67.5,21.333333333333332,2.154166666666667,15.9,153.0
2023-08-27,20.587500000000002,1010.4458333333333,83.83333333333333,1.1,55.0,20.645833333333332,1.3625,5.7,168.0
2023-08-28,20.216666666666665,1007.8416666666667,75.625,0.2,62.25,20.216666666666665,3.0625,14.2,135.0
2023-08-29,18.016666666666666,1009.8249999999999,79.45833333333333,0.7,47.5,18.020833333333332,2.2375000000000003,14.3,4.0
2023-08-30,22.729166666666668,1003.9083333333333,70.70833333333333,1.0,52.833333333333336,22.895833333333332,2.4875000000000003,13.1,180.0
2023-08-31,18.020833333333332,1006.1916666666666,89.375,8.1,93.375,18.020833333333332,2.7416666666666667,8.8,214.0
2023-09-01,14.7125,1013.3208333333333,78.41666666666667,0.6,48.166666666666664,14.7125,2.8666666666666667,11.2,161.0
2023-09-02,15.916666666666666,1016.9041666666667,68.83333333333333,0.2,37.708333333333336,15.916666666666666,2.966666666666667,10.2,204.0
2023-09-03,15.420833333333334,1021.8041666666667,75.375,0.0,23.565217391304348,15.408333333333333,1.4416666666666667,6.1,126.0
2023-09-04,14.616666666666667,1025.9041666666667,75.75,0.0,19.916666666666668,14.616666666666667,1.3208333333333333,5.9,274.0
2023-09-05,16.691666666666666,1025.0708333333334,73.58333333333333,0.0,63.125,16.679166666666667,2.5875,9.2,144.0
2023-09-06,17.816666666666666,1023.2125,76.66666666666667,0.0,35.083333333333336,17.816666666666666,1.9291666666666665,7.2,219.0
2023-09-07,15.4375,1028.8916666666667,69.08333333333333,0.0,0.0,15.4375,1.0541666666666667,5.0,1.0
2023-09-08,15.054166666666667,1024.5249999999999,71.66666666666667,0.0,18.333333333333332,14.866666666666667,1.6916666666666667,7.5,153.0
2023-09-09,16.508333333333333,1022.4291666666667,69.0,0.0,31.958333333333332,16.4375,1.2375,5.4,127.0
2023-09-10,16.7625,1021.8125,68.70833333333333,0.0,30.333333333333332,16.7625,2.4083333333333337,6.9,144.0
2023-09-11,18.679166666666667,1016.6125000000001,65.70833333333333,0.0,30.916666666666668,18.604166666666668,2.0166666666666666,6.0,152.0
2023-09-12,19.229166666666668,1014.9041666666667,67.375,0.0,14.125,19.166666666666668,2.4458333333333333,8.2,125.0
2023-09-13,20.474999999999998,1013.4916666666667,63.458333333333336,0.0,6.333333333333333,20.441666666666666,2.733333333333333,8.7,142.0
2023-09-14,16.525000000000002,1013.9166666666666,79.79166666666667,1.4000000000000001,90.25,16.525000000000002,2.3541666666666665,9.2,327.0
2023-09-15,12.441666666666668,1024.3458333333333,73.33333333333333,0.0,14.166666666666666,12.295833333333334,1.7,7.0,13.0
2023-09-16,12.633333333333333,1027.7250000000001,69.5,0.0,0.0,12.633333333333333,1.8375000000000001,8.4,139.0
2023-09-17,15.366666666666667,1022.025,70.08333333333333,0.0,3.1666666666666665,15.120833333333332,2.7916666666666665,10.7,143.0
2023-09-18,18.341666666666665,1017.7875,74.75,0.0,21.0,18.329166666666666,2.066666666666667,8.1,118.0
2023-09-19,19.108333333333334,1009.8958333333334,71.66666666666667,0.0,48.666666666666664,19.075,3.3708333333333336,11.6,144.0
2023-09-20,17.375,1012.1625,69.70833333333333,0.0,44.458333333333336,17.375,2.1666666666666665,8.8,212.0
2023-09-21,16.733333333333334,1015.0458333333332,69.54166666666667,0.0,0.0,16.629166666666666,2.6625,8.9,131.0
2023-09-22,20.104166666666668,1011.6750000000001,63.583333333333336,0.0,7.916666666666667,20.05,4.770833333333333,14.7,138.0
2023-09-23,19.29583333333333,1010.9541666666668,71.375,22.0,71.08333333333333,19.29583333333333,3.7291666666666665,10.3,142.0
2023-09-24,14.9375,1021.8666666666667,86.0,0.0,61.208333333333336,14.9375,1.6791666666666665,6.6,280.0
2023-09-25,12.520833333333334,1031.7958333333333,77.125,0.0,1.1818181818181819,12.520833333333334,1.1125,3.9,97.0
2023-09-26,14.658333333333333,1030.4416666666666,75.41666666666667,0.0,6.833333333333333,14.604166666666666,2.058333333333333,6.5,104.0
2023-09-27,17.6875,1027.4041666666667,72.95833333333333,0.0,0.0,17.658333333333335,2.7916666666666665,8.8,149.0
2023-09-28,17.6875,1024.8666666666666,71.625,0.0,0.0,17.625,2.595833333333333,7.0,146.0
2023-09-29,17.216666666666665,1021.4958333333334,70.08333333333333,0.0,0.0,17.154166666666665,2.6666666666666665,9.3,149.0
2023-09-30,14.4,1016.3791666666666,76.33333333333333,0.2,58.0,14.4,2.4875000000000003,9.7,147.0
2023-10-01,12.220833333333333,1017.9916666666667,82.91666666666667,0.0,53.333333333333336,12.066666666666668,2.495833333333333,10.4,236.0
2023-10-02,11.9375,1020.9499999999999,81.70833333333333,0.0,60.8,11.720833333333333,2.0625,8.8,211.0
2023-10-03,16.729166666666668,1014.025,74.75,0.0,76.33333333333333,16.729166666666668,3.775,12.6,184.0
2023-10-04,13.591666666666667,1011.0083333333333,79.08333333333333,7.8,77.875,13.591666666666667,4.5874999999999995,18.2,185.0
2023-10-05,10.808333333333332,1013.2541666666666,85.79166666666667,3.4,85.79166666666667,10.041666666666666,4.8374999999999995,16.6,211.0
2023-10-06,9.633333333333333,1017.1208333333334,74.04166666666667,0.7,61.625,8.1,4.016666666666667,15.4,287.0
2023-10-07,11.166666666666666,1000.9333333333334,80.125,3.0,87.20833333333333,10.120833333333334,6.3999999999999995,20.1,260.0
2023-10-08,5.491666666666667,1008.2541666666666,70.625,0.0,49.208333333333336,1.5958333333333332,5.883333333333333,17.5,272.0
2023-10-09,4.55,1016.2541666666666,83.95833333333333,0.6,58.125,2.2208333333333337,2.8541666666666665,9.6,257.0
2023-10-10,4.8125,1019.2333333333332,78.25,0.0,35.583333333333336,3.9000000000000004,1.7708333333333333,7.5,283.0
2023-10-11,8.129166666666666,1013.5791666666668,84.29166666666667,0.0,82.54166666666667,6.595833333333334,3.9916666666666667,10.8,169.0
2023-10-12,12.933333333333332,1004.6791666666667,79.16666666666667,5.6,85.125,12.933333333333332,4.075,14.5,210.0
2023-10-13,9.65,1013.2541666666666,77.5,0.0,45.541666666666664,8.658333333333333,3.220833333333333,9.0,221.0
2023-10-14,14.845833333333333,1002.3041666666667,83.16666666666667,1.1,84.75,14.791666666666666,4.429166666666666,14.0,179.0
2023-10-15,8.012500000000001,1005.2125,80.25,0.30000000000000004,63.375,5.854166666666667,3.733333333333333,11.8,208.0
2023-10-16,6.5125,1008.9208333333332,75.66666666666667,0.7999999999999999,62.708333333333336,4.241666666666666,3.204166666666667,11.7,267.0
2023-10-17,5.366666666666667,1015.6958333333333,78.45833333333333,0.0,53.291666666666664,3.65,2.9583333333333335,13.2,238.0
2023-10-18,6.066666666666666,1010.5458333333332,88.83333333333333,10.3,85.58333333333333,3.608333333333333,3.3791666666666664,10.2,217.0
2023-10-19,2.7875,1011.3208333333333,87.04166666666667,0.0,81.5,2.0500000000000003,1.3333333333333333,5.7,48.0
2023-10-20,1.6458333333333333,1007.2875,88.33333333333333,0.5,98.5,-1.5041666666666667,3.108333333333333,11.1,52.0
2023-10-21,4.229166666666667,1008.9958333333334,92.04166666666667,7.8,100.0,0.7916666666666666,4.204166666666667,14.8,53.0
2023-10-22,7.55,1008.6333333333333,98.875,15.9,100.0,6.2749999999999995,2.0749999999999997,6.2,135.0
2023-10-23,8.291666666666666,1008.75,97.79166666666667,25.7,100.0,6.6875,2.85,9.6,274.0
2023-10-24,7.708333333333333,1014.1750000000001,94.66666666666667,1.6,79.95652173913044,6.895833333333333,1.7708333333333333,6.4,277.0
2023-10-25,6.1499999999999995,1007.7333333333332,94.75,14.6,96.63636363636364,3.8541666666666665,3.225,11.1,85.0
2023-10-26,1.8791666666666667,1000.725,96.625,8.8,100.0,-1.325,3.158333333333333,11.3,73.0
2023-10-27,2.308333333333333,996.0708333333333,97.79166666666667,0.2,100.0,1.1708333333333334,1.5083333333333335,5.5,35.0
2023-10-28,1.2750000000000001,999.1708333333332,96.08333333333333,0.2,100.0,-1.3499999999999999,2.35,6.0,304.0
2023-10-29,1.5719999999999998,1010.064,87.56,1.6,76.12,-0.532,2.5839999999999996,10.7,147.0
2023-10-30,9.9625,1005.2125,89.79166666666667,2.6,71.66666666666667,8.841666666666667,3.158333333333333,10.8,167.0
2023-10-31,10.766666666666666,1002.475,86.41666666666667,0.1,83.54166666666667,10.029166666666667,3.8333333333333335,11.4,125.0
2023-11-01,8.641666666666667,1004.2541666666666,85.41666666666667,0.5,99.0,7.008333333333333,3.170833333333333,10.1,188.0
2023-11-02,5.579166666666667,1008.1,79.79166666666667,0.0,25.583333333333332,4.041666666666667,2.379166666666667,8.0,121.0
2023-11-03,8.375,1000.7833333333333,81.0,0.0,51.708333333333336,6.4875,5.625,16.2,130.0
2023-11-04,8.5875,995.6833333333334,82.58333333333333,4.1,96.5,6.8374999999999995,4.8999999999999995,14.6,139.0
2023-11-05,6.45,991.9583333333334,91.54166666666667,1.1,76.45454545454545,4.854166666666667,2.908333333333333,11.0,141.0
2023-11-06,8.320833333333333,993.15,96.16666666666667,7.2,98.5,6.654166666666666,2.983333333333333,10.7,213.0
2023-11-07,8.237499999999999,1008.1458333333334,86.625,1.7000000000000002,84.58333333333333,6.170833333333333,3.7583333333333333,10.5,213.0
2023-11-08,6.579166666666667,1010.4375,90.66666666666667,0.5,88.75,4.608333333333333,2.7624999999999997,6.6,182.0
2023-11-09,5.8625,1012.0458333333332,93.04166666666667,0.5,80.875,3.6750000000000003,2.841666666666667,7.7,209.0
2023-11-10,5.3,1008.5916666666667,83.375,0.0,84.70833333333333,2.3375,3.841666666666667,9.6,155.0
2023-11-11,5.3,1004.3375,90.29166666666667,0.0,95.5,3.9416666666666664,2.0166666666666666,6.7,121.0
2023-11-12,5.258333333333334,999.7083333333334,98.125,1.1,100.0,3.029166666666667,2.9791666666666665,9.5,281.0
2023-11-13,4.795833333333333,1003.7958333333332,90.375,1.3,94.91666666666667,1.4916666666666665,4.258333333333334,11.2,261.0
2023-11-14,3.1791666666666667,1001.2291666666666,93.08333333333333,0.0,97.45833333333333,1.4083333333333332,1.9583333333333333,6.1,90.0
2023-11-15,2.654166666666667,1002.0375,95.20833333333333,1.9000000000000001,100.0,0.29583333333333334,2.3874999999999997,7.7,82.0
2023-11-16,0.6833333333333332,1014.525,92.29166666666667,0.0,98.0,-0.7041666666666667,1.4583333333333333,6.3,323.0
2023-11-17,-0.13749999999999998,1018.6750000000001,92.125,0.7,100.0,-2.2916666666666665,1.8875,7.4,91.0
2023-11-18,-1.3875,1023.9708333333333,85.0,0.0,97.5,-2.8375,1.5625,6.6,88.0
2023-11-19,-0.6375000000000001,1019.0916666666667,87.125,0.0,95.875,-2.1416666666666666,1.6583333333333332,6.7,113.0
2023-11-20,-1.1666666666666667,1014.1291666666666,71.58333333333333,0.0,76.625,-4.266666666666667,2.5541666666666667,9.2,111.0
2023-11-21,-3.6791666666666667,1018.9125,68.83333333333333,0.0,82.95833333333333,-5.3999999999999995,1.6916666666666667,7.7,65.0
2023-11-22,-5.9375,1025.6166666666666,76.45833333333333,0.0,66.33333333333333,-8.549999999999999,1.7833333333333332,7.6,4.0
2023-11-23,-0.7208333333333333,997.2166666666667,89.875,15.5,97.0,-6.066666666666666,5.454166666666667,15.0,187.0
2023-11-24,1.2166666666666666,981.9958333333334,91.29166666666667,3.0,90.29166666666667,-3.0708333333333333,4.4624999999999995,13.2,265.0
2023-11-25,-0.6708333333333334,992.775,91.0,1.2,96.0,-3.7708333333333335,2.629166666666667,7.9,200.0
2023-11-26,-4.416666666666667,1001.6999999999999,86.04166666666667,1.1,99.0,-8.220833333333333,2.5083333333333333,7.2,306.0
2023-11-27,-6.4624999999999995,1003.0,89.83333333333333,0.0,96.95833333333333,-11.725,3.5749999999999997,11.9,307.0
2023-11-28,-6.016666666666667,1000.1666666666666,83.45833333333333,0.0,57.5,-10.7125,3.125,11.0,156.0
2023-11-29,-7.141666666666667,1003.7208333333333,89.08333333333333,3.8,99.5,-11.083333333333334,2.6750000000000003,11.1,317.0
2023-11-30,-5.358333333333333,1004.0041666666666,89.625,0.2,97.0,-10.325000000000001,3.4625,10.2,182.0
2023-12-01,-4.1375,1002.7833333333333,90.66666666666667,0.0,100.0,-8.441666666666666,3.016666666666667,7.4,181.0
2023-12-02,-2.9875000000000003,1008.0083333333333,94.375,0.0,98.36363636363636,-3.8708333333333336,1.2833333333333334,5.5,234.0
2023-12-03,-5.304166666666666,1012.2375000000001,92.375,1.7,95.0,-7.583333333333333,1.6291666666666667,6.1,330.0
2023-12-04,-2.8166666666666664,1015.9375,91.125,1.6,98.5,-6.629166666666666,2.7916666666666665,7.8,210.0
2023-12-05,-3.2583333333333333,1021.5,92.0,0.2,98.0,-5.683333333333334,1.8,4.8,155.0
2023-12-06,-5.779166666666666,1024.8708333333332,91.66666666666667,0.0,91.20833333333333,-9.133333333333333,2.0500000000000003,5.7,40.0
2023-12-07,-4.220833333333333,1027.9458333333334,81.875,0.0,98.0,-8.483333333333333,2.954166666666667,9.2,115.0
2023-12-08,-5.504166666666666,1026.0833333333333,86.04166666666667,0.0,100.0,-8.454166666666667,2.029166666666667,7.0,103.0
2023-12-09,-5.091666666666667,1021.3166666666666,90.33333333333333,0.3,100.0,-9.4,3.1750000000000003,9.8,138.0
2023-12-10,-3.125,1014.9333333333334,90.5,1.4,100.0,-8.145833333333334,4.045833333333333,10.1,139.0
2023-12-11,-2.595833333333333,1006.5458333333332,92.625,4.1,100.0,-8.091666666666667,4.883333333333334,10.0,137.0
2023-12-12,0.225,1003.5124999999999,98.70833333333333,4.2,100.0,-2.9458333333333333,2.795833333333333,8.7,153.0
2023-12-13,0.10833333333333334,1008.3166666666666,100.0,0.2,100.0,-0.9416666666666668,1.4166666666666667,4.2,51.0
2023-12-14,0.15416666666666667,1012.0958333333333,99.08333333333333,5.5,99.4,-2.220833333333333,2.029166666666667,7.9,13.0
2023-12-15,-2.5749999999999997,1022.6416666666668,88.45833333333333,0.0,96.41666666666667,-5.9624999999999995,2.525,8.1,265.0
2023-12-16,1.5041666666666667,1025.1875,98.16666666666667,0.8,100.0,-1.6833333333333333,3.029166666666667,8.9,217.0
2023-12-17,5.033333333333333,1018.6583333333333,97.70833333333333,5.0,100.0,1.8208333333333335,4.179166666666666,13.6,250.0
2023-12-18,5.891666666666667,1016.8833333333333,96.875,1.6,100.0,3.141666666666667,3.733333333333333,12.8,266.0
2023-12-19,5.933333333333334,1009.1875,96.16666666666667,3.2,100.0,2.9125,4.220833333333333,12.9,212.0
2023-12-20,3.279166666666667,1000.7666666666668,96.04166666666667,2.2,95.5,0.6666666666666666,2.7541666666666664,9.2,198.0
2023-12-21,1.6041666666666667,989.1916666666666,94.375,3.8000000000000003,96.5,-2.7541666666666664,4.833333333333333,14.2,160.0
2023-12-22,1.5875000000000001,973.3249999999999,89.0,1.9,93.41666666666667,-2.9916666666666667,5.166666666666667,13.6,178.0
2023-12-23,-2.3129646346357427e-18,977.4791666666666,96.625,3.5,99.0,-4.7375,4.695833333333334,12.8,237.0
2023-12-24,-0.7916666666666666,994.225,93.04166666666667,1.6,95.95833333333333,-5.129166666666666,3.8833333333333333,10.2,265.0
2023-12-25,2.483333333333333,986.1458333333334,92.58333333333333,6.2,96.91666666666667,-2.066666666666667,5.658333333333334,14.9,168.0
2023-12-26,2.3125,996.5833333333334,91.25,5.7,96.45833333333333,-1.6583333333333332,4.575,16.3,258.0
2023-12-27,1.6500000000000001,1008.0416666666666,86.20833333333333,0.8999999999999999,93.0,-2.5833333333333335,4.641666666666667,16.0,273.0
2023-12-28,0.7666666666666666,1013.6875,89.41666666666667,0.0,95.0,-2.8375,3.4625,9.5,155.0
2023-12-29,4.425,1004.6833333333334,92.54166666666667,1.9000000000000001,95.0,1.0583333333333333,4.170833333333333,11.1,204.0
2023-12-30,4.141666666666667,1003.0416666666666,90.83333333333333,3.8,93.45833333333333,0.9541666666666667,3.8083333333333336,11.3,202.0
2023-12-31,1.4791666666666667,1012.0541666666667,85.375,0.6000000000000001,97.5,-1.3666666666666665,3.0583333333333336,11.4,273.0
2024-01-01,-1.7208333333333332,1011.6374999999999,80.29166666666667,0.0,100.0,-5.1125,2.6625,9.8,69.0
2024-01-02,-7.558333333333334,1010.6791666666667,76.91666666666667,0.0,98.5,-12.508333333333333,2.954166666666667,8.1,52.0
2024-01-03,-9.779166666666667,1003.6833333333334,79.16666666666667,0.1,100.0,-15.716666666666667,3.4250000000000003,9.8,72.0
2024-01-04,-9.25,997.2541666666666,83.04166666666667,2.7,99.5,-14.204166666666666,2.6833333333333336,7.8,68.0
2024-01-05,-8.220833333333333,1004.3916666666668,85.5,2.6,88.125,-12.691666666666668,2.8000000000000003,9.7,188.0
2024-01-06,-9.104166666666666,1015.8666666666667,81.875,0.0,88.69565217391305,-11.5875,1.6083333333333334,5.6,225.0
2024-01-07,-17.516666666666666,1027.4750000000001,82.29166666666667,0.0,41.875,-22.287499999999998,1.9041666666666668,6.3,27.0
2024-01-08,-18.629166666666666,1035.4291666666666,78.79166666666667,0.0,18.916666666666668,-21.604166666666668,1.4666666666666668,4.4,1.0
2024-01-09,-7.179166666666667,1031.875,90.20833333333333,0.4,95.875,-10.5,2.6416666666666666,11.9,243.0
2024-01-10,0.2333333333333333,1024.5583333333334,97.66666666666667,0.9,100.0,-4.166666666666667,4.295833333333333,11.6,280.0
2024-01-11,-0.5541666666666667,1014.8125,80.625,0.9,79.79166666666667,-5.395833333333333,4.8125,13.7,291.0
2024-01-12,-7.054166666666667,1016.3833333333333,82.625,4.7,73.04166666666667,-11.1,2.9291666666666667,10.2,223.0
2024-01-13,-8.579166666666667,1010.8916666666668,83.95833333333333,0.4,97.0,-14.483333333333334,3.8125,11.7,152.0
2024-01-14,-3.7583333333333333,992.8583333333332,94.33333333333333,4.9,99.0,-8.549999999999999,3.579166666666667,10.2,152.0
2024-01-15,-0.41250000000000003,985.5083333333333,96.79166666666667,6.0,98.5,-4.8,4.0249999999999995,11.8,215.0
2024-01-16,-5.695833333333333,994.0458333333332,83.5,3.1,66.79166666666667,-11.8125,4.908333333333333,16.5,288.0
2024-01-17,-11.608333333333334,1008.9708333333333,84.375,0.0,45.041666666666664,-18.041666666666668,3.920833333333333,13.0,137.0
2024-01-18,-5.529166666666666,993.3208333333333,88.54166666666667,1.1,99.0,-10.420833333333333,3.716666666666667,13.8,139.0
2024-01-19,-4.6,1005.8333333333334,91.29166666666667,0.2,75.20833333333333,-9.0,3.2541666666666664,10.0,224.0
2024-01-20,-3.4791666666666665,1013.7666666666668,92.45833333333333,4.9,100.0,-7.766666666666667,3.170833333333333,8.8,19.0
2024-01-21,-4.458333333333333,1030.1041666666667,87.0,0.0,99.0,-8.983333333333333,3.5541666666666667,10.3,169.0
2024-01-22,-2.283333333333333,1018.3041666666667,82.20833333333333,0.5,96.0,-8.9125,7.154166666666666,15.3,173.0
2024-01-23,1.6333333333333335,1011.9333333333334,94.33333333333333,0.4,100.0,-2.475,4.3,11.1,203.0
2024-01-24,1.8083333333333333,1005.2041666666668,93.54166666666667,7.5,98.5,-2.5458333333333334,4.866666666666666,12.8,180.0
2024-01-25,1.5250000000000001,999.5625,96.58333333333333,5.6,100.0,-2.65,4.35,11.3,238.0
2024-01-26,-1.2833333333333334,1016.5333333333333,96.70833333333333,0.30000000000000004,100.0,-4.829166666666667,2.908333333333333,10.4,317.0
2024-01-27,-1.9625000000000001,1019.3458333333333,92.0,0.0,99.0,-4.870833333333334,2.3874999999999997,7.0,130.0
2024-01-28,-0.2708333333333333,1033.0541666666666,97.33333333333333,0.2,100.0,-1.7625,1.5999999999999999,5.7,145.0
2024-01-29,0.7708333333333334,1036.2,92.625,0.0,93.375,-2.8333333333333335,3.5124999999999997,10.5,205.0
2024-01-30,0.26666666666666666,1031.0625,86.625,0.0,73.625,-3.058333333333333,3.0208333333333335,8.5,178.0
2024-01-31,0.10416666666666667,1024.2416666666666,93.20833333333333,0.1,86.625,-2.9625,2.725,11.7,207.0
2024-02-01,1.0541666666666667,1011.0625,88.375,2.2,98.0,-3.216666666666667,4.420833333333333,13.7,235.0
2024-02-02,0.325,1012.625,86.20833333333333,0.5,48.625,-3.954166666666667,4.229166666666667,12.7,276.0
2024-02-03,3.3791666666666664,999.0416666666666,94.0,3.4000000000000004,100.0,-0.6833333333333332,5.029166666666667,13.8,272.0
2024-02-04,2.3041666666666667,997.4708333333333,88.04166666666667,6.5,97.5,-1.925,4.879166666666667,13.6,263.0
2024-02-05,0.6041666666666666,993.8000000000001,88.875,6.2,88.79166666666667,-3.7083333333333335,4.3374999999999995,19.6,271.0
2024-02-06,-1.2333333333333334,998.8666666666667,91.91666666666667,2.8,86.08333333333333,-2.920833333333333,1.6541666666666668,6.5,117.0
2024-02-07,-0.1166666666666667,989.0958333333333,80.95833333333333,7.4,95.5,-4.920833333333333,5.104166666666667,17.1,254.0
2024-02-08,-2.8708333333333336,1002.975,72.25,0.0,79.875,-6.020833333333333,2.2916666666666665,7.4,304.0
2024-02-09,-1.9333333333333333,1004.7958333333332,73.875,0.0,65.25,-5.0874999999999995,2.3291666666666666,6.5,156.0
2024-02-10,-1.325,1004.2208333333333,84.75,0.2,98.5,-5.483333333333333,3.483333333333333,9.9,93.0
2024-02-11,0.5625,1004.1999999999999,92.16666666666667,0.5,100.0,-2.4916666666666667,2.6458333333333335,8.0,109.0
2024-02-12,1.9708333333333332,1001.8791666666666,98.04166666666667,0.5,100.0,-0.6416666666666667,2.4625,7.3,120.0
2024-02-13,2.275,1009.8541666666666,98.45833333333333,0.39999999999999997,100.0,0.21666666666666665,2.0625,6.5,135.0
2024-02-14,0.9125,1021.6416666666668,92.41666666666667,0.0,85.54166666666667,-0.8125,1.6916666666666667,6.9,117.0
2024-02-15,0.6833333333333332,1025.175,90.04166666666667,0.3,95.45833333333333,-2.954166666666667,3.4458333333333333,8.4,138.0
2024-02-16,2.066666666666667,1023.7791666666667,87.33333333333333,0.0,64.08333333333333,-2.154166666666667,4.683333333333334,10.3,163.0
2024-02-17,2.183333333333333,1018.6958333333333,91.70833333333333,2.7,89.91304347826087,-2.0458333333333334,4.816666666666666,13.4,172.0
2024-02-18,-0.42500000000000004,1030.7749999999999,68.70833333333333,0.1,62.125,-3.158333333333333,2.6458333333333335,11.1,312.0
2024-02-19,-1.4166666666666667,1024.9125000000001,68.375,0.0,88.08333333333333,-6.108333333333333,4.641666666666667,12.8,145.0
2024-02-20,-0.6749999999999999,1014.9041666666667,92.70833333333333,1.9,100.0,-4.016666666666667,3.016666666666667,11.0,289.0
2024-02-21,1.1166666666666667,1015.1875,97.04166666666667,2.4000000000000004,100.0,-1.3,2.4916666666666667,6.7,158.0
2024-02-22,4.195833333333334,1006.3249999999999,93.875,1.0999999999999999,93.08695652173913,1.5166666666666666,3.1999999999999997,9.9,135.0
2024-02-23,6.020833333333333,1001.7958333333332,90.16666666666667,5.0,97.45833333333333,2.9125,4.425,10.8,137.0
2024-02-24,7.366666666666667,1007.6333333333333,89.79166666666667,1.9000000000000001,96.95833333333333,4.883333333333334,4.070833333333334,11.4,138.0
2024-02-25,4.429166666666666,1014.3791666666666,94.0,0.0,91.95833333333333,3.4458333333333333,1.7,6.9,40.0
2024-02-26,8.154166666666667,1011.9250000000001,95.58333333333333,6.4,95.95833333333333,6.4125000000000005,2.8708333333333336,6.9,123.0
2024-02-27,7.320833333333333,1016.4708333333333,93.95833333333333,8.1,96.5,5.7875000000000005,2.4,7.4,114.0
2024-02-28,7.6499999999999995,1017.525,89.54166666666667,3.6999999999999997,95.0,6.0625,2.595833333333333,6.6,149.0
2024-02-29,3.7416666666666667,1023.35,88.79166666666667,0.2,99.0,2.3249999999999997,2.0,7.9,121.0
2024-03-01,5.695833333333333,1021.7083333333334,83.79166666666667,0.0,51.166666666666664,3.404166666666667,3.529166666666667,12.0,112.0
2024-03-02,5.75,1020.0833333333334,69.75,0.0,0.0,3.625,3.1875,10.5,112.0
2024-03-03,3.6666666666666665,1019.7458333333334,65.83333333333333,0.0,28.791666666666668,0.9333333333333332,3.1166666666666667,11.0,107.0
2024-03-04,1.7833333333333332,1018.7833333333333,74.875,0.0,95.41666666666667,-0.8583333333333334,2.5166666666666666,8.7,79.0
2024-03-05,2.6791666666666667,1021.1833333333334,71.875,0.0,78.75,-0.2125,2.9791666666666665,10.1,66.0
2024-03-06,0.775,1027.8958333333333,62.708333333333336,0.0,0.0,-1.5333333333333332,2.3125,9.0,45.0
2024-03-07,-0.19166666666666665,1028.0874999999999,62.333333333333336,0.0,0.0,-0.8999999999999999,1.2625,5.1,302.0
2024-03-08,-0.16249999999999995,1022.8166666666667,72.91666666666667,0.0,12.0,-1.7166666666666666,1.7541666666666667,6.8,303.0
2024-03-09,-1.3,1020.7708333333334,81.45833333333333,0.0,75.625,-3.266666666666667,1.6624999999999999,5.3,31.0
2024-03-10,0.19999999999999996,1022.3083333333334,58.916666666666664,0.0,17.208333333333332,-2.5708333333333333,2.6416666666666666,10.3,99.0
2024-03-11,1.0458333333333334,1023.8625000000001,44.75,0.0,22.0,-2.8874999999999997,4.029166666666667,12.3,124.0
2024-03-12,1.6500000000000001,1019.5041666666666,69.625,0.6,93.375,-1.9791666666666667,3.6791666666666667,9.7,116.0
2024-03-13,1.5625,1019.5583333333334,88.54166666666667,0.0,100.0,-1.75,3.1625,8.5,139.0
2024-03-14,3.454166666666667,1019.2125,85.58333333333333,0.0,91.75,0.6916666666666668,3.0041666666666664,9.0,158.0
2024-03-15,5.05,1017.2083333333334,80.0,0.0,83.58333333333333,2.2875,3.7249999999999996,8.0,166.0
2024-03-16,6.875,1013.1541666666667,79.41666666666667,2.7,79.91666666666667,4.7250000000000005,3.908333333333333,10.4,162.0
2024-03-17,4.375,1012.7666666666668,81.95833333333333,0.3,93.33333333333333,1.7,3.2083333333333335,11.1,250.0
2024-03-18,2.0208333333333335,1017.4958333333334,81.08333333333333,0.0,93.375,0.9833333333333334,1.5374999999999999,8.3,225.0
2024-03-19,3.2291666666666665,1021.9458333333333,88.16666666666667,0.0,94.375,1.0958333333333334,2.2416666666666667,6.8,317.0
2024-03-20,4.7124999999999995,1023.4875000000001,80.58333333333333,0.0,85.61111111111111,3.9,1.429166666666667,5.6,350.0
2024-03-21,4.3125,1021.7833333333333,76.16666666666667,0.0,43.416666666666664,1.9000000000000001,2.8249999999999997,8.3,154.0
2024-03-22,5.308333333333334,1013.1416666666668,88.58333333333333,0.5,99.5,2.9625,2.9499999999999997,8.1,167.0
2024-03-23,6.604166666666667,1002.1833333333334,84.75,3.2,96.5,4.929166666666666,2.6,8.9,261.0
2024-03-24,3.2541666666666664,1000.0958333333333,86.83333333333333,6.0,83.41666666666667,0.49166666666666664,3.1,10.7,27.0
2024-03-25,2.9,1004.35,84.79166666666667,0.8,71.47826086956522,1.0999999999999999,1.9666666666666668,8.0,150.0
2024-03-26,4.666666666666667,1009.6833333333334,77.375,0.0,38.21739130434783,3.266666666666667,2.125,7.3,156.0
2024-03-27,8.479166666666666,1007.0208333333334,53.958333333333336,0.0,49.791666666666664,6.675,5.6875,15.5,136.0
2024-03-28,10.35,999.5333333333333,59.125,0.1,43.416666666666664,8.862499999999999,5.129166666666666,11.5,131.0
2024-03-29,9.5375,1001.6708333333332,73.79166666666667,0.7,74.16666666666667,8.304166666666667,3.6166666666666667,12.2,244.0
2024-03-30,12.266666666666666,1007.6999999999999,61.291666666666664,0.0,49.666666666666664,11.445833333333333,2.5416666666666665,8.1,40.0
2024-03-31,16.921739130434784,1005.2173913043479,55.82608695652174,0.0,47.04347826086956,16.804347826086957,3.71304347826087,12.0,153.0
2024-04-01,16.5625,1000.8125,49.041666666666664,0.0,32.083333333333336,16.5625,3.1125000000000003,10.1,166.0
2024-04-02,13.450000000000001,994.5749999999999,66.79166666666667,0.4,88.25,12.808333333333332,3.8833333333333333,14.3,113.0
2024-04-03,3.595833333333333,994.9583333333334,83.04166666666667,3.4,99.5,-0.9874999999999999,6.358333333333333,17.8,271.0
2024-04-04,1.9625000000000001,1013.2666666666668,79.29166666666667,0.5,97.5,-0.5666666666666667,2.558333333333333,9.8,102.0
2024-04-05,6.479166666666667,1012.6875,87.95833333333333,2.5,87.625,4.358333333333333,3.3125,9.7,126.0
2024-04-06,9.137500000000001,1011.8916666666668,91.83333333333333,12.5,94.91666666666667,8.029166666666667,3.220833333333333,11.2,199.0
2024-04-07,10.179166666666667,1019.5625,84.45833333333333,0.0,80.33333333333333,9.487499999999999,2.858333333333333,7.8,154.0
2024-04-08,15.045833333333334,1016.5375,74.375,0.0,53.958333333333336,14.979166666666666,1.8625,7.0,118.0
2024-04-09,19.383333333333333,1012.8166666666666,63.125,0.0,31.458333333333332,19.291666666666668,2.6958333333333333,8.6,153.0
2024-04-10,16.349999999999998,1016.7458333333334,64.20833333333333,0.0,26.666666666666668,16.208333333333332,3.3666666666666667,11.8,294.0
2024-04-11,9.987499999999999,1028.1375,60.166666666666664,0.0,40.291666666666664,8.841666666666667,3.5,11.9,272.0
2024-04-12,11.799999999999999,1024.5375000000001,68.58333333333333,0.0,81.0,11.6,4.2125,11.7,272.0
2024-04-13,10.2875,1018.2541666666666,85.75,1.8,98.5,9.85,3.5875,10.9,274.0
2024-04-14,10.270833333333334,1010.0208333333334,77.16666666666667,2.7,64.79166666666667,9.2125,4.516666666666667,18.9,204.0
2024-04-15,7.841666666666666,1005.5416666666666,59.791666666666664,0.0,72.25,5.5249999999999995,5.141666666666667,15.2,255.0
2024-04-16,4.091666666666667,998.8000000000001,85.29166666666667,6.2,79.875,2.2125,2.595833333333333,13.3,144.0
2024-04-17,6.566666666666666,1001.3375,74.125,0.8,93.375,5.045833333333333,2.2958333333333334,9.3,312.0
2024-04-18,6.991666666666667,1006.5083333333333,69.5,0.1,76.75,6.45,1.9583333333333333,9.2,352.0
2024-04-19,5.058333333333334,1003.9333333333334,78.54166666666667,0.5,72.16666666666667,2.595833333333333,3.1166666666666667,9.1,313.0
2024-04-20,5.033333333333333,1009.0124999999999,88.5,4.8999999999999995,95.0,3.0625,2.779166666666667,15.2,151.0
2024-04-21,5.0625,1017.0583333333334,90.20833333333333,1.6,98.0,2.829166666666667,2.7916666666666665,9.6,345.0
2024-04-22,0.9083333333333333,1011.3916666666668,98.58333333333333,25.6,100.0,-3.35,4.325,11.9,256.0
2024-04-23,2.0,1020.0,79.58333333333333,0.0,97.45833333333333,-0.6666666666666666,2.725,10.4,245.0
2024-04-24,3.5124999999999997,1010.8041666666667,93.58333333333333,9.4,91.29166666666667,1.6916666666666667,2.2583333333333333,8.2,53.0
2024-04-25,6.554166666666667,1003.525,91.58333333333333,5.8,88.625,4.833333333333333,2.6458333333333335,8.9,234.0
2024-04-26,7.191666666666666,1012.4291666666667,72.20833333333333,0.0,51.578947368421055,6.870833333333334,1.7166666666666668,8.1,111.0
2024-04-27,10.379166666666666,1018.8541666666666,58.833333333333336,0.0,74.16666666666667,9.991666666666667,2.525,8.0,139.0
2024-04-28,14.691666666666668,1023.7541666666666,52.416666666666664,0.0,42.25,14.566666666666668,1.8375000000000001,6.9,156.0
2024-04-29,16.495833333333334,1028.075,52.666666666666664,0.0,18.916666666666668,16.466666666666665,3.641666666666667,13.2,143.0
2024-04-30,16.849999999999998,1029.3916666666667,47.5,0.0,8.958333333333334,16.849999999999998,3.475,12.3,171.0
2024-05-01,17.183333333333334,1023.5208333333334,47.375,0.0,0.0,17.083333333333332,2.0416666666666665,8.8,129.0
2024-05-02,17.1375,1017.6583333333333,52.958333333333336,0.0,0.0,17.05,2.3958333333333335,9.7,65.0
2024-05-03,14.841666666666667,1016.6374999999999,45.791666666666664,0.0,18.416666666666668,14.720833333333333,2.6583333333333337,8.9,79.0
2024-05-04,15.637500000000001,1015.2166666666667,50.25,0.0,33.0,15.508333333333333,2.3541666666666665,7.4,162.0
2024-05-05,16.150000000000002,1010.3083333333334,55.875,0.0,29.875,16.150000000000002,1.6791666666666665,7.2,324.0
2024-05-06,12.683333333333332,1005.9250000000001,81.45833333333333,3.4000000000000004,85.20833333333333,12.637500000000001,1.9083333333333332,6.3,24.0
2024-05-07,7.779166666666666,1013.2375000000001,68.70833333333333,0.0,62.041666666666664,6.129166666666666,3.1999999999999997,11.3,318.0
2024-05-08,6.625,1024.4333333333334,59.208333333333336,0.0,12.583333333333334,6.166666666666667,2.216666666666667,9.7,189.0
2024-05-09,6.3125,1026.3125,65.16666666666667,0.5,91.25,5.133333333333334,2.033333333333333,7.3,209.0
2024-05-10,9.775,1017.875,87.375,3.6,82.04166666666667,9.012500000000001,2.8666666666666667,9.9,246.0
2024-05-11,7.958333333333333,1020.9166666666666,57.25,0.0,20.458333333333332,6.7749999999999995,3.1125000000000003,12.3,325.0
2024-05-12,8.966666666666667,1023.5958333333333,50.833333333333336,0.0,3.7083333333333335,8.200000000000001,2.1875,10.0,318.0
2024-05-13,12.579166666666666,1020.9958333333334,47.75,0.0,49.625,12.533333333333333,1.4541666666666666,5.9,295.0
2024-05-14,14.170833333333334,1020.3874999999999,53.416666666666664,0.0,80.83333333333333,14.158333333333333,1.8416666666666668,6.3,20.0
2024-05-15,14.083333333333334,1024.4041666666667,53.416666666666664,0.0,80.375,14.058333333333332,1.8541666666666667,8.7,143.0
2024-05-16,13.366666666666667,1026.225,51.875,0.0,21.416666666666668,13.270833333333334,2.0166666666666666,9.5,148.0
2024-05-17,15.512500000000001,1022.8375,54.208333333333336,0.0,8.916666666666666,15.483333333333334,1.1666666666666667,5.9,6.0
2024-05-18,15.76,1017.61,71.1,1.3,8.333333333333334,13.0,0.39999999999999997,2.4,28.0
2024-05-19,16.1125,1014.8375,73.0,0.3,48.085038986354775,15.816574074074074,1.6910185185185187,8.2,52.111111111111114
2024-05-20,16.62272727272727,1014.7272727272727,74.9090909090909,0.2,51.473684210526315,17.145,1.5150000000000001,9.3,3.0
2024-05-21,16.4375,1017.0124999999999,81.33333333333333,9.5,75.20833333333333,16.404166666666665,1.2750000000000001,10.3,38.0
2024-05-22,18.833333333333332,1016.9166666666666,66.41666666666667,0.0,44.416666666666664,18.754166666666666,2.5375,10.9,45.0
2024-05-23,20.166666666666668,1019.3916666666668,61.708333333333336,0.5,61.791666666666664,20.075,2.6125000000000003,10.5,38.0
2024-05-24,20.620833333333334,1023.6791666666667,57.666666666666664,0.0,17.416666666666668,20.495833333333334,2.6083333333333334,10.6,119.0
2024-05-25,18.333333333333332,1024.1458333333333,69.625,9.9,57.0,18.291666666666668,2.4375,10.1,117.0
2024-05-26,19.875,1024.6625000000001,62.458333333333336,0.0,36.125,19.716666666666665,1.2583333333333333,6.0,124.0
2024-05-27,20.3625,1023.9791666666666,50.333333333333336,0.0,1.0833333333333333,20.308333333333334,1.9583333333333333,9.1,104.0
2024-05-28,21.029166666666665,1019.6708333333332,53.25,0.0,20.958333333333332,20.920833333333334,2.0541666666666667,10.1,122.0
2024-05-29,19.070833333333333,1015.4166666666666,69.875,7.300000000000001,75.83333333333333,19.016666666666666,1.9291666666666665,9.2,105.0
2024-05-30,19.979166666666668,1010.6333333333333,62.625,0.0,48.125,19.866666666666667,1.9166666666666667,12.5,105.0
2024-05-31,18.804166666666667,1010.8125,72.125,1.2999999999999998,54.875,18.741666666666667,1.8791666666666667,7.9,136.0
2024-06-01,18.895833333333332,1012.2458333333334,74.5,0.2,66.95833333333333,18.8625,1.9124999999999999,6.6,20.0
2024-06-02,18.991666666666667,1009.3458333333333,77.625,2.6,53.458333333333336,18.945833333333333,1.8416666666666668,8.8,111.0
2024-06-03,17.366666666666667,1008.5666666666666,83.20833333333333,0.0,58.541666666666664,17.366666666666667,2.1958333333333333,8.4,253.0
2024-06-04,18.195833333333333,1011.2208333333333,72.45833333333333,0.0,34.0,18.195833333333333,2.029166666666667,7.4,271.0
2024-06-05,18.4375,1009.5749999999999,72.75,0.0,48.583333333333336,18.4375,1.6916666666666667,7.1,347.0
2024-06-06,16.720833333333335,1013.2291666666666,67.875,0.0,51.208333333333336,16.720833333333335,2.566666666666667,10.3,287.0
2024-06-07,14.183333333333332,1016.7416666666667,70.375,5.800000000000001,61.666666666666664,14.183333333333332,1.7708333333333333,8.3,163.0
2024-06-08,14.395833333333334,1014.5375,72.16666666666667,1.1,53.916666666666664,14.395833333333334,2.0708333333333333,7.4,277.0
2024-06-09,13.858333333333334,1007.5083333333333,79.70833333333333,8.4,39.708333333333336,13.695833333333333,3.0625,9.7,189.0
2024-06-10,14.304166666666667,1006.5,81.70833333333333,1.1,63.75,14.304166666666667,1.5666666666666667,6.4,43.0
2024-06-11,17.45,1005.8333333333334,74.29166666666667,0.1,56.26086956521739,17.416666666666668,1.8583333333333334,10.1,16.0
2024-06-12,15.108333333333334,1013.2291666666666,67.08333333333333,0.0,31.416666666666668,15.079166666666666,2.6,10.4,267.0
2024-06-13,15.299999999999999,1016.6041666666666,63.0,0.3,50.166666666666664,15.299999999999999,1.2583333333333333,5.9,268.0
2024-06-14,13.1625,1016.0458333333332,85.125,12.2,92.375,13.1625,1.7916666666666667,5.9,331.0
2024-06-15,16.254166666666666,1015.6,67.41666666666667,0.0,56.958333333333336,16.254166666666666,1.2791666666666666,5.6,97.0
2024-06-16,18.566666666666666,1013.6125000000001,67.41666666666667,0.3,25.666666666666668,18.508333333333333,1.6791666666666665,7.3,118.0
2024-06-17,20.370833333333334,1011.5875,75.58333333333333,6.0,73.25,20.325,2.1125000000000003,9.6,286.0
2024-06-18,20.383333333333333,1014.375,68.08333333333333,0.0,36.166666666666664,20.316666666666666,1.9458333333333335,8.4,274.0
2024-06-19,18.679166666666667,1011.6791666666667,81.625,7.7,60.666666666666664,18.7,3.1458333333333335,11.5,111.0
2024-06-20,16.787499999999998,1015.5375,71.33333333333333,1.8,53.916666666666664,16.787499999999998,4.083333333333333,12.0,287.0
2024-06-21,17.7,1016.9499999999999,61.625,0.0,29.791666666666668,17.595833333333335,2.4625,8.5,265.0
2024-06-22,17.970833333333335,1011.4833333333332,75.125,0.30000000000000004,64.29166666666667,17.970833333333335,1.8583333333333334,6.4,145.0
2024-06-23,16.545833333333334,1009.1416666666668,84.45833333333333,1.5,95.45833333333333,16.545833333333334,3.0375,9.9,235.0
2024-06-24,17.025000000000002,1014.4541666666668,81.20833333333333,0.1,91.79166666666667,17.025000000000002,1.6416666666666666,7.0,293.0
2024-06-25,20.666666666666668,1019.9208333333332,69.04166666666667,0.0,24.5,20.525000000000002,1.5166666666666666,6.4,354.0
2024-06-26,21.983333333333334,1018.9208333333332,57.166666666666664,0.0,0.0,21.816666666666666,1.3625,5.7,0.0
2024-06-27,24.162499999999998,1016.1916666666666,54.708333333333336,0.0,0.0,23.96666666666667,1.5250000000000001,7.3,134.0
2024-06-28,25.84583333333333,1014.8833333333333,52.166666666666664,0.0,20.916666666666668,25.608333333333334,2.6458333333333335,9.2,147.0
2024-06-29,22.416666666666668,1016.0458333333332,64.625,0.1,54.375,22.333333333333332,2.629166666666667,8.1,281.0
2024-06-30,22.462500000000002,1013.6416666666668,57.208333333333336,0.0,0.5416666666666666,22.275000000000002,2.2583333333333333,17.7,151.0
2024-07-01,23.162499999999998,1005.9916666666667,69.20833333333333,0.0,46.583333333333336,23.425,3.641666666666666,12.3,289.0
2024-07-02,17.366666666666667,1005.4499999999999,72.08333333333333,0.1,75.83333333333333,17.366666666666667,1.5916666666666668,5.3,326.0
2024-07-03,17.533333333333335,1005.3375,68.375,0.0,73.25,17.533333333333335,2.6416666666666666,8.8,238.0
2024-07-04,16.904166666666665,1007.0458333333332,85.16666666666667,1.4,94.95833333333333,16.904166666666665,1.5958333333333332,6.6,5.0
2024-07-05,16.875,1008.2624999999999,71.29166666666667,0.7000000000000001,57.59090909090909,16.875,2.8666666666666667,11.6,284.0
2024-07-06,19.2,1012.3416666666667,54.25,0.0,42.916666666666664,19.037499999999998,3.25,11.8,144.0
2024-07-07,21.983333333333334,1012.65,73.91666666666667,19.6,42.916666666666664,21.941666666666666,4.25,18.6,144.0
2024-07-08,18.391666666666666,1019.125,74.375,21.3,61.083333333333336,18.391666666666666,1.9083333333333332,6.6,13.0
2024-07-09,20.883333333333333,1023.4666666666667,64.0,0.0,16.291666666666668,20.770833333333332,1.4541666666666666,5.5,90.0
2024-07-10,23.270833333333332,1023.8416666666667,51.875,0.0,3.6666666666666665,23.020833333333332,2.7916666666666665,9.3,118.0
2024-07-11,23.6875,1018.3333333333334,61.041666666666664,11.399999999999999,25.666666666666668,23.9875,3.5124999999999997,13.9,130.0
2024-07-12,22.483333333333334,1015.4125,78.16666666666667,1.9,59.166666666666664,22.695833333333336,1.6083333333333334,5.7,4.0
2024-07-13,23.954166666666666,1010.3958333333334,75.95833333333333,9.799999999999999,28.333333333333332,24.525000000000002,2.3916666666666666,9.9,4.0
2024-07-14,20.741666666666667,1014.6916666666666,76.16666666666667,0.0,47.041666666666664,20.75,1.5999999999999999,6.2,4.0
2024-07-15,20.287499999999998,1016.65,74.125,0.0,50.166666666666664,20.304166666666667,1.2666666666666666,5.6,357.0
2024-07-16,23.40416666666667,1016.0458333333332,66.625,0.0,1.0416666666666667,23.34166666666667,1.6333333333333335,6.4,98.0
2024-07-17,23.366666666666664,1015.4125,75.33333333333333,10.9,58.541666666666664,23.579166666666666,2.2333333333333334,11.0,227.0
2024-07-18,22.020833333333332,1018.9916666666667,65.25,0.0,59.166666666666664,21.97083333333333,2.1333333333333333,10.3,270.0
2024-07-19,19.245833333333334,1019.0541666666667,67.41666666666667,0.0,49.166666666666664,19.195833333333333,2.9125,8.4,278.0
2024-07-20,18.141666666666666,1014.6583333333333,74.66666666666667,0.0,50.666666666666664,18.1125,1.6166666666666665,6.7,301.0
2024-07-21,20.695833333333333,1011.1,68.375,0.0,33.458333333333336,20.591666666666665,1.45,7.0,117.0
2024-07-22,21.895833333333332,1011.7541666666666,66.25,0.0,26.166666666666668,21.84583333333333,1.2666666666666666,5.8,330.0
2024-07-23,21.84583333333333,1013.2166666666667,70.375,0.0,39.625,21.90833333333333,1.4333333333333333,7.2,95.0
2024-07-24,19.279166666666665,1012.625,87.33333333333333,4.6,90.83333333333333,19.279166666666665,1.825,5.8,332.0
2024-07-25,18.650000000000002,1010.3125,90.20833333333333,19.1,81.58333333333333,18.650000000000002,1.7375,16.4,305.0
2024-07-26,18.070833333333333,1012.5208333333334,93.16666666666667,0.9,93.04761904761905,18.070833333333333,1.2458333333333333,4.6,339.0
2024-07-27,20.458333333333332,1015.7291666666666,77.70833333333333,0.0,64.05263157894737,20.416666666666668,1.5041666666666667,7.0,223.0
2024-07-28,18.183333333333334,1010.5166666666668,92.04166666666667,13.4,96.0,18.183333333333334,3.25,16.2,143.0
2024-07-29,14.579166666666666,1003.0333333333333,94.45833333333333,68.9,99.0,14.579166666666666,8.291666666666666,21.9,273.0
2024-07-30,17.316666666666666,1011.7624999999999,81.70833333333333,0.1,79.79166666666667,17.316666666666666,4.666666666666667,13.5,307.0
2024-07-31,17.733333333333334,1011.8958333333334,72.20833333333333,0.0,21.041666666666668,17.733333333333334,2.7291666666666665,9.1,268.0
2024-08-01,18.375,1008.9541666666668,70.125,0.0,37.833333333333336,18.333333333333332,2.6833333333333336,8.5,269.0
2024-08-02,17.320833333333333,1009.1958333333333,71.54166666666667,0.0,34.583333333333336,17.320833333333333,1.7249999999999999,6.9,304.0
2024-08-03,17.858333333333334,1007.6916666666666,71.20833333333333,0.0,40.875,17.825,1.4333333333333333,7.4,174.0
2024-08-04,17.741666666666667,1009.4083333333333,73.20833333333333,0.0,35.125,17.662499999999998,1.6583333333333334,7.2,287.0
2024-08-05,17.983333333333334,1009.1333333333333,82.29166666666667,0.9,80.95833333333333,17.979166666666668,1.1500000000000001,4.1,167.0
2024-08-06,19.820833333333333,1011.3291666666668,75.33333333333333,0.0,40.708333333333336,19.7625,1.9083333333333332,8.8,340.0
2024-08-07,18.366666666666667,1012.9791666666666,80.45833333333333,1.9,33.34782608695652,18.366666666666667,1.9583333333333333,8.3,313.0
2024-08-08,18.770833333333332,1014.0333333333333,76.125,0.0,29.565217391304348,18.708333333333332,0.9791666666666666,5.3,5.0
2024-08-09,19.133333333333333,1013.7416666666667,84.0,2.3000000000000003,78.33333333333333,19.120833333333334,1.4375,6.3,128.0
2024-08-10,18.654166666666665,1013.3083333333334,77.79166666666667,0.0,54.916666666666664,18.654166666666665,2.954166666666667,13.2,196.0
2024-08-11,15.987499999999999,1013.1791666666667,76.875,2.1,50.75,15.987499999999999,3.8041666666666667,16.6,221.0
2024-08-12,16.270833333333332,1012.3583333333332,76.66666666666667,0.0,46.083333333333336,16.270833333333332,3.3958333333333335,11.6,263.0
2024-08-13,16.220833333333335,1015.0749999999999,73.83333333333333,0.0,38.166666666666664,16.220833333333335,2.3916666666666666,8.7,278.0
2024-08-14,17.191666666666666,1019.9791666666666,71.5,0.0,9.958333333333334,17.108333333333334,0.9916666666666667,4.6,27.0
2024-08-15,19.395833333333332,1019.3833333333333,68.08333333333333,0.0,6.291666666666667,19.3125,1.3916666666666666,6.5,113.0
2024-08-16,21.191666666666666,1015.4583333333334,67.83333333333333,0.2,33.541666666666664,21.208333333333332,2.345833333333333,8.6,121.0
2024-08-17,22.0125,1012.3166666666666,80.625,0.7,62.77272727272727,22.116666666666664,1.5041666666666667,6.5,180.0
2024-08-18,22.804166666666664,1011.375,75.04166666666667,0.0,18.416666666666668,23.045833333333334,1.3916666666666666,4.8,6.0
2024-08-19,22.570833333333336,1010.6750000000001,82.95833333333333,4.0,84.625,22.816666666666666,1.625,6.6,345.0
2024-08-20,20.474999999999998,1015.6208333333334,87.08333333333333,0.0,75.16666666666667,20.520833333333332,1.825,5.6,37.0
2024-08-21,21.375,1009.9458333333333,85.375,0.0,82.0,21.516666666666666,2.0749999999999997,7.4,95.0
2024-08-22,17.55,1011.0,77.54166666666667,7.1,71.625,17.55,2.6625,9.6,257.0
2024-08-23,16.504166666666666,1014.4291666666667,74.875,0.0,89.41666666666667,16.504166666666666,2.8625000000000003,9.0,198.0
2024-08-24,20.858333333333334,1016.0458333333332,69.08333333333333,0.0,19.375,20.970833333333335,2.3833333333333333,8.0,165.0
2024-08-25,22.954166666666666,1016.125,66.29166666666667,0.0,0.0,22.866666666666664,3.233333333333333,11.4,163.0
2024-08-26,18.983333333333334,1021.6083333333332,77.54166666666667,0.0,37.75,18.983333333333334,2.1125000000000003,7.8,313.0
2024-08-27,19.05,1023.9,72.04166666666667,0.0,30.916666666666668,19.029166666666665,2.1750000000000003,7.9,334.0
2024-08-28,19.258333333333333,1026.3041666666666,63.875,0.0,0.0,19.204166666666666,1.9291666666666665,7.7,17.0
2024-08-29,21.75,1023.5625,67.91666666666667,0.0,0.0,21.883333333333336,1.5250000000000001,5.4,2.0
2024-08-30,23.462500000000002,1021.525,65.54166666666667,0.0,2.125,23.27916666666667,1.375,8.6,117.0
2024-08-31,19.166666666666668,1021.0333333333333,76.79166666666667,0.0,45.5,19.170833333333334,2.0749999999999997,8.6,134.0
2024-09-01,16.404166666666665,1023.2125,74.16666666666667,0.0,24.583333333333332,16.404166666666665,1.4875,6.0,46.0
2024-09-02,19.929166666666667,1019.3874999999999,69.29166666666667,0.0,49.75,19.954166666666666,1.6791666666666665,7.6,102.0
2024-09-03,22.1125,1022.5958333333333,58.583333333333336,0.0,10.958333333333334,21.891666666666666,1.8083333333333333,6.0,125.0
2024-09-04,21.65833333333333,1024.3083333333334,57.166666666666664,0.0,13.666666666666666,21.474999999999998,2.091666666666667,9.4,81.0
2024-09-05,20.6875,1025.6125,59.916666666666664,0.0,2.0833333333333335,20.599999999999998,2.433333333333333,9.0,31.0
2024-09-06,19.779166666666665,1026.1958333333334,63.5,0.0,4.75,19.708333333333332,2.308333333333333,9.1,48.0
2024-09-07,18.933333333333334,1025.9125000000001,51.958333333333336,0.0,5.791666666666667,18.779166666666665,2.375,8.5,126.0
2024-09-08,18.9875,1023.0749999999999,47.458333333333336,0.0,0.0,18.870833333333334,2.795833333333333,10.0,128.0
2024-09-09,18.945833333333333,1015.2291666666666,45.833333333333336,0.0,0.0,18.912499999999998,3.85,15.3,116.0
2024-09-10,18.420833333333334,1007.8000000000001,50.041666666666664,0.0,31.916666666666668,18.379166666666666,3.733333333333333,10.6,129.0
2024-09-11,17.504166666666666,1007.9250000000001,77.41666666666667,0.2,85.58333333333333,17.504166666666666,1.9083333333333332,8.1,154.0
2024-09-12,15.916666666666666,1010.4791666666666,97.08333333333333,6.2,95.45833333333333,15.916666666666666,1.2166666666666666,4.1,47.0
2024-09-13,18.129166666666666,1010.2041666666668,95.04166666666667,11.0,91.6842105263158,18.129166666666666,1.2625,6.1,103.0
2024-09-14,20.05,1012.2875,82.25,0.0,66.875,20.075,1.8041666666666665,7.0,74.0
2024-09-15,18.7625,1015.9541666666668,69.70833333333333,0.1,66.83333333333333,18.745833333333334,2.033333333333333,7.0,58.0
2024-09-16,19.675,1021.8125,56.041666666666664,0.0,6.791666666666667,19.520833333333332,2.191666666666667,10.0,42.0
2024-09-17,18.320833333333333,1028.4,62.833333333333336,0.0,0.0,18.216666666666665,1.4833333333333334,6.6,3.0
2024-09-18,18.325,1030.3999999999999,69.33333333333333,0.0,8.416666666666666,18.2,1.4541666666666666,6.6,40.0
2024-09-19,17.241666666666667,1031.3583333333333,69.20833333333333,0.0,0.0,17.083333333333332,1.3458333333333332,7.0,19.0
2024-09-20,16.091666666666665,1030.575,73.75,0.0,0.0,16.045833333333334,1.4000000000000001,6.6,331.0
2024-09-21,14.629166666666668,1026.6541666666667,77.83333333333333,0.0,0.0,14.612499999999999,1.4166666666666667,6.4,291.0
2024-09-22,14.220833333333333,1022.7666666666668,80.58333333333333,0.0,15.791666666666666,14.220833333333333,0.9666666666666667,4.2,33.0
2024-09-23,15.362499999999999,1017.2416666666667,76.75,0.0,13.625,15.325000000000001,2.1,8.2,134.0
2024-09-24,18.020833333333332,1012.2833333333333,62.291666666666664,0.0,35.583333333333336,17.891666666666666,3.5208333333333335,12.3,144.0
2024-09-25,16.545833333333334,1010.3083333333334,70.33333333333333,0.3,53.875,16.545833333333334,3.2291666666666665,10.6,144.0
2024-09-26,16.329166666666666,1006.6875,77.75,0.5,57.625,16.329166666666666,3.5583333333333336,10.9,144.0
2024-09-27,17.379166666666666,1000.5500000000001,76.5,1.1,83.0,17.379166666666666,4.433333333333334,12.7,180.0
2024-09-28,14.820833333333333,1006.7416666666667,75.5,1.9000000000000001,87.75,14.820833333333333,3.9375,12.7,165.0
2024-09-29,9.995833333333334,1020.35,73.625,0.0,44.583333333333336,9.525,2.0625,7.6,306.0
2024-09-30,7.845833333333334,1027.5333333333333,73.16666666666667,0.0,69.54166666666667,7.370833333333334,2.0875,9.5,33.0
2024-10-01,7.929166666666667,1019.35,71.41666666666667,0.0,97.5,6.766666666666667,2.125,8.2,33.0
2024-10-02,8.333333333333334,1014.2083333333334,81.75,0.0,95.41666666666667,7.591666666666666,1.8625,5.6,181.0
2024-10-03,7.579166666666667,1013.7791666666667,97.29166666666667,16.8,99.0,6.8625,1.6124999999999998,6.3,50.0
2024-10-04,8.887500000000001,1015.1,95.0,1.4,100.0,8.316666666666666,1.5833333333333333,5.6,304.0
2024-10-05,9.145833333333334,1019.3208333333333,81.54166666666667,0.0,86.54166666666667,8.791666666666666,1.6666666666666667,7.1,27.0
2024-10-06,8.2125,1014.6875,84.29166666666667,0.1,97.5,7.120833333333334,2.0708333333333333,6.0,30.0
2024-10-07,8.708333333333334,1010.5833333333334,90.375,0.9,98.5,8.433333333333334,1.5374999999999999,5.3,316.0
2024-10-08,8.216666666666667,1013.225,85.75,0.0,19.61111111111111,8.083333333333334,1.3583333333333334,5.3,297.0
2024-10-09,13.091666666666667,1005.5666666666666,76.125,0.1,31.958333333333332,12.441666666666668,4.191666666666666,11.6,145.0
2024-10-10,15.741666666666667,998.9416666666666,80.91666666666667,0.0,77.83333333333333,15.741666666666667,3.920833333333333,12.4,154.0
2024-10-11,12.512500000000001,1005.2875,90.54166666666667,6.5,93.375,12.283333333333333,2.1791666666666667,7.4,276.0
2024-10-12,7.579166666666667,1020.1333333333333,85.5,0.0,13.041666666666666,7.133333333333333,1.4749999999999999,5.5,268.0
2024-10-13,5.5375000000000005,1013.8375,85.54166666666667,3.1,49.125,4.770833333333333,2.3583333333333334,9.3,103.0
2024-10-14,7.141666666666667,1006.9041666666667,96.25,2.9,99.5,5.8875,2.0541666666666667,6.4,186.0
2024-10-15,8.116666666666667,1017.1583333333333,90.375,0.0,83.66666666666667,7.0,2.2916666666666665,7.2,258.0
2024-10-16,5.308333333333334,1030.3291666666667,84.83333333333333,0.0,35.625,4.05,1.8083333333333333,5.6,309.0
2024-10-17,3.908333333333333,1034.7250000000001,83.875,0.0,0.0,2.954166666666667,1.7874999999999999,6.0,125.0
2024-10-18,5.858333333333333,1031.6291666666666,72.95833333333333,0.0,0.0,4.633333333333334,2.1999999999999997,6.6,154.0
2024-10-19,5.075,1031.8791666666666,76.79166666666667,0.0,0.0,3.1916666666666664,2.625,7.8,142.0
2024-10-20,5.383333333333333,1032.9708333333333,77.29166666666667,0.0,0.0,3.8249999999999997,2.525,7.7,153.0
2024-10-21,7.2375,1028.6833333333334,71.625,0.0,30.833333333333332,5.8125,3.2541666666666664,9.0,172.0
2024-10-22,11.3375,1024.2333333333333,81.125,0.0,97.45833333333333,11.104166666666666,2.275,7.0,180.0
2024-10-23,10.841666666666667,1026.3291666666667,74.20833333333333,0.1,59.625,10.483333333333333,3.9375,14.7,268.0
2024-10-24,9.191666666666666,1030.4791666666667,86.66666666666667,0.0,90.70833333333333,8.2125,3.0208333333333335,10.3,256.0
2024-10-25,8.6875,1028.4958333333334,84.16666666666667,0.0,91.70833333333333,7.825,1.929166666666667,6.0,266.0
2024-10-26,3.9458333333333333,1024.7208333333333,99.0,0.0,73.73684210526316,1.5666666666666667,2.658333333333333,7.1,156.0
2024-10-27,7.768,1021.38,97.44,0.3,99.45454545454545,7.016,1.58,4.5,157.0
2024-10-28,9.170833333333333,1020.5166666666668,80.66666666666667,0.30000000000000004,74.70833333333333,8.329166666666667,2.8541666666666665,10.2,224.0
2024-10-29,7.291666666666667,1022.3375,95.83333333333333,0.30000000000000004,93.0,6.370833333333334,1.6500000000000001,4.7,183.0
2024-10-30,10.354166666666666,1015.9458333333333,94.29166666666667,2.2,96.0,9.291666666666666,4.091666666666667,13.9,248.0
2024-10-31,8.4375,1015.3791666666666,90.08333333333333,4.0,90.875,6.4125000000000005,3.6208333333333336,11.9,238.0
2024-11-01,10.629166666666666,1002.75,91.79166666666667,4.9,98.0,9.941666666666666,6.483333333333333,19.5,255.0
2024-11-02,4.620833333333334,1015.8874999999999,63.166666666666664,0.2,46.541666666666664,0.43333333333333335,6.070833333333333,18.5,296.0
2024-11-03,3.1374999999999997,1020.725,84.95833333333333,1.4000000000000001,81.29166666666667,-0.325,4.104166666666667,14.7,218.0
2024-11-04,3.108333333333334,1023.375,76.29166666666667,0.8,30.375,0.14583333333333331,3.470833333333333,18.1,326.0
2024-11-05,4.329166666666667,1027.2250000000001,86.16666666666667,0.2,86.70833333333333,2.2791666666666663,2.841666666666667,10.8,271.0
2024-11-06,7.125,1028.6416666666667,90.75,0.0,97.91666666666667,5.0625,3.1125000000000003,8.5,280.0
2024-11-07,4.4125000000000005,1031.2166666666667,99.45833333333333,0.1,84.91666666666667,2.891666666666667,1.9416666666666667,6.3,259.0
2024-11-08,6.070833333333333,1035.8083333333334,91.375,0.0,100.0,5.120833333333334,1.5833333333333333,7.5,14.0
2024-11-09,3.9375,1035.875,95.125,0.0,100.0,3.5208333333333335,1.0791666666666666,4.3,209.0
2024-11-10,1.6375,1033.2958333333333,98.54166666666667,0.0,100.0,0.12499999999999999,1.6458333333333333,4.9,162.0
2024-11-11,1.3333333333333333,1031.5375000000001,91.04166666666667,0.0,100.0,-1.1500000000000001,2.316666666666667,6.0,173.0
2024-11-12,0.7125,1032.8083333333334,89.45833333333333,0.0,100.0,-0.05833333333333333,1.2416666666666667,4.0,180.0
2024-11-13,-0.32916666666666666,1028.4166666666667,87.375,0.2,100.0,-0.9375,1.175,4.2,263.0
2024-11-14,-0.31666666666666665,1018.0083333333333,95.20833333333333,2.9,98.3913043478261,-3.2458333333333336,2.5541666666666667,6.9,201.0
2024-11-15,3.2458333333333336,1015.0916666666667,94.375,0.0,70.45833333333333,1.2541666666666667,2.3208333333333333,7.9,207.0
2024-11-16,6.308333333333334,1011.4083333333333,94.66666666666667,0.5,99.5,3.7624999999999997,3.470833333333333,9.2,226.0
2024-11-17,4.008333333333334,1001.375,92.08333333333333,2.3,100.0,0.2708333333333333,4.6625000000000005,11.4,209.0
2024-11-18,3.658333333333333,998.475,86.70833333333333,0.5,98.0,0.24166666666666667,3.9625,10.0,220.0
2024-11-19,2.3000000000000003,1001.9958333333334,85.5,3.0,96.41666666666667,-1.5583333333333333,4.166666666666667,11.4,212.0
2024-11-20,4.279166666666667,985.8041666666667,92.625,5.0,97.0,0.8041666666666667,4.691666666666666,14.9,174.0
2024-11-21,-0.12083333333333333,991.1833333333334,93.25,3.1999999999999997,90.25,-3.9250000000000003,3.35,9.1,206.0
2024-11-22,-1.5083333333333335,998.1125000000001,90.41666666666667,0.7,81.41666666666667,-5.516666666666667,3.608333333333333,10.2,170.0
2024-11-23,-2.5083333333333333,1008.3041666666667,90.29166666666667,0.1,69.95833333333333,-6.229166666666667,2.9875000000000003,11.1,172.0
2024-11-24,0.26666666666666666,1022.35,87.70833333333333,0.0,90.20833333333333,-4.0249999999999995,4.154166666666667,10.2,155.0
2024-11-25,2.920833333333333,1020.85,84.75,0.0,64.20833333333333,-1.7125000000000001,5.916666666666667,12.0,167.0
2024-11-26,2.2291666666666665,1016.9083333333333,84.91666666666667,0.0,48.0,-1.2333333333333334,3.8791666666666664,10.7,162.0
2024-11-27,3.670833333333333,1020.4458333333333,98.5,4.3,100.0,2.375,1.7166666666666668,6.9,130.0
2024-11-28,3.608333333333333,1018.4708333333333,98.20833333333333,4.5,100.0,0.7791666666666667,3.1291666666666664,8.3,88.0
2024-11-29,2.4250000000000003,1025.0041666666666,97.91666666666667,0.7000000000000001,100.0,1.2416666666666667,1.4333333333333333,5.6,42.0
2024-11-30,2.858333333333333,1034.3083333333334,94.20833333333333,0.0,100.0,0.7458333333333332,2.275,7.3,213.0
2024-12-01,1.9416666666666667,1031.1541666666667,85.08333333333333,0.0,80.41666666666667,-0.7416666666666667,2.620833333333333,8.2,160.0
2024-12-02,2.4166666666666665,1021.2541666666666,92.04166666666667,0.0,97.95833333333333,-1.55,4.495833333333334,12.1,177.0
2024-12-03,3.216666666666667,1016.85,93.875,3.1,100.0,-0.2333333333333333,3.904166666666667,9.8,183.0
2024-12-04,1.9375,1023.4416666666666,99.33333333333333,1.7000000000000002,100.0,0.5583333333333333,1.6166666666666665,5.6,79.0
2024-12-05,-0.7791666666666667,1028.6791666666666,87.375,0.0,100.0,-4.908333333333333,3.591666666666667,8.3,141.0
2024-12-06,-2.2583333333333333,1022.1416666666668,83.875,0.0,100.0,-7.629166666666666,4.870833333333334,11.6,139.0
2024-12-07,-0.6791666666666667,1018.2958333333332,88.29166666666667,0.0,100.0,-4.4625,3.204166666666667,8.5,128.0
2024-12-08,1.2041666666666666,1019.1,98.0,0.2,100.0,-1.3791666666666667,2.2875,6.9,70.0
2024-12-09,0.7958333333333334,1027.9916666666666,97.20833333333333,0.0,100.0,-2.1750000000000003,2.6166666666666667,8.2,89.0
2024-12-10,-1.4583333333333333,1031.25,92.79166666666667,0.0,98.0,-3.9625,2.1541666666666663,7.5,3.0
2024-12-11,-1.5041666666666667,1024.5833333333333,96.25,0.0,97.0,-3.9916666666666667,1.9749999999999999,6.7,314.0
2024-12-12,-0.6749999999999999,1024.4708333333333,83.0,0.0,86.625,-4.233333333333333,3.141666666666667,12.7,340.0
2024-12-13,-4.891666666666667,1031.8416666666667,74.08333333333333,0.0,12.583333333333334,-8.841666666666667,2.5500000000000003,7.6,252.0
2024-12-14,-2.6083333333333334,1015.1666666666666,78.875,0.0,90.25,-7.7,4.283333333333333,10.5,214.0
2024-12-15,-0.016666666666666666,1002.2791666666667,89.04166666666667,1.6,99.0,-4.691666666666666,4.629166666666666,13.4,247.0
2024-12-16,3.7916666666666665,999.3625000000001,87.54166666666667,10.4,92.41666666666667,-0.5416666666666666,6.1125,21.7,272.0
2024-12-17,4.145833333333333,1004.6333333333333,79.45833333333333,0.5,67.41666666666667,-0.05833333333333333,5.783333333333334,17.2,277.0
2024-12-18,0.9874999999999999,1014.1416666666668,91.20833333333333,2.9000000000000004,89.82608695652173,-2.35,3.3041666666666667,9.1,154.0
2024-12-19,6.575,999.4416666666666,95.375,5.8,99.0,3.5,4.570833333333334,11.4,184.0
2024-12-20,4.9375,998.225,85.33333333333333,0.0,85.125,1.7125000000000001,4.1375,13.8,227.0
2024-12-21,0.8083333333333335,1011.15,89.83333333333333,0.0,87.125,-3.466666666666667,4.4375,11.8,190.0
2024-12-22,1.0041666666666667,1002.2958333333332,92.79166666666667,0.4,98.0,-3.7624999999999997,5.229166666666667,13.1,175.0
2024-12-23,0.7125,1006.2375000000001,98.41666666666667,0.8,100.0,-3.0208333333333335,3.4916666666666667,7.7,163.0
2024-12-24,0.10416666666666667,1021.1,100.0,0.7000000000000001,100.0,-0.7166666666666667,1.2333333333333332,4.3,165.0
2024-12-25,0.9541666666666666,1034.1083333333333,90.45833333333333,0.0,84.34782608695652,-1.1500000000000001,2.029166666666667,6.3,209.0
2024-12-26,1.0,1035.5041666666666,98.75,0.1,93.8,-1.6500000000000001,2.3249999999999997,6.7,214.0
2024-12-27,2.716666666666667,1033.6625000000001,99.95833333333333,0.0,100.0,0.7208333333333333,2.1458333333333335,7.5,284.0
2024-12-28,2.3916666666666666,1029.1041666666667,100.0,3.0,100.0,1.3791666666666667,1.4458333333333335,6.1,167.0
2024-12-29,1.1333333333333333,1022.4166666666666,99.54166666666667,0.0,98.73684210526316,-2.0124999999999997,2.920833333333333,8.3,211.0
2024-12-30,2.629166666666667,1016.2041666666668,98.54166666666667,0.1,100.0,-1.25,4.375,13.4,229.0
2024-12-31,4.0249999999999995,1014.6999999999999,95.54166666666667,3.6,99.5,0.5750000000000001,4.370833333333334,11.7,228.0
2025-01-01,2.5458333333333334,1006.0375,92.95833333333333,0.7000000000000001,99.5,-2.0958333333333337,5.766666666666667,13.3,214.0
2025-01-02,2.670833333333333,995.9833333333332,86.5,3.4,90.75,-1.575,5.304166666666666,14.5,212.0
2025-01-03,-1.7125000000000001,1002.0,87.95833333333333,0.8,81.5,-5.904166666666666,3.454166666666667,9.6,190.0
2025-01-04,-2.7125,1004.6958333333333,76.41666666666667,0.3,69.0,-8.525,5.558333333333334,16.6,283.0
2025-01-05,-3.8625000000000003,1011.3375,87.29166666666667,0.7,96.95833333333333,-9.012500000000001,4.0375000000000005,11.7,208.0
2025-01-06,-2.9499999999999997,1004.5208333333334,89.04166666666667,4.4,98.45833333333333,-7.758333333333333,3.9958333333333336,11.2,125.0
2025-01-07,1.9916666666666665,1001.65,99.79166666666667,3.7,90.29166666666667,-0.8375,2.8375,8.2,169.0
2025-01-08,1.325,1001.6708333333332,92.33333333333333,2.3,98.5,-2.2583333333333333,3.5208333333333335,11.7,202.0
2025-01-09,0.2041666666666667,1006.2041666666668,92.04166666666667,0.5,90.20833333333333,-3.9458333333333333,3.9291666666666667,10.5,153.0
2025-01-10,2.4250000000000003,999.6583333333333,93.58333333333333,0.6,98.10526315789474,-1.5291666666666668,4.445833333333334,14.8,143.0
2025-01-11,-0.21666666666666667,1004.1833333333334,82.45833333333333,0.0,98.0,-3.8000000000000003,3.091666666666667,9.3,196.0
2025-01-12,-0.7291666666666666,1015.9291666666667,95.45833333333333,1.1,98.5,-1.9583333333333333,1.5166666666666666,7.7,165.0
2025-01-13,-1.8291666666666666,1033.4875,86.5,0.0,91.25,-5.391666666666667,2.7083333333333335,8.2,211.0
2025-01-14,-0.9708333333333333,1022.3916666666668,91.91666666666667,0.9,99.5,-5.245833333333334,3.6999999999999997,11.1,227.0
2025-01-15,1.2166666666666666,1021.75,99.83333333333333,0.5,100.0,-0.11666666666666668,1.5958333333333332,5.7,320.0
2025-01-16,1.45,1028.7958333333333,98.625,0.2,99.0,-2.0124999999999997,3.358333333333333,9.3,216.0
2025-01-17,3.1625,1028.1333333333334,98.54166666666667,0.0,100.0,-0.25,3.7708333333333335,11.1,260.0
2025-01-18,3.375,1025.1708333333333,94.20833333333333,0.0,94.91666666666667,-0.1708333333333333,4.029166666666667,10.3,275.0
2025-01-19,2.3833333333333333,1025.5083333333334,95.70833333333333,0.0,97.0,-0.5625,2.954166666666667,10.8,251.0
2025-01-20,0.05416666666666666,1025.1125,99.125,0.0,100.0,-2.0708333333333333,2.1666666666666665,8.9,309.0
2025-01-21,-0.30416666666666664,1020.7166666666667,98.875,0.0,100.0,-4.579166666666667,3.908333333333333,8.7,136.0
2025-01-22,-0.13333333333333333,1017.0875,97.875,0.1,100.0,-3.5875,2.9375,8.5,172.0
2025-01-23,0.7583333333333333,1012.5124999999999,96.875,0.0,100.0,-3.2583333333333333,3.9,9.5,152.0
2025-01-24,2.120833333333333,1013.225,96.91666666666667,0.30000000000000004,96.375,-0.4291666666666667,2.5749999999999997,8.1,178.0
2025-01-25,1.7666666666666666,1013.225,92.875,0.0,96.95833333333333,-2.6833333333333336,4.9750000000000005,11.3,168.0
2025-01-26,4.941666666666666,1010.7083333333334,82.66666666666667,0.0,83.04166666666667,1.8208333333333335,3.9791666666666665,10.8,158.0
2025-01-27,5.716666666666666,1007.7125,84.375,0.1,83.5,3.0083333333333333,3.5666666666666664,9.8,202.0
2025-01-28,5.2375,1006.4958333333334,85.5,0.0,81.5,2.2291666666666665,3.8791666666666664,9.3,164.0
2025-01-29,6.058333333333334,1005.8791666666666,90.79166666666667,3.9,92.91666666666667,3.1666666666666665,4.041666666666667,9.9,145.0
2025-01-30,5.179166666666666,1016.2458333333334,82.79166666666667,0.0,79.95833333333333,2.6083333333333334,3.266666666666667,8.7,180.0
2025-01-31,3.891666666666667,1017.6999999999999,88.20833333333333,1.0,73.20833333333333,1.3499999999999999,2.7875,6.1,161.0
2025-02-01,1.075,1020.3041666666667,90.875,5.2,95.91666666666667,-3.0124999999999997,4.108333333333333,11.9,266.0
2025-02-02,-0.0375,1021.4166666666666,88.58333333333333,0.9000000000000001,99.0,-3.516666666666667,2.9875000000000003,7.9,268.0
2025-02-03,-0.625,1021.4083333333333,83.70833333333333,0.5,99.0,-4.5,3.3375,9.3,305.0
2025-02-04,-1.1416666666666666,1027.7708333333333,82.375,0.1,100.0,-3.2125,1.8625,8.1,308.0
2025-02-05,-1.0166666666666666,1032.925,78.79166666666667,0.0,97.95833333333333,-4.3999999999999995,2.8249999999999997,8.2,151.0
2025-02-06,-0.8708333333333332,1038.2708333333333,93.08333333333333,0.1,100.0,-4.183333333333334,2.625,6.5,151.0
2025-02-07,-1.6208333333333333,1047.7625,73.41666666666667,0.0,75.16666666666667,-4.820833333333334,2.4291666666666667,7.3,96.0
2025-02-08,-3.1125000000000003,1046.0041666666666,75.25,0.0,58.333333333333336,-7.5375000000000005,3.375,9.8,124.0
2025-02-09,-7.133333333333333,1042.0833333333333,89.20833333333333,0.0,68.25,-11.891666666666666,2.908333333333333,7.7,110.0
2025-02-10,-7.270833333333333,1040.2958333333333,88.875,0.0,100.0,-9.5875,1.6916666666666667,5.2,18.0
2025-02-11,-7.816666666666666,1041.5166666666667,83.54166666666667,0.0,78.66666666666667,-11.424999999999999,2.2916666666666665,7.5,56.0
2025-02-12,-8.799999999999999,1035.6208333333334,88.41666666666667,0.0,68.875,-13.404166666666667,2.529166666666667,7.1,107.0
2025-02-13,-6.375,1022.9708333333333,77.875,0.0,18.875,-9.15,1.8333333333333333,4.8,146.0
2025-02-14,-5.520833333333333,1017.7833333333333,82.08333333333333,0.0,98.0,-8.7875,2.2041666666666666,7.9,344.0
2025-02-15,-6.683333333333334,1019.6875,82.375,0.2,79.91666666666667,-9.125,1.6875,6.3,310.0
2025-02-16,-9.5625,1020.5791666666668,78.375,0.0,45.083333333333336,-11.591666666666667,1.5416666666666667,7.2,1.0
2025-02-17,-5.9624999999999995,1020.6750000000001,88.20833333333333,2.4,95.95833333333333,-10.424999999999999,2.975,10.0,186.0
2025-02-18,-3.3541666666666665,1022.3458333333333,80.29166666666667,0.8,96.45833333333333,-6.6875,2.3916666666666666,7.8,230.0
2025-02-19,-4.075,1028.3166666666666,78.625,0.5,45.5,-7.1125,2.2958333333333334,8.2,252.0
2025-02-20,-7.966666666666666,1036.2749999999999,84.79166666666667,0.6,61.666666666666664,-9.725,1.3583333333333334,4.0,156.0
2025-02-21,-6.779166666666666,1038.2166666666667,73.29166666666667,0.0,28.25,-11.2875,3.3375,12.2,153.0
2025-02-22,-3.525,1033.7791666666667,56.375,0.0,87.16666666666667,-8.758333333333335,4.195833333333334,9.5,167.0
2025-02-23,-3.1041666666666665,1031.1583333333333,54.791666666666664,0.0,3.1666666666666665,-7.133333333333333,2.9166666666666665,6.0,152.0
2025-02-24,-2.15,1028.2749999999999,54.958333333333336,0.0,0.0,-4.9375,2.15,6.1,147.0
2025-02-25,-0.004166666666666645,1022.1208333333334,52.708333333333336,0.0,4.708333333333333,-3.4291666666666667,3.0708333333333333,8.4,149.0
2025-02-26,1.1875,1018.4416666666666,60.958333333333336,0.0,93.91666666666667,-1.2375,2.3208333333333333,6.4,165.0
2025-02-27,2.2583333333333333,1019.6125000000001,74.54166666666667,2.3,98.0,-0.1125,2.3333333333333335,5.6,137.0
2025-02-28,2.7416666666666667,1020.6333333333333,86.375,2.7,100.0,1.1416666666666666,1.8625,5.7,139.0
2025-03-01,0.6041666666666666,1022.0416666666666,99.5,2.9,100.0,0.01250000000000002,1.1875,3.9,276.0
2025-03-02,1.2416666666666667,1022.1875,95.58333333333333,0.2,100.0,-1.6083333333333334,2.6875,11.5,227.0
2025-03-03,3.2875,1016.3208333333333,84.95833333333333,0.0,100.0,-0.8083333333333332,5.1499999999999995,15.8,267.0
2025-03-04,4.366666666666666,1012.8458333333333,84.875,0.0,100.0,-0.041666666666666664,6.325,15.8,269.0
2025-03-05,7.4125000000000005,1011.1791666666667,64.91666666666667,0.0,93.95833333333333,4.358333333333333,6.2124999999999995,18.5,255.0
2025-03-06,11.004166666666668,1013.9833333333332,34.083333333333336,0.0,24.0,9.683333333333334,5.095833333333333,17.3,225.0
2025-03-07,7.179166666666667,1019.9333333333334,54.625,0.0,0.0,6.420833333333333,1.95,7.3,258.0
2025-03-08,5.358333333333333,1020.2416666666667,64.08333333333333,0.0,0.5416666666666666,4.616666666666666,1.4625000000000001,5.5,174.0
2025-03-09,6.408333333333332,1016.2083333333334,61.5,0.0,22.5,6.408333333333332,0.9916666666666667,4.4,119.0
2025-03-10,9.262500000000001,1005.1125000000001,51.791666666666664,0.0,60.041666666666664,8.575000000000001,2.3833333333333333,6.8,142.0
2025-03-11,9.345833333333333,996.7791666666667,60.166666666666664,0.0,69.41666666666667,8.3375,2.5708333333333333,9.1,158.0
2025-03-12,2.8166666666666664,1000.7166666666667,91.20833333333333,0.0,59.36842105263158,1.8125,1.5625,5.7,291.0
2025-03-13,7.383333333333333,994.3625000000001,86.04166666666667,4.9,91.29166666666667,6.483333333333333,2.125,7.7,21.0
2025-03-14,1.4083333333333332,1002.1125000000001,90.29166666666667,9.1,96.0,-1.825,3.7875,14.0,274.0
2025-03-15,-0.5375,1019.65,77.79166666666667,0.0,19.333333333333332,-1.3791666666666667,1.4041666666666668,6.8,339.0
2025-03-16,-0.06250000000000004,1013.9499999999999,77.70833333333333,1.2999999999999998,48.5,-3.4458333333333333,3.3708333333333336,11.9,279.0
2025-03-17,-1.925,1019.4,65.58333333333333,0.0,42.875,-6.016666666666667,3.329166666666667,11.9,326.0
2025-03-18,0.48750000000000004,1021.3291666666668,79.375,0.8,88.66666666666667,-3.4,3.6958333333333333,10.1,236.0
2025-03-19,2.1999999999999997,1024.3,83.54166666666667,0.0,78.25,-1.1458333333333333,3.65,11.7,262.0
2025-03-20,3.5041666666666664,1024.8416666666667,68.04166666666667,0.0,11.409090909090908,1.8541666666666667,2.3041666666666667,8.3,190.0
2025-03-21,4.9125,1022.475,56.166666666666664,0.0,15.75,3.5208333333333335,2.3375,7.9,168.0
2025-03-22,6.241666666666667,1027.4624999999999,54.875,0.0,10.958333333333334,4.295833333333333,3.4499999999999997,11.5,34.0
2025-03-23,4.404166666666667,1024.9875,57.833333333333336,0.0,20.333333333333332,1.2,4.1000000000000005,13.7,95.0
2025-03-24,3.266666666666667,1013.6999999999999,97.54166666666667,5.8,100.0,1.1791666666666667,2.3874999999999997,9.5,84.0
2025-03-25,4.8125,1016.0375,77.20833333333333,0.0,82.95833333333333,3.845833333333333,1.6833333333333333,6.0,313.0
2025-03-26,4.875,1014.3666666666667,91.5,0.7000000000000001,97.5,2.8708333333333336,2.495833333333333,9.5,158.0
2025-03-27,5.1125,1017.8708333333334,89.79166666666667,1.1,85.0,3.8208333333333333,1.8708333333333333,6.0,163.0
2025-03-28,6.666666666666667,1018.9666666666667,75.20833333333333,0.0,51.875,5.641666666666667,2.35,8.7,165.0
2025-03-29,8.591666666666667,1017.2041666666668,61.166666666666664,0.0,0.0,7.795833333333333,2.7916666666666665,9.2,127.0
2025-03-30,8.756521739130434,1011.6913043478262,64.04347826086956,0.0,23.52173913043478,7.630434782608695,3.317391304347826,9.6,140.0
2025-03-31,9.700000000000001,1013.3625000000001,60.166666666666664,0.0,58.5,8.887500000000001,2.004166666666667,5.9,120.0
2025-04-01,9.920833333333333,1021.5208333333334,63.0,0.0,62.166666666666664,9.533333333333333,2.408333333333333,10.8,343.0
2025-04-02,10.516666666666667,1024.1958333333334,55.166666666666664,0.0,1.5833333333333333,9.608333333333333,3.2375000000000003,11.0,20.0
2025-04-03,10.845833333333333,1024.2333333333333,63.625,0.0,0.5416666666666666,10.383333333333333,2.4125,11.2,328.0
2025-04-04,9.241666666666667,1016.3874999999999,59.625,0.0,11.5,8.520833333333334,2.8708333333333336,11.5,282.0
2025-04-05,1.625,1007.4083333333333,73.95833333333333,1.2,65.79166666666667,-1.9208333333333332,3.5875,12.6,357.0
2025-04-06,-0.5416666666666666,1014.375,47.708333333333336,0.0,24.625,-5.2124999999999995,4.5125,15.5,5.0
2025-04-07,0.8583333333333334,1015.275,44.708333333333336,0.0,30.916666666666668,-3.0749999999999997,3.9499999999999997,14.2,349.0
2025-04-08,1.2125000000000001,1019.2375000000001,63.708333333333336,0.0,68.08333333333333,-2.025,3.1125000000000003,13.7,339.0
2025-04-09,1.0333333333333334,1013.5375,68.125,5.8,64.20833333333333,-2.2708333333333335,3.408333333333333,12.2,281.0
2025-04-10,-0.525,1011.8375,61.25,0.0,59.666666666666664,-4.304166666666666,3.6666666666666665,14.6,310.0
2025-04-11,1.0166666666666666,1006.8125,83.66666666666667,0.8,89.66666666666667,-2.025,2.8874999999999997,10.6,201.0
2025-04-12,5.033333333333333,1013.4833333333332,59.041666666666664,0.0,30.916666666666668,3.766666666666667,2.6458333333333335,9.3,211.0
2025-04-13,11.0625,1013.4458333333333,70.5,0.0,73.5,10.904166666666667,1.9333333333333333,6.9,130.0
2025-04-14,12.237499999999999,1013.2125,60.958333333333336,0.0,72.66666666666667,11.5875,3.754166666666667,11.1,147.0
2025-04-15,14.566666666666668,1016.5500000000001,68.08333333333333,4.0,37.083333333333336,14.195833333333333,3.1916666666666664,10.1,124.0
2025-04-16,10.4125,1018.0041666666666,80.79166666666667,2.3,90.25,9.237499999999999,4.733333333333333,12.6,138.0
2025-04-17,17.108333333333334,1016.5166666666668,62.791666666666664,0.0,5.25,16.6875,3.345833333333333,10.7,145.0
2025-04-18,19.3,1012.9375,56.208333333333336,0.0,22.0,19.150000000000002,2.970833333333333,8.8,141.0
2025-04-19,17.566666666666666,1010.5791666666668,64.04166666666667,0.3,35.041666666666664,17.483333333333334,2.8625000000000003,10.7,156.0
2025-04-20,17.145833333333332,1010.4333333333334,69.25,0.0,71.625,17.145833333333332,2.5875,9.9,148.0
2025-04-21,17.483333333333334,1009.9458333333333,54.75,0.0,13.208333333333334,17.279166666666665,1.9583333333333333,7.9,145.0
2025-04-22,18.0625,1012.4375,56.916666666666664,0.0,30.833333333333332,17.837500000000002,2.4791666666666665,13.4,30.0
2025-04-23,12.154166666666667,1017.3208333333333,76.75,0.0,61.5,11.758333333333333,2.158333333333333,8.0,315.0
2025-04-24,12.208333333333334,1014.5333333333333,72.58333333333333,0.0,50.208333333333336,12.208333333333334,1.7375,7.2,335.0
2025-04-25,8.233333333333333,1016.6083333333332,69.70833333333333,0.0,65.75,6.704166666666667,3.1458333333333335,10.8,330.0
2025-04-26,4.341666666666667,1023.475,57.875,0.0,35.083333333333336,2.220833333333333,2.8708333333333336,11.3,319.0
2025-04-27,5.058333333333334,1029.2583333333334,53.125,0.0,13.166666666666666,3.970833333333333,2.225,8.5,317.0
2025-04-28,7.279166666666666,1027.5916666666667,50.333333333333336,0.0,17.791666666666668,6.6499999999999995,2.3541666666666665,10.0,277.0
2025-04-29,11.879166666666668,1017.2791666666667,48.958333333333336,0.0,66.0,11.237499999999999,3.875,13.6,210.0
2025-04-30,12.0375,1017.6583333333333,54.958333333333336,0.0,52.333333333333336,11.633333333333333,3.591666666666667,14.6,275.0
2025-05-01,8.308333333333334,1019.8000000000001,60.083333333333336,0.0,61.166666666666664,6.6000000000000005,3.8333333333333335,14.4,318.0
2025-05-02,10.704166666666666,1017.6916666666666,52.5,0.0,56.458333333333336,10.362499999999999,3.3083333333333336,12.2,137.0
2025-05-03,13.116666666666667,1005.4458333333333,55.583333333333336,0.0,39.833333333333336,13.070833333333333,3.529166666666667,11.2,279.0
2025-05-04,7.2124999999999995,1001.1999999999999,84.04166666666667,9.0,82.91666666666667,6.004166666666666,2.0749999999999997,8.1,354.0
2025-05-05,6.133333333333333,1011.1458333333334,69.08333333333333,0.9,72.04166666666667,4.2124999999999995,2.85,11.6,259.0
2025-05-06,6.316666666666666,1015.4833333333332,58.583333333333336,0.0,40.791666666666664,5.3,2.6374999999999997,9.6,241.0
2025-05-07,5.0249999999999995,1017.1666666666666,63.458333333333336,0.1,83.08333333333333,2.525,3.170833333333333,11.2,319.0
2025-05-08,3.3708333333333336,1018.3416666666667,67.0,0.0,86.08333333333333,1.7583333333333335,1.9708333333333332,8.6,290.0
2025-05-09,4.820833333333334,1018.2416666666667,60.0,0.0,48.625,4.233333333333333,1.4625000000000001,8.2,296.0
2025-05-10,5.870833333333334,1017.6333333333333,62.5,0.0,72.58333333333333,5.183333333333334,1.9375,9.0,337.0
2025-05-11,6.4875,1019.0500000000001,64.0,0.0,40.208333333333336,5.5125,2.2875,10.8,313.0
2025-05-12,8.795833333333333,1016.875,58.666666666666664,0.0,60.166666666666664,8.116666666666667,2.4625,9.5,326.0
2025-05-13,10.075000000000001,1015.0500000000001,47.916666666666664,0.0,28.833333333333332,9.387500000000001,2.4291666666666667,11.5,315.0
2025-05-14,8.216666666666667,1007.1208333333334,73.08333333333333,16.4,79.79166666666667,7.454166666666667,2.3249999999999997,10.4,191.0
2025-05-15,5.8500000000000005,1004.2333333333332,75.5,0.0,69.45833333333333,3.9416666666666664,2.6,9.2,310.0
2025-05-16,5.7625,1007.25,80.0,2.8,52.166666666666664,3.8708333333333336,3.3000000000000003,10.7,116.0
2025-05-17,8.254166666666666,1007.6541666666667,83.66666666666667,1.8,91.875,6.995833333333334,2.8833333333333333,10.3,78.0
2025-05-18,10.5,1006.0208333333334,76.08333333333333,1.9,97.0,10.424999999999999,1.4708333333333332,5.8,180.0
2025-05-19,9.141666666666667,1009.6625,81.75,0.6,96.0,8.908333333333333,2.1999999999999997,9.0,268.0
2025-05-20,14.154166666666667,1008.2958333333332,66.83333333333333,0.0,43.666666666666664,13.670833333333334,3.6041666666666665,12.4,285.0
2025-05-21,14.299999999999999,1007.5333333333333,58.25,0.2,32.958333333333336,14.225,2.0,9.0,205.0
2025-05-22,15.75,1006.2458333333334,72.375,3.8,74.66666666666667,15.75,2.3208333333333333,16.9,176.0
2025-05-23,10.4375,1011.2708333333334,92.16666666666667,5.1,99.5,10.241666666666667,1.55,7.8,112.0
2025-05-24,8.608333333333333,1015.6333333333333,94.375,18.1,100.0,7.3999999999999995,2.3666666666666667,10.3,318.0
2025-05-25,11.325000000000001,1016.4875000000001,70.5,0.0,50.708333333333336,11.295833333333334,1.175,6.0,33.0
2025-05-26,13.016666666666666,1011.9541666666668,72.625,0.0,83.16666666666667,13.016666666666666,1.2416666666666667,6.1,242.0
2025-05-27,15.012500000000001,1016.1,68.0,0.0,77.91666666666667,15.012500000000001,2.0166666666666666,9.1,356.0
2025-05-28,14.166666666666666,1013.0500000000001,87.54166666666667,3.8000000000000003,97.5,14.166666666666666,1.2249999999999999,5.3,26.0
2025-05-29,15.258333333333333,1008.0375,94.41666666666667,7.9,98.2,15.258333333333333,1.55,7.8,304.0
2025-05-30,15.579166666666666,1012.3916666666668,61.291666666666664,1.9,40.208333333333336,15.579166666666666,3.608333333333333,10.1,286.0
2025-05-31,16.162499999999998,1014.1083333333332,71.83333333333333,1.5999999999999999,70.58333333333333,16.162499999999998,3.4125,10.7,209.0
2025-06-01,13.770833333333334,1017.525,73.83333333333333,0.0,35.958333333333336,13.725000000000001,1.3833333333333335,4.8,77.0
2025-06-02,16.304166666666667,1012.1333333333333,72.75,5.4,62.25,16.304166666666667,3.408333333333333,11.7,122.0
2025-06-03,16.220833333333335,1014.6999999999999,62.041666666666664,0.0,77.41666666666667,16.220833333333335,1.1958333333333333,7.7,105.0
2025-06-04,16.441666666666666,1016.1583333333333,62.375,0.3,13.125,16.441666666666666,1.925,8.5,5.0
2025-06-05,17.870833333333334,1011.1,78.33333333333333,13.899999999999999,61.791666666666664,17.870833333333334,2.7416666666666667,18.0,149.0
2025-06-06,19.254166666666666,1010.65,75.25,0.9,76.47619047619048,19.191666666666666,2.5791666666666666,9.4,195.0
2025-06-07,19.3,1011.9166666666666,63.75,1.0,50.75,19.195833333333333,2.858333333333333,9.9,192.0
2025-06-08,17.504166666666666,1008.8666666666667,79.33333333333333,4.3,79.41666666666667,17.504166666666666,2.8000000000000003,9.4,206.0
2025-06-09,12.637500000000001,1009.5541666666667,87.125,5.8,82.41666666666667,12.604166666666666,4.0625,14.6,210.0
2025-06-10,13.095833333333333,1018.3291666666668,63.166666666666664,0.0,35.541666666666664,12.512500000000001,3.125,10.4,246.0
2025-06-11,13.016666666666666,1011.3874999999999,81.83333333333333,2.4,94.95833333333333,13.016666666666666,2.9625,10.1,148.0
2025-06-12,11.616666666666667,1013.8458333333333,90.54166666666667,4.0,95.5,11.616666666666667,4.1125,11.5,285.0
2025-06-13,15.579166666666666,1021.3291666666668,75.45833333333333,0.1,65.79166666666667,15.579166666666666,3.5541666666666667,12.8,320.0
2025-06-14,15.741666666666667,1022.9416666666666,60.5,0.0,13.708333333333334,15.658333333333333,2.858333333333333,10.7,314.0
2025-06-15,17.204166666666666,1019.4208333333332,57.583333333333336,0.0,0.0,17.150000000000002,2.0625,8.0,314.0
2025-06-16,19.745833333333334,1014.4499999999999,61.458333333333336,0.0,8.375,19.599999999999998,2.1,11.7,26.0
2025-06-17,16.995833333333334,1014.9208333333332,71.95833333333333,0.1,67.95833333333333,16.995833333333334,4.995833333333334,14.0,282.0
2025-06-18,15.924999999999999,1013.8708333333334,77.95833333333333,1.8,74.79166666666667,15.924999999999999,4.166666666666667,13.4,258.0
2025-06-19,13.416666666666666,1010.1625,81.66666666666667,8.899999999999999,66.45833333333333,13.1,3.8000000000000003,16.8,271.0
2025-06-20,11.445833333333333,1012.5666666666666,85.33333333333333,9.4,83.5,11.445833333333333,5.083333333333333,17.5,288.0
2025-06-21,14.845833333333333,1018.0541666666667,66.375,0.0,38.625,14.641666666666666,3.2708333333333335,11.7,270.0
2025-06-22,13.483333333333334,1014.2458333333334,75.04166666666667,2.0999999999999996,66.91666666666667,13.483333333333334,3.4250000000000003,12.2,303.0
2025-06-23,14.9,1011.8583333333332,72.125,0.9,63.833333333333336,14.9,2.983333333333333,12.0,162.0
2025-06-24,14.329166666666666,1002.9958333333334,81.16666666666667,12.6,90.79166666666667,14.329166666666666,4.3374999999999995,15.6,225.0
2025-06-25,14.1625,1001.8916666666668,88.125,4.5,92.41666666666667,14.1625,3.720833333333333,13.6,244.0
2025-06-26,16.466666666666665,1010.3833333333333,69.45833333333333,0.0,60.666666666666664,16.466666666666665,3.9499999999999997,11.5,285.0
2025-06-27,14.525,1010.6541666666667,90.5,3.8,77.20833333333333,14.525,2.6916666666666664,10.6,155.0
2025-06-28,16.900000000000002,1011.9333333333334,69.20833333333333,0.0,66.45833333333333,16.900000000000002,4.970833333333333,15.9,270.0
2025-06-29,17.474999999999998,1009.1374999999999,74.125,1.4000000000000001,61.041666666666664,17.474999999999998,4.516666666666667,17.8,274.0
2025-06-30,15.704166666666666,1009.4916666666667,63.875,0.0,42.875,15.704166666666666,5.420833333333333,15.1,274.0
2025-07-01,16.224999999999998,1015.4333333333334,62.5,0.0,22.0,16.224999999999998,3.9124999999999996,12.4,305.0
2025-07-02,20.204166666666666,1017.1374999999999,57.041666666666664,0.0,2.625,20.1375,2.8333333333333335,8.9,292.0
2025-07-03,23.045833333333334,1014.9375,61.125,0.0,15.666666666666666,22.954166666666666,3.0708333333333333,14.2,255.0
2025-07-04,17.5,1018.8625000000001,61.875,0.0,42.416666666666664,17.5,3.3833333333333333,11.8,280.0
2025-07-05,15.916666666666666,1018.2541666666666,65.29166666666667,0.0,52.833333333333336,15.904166666666667,2.370833333333333,8.2,238.0
2025-07-06,20.875,1009.6708333333332,51.5,0.0,63.708333333333336,20.708333333333332,2.8791666666666664,11.2,222.0
2025-07-07,20.870833333333334,1003.4916666666667,67.58333333333333,1.0,68.125,20.829166666666666,2.408333333333333,11.2,147.0
2025-07-08,19.724999999999998,1003.7833333333333,77.66666666666667,22.099999999999998,58.041666666666664,19.670833333333334,2.0458333333333334,8.6,254.0
2025-07-09,16.316666666666666,1005.7958333333332,90.95833333333333,37.8,87.625,16.316666666666666,2.75,15.4,348.0
2025-07-10,15.325000000000001,1005.0666666666666,99.79166666666667,7.8999999999999995,100.0,15.325000000000001,2.4625,10.9,321.0
2025-07-11,17.05,1005.7375000000001,91.45833333333333,0.30000000000000004,92.57142857142857,17.05,3.0083333333333333,9.8,45.0
2025-07-12,18.854166666666668,1014.8333333333334,68.625,0.0,46.083333333333336,18.766666666666666,3.0083333333333333,8.7,143.0
2025-07-13,19.675,1017.3583333333332,68.625,1.0,20.458333333333332,19.6125,1.1833333333333333,6.5,37.0
2025-07-14,18.316666666666666,1014.6708333333332,82.04166666666667,20.599999999999998,49.666666666666664,18.316666666666666,1.5416666666666667,15.4,102.0
2025-07-15,18.966666666666665,1010.9083333333333,84.45833333333333,0.1,74.20833333333333,18.974999999999998,1.5791666666666666,9.1,254.0
2025-07-16,18.654166666666665,1006.6125000000001,82.45833333333333,1.4,38.75,18.641666666666666,1.6958333333333335,8.4,189.0
2025-07-17,17.641666666666666,1009.275,80.79166666666667,0.0,42.875,17.641666666666666,1.7958333333333334,6.8,186.0
2025-07-18,19.091666666666665,1010.2958333333332,88.5,6.7,83.625,19.099999999999998,1.7666666666666666,9.6,329.0
2025-07-19,20.9375,1007.9,82.54166666666667,6.4,77.33333333333333,20.975,1.7750000000000001,9.1,3.0
2025-07-20,19.620833333333334,1004.6125000000001,88.58333333333333,11.3,66.29166666666667,19.620833333333334,1.7083333333333333,9.9,36.0
2025-07-21,20.2375,1005.4375,81.25,0.0,44.69565217391305,20.25,1.6083333333333334,6.1,322.0
2025-07-22,21.462500000000002,1004.2583333333333,78.66666666666667,0.0,29.333333333333332,21.59166666666667,1.3375000000000001,6.8,72.0
2025-07-23,19.441666666666666,1006.4666666666667,86.16666666666667,2.5999999999999996,79.91666666666667,19.441666666666666,2.4458333333333333,8.4,256.0
2025-07-24,18.5,1010.0375,83.625,1.5,60.625,18.495833333333334,1.9541666666666666,10.0,176.0
2025-07-25,18.425,1010.9833333333332,88.375,3.0,48.38095238095238,18.425,1.4166666666666667,5.5,42.0
2025-07-26,19.8625,1011.225,87.75,2.3,61.291666666666664,19.908333333333335,1.3541666666666667,6.8,157.0
2025-07-27,20.395833333333332,1009.9250000000001,86.33333333333333,5.2,57.91304347826087,20.483333333333334,1.4583333333333333,7.9,201.0
2025-07-28,20.3125,1004.2916666666666,92.625,18.8,83.08333333333333,20.370833333333334,2.6999999999999997,13.5,134.0
2025-07-29,20.304166666666667,1004.7375000000001,83.16666666666667,0.7,85.75,20.304166666666667,3.279166666666667,11.1,124.0
2025-07-30,16.829166666666666,1008.2875,98.20833333333333,26.900000000000002,99.0,16.829166666666666,2.65,9.4,295.0
2025-07-31,14.420833333333334,1012.0083333333333,95.33333333333333,12.3,81.41666666666667,14.420833333333334,1.7125000000000001,6.4,295.0
2025-08-01,15.0875,1009.6791666666667,85.875,0.5,36.125,15.0875,1.4749999999999999,5.2,180.0
2025-08-02,18.395833333333332,1012.225,79.33333333333333,0.30000000000000004,61.208333333333336,18.370833333333334,1.6375,6.4,159.0
2025-08-03,22.516666666666666,1015.5083333333333,67.875,0.0,24.625,22.504166666666666,2.1708333333333334,9.2,111.0
2025-08-04,19.316666666666666,1015.375,80.75,4.3,49.666666666666664,19.329166666666666,1.8083333333333333,7.3,133.0
2025-08-05,18.025000000000002,1015.15,75.75,0.0,63.208333333333336,18.0125,2.525,10.2,148.0
2025-08-06,16.320833333333333,1015.9583333333334,79.58333333333333,3.4,72.625,16.320833333333333,2.6625,10.6,256.0
2025-08-07,15.595833333333333,1020.2875,73.83333333333333,0.0,42.375,15.541666666666666,2.475,8.6,213.0
2025-08-08,16.329166666666666,1019.5708333333333,77.79166666666667,0.0,83.66666666666667,16.329166666666666,1.9458333333333335,6.3,191.0
2025-08-09,17.716666666666665,1020.4916666666667,74.875,0.0,8.636363636363637,17.6375,1.3458333333333332,6.7,276.0
2025-08-10,16.770833333333332,1018.3333333333334,85.66666666666667,4.8,53.916666666666664,16.770833333333332,2.3583333333333334,11.7,145.0
2025-08-11,17.400000000000002,1019.975,73.75,0.0,51.291666666666664,17.400000000000002,3.3541666666666665,10.3,294.0
2025-08-12,17.175,1021.1125000000001,72.45833333333333,0.0,53.458333333333336,17.175,2.2916666666666665,9.0,254.0
2025-08-13,17.0625,1022.7208333333333,77.33333333333333,0.0,42.916666666666664,17.0625,1.2750000000000001,6.3,282.0
2025-08-14,18.070833333333333,1024.825,69.41666666666667,0.0,0.5416666666666666,17.945833333333333,1.1458333333333333,5.1,7.0
2025-08-15,18.712500000000002,1023.7958333333332,68.125,0.0,7.833333333333333,18.595833333333335,1.5458333333333334,5.7,192.0
2025-08-16,19.287499999999998,1012.2958333333332,70.375,0.4,56.0,19.283333333333335,3.0583333333333336,9.8,177.0
2025-08-17,14.583333333333334,1010.7833333333333,72.83333333333333,1.0,65.91666666666667,14.583333333333334,3.266666666666667,12.2,278.0
2025-08-18,14.508333333333333,1015.9,83.875,1.1,74.79166666666667,14.508333333333333,2.2708333333333335,7.6,305.0
2025-08-19,16.541666666666668,1014.0916666666667,74.25,0.0,21.416666666666668,16.541666666666668,2.2666666666666666,7.1,261.0
2025-08-20,14.654166666666667,1006.9541666666668,84.79166666666667,5.8999999999999995,68.04166666666667,14.654166666666667,2.0124999999999997,8.0,170.0
2025-08-21,13.320833333333333,1009.725,71.54166666666667,0.0,27.791666666666668,13.220833333333333,1.4833333333333334,5.5,319.0
2025-08-22,15.041666666666666,1006.9291666666667,66.75,0.0,51.875,15.041666666666666,1.875,9.6,112.0
2025-08-23,12.879166666666668,1006.0416666666666,74.54166666666667,0.0,62.208333333333336,12.745833333333332,2.6791666666666667,9.6,219.0
2025-08-24,11.275,1006.4583333333334,87.66666666666667,2.8000000000000003,89.83333333333333,10.9625,3.275,12.0,259.0
2025-08-25,11.220833333333333,1007.6791666666667,89.33333333333333,5.199999999999999,86.375,10.799999999999999,3.1958333333333333,10.7,248.0
2025-08-26,11.491666666666667,1009.9291666666667,85.33333333333333,0.0,82.0,10.958333333333334,2.4916666666666667,9.1,264.0
2025-08-27,11.395833333333334,1015.7125,81.08333333333333,0.0,54.0,11.295833333333334,1.4583333333333333,7.6,107.0
2025-08-28,15.679166666666667,1014.4208333333332,75.75,0.0,60.666666666666664,15.525,2.5416666666666665,8.1,134.0
2025-08-29,21.620833333333334,1007.2583333333333,61.666666666666664,0.0,17.333333333333332,21.59583333333333,3.6999999999999997,11.0,155.0
2025-08-30,21.866666666666664,1006.9416666666666,61.0,0.0,23.541666666666668,21.879166666666666,2.066666666666667,7.8,163.0
2025-08-31,17.420833333333334,1011.1291666666666,94.375,0.3,85.0,17.420833333333334,1.95,7.2,340.0
2025-09-01,17.2,1014.4541666666668,81.16666666666667,0.0,55.291666666666664,17.2,2.004166666666667,7.4,1.0
2025-09-02,18.079166666666666,1014.3833333333333,75.45833333333333,0.0,0.0,18.029166666666665,2.095833333333333,8.1,94.0
2025-09-03,20.104166666666668,1013.6374999999999,75.45833333333333,4.5,29.791666666666668,20.212500000000002,2.5749999999999997,12.5,133.0
2025-09-04,19.941666666666666,1017.2208333333333,88.58333333333333,0.0,62.0,19.975,0.9666666666666667,3.9,172.0
2025-09-05,20.020833333333332,1018.7875,78.875,0.0,23.9,20.029166666666665,1.9375,9.6,128.0
2025-09-06,20.791666666666668,1020.3041666666667,69.41666666666667,0.0,46.041666666666664,20.820833333333333,2.5875,7.9,148.0
2025-09-07,20.929166666666667,1023.3375,66.875,0.0,35.083333333333336,20.900000000000002,2.0875,7.8,70.0
2025-09-08,18.075,1024.1458333333333,70.41666666666667,0.0,40.833333333333336,18.075,1.9875,8.8,113.0
2025-09-09,17.979166666666668,1022.1833333333334,68.91666666666667,0.0,54.375,17.979166666666668,2.0541666666666667,8.5,60.0
2025-09-10,19.233333333333334,1021.1791666666667,71.08333333333333,0.0,10.458333333333334,19.2,2.4875000000000003,11.2,78.0
2025-09-11,19.787499999999998,1017.1875,60.25,0.0,34.041666666666664,19.770833333333332,4.575,16.7,129.0
2025-09-12,14.1875,1019.275,96.04166666666667,14.8,99.0,14.1875,4.204166666666667,11.3,141.0
2025-09-13,14.566666666666668,1025.1791666666666,96.79166666666667,0.0,97.91666666666667,14.566666666666668,2.875,8.0,149.0
2025-09-14,17.5625,1018.8833333333333,71.25,0.0,76.875,17.5625,4.125,12.1,138.0
2025-09-15,14.083333333333334,1014.1125000000001,85.0,1.8,95.0,14.083333333333334,3.733333333333333,11.1,148.0
2025-09-16,13.945833333333333,1010.9666666666667,94.79166666666667,5.9,63.708333333333336,13.945833333333333,3.0541666666666667,8.3,159.0
2025-09-17,12.445833333333333,1012.3791666666666,90.66666666666667,6.6,79.95833333333333,12.445833333333333,2.254166666666667,9.0,175.0
2025-09-18,13.3375,1015.4083333333333,86.16666666666667,0.2,76.20833333333333,13.070833333333333,2.5625,10.1,197.0
2025-09-19,15.833333333333334,1016.4291666666667,78.66666666666667,0.0,77.79166666666667,15.833333333333334,3.9625,13.2,220.0
2025-09-20,16.316666666666666,1019.7166666666667,87.45833333333333,0.1,53.25,16.316666666666666,2.7416666666666667,10.0,207.0
2025-09-21,19.8625,1013.0583333333334,77.75,0.0,18.333333333333332,19.891666666666666,3.2416666666666667,9.8,175.0
2025-09-22,15.825000000000001,1013.0666666666666,78.79166666666667,0.0,62.5,15.825000000000001,2.4791666666666665,8.0,172.0
2025-09-23,11.512500000000001,1018.9166666666666,77.58333333333333,0.5,69.45833333333333,11.424999999999999,1.9375,6.6,290.0
2025-09-24,8.362499999999999,1027.4041666666667,74.04166666666667,0.0,11.083333333333334,8.095833333333333,1.8875,9.0,320.0
2025-09-25,7.120833333333334,1032.4333333333334,80.70833333333333,0.0,10.0,7.020833333333333,1.3416666666666668,5.6,324.0
2025-09-26,7.3374999999999995,1035.7666666666667,78.04166666666667,0.0,1.5833333333333333,7.3374999999999995,0.7041666666666667,3.8,135.0
2025-09-27,8.2625,1031.4375,86.625,0.0,52.291666666666664,8.2625,1.225,5.9,1.0
2025-09-28,8.795833333333333,1027.7166666666667,91.08333333333333,1.4,81.91666666666667,8.145833333333334,1.95,7.8,43.0
2025-09-29,6.245833333333334,1030.0083333333334,80.66666666666667,0.0,88.125,4.1375,2.8249999999999997,9.6,39.0
2025-09-30,7.529166666666666,1032.1625000000001,80.5,0.0,95.91666666666667,6.3625,2.004166666666667,7.5,83.0
2025-10-01,6.533333333333334,1033.9125000000001,76.0,0.0,52.291666666666664,5.391666666666667,1.9208333333333334,7.9,28.0
2025-10-02,5.945833333333333,1029.3291666666667,77.04166666666667,0.0,85.66666666666667,5.3999999999999995,1.4875,5.9,342.0
2025-10-03,6.333333333333333,1027.2458333333334,78.70833333333333,0.0,57.875,6.158333333333334,1.1416666666666666,4.5,7.0
2025-10-04,7.741666666666667,1016.9708333333333,80.83333333333333,0.0,71.5,6.779166666666666,2.5749999999999997,8.7,150.0
2025-10-05,8.329166666666667,1004.2875,90.20833333333333,4.800000000000001,82.91666666666667,6.791666666666667,2.6750000000000003,7.9,145.0
2025-10-06,10.054166666666667,1012.4666666666667,86.54166666666667,0.0,91.83333333333333,9.420833333333333,2.375,7.2,152.0
2025-10-07,9.091666666666667,1021.6416666666668,87.875,0.0,69.41666666666667,9.091666666666667,0.8291666666666667,4.0,153.0
2025-10-08,7.5375000000000005,1022.3000000000001,84.33333333333333,0.0,16.0,7.454166666666667,1.0041666666666667,4.6,118.0
2025-10-09,7.920833333333333,1016.9625,87.91666666666667,0.0,33.916666666666664,7.854166666666667,1.4041666666666668,5.9,228.0
2025-10-10,9.1,1012.2624999999999,95.79166666666667,8.7,76.75,7.916666666666667,2.5625,9.3,306.0
2025-10-11,7.658333333333334,1016.3958333333334,95.5,0.30000000000000004,48.25,6.533333333333334,2.3958333333333335,7.5,212.0
2025-10-12,8.154166666666667,1013.5541666666667,87.20833333333333,3.5,64.29166666666667,6.495833333333334,3.591666666666667,19.3,245.0
2025-10-13,6.254166666666666,1014.8666666666667,83.54166666666667,1.0,80.45833333333333,3.595833333333333,3.8333333333333335,13.0,301.0
2025-10-14,5.083333333333333,1017.3666666666667,88.58333333333333,0.8,92.875,3.079166666666667,2.4166666666666665,7.2,307.0
2025-10-15,6.0625,1019.1166666666667,91.29166666666667,0.6,92.875,4.983333333333333,1.8833333333333335,7.1,235.0
2025-10-16,9.025,1016.4083333333333,90.45833333333333,1.5,96.18181818181819,8.133333333333333,2.75,9.9,196.0
2025-10-17,8.658333333333333,1013.4375,99.25,8.5,98.0,7.7250000000000005,1.9749999999999999,7.1,303.0
2025-10-18,5.866666666666667,1014.1333333333333,97.29166666666667,10.1,100.0,4.070833333333334,2.3666666666666667,9.4,41.0
2025-10-19,2.7125,1020.2958333333332,82.25,0.0,11.5,0.4083333333333334,2.5791666666666666,9.4,343.0
2025-10-20,1.3833333333333335,1019.9791666666666,81.0,0.0,0.0,0.9916666666666667,1.1583333333333334,4.6,37.0
2025-10-21,2.4375,1015.4958333333334,89.45833333333333,0.0,4.708333333333333,-0.22083333333333333,2.9916666666666667,9.9,126.0
2025-10-22,5.5625,1010.8208333333333,83.58333333333333,1.3,53.791666666666664,2.1374999999999997,5.033333333333333,11.6,142.0
2025-10-23,7.666666666666667,1004.0291666666667,96.04166666666667,2.8,98.5,4.766666666666667,4.766666666666667,10.1,141.0
2025-10-24,11.458333333333334,995.9291666666667,93.70833333333333,0.5,90.79166666666667,11.108333333333334,3.75,12.7,135.0
2025-10-25,8.191666666666666,994.4708333333333,97.875,35.4,98.0,5.854166666666667,4.183333333333334,13.8,270.0
2025-10-26,5.7,996.9760000000001,97.72,0.0,83.2,3.3760000000000003,3.06,8.8,155.0
2025-10-27,5.875,993.3291666666668,95.95833333333333,3.1,98.5,2.6916666666666664,4.591666666666667,12.1,185.0
2025-10-28,5.2375,996.4666666666667,97.66666666666667,2.7,97.5,3.3666666666666667,2.4125,7.4,171.0
2025-10-29,6.7749999999999995,1004.4416666666666,95.45833333333333,1.9,96.5,4.8,2.8208333333333333,9.0,217.0
2025-10-30,7.2875000000000005,1005.1333333333333,92.20833333333333,1.6,80.45833333333333,5.041666666666667,3.6333333333333333,9.6,140.0
2025-10-31,8.2875,1005.2916666666666,95.04166666666667,8.8,100.0,5.366666666666667,5.175,14.2,284.0
2025-11-01,6.920833333333333,1020.5333333333333,96.70833333333333,0.0,87.08333333333333,5.370833333333334,2.4166666666666665,7.1,147.0
2025-11-02,6.3999999999999995,1015.6166666666667,91.91666666666667,2.6,96.0,3.829166666666667,3.595833333333333,8.7,142.0
2025-11-03,8.016666666666667,1012.4041666666667,99.58333333333333,7.3,99.0,7.354166666666667,1.5916666666666668,7.0,312.0
2025-11-04,7.6875,1021.9875000000001,94.125,0.0,91.79166666666667,6.420833333333333,2.2291666666666665,7.1,187.0
2025-11-05,8.733333333333333,1025.4291666666666,89.625,0.0,80.375,7.3125,3.1458333333333335,8.5,170.0
2025-11-06,7.566666666666666,1021.9083333333333,87.45833333333333,0.0,78.91666666666667,5.6000000000000005,3.091666666666667,7.7,181.0
2025-11-07,6.483333333333333,1021.1833333333334,94.41666666666667,0.0,40.57142857142857,4.6499999999999995,2.6833333333333336,7.1,155.0
2025-11-08,3.65,1020.2666666666668,100.0,0.0,64.66666666666667,0.8916666666666666,2.9958333333333336,7.6,172.0
2025-11-09,2.9916666666666667,1018.0416666666666,100.0,0.0,100.0,1.2208333333333334,2.0124999999999997,6.0,150.0
2025-11-10,3.4458333333333333,1015.7041666666668,97.75,1.9,100.0,3.404166666666667,0.8041666666666667,2.8,119.0
2025-11-11,5.695833333333333,1014.85,98.5,2.6,98.5,5.695833333333333,0.7083333333333334,2.5,130.0
2025-11-12,6.183333333333334,1018.2083333333334,97.29166666666667,1.6,100.0,5.783333333333334,1.2,3.7,310.0
2025-11-13,5.5874999999999995,1013.0875,92.54166666666667,0.0,76.41666666666667,2.4208333333333334,4.379166666666666,12.9,179.0
2025-11-14,7.545833333333333,1008.8583333333332,90.33333333333333,4.6000000000000005,94.91666666666667,5.579166666666667,3.1999999999999997,9.9,212.0
2025-11-15,1.2708333333333333,1015.8791666666666,90.0,4.8,42.875,-0.6375000000000001,2.0458333333333334,7.9,305.0
2025-11-16,-1.6208333333333333,1012.4583333333334,92.875,6.5,60.666666666666664,-5.033333333333333,3.045833333333333,8.7,138.0
2025-11-17,1.6416666666666666,1000.5124999999999,96.41666666666667,4.2,97.27272727272727,0.42916666666666664,1.5999999999999999,6.3,282.0
2025-11-18,1.3916666666666666,1006.8208333333333,86.5,0.0,90.875,-2.2041666666666666,3.75,11.0,224.0
2025-11-19,1.3833333333333335,1012.2416666666667,92.20833333333333,0.4,83.91666666666667,-2.1999999999999997,3.5,9.5,181.0
2025-11-20,-0.7541666666666668,1011.4875000000001,91.20833333333333,0.8,81.45833333333333,-4.8875,3.65,9.0,139.0
2025-11-21,0.37083333333333335,1014.6541666666667,91.83333333333333,0.0,89.33333333333333,-2.716666666666667,2.8125,8.5,192.0
2025-11-22,-0.5166666666666666,1022.2208333333333,93.54166666666667,0.1,77.3913043478261,-1.9583333333333333,1.5250000000000001,5.6,310.0
2025-11-23,-4.170833333333333,1020.3583333333332,93.04166666666667,2.4,67.29166666666667,-5.395833333333333,1.2375,4.3,43.0
2025-11-24,-2.2083333333333335,1007.2416666666667,93.125,0.6000000000000001,99.0,-4.579166666666667,1.9833333333333334,6.8,7.0
2025-11-25,-0.425,1010.2541666666666,94.54166666666667,0.2,99.5,-2.654166666666667,1.9666666666666668,6.4,106.0
2025-11-26,-0.12916666666666668,1012.975,94.875,11.6,100.0,-3.3375,2.6666666666666665,8.4,42.0
2025-11-27,0.23750000000000002,1014.5333333333333,97.125,1.8,100.0,-2.404166666666667,2.4208333333333334,7.9,207.0
2025-11-28,-1.0041666666666667,1021.7208333333333,90.54166666666667,0.0,95.5,-5.5874999999999995,4.166666666666667,9.8,184.0
2025-11-29,-0.4875,1018.5083333333333,95.33333333333333,0.0,100.0,-4.604166666666667,3.7083333333333335,10.2,172.0
2025-11-30,0.7583333333333333,1018.3458333333333,97.91666666666667,0.0,100.0,-0.44166666666666665,1.45,5.0,205.0
2025-12-01,1.8125,1018.5708333333333,98.91666666666667,0.0,99.07692307692308,0.08333333333333333,1.8625,5.8,156.0
2025-12-02,1.7666666666666666,1023.7916666666666,98.41666666666667,0.0,100.0,0.4875,1.5875000000000001,5.4,133.0
2025-12-03,0.9500000000000001,1024.3125,96.41666666666667,0.0,100.0,-2.029166666666667,2.7416666666666667,8.1,137.0
2025-12-04,4.354166666666667,1020.6125000000001,95.83333333333333,0.0,100.0,2.095833333333333,2.6333333333333333,6.6,137.0
2025-12-05,5.7375,1020.8416666666667,95.75,0.1,93.83333333333333,3.733333333333333,2.8000000000000003,8.4,130.0
2025-12-06,3.5583333333333336,1020.7458333333334,84.08333333333333,0.0,96.5,-0.325,4.733333333333333,13.3,151.0
2025-12-07,0.26666666666666666,1018.6208333333334,89.20833333333333,0.0,100.0,-4.158333333333333,4.316666666666666,10.5,161.0
2025-12-08,1.1666666666666667,1018.3333333333334,94.66666666666667,0.1,100.0,-2.8041666666666667,3.9916666666666667,10.4,158.0
2025-12-09,5.829166666666667,1012.275,96.0,2.2,91.04545454545455,3.4458333333333333,3.125,7.5,180.0
2025-12-10,6.341666666666666,1014.5619047619048,94.44444444444444,0.5318817264849007,96.0,3.938888888888889,2.2555555555555555,5.7,243.0
2025-12-11,7.866666666666667,1012.655,91.15,1.6934646442368066,93.9,5.46,3.35,11.0,255.0
2025-12-12,5.533333333333334,1015.4,92.45833333333333,5.6000000000000005,91.79166666666667,2.8833333333333333,3.466666666666667,10.0,9.0
2025-12-13,-2.5541666666666667,1027.6708333333333,72.95833333333333,0.0,78.29166666666667,-5.370833333333334,2.504166666666667,9.3,142.0
2025-12-14,-0.05416666666666664,1018.5958333333333,96.83333333333333,3.1,98.9090909090909,-2.1416666666666666,2.0500000000000003,7.1,152.0
2025-12-15,3.233333333333333,1017.4666666666667,94.45833333333333,0.2,100.0,0.25,3.1666666666666665,9.1,240.0
2025-12-16,1.2874999999999999,1022.1750000000001,97.75,0.0,100.0,-2.341666666666667,3.5083333333333333,8.8,180.0
2025-12-17,0.225,1020.3375,98.25,0.0,97.0,-3.3166666666666664,3.141666666666667,7.4,168.0
2025-12-18,-0.24166666666666667,1023.2541666666667,98.83333333333333,0.0,98.5,-1.8375000000000001,1.6708333333333334,5.8,175.0
2025-12-19,-1.0625,1025.8708333333334,99.0,0.0,94.8371212121212,-5.6000000000000005,4.045833333333333,9.5,164.0
2025-12-20,1.0333333333333334,1019.8458333333333,99.0,0.5,100.0,-2.3125,3.1833333333333336,9.4,171.0
2025-12-21,3.9416666666666664,1018.1,92.54166666666667,0.0,96.45833333333333,1.3375000000000001,3.033333333333333,8.6,276.0
2025-12-22,2.408333333333333,1022.0583333333334,88.5,0.0,97.0,0.029166666666666674,2.375,8.6,284.0
2025-12-23,-3.391666666666666,1028.8291666666667,76.625,0.1,65.66666666666667,-6.7749999999999995,2.5458333333333334,10.3,36.0
2025-12-24,-6.9624999999999995,1038.2041666666667,78.54166666666667,0.0,60.458333333333336,-9.016666666666667,1.5416666666666667,7.9,0.0
2025-12-25,-2.5833333333333335,1034.9666666666667,74.0,0.0,99.0,-7.145833333333333,3.7875,12.2,261.0
2025-12-26,1.8583333333333334,1021.6583333333333,92.08333333333333,0.1,74.58333333333333,-2.120833333333333,4.179166666666666,12.2,316.0
2025-12-27,3.1208333333333336,1011.5124999999999,90.83333333333333,1.2,94.83333333333333,-0.7458333333333332,4.654166666666667,18.4,271.0
2025-12-28,0.004166666666666666,1005.85,80.83333333333333,1.9727585272214918,88.625,-5.141666666666667,5.454166666666667,15.8,320.0
2025-12-29,-1.0769230769230769,1000.7,80.46153846153847,0.9935267322128052,87.84615384615384,-6.1923076923076925,4.9,16.7,295.0
2025-12-30,-4.420833333333333,998.2375000000001,80.75,1.8,92.08695652173913,-10.237499999999999,4.7250000000000005,12.7,281.0
2025-12-31,-7.216666666666666,1004.4083333333333,76.25,0.7667249323083849,59.041666666666664,-12.183333333333332,3.3249999999999997,11.2,309.0
2026-01-01,-11.158333333333333,1001.3958333333334,81.66666666666667,4.2,64.16666666666667,-16.629166666666666,3.6041666666666665,12.3,156.0
2026-01-02,-0.17916666666666667,987.15,93.58333333333333,5.6,99.5,-4.8625,4.520833333333333,9.4,192.0
2026-01-03,-0.9666666666666668,991.6041666666666,91.33333333333333,0.9,97.5,-4.95,3.3666666666666667,8.8,214.0
2026-01-04,-3.6166666666666667,1000.7208333333333,90.41666666666667,0.9,94.45833333333333,-8.0875,3.35,8.9,177.0
2026-01-05,-5.0249999999999995,1013.6416666666668,88.58333333333333,0.0,90.75,-9.808333333333334,3.3000000000000003,8.0,194.0
2026-01-06,-6.791666666666667,1016.1166666666667,91.79166666666667,2.1,77.70833333333333,-9.158333333333333,1.6208333333333333,5.8,82.0
2026-01-07,-6.220833333333334,1016.7958333333332,92.625,0.0,98.8,-7.833333333333333,1.4000000000000001,6.4,196.0
2026-01-08,-7.904166666666666,1013.7791666666667,88.79166666666667,0.0,97.5,-11.845833333333333,2.6333333333333333,10.1,35.0
2026-01-09,-10.295833333333333,1002.6541666666667,82.45833333333333,8.9,100.0,-16.970833333333335,4.0874999999999995,14.6,1.0
2026-01-10,-10.75,1000.2541666666666,83.20833333333333,0.5,98.5,-14.9,2.1666666666666665,7.7,343.0
2026-01-11,-13.950000000000001,1006.5833333333334,86.20833333333333,0.1,99.0,-16.7625,1.4416666666666667,4.7,312.0
2026-01-12,-12.370833333333332,1015.2624999999999,87.41666666666667,0.0,89.16666666666667,-15.375,1.6125,6.6,324.0
2026-01-13,-11.137500000000001,1019.8333333333334,88.54166666666667,0.4,99.0,-12.65,1.2583333333333333,6.2,287.0
2026-01-14,-10.325,1023.4416666666666,89.29166666666667,0.0,92.29166666666667,-15.516666666666666,3.045833333333333,9.2,150.0
2026-01-15,-13.816666666666668,1025.1333333333334,83.58333333333333,0.0,76.83333333333333,-20.333333333333332,3.2541666666666664,7.3,133.0
2026-01-16,-15.825000000000001,1034.8791666666666,78.58333333333333,0.0,15.708333333333334,-23.429166666666664,3.775,8.0,146.0
2026-01-17,-12.341666666666667,1040.5833333333333,75.25,0.0,0.0,-19.025000000000002,3.608333333333333,7.9,143.0
2026-01-18,-14.35,1043.75,82.70833333333333,0.0,12.041666666666666,-20.545833333333334,2.8708333333333336,6.0,154.0
2026-01-19,-14.595833333333333,1039.7333333333333,83.29166666666667,0.0,19.458333333333332,-20.395833333333332,2.5625,5.1,152.0
2026-01-20,-13.691666666666668,1031.1166666666666,85.29166666666667,0.0,1.5833333333333333,-18.891666666666666,2.2958333333333334,5.6,153.0
2026-01-21,-12.483333333333334,1019.3916666666668,85.375,0.0,23.041666666666668,-16.808333333333334,2.0208333333333335,4.5,157.0
2026-01-22,-11.095833333333333,1016.9708333333333,84.0,0.0,96.5,-17.158333333333335,3.329166666666667,12.5,60.0
2026-01-23,-9.404166666666667,1019.15,77.91666666666667,0.0,75.16666666666667,-14.629166666666668,3.0,12.4,86.0
2026-01-24,-10.966666666666667,1020.85,79.41666666666667,0.0,71.41666666666667,-16.141666666666666,2.65,8.6,72.0
2026-01-25,-10.233333333333333,1019.8166666666666,75.79166666666667,0.0,74.58333333333333,-16.308333333333334,3.5,9.2,111.0
2026-01-26,-7.733333333333333,1010.1,86.66666666666667,1.9,100.0,-12.9375,3.3083333333333336,9.5,129.0
2026-01-27,-2.1999999999999997,1005.4166666666666,95.625,3.8,100.0,-4.1625000000000005,1.5999999999999999,4.6,70.0
2026-01-28,-5.0125,1002.875,91.91666666666667,6.0,100.0,-8.941666666666666,2.495833333333333,7.5,33.0
2026-01-29,-9.604166666666666,1009.7875,87.0,0.0,81.29166666666667,-14.795833333333334,2.8125,8.3,35.0
2026-01-30,-13.6,1019.3166666666666,78.83333333333333,0.0,0.5416666666666666,-18.804166666666667,2.3541666666666665,8.7,42.0
2026-01-31,-15.366666666666667,1025.9333333333334,76.66666666666667,0.0,0.0,-19.349999999999998,1.7208333333333332,4.7,30.0
2026-02-01,-17.795833333333334,1028.5416666666667,78.0,0.0,25.041666666666668,-23.070833333333336,2.0541666666666667,6.4,3.0
2026-02-02,-20.666666666666668,1024.5916666666667,78.29166666666667,0.0,2.125,-24.09166666666667,1.4833333333333334,4.6,300.0
2026-02-03,-16.983333333333334,1024.0666666666666,78.75,0.0,0.0,-17.420833333333334,0.9541666666666666,3.5,335.0
2026-02-04,-13.950000000000001,1024.125,76.75,0.0,18.291666666666668,-17.591666666666665,2.1041666666666665,8.3,89.0
2026-02-05,-8.325000000000001,1014.025,80.66666666666667,0.0,99.0,-13.541666666666666,3.0583333333333336,8.8,118.0
2026-02-06,-5.2250000000000005,1006.7375000000001,88.58333333333333,0.2,100.0,-9.325000000000001,2.6458333333333335,8.1,116.0
2026-02-07,-3.3375,1008.1791666666667,89.0,2.0,100.0,-5.4125000000000005,1.7166666666666668,6.1,43.0
2026-02-08,-7.629166666666666,1017.8333333333334,81.41666666666667,0.0,58.458333333333336,-11.950000000000001,2.8208333333333333,9.7,31.0
2026-02-09,-14.583333333333334,1022.8166666666666,82.83333333333333,0.0,35.5,-18.629166666666666,1.8958333333333333,4.5,152.0
2026-02-10,-12.620833333333332,1010.8125,82.5,0.2,50.541666666666664,-18.383333333333333,2.829166666666667,6.8,148.0
2026-02-11,-4.045833333333333,995.9666666666667,93.29166666666667,2.0,100.0,-8.220833333333333,2.9499999999999997,7.0,146.0
2026-02-12,0.13333333333333333,987.4666666666667,95.66666666666667,2.0,100.0,-1.3333333333333333,1.7416666666666665,6.4,146.0
2026-02-13,1.5916666666666668,986.9083333333333,98.79166666666667,4.3,100.0,-0.5208333333333334,2.216666666666667,6.8,166.0
2026-02-14,-7.3,1001.5,84.95833333333333,0.0,100.0,-11.920833333333334,2.7624999999999997,7.7,333.0
2026-02-15,-11.983333333333334,1017.3458333333333,72.625,0.0,49.625,-16.054166666666667,1.9291666666666665,8.0,348.0
2026-02-16,-12.870833333333332,1012.7083333333334,54.333333333333336,0.0,0.5416666666666666,-16.104166666666668,1.9083333333333332,7.9,41.0
2026-02-17,-11.933333333333332,1013.9083333333333,47.958333333333336,0.0,45.458333333333336,-16.854166666666668,2.3583333333333334,7.9,91.0
2026-02-18,-8.704166666666667,1013.2833333333333,62.708333333333336,0.0,98.5,-14.1875,3.2583333333333333,8.5,118.0
2026-02-19,-6.504166666666666,1010.6333333333333,81.33333333333333,1.1,93.33333333333333,-9.883333333333333,2.254166666666667,8.8,185.0
2026-02-20,-7.058333333333334,1023.0583333333334,78.20833333333333,0.1,65.875,-11.029166666666667,2.4916666666666667,9.5,289.0
2026-02-21,-5.6000000000000005,1021.0791666666668,69.04166666666667,0.0,65.79166666666667,-11.075000000000001,4.479166666666667,14.8,168.0
2026-02-22,-0.5,1012.1416666666668,87.25,0.6,95.41666666666667,-4.008333333333334,3.6875,10.8,193.0
2026-02-23,-0.5625,1006.8833333333333,91.0,1.3,97.22727272727273,-3.233333333333333,2.2291666666666665,7.0,126.0
2026-02-24,0.2791666666666666,1008.6291666666666,96.375,0.7,100.0,-2.2624999999999997,2.4458333333333333,8.2,306.0
2026-02-25,-1.8541666666666667,1021.7458333333334,85.29166666666667,0.30000000000000004,99.0,-4.833333333333333,2.4,9.2,310.0
2026-02-26,-2.091666666666667,1029.875,77.875,0.0,74.625,-5.054166666666666,2.904166666666667,8.5,164.0
2026-02-27,-0.0791666666666667,1023.6458333333334,75.95833333333333,0.0,73.125,-4.491666666666666,4.170833333333333,9.4,169.0
2026-02-28,3.4125,1021.2208333333333,75.375,0.0,15.208333333333334,0.8000000000000002,2.7583333333333333,5.3,161.0
2026-03-01,3.3874999999999997,1020.1958333333333,81.91666666666667,0.0,50.625,0.37916666666666665,3.341666666666667,12.6,160.0
2026-03-02,1.7,1021.9,80.0,0.0,94.0,-1.5499999999999998,3.0999999999999996,7.6,254.0
