stebejimo_laikas,oro_temp,juntamoji_temp,vejo_greitis,vejo_gusis,vejo_kryptis,debesuotumas,slegis_juros_lyg,santyk_oro_dregme,kritutliu_kiekis,oro_salygos
2017-11-01,4.441666666666666,3.7375000000000003,2.8208333333333333,8.6,252.0,96.5,1007.975,94.125,7.5,nedidelis lietus
2017-11-02,8.387500000000001,8.387500000000001,2.8249999999999997,7.7,242.0,94.0,1000.5041666666666,95.5,12.2,nedidelis lietus
2017-11-03,7.116666666666667,7.116666666666667,2.4541666666666666,6.7,38.0,95.5,1010.2125,94.54166666666667,1.1,lietus
2017-11-04,6.2749999999999995,6.0249999999999995,2.8125,6.4,210.0,95.0,1017.5625,93.08333333333333,0.0,debesuota
2017-11-05,6.0375000000000005,4.833333333333333,3.891666666666667,8.7,159.0,71.70833333333333,1015.1708333333332,87.58333333333333,0.0,debesuota
2017-11-06,5.625,4.420833333333333,3.1374999999999997,8.0,150.0,82.0,1018.8166666666666,91.20833333333333,0.0,debesuota
2017-11-07,5.9624999999999995,5.9624999999999995,1.1416666666666666,4.6,8.0,100.0,1028.7958333333333,89.625,0.0,debesuota
2017-11-08,5.533333333333334,4.7625,2.345833333333333,6.7,125.0,70.91666666666667,1030.1541666666667,89.66666666666667,0.0,migla
2017-11-09,1.9583333333333333,-1.5708333333333335,3.5708333333333333,7.4,152.0,100.0,1023.875,90.79166666666667,0.0,debesuota
2017-11-10,4.091666666666667,1.4791666666666667,4.095833333333333,8.8,194.0,98.0,1011.0958333333333,93.625,1.4,nedidelis lietus
2017-11-11,3.6166666666666667,0.3458333333333334,5.258333333333334,10.8,192.0,81.04166666666667,999.6875,87.375,7.0,debesuota
2017-11-12,2.8041666666666667,-1.2166666666666666,4.6625000000000005,11.0,189.0,94.0,1000.775,83.41666666666667,0.0,debesuota
2017-11-13,0.875,-0.8583333333333333,1.925,6.4,148.0,93.73913043478261,1008.15,89.375,4.8999999999999995,debesuota
2017-11-14,1.3333333333333333,-1.3541666666666667,2.5541666666666667,7.7,244.0,88.33333333333333,1016.7291666666666,93.25,0.0,debesuota
2017-11-15,3.529166666666667,0.7958333333333333,3.8708333333333336,8.3,245.0,86.79166666666667,1019.5375,92.875,1.8,lietus
2017-11-16,4.125,2.8375,2.625,9.1,203.0,79.5,1024.4041666666667,87.75,0.4,debesuota
2017-11-17,3.4250000000000003,0.3666666666666667,3.5416666666666665,9.2,199.0,91.5,1019.8083333333334,90.04166666666667,0.2,migla
2017-11-18,2.5875,-1.3125,4.366666666666666,8.8,180.0,88.20833333333333,1013.6541666666667,86.54166666666667,0.0,debesuota
2017-11-19,1.4708333333333334,-2.5833333333333335,4.183333333333333,9.7,186.0,93.5,1002.7583333333333,90.75,1.2000000000000002,debesuota
2017-11-20,1.5541666666666665,-0.975,2.6083333333333334,7.2,170.0,90.375,1005.1166666666667,92.45833333333333,0.9,debesuota
2017-11-21,0.6,-0.1125,1.0041666666666667,5.1,328.0,94.0,1010.6333333333333,93.41666666666667,0.6,debesuota
2017-11-22,-0.8291666666666666,-3.4625,2.316666666666667,6.4,193.0,82.95833333333333,1016.1333333333333,86.16666666666667,0.0,debesuota
2017-11-23,0.09583333333333334,-4.733333333333333,4.941666666666666,11.0,144.0,93.875,1017.0083333333333,89.875,0.8,migla
2017-11-24,1.8166666666666667,-2.4250000000000003,4.620833333333334,9.0,165.0,99.5,1015.1291666666666,95.25,0.0,migla
2017-11-25,4.233333333333333,1.4749999999999999,3.7083333333333335,11.4,161.0,96.57142857142857,1011.6708333333332,95.45833333333333,1.5,migla
2017-11-26,3.420833333333333,1.45,2.75,10.8,170.0,88.375,1013.6333333333333,90.58333333333333,1.7000000000000002,migla
2017-11-27,1.0333333333333334,-0.6875,1.7541666666666667,4.8,195.0,84.58333333333333,1018.8208333333333,86.41666666666667,0.0,debesuota
2017-11-28,0.5,-4.125,4.825,11.2,147.0,62.708333333333336,1014.8666666666667,80.29166666666667,0.0,debesuota
2017-11-29,0.8291666666666666,-3.0833333333333335,3.8000000000000003,9.0,147.0,100.0,1011.2333333333332,90.625,0.5,debesuota
2017-11-30,0.44583333333333336,-3.225,3.466666666666667,8.0,88.0,97.5,1008.4541666666668,93.20833333333333,7.6,migla
2017-12-01,0.5958333333333333,-3.8833333333333333,4.654166666666667,10.8,206.0,100.0,1003.8541666666666,93.91666666666667,3.7,nedidelė šlapdriba
2017-12-02,1.5374999999999999,-0.5291666666666667,2.341666666666667,7.9,239.0,99.0,1021.275,92.625,0.0,debesuota
2017-12-03,-0.8958333333333334,-3.845833333333333,2.4375,6.1,192.0,47.0,1021.0291666666667,90.29166666666667,0.0,giedra
2017-12-04,-1.4083333333333332,-4.8625,2.7916666666666665,6.5,203.0,94.5,1010.125,91.25,1.7000000000000002,nedidelis sniegas
2017-12-05,0.35833333333333334,-3.8625000000000003,4.183333333333333,10.2,308.0,84.0,1013.3625000000001,89.91666666666667,1.8,debesuota
2017-12-06,1.0833333333333333,-1.7083333333333333,3.016666666666667,13.7,301.0,74.625,1009.7833333333333,89.625,1.3,debesuota
2017-12-07,2.1,-0.5833333333333334,2.8666666666666667,8.1,204.0,97.0,1009.4499999999999,94.58333333333333,8.7,lietus
2017-12-08,1.9625000000000001,-2.0458333333333334,4.308333333333334,10.7,199.0,94.0,1003.0749999999999,90.875,0.5,migla
2017-12-09,0.5541666666666667,-1.8291666666666666,2.3625000000000003,6.6,187.0,90.5,1005.0666666666666,90.66666666666667,0.0,debesuota
2017-12-10,-1.6125,-5.095833333333333,2.6999999999999997,5.7,185.0,70.16666666666667,1002.7166666666667,91.625,0.0,migla
2017-12-11,-0.8833333333333333,-5.658333333333334,4.491666666666666,9.2,143.0,91.0,999.2208333333333,90.125,0.4,debesuota
2017-12-12,4.070833333333334,1.3208333333333333,5.283333333333333,16.2,143.0,86.83333333333333,999.375,82.66666666666667,0.0,debesuota
2017-12-13,0.8083333333333332,-3.0708333333333333,3.9958333333333336,12.2,220.0,51.333333333333336,1010.9708333333333,76.95833333333333,0.0,debesuota
2017-12-14,-0.8875000000000001,-5.991666666666667,5.0375000000000005,11.7,146.0,77.20833333333333,999.5583333333334,88.58333333333333,5.0,debesuota
2017-12-15,0.3833333333333333,-3.0041666666666664,3.454166666666666,9.8,50.0,91.375,999.0791666666668,91.95833333333333,10.3,debesuota
2017-12-16,-0.425,-1.4375,1.2416666666666667,6.6,350.0,98.5,1002.5875,94.5,0.30000000000000004,migla
2017-12-17,-0.28750000000000003,-1.9458333333333335,1.6875,4.9,199.0,98.28571428571429,1016.0416666666666,95.0,0.0,migla
2017-12-18,-1.6333333333333335,-2.5416666666666665,1.075,5.7,180.0,95.0909090909091,1025.1458333333333,93.75,0.0,migla
2017-12-19,-0.6708333333333334,-3.966666666666667,2.6791666666666667,6.7,318.0,97.5,1025.1916666666666,93.0,0.0,debesuota
2017-12-20,-1.4708333333333332,-3.358333333333333,1.6583333333333332,7.3,7.0,99.0,1029.7791666666667,88.875,0.0,debesuota
2017-12-21,-2.1458333333333335,-6.116666666666667,3.2875,7.7,191.0,93.52380952380952,1022.3291666666668,91.41666666666667,4.8,debesuota
2017-12-22,0.0625,-3.0,2.908333333333333,8.3,281.0,96.5,1016.6791666666667,93.20833333333333,0.9,nedidelis sniegas
2017-12-23,0.17500000000000002,-4.2,4.358333333333333,11.2,214.0,97.0,1008.5458333333332,93.79166666666667,7.1,debesuota
2017-12-24,2.9250000000000003,-0.6583333333333333,5.2250000000000005,15.4,252.0,81.08333333333333,999.4916666666667,88.45833333333333,4.9,debesuota
2017-12-25,3.4333333333333336,2.495833333333333,2.2375000000000003,10.5,268.0,96.0,1007.0583333333334,94.875,5.2,nedidelis lietus
2017-12-26,3.3708333333333336,0.6166666666666667,3.8708333333333336,8.1,178.0,69.375,1005.0583333333334,89.5,0.2,debesuota
2017-12-27,0.6625,-2.1708333333333334,2.670833333333333,8.3,165.0,90.85,1001.7208333333333,96.0,0.4,migla
2017-12-28,2.154166666666667,-2.191666666666667,5.033333333333333,11.4,143.0,47.583333333333336,999.4250000000001,88.25,0.0,migla
2017-12-29,2.4,-0.37916666666666665,3.0083333333333333,8.7,147.0,98.5,1002.5500000000001,94.375,8.2,nedidelis lietus
2017-12-30,0.09583333333333333,-2.8166666666666664,2.5833333333333335,9.5,173.0,83.66666666666667,1011.2291666666666,92.375,0.0,migla
2017-12-31,-0.46249999999999997,-5.058333333333334,4.391666666666667,10.2,137.0,93.61904761904762,1005.2125,90.625,0.2,debesuota
2018-01-01,3.7875,1.5,4.720833333333333,10.1,169.0,91.65217391304348,1002.5666666666666,95.375,4.3,migla
2018-01-02,2.504166666666667,-0.3958333333333333,2.9791666666666665,7.2,193.0,86.68181818181819,1008.7541666666666,95.45833333333333,0.0,migla
2018-01-03,1.9124999999999999,-1.75,3.8208333333333333,9.6,145.0,90.91304347826087,1002.3916666666668,94.29166666666667,1.5999999999999999,migla
2018-01-04,3.0583333333333336,-1.3041666666666667,5.445833333333333,9.8,144.0,95.0,997.3833333333333,90.20833333333333,0.0,debesuota
2018-01-05,3.2125,-1.0125,5.2875,12.6,193.0,91.5,998.6916666666666,89.5,1.4000000000000001,debesuota
2018-01-06,3.8333333333333335,1.0125,3.2583333333333333,8.6,216.0,89.95833333333333,1006.6791666666667,87.91666666666667,1.2,debesuota
2018-01-07,-0.9875000000000002,-3.9958333333333336,2.5708333333333333,8.0,266.0,53.291666666666664,1024.3,85.91666666666667,0.5,giedra
2018-01-08,-2.1041666666666665,-5.8125,3.1125000000000003,8.9,255.0,41.333333333333336,1032.2541666666668,83.45833333333333,0.0,giedra
2018-01-09,-1.8666666666666665,-4.641666666666667,2.4791666666666665,7.6,221.0,88.65217391304348,1034.2958333333333,91.66666666666667,0.0,debesuota
2018-01-10,-5.675,-6.270833333333333,0.8624999999999999,4.5,70.0,38.27272727272727,1027.3791666666666,92.375,0.0,migla
2018-01-11,-5.166666666666667,-6.720833333333334,1.6166666666666665,6.8,61.0,98.0,1026.5,91.45833333333333,0.5,migla
2018-01-12,-2.9958333333333336,-5.620833333333334,2.1666666666666665,7.8,89.0,90.79166666666667,1037.6625,77.29166666666667,0.0,debesuota
2018-01-13,-7.341666666666666,-10.170833333333333,1.9875,6.4,115.0,35.416666666666664,1044.1916666666666,81.5,0.0,giedra
2018-01-14,-8.549999999999999,-13.008333333333333,2.6666666666666665,6.4,133.0,100.0,1040.7833333333333,80.33333333333333,0.0,nedidelis sniegas
2018-01-15,-9.733333333333333,-16.662499999999998,4.533333333333333,8.9,144.0,55.958333333333336,1032.1541666666667,76.58333333333333,0.0,nedidelis sniegas
2018-01-16,-9.112499999999999,-17.383333333333333,6.654166666666666,14.3,144.0,12.583333333333334,1011.6333333333333,63.625,0.0,giedra
2018-01-17,-6.520833333333333,-10.575000000000001,3.170833333333333,11.5,129.0,96.0,993.9291666666667,84.0,7.0,nedidelis sniegas
2018-01-18,-2.3541666666666665,-5.4624999999999995,2.779166666666667,8.1,186.0,88.79166666666667,999.6166666666667,90.04166666666667,0.2,migla
2018-01-19,-2.25,-4.833333333333333,2.3874999999999997,10.3,351.0,96.5,998.9458333333333,88.45833333333333,5.0,nedidelis sniegas
2018-01-20,-3.204166666666667,-4.866666666666666,1.3916666666666666,4.8,303.0,98.0,1007.975,91.70833333333333,2.3000000000000003,nedidelis sniegas
2018-01-21,-3.8874999999999997,-4.1625000000000005,0.3333333333333333,3.7,304.0,94.5,1014.2458333333334,87.58333333333333,0.0,migla
2018-01-22,-7.354166666666667,-10.291666666666666,1.9625000000000001,6.0,180.0,98.5,1021.4499999999999,87.54166666666667,0.0,debesuota
2018-01-23,-11.641666666666666,-13.9,1.4291666666666665,4.2,164.0,73.0,1029.1166666666666,87.375,0.0,migla
2018-01-24,-6.7,-12.741666666666667,4.533333333333333,10.3,185.0,92.375,1023.9291666666667,90.75,0.5,nedidelis sniegas
2018-01-25,1.1958333333333333,-3.1875,4.8500000000000005,11.2,177.0,94.54545454545455,1017.6541666666667,93.33333333333333,0.4,migla
2018-01-26,0.39166666666666666,-4.1499999999999995,4.570833333333334,9.4,167.0,80.95833333333333,1021.4541666666668,85.625,1.0,migla
2018-01-27,-0.30416666666666664,-3.920833333333333,3.1166666666666667,7.3,192.0,95.82608695652173,1027.175,90.54166666666667,1.7,migla
2018-01-28,1.1875,-3.1875,4.641666666666667,10.4,172.0,96.0,1017.5666666666666,93.33333333333333,8.9,nedidelis lietus
2018-01-29,2.5125,-1.3375000000000001,4.433333333333334,17.1,164.0,97.5,1006.1541666666667,93.45833333333333,8.5,lietus
2018-01-30,1.1083333333333334,-4.266666666666667,6.545833333333333,18.7,296.0,89.95833333333333,1003.4708333333333,83.91666666666667,1.8,lietus
2018-01-31,0.225,-3.625,3.654166666666667,10.3,299.0,96.0,1013.1916666666666,83.0,0.2,debesuota
2018-02-01,0.25833333333333336,-3.6125000000000003,4.033333333333333,10.3,154.0,98.36363636363636,1002.9458333333333,92.79166666666667,9.2,nedidelė šlapdriba
2018-02-02,0.225,-0.6291666666666667,1.0791666666666666,5.9,200.0,93.6842105263158,1006.275,94.95833333333333,7.7,debesuota
2018-02-03,-0.6583333333333333,-1.8833333333333335,1.325,9.3,49.0,93.3,1007.8000000000001,88.79166666666667,0.0,debesuota
2018-02-04,-3.1999999999999997,-7.816666666666666,3.6166666666666667,11.0,339.0,92.45833333333333,1015.1333333333333,76.5,0.0,debesuota
2018-02-05,-8.008333333333333,-10.945833333333333,2.0083333333333333,6.7,283.0,85.25,1022.1291666666666,81.125,0.0,nedidelis sniegas
2018-02-06,-5.979166666666667,-9.424999999999999,2.5124999999999997,8.2,211.0,91.0,1016.9208333333332,86.70833333333333,3.1,nedidelis sniegas
2018-02-07,-6.3625,-11.208333333333334,3.158333333333333,6.9,199.0,39.208333333333336,1023.0791666666668,74.625,0.0,migla
2018-02-08,-3.5541666666666667,-5.375,1.6375,5.1,1.0,97.5,1020.5124999999999,86.58333333333333,0.7,migla
2018-02-09,-4.0874999999999995,-7.095833333333334,2.0125,5.7,357.0,98.0,1020.3000000000001,88.875,0.0,migla
2018-02-10,-4.925,-5.6375,1.0083333333333333,4.7,313.0,95.5,1018.2041666666668,91.5,4.5,nedidelis sniegas
2018-02-11,-4.775,-6.966666666666668,1.675,7.5,153.0,97.14285714285714,1013.5625,89.41666666666667,0.0,migla
2018-02-12,-2.1458333333333335,-6.5874999999999995,3.6458333333333335,8.0,146.0,93.0,1013.275,85.41666666666667,0.0,debesuota
2018-02-13,-0.6708333333333334,-0.8624999999999999,0.26666666666666666,3.2,102.0,96.5,1018.4916666666667,88.375,0.0,migla
2018-02-14,-2.6916666666666664,-3.329166666666667,0.8875000000000001,3.7,80.0,71.0,1023.6583333333333,81.91666666666667,0.0,migla
2018-02-15,-6.183333333333334,-9.6875,2.2583333333333333,5.0,146.0,89.41666666666667,1028.1166666666666,78.45833333333333,0.0,migla
2018-02-16,-3.6958333333333333,-7.7375,2.9458333333333333,6.1,140.0,93.0,1022.525,86.5,0.9,nedidelis sniegas
2018-02-17,-1.5625,-5.533333333333334,3.341666666666667,10.0,188.0,95.5,1018.6208333333334,91.5,4.2,nedidelis sniegas
2018-02-18,-3.933333333333333,-7.825,2.8833333333333333,7.9,318.0,95.0,1023.3541666666666,85.75,2.7,nedidelis sniegas
2018-02-19,-1.8916666666666666,-3.5124999999999997,1.5708333333333335,6.9,294.0,97.5,1023.8958333333334,87.875,1.1,nedidelis sniegas
2018-02-20,-3.079166666666667,-3.975,0.9458333333333333,4.2,326.0,96.5,1024.7749999999999,89.95833333333333,1.2,migla
2018-02-21,-7.654166666666666,-10.25,1.8166666666666667,5.9,310.0,80.95833333333333,1025.4708333333333,85.04166666666667,0.0,nedidelis sniegas
2018-02-22,-11.595833333333333,-13.924999999999999,1.5166666666666666,5.6,25.0,34.583333333333336,1029.4708333333333,81.08333333333333,0.0,giedra
2018-02-23,-12.954166666666666,-13.0875,0.37916666666666665,3.7,20.0,24.083333333333332,1027.5541666666666,76.0,0.0,migla
2018-02-24,-13.170833333333334,-18.025000000000002,2.716666666666667,10.2,9.0,60.208333333333336,1029.75,72.91666666666667,0.0,debesuota
2018-02-25,-15.241666666666667,-16.6875,1.4166666666666667,5.4,8.0,65.91666666666667,1031.6875,74.45833333333333,0.0,nedidelis sniegas
2018-02-26,-15.016666666666666,-15.7875,0.9791666666666666,6.0,33.0,79.375,1028.8833333333334,78.16666666666667,0.5,nedidelis sniegas
2018-02-27,-15.4,-19.979166666666668,2.4250000000000003,8.1,31.0,49.208333333333336,1031.0625,71.70833333333333,0.0,giedra
2018-02-28,-14.616666666666667,-21.945833333333336,3.841666666666667,9.5,39.0,70.08333333333333,1032.3625,65.95833333333333,0.0,debesuota
2018-03-01,-13.016666666666666,-17.712500000000002,2.4,7.1,31.0,79.41666666666667,1023.6166666666667,78.54166666666667,2.5,nedidelis sniegas
2018-03-02,-9.2125,-12.079166666666666,2.0166666666666666,7.3,49.0,82.04166666666667,1013.8291666666668,78.95833333333333,0.0,nedidelis sniegas
2018-03-03,-11.4625,-15.950000000000001,2.3916666666666666,7.2,21.0,87.73913043478261,1005.8916666666668,81.70833333333333,2.7,nedidelis sniegas
2018-03-04,-8.833333333333334,-13.65,3.158333333333333,10.1,317.0,9.958333333333334,1005.7916666666666,72.08333333333333,0.0,giedra
2018-03-05,-7.4750000000000005,-9.7125,1.8875,6.2,136.0,42.916666666666664,1010.6666666666666,66.41666666666667,0.0,migla
2018-03-06,-3.0,-7.383333333333333,3.3958333333333335,6.8,144.0,47.625,1004.5916666666667,64.08333333333333,0.0,debesuota
2018-03-07,-2.8541666666666665,-5.595833333333332,2.1791666666666667,6.7,81.0,88.29166666666667,1001.1291666666666,85.08333333333333,4.5,nedidelis sniegas
2018-03-08,-0.8958333333333334,-3.983333333333333,2.558333333333333,6.7,112.0,94.28571428571429,1004.35,92.54166666666667,2.2,migla
2018-03-09,1.6791666666666665,-1.0916666666666666,2.7083333333333335,5.6,149.0,88.9047619047619,1007.0083333333333,91.41666666666667,1.7000000000000002,migla
2018-03-10,1.0791666666666666,0.27499999999999997,1.0250000000000001,3.8,123.0,91.42857142857143,1010.8000000000001,89.91666666666667,0.0,migla
2018-03-11,1.0250000000000001,-2.6166666666666667,3.525,8.0,132.0,95.0,1011.1999999999999,89.33333333333333,3.0,nedidelis lietus
2018-03-12,2.8041666666666667,-0.9916666666666667,4.4375,10.9,144.0,82.625,1004.1125000000001,91.25,0.0,migla
2018-03-13,5.4624999999999995,3.4166666666666665,4.925,10.3,151.0,95.0909090909091,998.7125,89.70833333333333,0.0,debesuota
2018-03-14,2.8833333333333333,0.29583333333333334,3.1166666666666667,8.1,321.0,96.5,1006.0041666666666,87.83333333333333,0.0,debesuota
2018-03-15,-2.1583333333333337,-5.683333333333334,2.725,7.5,352.0,94.0,1014.3874999999999,61.541666666666664,0.0,debesuota
2018-03-16,-6.108333333333333,-10.725,3.0708333333333333,8.9,37.0,62.833333333333336,1018.625,53.166666666666664,0.0,debesuota
2018-03-17,-7.441666666666666,-12.379166666666668,3.6208333333333336,12.0,2.0,13.125,1022.7624999999999,48.041666666666664,0.0,giedra
2018-03-18,-4.991666666666666,-5.979166666666667,1.1375,5.2,20.0,0.0,1024.1958333333334,56.583333333333336,0.0,giedra
2018-03-19,-2.0791666666666666,-4.333333333333333,2.1041666666666665,7.0,188.0,3.125,1016.0958333333333,54.208333333333336,0.0,giedra
2018-03-20,-0.9666666666666667,-3.158333333333333,1.9833333333333334,7.3,159.0,29.333333333333332,1011.1125000000001,51.458333333333336,0.0,giedra
2018-03-21,-3.016666666666667,-6.695833333333333,3.2375000000000003,11.0,312.0,69.0,1017.1333333333333,63.208333333333336,0.0,debesuota
2018-03-22,-1.5958333333333332,-5.758333333333333,3.525,8.5,209.0,84.20833333333333,1012.6625,79.45833333333333,0.3,debesuota
2018-03-23,0.14166666666666666,-1.2625,1.4041666666666668,5.4,233.0,70.625,1007.7708333333334,80.41666666666667,0.0,nedidelė šlapdriba
2018-03-24,-0.3416666666666666,-0.5625,0.8041666666666667,4.3,296.0,1.0833333333333333,1010.1625,60.083333333333336,0.0,giedra
2018-03-25,2.2583333333333333,1.0625,2.75,8.9,217.0,30.375,1010.4833333333332,58.375,0.0,giedra
2018-03-26,3.775,2.2916666666666665,2.4791666666666665,9.1,215.0,86.75,1008.9875000000001,65.625,0.0,debesuota
2018-03-27,-0.8583333333333334,-3.4958333333333336,2.4583333333333335,7.8,3.0,39.083333333333336,1013.775,52.291666666666664,0.0,giedra
2018-03-28,-2.6375,-3.4583333333333335,1.2458333333333333,5.3,316.0,1.0833333333333333,1016.1583333333333,44.416666666666664,0.0,giedra
2018-03-29,-0.7166666666666667,-5.0125,4.2875000000000005,11.6,105.0,52.708333333333336,1013.7624999999999,49.5,0.5,giedra
2018-03-30,2.095833333333333,0.14166666666666666,2.3249999999999997,8.4,160.0,92.5,1009.9708333333333,88.375,3.4,migla
2018-03-31,3.5124999999999997,2.766666666666666,1.4916666666666665,6.7,82.0,49.833333333333336,1008.6625,78.79166666666667,0.0,migla
2018-04-01,3.1875,0.1541666666666667,3.6041666666666665,11.3,79.0,99.5,995.6166666666667,93.70833333333333,12.7,nedidelis lietus
2018-04-02,1.5291666666666668,-2.4375,4.616666666666666,14.5,259.0,95.375,995.9166666666666,90.08333333333333,6.3,nedidelis lietus
2018-04-03,3.6916666666666664,1.9375,3.141666666666667,8.3,120.0,55.458333333333336,1011.5958333333333,74.08333333333333,2.1,debesuota
2018-04-04,11.362499999999999,10.979166666666666,2.829166666666666,7.8,146.0,29.833333333333332,1010.5749999999999,69.29166666666667,0.0,giedra
2018-04-05,12.983333333333334,12.983333333333334,3.016666666666667,10.2,144.0,55.416666666666664,1006.5375,69.5,2.2,debesuota
2018-04-06,6.033333333333334,4.833333333333333,4.858333333333333,16.0,262.0,39.25,1015.9375,65.33333333333333,0.0,giedra
2018-04-07,5.666666666666667,4.316666666666666,2.2041666666666666,6.0,149.0,0.0,1027.5916666666667,55.541666666666664,0.0,giedra
2018-04-08,11.845833333333333,11.108333333333334,4.175,10.4,158.0,0.0,1021.7541666666666,52.083333333333336,0.0,giedra
2018-04-09,15.512500000000001,15.445833333333333,4.983333333333333,12.7,146.0,13.083333333333334,1011.7208333333333,53.041666666666664,5.699999999999999,giedra
2018-04-10,11.554166666666667,11.416666666666666,2.3833333333333333,9.8,354.0,43.608695652173914,1012.6750000000001,77.125,0.0,debesuota
2018-04-11,6.6625000000000005,5.304166666666666,3.904166666666667,10.9,54.0,46.0,1020.8916666666668,59.125,0.0,debesuota
2018-04-12,8.783333333333333,8.129166666666666,3.1833333333333336,9.6,84.0,26.708333333333332,1021.5875,52.083333333333336,0.0,giedra
2018-04-13,11.379166666666668,11.145833333333334,3.233333333333333,9.4,94.0,1.5833333333333333,1022.6791666666667,44.333333333333336,0.0,giedra
2018-04-14,12.987499999999999,12.987499999999999,3.9125,10.4,125.0,26.708333333333332,1022.4083333333333,55.625,0.0,giedra
2018-04-15,13.783333333333333,13.783333333333333,1.2333333333333334,5.1,128.0,32.82608695652174,1020.9291666666667,65.45833333333333,0.0,giedra
2018-04-16,16.4875,16.4875,2.129166666666667,7.2,123.0,61.75,1014.5208333333334,61.416666666666664,0.0,debesuota
2018-04-17,11.704166666666666,11.704166666666666,2.6666666666666665,11.5,133.0,66.375,1016.7833333333333,81.04166666666667,0.5,lietus
2018-04-18,10.475,10.475,5.345833333333334,13.7,287.0,85.20833333333333,1024.2250000000001,74.375,0.0,debesuota
2018-04-19,10.075000000000001,10.075000000000001,4.7875000000000005,16.6,324.0,45.541666666666664,1023.6416666666668,66.70833333333333,0.0,debesuota
2018-04-20,11.508333333333333,11.420833333333334,2.845833333333333,8.2,271.0,0.0,1022.9291666666667,63.833333333333336,0.0,giedra
2018-04-21,13.3375,13.3375,5.191666666666666,16.9,210.0,15.25,1009.4625,56.666666666666664,0.0,giedra
2018-04-22,10.195833333333333,10.145833333333334,2.8625000000000003,10.2,339.0,21.416666666666668,1012.9666666666667,56.0,0.0,giedra
2018-04-23,10.845833333333333,10.845833333333333,1.8875,6.6,62.0,23.5,1013.5500000000001,54.375,1.0,giedra
2018-04-24,11.125,11.125,3.4458333333333333,11.5,284.0,73.29166666666667,1009.1041666666666,70.25,1.0,debesuota
2018-04-25,9.854166666666666,9.854166666666666,3.8166666666666664,9.3,162.0,87.33333333333333,1004.6791666666667,80.83333333333333,4.2,debesuota
2018-04-26,7.708333333333333,7.6499999999999995,4.025,13.7,263.0,74.29166666666667,1008.25,78.95833333333333,2.1,debesuota
2018-04-27,7.55,7.1125,2.8708333333333336,9.8,218.0,45.541666666666664,1015.6458333333334,73.54166666666667,3.1999999999999997,debesuota su pragiedruliais
2018-04-28,9.049999999999999,8.804166666666667,2.0749999999999997,7.2,152.0,49.666666666666664,1017.4625,70.20833333333333,0.0,giedra
2018-04-29,14.9375,14.9375,1.8541666666666667,5.6,150.0,41.375,1013.8541666666666,64.45833333333333,0.0,debesuota
2018-04-30,19.6875,19.587500000000002,1.9958333333333333,7.6,125.0,40.833333333333336,1008.3791666666666,62.291666666666664,0.0,giedra
2018-05-01,18.633333333333333,18.608333333333334,2.2958333333333334,7.2,279.0,15.208333333333334,1008.7916666666666,62.0,0.0,giedra
2018-05-02,14.818181818181818,14.818181818181818,2.4363636363636365,7.2,218.0,27.076923076923077,1017.0545454545455,58.40909090909091,0.0,giedra
2018-05-03,20.09090909090909,19.96818181818182,2.5727272727272728,10.1,125.0,9.571428571428571,1014.7590909090909,53.5,0.0,giedra
2018-05-04,14.525,14.525,2.766666666666667,8.1,323.0,40.25,1018.3375,69.45833333333333,0.0,giedra
2018-05-05,11.887500000000001,11.887500000000001,2.891666666666667,9.7,350.0,8.916666666666666,1023.85,53.791666666666664,0.0,giedra
2018-05-06,12.570833333333333,12.570833333333333,2.216666666666667,8.9,336.0,0.0,1025.25,54.833333333333336,0.0,giedra
2018-05-07,15.533333333333333,15.533333333333333,1.7833333333333332,7.7,352.0,0.0,1023.0541666666667,49.875,0.0,giedra
2018-05-08,17.275000000000002,17.212500000000002,1.9541666666666666,8.1,4.0,0.0,1018.3666666666667,51.541666666666664,0.0,giedra
2018-05-09,18.783333333333335,18.629166666666666,2.5916666666666663,8.2,35.0,10.0,1015.4499999999999,50.666666666666664,0.0,giedra
2018-05-10,19.220833333333335,19.079166666666666,2.920833333333333,8.1,82.0,0.5416666666666666,1018.1125000000001,47.375,0.0,giedra
2018-05-11,16.341666666666665,16.341666666666665,2.125,8.0,122.0,0.0,1022.5500000000001,42.666666666666664,0.0,giedra
2018-05-12,17.01666666666667,17.01666666666667,1.2041666666666666,6.3,90.0,0.0,1022.1999999999999,42.125,0.0,giedra
2018-05-13,17.895833333333332,17.779166666666665,2.279166666666667,10.1,121.0,17.875,1019.1958333333333,44.208333333333336,0.0,giedra
2018-05-14,16.733333333333334,16.733333333333334,1.9416666666666667,9.8,73.0,67.54166666666667,1019.85,47.75,0.0,debesuota
2018-05-15,12.983333333333334,12.983333333333334,0.6,3.9,32.0,68.0,1017.7583333333333,82.70833333333333,1.6,debesuota
2018-05-16,16.441666666666666,16.441666666666666,2.0749999999999997,8.5,33.0,46.041666666666664,1013.225,71.0,0.5,giedra
2018-05-17,15.862499999999999,15.862499999999999,2.6125,10.1,88.0,56.583333333333336,1008.5625,77.5,5.1,debesuota
2018-05-18,15.529166666666667,15.529166666666667,0.8541666666666666,6.0,10.0,68.125,1008.85,74.83333333333333,4.9,debesuota
2018-05-19,14.733333333333334,14.733333333333334,2.8166666666666664,10.2,4.0,45.958333333333336,1016.2833333333333,64.16666666666667,0.0,giedra
2018-05-20,13.7125,13.7125,2.1,9.2,20.0,2.6666666666666665,1025.2124999999999,52.416666666666664,0.0,giedra
2018-05-21,15.458333333333334,15.458333333333334,2.308333333333333,10.1,112.0,25.625,1025.7875000000001,46.666666666666664,0.0,giedra
2018-05-22,13.975,13.975,0.9625,5.3,82.0,77.875,1021.6,73.375,0.7,debesuota
2018-05-23,15.391666666666666,15.391666666666666,1.7208333333333332,8.7,141.0,55.416666666666664,1021.7916666666666,73.16666666666667,3.9,debesuota su pragiedruliais
2018-05-24,16.429166666666667,16.429166666666667,2.0625,9.7,8.0,25.208333333333332,1024.0541666666666,68.66666666666667,0.5,giedra
2018-05-25,19.520833333333332,19.375,2.379166666666667,9.3,69.0,16.708333333333332,1024.2666666666667,61.125,0.0,giedra
2018-05-26,20.099999999999998,19.95,2.5333333333333337,8.4,116.0,2.625,1026.9333333333334,53.916666666666664,0.0,giedra
2018-05-27,20.033333333333335,19.825,1.4416666666666667,5.6,118.0,5.208333333333333,1025.7916666666667,48.375,0.0,giedra
2018-05-28,21.995833333333334,21.733333333333334,1.375,7.9,130.0,3.75,1026.5208333333333,51.0,0.0,giedra
2018-05-29,22.71666666666667,22.537499999999998,1.55,6.1,142.0,28.791666666666668,1024.25,51.083333333333336,0.0,giedra
2018-05-30,22.7625,22.599999999999998,1.5041666666666667,7.4,331.0,0.5416666666666666,1019.5833333333334,48.458333333333336,0.0,giedra
2018-05-31,19.104166666666668,18.962500000000002,2.279166666666667,7.8,2.0,0.0,1019.9,45.791666666666664,0.0,giedra
2018-06-01,17.908333333333335,17.908333333333335,2.1125000000000003,6.2,117.0,0.0,1020.9333333333334,42.083333333333336,0.0,giedra
2018-06-02,18.791666666666668,18.75,2.1750000000000003,8.8,274.0,40.791666666666664,1013.9375,57.958333333333336,0.0,giedra
2018-06-03,21.020833333333332,20.829166666666666,2.6333333333333333,10.8,303.0,8.375,1011.6291666666666,55.5,0.0,giedra
2018-06-04,20.6375,20.5,4.4750000000000005,14.4,185.0,16.75,1005.6374999999999,54.833333333333336,0.0,giedra
2018-06-05,11.470833333333333,11.370833333333332,3.975,10.8,288.0,42.458333333333336,1008.975,49.291666666666664,0.0,giedra
2018-06-06,10.220833333333333,9.741666666666667,2.6125000000000003,8.0,222.0,38.75,1019.9291666666667,49.916666666666664,0.0,giedra
2018-06-07,13.945833333333333,13.945833333333333,1.7750000000000001,7.7,183.0,58.5,1022.1625,53.583333333333336,0.0,debesuota
2018-06-08,18.875,18.724999999999998,2.766666666666667,8.7,283.0,0.0,1016.8000000000001,46.666666666666664,0.0,giedra
2018-06-09,18.474999999999998,18.370833333333334,1.5499999999999998,7.2,34.0,8.416666666666666,1016.25,53.416666666666664,0.0,giedra
2018-06-10,19.670833333333334,19.583333333333332,1.1583333333333334,5.2,9.0,10.541666666666666,1014.1,43.833333333333336,0.0,giedra
2018-06-11,18.212500000000002,18.183333333333334,2.591666666666667,12.9,141.0,70.66666666666667,1007.1875,70.375,16.099999999999998,lietus
2018-06-12,15.979166666666666,15.979166666666666,3.6750000000000003,10.4,255.0,64.91666666666667,1004.6958333333333,72.08333333333333,0.0,debesuota
2018-06-13,17.779166666666665,17.779166666666665,1.1291666666666667,5.2,0.0,42.916666666666664,1008.2333333333332,60.083333333333336,0.0,debesuota
2018-06-14,17.45,17.45,0.875,4.4,2.0,65.875,1012.15,67.33333333333333,0.7999999999999999,nedidelis lietus
2018-06-15,17.983333333333334,17.983333333333334,1.5916666666666668,6.9,77.0,46.041666666666664,1014.9708333333333,65.45833333333333,0.0,debesuota
2018-06-16,17.370833333333334,17.370833333333334,1.5916666666666668,8.5,65.0,44.458333333333336,1016.7541666666666,66.45833333333333,0.0,giedra
2018-06-17,19.945833333333333,19.741666666666667,1.4000000000000001,8.6,143.0,1.5833333333333333,1015.9916666666667,58.291666666666664,0.0,giedra
2018-06-18,20.129166666666666,20.05,1.2750000000000001,8.0,235.0,67.5,1016.2624999999999,66.41666666666667,3.5,debesuota
2018-06-19,19.316666666666666,19.191666666666666,3.1374999999999997,12.8,262.0,61.291666666666664,1016.7416666666667,62.083333333333336,0.0,debesuota
2018-06-20,18.5125,18.420833333333334,4.320833333333334,13.5,272.0,10.041666666666666,1017.7583333333333,55.958333333333336,0.0,giedra
2018-06-21,21.7375,21.395833333333332,4.295833333333333,15.3,121.0,37.75,1008.975,52.708333333333336,2.0,giedra
2018-06-22,14.483333333333334,14.483333333333334,4.058333333333334,11.9,246.0,69.58333333333333,1010.6791666666667,61.25,0.0,debesuota
2018-06-23,12.979166666666666,12.979166666666666,1.3541666666666667,5.7,44.0,87.33333333333333,1013.0124999999999,69.95833333333333,0.0,debesuota
2018-06-24,11.695833333333333,11.695833333333333,1.3416666666666668,4.7,279.0,86.25,1010.9916666666667,86.45833333333333,12.5,nedidelis lietus
2018-06-25,11.679166666666667,11.679166666666667,1.45,6.2,185.0,89.0,1015.4083333333333,88.41666666666667,4.1000000000000005,debesuota
2018-06-26,15.0375,15.0375,1.4458333333333335,7.2,101.0,67.04166666666667,1022.6999999999999,75.04166666666667,0.0,debesuota
2018-06-27,20.320833333333333,20.120833333333334,2.4499999999999997,8.9,27.0,16.791666666666668,1025.3041666666666,55.125,0.0,giedra
2018-06-28,22.770833333333332,22.55,2.3874999999999997,9.4,62.0,1.5833333333333333,1020.0875,48.625,0.0,giedra
2018-06-29,19.599999999999998,19.525000000000002,3.0833333333333335,12.3,164.0,46.041666666666664,1009.9875000000001,59.583333333333336,0.0,debesuota
2018-06-30,14.362499999999999,14.362499999999999,3.7541666666666664,13.0,3.0,80.5,1010.725,58.125,0.0,debesuota
2018-07-01,10.929166666666667,10.929166666666667,3.7125,13.9,356.0,91.5,1010.0875,77.125,13.899999999999999,debesuota
2018-07-02,11.1875,11.1875,2.5208333333333335,6.1,293.0,93.0,1006.6541666666667,93.95833333333333,7.3,lietus
2018-07-03,13.354166666666666,13.354166666666666,2.629166666666667,8.0,271.0,87.875,1008.6041666666666,90.04166666666667,15.5,nedidelis lietus
2018-07-04,13.745833333333332,13.745833333333332,2.0166666666666666,6.7,288.0,81.0,1009.3041666666667,88.04166666666667,8.2,debesuota
2018-07-05,16.529166666666665,16.529166666666665,1.325,4.7,293.0,67.04166666666667,1007.7791666666667,67.625,0.0,debesuota
2018-07-06,17.8125,17.8125,3.470833333333333,9.4,276.0,52.916666666666664,1008.5541666666667,69.66666666666667,0.0,debesuota
2018-07-07,18.658333333333335,18.620833333333334,3.525,9.7,292.0,61.75,1011.5916666666667,69.25,0.0,debesuota
2018-07-08,18.79583333333333,18.758333333333333,3.158333333333333,9.2,315.0,34.583333333333336,1013.5791666666668,64.625,0.0,giedra
2018-07-09,18.041666666666668,18.041666666666668,2.0875,9.7,294.0,67.0,1014.7291666666666,72.66666666666667,0.0,debesuota
2018-07-10,19.0,18.9875,0.9,6.2,5.0,57.541666666666664,1016.85,73.0,0.0,debesuota
2018-07-11,19.320833333333333,19.316666666666666,0.9874999999999999,8.5,2.0,57.541666666666664,1015.8833333333333,78.375,0.6,debesuota
2018-07-12,20.145833333333332,20.154166666666665,1.6624999999999999,8.1,127.0,51.291666666666664,1013.8583333333332,76.91666666666667,9.2,giedra
2018-07-13,17.658333333333335,17.658333333333335,1.0125,7.7,5.0,83.08333333333333,1010.8041666666667,85.625,15.1,debesuota
2018-07-14,18.233333333333334,18.233333333333334,0.7875,5.7,330.0,82.95652173913044,1008.7166666666667,87.66666666666667,15.7,debesuota
2018-07-15,18.929166666666667,18.929166666666667,1.2125000000000001,4.7,318.0,69.70833333333333,1009.6083333333332,88.45833333333333,8.7,debesuota
2018-07-16,20.204166666666666,20.220833333333335,1.4375,11.0,352.0,86.375,1009.3249999999999,86.91666666666667,4.8,debesuota
2018-07-17,21.7375,21.925,2.704166666666667,8.9,25.0,72.79166666666667,1006.0833333333334,82.58333333333333,4.699999999999999,debesuota
2018-07-18,23.84583333333333,24.03333333333333,2.4125,9.3,30.0,18.333333333333332,1006.0166666666668,67.29166666666667,0.0,giedra
2018-07-19,20.041666666666668,20.041666666666668,2.1083333333333334,10.2,334.0,48.666666666666664,1006.9125,82.83333333333333,0.8,giedra
2018-07-20,21.495833333333334,21.59166666666667,2.1125000000000003,7.7,316.0,34.125,1007.0333333333333,75.29166666666667,0.0,giedra
2018-07-21,21.270833333333332,21.295833333333334,2.4916666666666667,6.6,296.0,57.0,1008.9416666666666,74.5,0.0,debesuota
2018-07-22,22.4375,22.491666666666664,1.9875,7.3,315.0,28.875,1009.5833333333334,66.375,0.0,giedra
2018-07-23,20.108333333333334,20.125,1.5833333333333333,6.3,7.0,89.95833333333333,1010.4250000000001,84.33333333333333,1.5999999999999999,debesuota
2018-07-24,21.287499999999998,21.308333333333334,1.8166666666666667,7.4,6.0,55.875,1011.9041666666667,76.75,0.0,debesuota
2018-07-25,21.320833333333333,21.34166666666667,1.6708333333333334,5.6,38.0,70.66666666666667,1013.9,74.04166666666667,0.0,debesuota
2018-07-26,21.650000000000002,21.6875,1.7291666666666667,7.7,34.0,50.75,1016.7416666666667,75.5,0.0,nepastoviai debesuota
2018-07-27,22.354166666666668,22.5125,2.6166666666666667,8.5,24.0,60.791666666666664,1016.6750000000001,76.66666666666667,0.0,debesuota
2018-07-28,23.849999999999998,24.245833333333334,2.525,7.8,93.0,71.20833333333333,1013.4458333333333,75.54166666666667,0.0,debesuota
2018-07-29,26.0125,26.508333333333336,2.1750000000000003,8.4,129.0,33.5,1015.4833333333332,65.29166666666667,0.0,giedra
2018-07-30,22.837500000000002,22.979166666666668,1.0833333333333333,7.2,75.0,46.583333333333336,1019.6041666666666,77.70833333333333,13.2,giedra
2018-07-31,22.84583333333333,23.054166666666664,1.6041666666666667,6.8,69.0,59.208333333333336,1021.9375,71.79166666666667,0.0,debesuota
2018-08-01,23.075,23.1375,1.1291666666666667,4.9,86.0,6.333333333333333,1022.125,65.08333333333333,0.0,giedra
2018-08-02,24.46666666666667,24.641666666666666,1.0916666666666666,5.0,116.0,13.708333333333334,1021.7166666666667,63.958333333333336,0.0,giedra
2018-08-03,23.616666666666664,23.895833333333332,1.7041666666666666,7.8,286.0,35.083333333333336,1018.3666666666667,71.04166666666667,0.0,giedra
2018-08-04,22.879166666666666,22.983333333333334,2.433333333333333,7.2,286.0,12.125,1014.8041666666667,62.75,0.0,giedra
2018-08-05,21.40416666666667,21.400000000000002,2.9958333333333336,8.3,265.0,33.583333333333336,1011.8916666666668,67.79166666666667,0.4,giedra
2018-08-06,19.5125,19.445833333333333,3.8041666666666667,11.1,242.0,19.375,1013.2958333333332,65.20833333333333,0.0,giedra
2018-08-07,18.5625,18.545833333333334,1.6875,7.4,13.0,39.791666666666664,1016.6374999999999,77.25,1.1,giedra
2018-08-08,21.958333333333332,21.8875,1.0666666666666667,9.4,127.0,12.636363636363637,1019.6208333333334,65.20833333333333,0.0,giedra
2018-08-09,24.079166666666666,23.825,3.3125,9.6,135.0,4.208333333333333,1021.8916666666668,52.708333333333336,0.0,giedra
2018-08-10,23.670833333333334,23.366666666666664,4.454166666666667,13.7,148.0,5.791666666666667,1021.35,50.375,0.0,giedra
2018-08-11,17.8625,17.8625,1.7874999999999999,7.1,312.0,90.95833333333333,1018.8125,85.375,15.299999999999999,debesuota
2018-08-12,16.891666666666666,16.891666666666666,3.7083333333333335,13.9,244.0,49.791666666666664,1015.0958333333333,68.79166666666667,0.0,debesuota su pragiedruliais
2018-08-13,15.987499999999999,15.987499999999999,1.1208333333333333,5.0,35.0,86.83333333333333,1013.1666666666666,71.625,0.0,debesuota
2018-08-14,19.849999999999998,19.891666666666666,1.7,8.8,127.0,43.458333333333336,1010.2458333333334,74.5,9.0,giedra
2018-08-15,18.925,18.925,2.5749999999999997,9.3,227.0,68.0,1012.3375,84.08333333333333,7.6,debesuota su pragiedruliais
2018-08-16,18.337500000000002,18.337500000000002,1.5333333333333334,6.0,317.0,54.833333333333336,1019.5124999999999,80.83333333333333,0.0,debesuota
2018-08-17,19.791666666666668,19.7625,0.8583333333333334,5.8,89.0,20.0,1020.0625,73.29166666666667,0.0,giedra
2018-08-18,20.383333333333333,20.395833333333332,0.8083333333333332,4.7,151.0,44.0,1018.8291666666668,76.45833333333333,0.0,debesuota
2018-08-19,18.900000000000002,18.900000000000002,2.091666666666667,10.3,275.0,37.791666666666664,1019.5749999999999,70.83333333333333,0.0,mažai debesuota
2018-08-20,20.9875,20.958333333333332,2.5749999999999997,8.5,155.0,49.166666666666664,1013.0333333333333,68.08333333333333,3.4000000000000004,debesuota su pragiedruliais
2018-08-21,17.5625,17.5625,3.5708333333333333,10.3,285.0,54.458333333333336,1015.225,66.91666666666667,0.0,debesuota su pragiedruliais
2018-08-22,14.945833333333333,14.945833333333333,1.0374999999999999,5.8,314.0,0.5416666666666666,1023.3708333333334,61.458333333333336,0.0,giedra
2018-08-23,17.945833333333333,17.833333333333332,3.0045454545454544,8.5,142.0,2.217391304347826,1018.9391304347826,58.083333333333336,0.0,giedra
2018-08-24,21.541666666666668,21.445833333333336,4.179166666666666,11.6,147.0,35.625,1010.4791666666666,59.958333333333336,2.8000000000000003,giedra
2018-08-25,17.191666666666666,17.191666666666666,1.75,10.7,3.0,88.33333333333333,1008.6374999999999,88.83333333333333,3.3000000000000003,debesuota
2018-08-26,14.283333333333333,14.283333333333333,1.5208333333333333,8.2,325.0,84.95238095238095,1013.2291666666666,87.5,3.7,debesuota
2018-08-27,13.924999999999999,13.924999999999999,0.7833333333333333,5.2,321.0,52.875,1017.0041666666666,82.08333333333333,0.0,debesuota
2018-08-28,15.333333333333334,15.333333333333334,0.75,5.1,122.0,62.833333333333336,1018.1291666666666,76.5,0.0,debesuota
2018-08-29,15.216666666666667,15.216666666666667,0.29583333333333334,5.6,7.0,73.73913043478261,1019.6125000000001,83.91666666666667,3.4,debesuota
2018-08-30,16.220833333333335,16.220833333333335,1.1541666666666666,5.6,126.0,28.72222222222222,1018.6291666666666,74.66666666666667,0.0,rūkas
2018-08-31,18.008333333333333,18.008333333333333,1.6041666666666667,6.8,125.0,73.875,1018.8958333333334,77.41666666666667,4.0,debesuota
2018-09-01,17.9125,17.904166666666665,0.49583333333333335,3.9,228.0,9.0,1024.3291666666667,77.20833333333333,0.0,giedra
2018-09-02,17.466666666666665,17.466666666666665,0.9041666666666667,4.8,344.0,22.458333333333332,1026.825,79.54166666666667,0.0,giedra
2018-09-03,18.037499999999998,17.991666666666667,1.4958333333333333,8.1,10.0,20.0,1021.5,71.66666666666667,0.0,giedra
2018-09-04,17.825,17.829166666666666,1.3166666666666667,9.2,36.0,69.58333333333333,1015.1291666666666,84.91666666666667,2.6,debesuota
2018-09-05,17.195833333333333,17.195833333333333,0.9208333333333334,5.3,288.0,86.75,1016.8375,88.25,7.7,debesuota
2018-09-06,19.229166666666668,19.133333333333333,1.2125000000000001,5.4,17.0,55.958333333333336,1015.0833333333334,67.20833333333333,0.0,migla
2018-09-07,18.245833333333334,18.208333333333332,1.2541666666666667,5.9,45.0,73.79166666666667,1015.5458333333332,63.083333333333336,0.0,debesuota
2018-09-08,16.1875,16.1875,0.43333333333333335,3.6,35.0,77.91666666666667,1019.725,69.66666666666667,0.0,debesuota
2018-09-09,17.408333333333335,17.320833333333333,1.1333333333333335,5.4,326.0,40.333333333333336,1021.9875000000001,69.66666666666667,0.0,giedra
2018-09-10,16.6375,16.608333333333334,1.1375,5.0,329.0,17.333333333333332,1021.25,77.625,0.0,giedra
2018-09-11,17.1625,17.1625,1.8041666666666665,5.8,177.0,39.708333333333336,1019.3666666666667,69.91666666666667,0.1,giedra
2018-09-12,18.566666666666666,18.5625,3.891666666666666,12.2,223.0,84.25,1016.1,70.91666666666667,0.4,debesuota
2018-09-13,14.279166666666667,14.279166666666667,1.3875000000000002,6.2,264.0,86.375,1019.8000000000001,77.5,0.5,debesuota
2018-09-14,13.658333333333333,13.658333333333333,0.6833333333333335,4.8,153.0,39.25,1020.4916666666667,73.125,0.30000000000000004,giedra
2018-09-15,12.65,12.65,1.0083333333333333,5.1,127.0,80.41666666666667,1018.4708333333333,78.25,0.1,debesuota
2018-09-16,13.525,13.525,3.016666666666667,9.8,284.0,37.875,1021.1541666666667,67.54166666666667,0.0,debesuota
2018-09-17,14.6625,14.6625,3.091666666666667,12.3,222.0,62.833333333333336,1020.5666666666666,67.83333333333333,0.0,debesuota
2018-09-18,16.470833333333335,16.379166666666666,1.4541666666666666,7.1,157.0,27.75,1019.5916666666667,67.25,0.0,giedra
2018-09-19,19.258333333333333,19.208333333333332,2.6083333333333334,8.5,164.0,0.0,1017.3291666666668,67.29166666666667,0.0,giedra
2018-09-20,19.020833333333332,18.929166666666667,1.4458333333333335,6.4,153.0,0.0,1018.2583333333333,66.58333333333333,0.0,giedra
2018-09-21,20.083333333333332,19.9875,3.3958333333333335,10.3,151.0,11.5,1014.1,62.5,0.0,giedra
2018-09-22,12.733333333333334,12.733333333333334,3.4291666666666667,9.8,193.0,63.333333333333336,1011.1625,78.04166666666667,5.6000000000000005,debesuota
2018-09-23,9.566666666666666,9.566666666666666,3.1333333333333333,10.1,214.0,68.0,1010.0375,81.04166666666667,0.7,debesuota
2018-09-24,8.483333333333333,8.483333333333333,3.2708333333333335,10.6,297.0,82.70833333333333,1006.0416666666666,86.20833333333333,9.5,nedidelis lietus
2018-09-25,6.041666666666667,5.2125,3.9333333333333336,10.7,311.0,38.25,1023.3083333333334,80.25,1.3,giedra
2018-09-26,6.2875000000000005,5.675,4.783333333333333,15.9,215.0,61.666666666666664,1024.8958333333333,82.75,4.3,debesuota
2018-09-27,12.875,12.875,5.158333333333333,14.0,277.0,71.54166666666667,1014.6999999999999,72.08333333333333,0.0,debesuota
2018-09-28,11.645833333333334,11.645833333333334,4.695833333333334,14.1,215.0,79.54166666666667,1011.8833333333333,77.20833333333333,0.5,debesuota
2018-09-29,6.841666666666666,6.029166666666666,2.6458333333333335,7.4,304.0,38.25,1023.0625,72.33333333333333,0.0,debesuota su pragiedruliais
2018-09-30,7.758333333333333,6.7749999999999995,3.7083333333333335,11.9,187.0,48.208333333333336,1021.0708333333333,64.29166666666667,0.0,debesuota
2018-10-01,8.295833333333333,7.579166666666667,2.6666666666666665,8.0,127.0,25.666666666666668,1012.725,72.33333333333333,0.0,giedra
2018-10-02,8.424999999999999,8.424999999999999,2.5875,9.5,197.0,76.95833333333333,1008.0541666666667,79.66666666666667,1.4,debesuota
2018-10-03,7.129166666666666,7.129166666666666,5.3125,14.5,206.0,90.95833333333333,1000.5333333333333,86.75,5.9,debesuota
2018-10-04,6.866666666666667,6.3,4.504166666666666,15.0,288.0,45.583333333333336,1016.5958333333333,71.66666666666667,0.0,debesuota
2018-10-05,9.8625,9.695833333333335,3.7541666666666664,9.8,216.0,89.375,1022.4125,81.625,0.0,debesuota
2018-10-06,12.049999999999999,12.049999999999999,3.6625,10.0,185.0,19.791666666666668,1016.775,69.20833333333333,0.0,giedra
2018-10-07,10.770833333333334,10.770833333333334,3.5833333333333335,10.2,193.0,85.29166666666667,1010.4250000000001,82.875,2.1,debesuota
2018-10-08,7.329166666666667,7.329166666666667,1.1833333333333333,7.7,152.0,44.958333333333336,1024.3291666666667,70.41666666666667,0.0,debesuota
2018-10-09,7.879166666666666,7.558333333333334,2.783333333333333,8.2,169.0,36.583333333333336,1025.8666666666666,76.95833333333333,0.0,giedra
2018-10-10,10.808333333333332,10.808333333333332,1.8208333333333335,6.3,184.0,24.041666666666668,1027.3500000000001,77.625,0.0,giedra
2018-10-11,11.362499999999999,11.362499999999999,1.0333333333333334,4.9,120.0,3.619047619047619,1031.1708333333333,80.58333333333333,0.0,giedra
2018-10-12,11.379166666666668,11.379166666666668,3.125,7.1,144.0,0.0,1032.7958333333333,82.125,0.0,giedra
2018-10-13,11.475,11.475,2.1374999999999997,5.4,156.0,0.0,1031.5208333333333,83.04166666666667,0.0,giedra
2018-10-14,11.604166666666666,11.604166666666666,2.5500000000000003,7.0,146.0,5.681818181818182,1029.3125,78.66666666666667,0.0,giedra
2018-10-15,11.433333333333332,11.433333333333332,2.6916666666666664,7.7,156.0,1.0833333333333333,1026.3291666666667,63.291666666666664,0.0,giedra
2018-10-16,11.495833333333332,11.495833333333332,1.9666666666666668,7.2,164.0,5.791666666666667,1024.3541666666667,69.875,0.0,giedra
2018-10-17,10.745833333333332,10.745833333333332,1.6833333333333333,5.4,129.0,3.6666666666666665,1024.4333333333334,76.95833333333333,0.0,giedra
2018-10-18,11.549999999999999,11.549999999999999,1.1958333333333333,4.4,160.0,0.0,1020.4,79.125,0.0,migla
2018-10-19,7.6375,7.6375,0.7000000000000001,4.1,300.0,77.85,1021.4875000000001,96.08333333333333,0.0,migla
2018-10-20,6.658333333333334,6.658333333333334,0.325,4.3,257.0,88.33333333333333,1023.8000000000001,82.54166666666667,0.0,migla
2018-10-21,3.579166666666667,3.475,0.5125000000000001,3.2,307.0,7.214285714285714,1027.1625000000001,87.0,0.0,rūkas
2018-10-22,6.6125,5.7875000000000005,3.516666666666667,9.1,217.0,49.25,1020.5833333333334,84.5,2.1,giedra
2018-10-23,4.129166666666666,1.2375,4.4624999999999995,13.6,199.0,85.56521739130434,999.7125,95.91666666666667,8.3,nedidelis lietus
2018-10-24,4.320833333333334,0.6749999999999999,4.970833333333333,13.6,272.0,92.5,989.8833333333333,91.79166666666667,8.4,nedidelis lietus
2018-10-25,3.358333333333333,1.3041666666666667,2.4916666666666667,8.4,205.0,96.5,998.8375,92.5,1.9000000000000001,debesuota
2018-10-26,3.8874999999999997,2.183333333333333,2.6125000000000003,7.5,279.0,78.45833333333333,1004.2583333333333,85.0,0.0,debesuota
2018-10-27,6.141666666666667,5.370833333333334,4.279166666666667,8.8,162.0,76.5,1001.8333333333334,86.70833333333333,1.9,debesuota
2018-10-28,2.9125,0.625,2.8041666666666667,8.7,50.0,86.20833333333333,1016.2083333333334,84.16666666666667,0.0,debesuota
2018-10-29,1.7125000000000001,-1.8708333333333333,3.608333333333333,10.8,80.0,98.5,1020.1541666666667,94.08333333333333,8.2,debesuota
2018-10-30,7.858333333333333,7.129166666666666,5.070833333333334,13.2,131.0,100.0,1018.5916666666667,94.33333333333333,0.0,debesuota
2018-10-31,11.65,11.65,4.05,10.1,144.0,83.5,1023.7416666666667,93.5,1.0,migla
2018-11-01,11.554166666666667,11.554166666666667,4.2875000000000005,10.3,145.0,97.5,1027.4166666666667,89.41666666666667,0.0,debesuota
2018-11-02,11.0,11.0,4.141666666666667,10.3,162.0,94.5,1024.6833333333334,90.83333333333333,0.0,migla
2018-11-03,9.866666666666667,9.866666666666667,1.25,5.2,306.0,94.3157894736842,1027.55,95.33333333333333,1.7,migla
2018-11-04,4.704166666666667,3.9125,1.4041666666666668,5.4,90.0,96.8695652173913,1030.6625000000001,94.41666666666667,0.0,migla
2018-11-05,7.233333333333333,6.783333333333334,3.966666666666667,7.9,149.0,99.0,1026.0541666666666,94.20833333333333,0.0,migla
2018-11-06,8.4,8.4,4.1125,8.2,159.0,100.0,1023.9708333333333,92.25,0.0,migla
2018-11-07,6.395833333333333,5.954166666666667,3.5124999999999997,7.8,150.0,78.66666666666667,1022.8874999999999,95.875,0.0,migla
2018-11-08,3.2083333333333335,2.058333333333333,1.5041666666666667,5.3,154.0,53.714285714285715,1023.0166666666668,98.95833333333333,0.0,rūkas
2018-11-09,2.3833333333333333,0.5416666666666666,2.0833333333333335,5.1,151.0,87.75,1022.3166666666666,99.0,0.0,rūkas
2018-11-10,4.079166666666667,1.8875,3.0749999999999997,6.3,128.0,87.20833333333333,1020.9458333333333,94.16666666666667,0.0,migla
2018-11-11,3.3249999999999997,-0.7666666666666666,5.116666666666666,12.5,129.0,95.5,1024.6833333333334,93.25,0.0,migla
2018-11-12,2.8000000000000003,-1.8208333333333335,5.845833333333334,12.0,160.0,100.0,1028.5625,92.75,0.0,migla
2018-11-13,4.466666666666667,0.16666666666666666,6.1625000000000005,12.3,172.0,99.5,1023.7166666666667,95.25,6.699999999999999,migla
2018-11-14,6.504166666666666,6.391666666666667,2.6875,8.0,325.0,95.5,1021.6083333333332,96.33333333333333,5.5,nedidelis lietus
2018-11-15,5.2749999999999995,4.6625000000000005,1.7416666666666665,6.4,0.0,91.95833333333333,1033.4750000000001,88.58333333333333,0.0,debesuota
2018-11-16,1.1291666666666667,0.5333333333333333,1.0791666666666666,4.3,101.0,83.54166666666667,1043.4708333333333,86.875,0.0,debesuota
2018-11-17,-1.05,-1.4291666666666665,0.6749999999999999,5.5,166.0,56.19047619047619,1041.4416666666666,92.375,0.0,migla
2018-11-18,3.1208333333333336,0.6041666666666666,2.6916666666666664,7.8,14.0,96.5,1026.7,95.45833333333333,2.7,nedidelis lietus
2018-11-19,2.3333333333333335,-0.39999999999999997,2.725,8.3,54.0,96.0,1031.2791666666667,92.66666666666667,0.6,debesuota
2018-11-20,-0.5375,-2.066666666666667,1.6083333333333334,4.8,43.0,96.5,1031.6541666666667,90.08333333333333,0.0,debesuota
2018-11-21,-2.5208333333333335,-3.0875,0.8458333333333333,4.4,23.0,99.0,1031.0583333333334,85.5,0.0,debesuota
2018-11-22,-3.470833333333333,-4.929166666666666,1.4208333333333334,5.7,313.0,100.0,1029.0416666666667,91.08333333333333,0.0,debesuota
2018-11-23,-2.3208333333333333,-4.375,1.6708333333333334,6.1,203.0,100.0,1028.1333333333334,86.91666666666667,0.0,debesuota
2018-11-24,-3.1916666666666664,-6.583333333333333,2.504166666666667,5.3,176.0,98.0,1019.25,96.125,0.0,migla
2018-11-25,-0.9249999999999999,-0.9249999999999999,0.23750000000000002,2.8,352.0,100.0,1014.8625000000001,97.29166666666667,0.0,migla
2018-11-26,-2.558333333333333,-3.4416666666666664,1.0375,4.5,32.0,97.0,1015.6999999999999,90.875,0.0,debesuota
2018-11-27,-2.795833333333333,-3.8375,1.1666666666666667,5.7,307.0,55.875,1018.7958333333332,89.08333333333333,0.0,migla
2018-11-28,-5.516666666666667,-6.645833333333333,0.9375,5.4,60.0,84.58333333333333,1033.7291666666667,85.66666666666667,0.0,debesuota
2018-11-29,-6.204166666666667,-12.666666666666666,5.091666666666667,11.0,173.0,51.708333333333336,1040.1708333333333,74.625,0.0,debesuota
2018-11-30,-6.9875,-13.987499999999999,5.6499999999999995,13.6,175.0,0.0,1034.8708333333334,64.0,0.0,giedra
2018-12-01,-8.666666666666666,-12.4,2.1875,5.5,125.0,81.41666666666667,1022.725,83.25,3.2,nedidelis sniegas
2018-12-02,-6.55,-11.549999999999999,3.2916666666666665,8.0,164.0,87.20833333333333,1014.4499999999999,94.20833333333333,0.0,migla
2018-12-03,-0.5458333333333334,-5.445833333333333,4.770833333333333,9.3,148.0,95.82608695652173,1005.7083333333334,96.29166666666667,3.2,nedidelis lietus
2018-12-04,2.9,-0.43333333333333335,3.6333333333333333,8.1,166.0,97.23076923076923,1006.8375,98.58333333333333,6.6000000000000005,rūkas
2018-12-05,1.0,-2.5083333333333333,3.4499999999999997,8.5,259.0,78.79166666666667,1018.9541666666668,91.79166666666667,0.2,debesuota
2018-12-06,-2.8541666666666665,-5.458333333333333,2.0875,6.2,199.0,40.869565217391305,1024.3583333333333,95.16666666666667,0.0,giedra
2018-12-07,-2.4166666666666665,-7.820833333333333,4.8500000000000005,10.3,156.0,96.5,1010.875,95.04166666666667,6.6000000000000005,sniegas
2018-12-08,0.9500000000000001,-3.079166666666667,4.041666666666667,9.1,145.0,93.83333333333333,1000.8375,98.29166666666667,7.8,nedidelis lietus
2018-12-09,1.125,-3.2083333333333335,4.5249999999999995,8.5,151.0,93.5,996.5458333333332,96.875,1.0,migla
2018-12-10,2.3333333333333335,0.5791666666666667,1.9833333333333334,6.6,214.0,95.82608695652173,998.525,98.625,2.2,nedidelis lietus
2018-12-11,0.2708333333333333,-0.44166666666666665,0.9625,4.2,20.0,97.91304347826087,1011.6916666666666,98.33333333333333,0.5,migla
2018-12-12,0.03333333333333333,-1.8041666666666665,1.9666666666666668,7.0,7.0,98.95652173913044,1021.3208333333333,97.08333333333333,0.2,debesuota
2018-12-13,-0.7083333333333334,-3.7541666666666664,2.525,7.0,33.0,100.0,1023.9250000000001,88.54166666666667,0.0,debesuota
2018-12-14,-0.5875,-2.85,2.0416666666666665,6.4,68.0,98.0,1028.6041666666667,90.41666666666667,0.0,nedidelis sniegas
2018-12-15,-1.0708333333333333,-3.0208333333333335,1.8458333333333332,6.7,104.0,98.0,1032.9458333333334,88.45833333333333,0.0,debesuota
2018-12-16,-2.0875,-7.104166666666667,4.4125000000000005,10.4,124.0,99.0,1028.0041666666666,88.70833333333333,4.7,debesuota
2018-12-17,-3.4875000000000003,-7.825,3.4333333333333336,9.8,143.0,96.0,1026.3500000000001,91.83333333333333,8.8,nedidelis sniegas
2018-12-18,-4.445833333333334,-7.158333333333334,1.9208333333333334,4.2,151.0,99.5,1030.6125,94.54166666666667,0.7,migla
2018-12-19,-4.904166666666667,-9.1625,2.983333333333333,9.9,154.0,99.5,1031.5874999999999,92.70833333333333,0.0,migla
2018-12-20,-7.141666666666667,-13.533333333333333,4.629166666666666,9.4,148.0,100.0,1025.2833333333333,91.91666666666667,0.0,debesuota
2018-12-21,-4.216666666666667,-8.2875,2.783333333333333,5.9,144.0,98.2,1015.2958333333332,94.125,5.2,nedidelis sniegas
2018-12-22,0.1625,-2.6374999999999997,2.5625,6.2,9.0,95.82608695652173,1001.8249999999999,97.95833333333333,3.0,nedidelė šlapdriba
2018-12-23,-1.5291666666666668,-5.175,3.120833333333333,8.7,292.0,97.5,1009.2958333333332,93.20833333333333,1.0,nedidelis sniegas
2018-12-24,-3.475,-5.733333333333333,1.8041666666666665,5.9,313.0,97.0,1011.5041666666666,94.29166666666667,1.5,nedidelis sniegas
2018-12-25,-4.091666666666667,-7.020833333333333,2.1458333333333335,6.1,191.0,98.95652173913044,1017.3208333333333,95.25,0.2,migla
2018-12-26,1.45,-2.8874999999999997,4.679166666666666,11.5,312.0,91.91666666666667,1010.9083333333333,91.91666666666667,2.2,debesuota
2018-12-27,0.9500000000000001,-1.5166666666666666,2.25,6.9,242.0,100.0,1013.65,96.125,1.4,debesuota
2018-12-28,0.9625,-0.6916666666666665,1.9124999999999999,6.4,326.0,98.9090909090909,1012.8208333333333,98.25,2.5,nedidelis lietus
2018-12-29,0.6666666666666666,-0.9,1.7750000000000001,6.8,247.0,98.8,1019.875,98.20833333333333,0.2,migla
2018-12-30,1.3791666666666667,-0.5458333333333333,2.004166666666667,5.0,190.0,96.72727272727273,1016.1458333333334,99.0,2.7,nedidelis lietus
2018-12-31,-0.625,-2.4375,1.6791666666666665,6.9,9.0,100.0,1022.5208333333334,97.45833333333333,8.0,nedidelis sniegas
2019-01-01,0.5041666666666667,-4.316666666666666,5.116666666666666,11.4,208.0,97.5,1004.1833333333334,97.5,6.1000000000000005,lietus
2019-01-02,-0.32499999999999996,-4.729166666666667,4.1625000000000005,12.1,302.0,95.95833333333333,999.9166666666666,94.20833333333333,5.8,nedidelis sniegas
2019-01-03,-4.408333333333333,-10.0,4.429166666666666,12.6,332.0,95.5,1015.8791666666666,88.54166666666667,2.7,nedidelis sniegas
2019-01-04,-4.875,-9.608333333333333,3.358333333333333,7.5,214.0,98.5,1017.8916666666668,89.08333333333333,2.8,debesuota
2019-01-05,-3.2291666666666665,-7.641666666666667,3.3958333333333335,12.5,6.0,99.0,1009.2208333333333,89.70833333333333,1.5,nedidelis sniegas
2019-01-06,-5.929166666666667,-9.108333333333333,2.125,8.0,7.0,98.0,1023.4625,88.70833333333333,0.0,debesuota
2019-01-07,-7.2124999999999995,-10.945833333333333,2.566666666666667,7.1,193.0,89.29166666666667,1025.6583333333333,89.83333333333333,0.5,debesuota
2019-01-08,-5.479166666666667,-11.745833333333332,5.008333333333334,10.0,174.0,80.95833333333333,1007.8583333333332,85.20833333333333,0.0,debesuota
2019-01-09,-8.804166666666667,-14.804166666666667,3.8666666666666667,8.3,144.0,83.625,1010.15,84.75,0.2,debesuota
2019-01-10,-9.691666666666666,-10.045833333333333,0.4083333333333334,3.9,314.0,98.5,1019.9291666666667,88.08333333333333,0.0,nedidelis sniegas
2019-01-11,-11.091666666666667,-16.912499999999998,3.5666666666666664,8.3,196.0,64.625,1012.4458333333333,88.75,6.2,migla
2019-01-12,-2.2666666666666666,-5.379166666666666,2.5458333333333334,6.7,267.0,98.0,1001.2166666666667,93.41666666666667,0.8,debesuota
2019-01-13,-0.33749999999999997,-4.5125,3.9125,9.3,198.0,99.0,990.8666666666667,97.33333333333333,3.6,nedidelė šlapdriba
2019-01-14,-0.8041666666666667,-5.6375,4.620833333333334,11.3,193.0,86.54166666666667,980.0,94.91666666666667,8.6,nedidelė šlapdriba
2019-01-15,-3.1625,-7.691666666666666,3.4625,7.5,246.0,90.33333333333333,992.0375,89.70833333333333,0.8999999999999999,nedidelis sniegas
2019-01-16,-2.795833333333333,-6.629166666666666,2.966666666666667,7.7,269.0,72.20833333333333,1001.0416666666666,93.54166666666667,0.2,debesuota
2019-01-17,1.4875,-2.9916666666666667,4.925,10.7,207.0,93.4,996.2125,94.5,2.2,debesuota
2019-01-18,-1.2416666666666667,-5.258333333333334,3.4499999999999997,9.8,268.0,86.29166666666667,1003.9875000000001,91.79166666666667,6.2,nedidelis sniegas
2019-01-19,-2.9375,-7.4125000000000005,3.475,7.8,215.0,89.29166666666667,1016.5083333333333,93.04166666666667,0.0,debesuota
2019-01-20,-2.9416666666666664,-6.9875,3.739130434782609,9.6,219.0,84.54166666666667,1015.2624999999999,91.29166666666667,2.0,debesuota
2019-01-21,-4.7749999999999995,-7.216666666666666,1.925,6.5,233.0,90.0,1018.4166666666666,92.58333333333333,0.30000000000000004,debesuota
2019-01-22,-4.191666666666666,-5.429166666666667,1.1458333333333333,5.6,156.0,98.5,1018.0208333333334,93.25,0.7,migla
2019-01-23,-6.4624999999999995,-8.6,1.5666666666666667,6.1,156.0,40.208333333333336,1015.4541666666668,84.625,0.0,migla
2019-01-24,-11.466666666666667,-11.745833333333332,0.5166666666666667,2.9,9.0,7.086956521739131,1020.2458333333334,87.54166666666667,0.0,migla
2019-01-25,-7.545833333333333,-11.5625,2.6958333333333333,7.6,88.0,89.75,1018.4916666666667,90.125,6.1,sniegas
2019-01-26,-7.879166666666666,-10.475,1.5416666666666667,4.9,189.0,94.0,1006.9041666666667,91.08333333333333,0.7,nedidelis sniegas
2019-01-27,-7.441666666666666,-11.079166666666666,2.6833333333333336,9.3,140.0,91.875,1005.5541666666667,89.29166666666667,0.0,migla
2019-01-28,-7.079166666666667,-13.262500000000001,4.3999999999999995,9.1,135.0,85.79166666666667,1002.2958333333332,87.70833333333333,2.4000000000000004,migla
2019-01-29,-2.8708333333333336,-7.6625000000000005,3.85,7.9,158.0,97.0,1002.1666666666666,93.375,0.0,migla
2019-01-30,-0.6291666666666667,-2.3291666666666666,1.6624999999999999,5.0,190.0,86.29166666666667,1008.8625000000001,90.91666666666667,0.0,migla
2019-01-31,-0.9916666666666667,-3.466666666666667,2.0166666666666666,6.4,83.0,97.5,1009.0416666666666,93.33333333333333,0.9,migla
2019-02-01,0.4375,-2.9416666666666664,3.1,8.0,142.0,99.0,1009.1583333333333,95.33333333333333,3.9,nedidelė šlapdriba
2019-02-02,1.2,-3.408333333333333,5.125,11.0,121.0,94.5,1008.0208333333334,92.91666666666667,1.7,debesuota
2019-02-03,1.8958333333333333,-0.8500000000000001,3.0,8.7,155.0,89.05,1011.3000000000001,93.91666666666667,0.2,migla
2019-02-04,-0.6458333333333334,-3.6750000000000003,2.766666666666667,11.1,308.0,98.5,1020.2916666666666,93.79166666666667,5.3,debesuota
2019-02-05,-1.8291666666666666,-6.2875000000000005,4.0625,9.5,186.0,97.5,1027.7041666666667,81.29166666666667,0.0,debesuota
2019-02-06,-0.14583333333333331,-3.8166666666666664,3.3666666666666667,8.5,201.0,98.0,1022.8208333333333,89.25,0.4,debesuota
2019-02-07,0.24583333333333335,-3.7708333333333335,3.9250000000000003,8.6,161.0,82.08333333333333,1019.6333333333333,81.75,0.0,debesuota
2019-02-08,0.1875,-3.7125,3.595833333333333,7.6,165.0,63.25,1016.2833333333333,85.54166666666667,0.0,migla
2019-02-09,1.1375,-3.3666666666666667,4.920833333333333,10.6,169.0,71.625,1012.4541666666668,87.70833333333333,0.0,migla
2019-02-10,2.2916666666666665,-1.6208333333333333,4.2625,8.5,159.0,71.08333333333333,1006.8208333333333,85.58333333333333,0.0,debesuota
2019-02-11,2.0083333333333333,-2.158333333333333,4.6125,11.6,163.0,93.69565217391305,998.2125,90.29166666666667,2.4,debesuota
2019-02-12,-0.06666666666666667,-5.058333333333334,5.183333333333334,12.5,316.0,95.45833333333333,1010.6916666666666,86.20833333333333,1.7,nedidelė šlapdriba
2019-02-13,-0.29583333333333334,-4.4375,3.8000000000000003,9.2,222.0,93.41666666666667,1017.5458333333332,91.125,12.9,debesuota
2019-02-14,1.5625,-0.8708333333333335,2.4875000000000003,7.3,252.0,69.19047619047619,1027.1208333333334,93.0,0.0,migla
2019-02-15,2.375,-0.5458333333333334,3.0541666666666667,7.9,272.0,98.8,1028.0,97.5,0.2,rūkas
2019-02-16,2.425,-0.5541666666666667,3.4791666666666665,7.9,204.0,29.88888888888889,1023.2125,90.70833333333333,0.0,giedra
2019-02-17,2.158333333333333,-0.45416666666666666,2.7375000000000003,6.9,293.0,55.45454545454545,1019.1875,91.58333333333333,0.0,migla
2019-02-18,-1.1708333333333334,-2.8708333333333336,1.625,5.4,155.0,48.0,1024.3666666666666,96.83333333333333,0.0,rūkas
2019-02-19,2.2708333333333335,-0.5666666666666667,3.9,8.9,198.0,33.041666666666664,1012.2458333333334,87.0,0.3,migla
2019-02-20,2.220833333333333,-2.433333333333333,5.704166666666667,17.8,309.0,74.75,1008.3375,81.33333333333333,1.5,debesuota
2019-02-21,-2.8166666666666664,-7.329166666666667,3.6625,11.4,12.0,56.0,1020.4708333333333,56.958333333333336,0.0,debesuota
2019-02-22,-5.429166666666667,-10.3,3.670833333333333,13.1,1.0,1.625,1036.0708333333334,54.666666666666664,0.0,giedra
2019-02-23,-3.8249999999999997,-7.3125,3.2083333333333335,10.2,263.0,83.5,1040.8833333333334,57.333333333333336,0.0,debesuota
2019-02-24,0.6958333333333333,-2.6458333333333335,3.016666666666667,7.5,224.0,68.95833333333333,1030.8374999999999,80.25,0.0,debesuota
2019-02-25,1.7249999999999999,-1.75,4.2875000000000005,11.7,285.0,61.13636363636363,1024.0125,87.41666666666667,0.0,debesuota
2019-02-26,2.2416666666666667,-1.4875,4.054166666666666,11.5,331.0,91.91666666666667,1019.7375000000001,83.75,0.0,debesuota
2019-02-27,2.379166666666667,0.2791666666666667,2.9333333333333336,8.7,284.0,74.125,1016.2125,82.33333333333333,0.0,debesuota
2019-02-28,3.1875,0.025000000000000022,5.166666666666667,13.8,301.0,90.33333333333333,995.9875000000001,80.20833333333333,0.3,migla
2019-03-01,-2.5375,-7.508333333333333,4.370833333333334,12.3,317.0,89.45833333333333,1004.9166666666666,69.58333333333333,0.7,debesuota
2019-03-02,-3.6374999999999997,-7.55,2.7916666666666665,6.9,221.0,48.666666666666664,1013.4833333333332,57.666666666666664,0.0,debesuota
2019-03-03,0.13749999999999993,-4.4624999999999995,4.545833333333333,10.2,217.0,84.625,1003.6125000000001,80.79166666666667,2.6,debesuota
2019-03-04,4.995833333333334,4.0375000000000005,2.858333333333333,7.1,207.0,88.83333333333333,992.7624999999999,96.66666666666667,8.5,debesuota
2019-03-05,4.020833333333333,1.7791666666666666,5.545833333333333,17.7,237.0,91.0,990.6916666666666,83.5,2.6,debesuota
2019-03-06,-0.9208333333333333,-3.85,2.5375,8.7,8.0,47.583333333333336,1012.6833333333334,64.04166666666667,0.0,debesuota
2019-03-07,4.495833333333334,2.5375,5.770833333333333,13.6,155.0,86.79166666666667,1006.4208333333332,67.33333333333333,0.0,debesuota
2019-03-08,7.220833333333334,6.141666666666667,5.629166666666666,17.4,214.0,78.91666666666667,1001.5625,71.79166666666667,2.5,debesuota
2019-03-09,4.229166666666667,1.3416666666666668,5.354166666666667,13.1,229.0,68.04166666666667,1003.6666666666666,71.45833333333333,2.7,debesuota
2019-03-10,2.1333333333333333,-1.2583333333333333,3.658333333333333,10.8,261.0,80.58333333333333,995.9125,91.45833333333333,4.4,debesuota
2019-03-11,-0.4708333333333334,-4.5874999999999995,4.120833333333334,13.4,273.0,72.28571428571429,1000.6,81.91666666666667,1.7,trumpas sniegas
2019-03-12,-2.1458333333333335,-6.4375,3.725,12.1,258.0,41.375,1011.6208333333334,71.33333333333333,0.0,giedra
2019-03-13,0.8374999999999999,-2.2416666666666667,4.008333333333334,11.5,181.0,72.66666666666667,1009.0333333333333,80.91666666666667,0.7,debesuota
2019-03-14,3.5,1.0458333333333334,4.508333333333334,12.3,162.0,79.54166666666667,1002.6291666666666,86.0,3.2,migla
2019-03-15,4.0249999999999995,1.4041666666666668,4.3999999999999995,9.4,185.0,88.41666666666667,998.0833333333334,88.91666666666667,0.8999999999999999,migla
2019-03-16,2.8333333333333335,-1.0374999999999999,4.616666666666666,12.1,291.0,97.5,993.3000000000001,93.5,11.2,nedidelis lietus
2019-03-17,4.329166666666667,3.6166666666666667,3.8125,12.0,165.0,89.83333333333333,1004.4,88.95833333333333,0.0,debesuota
2019-03-18,5.2124999999999995,3.9458333333333333,3.275,8.7,206.0,84.75,1008.1916666666666,83.625,3.1,debesuota
2019-03-19,2.9875000000000003,-0.20416666666666672,4.045833333333333,12.4,216.0,76.375,1018.6208333333334,76.95833333333333,0.0,debesuota
2019-03-20,3.641666666666667,1.3791666666666667,3.6875,9.9,262.0,82.125,1027.2625,65.79166666666667,0.0,debesuota
2019-03-21,6.0874999999999995,5.245833333333334,3.891666666666667,10.4,264.0,94.5,1025.1916666666666,86.25,0.6000000000000001,debesuota
2019-03-22,5.704166666666667,5.058333333333334,4.745833333333334,14.8,342.0,29.25,1027.4291666666666,58.0,0.3,giedra
2019-03-23,6.208333333333333,6.1125,2.75,10.9,206.0,26.708333333333332,1025.325,47.75,0.0,giedra
2019-03-24,4.533333333333333,3.0041666666666664,3.9916666666666667,10.0,282.0,29.291666666666668,1017.9375,68.75,0.0,giedra
2019-03-25,2.904166666666667,1.4916666666666665,2.3625000000000003,8.3,261.0,83.08333333333333,1010.2416666666667,76.54166666666667,0.0,debesuota
2019-03-26,0.5291666666666667,-2.6125000000000003,3.0833333333333335,9.0,316.0,75.79166666666667,1011.2583333333333,83.54166666666667,3.5,debesuota
2019-03-27,0.03333333333333336,-2.0124999999999997,2.1708333333333334,9.6,155.0,67.41666666666667,1023.0166666666668,85.45833333333333,0.2,debesuota
2019-03-28,2.6875,2.0833333333333335,1.4500000000000002,7.6,80.0,60.0,1028.3333333333333,83.625,0.0,debesuota
2019-03-29,6.329166666666667,5.225,4.758333333333334,12.4,281.0,72.58333333333333,1023.2375000000001,82.16666666666667,0.0,debesuota
2019-03-30,9.345833333333333,9.345833333333333,3.9333333333333336,9.9,255.0,30.375,1018.975,65.33333333333333,0.0,giedra
2019-03-31,6.816666666666666,5.558333333333334,5.054166666666666,13.4,219.0,35.625,1014.8291666666668,69.33333333333333,0.0,migla
2019-04-01,3.0708333333333333,1.8499999999999999,2.5500000000000003,10.6,328.0,1.0833333333333333,1027.9833333333333,53.083333333333336,0.0,giedra
2019-04-02,4.121739130434783,3.5304347826086957,2.11304347826087,8.2,129.0,0.0,1029.5739130434783,48.608695652173914,0.0,giedra
2019-04-03,6.533333333333334,5.220833333333333,4.3,11.6,131.0,0.0,1023.4458333333333,39.916666666666664,0.0,giedra
2019-04-04,7.270833333333333,6.2124999999999995,3.6999999999999997,13.6,126.0,0.0,1018.4291666666667,37.958333333333336,0.0,giedra
2019-04-05,8.245833333333334,7.575,3.1999999999999997,9.9,138.0,0.0,1018.3916666666668,34.166666666666664,0.0,giedra
2019-04-06,9.275,8.658333333333333,3.3249999999999997,10.2,65.0,20.958333333333332,1018.5541666666667,33.583333333333336,0.0,giedra
2019-04-07,9.483333333333333,9.483333333333333,3.3166666666666664,10.3,147.0,41.291666666666664,1011.9875000000001,49.291666666666664,0.0,giedra
2019-04-08,7.879166666666666,7.6499999999999995,2.4333333333333336,8.4,78.0,27.25,1010.0541666666667,66.29166666666667,0.0,giedra
2019-04-09,1.6833333333333333,-0.7791666666666667,2.529166666666667,6.7,319.0,76.20833333333333,1013.9,70.75,0.0,debesuota
2019-04-10,2.15,0.7458333333333332,1.5958333333333332,5.3,314.0,81.91666666666667,1017.75,66.79166666666667,0.0,debesuota
2019-04-11,2.0458333333333334,0.525,2.125,9.0,14.0,72.58333333333333,1022.6208333333334,67.95833333333333,0.0,debesuota
2019-04-12,0.5875,-1.7041666666666666,2.8791666666666664,8.2,51.0,21.416666666666668,1026.1499999999999,61.041666666666664,0.0,giedra
2019-04-13,3.375,1.8500000000000003,2.8125,9.0,32.0,7.375,1027.0791666666667,49.875,0.0,giedra
2019-04-14,4.216666666666667,3.375,2.795833333333333,9.2,26.0,1.0833333333333333,1028.6375,45.791666666666664,0.0,giedra
2019-04-15,3.3874999999999997,3.3208333333333333,2.183333333333333,9.8,3.0,34.041666666666664,1029.0333333333333,47.666666666666664,0.0,giedra
2019-04-16,9.0875,8.8125,2.5708333333333333,9.0,1.0,32.958333333333336,1027.3625,44.916666666666664,0.0,giedra
2019-04-17,11.133333333333333,10.975,2.0,9.2,60.0,0.0,1029.7208333333333,40.625,0.0,giedra
2019-04-18,11.466666666666667,11.466666666666667,1.8666666666666665,9.3,13.0,3.7083333333333335,1031.7125,42.166666666666664,0.0,giedra
2019-04-19,11.720833333333333,11.720833333333333,1.5708333333333335,7.7,346.0,2.625,1031.7708333333333,38.458333333333336,0.0,giedra
2019-04-20,10.887500000000001,10.808333333333332,2.5749999999999997,7.1,322.0,57.5,1026.25,48.083333333333336,0.0,debesuota
2019-04-21,7.204166666666667,7.204166666666667,1.7750000000000001,8.9,46.0,67.45833333333333,1022.3416666666667,82.0,0.6,debesuota
2019-04-22,11.304166666666667,11.304166666666667,1.9958333333333333,9.7,127.0,0.0,1027.8500000000001,50.166666666666664,0.0,giedra
2019-04-23,13.0625,13.0625,2.4375,9.0,124.0,0.0,1028.7458333333334,37.25,0.0,giedra
2019-04-24,15.4125,15.4125,4.45,15.3,131.0,19.916666666666668,1025.1125,29.125,0.0,giedra
2019-04-25,15.979166666666666,15.979166666666666,3.9625,12.7,133.0,9.916666666666666,1020.2083333333334,43.0,0.0,giedra
2019-04-26,18.408333333333335,18.208333333333332,2.7583333333333333,9.2,128.0,2.625,1014.7833333333333,47.375,0.0,giedra
2019-04-27,19.033333333333335,18.8625,1.6083333333333334,7.3,19.0,11.0,1007.9499999999999,54.958333333333336,0.0,giedra
2019-04-28,17.712500000000002,17.625,3.408333333333333,9.6,49.0,1.0416666666666667,1010.8458333333333,46.916666666666664,0.0,giedra
2019-04-29,12.708333333333334,12.708333333333334,2.7291666666666665,9.6,42.0,0.0,1016.25,36.875,0.0,giedra
2019-04-30,11.820833333333333,11.766666666666666,1.5416666666666667,8.0,57.0,0.0,1014.475,38.875,0.0,giedra
2019-05-01,12.091666666666667,12.091666666666667,1.7958333333333334,6.6,133.0,39.833333333333336,1005.5,44.166666666666664,0.0,giedra
2019-05-02,7.533333333333334,7.533333333333334,3.9375,15.0,249.0,82.70833333333333,996.1166666666667,81.54166666666667,3.8,lietus
2019-05-03,5.966666666666666,5.754166666666666,2.9499999999999997,9.9,252.0,57.041666666666664,1001.3791666666666,73.29166666666667,3.9,giedra
2019-05-04,6.6625000000000005,6.1499999999999995,2.6791666666666667,9.9,220.0,58.125,1006.75,61.666666666666664,0.0,debesuota
2019-05-05,6.516666666666667,6.2250000000000005,2.5124999999999997,8.3,334.0,51.833333333333336,1010.8416666666667,70.45833333333333,0.0,debesuota
2019-05-06,7.1875,7.1125,2.6166666666666667,8.6,19.0,76.83333333333333,1012.2958333333332,58.916666666666664,0.2,debesuota
2019-05-07,8.454166666666667,8.170833333333333,3.6916666666666664,11.0,306.0,59.541666666666664,1012.6166666666667,48.625,0.0,debesuota
2019-05-08,7.629166666666666,7.554166666666667,1.1333333333333333,6.3,318.0,5.291666666666667,1016.85,51.791666666666664,0.0,giedra
2019-05-09,10.700000000000001,10.620833333333334,2.6666666666666665,8.5,113.0,47.041666666666664,1011.6,57.75,0.0,giedra
2019-05-10,12.0375,12.0375,1.5125,7.0,140.0,66.41666666666667,1008.6708333333332,68.91666666666667,0.0,debesuota
2019-05-11,12.137500000000001,12.137500000000001,1.4625000000000001,6.2,212.0,72.79166666666667,1011.225,79.04166666666667,0.3,debesuota
2019-05-12,11.762500000000001,11.762500000000001,1.1833333333333333,5.2,356.0,16.95,1022.6041666666666,73.04166666666667,0.0,giedra
2019-05-13,11.141666666666666,11.141666666666666,3.1166666666666667,11.7,316.0,54.875,1025.575,79.5,0.0,debesuota
2019-05-14,8.674999999999999,8.674999999999999,2.720833333333333,8.1,341.0,100.0,1026.0583333333334,86.08333333333333,0.0,debesuota
2019-05-15,14.191666666666665,14.191666666666665,3.283333333333333,9.3,61.0,67.04166666666667,1022.1,66.08333333333333,0.0,debesuota
2019-05-16,13.341666666666667,13.341666666666667,3.125,7.8,83.0,90.33333333333333,1021.2833333333333,74.75,1.7,debesuota
2019-05-17,15.866666666666667,15.866666666666667,3.0708333333333333,8.8,100.0,75.375,1017.775,73.875,1.7,debesuota
2019-05-18,19.716666666666665,19.625,2.6875,8.7,94.0,27.25,1015.4833333333332,61.625,0.0,giedra
2019-05-19,20.420833333333334,20.279166666666665,3.4166666666666665,10.5,43.0,35.583333333333336,1013.8833333333333,44.583333333333336,0.0,giedra
2019-05-20,20.75,20.679166666666667,3.5500000000000003,12.2,85.0,52.916666666666664,1012.475,53.083333333333336,2.2,debesuota
2019-05-21,21.45,21.3,3.7875,11.1,122.0,24.666666666666668,1009.3583333333332,51.125,0.0,giedra
2019-05-22,18.658333333333335,18.5625,1.6291666666666667,5.8,141.0,11.583333333333334,1008.3416666666667,59.083333333333336,0.0,giedra
2019-05-23,18.495833333333334,18.408333333333335,1.7958333333333334,7.7,310.0,38.791666666666664,1009.0833333333334,67.625,0.0,giedra
2019-05-24,16.270833333333332,16.270833333333332,2.379166666666667,8.0,290.0,72.125,1010.7916666666666,80.20833333333333,0.0,migla
2019-05-25,15.770833333333334,15.770833333333334,3.0833333333333335,10.9,278.0,34.625,1009.0958333333333,61.75,0.0,mažai debesuota
2019-05-26,13.049999999999999,13.049999999999999,3.4,9.0,247.0,91.0,1009.5,66.125,0.0,debesuota
2019-05-27,18.116666666666667,18.0125,3.783333333333333,12.3,225.0,69.58333333333333,1008.15,57.541666666666664,0.0,debesuota
2019-05-28,16.970833333333335,16.970833333333335,2.8833333333333333,7.9,136.0,74.25,1007.0916666666667,84.25,11.8,debesuota
2019-05-29,14.041666666666666,14.041666666666666,2.441666666666667,7.9,323.0,88.20833333333333,1012.5875,89.66666666666667,3.0,debesuota
2019-05-30,12.866666666666667,12.866666666666667,1.7874999999999999,6.8,326.0,0.0,1023.1750000000001,54.166666666666664,0.0,giedra
2019-05-31,15.8375,15.8375,2.216666666666667,7.6,165.0,40.291666666666664,1020.7041666666668,61.041666666666664,0.0,giedra
2019-06-01,16.925,16.925,2.066666666666667,6.6,289.0,45.541666666666664,1019.9416666666666,67.08333333333333,0.0,debesuota
2019-06-02,17.579166666666666,17.579166666666666,3.329166666666666,14.2,255.0,21.958333333333332,1017.7875,62.625,0.1,giedra
2019-06-03,18.295833333333334,18.145833333333332,1.2249999999999999,4.1,173.0,2.0833333333333335,1020.4458333333333,57.583333333333336,0.0,giedra
2019-06-04,21.2375,21.054166666666667,2.6625,8.6,129.0,0.0,1018.4708333333333,51.833333333333336,0.0,giedra
2019-06-05,22.9375,22.733333333333334,1.7916666666666667,8.5,129.0,15.208333333333334,1017.5041666666666,55.416666666666664,0.0,giedra
2019-06-06,22.695833333333336,22.6875,2.6083333333333334,9.9,120.0,25.125,1017.8291666666668,65.54166666666667,1.2,giedra
2019-06-07,22.6875,22.683333333333334,2.625,9.8,87.0,39.791666666666664,1017.6291666666666,67.41666666666667,0.0,giedra
2019-06-08,22.545833333333334,22.545833333333334,3.1875,10.0,144.0,23.583333333333332,1019.0041666666666,65.83333333333333,0.0,giedra
2019-06-09,19.758333333333333,19.595833333333335,2.6333333333333333,9.9,9.0,23.583333333333332,1024.5458333333333,55.958333333333336,0.0,giedra
2019-06-10,20.599999999999998,20.408333333333335,1.7625,6.4,91.0,3.1666666666666665,1022.9833333333332,48.833333333333336,0.0,giedra
2019-06-11,25.916666666666668,25.770833333333332,2.7583333333333333,10.7,144.0,7.916666666666667,1017.6208333333334,50.875,0.0,giedra
2019-06-12,27.545833333333334,27.391666666666666,2.3541666666666665,8.6,154.0,6.875,1015.5833333333334,47.375,0.0,giedra
2019-06-13,26.770833333333332,26.575,3.3249999999999997,10.5,31.0,26.166666666666668,1016.2083333333334,51.25,0.0,giedra
2019-06-14,23.53333333333333,23.587500000000002,2.533333333333333,10.2,14.0,22.0,1018.3708333333334,64.29166666666667,0.0,giedra
2019-06-15,21.816666666666666,21.6375,1.6416666666666666,6.4,30.0,2.125,1018.3541666666666,54.666666666666664,0.0,giedra
2019-06-16,18.333333333333332,18.333333333333332,2.1708333333333334,9.3,125.0,55.458333333333336,1015.2916666666666,78.66666666666667,16.2,giedra
2019-06-17,17.808333333333334,17.808333333333334,2.7083333333333335,8.2,247.0,71.58333333333333,1017.5583333333334,84.33333333333333,0.2,debesuota
2019-06-18,19.625,19.491666666666667,1.6083333333333334,6.3,299.0,2.125,1020.1875,61.166666666666664,0.0,giedra
2019-06-19,22.291666666666668,22.058333333333334,1.7333333333333334,7.2,124.0,7.916666666666667,1016.7375000000001,49.0,0.0,giedra
2019-06-20,22.320833333333336,22.34583333333333,2.8083333333333336,9.3,129.0,72.75,1012.35,64.20833333333333,0.4,debesuota
2019-06-21,21.929166666666664,21.974999999999998,1.3416666666666668,6.9,220.0,62.833333333333336,1013.5875,74.20833333333333,0.0,debesuota
2019-06-22,20.008333333333333,19.829166666666666,3.408333333333333,8.3,308.0,19.958333333333332,1019.9458333333333,57.291666666666664,0.6,giedra
2019-06-23,19.170833333333334,18.941666666666666,2.004166666666667,6.8,324.0,0.0,1022.9875000000001,48.416666666666664,0.0,giedra
2019-06-24,20.266666666666666,20.150000000000002,1.7625000000000002,8.4,354.0,2.0833333333333335,1026.7083333333333,44.916666666666664,0.0,giedra
2019-06-25,22.462500000000002,22.229166666666668,1.7458333333333333,6.7,17.0,6.791666666666667,1027.8041666666666,46.375,0.0,giedra
2019-06-26,25.370833333333334,25.462500000000002,3.225,15.8,204.0,46.666666666666664,1018.0166666666668,54.708333333333336,3.0,debesuota
2019-06-27,18.337500000000002,18.337500000000002,4.666666666666667,12.9,188.0,53.458333333333336,1009.0916666666667,75.83333333333333,5.8,debesuota
2019-06-28,15.695833333333333,15.695833333333333,4.295833333333333,14.4,311.0,42.416666666666664,1014.3541666666666,53.958333333333336,0.0,nepastoviai debesuota
2019-06-29,15.779166666666667,15.779166666666667,3.329166666666667,11.5,312.0,67.5,1015.2166666666667,59.333333333333336,0.0,debesuota
2019-06-30,22.575,22.400000000000002,3.204166666666667,10.5,148.0,23.041666666666668,1010.9083333333333,59.291666666666664,0.0,giedra
2019-07-01,21.320833333333333,21.191666666666666,3.9250000000000003,10.7,286.0,34.041666666666664,1007.7333333333332,51.458333333333336,0.0,giedra
2019-07-02,16.720833333333335,16.720833333333335,4.370833333333334,18.3,266.0,64.95833333333333,1009.9416666666666,64.125,0.9,debesuota
2019-07-03,13.258333333333333,13.258333333333333,4.166666666666667,11.3,249.0,49.791666666666664,1013.1041666666666,69.70833333333333,2.1,debesuota
2019-07-04,12.995833333333332,12.995833333333332,4.154166666666667,11.8,252.0,59.625,1014.6666666666666,66.54166666666667,0.0,debesuota
2019-07-05,13.554166666666667,13.554166666666667,5.154166666666667,16.2,212.0,55.041666666666664,1005.6333333333333,68.79166666666667,5.8,nedidelis lietus
2019-07-06,15.379166666666668,15.379166666666668,4.5625,13.9,272.0,75.83333333333333,1004.4125,60.0,0.3,debesuota
2019-07-07,14.5875,14.5875,3.9166666666666665,12.6,253.0,72.75,1001.5583333333334,75.58333333333333,4.1,debesuota su pragiedruliais
2019-07-08,13.470833333333333,13.470833333333333,3.7875,9.8,264.0,84.29166666666667,1004.0791666666668,82.33333333333333,1.7,debesuota
2019-07-09,14.770833333333334,14.770833333333334,2.1999999999999997,6.6,271.0,78.0,1004.625,76.54166666666667,0.0,debesuota
2019-07-10,13.983333333333334,13.983333333333334,3.0708333333333333,11.9,309.0,64.375,1005.5375,87.08333333333333,7.7,debesuota
2019-07-11,15.279166666666667,15.279166666666667,2.5875,8.3,292.0,88.29166666666667,1007.7958333333332,79.70833333333333,0.4,debesuota
2019-07-12,15.595833333333333,15.595833333333333,1.675,8.1,333.0,43.041666666666664,1008.8583333333332,65.33333333333333,0.0,debesuota
2019-07-13,14.325000000000001,14.325000000000001,0.6958333333333333,4.9,9.0,65.91666666666667,1010.3333333333334,67.70833333333333,0.0,debesuota
2019-07-14,15.504166666666668,15.504166666666668,1.425,7.0,9.0,68.58333333333333,1010.7916666666666,68.29166666666667,0.0,debesuota
2019-07-15,16.9375,16.9375,1.6166666666666665,7.8,20.0,20.916666666666668,1011.4583333333334,57.375,0.0,giedra
2019-07-16,14.441666666666668,14.441666666666668,1.5833333333333333,9.2,2.0,69.08333333333333,1007.8125,80.45833333333333,8.4,debesuota
2019-07-17,14.133333333333333,14.133333333333333,2.9291666666666667,7.9,291.0,73.25,1007.0875,82.95833333333333,0.4,debesuota
2019-07-18,16.429166666666667,16.429166666666667,3.033333333333333,9.0,301.0,58.625,1009.8125,75.41666666666667,0.0,debesuota
2019-07-19,18.454166666666666,18.354166666666668,2.6083333333333334,8.7,279.0,4.25,1013.4041666666667,62.541666666666664,0.0,giedra
2019-07-20,20.495833333333334,20.320833333333333,1.0791666666666666,6.7,7.0,4.75,1016.1791666666667,56.5,0.0,giedra
2019-07-21,22.579166666666666,22.329166666666666,1.7375,8.4,165.0,38.708333333333336,1016.3083333333334,57.791666666666664,3.5,giedra
2019-07-22,18.233333333333334,18.233333333333334,3.2875,9.1,290.0,85.16666666666667,1016.6416666666668,79.875,0.3,debesuota
2019-07-23,18.195833333333333,18.195833333333333,2.9875000000000003,8.0,298.0,70.66666666666667,1016.1708333333332,72.08333333333333,0.0,debesuota
2019-07-24,21.320833333333333,21.208333333333332,2.191666666666667,9.6,317.0,35.666666666666664,1016.75,64.16666666666667,0.0,giedra
2019-07-25,19.375,19.3,2.3833333333333333,15.1,316.0,42.916666666666664,1016.7541666666666,74.08333333333333,6.3999999999999995,giedra
2019-07-26,18.708333333333332,18.708333333333332,2.841666666666667,9.3,52.0,70.66666666666667,1015.4541666666668,76.04166666666667,0.0,debesuota
2019-07-27,18.25,18.25,1.6333333333333335,6.9,65.0,85.83333333333333,1014.7208333333333,93.0,7.9,lietus
2019-07-28,22.462500000000002,22.583333333333332,1.3083333333333333,6.9,97.0,17.136363636363637,1010.9916666666667,72.375,0.0,giedra
2019-07-29,23.433333333333334,23.758333333333336,1.45,6.7,72.0,23.541666666666668,1007.7666666666668,68.58333333333333,0.0,giedra
2019-07-30,18.870833333333334,18.833333333333332,2.1458333333333335,8.7,20.0,48.25,1007.5875,65.29166666666667,0.0,debesuota
2019-07-31,14.695833333333333,14.695833333333333,2.495833333333333,8.4,325.0,68.875,1013.7791666666667,65.75,0.0,debesuota
2019-08-01,13.9375,13.9375,1.0,3.9,304.0,94.5,1014.8125,81.83333333333333,2.9000000000000004,debesuota
2019-08-02,15.733333333333334,15.733333333333334,1.7166666666666668,8.1,293.0,57.083333333333336,1011.1916666666666,73.0,1.4,debesuota
2019-08-03,15.125,15.125,1.9958333333333333,7.1,297.0,55.0,1010.1583333333333,72.5,3.0,debesuota
2019-08-04,14.691666666666668,14.691666666666668,1.8499999999999999,7.7,16.0,41.375,1010.4791666666666,65.20833333333333,0.0,mažai debesuota
2019-08-05,14.708333333333334,14.708333333333334,2.0333333333333337,7.6,301.0,7.375,1011.125,61.083333333333336,0.0,giedra
2019-08-06,17.266666666666666,17.208333333333332,1.7708333333333333,10.2,197.0,48.125,1010.1583333333333,67.66666666666667,0.5,giedra
2019-08-07,18.970833333333335,18.941666666666666,1.3791666666666667,5.5,161.0,57.541666666666664,1007.9125,75.83333333333333,0.0,debesuota
2019-08-08,17.254166666666666,17.254166666666666,3.6208333333333336,13.9,287.0,73.83333333333333,1004.1625,87.75,34.6,debesuota
2019-08-09,16.408333333333335,16.408333333333335,2.4166666666666665,10.5,305.0,44.583333333333336,1010.2666666666668,80.08333333333333,0.0,giedra
2019-08-10,17.141666666666666,17.141666666666666,1.0999999999999999,4.6,79.0,62.76190476190476,1015.0375,76.33333333333333,0.0,debesuota
2019-08-11,19.391666666666666,19.333333333333332,2.220833333333333,9.9,114.0,42.458333333333336,1014.875,71.875,5.4,giedra
2019-08-12,21.150000000000002,21.154166666666665,2.495833333333333,8.0,149.0,69.5,1014.7125,65.25,0.0,debesuota
2019-08-13,18.879166666666666,18.879166666666666,1.7791666666666668,7.6,145.0,55.041666666666664,1011.5708333333333,81.25,8.399999999999999,lietus
2019-08-14,14.275,14.275,0.7083333333333334,3.7,2.0,74.25,1014.3708333333334,91.875,9.8,lietus
2019-08-15,15.304166666666667,15.304166666666667,1.2625,6.2,250.0,17.333333333333332,1016.0500000000001,74.41666666666667,0.0,giedra
2019-08-16,16.716666666666665,16.6875,0.6208333333333333,4.2,126.0,6.291666666666667,1016.6833333333334,65.04166666666667,0.0,giedra
2019-08-17,18.554166666666667,18.370833333333334,0.8833333333333333,3.9,125.0,4.791666666666667,1015.8541666666666,59.375,0.0,giedra
2019-08-18,20.070833333333333,19.966666666666665,2.245833333333333,7.5,145.0,19.5,1012.5124999999999,61.333333333333336,0.0,giedra
2019-08-19,22.504166666666666,22.65416666666667,2.7708333333333335,9.2,195.0,59.75,1014.3000000000001,68.375,6.800000000000001,debesuota
2019-08-20,20.183333333333334,20.145833333333332,0.2708333333333333,3.1,6.0,62.25,1022.025,74.70833333333333,0.0,debesuota
2019-08-21,15.591666666666667,15.591666666666667,2.5,12.6,311.0,74.875,1021.9499999999999,94.0,23.8,lietus
2019-08-22,15.341666666666667,15.341666666666667,0.6916666666666668,5.5,160.0,21.35,1029.4041666666667,80.33333333333333,0.0,giedra
2019-08-23,17.154166666666665,17.154166666666665,1.3875,4.9,141.0,40.875,1029.5166666666667,70.625,0.0,giedra
2019-08-24,18.708333333333332,18.604166666666668,1.6624999999999999,6.8,20.0,1.5833333333333333,1027.1708333333333,67.625,0.0,giedra
2019-08-25,20.241666666666667,20.1875,0.8333333333333334,4.9,11.0,13.666666666666666,1027.7291666666667,68.91666666666667,0.0,giedra
2019-08-26,20.599999999999998,20.5625,0.8958333333333334,5.2,153.0,8.416666666666666,1026.9750000000001,68.0,0.0,giedra
2019-08-27,21.0625,21.070833333333333,0.5166666666666667,4.5,11.0,2.1666666666666665,1026.1083333333333,66.29166666666667,0.0,giedra
2019-08-28,20.625,20.583333333333332,2.0833333333333335,7.5,118.0,10.5,1024.4333333333334,67.58333333333333,0.0,giedra
2019-08-29,20.912499999999998,20.929166666666667,3.470833333333333,9.7,140.0,39.25,1019.6291666666666,69.25,3.7,giedra
2019-08-30,19.979166666666668,20.0125,2.0833333333333335,8.3,248.0,28.333333333333332,1020.9416666666666,83.54166666666667,0.0,giedra
2019-08-31,18.95,18.970833333333335,0.7666666666666666,4.9,308.0,32.285714285714285,1021.8708333333334,81.91666666666667,0.0,giedra
2019-09-01,19.429166666666667,19.375,2.0166666666666666,5.7,132.0,1.0833333333333333,1016.7708333333334,70.08333333333333,0.0,giedra
2019-09-02,19.495833333333334,19.587500000000002,3.2583333333333333,8.7,153.0,34.5,1014.3125,74.375,0.4,giedra
2019-09-03,13.183333333333332,13.183333333333332,1.1624999999999999,5.5,316.0,75.70833333333333,1019.6541666666667,89.54166666666667,3.4,debesuota
2019-09-04,14.195833333333333,14.195833333333333,1.5125,6.5,149.0,47.285714285714285,1018.1541666666667,82.5,0.0,debesuota
2019-09-05,16.516666666666666,16.516666666666666,2.983333333333333,9.4,150.0,18.791666666666668,1015.6083333333332,71.16666666666667,0.0,giedra
2019-09-06,15.129166666666668,15.129166666666668,2.3416666666666663,9.9,264.0,33.5,1020.2041666666668,70.83333333333333,0.0,giedra
2019-09-07,15.275,15.275,1.55,6.1,68.0,50.75,1023.2125,69.29166666666667,0.0,debesuota
2019-09-08,19.75,19.720833333333335,3.2125000000000004,8.6,124.0,73.29166666666667,1020.0041666666666,69.04166666666667,0.0,debesuota
2019-09-09,20.7375,20.599999999999998,3.0749999999999997,10.0,144.0,6.833333333333333,1019.3375,57.166666666666664,0.0,giedra
2019-09-10,16.966666666666665,16.966666666666665,3.5583333333333336,10.3,128.0,34.583333333333336,1019.4208333333332,60.666666666666664,0.0,giedra
2019-09-11,15.541666666666666,15.541666666666666,2.6083333333333334,9.2,145.0,16.833333333333332,1024.6375,69.08333333333333,0.0,giedra
2019-09-12,16.525000000000002,16.454166666666666,2.7458333333333336,11.4,134.0,25.208333333333332,1024.3416666666667,65.83333333333333,0.0,giedra
2019-09-13,14.65,14.65,4.016666666666667,11.7,218.0,62.291666666666664,1021.3666666666667,79.20833333333333,1.7999999999999998,debesuota
2019-09-14,11.854166666666666,11.854166666666666,3.379166666666667,17.0,254.0,17.375,1024.675,74.95833333333333,0.0,giedra
2019-09-15,12.983333333333334,12.983333333333334,5.045833333333333,13.3,220.0,80.04166666666667,1014.3333333333334,69.45833333333333,0.0,debesuota
2019-09-16,12.525,12.525,5.254166666666666,14.4,258.0,70.20833333333333,1006.1083333333332,71.45833333333333,3.0,lietus
2019-09-17,9.1,9.1,3.4333333333333336,9.6,223.0,73.75,1002.9875000000001,83.5,0.7,debesuota
2019-09-18,8.091666666666667,8.091666666666667,3.545833333333333,10.9,278.0,87.83333333333333,1005.525,86.91666666666667,2.6,debesuota
2019-09-19,8.733333333333333,8.733333333333333,2.658333333333333,7.5,269.0,66.5,1016.275,82.33333333333333,0.1,debesuota
2019-09-20,6.729166666666667,6.316666666666666,2.9499999999999997,10.3,311.0,66.41666666666667,1020.5958333333333,74.20833333333333,0.5,debesuota
2019-09-21,9.379166666666666,9.1875,3.733333333333333,10.4,202.0,89.79166666666667,1016.6708333333332,89.66666666666667,1.6,debesuota
2019-09-22,9.85,9.85,3.391666666666667,9.7,283.0,67.08333333333333,1016.3958333333334,88.75,2.5,debesuota
2019-09-23,4.795833333333333,4.7,0.8916666666666666,5.3,152.0,15.75,1023.3874999999999,78.45833333333333,0.0,giedra
2019-09-24,5.095833333333333,4.9624999999999995,0.7416666666666667,4.4,141.0,27.666666666666668,1021.1083333333332,70.29166666666667,0.0,giedra
2019-09-25,6.254166666666666,5.6375,2.0208333333333335,5.3,126.0,73.75,1015.9125,70.20833333333333,0.0,debesuota
2019-09-26,10.083333333333334,10.083333333333334,1.2458333333333333,5.4,45.0,0.5416666666666666,1014.1125000000001,70.91666666666667,0.0,giedra
2019-09-27,10.433333333333334,10.433333333333334,1.3041666666666667,4.9,154.0,2.6666666666666665,1016.5458333333332,75.70833333333333,0.0,giedra
2019-09-28,8.916666666666666,8.916666666666666,2.716666666666667,8.7,140.0,74.54545454545455,1011.4541666666668,96.79166666666667,12.2,migla
2019-09-29,11.950000000000001,11.950000000000001,3.4250000000000003,7.7,208.0,86.77272727272727,1004.75,93.75,5.8,debesuota
2019-09-30,12.895833333333334,12.895833333333334,4.1499999999999995,13.9,193.0,93.0,991.1958333333333,96.70833333333333,15.1,lietus
2019-10-01,10.733333333333334,10.733333333333334,4.6499999999999995,11.9,212.0,74.79166666666667,1000.1583333333333,82.16666666666667,2.8,nedidelis lietus
2019-10-02,12.35,12.35,2.8833333333333333,8.7,171.0,93.0,1000.4375,96.375,9.6,nedidelis lietus
2019-10-03,8.049999999999999,7.9875,2.3041666666666667,6.2,245.0,71.08333333333333,1007.0666666666666,89.29166666666667,0.2,debesuota
2019-10-04,6.5125,5.916666666666667,2.0708333333333333,9.9,212.0,73.04545454545455,1009.8583333333332,94.08333333333333,1.8,debesuota
2019-10-05,4.341666666666667,4.083333333333333,1.5625,6.2,344.0,63.40909090909091,1015.3625000000001,87.375,0.0,debesuota
2019-10-06,1.2249999999999999,0.4083333333333334,1.3708333333333333,6.4,313.0,87.83333333333333,1018.7125,85.625,0.3,debesuota
2019-10-07,2.004166666666667,0.9874999999999999,1.3499999999999999,6.0,242.0,95.0,1016.4208333333332,94.66666666666667,2.4,debesuota
2019-10-08,4.2250000000000005,2.3000000000000003,3.716666666666667,9.0,159.0,93.95833333333333,1011.475,89.5,2.1,debesuota
2019-10-09,9.333333333333334,9.2125,3.2583333333333333,8.2,181.0,80.95833333333333,1006.2083333333334,92.5,2.0,debesuota
2019-10-10,9.237499999999999,9.237499999999999,2.466666666666667,6.9,248.0,88.91666666666667,1005.5458333333332,96.95833333333333,11.8,nedidelis lietus
2019-10-11,9.579166666666667,9.579166666666667,4.066666666666666,10.0,209.0,93.0,1011.6083333333332,88.08333333333333,0.5,debesuota
2019-10-12,10.870833333333332,10.870833333333332,3.954166666666667,10.3,205.0,93.0,1007.9958333333334,94.16666666666667,8.4,lietus
2019-10-13,10.954166666666666,10.954166666666666,1.8375000000000001,6.0,220.0,87.8695652173913,1015.3208333333333,95.875,1.2,debesuota
2019-10-14,14.379166666666668,14.379166666666668,3.6291666666666664,9.6,238.0,17.833333333333332,1014.3208333333333,83.875,0.0,giedra
2019-10-15,11.445833333333333,11.445833333333333,2.1625,8.5,132.0,59.05882352941177,1018.3166666666666,83.625,0.0,debesuota
2019-10-16,15.733333333333334,15.733333333333334,4.2875000000000005,8.8,150.0,39.291666666666664,1011.0791666666668,74.70833333333333,0.0,giedra
2019-10-17,11.954166666666666,11.954166666666666,3.704166666666667,10.0,205.0,78.875,1014.1666666666666,83.08333333333333,0.4,debesuota
2019-10-18,13.066666666666668,13.066666666666668,2.6916666666666664,7.8,149.0,72.79166666666667,1015.7541666666666,78.16666666666667,0.0,debesuota
2019-10-19,12.791666666666666,12.791666666666666,1.8208333333333335,5.9,189.0,50.78260869565217,1014.8208333333333,83.5,0.0,debesuota
2019-10-20,12.604166666666666,12.604166666666666,1.5625,4.8,156.0,33.5,1016.725,87.04166666666667,0.0,giedra
2019-10-21,13.195833333333333,13.195833333333333,1.1416666666666666,5.0,6.0,7.875,1019.8333333333334,87.08333333333333,0.0,giedra
2019-10-22,13.670833333333334,13.670833333333334,2.0791666666666666,6.5,190.0,44.5,1021.4083333333333,87.5,0.0,migla
2019-10-23,9.854166666666666,9.854166666666666,1.6083333333333334,6.2,151.0,55.375,1021.8333333333334,86.125,0.0,debesuota
2019-10-24,8.970833333333333,8.904166666666667,1.8416666666666668,5.1,133.0,13.727272727272727,1020.4,85.45833333333333,0.0,giedra
2019-10-25,9.691666666666666,9.691666666666666,2.904166666666667,7.7,168.0,58.958333333333336,1017.4708333333333,94.91666666666667,0.0,migla
2019-10-26,11.704166666666666,11.704166666666666,4.0249999999999995,10.4,203.0,42.375,1016.525,87.66666666666667,0.0,giedra
2019-10-27,10.775,10.775,4.608333333333333,14.4,223.0,67.0,1008.6374999999999,82.70833333333333,0.7,debesuota
2019-10-28,6.0375000000000005,6.0375000000000005,2.5833333333333335,6.5,246.0,85.83333333333333,1013.2083333333334,92.58333333333333,2.4,nedidelis lietus
2019-10-29,3.2416666666666667,0.2833333333333334,3.35,8.5,303.0,64.41666666666667,1018.0791666666668,85.375,0.0,debesuota
2019-10-30,-0.4791666666666667,-0.9874999999999999,0.9,5.0,313.0,57.958333333333336,1026.5583333333334,92.125,0.3,debesuota
2019-10-31,-0.06666666666666665,-3.2916666666666665,3.1958333333333333,8.1,264.0,75.79166666666667,1025.0041666666666,91.33333333333333,2.9,debesuota
2019-11-01,3.716666666666667,1.9916666666666665,2.529166666666667,6.5,200.0,86.20833333333333,1019.6,95.91666666666667,0.0,migla
2019-11-02,2.7541666666666664,-1.4833333333333334,5.491666666666667,11.0,152.0,81.625,1006.0208333333334,82.75,1.5,debesuota
2019-11-03,7.795833333333333,7.333333333333333,4.1000000000000005,8.8,174.0,89.875,998.7708333333334,93.125,0.6000000000000001,debesuota
2019-11-04,12.583333333333334,12.583333333333334,3.654166666666667,8.3,171.0,89.5,992.7541666666666,89.04166666666667,4.6,debesuota
2019-11-05,10.0625,10.0625,3.8708333333333336,9.7,199.0,90.0,993.4708333333333,91.125,4.7,debesuota
2019-11-06,7.345833333333334,7.345833333333334,2.3000000000000003,8.7,188.0,85.83333333333333,997.8916666666668,94.66666666666667,1.1,debesuota
2019-11-07,5.804166666666667,5.275,2.2291666666666665,6.8,206.0,68.08333333333333,1008.0166666666668,94.33333333333333,0.0,debesuota
2019-11-08,6.679166666666667,6.4624999999999995,2.904166666666667,9.8,132.0,88.9,1016.3916666666668,90.5,0.0,debesuota
2019-11-09,8.883333333333335,8.883333333333335,3.141666666666667,8.7,122.0,93.45833333333333,1011.0625,97.625,4.7,nedidelis lietus
2019-11-10,8.308333333333334,8.308333333333334,1.3416666666666668,5.8,340.0,92.5,1012.2708333333334,97.5,9.1,nedidelis lietus
2019-11-11,5.154166666666667,4.833333333333333,1.9375,5.6,176.0,84.45454545454545,1014.5666666666666,95.66666666666667,2.4,debesuota
2019-11-12,4.895833333333333,3.6666666666666665,4.566666666666666,10.5,141.0,85.66666666666667,1017.9375,93.16666666666667,0.0,debesuota
2019-11-13,10.416666666666666,10.416666666666666,5.433333333333334,12.2,147.0,77.91666666666667,1009.8208333333333,83.91666666666667,0.0,debesuota
2019-11-14,9.358333333333333,9.358333333333333,3.858333333333333,11.4,150.0,95.0,1013.8874999999999,92.70833333333333,2.9,nedidelis lietus
2019-11-15,6.458333333333333,6.375,2.0708333333333333,5.9,97.0,96.0,1020.3000000000001,94.95833333333333,8.2,migla
2019-11-16,6.608333333333333,6.316666666666666,4.158333333333333,9.4,152.0,99.0,1018.8791666666666,93.79166666666667,0.0,migla
2019-11-17,8.233333333333333,8.233333333333333,3.275,8.6,141.0,96.0909090909091,1022.7583333333333,94.66666666666667,0.0,migla
2019-11-18,7.754166666666666,7.375,4.629166666666666,13.0,113.0,83.5,1020.1166666666667,86.75,0.0,debesuota
2019-11-19,4.6375,2.45,3.779166666666667,7.5,142.0,99.5,1025.125,96.83333333333333,0.0,migla
2019-11-20,4.558333333333333,2.8833333333333333,3.8375,11.1,119.0,97.3913043478261,1029.8625,94.66666666666667,0.0,debesuota
2019-11-21,1.9666666666666668,-2.8666666666666667,5.895833333333333,13.5,136.0,98.5,1031.1833333333334,82.20833333333333,0.0,debesuota
2019-11-22,-2.3000000000000003,-8.554166666666667,6.3875,12.2,144.0,85.25,1030.6208333333334,62.625,0.0,debesuota
2019-11-23,-4.1,-10.2,5.3125,10.8,133.0,78.875,1028.1291666666666,63.708333333333336,0.0,debesuota
2019-11-24,-2.408333333333333,-7.1499999999999995,3.9250000000000003,8.0,137.0,95.0,1025.0666666666666,62.666666666666664,0.0,debesuota
2019-11-25,-2.433333333333333,-7.266666666666667,4.066666666666666,8.9,145.0,93.5,1021.6916666666666,85.125,0.0,debesuota
2019-11-26,-1.4916666666666665,-5.854166666666667,3.6666666666666665,6.9,143.0,98.5,1016.4625,96.41666666666667,0.0,migla
2019-11-27,-0.4166666666666667,-4.891666666666667,4.158333333333333,7.9,151.0,97.47368421052632,1009.6041666666666,98.5,0.0,migla
2019-11-28,0.8250000000000001,-3.858333333333333,4.9750000000000005,10.5,160.0,99.47826086956522,1001.6875,97.41666666666667,0.0,migla
2019-11-29,2.954166666666667,-0.27916666666666673,4.1499999999999995,9.0,211.0,91.55,995.75,96.91666666666667,1.6,nedidelis lietus
2019-11-30,0.5291666666666667,-3.6958333333333333,4.208333333333333,11.8,278.0,72.20833333333333,1008.35,89.16666666666667,1.3,debesuota su pragiedruliais
2019-12-01,-1.2416666666666667,-5.370833333333334,3.654166666666667,9.9,216.0,53.291666666666664,1019.35,90.58333333333333,0.0,debesuota
2019-12-02,-0.46249999999999997,-4.483333333333333,3.591666666666667,7.9,208.0,91.33333333333333,1012.2083333333334,92.08333333333333,1.1,migla
2019-12-03,-1.5041666666666667,-5.270833333333333,3.0041666666666664,6.5,217.0,55.0,1018.7375000000001,92.66666666666667,0.0,debesuota
2019-12-04,1.3916666666666666,-2.3916666666666666,3.7583333333333333,9.3,219.0,98.5,1017.5958333333333,97.58333333333333,2.0,nedidelis lietus
2019-12-05,1.7166666666666668,-1.8958333333333333,3.6999999999999997,9.5,191.0,71.5,1017.5875,90.08333333333333,0.0,debesuota
2019-12-06,0.47500000000000003,-4.320833333333334,5.1499999999999995,11.6,216.0,61.041666666666664,1008.5666666666666,79.16666666666667,0.0,migla
2019-12-07,1.2666666666666666,-3.2916666666666665,4.941666666666666,10.3,200.0,95.45833333333333,1001.0166666666668,95.375,4.4,nedidelis lietus
2019-12-08,3.9791666666666665,0.8916666666666666,5.095833333333333,12.1,196.0,88.29166666666667,1001.5958333333333,91.08333333333333,0.7,debesuota
2019-12-09,4.879166666666666,3.1791666666666667,3.9458333333333333,8.5,197.0,79.58333333333333,1000.8874999999999,96.16666666666667,1.8,migla
2019-12-10,2.9583333333333335,0.2875,2.9375,7.1,189.0,88.34782608695652,1011.7458333333334,94.79166666666667,0.2,debesuota
2019-12-11,-1.2541666666666667,-3.875,2.3333333333333335,8.3,168.0,89.125,1020.6541666666667,90.95833333333333,0.0,debesuota
2019-12-12,1.4708333333333332,-2.904166666666667,4.816666666666666,11.5,146.0,92.95833333333333,1011.2291666666666,88.75,0.4,debesuota
2019-12-13,1.45,-3.733333333333333,6.2875000000000005,13.2,147.0,98.0,1003.0541666666667,88.83333333333333,0.0,debesuota
2019-12-14,0.8541666666666666,-4.420833333333333,6.204166666666667,12.0,148.0,100.0,999.5208333333334,94.75,3.8,debesuota
2019-12-15,2.533333333333333,-1.0708333333333333,3.8541666666666665,8.4,198.0,91.875,1001.4833333333332,94.25,3.2,debesuota
2019-12-16,2.6833333333333336,-0.65,4.1625000000000005,11.2,204.0,35.666666666666664,1010.7583333333333,88.08333333333333,0.0,giedra
2019-12-17,3.7541666666666664,1.3875,2.6791666666666667,6.1,162.0,92.47619047619048,1011.6041666666666,98.58333333333333,0.7,migla
2019-12-18,5.954166666666667,4.483333333333333,4.866666666666666,12.1,187.0,64.45833333333333,1011.4958333333334,85.16666666666667,0.0,migla
2019-12-19,3.016666666666667,0.03749999999999998,3.420833333333333,10.6,208.0,80.57142857142857,1024.0541666666666,89.75,0.0,debesuota
2019-12-20,2.1666666666666665,-1.7666666666666666,4.391666666666667,10.0,150.0,96.0,1012.6875,98.25,0.0,migla
2019-12-21,4.5874999999999995,2.3583333333333334,4.254166666666666,10.1,146.0,83.66666666666667,997.5583333333334,93.66666666666667,0.0,migla
2019-12-22,5.675,5.625,1.6291666666666667,4.9,113.0,97.0,993.7958333333332,97.91666666666667,1.8,nedidelis lietus
2019-12-23,5.358333333333333,5.295833333333333,0.6208333333333333,3.6,53.0,98.9090909090909,998.2958333333332,98.125,0.0,migla
2019-12-24,5.370833333333334,4.925,1.2958333333333334,4.8,10.0,100.0,1004.2624999999999,98.58333333333333,9.5,nedidelis lietus
2019-12-25,4.233333333333333,2.6541666666666663,2.0833333333333335,6.1,319.0,98.0,1007.8416666666667,98.45833333333333,7.5,nedidelis lietus
2019-12-26,1.5166666666666666,-1.6541666666666668,2.9916666666666667,7.8,326.0,96.0,1013.5458333333332,97.625,5.2,nedidelis lietus
2019-12-27,-0.15,-4.358333333333333,3.858333333333333,9.6,321.0,99.0,1018.5375,90.20833333333333,0.8,debesuota
2019-12-28,-1.0541666666666667,-5.395833333333333,3.8041666666666667,13.3,8.0,99.5,1031.2749999999999,79.66666666666667,0.0,debesuota
2019-12-29,-2.8000000000000003,-5.716666666666666,2.379166666666667,6.9,217.0,79.33333333333333,1035.6791666666666,79.29166666666667,0.0,debesuota
2019-12-30,1.3208333333333333,-2.954166666666667,4.708333333333333,11.4,202.0,84.70833333333333,1019.0,68.58333333333333,0.0,debesuota
2019-12-31,3.1791666666666667,-1.0958333333333334,5.375,12.2,253.0,93.45833333333333,1008.4291666666667,84.16666666666667,1.8,debesuota
2020-01-01,1.5208333333333333,-2.0416666666666665,3.6291666666666664,11.1,237.0,66.875,1021.7833333333333,86.33333333333333,0.8,debesuota
2020-01-02,1.5208333333333333,-1.883333333333333,3.7916666666666665,11.4,265.0,77.66666666666667,1019.0833333333334,91.45833333333333,0.0,debesuota
2020-01-03,0.11250000000000003,-3.7458333333333336,3.6125000000000003,10.6,214.0,31.791666666666668,1014.3375,78.375,0.2,giedra
2020-01-04,1.1875,-2.404166666666667,4.045833333333333,13.1,221.0,78.41666666666667,1004.7624999999999,93.16666666666667,3.1,debesuota
2020-01-05,-1.2708333333333333,-4.591666666666667,2.8874999999999997,8.3,314.0,58.708333333333336,1021.2666666666668,88.375,0.0,debesuota
2020-01-06,-1.2291666666666667,-5.125,3.225,7.6,198.0,97.27272727272727,1025.4833333333333,96.25,0.9,nedidelis sniegas
2020-01-07,0.12916666666666668,-3.108333333333333,2.766666666666667,5.4,192.0,96.18181818181819,1025.6625000000001,98.875,0.0,migla
2020-01-08,0.6666666666666666,-3.7416666666666667,4.4750000000000005,9.8,200.0,91.0,1021.0875,95.08333333333333,3.6,migla
2020-01-09,2.75,0.1416666666666667,2.75,7.2,253.0,84.80952380952381,1017.975,96.70833333333333,1.0,debesuota
2020-01-10,4.1875,2.0375,2.566666666666667,6.9,195.0,99.4,1011.7041666666668,99.0,13.2,nedidelis lietus
2020-01-11,2.8249999999999997,0.9375,2.7416666666666667,9.1,240.0,95.5,1020.3458333333333,92.08333333333333,1.6,debesuota
2020-01-12,2.183333333333333,-2.1458333333333335,5.0125,11.9,224.0,93.45833333333333,1017.9041666666667,88.33333333333333,1.9000000000000001,debesuota
2020-01-13,2.245833333333333,-0.3,2.4833333333333334,5.4,236.0,94.5,1016.0791666666668,98.70833333333333,3.8000000000000003,lietus
2020-01-14,2.908333333333333,-0.5208333333333334,3.9958333333333336,11.8,188.0,90.91666666666667,1019.1374999999999,94.83333333333333,0.1,debesuota
2020-01-15,3.3541666666666665,-0.3125,5.120833333333334,10.6,185.0,61.333333333333336,1017.6708333333332,81.5,0.0,debesuota
2020-01-16,4.791666666666667,2.1708333333333334,4.254166666666666,11.2,261.0,85.75,1023.9791666666666,76.29166666666667,0.0,debesuota
2020-01-17,1.3583333333333334,-1.804166666666667,3.1458333333333335,7.8,157.0,79.91666666666667,1029.8666666666666,91.04166666666667,0.0,debesuota
2020-01-18,-0.30416666666666664,-4.883333333333334,4.420833333333333,10.1,185.0,92.0,1023.0541666666667,94.04166666666667,0.3,migla
2020-01-19,1.1958333333333333,-0.8583333333333334,2.1041666666666665,4.7,177.0,98.28571428571429,1030.4208333333333,98.5,0.2,migla
2020-01-20,2.2916666666666665,-1.575,4.3125,11.3,248.0,99.5,1036.9291666666666,84.75,0.0,debesuota
2020-01-21,3.404166666666667,-1.0083333333333333,5.779166666666666,12.0,270.0,100.0,1024.1458333333333,96.16666666666667,0.6000000000000001,migla
2020-01-22,2.7875,-1.6125,5.395833333333333,12.7,260.0,83.125,1014.1791666666667,87.04166666666667,4.6,debesuota
2020-01-23,1.1083333333333334,-3.3083333333333336,4.645833333333333,10.6,241.0,89.33333333333333,1022.9416666666666,83.25,0.0,debesuota
2020-01-24,2.5,-1.6624999999999999,4.7625,9.9,241.0,99.5,1013.5833333333334,97.5,0.4,nedidelis lietus
2020-01-25,3.279166666666667,-0.47500000000000003,4.516666666666667,11.4,281.0,83.0,1012.8833333333333,88.66666666666667,0.0,debesuota
2020-01-26,2.125,-0.7625000000000001,2.9916666666666667,8.0,232.0,93.375,1017.4458333333333,90.16666666666667,0.0,debesuota
2020-01-27,-0.24166666666666667,-2.2083333333333335,1.875,4.3,217.0,98.0,1013.775,96.5,0.6000000000000001,debesuota
2020-01-28,0.8624999999999999,-2.6999999999999997,3.5541666666666667,7.6,148.0,97.0,1004.0375,96.45833333333333,0.0,migla
2020-01-29,1.1375,-0.7125,2.1083333333333334,6.1,161.0,93.21739130434783,997.0749999999999,98.29166666666667,4.3,migla
2020-01-30,1.4875,-1.2125000000000001,2.6374999999999997,5.8,166.0,96.0,1002.025,97.625,1.2000000000000002,nedidelis lietus
2020-01-31,2.2624999999999997,0.33749999999999997,2.158333333333333,6.1,161.0,98.5,997.3791666666666,98.54166666666667,4.1,nedidelis lietus
2020-02-01,5.033333333333333,3.920833333333333,3.3625000000000003,8.3,198.0,96.5,999.025,98.70833333333333,4.4,debesuota
2020-02-02,4.741666666666666,1.9208333333333334,5.495833333333334,14.9,252.0,84.79166666666667,993.3291666666668,89.79166666666667,7.0,nedidelis lietus
2020-02-03,2.058333333333333,-2.066666666666667,4.625,12.3,282.0,89.5,998.4041666666667,85.04166666666667,0.0,debesuota
2020-02-04,0.09583333333333331,-1.375,1.5541666666666665,6.7,38.0,94.45833333333333,1002.2624999999999,79.08333333333333,0.0,debesuota
2020-02-05,-2.9875000000000003,-6.4875,2.7624999999999997,9.1,342.0,23.583333333333332,1018.4208333333332,75.29166666666667,0.0,giedra
2020-02-06,-0.26666666666666666,-4.445833333333334,3.970833333333333,10.1,323.0,66.29166666666667,1014.5875,83.5,3.9,giedra
2020-02-07,-3.4250000000000003,-7.345833333333334,2.9125,8.3,315.0,30.25,1026.4333333333332,70.66666666666667,0.0,giedra
2020-02-08,-0.15,-2.779166666666667,2.6166666666666667,8.9,235.0,99.0,1024.5333333333333,87.20833333333333,0.0,migla
2020-02-09,0.7416666666666667,-3.5625,4.8374999999999995,12.4,187.0,9.458333333333334,1017.2125,78.66666666666667,0.0,giedra
2020-02-10,2.5208333333333335,-2.308333333333333,6.404166666666666,17.4,185.0,75.91666666666667,988.9375,87.79166666666667,8.8,lietus
2020-02-11,1.7750000000000001,-2.35,4.425,9.0,210.0,80.5,988.6166666666667,93.04166666666667,3.0,nedidelis lietus
2020-02-12,1.2791666666666666,-2.970833333333333,4.433333333333334,10.5,225.0,94.0,996.6041666666666,94.79166666666667,7.6,debesuota
2020-02-13,1.6333333333333335,-2.1458333333333335,3.920833333333333,10.6,214.0,91.5,1007.6999999999999,93.125,2.6,nedidelis lietus
2020-02-14,0.1875,-0.6375,1.0416666666666667,4.0,15.0,45.083333333333336,1017.7458333333334,89.66666666666667,0.0,migla
2020-02-15,-1.1541666666666666,-3.9,2.9250000000000003,10.7,195.0,50.21052631578947,1026.1416666666667,91.29166666666667,0.0,debesuota
2020-02-16,2.8541666666666665,-1.3458333333333332,6.6000000000000005,12.6,184.0,83.66666666666667,1015.8208333333333,82.29166666666667,1.5,debesuota
2020-02-17,6.7375,5.875,4.766666666666667,12.2,215.0,65.45833333333333,1008.6458333333334,73.625,0.30000000000000004,debesuota
2020-02-18,3.329166666666667,0.7791666666666667,3.7375000000000003,8.3,202.0,70.125,1011.375,88.41666666666667,3.0,lietus
2020-02-19,3.6291666666666664,0.775,4.229166666666667,9.8,218.0,73.29166666666667,1011.9041666666667,82.33333333333333,0.0,debesuota
2020-02-20,2.433333333333333,0.8833333333333333,1.9666666666666668,5.4,192.0,76.875,1017.5083333333333,85.625,0.0,debesuota
2020-02-21,1.7125000000000001,-2.475,4.7,13.4,169.0,53.916666666666664,1016.7125,87.79166666666667,0.2,migla
2020-02-22,2.8791666666666664,-1.325,6.0125,14.8,194.0,79.54166666666667,1012.6041666666666,89.54166666666667,4.3,nedidelis lietus
2020-02-23,3.1999999999999997,-0.6625,5.016666666666667,13.9,248.0,79.58333333333333,999.7916666666666,77.75,0.2,debesuota
2020-02-24,2.0541666666666667,-0.47500000000000003,3.7583333333333333,11.5,264.0,43.375,1003.8541666666666,77.79166666666667,0.5,giedra
2020-02-25,-0.04999999999999997,-3.4583333333333335,3.0749999999999997,7.7,167.0,85.25,999.0083333333333,97.08333333333333,3.8000000000000003,debesuota
2020-02-26,3.658333333333333,2.0791666666666666,3.0875,9.7,199.0,69.30434782608695,991.9875000000001,86.20833333333333,3.1,debesuota
2020-02-27,1.0166666666666666,-2.470833333333333,3.3666666666666667,10.8,251.0,85.83333333333333,995.7416666666667,84.58333333333333,0.0,debesuota
2020-02-28,0.4666666666666666,-3.5625,4.041666666666667,10.7,261.0,90.875,1003.7624999999999,81.45833333333333,0.30000000000000004,debesuota
2020-02-29,1.8416666666666668,-1.8375000000000001,3.954166666666667,10.8,171.0,91.375,1006.7791666666667,80.75,0.2,debesuota
2020-03-01,4.25,1.5333333333333332,4.558333333333334,11.7,174.0,80.54166666666667,1000.8541666666666,87.66666666666667,1.8,debesuota
2020-03-02,5.295833333333333,3.6291666666666664,3.716666666666667,9.5,168.0,56.458333333333336,1001.0416666666666,84.66666666666667,0.3,migla
2020-03-03,5.720833333333334,5.154166666666667,2.4791666666666665,7.3,125.0,76.43478260869566,1003.2583333333333,87.16666666666667,0.30000000000000004,debesuota
2020-03-04,5.858333333333333,5.591666666666666,2.55,7.2,49.0,94.5,1006.6958333333333,86.75,6.4,debesuota
2020-03-05,2.6958333333333333,1.625,1.7583333333333335,5.4,146.0,73.20833333333333,1008.3166666666666,87.33333333333333,4.7,debesuota
2020-03-06,2.8541666666666665,1.25,2.4833333333333334,7.1,146.0,48.125,1008.025,80.95833333333333,0.0,debesuota
2020-03-07,3.7541666666666664,1.8875,2.2416666666666667,6.1,112.0,96.0,1008.6458333333334,95.33333333333333,1.7,debesuota
2020-03-08,4.829166666666667,4.045833333333333,1.4791666666666667,3.9,227.0,95.30434782608695,1016.1999999999999,98.41666666666667,1.8,migla
2020-03-09,4.2250000000000005,4.083333333333333,1.3541666666666667,5.1,116.0,90.85714285714286,1016.1166666666667,93.58333333333333,0.0,debesuota
2020-03-10,3.5041666666666664,1.6916666666666667,3.0208333333333335,7.3,168.0,74.14285714285714,1010.375,91.41666666666667,0.0,debesuota
2020-03-11,5.304166666666666,3.1166666666666667,5.9750000000000005,18.3,179.0,82.125,998.5541666666667,83.75,6.2,nedidelis lietus
2020-03-12,4.791666666666667,1.7458333333333333,6.495833333333334,20.0,219.0,66.5,999.0041666666666,81.0,12.0,lietus
2020-03-13,4.325,1.4291666666666665,5.2124999999999995,15.8,254.0,73.79166666666667,1002.5791666666668,67.75,0.0,debesuota
2020-03-14,-0.7916666666666666,-6.0375000000000005,5.370833333333334,15.1,303.0,61.666666666666664,1013.0458333333332,72.0,1.7,giedra
2020-03-15,-0.5416666666666666,-4.470833333333333,3.420833333333333,8.3,193.0,1.5833333333333333,1027.4416666666666,58.125,0.0,giedra
2020-03-16,3.766666666666667,1.2416666666666667,4.958333333333333,11.1,187.0,59.666666666666664,1020.9625,50.541666666666664,0.8,debesuota
2020-03-17,4.429166666666666,2.654166666666667,2.8083333333333336,7.1,212.0,56.5,1024.7583333333334,78.16666666666667,0.0,debesuota
2020-03-18,8.133333333333333,7.2625,4.395833333333333,11.5,219.0,79.0,1022.4375,74.5,0.0,debesuota
2020-03-19,6.520833333333333,5.770833333333333,4.491666666666666,11.0,268.0,58.5,1020.1333333333333,71.08333333333333,0.0,debesuota
2020-03-20,3.204166666666666,1.6791666666666665,2.525,7.1,284.0,62.1,1022.9041666666667,78.25,0.0,rūkas
2020-03-21,0.14166666666666664,-3.4583333333333335,3.5208333333333335,11.1,358.0,60.125,1025.2916666666667,65.79166666666667,0.2,debesuota
2020-03-22,-1.2750000000000001,-4.995833333333333,3.6750000000000003,12.0,30.0,25.708333333333332,1035.2833333333333,46.166666666666664,0.0,giedra
2020-03-23,-1.6041666666666667,-3.125,1.5208333333333333,7.7,17.0,0.0,1041.3083333333334,48.083333333333336,0.0,giedra
2020-03-24,-0.8583333333333334,-1.0958333333333334,0.65,4.3,85.0,2.625,1040.6666666666667,52.458333333333336,0.0,giedra
2020-03-25,1.7708333333333333,1.4750000000000003,1.0,4.7,173.0,8.375,1038.9583333333333,50.0,0.0,giedra
2020-03-26,3.8208333333333333,3.5124999999999997,1.1333333333333333,6.1,123.0,0.0,1036.9083333333333,43.041666666666664,0.0,giedra
2020-03-27,6.050000000000001,6.050000000000001,1.4000000000000001,6.9,2.0,12.083333333333334,1030.8458333333333,43.083333333333336,0.0,giedra
2020-03-28,8.2875,8.2875,0.6,4.1,341.0,21.958333333333332,1018.8041666666667,41.166666666666664,0.0,giedra
2020-03-29,2.8333333333333335,0.5541666666666667,3.408333333333333,11.3,3.0,92.95833333333333,1013.3666666666667,68.04166666666667,0.5,debesuota
2020-03-30,-0.9958333333333332,-4.083333333333333,2.9,10.4,333.0,26.708333333333332,1019.4458333333333,45.583333333333336,0.0,giedra
2020-03-31,-0.6458333333333334,-2.5708333333333333,1.9208333333333334,5.9,103.0,58.083333333333336,1022.2916666666666,57.208333333333336,0.0,debesuota
2020-04-01,0.9249999999999999,-3.4125,4.495833333333334,11.5,238.0,95.0,1012.1833333333334,78.95833333333333,0.2,debesuota
2020-04-02,4.45,2.175,4.729166666666667,10.6,212.0,97.0,1004.9458333333333,73.83333333333333,0.4,debesuota
2020-04-03,4.5,1.7625,5.995833333333334,16.4,241.0,75.375,1003.8166666666666,62.375,0.0,debesuota
2020-04-04,3.6666666666666665,1.6125,4.141666666666667,11.2,269.0,43.916666666666664,1021.4666666666667,64.83333333333333,0.0,giedra
2020-04-05,4.208333333333333,3.6041666666666665,2.4625,10.3,294.0,29.833333333333332,1034.0708333333334,71.08333333333333,0.0,giedra
2020-04-06,7.8875,6.9750000000000005,2.1416666666666666,6.2,145.0,0.0,1034.5874999999999,50.041666666666664,0.0,giedra
2020-04-07,12.049999999999999,11.4125,4.295833333333333,10.6,140.0,2.1666666666666665,1029.2208333333333,38.083333333333336,0.0,giedra
2020-04-08,8.770833333333334,8.220833333333333,2.970833333333333,7.8,289.0,4.208333333333333,1027.8833333333334,58.833333333333336,0.0,giedra
2020-04-09,9.283333333333333,8.491666666666667,4.383333333333334,12.6,1.0,58.125,1016.3041666666667,55.583333333333336,0.0,debesuota
2020-04-10,5.4624999999999995,3.9791666666666665,3.4583333333333335,9.4,314.0,21.458333333333332,1021.5375,49.083333333333336,0.0,giedra
2020-04-11,4.0874999999999995,3.0416666666666665,2.5875,9.2,317.0,13.083333333333334,1026.4958333333334,49.125,0.0,giedra
2020-04-12,7.708333333333333,7.1375,4.279166666666667,10.3,207.0,53.916666666666664,1018.8375,37.333333333333336,0.0,debesuota
2020-04-13,6.679166666666667,5.716666666666666,4.604166666666667,13.0,193.0,60.666666666666664,1003.5958333333333,60.333333333333336,1.5,debesuota su pragiedruliais
2020-04-14,1.9041666666666668,-1.4083333333333332,4.420833333333333,11.9,276.0,59.125,1009.9125,74.95833333333333,0.8,giedra
2020-04-15,3.275,1.0666666666666667,4.679166666666666,12.6,238.0,84.625,1009.0208333333334,87.33333333333333,3.0,debesuota
2020-04-16,7.295833333333333,6.875,6.670833333333333,17.5,273.0,59.041666666666664,1004.0375,63.75,0.0,debesuota
2020-04-17,4.370833333333334,2.966666666666667,3.766666666666667,10.9,313.0,55.5,1011.8958333333334,59.666666666666664,0.0,giedra
2020-04-18,4.475,3.125,3.3666666666666667,10.7,316.0,49.291666666666664,1016.8083333333334,58.041666666666664,0.0,debesuota
2020-04-19,3.670833333333333,2.1750000000000003,2.7624999999999997,8.7,302.0,56.583333333333336,1019.2416666666667,64.125,0.0,debesuota
2020-04-20,5.508333333333333,5.045833333333333,1.925,8.7,331.0,79.625,1025.5166666666667,57.708333333333336,0.0,debesuota
2020-04-21,8.5375,8.379166666666666,2.379166666666667,8.0,17.0,48.666666666666664,1026.9208333333333,54.958333333333336,0.0,debesuota
2020-04-22,9.799999999999999,9.554166666666667,2.4458333333333333,8.5,322.0,4.75,1025.075,53.375,0.0,giedra
2020-04-23,10.120833333333334,10.012500000000001,3.15,10.0,314.0,5.25,1017.3125,57.166666666666664,0.0,giedra
2020-04-24,10.229166666666666,10.0625,2.5958333333333337,9.7,252.0,53.416666666666664,1005.1125000000001,56.0,0.0,debesuota
2020-04-25,7.3875,6.9750000000000005,3.033333333333333,12.6,3.0,41.375,1001.0458333333332,50.833333333333336,0.0,giedra
2020-04-26,6.454166666666667,6.25,2.875,9.8,275.0,58.166666666666664,1007.6916666666666,51.125,0.0,debesuota
2020-04-27,8.566666666666666,8.204166666666667,2.441666666666667,8.4,125.0,56.541666666666664,1010.8000000000001,50.0,0.0,debesuota
2020-04-28,13.266666666666666,13.266666666666666,3.9250000000000003,12.6,201.0,81.125,1003.9708333333333,49.875,0.3,debesuota
2020-04-29,6.75,6.75,2.2333333333333334,7.8,13.0,64.95833333333333,1006.7958333333332,65.54166666666667,0.0,debesuota
2020-04-30,8.470833333333333,8.041666666666666,2.1333333333333333,6.6,86.0,19.375,1011.1625,52.458333333333336,0.0,giedra
2020-05-01,10.483333333333333,10.154166666666667,3.608333333333333,9.9,126.0,17.333333333333332,1009.3249999999999,50.375,0.0,giedra
2020-05-02,9.866666666666667,9.866666666666667,1.9458333333333335,6.4,129.0,62.23809523809524,1004.8708333333334,88.95833333333333,11.1,nedidelis lietus
2020-05-03,10.808333333333332,10.808333333333332,1.2333333333333334,8.0,101.0,77.13636363636364,1010.4,81.33333333333333,2.9000000000000004,debesuota
2020-05-04,10.704166666666666,10.704166666666666,1.4166666666666667,5.9,302.0,73.79166666666667,1015.275,68.25,0.0,debesuota
2020-05-05,10.641666666666667,10.641666666666667,1.75,7.0,350.0,68.0,1010.6125000000001,72.875,1.6,debesuota
2020-05-06,10.745833333333332,10.745833333333332,3.4250000000000003,9.8,332.0,75.33333333333333,1006.6125000000001,73.875,6.9,debesuota
2020-05-07,8.8125,8.579166666666667,3.7375000000000003,15.5,320.0,27.291666666666668,1012.2708333333334,51.833333333333336,0.0,giedra
2020-05-08,9.612499999999999,9.483333333333333,1.3625,6.5,143.0,15.208333333333334,1016.3375,56.125,0.0,giedra
2020-05-09,10.933333333333332,10.933333333333332,1.7750000000000001,8.5,283.0,39.833333333333336,1013.5333333333333,65.79166666666667,0.0,giedra
2020-05-10,13.541666666666666,13.541666666666666,1.0666666666666667,5.8,99.0,10.5,1011.2291666666666,56.208333333333336,0.0,giedra
2020-05-11,12.395833333333334,11.725,3.625,10.8,354.0,86.375,1000.0,75.41666666666667,12.7,lietus
2020-05-12,2.495833333333333,-0.4416666666666667,4.1625000000000005,14.0,318.0,72.08333333333333,1007.35,83.04166666666667,8.6,debesuota
2020-05-13,4.583333333333333,3.1125000000000003,3.908333333333333,12.1,192.0,58.666666666666664,1012.5583333333334,82.875,3.3,debesuota
2020-05-14,5.820833333333333,5.4375,1.9124999999999999,7.0,265.0,60.791666666666664,1014.4458333333333,68.41666666666667,0.0,debesuota
2020-05-15,8.633333333333333,8.299999999999999,3.154166666666667,10.0,250.0,38.708333333333336,1014.5749999999999,57.708333333333336,0.0,giedra
2020-05-16,8.729166666666666,8.729166666666666,4.016666666666667,11.9,209.0,75.375,1014.125,72.70833333333333,2.4,debesuota
2020-05-17,9.141666666666667,9.141666666666667,4.558333333333334,13.4,237.0,82.75,1013.5375,74.66666666666667,4.7,debesuota
2020-05-18,8.041666666666666,7.629166666666666,3.454166666666667,11.8,268.0,72.125,1014.2333333333332,76.5,12.8,debesuota
2020-05-19,8.491666666666667,8.391666666666667,1.7625,5.8,83.0,93.5,1013.4958333333334,85.58333333333333,3.1,debesuota
2020-05-20,8.833333333333334,8.766666666666667,3.420833333333333,9.9,311.0,35.541666666666664,1017.1916666666666,63.0,0.0,giedra
2020-05-21,7.091666666666666,6.3500000000000005,4.075,12.5,309.0,62.208333333333336,1018.6625,71.125,0.0,debesuota
2020-05-22,8.766666666666667,8.766666666666667,2.308333333333333,7.5,321.0,68.45833333333333,1021.2916666666666,72.08333333333333,0.6,debesuota
2020-05-23,12.420833333333334,12.345833333333333,1.5958333333333332,5.5,101.0,18.875,1021.5666666666666,51.041666666666664,0.0,giedra
2020-05-24,10.325000000000001,10.325000000000001,1.5041666666666667,6.0,169.0,91.5,1018.3041666666667,81.58333333333333,2.4,debesuota
2020-05-25,11.545833333333334,11.545833333333334,1.5374999999999999,5.8,347.0,55.916666666666664,1023.0541666666667,75.25,0.0,debesuota
2020-05-26,13.387500000000001,13.387500000000001,1.8625,7.7,41.0,30.916666666666668,1028.7749999999999,70.04166666666667,0.3,giedra
2020-05-27,14.995833333333332,14.995833333333332,2.345833333333333,8.5,312.0,16.791666666666668,1026.325,57.625,0.0,giedra
2020-05-28,14.625,14.625,2.5625,7.9,315.0,29.291666666666668,1023.1625,63.083333333333336,0.0,giedra
2020-05-29,13.991666666666667,13.991666666666667,3.7875,11.6,17.0,58.125,1020.1541666666667,54.125,0.0,debesuota
2020-05-30,14.700000000000001,14.700000000000001,4.425,12.8,14.0,90.95833333333333,1013.4666666666667,57.916666666666664,4.4,debesuota
2020-05-31,16.595833333333335,16.595833333333335,4.970833333333333,16.1,21.0,15.333333333333334,1014.9,44.458333333333336,0.0,giedra
2020-06-01,11.879166666666668,11.879166666666668,3.2125,11.0,2.0,27.333333333333332,1018.5875,46.75,0.0,giedra
2020-06-02,12.029166666666667,12.029166666666667,3.9291666666666667,12.9,350.0,49.708333333333336,1011.8958333333334,61.5,0.3,giedra
2020-06-03,11.195833333333333,11.195833333333333,2.2375000000000003,8.2,37.0,78.91666666666667,1006.7916666666666,81.875,6.0,debesuota
2020-06-04,12.620833333333332,12.620833333333332,1.1458333333333333,4.0,170.0,66.0,1001.9583333333334,76.45833333333333,0.0,debesuota
2020-06-05,15.754166666666668,15.754166666666668,3.941666666666667,10.8,145.0,30.375,1000.5875,70.625,6.6,giedra
2020-06-06,17.854166666666668,17.854166666666668,3.975,12.6,234.0,46.583333333333336,1005.4250000000001,69.83333333333333,0.6,giedra
2020-06-07,20.808333333333334,20.795833333333334,3.716666666666667,11.6,139.0,43.916666666666664,1010.6999999999999,65.20833333333333,0.0,debesuota su pragiedruliais
2020-06-08,21.6375,21.675,2.5749999999999997,8.4,163.0,49.208333333333336,1009.7708333333334,75.95833333333333,14.7,giedra
2020-06-09,19.787499999999998,19.787499999999998,1.9166666666666667,7.4,9.0,73.25,1013.5749999999999,87.54166666666667,8.0,debesuota
2020-06-10,20.900000000000002,21.029166666666665,1.6958333333333335,6.1,7.0,53.333333333333336,1011.9875000000001,83.70833333333333,0.6,debesuota su pragiedruliais
2020-06-11,23.383333333333336,23.833333333333332,1.6791666666666665,7.0,4.0,39.333333333333336,1011.4458333333333,76.0,6.0,giedra
2020-06-12,20.895833333333332,20.958333333333332,2.225,7.2,41.0,63.375,1013.7458333333334,80.83333333333333,0.0,debesuota
2020-06-13,17.525000000000002,17.525000000000002,3.6875,11.5,41.0,69.41666666666667,1016.4083333333333,76.45833333333333,0.0,debesuota
2020-06-14,13.629166666666668,13.629166666666668,2.779166666666667,9.8,48.0,79.91666666666667,1015.2083333333334,80.5,0.2,debesuota
2020-06-15,16.099999999999998,16.099999999999998,0.7541666666666668,4.2,38.0,92.375,1013.9666666666667,81.25,0.0,debesuota
2020-06-16,18.866666666666667,18.837500000000002,0.6458333333333334,3.9,289.0,38.25,1014.4250000000001,72.95833333333333,0.0,giedra
2020-06-17,23.879166666666666,23.90416666666667,1.9625000000000001,6.8,6.0,18.375,1012.0041666666666,61.166666666666664,0.0,giedra
2020-06-18,24.03333333333333,24.229166666666668,2.2666666666666666,7.8,124.0,26.25,1010.9333333333334,60.916666666666664,0.0,giedra
2020-06-19,23.258333333333336,23.2625,2.341666666666667,8.7,129.0,23.625,1012.1958333333333,62.708333333333336,0.0,giedra
2020-06-20,22.129166666666666,22.224999999999998,1.8291666666666666,13.6,35.0,52.791666666666664,1012.2791666666667,72.54166666666667,1.1,giedra
2020-06-21,20.39166666666667,20.441666666666666,2.7875,7.9,41.0,67.0,1013.3458333333333,83.25,0.0,debesuota
2020-06-22,20.191666666666666,20.195833333333333,1.6500000000000001,6.7,29.0,46.458333333333336,1014.25,77.66666666666667,0.0,debesuota
2020-06-23,20.474999999999998,20.445833333333333,1.7666666666666666,7.3,25.0,41.375,1017.4458333333333,71.08333333333333,0.0,giedra
2020-06-24,22.183333333333334,22.02916666666667,1.8666666666666665,7.7,34.0,7.916666666666667,1023.7708333333334,54.583333333333336,0.0,giedra
2020-06-25,23.391666666666666,23.079166666666666,1.3791666666666667,6.2,123.0,9.958333333333334,1026.6875,52.208333333333336,0.0,giedra
2020-06-26,24.170833333333334,23.90416666666667,1.55,5.8,110.0,14.125,1023.25,53.958333333333336,0.0,giedra
2020-06-27,21.858333333333334,21.683333333333334,2.8874999999999997,9.2,131.0,30.958333333333332,1014.9333333333334,66.66666666666667,14.2,giedra
2020-06-28,20.254166666666666,20.270833333333332,1.425,6.7,303.0,37.75,1009.85,80.29166666666667,0.0,giedra
2020-06-29,22.395833333333332,22.541666666666668,1.1416666666666666,7.0,103.0,43.5,1007.3000000000001,75.79166666666667,0.6,giedra
2020-06-30,18.133333333333333,18.133333333333333,3.6916666666666664,11.5,258.0,71.66666666666667,1004.7875,74.54166666666667,9.5,debesuota
2020-07-01,18.7625,18.7625,3.4625,12.1,205.0,80.08333333333333,1007.3166666666666,68.33333333333333,0.8,debesuota
2020-07-02,19.866666666666667,19.875,2.6375,9.9,199.0,62.333333333333336,1008.6125000000001,78.91666666666667,1.1,debesuota
2020-07-03,19.204166666666666,19.158333333333335,0.9625,10.9,15.0,65.45833333333333,1012.4666666666667,72.41666666666667,3.1999999999999997,debesuota
2020-07-04,19.125,19.045833333333334,2.345833333333333,6.8,189.0,27.25,1014.6666666666666,69.20833333333333,0.0,giedra
2020-07-05,20.375,20.3625,3.1458333333333335,10.2,186.0,86.375,1010.1166666666667,69.54166666666667,0.2,debesuota
2020-07-06,20.0625,20.066666666666666,1.8291666666666666,6.9,332.0,84.25,1006.6374999999999,78.95833333333333,7.199999999999999,debesuota
2020-07-07,14.820833333333333,14.820833333333333,2.8625000000000003,11.1,259.0,77.5,1011.2875,78.33333333333333,0.0,debesuota
2020-07-08,13.320833333333333,13.320833333333333,2.0083333333333333,8.7,237.0,51.291666666666664,1012.5291666666667,81.91666666666667,4.800000000000001,giedra
2020-07-09,14.049999999999999,14.049999999999999,2.3625000000000003,7.3,220.0,60.75,1015.9916666666667,75.20833333333333,1.1,debesuota
2020-07-10,17.616666666666667,17.629166666666666,3.0541666666666667,9.0,150.0,81.125,1011.475,82.54166666666667,3.0,debesuota
2020-07-11,16.279166666666665,16.279166666666665,3.7416666666666667,11.4,270.0,86.83333333333333,1016.5291666666667,74.45833333333333,0.0,debesuota
2020-07-12,14.433333333333332,14.433333333333332,2.75,8.7,280.0,60.625,1020.7083333333334,74.04166666666667,0.6,debesuota
2020-07-13,14.637500000000001,14.637500000000001,2.2291666666666665,7.4,297.0,25.666666666666668,1019.0375,69.83333333333333,0.0,giedra
2020-07-14,15.4375,15.4375,1.8,6.3,299.0,22.0,1017.0041666666666,69.0,0.0,giedra
2020-07-15,17.099999999999998,17.099999999999998,1.5,6.6,14.0,16.25,1013.7208333333333,63.833333333333336,0.0,giedra
2020-07-16,18.787499999999998,18.6375,0.8624999999999999,4.3,3.0,5.25,1012.475,55.708333333333336,0.0,giedra
2020-07-17,19.7,19.520833333333332,1.2333333333333334,6.8,24.0,7.375,1016.4166666666666,56.125,0.0,giedra
2020-07-18,21.320833333333333,21.095833333333335,0.7583333333333333,4.7,62.0,23.583333333333332,1020.1791666666667,52.875,0.0,giedra
2020-07-19,21.954166666666666,21.741666666666664,1.0625,5.1,100.0,42.5,1018.375,53.333333333333336,0.0,debesuota
2020-07-20,21.087500000000002,20.962500000000002,1.4375,6.1,108.0,47.083333333333336,1013.8791666666666,64.04166666666667,8.1,giedra
2020-07-21,17.2,17.2,3.908333333333333,11.1,291.0,59.125,1013.8708333333334,71.375,1.7999999999999998,debesuota
2020-07-22,13.433333333333332,13.433333333333332,4.170833333333333,14.5,273.0,45.041666666666664,1014.6666666666666,78.70833333333333,2.8,giedra
2020-07-23,12.4125,12.4125,2.7916666666666665,11.8,238.0,48.208333333333336,1013.7541666666666,83.20833333333333,5.9,mažai debesuota
2020-07-24,15.320833333333333,15.320833333333333,2.0166666666666666,7.9,170.0,48.75,1012.275,65.20833333333333,0.0,debesuota
2020-07-25,18.066666666666666,18.0,2.1666666666666665,8.5,137.0,42.958333333333336,1011.625,68.125,0.4,giedra
2020-07-26,20.033333333333335,19.916666666666668,1.1583333333333334,6.2,74.0,12.166666666666666,1015.5708333333333,63.458333333333336,0.0,giedra
2020-07-27,21.583333333333332,21.525000000000002,1.1458333333333333,5.2,89.0,44.416666666666664,1015.8416666666667,70.83333333333333,21.400000000000002,giedra
2020-07-28,21.125,21.170833333333334,1.675,7.2,170.0,59.125,1012.6583333333333,77.33333333333333,0.0,debesuota
2020-07-29,19.079166666666666,19.058333333333334,3.4125,11.2,278.0,65.95833333333333,1012.6791666666667,70.04166666666667,1.8,debesuota
2020-07-30,15.641666666666666,15.641666666666666,3.9583333333333335,13.5,256.0,72.29166666666667,1015.0166666666668,69.625,0.0,debesuota
2020-07-31,14.725,14.725,2.9375,7.7,252.0,90.5,1011.8958333333334,90.08333333333333,2.8000000000000003,debesuota
2020-08-01,16.354166666666668,16.354166666666668,2.120833333333333,9.1,302.0,50.791666666666664,1013.8916666666668,76.25,0.2,debesuota
2020-08-02,17.325,17.2625,0.6541666666666667,5.2,7.0,9.458333333333334,1014.2125,65.75,0.0,giedra
2020-08-03,20.495833333333334,20.329166666666666,2.7291666666666665,7.3,145.0,61.25,1011.2375000000001,56.5,0.0,debesuota
2020-08-04,19.400000000000002,19.383333333333333,2.0,8.9,176.0,90.0,1010.0625,74.79166666666667,11.4,debesuota
2020-08-05,18.51666666666667,18.51666666666667,2.0166666666666666,6.1,305.0,41.791666666666664,1018.7041666666668,74.08333333333333,0.0,giedra
2020-08-06,19.3875,19.245833333333334,1.2208333333333334,4.8,342.0,0.0,1025.8416666666667,60.708333333333336,0.0,giedra
2020-08-07,22.308333333333334,22.241666666666664,1.0583333333333333,7.7,32.0,2.625,1027.0375,61.041666666666664,0.0,giedra
2020-08-08,22.933333333333334,22.945833333333336,1.0041666666666667,5.7,16.0,16.208333333333332,1023.7083333333334,62.166666666666664,0.0,giedra
2020-08-09,21.65833333333333,21.6875,1.0791666666666668,9.5,10.0,16.875,1019.975,69.66666666666667,0.3,giedra
2020-08-10,22.337500000000002,22.395833333333332,1.7,7.9,318.0,4.25,1018.5666666666666,66.29166666666667,0.0,giedra
2020-08-11,17.7,17.7,2.3291666666666666,9.1,351.0,7.333333333333333,1020.65,62.125,0.0,giedra
2020-08-12,15.012500000000001,15.012500000000001,1.0791666666666666,6.1,9.0,35.625,1022.3041666666667,65.54166666666667,0.0,giedra
2020-08-13,15.904166666666667,15.904166666666667,1.0291666666666666,4.7,11.0,45.125,1019.4499999999999,63.291666666666664,0.0,debesuota
2020-08-14,17.870833333333334,17.766666666666666,1.8416666666666668,5.0,166.0,57.541666666666664,1018.125,58.583333333333336,0.0,debesuota su pragiedruliais
2020-08-15,20.35,20.212500000000002,1.6833333333333333,6.6,130.0,16.25,1017.5833333333334,56.541666666666664,0.0,giedra
2020-08-16,21.670833333333334,21.433333333333334,1.3833333333333335,6.8,285.0,0.5416666666666666,1016.625,56.25,0.0,giedra
2020-08-17,21.883333333333336,21.65416666666667,1.2666666666666668,5.4,3.0,17.291666666666668,1014.1,54.375,0.0,giedra
2020-08-18,20.120833333333334,20.058333333333334,2.154166666666667,7.8,49.0,75.41666666666667,1009.5916666666667,59.083333333333336,0.0,debesuota
2020-08-19,19.504166666666666,19.504166666666666,1.7833333333333332,7.7,47.0,77.91666666666667,1007.6458333333334,79.33333333333333,0.7,debesuota
2020-08-20,18.912499999999998,18.912499999999998,1.075,5.6,71.0,91.0,1011.8583333333332,79.91666666666667,0.0,debesuota
2020-08-21,20.4375,20.416666666666668,1.3499999999999999,5.2,13.0,27.291666666666668,1016.1875,73.125,0.0,giedra
2020-08-22,19.241666666666667,19.254166666666666,3.625,9.0,141.0,70.45833333333333,1015.9541666666668,78.75,0.0,debesuota
2020-08-23,20.191666666666666,20.2375,1.7874999999999999,9.5,278.0,83.125,1011.2291666666666,80.91666666666667,1.7000000000000002,debesuota
2020-08-24,18.570833333333333,18.474999999999998,1.7458333333333333,8.1,275.0,41.416666666666664,1011.7041666666668,69.875,0.0,debesuota su pragiedruliais
2020-08-25,14.875,14.875,1.7416666666666665,12.4,111.0,59.125,1010.5458333333332,86.45833333333333,5.9,debesuota
2020-08-26,13.841666666666667,13.841666666666667,2.25,9.4,164.0,87.94117647058823,1006.5124999999999,91.20833333333333,4.699999999999999,rūkas
2020-08-27,15.708333333333334,15.708333333333334,2.0458333333333334,5.3,214.0,88.91666666666667,1002.25,95.04166666666667,5.6,debesuota
2020-08-28,14.683333333333332,14.683333333333332,1.5333333333333332,5.4,6.0,43.916666666666664,1009.3958333333334,76.79166666666667,0.0,giedra
2020-08-29,14.504166666666668,14.504166666666668,2.5416666666666665,8.9,152.0,72.125,1009.6125000000001,91.83333333333333,0.4,debesuota
2020-08-30,14.987499999999999,14.987499999999999,1.1624999999999999,4.7,3.0,83.3157894736842,1010.6916666666666,98.0,38.599999999999994,rūkas
2020-08-31,13.700000000000001,13.700000000000001,1.5458333333333334,6.5,34.0,79.9047619047619,1008.7458333333334,98.83333333333333,7.8,nedidelis lietus
2020-09-01,12.579166666666666,12.579166666666666,1.5333333333333332,7.7,47.0,91.41176470588235,1017.3874999999999,91.54166666666667,0.0,debesuota
2020-09-02,15.191666666666668,15.191666666666668,1.9041666666666668,7.9,86.0,84.16666666666667,1016.2666666666668,93.0,0.0,debesuota
2020-09-03,16.3,16.3,2.8083333333333336,8.0,219.0,33.0,1019.1374999999999,73.83333333333333,0.0,giedra
2020-09-04,16.133333333333333,16.133333333333333,2.25,7.9,219.0,60.54545454545455,1019.9708333333333,75.66666666666667,0.0,debesuota
2020-09-05,17.629166666666666,17.629166666666666,2.5749999999999997,7.8,171.0,66.875,1015.8249999999999,78.20833333333333,1.9,debesuota
2020-09-06,15.4375,15.4375,1.8583333333333334,6.3,198.0,59.708333333333336,1015.1458333333334,85.25,7.5,debesuota
2020-09-07,11.670833333333334,11.670833333333334,1.8166666666666667,6.1,234.0,55.0,1019.6999999999999,87.41666666666667,0.0,debesuota
2020-09-08,12.508333333333333,12.508333333333333,3.9416666666666664,9.8,219.0,76.41666666666667,1018.8583333333332,88.16666666666667,0.4,debesuota
2020-09-09,16.412499999999998,16.412499999999998,3.9375,9.7,237.0,59.625,1015.7458333333334,77.125,0.0,debesuota su pragiedruliais
2020-09-10,14.483333333333334,14.483333333333334,4.7250000000000005,14.0,276.0,47.208333333333336,1012.1458333333334,75.29166666666667,1.3,giedra
2020-09-11,11.083333333333334,11.083333333333334,1.6875,7.5,136.0,37.65,1020.4958333333334,80.125,0.0,giedra
2020-09-12,14.674999999999999,14.674999999999999,2.9458333333333333,9.0,189.0,37.666666666666664,1020.1083333333332,71.20833333333333,0.0,giedra
2020-09-13,15.141666666666666,15.141666666666666,3.9250000000000003,10.6,213.0,44.0,1020.7624999999999,74.54166666666667,0.0,mažai debesuota
2020-09-14,15.225,15.225,2.966666666666667,6.9,268.0,97.0,1024.7958333333333,88.91666666666667,0.0,debesuota
2020-09-15,17.908333333333335,17.883333333333333,2.0708333333333333,6.4,117.0,29.25,1025.2291666666667,79.75,0.0,giedra
2020-09-16,19.4375,19.408333333333335,3.108333333333333,9.5,197.0,1.0833333333333333,1016.5083333333333,73.83333333333333,0.0,giedra
2020-09-17,12.145833333333334,12.145833333333334,5.4750000000000005,14.1,299.0,82.70833333333333,1014.975,82.625,2.9,debesuota
2020-09-18,11.058333333333332,11.058333333333332,4.391666666666667,11.3,297.0,39.291666666666664,1022.1374999999999,71.33333333333333,0.0,giedra
2020-09-19,12.208333333333334,12.208333333333334,1.8666666666666665,6.6,268.0,37.125,1022.6958333333333,86.375,0.0,giedra
2020-09-20,10.116666666666667,10.116666666666667,0.5750000000000001,3.5,138.0,0.0,1024.0916666666667,80.95833333333333,0.0,giedra
2020-09-21,12.362499999999999,12.362499999999999,1.9833333333333334,7.8,161.0,7.875,1020.7125,79.91666666666667,0.0,giedra
2020-09-22,14.770833333333334,14.75,2.3208333333333333,7.2,217.0,0.0,1016.225,76.20833333333333,0.0,giedra
2020-09-23,16.516666666666666,16.45,2.8083333333333336,7.4,140.0,0.5416666666666666,1011.8041666666667,73.125,0.0,giedra
2020-09-24,16.920833333333334,16.8875,3.3708333333333336,10.0,144.0,25.166666666666668,1009.6374999999999,65.20833333333333,0.0,giedra
2020-09-25,18.2,18.150000000000002,2.9499999999999997,8.0,130.0,12.583333333333334,1006.6583333333333,64.0,0.0,giedra
2020-09-26,19.833333333333332,19.766666666666666,3.9875000000000003,12.1,121.0,4.708333333333333,1004.1833333333334,60.541666666666664,0.0,giedra
2020-09-27,17.3,17.283333333333335,3.5875,12.2,97.0,53.25,1008.1333333333333,68.41666666666667,0.4,giedra
2020-09-28,11.695833333333333,11.695833333333333,1.7916666666666667,7.2,247.0,56.416666666666664,1017.4625,82.375,0.0,debesuota
2020-09-29,11.245833333333332,11.245833333333332,1.4291666666666665,6.1,47.0,22.0,1018.1041666666666,81.83333333333333,0.0,giedra
2020-09-30,12.8125,12.8125,2.4125,6.8,29.0,58.583333333333336,1014.0666666666666,83.125,0.0,debesuota
2020-10-01,13.633333333333333,13.633333333333333,2.6083333333333334,8.6,58.0,56.0,1012.35,68.875,0.0,debesuota
2020-10-02,12.854166666666666,12.854166666666666,2.841666666666667,8.8,120.0,72.25,1014.8916666666668,77.20833333333333,0.2,debesuota
2020-10-03,13.183333333333332,13.183333333333332,4.108333333333333,10.4,118.0,93.5,1014.6,92.45833333333333,1.4000000000000001,migla
2020-10-04,17.8125,17.8125,5.55,16.5,143.0,49.791666666666664,1009.9166666666666,78.125,0.0,debesuota
2020-10-05,15.2125,15.2125,3.7083333333333335,10.4,139.0,73.66666666666667,1013.3249999999999,93.29166666666667,1.1,debesuota
2020-10-06,13.65,13.65,3.783333333333333,13.9,151.0,38.208333333333336,1010.5666666666666,81.08333333333333,0.0,giedra
2020-10-07,12.020833333333334,12.020833333333334,1.9749999999999999,7.1,120.0,30.416666666666668,1012.1625,91.58333333333333,0.0,giedra
2020-10-08,11.408333333333333,11.408333333333333,1.1083333333333334,3.9,151.0,89.88888888888889,1017.9333333333334,97.79166666666667,1.3,rūkas
2020-10-09,11.25,11.25,2.1916666666666664,7.5,189.0,84.20833333333333,1018.2375000000001,92.58333333333333,0.0,debesuota
2020-10-10,12.200000000000001,12.200000000000001,2.0208333333333335,6.5,154.0,89.15789473684211,1019.0625,89.58333333333333,0.0,debesuota
2020-10-11,11.1875,11.1875,1.0708333333333333,4.7,320.0,94.26086956521739,1016.3874999999999,98.54166666666667,4.7,migla
2020-10-12,10.1625,10.1625,1.2874999999999999,5.2,317.0,92.875,1015.8458333333333,94.08333333333333,7.3,nedidelis lietus
2020-10-13,7.741666666666667,7.741666666666667,3.079166666666667,9.3,37.0,98.0,1012.725,98.70833333333333,11.7,nedidelis lietus
2020-10-14,9.116666666666667,9.116666666666667,2.8791666666666664,11.9,48.0,80.33333333333333,1008.0166666666668,98.79166666666667,5.7,migla
2020-10-15,7.641666666666667,7.583333333333333,0.625,4.4,290.0,75.83333333333333,1012.2624999999999,91.20833333333333,0.0,debesuota
2020-10-16,6.2,6.104166666666667,1.6208333333333333,6.3,356.0,95.0,1017.5916666666667,88.20833333333333,0.0,debesuota
2020-10-17,4.3875,4.05,1.1,6.2,49.0,94.0,1016.3833333333333,86.875,0.0,debesuota
2020-10-18,4.358333333333333,3.329166666666667,2.85,11.6,226.0,69.54166666666667,1007.4958333333334,91.41666666666667,2.6,debesuota
2020-10-19,4.55,2.8041666666666667,3.7083333333333335,13.3,239.0,36.875,1015.4291666666667,85.04166666666667,0.0,mažai debesuota
2020-10-20,5.241666666666666,4.095833333333333,2.404166666666667,5.4,173.0,60.708333333333336,1022.1583333333333,87.25,0.0,debesuota
2020-10-21,7.354166666666667,7.354166666666667,3.4375,8.1,173.0,94.0,1014.5124999999999,93.58333333333333,2.8,debesuota
2020-10-22,11.779166666666667,11.779166666666667,4.554166666666666,12.0,215.0,56.583333333333336,1010.1166666666667,85.70833333333333,0.6,debesuota
2020-10-23,11.195833333333333,11.195833333333333,3.3333333333333335,11.7,198.0,60.708333333333336,1010.0291666666667,87.41666666666667,0.0,debesuota
2020-10-24,8.9625,8.9625,1.8458333333333332,6.0,222.0,82.625,1011.0500000000001,97.875,4.2,migla
2020-10-25,9.5,9.5,2.341666666666667,6.9,146.0,67.6086956521739,1016.1875,95.41666666666667,0.0,migla
2020-10-26,10.483333333333333,10.483333333333333,4.5874999999999995,9.3,148.0,93.5,1013.7833333333333,92.29166666666667,0.0,debesuota
2020-10-27,12.254166666666668,12.254166666666668,4.508333333333334,10.0,153.0,90.5,1012.9166666666666,89.75,0.0,debesuota
2020-10-28,10.799999999999999,10.799999999999999,3.2458333333333336,7.6,179.0,95.5,1015.2416666666667,97.70833333333333,0.0,migla
2020-10-29,9.683333333333334,9.683333333333334,2.433333333333333,5.8,181.0,91.83333333333333,1013.0458333333332,98.66666666666667,1.4,migla
2020-10-30,7.829166666666667,7.829166666666667,1.9916666666666665,5.6,186.0,91.5,1014.8583333333332,96.04166666666667,1.9,debesuota
2020-10-31,7.891666666666667,7.891666666666667,0.9125,5.1,1.0,98.0,1022.4791666666666,97.33333333333333,0.0,debesuota
2020-11-01,7.704166666666667,7.704166666666667,0.775,4.5,65.0,98.5,1022.5333333333333,88.33333333333333,0.0,debesuota
2020-11-02,7.141666666666667,6.708333333333333,3.525,8.9,160.0,75.20833333333333,1017.0833333333334,84.25,0.0,debesuota
2020-11-03,8.133333333333333,8.133333333333333,2.5833333333333335,7.8,169.0,91.35,1019.7375000000001,99.0,2.8,migla
2020-11-04,7.166666666666667,7.166666666666667,1.6208333333333333,6.0,150.0,78.82352941176471,1026.075,98.91666666666667,2.5,rūkas
2020-11-05,6.358333333333333,6.358333333333333,3.8166666666666664,8.9,230.0,90.79166666666667,1025.9333333333334,97.16666666666667,0.30000000000000004,debesuota
2020-11-06,9.204166666666667,9.204166666666667,3.6458333333333335,8.9,262.0,83.54166666666667,1023.9083333333333,95.29166666666667,1.1,debesuota
2020-11-07,8.924999999999999,8.924999999999999,3.4458333333333333,7.6,236.0,99.45454545454545,1027.7,98.29166666666667,0.2,debesuota
2020-11-08,6.970833333333334,6.970833333333334,2.7125,7.0,253.0,91.875,1024.9791666666667,97.125,0.1,migla
2020-11-09,1.0708333333333333,0.9249999999999999,0.65,2.9,166.0,11.0,1031.8416666666667,97.54166666666667,0.0,rūkas
2020-11-10,1.5,1.5,0.42083333333333334,2.6,85.0,67.66666666666667,1034.675,99.0,0.0,rūkas
2020-11-11,3.6041666666666665,2.9791666666666665,1.2041666666666666,4.0,156.0,88.95,1033.5583333333334,93.54166666666667,0.0,debesuota
2020-11-12,3.4625,0.8416666666666667,2.7916666666666665,5.7,137.0,98.0,1029.4958333333334,89.54166666666667,0.0,debesuota
2020-11-13,2.475,-0.5708333333333333,3.1,7.3,132.0,95.5,1025.825,96.79166666666667,1.2000000000000002,nedidelis lietus
2020-11-14,2.3874999999999997,1.6416666666666666,1.2333333333333334,3.9,113.0,97.47368421052632,1022.2583333333333,99.0,0.5,migla
2020-11-15,3.954166666666667,1.6375,3.1791666666666667,8.6,142.0,97.6,1022.5583333333334,97.33333333333333,0.0,debesuota
2020-11-16,3.2416666666666667,-1.05,5.404166666666666,11.9,145.0,100.0,1021.4,96.20833333333333,0.2,debesuota
2020-11-17,2.8333333333333335,-1.0791666666666666,4.495833333333334,8.7,156.0,99.5,1024.6375,99.0,2.3,nedidelis lietus
2020-11-18,7.4375,6.9624999999999995,4.829166666666667,9.9,214.0,96.8695652173913,1024.3791666666666,98.875,7.6,nedidelis lietus
2020-11-19,7.479166666666667,7.479166666666667,6.1625000000000005,13.1,186.0,86.25,1013.2083333333334,92.5,1.2,debesuota
2020-11-20,2.6,-0.6583333333333333,3.704166666666667,11.6,244.0,46.666666666666664,1019.475,86.66666666666667,0.3,debesuota
2020-11-21,0.04583333333333331,-3.345833333333333,3.5541666666666667,11.4,197.0,78.0,1028.6916666666666,93.75,0.0,debesuota
2020-11-22,2.4125,-1.95,5.375,11.2,213.0,93.91666666666667,1014.975,97.75,6.5,nedidelis lietus
2020-11-23,5.066666666666666,4.070833333333334,4.495833333333334,10.4,239.0,94.5,1013.4416666666666,92.33333333333333,0.8,debesuota
2020-11-24,4.295833333333333,1.883333333333333,4.091666666666667,8.9,245.0,72.625,1018.0958333333333,96.0,4.0,nedidelis lietus
2020-11-25,6.129166666666666,5.7375,3.4458333333333333,9.7,218.0,97.5,1019.3708333333334,99.0,0.8,lietus
2020-11-26,0.3666666666666667,-3.516666666666667,3.579166666666667,8.0,217.0,89.75,1017.4125,98.625,0.0,migla
2020-11-27,1.8041666666666665,-1.2791666666666666,3.233333333333333,10.7,208.0,93.5,1012.7791666666667,97.66666666666667,4.3,lietus
2020-11-28,-0.14166666666666666,-2.5708333333333333,2.0416666666666665,5.5,332.0,94.41666666666667,1019.3541666666666,98.58333333333333,2.0,debesuota
2020-11-29,-0.004166666666666675,-2.6041666666666665,2.225,6.6,330.0,95.0,1020.9333333333334,96.70833333333333,2.9,nedidelis sniegas
2020-11-30,-0.4708333333333334,-3.7624999999999997,2.9125,9.3,190.0,96.0,1021.6999999999999,98.33333333333333,0.7,debesuota
2020-12-01,-0.7857142857142857,-4.071428571428571,2.506666666666667,5.4,180.0,95.5,1026.1142857142856,95.71428571428571,0.0,migla
2020-12-02,-2.933333333333333,-4.522222222222222,1.5,3.8,140.0,,1028.5055555555555,90.94444444444444,0.0,
2020-12-03,-0.7041666666666666,-5.308333333333334,4.558333333333334,13.3,148.0,,1021.1708333333332,89.79166666666667,0.0,
2020-12-04,1.175,-4.520833333333333,7.3,13.7,144.0,,1016.0833333333334,90.33333333333333,0.0,
2020-12-05,2.5625,-2.466666666666667,6.629166666666666,13.0,140.0,,1020.2791666666667,93.83333333333333,0.0,
2020-12-06,0.75,-4.945833333333334,7.0249999999999995,13.4,138.0,,1025.5249999999999,76.625,0.0,
2020-12-07,-2.8041666666666667,-8.575000000000001,5.6695652173913045,12.2,130.0,6.769230769230769,1025.925,50.34782608695652,0.0,giedra
2020-12-08,-5.375,-11.995833333333332,5.620833333333334,11.8,134.0,74.04166666666667,1025.9624999999999,74.375,0.0,debesuota
2020-12-09,-5.070833333333334,-10.466666666666667,4.016666666666667,9.7,119.0,62.125,1026.2166666666667,74.91666666666667,0.0,debesuota
2020-12-10,-3.4875000000000003,-8.041666666666666,3.420833333333333,7.7,105.0,86.5,1020.3458333333333,79.70833333333333,1.6,debesuota
2020-12-11,0.004166666666666667,-4.104166666666667,3.8000000000000003,8.8,127.0,99.0,1015.35,94.125,0.2,debesuota
2020-12-12,-2.6750000000000003,-7.7,4.2625,9.6,119.0,100.0,1015.5791666666668,85.25,0.0,debesuota
2020-12-13,-2.441666666666667,-4.929166666666666,2.0083333333333333,5.3,122.0,100.0,1017.3583333333332,91.375,1.4000000000000001,nedidelis sniegas
2020-12-14,-1.0999999999999999,-2.091666666666667,1.3208333333333333,3.4,210.0,100.0,1019.8874999999999,95.625,0.0,migla
2020-12-15,-1.1708333333333334,-4.791666666666667,3.404166666666667,8.9,160.0,100.0,1022.7291666666666,92.45833333333333,0.0,debesuota
2020-12-16,0.06666666666666667,-3.6458333333333335,3.6208333333333336,9.2,187.0,100.0,1020.8208333333333,98.08333333333333,0.4,migla
2020-12-17,2.370833333333333,0.5125000000000001,2.0625,6.6,187.0,100.0,1026.4458333333334,97.375,0.0,migla
2020-12-18,1.8,-1.1916666666666667,2.904166666666667,6.6,193.0,100.0,1024.1333333333334,98.54166666666667,2.2,rūkas
2020-12-19,2.5166666666666666,0.01666666666666668,2.4625,5.3,203.0,100.0,1026.6041666666667,99.41666666666667,0.0,migla
2020-12-20,0.3125,-3.779166666666667,3.85,7.4,176.0,100.0,1029.2291666666667,98.04166666666667,0.0,migla
2020-12-21,-0.19999999999999998,-5.05,4.854166666666667,11.4,173.0,100.0,1028.0625,91.41666666666667,0.30000000000000004,debesuota
2020-12-22,0.09583333333333334,-4.929166666666666,5.266666666666667,10.7,150.0,100.0,1018.4833333333332,93.375,2.6,šlapdriba
2020-12-23,2.25,-0.3833333333333333,2.6869565217391305,8.1,164.0,100.0,1011.0583333333334,95.41666666666667,2.7,debesuota
2020-12-24,2.433333333333333,-0.17083333333333342,3.108333333333333,9.2,132.0,98.36363636363636,1003.5124999999999,93.375,3.4,debesuota
2020-12-25,0.875,-2.9416666666666664,3.7416666666666667,10.0,308.0,98.5,1004.2041666666668,92.29166666666667,1.0,debesuota
2020-12-26,-0.42083333333333334,-3.7125,2.8208333333333333,6.8,253.0,96.5,1012.3000000000001,91.04166666666667,0.7000000000000001,debesuota
2020-12-27,-1.5083333333333335,-6.741666666666667,5.104166666666667,12.5,143.0,36.125,1016.3666666666667,82.66666666666667,0.0,giedra
2020-12-28,0.875,-4.829166666666667,7.125,13.9,136.0,95.33333333333333,1006.6166666666667,84.45833333333333,0.8,debesuota
2020-12-29,2.7541666666666664,-1.6875,5.545833333333333,15.3,122.0,90.16666666666667,999.5833333333334,92.29166666666667,3.9,debesuota
2020-12-30,3.252173913043478,0.5173913043478261,3.260869565217391,8.4,133.0,66.47826086956522,1006.7565217391304,88.6086956521739,2.1,debesuota
2020-12-31,1.2375,0.045833333333333316,1.5391304347826087,4.8,198.0,91.47826086956522,1009.6999999999999,97.58333333333333,0.1,rūkas
2021-01-01,-0.7791666666666667,-3.704166666666667,2.6374999999999997,7.9,250.0,99.42857142857143,1009.8874999999999,98.95833333333333,1.8,rūkas
2021-01-02,-1.3666666666666665,-3.85,2.1333333333333333,5.9,195.0,100.0,1018.2958333333332,97.41666666666667,0.30000000000000004,migla
2021-01-03,0.03333333333333333,-2.158333333333333,1.9666666666666668,5.3,52.0,100.0,1022.1666666666666,98.41666666666667,0.0,migla
2021-01-04,0.03333333333333333,-2.283333333333333,1.9625000000000001,5.4,42.0,100.0,1021.6333333333333,100.0,0.0,rūkas
2021-01-05,0.9375,-2.441666666666667,3.1374999999999997,9.5,51.0,100.0,1019.6416666666668,96.79166666666667,0.5,migla
2021-01-06,-0.45416666666666666,-3.783333333333333,2.783333333333333,8.1,93.0,99.5,1016.6666666666666,92.66666666666667,1.3,nedidelis sniegas
2021-01-07,-0.11666666666666665,-2.0124999999999997,1.8791666666666667,6.1,114.0,100.0,1011.6458333333334,97.29166666666667,7.4,nedidelis sniegas
2021-01-08,-1.5625,-1.6416666666666666,0.9874999999999999,2.8,271.0,99.5,1011.1416666666668,97.04166666666667,7.0,nedidelis sniegas
2021-01-09,-3.2624999999999997,-4.070833333333334,1.2208333333333334,3.9,303.0,100.0,1015.1708333333332,95.54166666666667,1.4000000000000001,nedidelis sniegas
2021-01-10,-4.383333333333334,-6.241666666666667,1.6125,5.0,201.0,100.0,1021.8000000000001,93.75,0.0,migla
2021-01-11,-2.6083333333333334,-6.8625,3.35,7.5,166.0,100.0,1018.6458333333334,93.79166666666667,0.5,debesuota
2021-01-12,-2.2916666666666665,-8.1,5.579166666666667,11.3,158.0,93.0,1008.4208333333332,89.0,0.0,debesuota
2021-01-13,-1.5958333333333332,-5.625,3.3958333333333335,8.9,113.0,99.5,1004.1416666666668,92.54166666666667,4.2,nedidelis sniegas
2021-01-14,-6.908333333333334,-10.950000000000001,2.345833333333333,8.0,50.0,97.5,1009.6791666666667,85.375,0.1,nedidelis sniegas
2021-01-15,-13.4,-18.962500000000002,2.620833333333333,7.4,316.0,59.458333333333336,1015.1666666666666,81.04166666666667,0.1,nedidelis sniegas
2021-01-16,-18.354166666666668,-20.370833333333334,1.4375,4.6,79.0,53.833333333333336,1016.6125000000001,82.41666666666667,0.2,migla
2021-01-17,-20.179166666666667,-23.675,1.5958333333333332,3.8,323.0,35.0,1021.6041666666666,82.08333333333333,0.1,migla
2021-01-18,-15.741666666666667,-17.208333333333332,1.3208333333333333,3.8,157.0,97.5,1022.0791666666668,84.54166666666667,0.0,nedidelis sniegas
2021-01-19,-13.137500000000001,-18.929166666666667,2.8166666666666664,6.3,153.0,49.0,1018.6333333333333,82.125,0.0,migla
2021-01-20,-10.008333333333333,-17.441666666666666,5.120833333333334,10.2,144.0,93.25,1012.2083333333334,81.54166666666667,1.2000000000000002,nedidelis sniegas
2021-01-21,0.48750000000000004,-3.920833333333333,4.391666666666667,8.6,167.0,86.16666666666667,1005.2166666666667,92.54166666666667,0.1,migla
2021-01-22,0.46249999999999997,-3.6166666666666667,3.9,8.0,152.0,67.91666666666667,1001.4083333333333,93.66666666666667,0.0,migla
2021-01-23,1.6166666666666665,-1.5666666666666667,3.1833333333333336,8.3,148.0,85.06666666666666,1001.6458333333334,96.08333333333333,0.0,rūkas
2021-01-24,1.3041666666666667,-2.6666666666666665,4.020833333333333,8.7,141.0,91.75,997.2541666666666,94.375,2.3,nedidelis lietus
2021-01-25,0.4708333333333334,-2.4375,2.766666666666667,9.2,197.0,99.5,998.8791666666666,95.08333333333333,8.5,debesuota
2021-01-26,-0.4583333333333333,-5.5125,5.1499999999999995,11.5,303.0,100.0,994.2208333333333,98.0,15.6,sniegas
2021-01-27,-0.14583333333333334,-4.7375,4.433333333333334,10.2,254.0,99.5,1002.2666666666668,94.41666666666667,3.9000000000000004,nedidelis sniegas
2021-01-28,-3.3874999999999997,-5.675,1.9083333333333332,6.0,300.0,92.20833333333333,1003.7583333333333,82.58333333333333,0.0,debesuota
2021-01-29,-4.3,-7.570833333333333,2.670833333333333,7.6,128.0,98.5,993.8833333333333,89.25,1.2000000000000002,nedidelis sniegas
2021-01-30,-3.779166666666667,-7.7375,2.7624999999999997,6.6,235.0,95.5,994.1,91.375,0.2,nedidelis sniegas
2021-01-31,-3.125,-7.904166666666668,3.795833333333333,8.1,248.0,97.5,1000.2458333333334,87.75,0.0,nedidelis sniegas
2021-02-01,-6.3500000000000005,-10.791666666666666,2.9,8.1,193.0,77.79166666666667,1008.4499999999999,87.66666666666667,0.0,migla
2021-02-02,-6.3,-12.012500000000001,4.358333333333333,10.9,141.0,89.20833333333333,1009.1875,89.16666666666667,1.3,nedidelis sniegas
2021-02-03,-1.7708333333333333,-3.4458333333333333,1.7375,5.6,200.0,90.20833333333333,1005.4208333333332,93.83333333333333,0.1,migla
2021-02-04,-6.020833333333333,-10.579166666666667,2.9625,9.5,48.0,98.5,1009.1708333333332,84.54166666666667,0.9,nedidelis sniegas
2021-02-05,-8.891666666666667,-12.729166666666666,2.1999999999999997,6.2,285.0,71.04166666666667,1019.7208333333333,87.04166666666667,0.0,nedidelis sniegas
2021-02-06,-15.195833333333333,-18.370833333333334,1.6833333333333333,4.8,311.0,48.541666666666664,1023.6166666666667,83.20833333333333,0.0,nedidelis sniegas
2021-02-07,-18.170833333333334,-18.516666666666666,0.9291666666666667,2.6,32.0,62.78260869565217,1025.5083333333334,83.91666666666667,0.0,migla
2021-02-08,-13.237499999999999,-18.741666666666667,2.975,9.5,77.0,78.79166666666667,1018.5458333333332,79.25,1.2,debesuota
2021-02-09,-9.8125,-14.554166666666667,2.7458333333333336,9.1,54.0,97.5,1009.1458333333334,82.58333333333333,3.2,nedidelis sniegas
2021-02-10,-11.358333333333334,-15.424999999999999,2.1333333333333333,5.8,70.0,89.125,1012.0041666666666,83.58333333333333,0.2,nedidelis sniegas
2021-02-11,-12.695833333333333,-18.150000000000002,2.6041666666666665,7.0,29.0,94.91666666666667,1020.1666666666666,78.83333333333333,0.0,nedidelis sniegas
2021-02-12,-14.470833333333333,-21.208333333333332,3.3125,8.1,297.0,82.70833333333333,1025.7541666666666,81.20833333333333,0.0,debesuota
2021-02-13,-9.479166666666666,-14.8375,3.0749999999999997,8.2,312.0,82.91666666666667,1024.9541666666667,88.25,0.1,nedidelis sniegas
2021-02-14,-2.595833333333333,-7.066666666666666,3.625,9.4,305.0,95.0,1025.5291666666667,85.5,0.6000000000000001,nedidelis sniegas
2021-02-15,-8.004166666666666,-11.066666666666668,2.025,5.7,297.0,80.91666666666667,1031.2625,80.16666666666667,0.0,nedidelis sniegas
2021-02-16,-10.033333333333333,-13.525,2.004166666666667,4.1,196.0,70.5,1024.9083333333333,86.5,0.0,debesuota
2021-02-17,-6.8875,-8.979166666666666,1.7208333333333332,5.7,135.0,70.91666666666667,1018.725,80.625,0.0,migla
2021-02-18,-14.458333333333334,-18.908333333333335,2.0,4.8,27.0,26.083333333333332,1027.8708333333334,75.58333333333333,0.0,giedra
2021-02-19,-11.325000000000001,-17.599999999999998,3.545833333333333,7.3,146.0,41.25,1023.7125,67.625,0.0,giedra
2021-02-20,-2.4916666666666667,-5.970833333333334,2.5208333333333335,5.2,170.0,100.0,1023.5749999999999,90.33333333333333,1.0,migla
2021-02-21,1.3416666666666668,-1.5125,2.6625,6.0,187.0,66.63636363636364,1023.7458333333334,91.95833333333333,0.0,migla
2021-02-22,1.3708333333333333,0.3708333333333332,1.4916666666666665,3.1,24.0,6.0,1024.7958333333333,87.41666666666667,0.0,migla
2021-02-23,0.5791666666666666,-2.254166666666667,2.7291666666666665,7.6,146.0,72.43478260869566,1029.6708333333333,93.125,0.0,migla
2021-02-24,4.0249999999999995,2.8249999999999997,2.125,5.1,156.0,73.28571428571429,1028.7833333333333,97.0,0.0,migla
2021-02-25,7.575,7.383333333333333,2.7416666666666667,6.2,224.0,52.75,1023.9250000000001,83.70833333333333,0.4,debesuota
2021-02-26,4.458333333333333,2.595833333333333,4.495833333333334,11.6,263.0,87.125,1017.6625,87.16666666666667,0.0,debesuota
2021-02-27,2.8333333333333335,-0.07083333333333341,4.2625,11.5,311.0,59.5,1021.875,77.125,0.6000000000000001,debesuota
2021-02-28,2.4625,-0.7125,3.3874999999999997,10.0,269.0,86.625,1024.8666666666666,85.33333333333333,0.0,debesuota
2021-03-01,1.4958333333333333,-1.0625,2.654166666666667,9.2,222.0,76.9,1029.6000000000001,94.54166666666667,0.0,debesuota
2021-03-02,3.091666666666667,0.02916666666666669,4.2,10.4,274.0,62.583333333333336,1026.3791666666666,78.66666666666667,0.0,debesuota
2021-03-03,0.725,-2.3249999999999997,2.954166666666667,6.8,209.0,10.458333333333334,1024.4666666666667,82.79166666666667,0.0,giedra
2021-03-04,-0.6916666666666668,-3.8958333333333335,2.65,6.5,221.0,73.5,1010.4250000000001,83.75,0.0,migla
2021-03-05,-2.5875,-6.0,2.7583333333333333,8.4,275.0,22.0,1017.6583333333333,63.958333333333336,0.0,giedra
2021-03-06,-1.7416666666666665,-6.091666666666666,3.7375000000000003,9.6,230.0,67.5,1021.2458333333334,65.20833333333333,0.0,debesuota
2021-03-07,-0.7374999999999999,-5.783333333333334,5.0249999999999995,13.5,251.0,85.0,1006.2666666666668,84.04166666666667,2.4,debesuota
2021-03-08,-3.9875000000000003,-8.520833333333334,3.4916666666666667,9.7,316.0,97.5,1013.9208333333332,71.0,0.30000000000000004,nedidelis sniegas
2021-03-09,-5.370833333333334,-7.741666666666667,1.825,4.5,195.0,12.583333333333334,1022.5916666666667,65.91666666666667,0.0,giedra
2021-03-10,-4.583333333333333,-7.908333333333334,2.2875,7.0,224.0,6.333333333333333,1023.0458333333332,61.375,0.0,giedra
2021-03-11,-2.8708333333333336,-8.154166666666667,5.55,13.8,138.0,50.083333333333336,1015.2166666666667,66.75,0.1,giedra
2021-03-12,1.8291666666666666,-2.0541666666666667,4.866666666666666,12.5,210.0,96.95833333333333,999.5791666666668,88.625,3.1,debesuota
2021-03-13,2.066666666666667,-1.7541666666666667,4.333333333333333,11.1,169.0,90.70833333333333,1002.2208333333333,92.33333333333333,3.0,migla
2021-03-14,4.2124999999999995,1.5625,4.575,10.1,193.0,78.33333333333333,997.4583333333334,82.45833333333333,1.5,nedidelis lietus
2021-03-15,3.266666666666667,1.6458333333333333,2.6750000000000003,7.3,243.0,96.5,1007.0333333333333,78.58333333333333,0.1,debesuota
2021-03-16,3.608333333333333,3.4250000000000003,1.3499999999999999,4.8,117.0,80.91666666666667,1011.9958333333334,71.95833333333333,0.0,debesuota
2021-03-17,0.2708333333333333,-2.7916666666666665,2.6999999999999997,7.3,311.0,62.625,1014.8458333333333,84.375,0.0,debesuota
2021-03-18,-1.4958333333333333,-3.341666666666667,1.7125000000000001,4.2,309.0,81.375,1015.5666666666666,85.875,0.7999999999999999,nedidelė šlapdriba
2021-03-19,-1.6041666666666667,-3.6166666666666667,2.1041666666666665,6.9,314.0,89.75,1016.75,83.70833333333333,0.4,debesuota
2021-03-20,-2.3125,-5.920833333333333,2.85,8.6,240.0,84.45833333333333,1019.3916666666668,61.541666666666664,0.0,debesuota
2021-03-21,-1.7166666666666668,-6.504166666666666,4.308333333333334,9.9,211.0,81.83333333333333,1005.4666666666667,90.91666666666667,3.0,nedidelis sniegas
2021-03-22,-0.5541666666666667,-3.5,2.8958333333333335,11.2,299.0,62.583333333333336,1010.0875,70.58333333333333,0.30000000000000004,giedra
2021-03-23,0.46666666666666673,-0.525,1.425,7.0,315.0,29.291666666666668,1017.4499999999999,63.0,0.0,giedra
2021-03-24,2.3249999999999997,1.7791666666666668,1.5708333333333335,6.4,187.0,28.208333333333332,1021.7333333333332,63.958333333333336,0.0,giedra
2021-03-25,4.254166666666666,3.2416666666666667,2.1958333333333333,6.5,271.0,98.95833333333333,1020.1291666666666,78.16666666666667,0.0,debesuota
2021-03-26,5.904166666666666,5.433333333333334,1.7541666666666667,5.9,294.0,25.666666666666668,1021.6,68.625,0.0,giedra
2021-03-27,7.641666666666667,6.808333333333334,3.670833333333333,9.7,142.0,42.875,1020.475,59.833333333333336,0.0,giedra
2021-03-28,4.858333333333333,4.229166666666667,2.5458333333333334,7.6,272.0,71.54166666666667,1024.8666666666666,79.16666666666667,0.1,debesuota
2021-03-29,4.9125000000000005,4.195833333333334,3.4291666666666667,9.2,182.0,69.875,1027.9916666666666,82.5,1.0,nedidelis lietus
2021-03-30,9.208333333333334,9.208333333333334,3.4916666666666667,7.9,194.0,100.0,1024.6208333333334,95.58333333333333,0.9,debesuota
2021-03-31,11.112499999999999,11.066666666666668,3.5083333333333333,9.0,257.0,48.0,1019.3916666666668,69.91666666666667,0.0,giedra
2021-04-01,3.8499999999999996,2.4666666666666663,2.2208333333333337,7.8,318.0,60.40909090909091,1013.5333333333333,84.20833333333333,3.7,debesuota
2021-04-02,2.9916666666666667,1.8833333333333335,2.4458333333333333,8.1,307.0,73.125,1012.8458333333333,77.79166666666667,0.1,debesuota
2021-04-03,3.0,1.1041666666666667,2.5458333333333334,6.6,313.0,89.25,1013.0708333333333,79.79166666666667,0.0,debesuota
2021-04-04,2.8666666666666667,0.9249999999999999,2.9583333333333335,8.3,193.0,33.375,1014.5375,61.833333333333336,0.0,giedra
2021-04-05,4.7124999999999995,2.6625,6.120833333333334,17.2,194.0,62.666666666666664,996.6999999999999,66.54166666666667,1.9,debesuota
2021-04-06,0.9041666666666668,-2.875,3.9499999999999997,10.1,179.0,84.125,999.8125,82.125,1.1,debesuota
2021-04-07,1.2625,-1.0999999999999999,2.6458333333333335,10.5,152.0,66.41666666666667,1002.9541666666668,78.625,0.2,debesuota
2021-04-08,2.3041666666666667,-0.7208333333333333,3.9,10.4,215.0,68.375,1009.5625,73.70833333333333,1.2,debesuota
2021-04-09,3.9875000000000003,2.3625000000000003,4.741666666666666,12.6,205.0,72.125,1017.4666666666667,60.208333333333336,0.0,debesuota
2021-04-10,7.7749999999999995,6.945833333333333,3.216666666666667,9.2,185.0,93.79166666666667,1016.525,58.541666666666664,0.0,debesuota
2021-04-11,13.016666666666666,13.016666666666666,3.654166666666667,10.0,142.0,60.666666666666664,1020.3666666666667,46.25,0.0,debesuota
2021-04-12,13.612499999999999,13.612499999999999,4.458333333333333,16.5,141.0,91.45833333333333,1019.3916666666668,32.0,0.0,debesuota
2021-04-13,5.329166666666667,4.491666666666666,3.2875,8.1,302.0,98.5,1020.6,83.79166666666667,0.0,debesuota
2021-04-14,3.7708333333333335,1.3791666666666667,2.9,8.1,111.0,99.5,1019.2375000000001,86.66666666666667,5.0,nedidelis lietus
2021-04-15,5.1125,4.054166666666666,3.2375000000000003,11.4,53.0,99.5,1018.1833333333334,86.29166666666667,2.1,nedidelis lietus
2021-04-16,8.612499999999999,8.612499999999999,2.920833333333333,9.6,39.0,76.25,1015.8833333333333,76.08333333333333,0.5,debesuota
2021-04-17,10.55,10.55,1.9583333333333333,8.0,23.0,87.25,1019.4,81.0,2.0,debesuota
2021-04-18,12.616666666666667,12.616666666666667,2.1625,7.2,44.0,7.875,1019.6958333333333,51.583333333333336,0.0,giedra
2021-04-19,11.154166666666667,11.154166666666667,2.0708333333333333,7.9,71.0,22.0,1019.725,45.333333333333336,0.0,giedra
2021-04-20,9.404166666666667,9.404166666666667,1.6708333333333334,6.0,115.0,93.83333333333333,1013.7583333333333,64.70833333333333,0.0,debesuota
2021-04-21,10.174999999999999,9.829166666666667,2.7416666666666667,9.1,249.0,27.791666666666668,1007.4666666666667,56.125,0.0,giedra
2021-04-22,5.783333333333334,4.6875,3.4166666666666665,10.1,213.0,77.375,1010.1291666666666,70.70833333333333,0.4,debesuota
2021-04-23,2.2416666666666667,-1.1208333333333333,3.6999999999999997,9.2,276.0,89.20833333333333,1013.8916666666668,86.75,2.3,nedidelis lietus
2021-04-24,2.779166666666667,0.06666666666666671,3.9291666666666667,13.0,264.0,65.375,1016.4083333333333,69.625,0.4,debesuota
2021-04-25,1.7125000000000001,-1.3499999999999999,3.5666666666666664,10.7,274.0,66.91666666666667,1016.2333333333332,72.45833333333333,0.1,debesuota
2021-04-26,1.1541666666666666,-1.4124999999999999,2.6916666666666664,9.5,235.0,70.45833333333333,1015.4499999999999,84.04166666666667,0.2,debesuota
2021-04-27,2.5208333333333335,0.3,2.8958333333333335,8.6,240.0,90.16666666666667,1014.3791666666666,88.54166666666667,1.5999999999999999,nedidelis lietus
2021-04-28,5.516666666666667,4.55,2.066666666666667,4.8,170.0,87.16666666666667,1016.7375000000001,66.375,0.0,debesuota
2021-04-29,10.158333333333333,9.516666666666667,3.6041666666666665,8.8,112.0,64.29166666666667,1010.6374999999999,54.791666666666664,0.0,debesuota
2021-04-30,10.270833333333334,10.270833333333334,3.7416666666666667,12.9,237.0,91.29166666666667,1006.1583333333333,76.04166666666667,1.9,debesuota
2021-05-01,8.174999999999999,8.174999999999999,1.7249999999999999,5.0,123.0,54.958333333333336,1015.6583333333333,52.041666666666664,0.0,debesuota
2021-05-02,8.9,8.9,3.1166666666666667,10.8,57.0,98.0,1007.225,61.666666666666664,12.8,debesuota
2021-05-03,3.5875,0.10833333333333339,5.279166666666667,12.7,269.0,97.95833333333333,1001.4791666666666,93.58333333333333,16.8,nedidelis lietus
2021-05-04,6.629166666666666,5.6375,3.4250000000000003,8.0,137.0,87.20833333333333,1008.6166666666667,69.91666666666667,0.0,debesuota
2021-05-05,9.841666666666667,9.841666666666667,3.716666666666667,10.5,198.0,93.83333333333333,1000.2875,81.58333333333333,8.2,nedidelis lietus
2021-05-06,7.170833333333333,7.170833333333333,3.433333333333333,11.2,238.0,81.45833333333333,1002.4,74.33333333333333,5.5,debesuota
2021-05-07,4.816666666666666,3.9791666666666665,2.283333333333333,7.1,153.0,68.875,1006.3874999999999,84.08333333333333,7.3,nedidelis lietus
2021-05-08,4.720833333333333,3.6875,2.8208333333333333,8.7,293.0,54.875,1013.8666666666667,77.70833333333333,0.0,debesuota
2021-05-09,8.495833333333334,8.495833333333334,2.6666666666666665,7.6,144.0,55.916666666666664,1020.8541666666666,61.541666666666664,0.0,debesuota
2021-05-10,16.133333333333333,16.133333333333333,4.841666666666667,10.9,145.0,3.6666666666666665,1020.6333333333333,42.0,0.0,giedra
2021-05-11,18.066666666666666,18.066666666666666,4.2124999999999995,12.0,137.0,0.0,1019.5375,33.791666666666664,0.0,giedra
2021-05-12,17.633333333333333,17.558333333333334,3.579166666666667,12.0,123.0,5.791666666666667,1015.0416666666666,41.208333333333336,0.0,giedra
2021-05-13,10.1875,10.1875,3.029166666666667,10.8,53.0,89.16666666666667,1005.3666666666667,86.16666666666667,13.0,lietus
2021-05-14,11.566666666666668,11.566666666666668,2.370833333333333,6.8,112.0,89.16666666666667,1003.5333333333333,95.75,13.2,nedidelis lietus
2021-05-15,13.879166666666668,13.879166666666668,1.8541666666666667,7.1,306.0,66.83333333333333,1006.2833333333333,81.04166666666667,5.2,rūkas
2021-05-16,15.674999999999999,15.674999999999999,2.6791666666666667,7.8,213.0,61.208333333333336,1007.7791666666667,72.625,7.699999999999999,debesuota su pragiedruliais
2021-05-17,14.762500000000001,14.762500000000001,2.1625,6.3,319.0,89.95833333333333,1005.1958333333333,84.08333333333333,0.30000000000000004,debesuota
2021-05-18,11.933333333333332,11.933333333333332,2.720833333333333,8.4,311.0,99.5,1002.4666666666667,94.66666666666667,8.700000000000001,debesuota
2021-05-19,12.291666666666666,12.291666666666666,2.9583333333333335,9.2,310.0,97.0,1005.4791666666666,80.58333333333333,1.6,debesuota
2021-05-20,11.479166666666666,11.479166666666666,3.7416666666666667,11.5,277.0,76.875,1008.7708333333334,79.16666666666667,6.6,debesuota
2021-05-21,10.495833333333334,10.495833333333334,3.0583333333333336,11.3,143.0,50.25,1009.7333333333332,72.91666666666667,0.0,debesuota
2021-05-22,12.674999999999999,12.674999999999999,3.4916666666666667,8.8,192.0,75.75,1005.6333333333333,78.58333333333333,9.7,debesuota
2021-05-23,11.0,11.0,3.1999999999999997,10.8,215.0,81.5,1009.9041666666667,87.79166666666667,6.5,nedidelis lietus
2021-05-24,12.529166666666667,12.529166666666667,2.2083333333333335,8.0,106.0,42.875,1020.7583333333333,65.70833333333333,0.5,giedra
2021-05-25,13.341666666666667,13.341666666666667,3.033333333333333,7.8,105.0,97.5,1016.2875,78.95833333333333,4.0,debesuota
2021-05-26,12.004166666666668,12.004166666666668,3.6666666666666665,11.1,100.0,78.33333333333333,1014.15,76.91666666666667,11.600000000000001,debesuota
2021-05-27,12.575000000000001,12.575000000000001,2.766666666666667,10.4,195.0,58.583333333333336,1014.0833333333334,77.125,0.0,debesuota
2021-05-28,11.379166666666668,11.379166666666668,1.0291666666666666,4.3,249.0,37.65217391304348,1016.6625,82.58333333333333,5.0,giedra
2021-05-29,10.362499999999999,10.362499999999999,1.9541666666666666,6.8,305.0,96.15789473684211,1017.2333333333332,89.45833333333333,2.8000000000000003,debesuota
2021-05-30,12.4625,12.4625,2.8083333333333336,10.1,178.0,30.916666666666668,1021.25,56.041666666666664,0.0,giedra
2021-05-31,12.137500000000001,12.137500000000001,1.825,6.6,31.0,26.166666666666668,1020.9541666666668,52.541666666666664,0.0,giedra
2021-06-01,13.241666666666667,13.241666666666667,1.5458333333333334,5.6,152.0,83.95833333333333,1020.3791666666666,58.041666666666664,0.0,debesuota
2021-06-02,15.879166666666668,15.879166666666668,2.1083333333333334,8.0,89.0,24.083333333333332,1025.2916666666667,48.916666666666664,0.0,giedra
2021-06-03,17.120833333333334,17.120833333333334,1.8791666666666667,6.9,24.0,45.958333333333336,1026.4791666666667,55.5,0.0,giedra
2021-06-04,18.783333333333335,18.783333333333335,1.3916666666666666,4.8,45.0,75.08333333333333,1024.3374999999999,48.125,0.0,debesuota
2021-06-05,17.587500000000002,17.587500000000002,2.0749999999999997,7.9,313.0,71.66666666666667,1019.5583333333334,66.04166666666667,5.3999999999999995,debesuota
2021-06-06,18.229166666666668,18.154166666666665,2.345833333333333,9.0,316.0,35.583333333333336,1017.1708333333332,65.33333333333333,0.0,giedra
2021-06-07,20.087500000000002,19.912499999999998,2.658333333333333,7.7,307.0,13.625,1016.3208333333333,56.0,0.0,giedra
2021-06-08,19.345833333333335,19.275000000000002,2.4625,7.5,317.0,32.916666666666664,1016.1458333333334,63.791666666666664,0.0,giedra
2021-06-09,15.829166666666666,15.829166666666666,2.15,8.1,263.0,73.69565217391305,1015.9708333333333,85.54166666666667,12.9,debesuota
2021-06-10,17.45,17.441666666666666,1.6708333333333334,5.6,323.0,32.541666666666664,1015.0416666666666,79.66666666666667,2.8,giedra
2021-06-11,16.995833333333334,16.995833333333334,1.4833333333333334,6.6,111.0,54.916666666666664,1013.9583333333334,81.70833333333333,2.5,nepastoviai debesuota
2021-06-12,17.229166666666668,17.212500000000002,2.3375,9.5,161.0,60.5,1008.2125,79.125,9.5,nedidelis lietus
2021-06-13,14.033333333333333,14.033333333333333,3.2416666666666667,9.3,316.0,92.5,1009.1999999999999,80.70833333333333,1.0999999999999999,debesuota
2021-06-14,15.466666666666667,15.466666666666667,2.2958333333333334,7.3,288.0,10.458333333333334,1018.4041666666667,66.45833333333333,0.0,giedra
2021-06-15,17.308333333333334,17.295833333333334,2.75,7.2,271.0,44.458333333333336,1016.4791666666666,69.16666666666667,0.0,giedra
2021-06-16,16.5,16.5,1.7416666666666665,5.3,312.0,0.0,1019.7541666666666,60.791666666666664,0.0,giedra
2021-06-17,19.974999999999998,19.820833333333333,1.3375000000000001,5.4,70.0,0.0,1023.2458333333334,53.708333333333336,0.0,giedra
2021-06-18,22.625,22.429166666666664,2.1166666666666667,6.2,112.0,0.0,1022.5083333333333,54.125,0.0,giedra
2021-06-19,23.837500000000002,23.575,2.4208333333333334,7.6,132.0,0.0,1020.025,53.583333333333336,0.0,giedra
2021-06-20,25.52916666666667,25.508333333333336,2.5,7.6,126.0,4.708333333333333,1016.8625000000001,55.916666666666664,0.0,giedra
2021-06-21,25.849999999999998,25.6875,2.6083333333333334,8.8,103.0,10.041666666666666,1013.475,54.083333333333336,0.0,giedra
2021-06-22,26.329166666666666,26.758333333333336,2.9583333333333335,8.2,138.0,19.916666666666668,1012.3541666666666,60.208333333333336,0.0,giedra
2021-06-23,25.5625,26.370833333333334,2.2416666666666667,15.7,147.0,32.458333333333336,1015.9458333333333,68.29166666666667,13.3,giedra
2021-06-24,21.879166666666666,22.329166666666666,1.55,5.4,134.0,18.916666666666668,1016.7708333333334,83.70833333333333,2.8,giedra
2021-06-25,22.34166666666667,22.608333333333334,1.7958333333333334,5.9,55.0,63.333333333333336,1013.5791666666668,79.75,3.5999999999999996,debesuota
2021-06-26,19.670833333333334,19.670833333333334,2.0749999999999997,5.2,309.0,90.83333333333333,1014.7333333333332,84.54166666666667,0.1,debesuota
2021-06-27,18.904166666666665,18.904166666666665,2.2125,7.4,307.0,88.70833333333333,1014.0083333333333,80.45833333333333,0.9999999999999999,debesuota
2021-06-28,19.220833333333335,19.216666666666665,2.7291666666666665,8.7,307.0,47.666666666666664,1013.8166666666666,78.625,0.0,debesuota
2021-06-29,20.620833333333334,20.554166666666667,2.283333333333333,7.6,289.0,48.25,1012.2333333333332,69.875,0.0,debesuota
2021-06-30,22.895833333333332,22.65833333333333,1.3208333333333333,4.1,125.0,4.208333333333333,1009.0625,57.5,0.0,giedra
2021-07-01,22.8625,23.037499999999998,1.9875,6.3,73.0,51.166666666666664,1008.6166666666667,68.875,4.6,mažai debesuota
2021-07-02,22.587500000000002,22.55,2.0791666666666666,6.4,97.0,90.875,1008.9625,63.125,0.0,debesuota
2021-07-03,21.2,21.087500000000002,2.091666666666667,7.8,43.0,46.625,1010.3249999999999,61.0,0.0,debesuota
2021-07-04,21.9375,21.90833333333333,2.2708333333333335,7.0,84.0,91.375,1010.8249999999999,65.125,0.0,debesuota
2021-07-05,22.566666666666666,22.6125,2.283333333333333,7.5,91.0,77.91666666666667,1011.3041666666667,69.29166666666667,1.7999999999999998,debesuota
2021-07-06,20.05,20.075,1.55,10.2,36.0,55.416666666666664,1014.3416666666667,90.45833333333333,78.4,giedra
2021-07-07,23.670833333333334,24.02916666666667,2.0541666666666667,6.5,147.0,15.666666666666666,1018.8833333333333,70.54166666666667,0.0,giedra
2021-07-08,25.162499999999998,25.65416666666667,2.783333333333333,7.9,126.0,24.083333333333332,1021.8583333333332,65.125,0.0,giedra
2021-07-09,25.55,25.712500000000002,3.0,8.8,130.0,12.625,1019.6750000000001,58.666666666666664,0.0,giedra
2021-07-10,24.825,24.829166666666666,2.7875,8.6,151.0,25.708333333333332,1017.2291666666666,60.708333333333336,0.0,giedra
2021-07-11,22.879166666666666,23.241666666666664,1.7375,5.8,283.0,30.333333333333332,1018.5625,76.41666666666667,0.0,giedra
2021-07-12,26.320833333333336,26.204166666666666,1.7125000000000001,6.8,44.0,7.958333333333333,1016.5208333333334,58.083333333333336,0.0,giedra
2021-07-13,25.170833333333334,25.520833333333332,1.625,6.4,50.0,36.666666666666664,1014.7083333333334,69.08333333333333,0.0,giedra
2021-07-14,22.633333333333336,22.933333333333334,1.5791666666666666,5.1,106.0,30.291666666666668,1013.1083333333332,80.54166666666667,0.7,giedra
2021-07-15,25.370833333333334,26.0625,1.2333333333333334,3.5,247.0,4.809523809523809,1012.8541666666666,71.41666666666667,0.0,giedra
2021-07-16,27.72083333333333,28.795833333333334,1.1583333333333334,4.3,155.0,13.083333333333334,1013.5916666666667,64.66666666666667,0.0,giedra
2021-07-17,22.808333333333334,23.400000000000002,1.6291666666666667,17.4,209.0,46.583333333333336,1013.7208333333333,84.20833333333333,2.2,giedra
2021-07-18,22.791666666666668,23.083333333333332,2.2375000000000003,7.5,235.0,32.0,1010.9333333333334,74.29166666666667,0.0,giedra
2021-07-19,20.308333333333334,20.224999999999998,2.5541666666666667,7.6,264.0,21.041666666666668,1011.7041666666668,68.58333333333333,0.0,giedra
2021-07-20,19.516666666666666,19.400000000000002,2.1750000000000003,6.6,293.0,8.416666666666666,1013.2958333333332,60.041666666666664,0.0,giedra
2021-07-21,18.45,18.45,2.4541666666666666,9.0,233.0,27.291666666666668,1015.2916666666666,63.25,0.0,giedra
2021-07-22,18.470833333333335,18.333333333333332,2.5833333333333335,7.6,295.0,17.333333333333332,1017.5208333333334,59.625,0.0,giedra
2021-07-23,20.120833333333334,20.020833333333332,2.7125,9.4,271.0,50.166666666666664,1014.6291666666666,67.375,0.0,debesuota
2021-07-24,19.349999999999998,19.225,1.5,5.9,286.0,30.333333333333332,1016.1291666666666,64.0,0.0,giedra
2021-07-25,21.90833333333333,21.633333333333336,1.3,5.3,98.0,2.6666666666666665,1017.8375,53.666666666666664,0.0,giedra
2021-07-26,24.541666666666668,24.125,2.4,8.2,105.0,28.75,1017.0875,49.125,0.0,giedra
2021-07-27,21.400000000000002,21.495833333333334,2.8000000000000003,8.6,104.0,79.54166666666667,1012.6208333333334,81.66666666666667,1.4,debesuota
2021-07-28,23.22083333333333,23.383333333333336,1.8666666666666665,6.9,116.0,29.38095238095238,1010.5749999999999,70.625,0.0,giedra
2021-07-29,20.7375,20.745833333333334,2.1791666666666667,7.4,153.0,72.16666666666667,1008.0749999999999,79.5,4.4,debesuota
2021-07-30,19.941666666666666,19.787499999999998,3.091666666666667,10.9,233.0,32.0,1006.6,59.125,0.0,giedra
2021-07-31,20.045833333333334,19.8875,2.6833333333333336,8.3,202.0,17.791666666666668,1006.3375,60.041666666666664,0.0,giedra
2021-08-01,20.258333333333333,20.099999999999998,2.6999999999999997,9.9,215.0,39.708333333333336,1006.8666666666667,66.08333333333333,9.0,giedra
2021-08-02,15.799999999999999,15.799999999999999,2.783333333333333,7.6,207.0,89.75,1004.0375,94.5,25.6,nedidelis lietus
2021-08-03,15.825000000000001,15.825000000000001,2.954166666666666,8.6,210.0,53.416666666666664,1011.7791666666667,83.875,0.6,debesuota
2021-08-04,14.983333333333334,14.983333333333334,1.5291666666666668,4.2,35.0,89.79166666666667,1015.1916666666666,89.91666666666667,12.9,debesuota
2021-08-05,16.183333333333334,16.183333333333334,2.3291666666666666,8.0,47.0,63.75,1012.4583333333334,80.125,0.0,debesuota
2021-08-06,14.604166666666666,14.604166666666666,3.2916666666666665,10.7,55.0,98.5,1001.5625,94.54166666666667,25.4,debesuota
2021-08-07,15.862499999999999,15.862499999999999,2.9333333333333336,7.3,195.0,79.20833333333333,1004.3333333333334,95.95833333333333,1.9000000000000001,migla
2021-08-08,18.1125,18.120833333333334,3.0500000000000003,10.7,195.0,38.208333333333336,1012.2916666666666,86.08333333333333,2.3,giedra
2021-08-09,17.683333333333334,17.670833333333334,1.5666666666666667,7.6,316.0,46.391304347826086,1018.2624999999999,85.5,0.0,debesuota
2021-08-10,19.216666666666665,19.099999999999998,1.4875,7.5,88.0,37.25,1018.0666666666666,72.41666666666667,0.0,mažai debesuota
2021-08-11,16.154166666666665,16.154166666666665,1.4041666666666668,5.1,266.0,85.625,1014.7458333333334,88.70833333333333,1.3,debesuota
2021-08-12,15.945833333333333,15.945833333333333,2.6,8.4,278.0,53.958333333333336,1017.75,87.16666666666667,3.9,debesuota
2021-08-13,17.875,17.858333333333334,2.3291666666666666,6.9,276.0,33.34782608695652,1021.9250000000001,76.04166666666667,0.0,giedra
2021-08-14,19.724999999999998,19.720833333333335,2.9499999999999997,9.8,139.0,64.375,1017.1458333333334,73.875,0.0,debesuota
2021-08-15,18.558333333333334,18.5,2.8083333333333336,10.6,51.0,45.041666666666664,1012.8041666666667,72.125,0.0,giedra
2021-08-16,20.216666666666665,20.191666666666666,2.8125,8.0,138.0,23.083333333333332,1009.3874999999999,71.45833333333333,0.0,giedra
2021-08-17,17.033333333333335,17.033333333333335,2.8249999999999997,7.8,192.0,73.04166666666667,1006.4291666666667,88.875,9.700000000000001,debesuota
2021-08-18,14.816666666666668,14.816666666666668,4.116666666666666,11.0,180.0,47.583333333333336,1009.0791666666668,75.54166666666667,0.0,debesuota
2021-08-19,15.470833333333333,15.470833333333333,3.6958333333333333,10.3,185.0,80.0,1009.0625,79.16666666666667,0.1,debesuota
2021-08-20,16.8125,16.8125,2.316666666666667,7.9,205.0,83.54166666666667,1014.2083333333334,80.125,1.1,debesuota
2021-08-21,15.3125,15.3125,2.6,8.2,315.0,45.541666666666664,1016.6374999999999,77.20833333333333,5.8,giedra
2021-08-22,14.054166666666667,14.054166666666667,1.675,6.0,210.0,43.833333333333336,1019.6333333333333,78.66666666666667,0.0,giedra
2021-08-23,15.0875,15.0875,1.4000000000000001,5.1,161.0,7.875,1021.4875000000001,71.25,0.0,giedra
2021-08-24,12.554166666666667,12.554166666666667,2.3000000000000003,7.0,328.0,24.125,1022.5625,72.33333333333333,0.0,giedra
2021-08-25,12.395833333333334,12.395833333333334,1.9416666666666667,14.1,317.0,56.95454545454545,1014.7833333333333,74.20833333333333,0.0,debesuota
2021-08-26,12.870833333333332,12.870833333333332,2.6666666666666665,8.3,147.0,98.5,1008.4541666666668,82.54166666666667,2.4,debesuota
2021-08-27,16.066666666666666,16.066666666666666,1.2750000000000001,4.2,134.0,65.875,1012.3375,73.04166666666667,0.0,debesuota
2021-08-28,14.158333333333333,14.158333333333333,1.4083333333333332,4.9,178.0,93.0,1011.6875,93.04166666666667,1.7,debesuota
2021-08-29,14.754166666666668,14.754166666666668,2.3583333333333334,8.6,176.0,99.0,1012.9708333333333,94.875,7.4,nedidelis lietus
2021-08-30,14.754166666666668,14.754166666666668,2.1750000000000003,8.7,50.0,97.5,1012.5749999999999,92.91666666666667,16.0,debesuota
2021-08-31,15.629166666666668,15.629166666666668,1.6666666666666667,7.1,308.0,97.30434782608695,1009.5083333333333,94.91666666666667,20.0,debesuota
2021-09-01,13.987499999999999,13.987499999999999,2.9125,8.7,312.0,86.08333333333333,1012.8333333333334,81.83333333333333,0.4,debesuota
2021-09-02,11.424999999999999,11.424999999999999,3.0583333333333336,8.3,296.0,43.458333333333336,1017.3625000000001,72.0,0.0,debesuota su pragiedruliais
2021-09-03,11.35,11.35,3.1750000000000003,11.7,273.0,55.875,1012.2333333333332,83.54166666666667,3.5,debesuota
2021-09-04,9.220833333333333,9.120833333333334,2.1666666666666665,7.8,308.0,35.625,1018.3666666666667,78.16666666666667,0.1,giedra
2021-09-05,8.637500000000001,8.549999999999999,1.7583333333333335,6.9,279.0,60.65217391304348,1025.9624999999999,78.79166666666667,0.0,debesuota
2021-09-06,9.625,9.625,1.2249999999999999,4.0,88.0,62.291666666666664,1027.5083333333334,76.16666666666667,0.0,debesuota
2021-09-07,11.362499999999999,11.241666666666667,2.004166666666667,6.1,147.0,28.791666666666668,1026.0249999999999,72.0,0.0,giedra
2021-09-08,14.200000000000001,14.200000000000001,2.4583333333333335,8.3,161.0,12.0,1022.7791666666667,68.91666666666667,0.0,giedra
2021-09-09,16.3,16.2375,2.3333333333333335,6.8,168.0,6.333333333333333,1019.1416666666668,75.66666666666667,0.0,giedra
2021-09-10,17.220833333333335,17.129166666666666,1.8708333333333333,5.1,115.0,0.0,1017.4291666666667,72.83333333333333,0.0,giedra
2021-09-11,17.629166666666666,17.537499999999998,2.254166666666667,7.3,120.0,0.5416666666666666,1015.9625,70.04166666666667,0.0,giedra
2021-09-12,16.974999999999998,16.974999999999998,1.9375,5.2,146.0,32.458333333333336,1013.3458333333333,81.83333333333333,0.0,giedra
2021-09-13,15.808333333333332,15.808333333333332,3.0541666666666667,9.3,271.0,84.625,1012.8833333333333,84.5,1.0,debesuota
2021-09-14,10.520833333333334,10.520833333333334,1.5666666666666667,5.6,297.0,49.625,1018.9041666666667,82.0,0.0,debesuota
2021-09-15,10.020833333333334,9.954166666666667,1.1416666666666666,3.2,126.0,65.29166666666667,1020.2583333333333,82.875,0.0,debesuota
2021-09-16,11.466666666666667,11.466666666666667,2.283333333333333,7.3,88.0,93.95833333333333,1016.5541666666667,80.125,9.8,debesuota
2021-09-17,9.420833333333333,9.420833333333333,3.0625,9.2,68.0,100.0,1011.7791666666667,93.20833333333333,1.1,debesuota
2021-09-18,6.5375000000000005,6.5375000000000005,3.5041666666666664,9.4,45.0,100.0,1012.3083333333334,88.04166666666667,8.2,nedidelis lietus
2021-09-19,6.091666666666666,6.004166666666666,3.341666666666667,9.9,42.0,100.0,1012.3583333333332,92.5,9.0,nedidelis lietus
2021-09-20,5.016666666666667,3.658333333333333,2.5166666666666666,7.5,314.0,100.0,1015.5791666666668,94.16666666666667,2.0,nedidelis lietus
2021-09-21,5.575,4.8500000000000005,2.495833333333333,6.3,299.0,100.0,1018.6208333333334,91.66666666666667,0.0,debesuota
2021-09-22,6.125,6.125,2.2624999999999997,7.1,316.0,100.0,1018.8208333333333,90.375,0.1,debesuota
2021-09-23,8.845833333333333,8.845833333333333,3.2125,10.1,185.0,90.25,1007.6291666666666,88.04166666666667,9.8,debesuota
2021-09-24,9.958333333333334,9.958333333333334,4.220833333333333,11.3,287.0,95.5,997.0416666666666,90.375,6.3,lietus
2021-09-25,11.924999999999999,11.924999999999999,3.720833333333333,11.7,270.0,67.375,1007.75,89.125,1.5,lietus
2021-09-26,10.691666666666668,10.691666666666668,2.3375,7.8,294.0,28.708333333333332,1021.8791666666666,80.91666666666667,0.0,giedra
2021-09-27,8.862499999999999,8.75,1.6875,6.4,55.0,59.5,1027.5,78.58333333333333,0.0,debesuota
2021-09-28,10.554166666666665,10.554166666666665,1.7541666666666667,5.1,65.0,95.41666666666667,1029.4166666666667,76.70833333333333,0.0,debesuota
2021-09-29,9.279166666666667,9.279166666666667,2.6166666666666667,6.8,119.0,81.375,1031.2791666666667,81.66666666666667,0.0,debesuota
2021-09-30,9.970833333333333,9.970833333333333,4.604166666666667,11.4,137.0,71.45833333333333,1028.8416666666667,72.875,0.0,debesuota
2021-10-01,8.708333333333334,8.708333333333334,2.3291666666666666,6.6,147.0,87.04166666666667,1029.4791666666667,89.41666666666667,0.30000000000000004,debesuota
2021-10-02,8.583333333333334,8.583333333333334,3.2583333333333333,12.5,139.0,76.29166666666667,1025.4083333333333,84.5,1.3,debesuota
2021-10-03,11.808333333333332,11.808333333333332,4.1000000000000005,10.4,127.0,47.041666666666664,1023.6166666666667,64.75,0.0,debesuota
2021-10-04,11.691666666666668,11.691666666666668,4.566666666666666,11.2,142.0,83.58333333333333,1024.575,62.875,0.0,debesuota
2021-10-05,11.970833333333333,11.970833333333333,5.970833333333334,13.4,139.0,37.125,1026.1333333333334,57.333333333333336,0.0,giedra
2021-10-06,11.358333333333334,11.358333333333334,6.6375,15.3,141.0,23.583333333333332,1028.3625,56.708333333333336,0.0,giedra
2021-10-07,7.408333333333334,6.833333333333333,3.375,10.2,139.0,0.5416666666666666,1035.7541666666666,58.0,0.0,giedra
2021-10-08,6.0,5.583333333333333,1.4791666666666667,5.3,129.0,0.0,1039.6875,66.75,0.0,giedra
2021-10-09,5.1000000000000005,5.1000000000000005,0.7833333333333333,3.2,200.0,0.0,1038.2458333333334,73.875,0.0,giedra
2021-10-10,4.8,4.3625,1.5791666666666666,5.3,102.0,0.0,1033.1666666666667,74.66666666666667,0.0,giedra
2021-10-11,3.9375,2.7458333333333336,2.1625,5.2,158.0,60.86363636363637,1021.5041666666666,74.375,0.0,debesuota
2021-10-12,4.945833333333334,3.841666666666667,2.5625,7.6,159.0,48.083333333333336,1010.9,85.125,0.0,giedra
2021-10-13,4.958333333333333,4.233333333333333,1.8375000000000001,6.8,146.0,81.38888888888889,1014.0833333333334,87.91666666666667,0.1,rūkas
2021-10-14,5.45,4.883333333333334,2.1374999999999997,6.9,204.0,73.52173913043478,1017.7666666666668,86.95833333333333,0.2,debesuota
2021-10-15,8.741666666666667,8.741666666666667,4.716666666666667,10.2,192.0,98.5,1010.3208333333333,91.58333333333333,4.1,nedidelis lietus
2021-10-16,7.979166666666667,7.979166666666667,3.2375000000000003,9.3,236.0,64.25,1013.5583333333334,82.95833333333333,0.8,debesuota
2021-10-17,7.329166666666667,7.329166666666667,3.1208333333333336,7.1,214.0,92.91666666666667,1015.2458333333334,85.08333333333333,0.8999999999999999,debesuota
2021-10-18,6.2124999999999995,5.466666666666666,3.1374999999999997,8.8,292.0,36.625,1018.9833333333332,76.95833333333333,1.1,giedra
2021-10-19,4.2375,4.1499999999999995,1.8416666666666666,7.0,151.0,54.791666666666664,1023.75,76.75,0.0,debesuota
2021-10-20,9.958333333333334,9.958333333333334,5.1499999999999995,10.2,200.0,95.5,1007.025,91.70833333333333,2.3,nedidelis lietus
2021-10-21,12.008333333333333,12.008333333333333,5.479166666666667,14.6,184.0,91.45833333333333,994.5791666666668,81.5,2.4,debesuota
2021-10-22,7.008333333333333,6.870833333333334,5.758333333333333,13.6,210.0,95.95833333333333,999.3916666666668,76.75,3.2,nedidelis lietus
2021-10-23,5.145833333333333,2.8791666666666664,4.404166666666667,11.7,239.0,84.66666666666667,1011.2083333333334,85.375,2.6,debesuota
2021-10-24,2.875,1.1458333333333333,2.4875000000000003,7.8,305.0,66.41666666666667,1028.8166666666666,84.08333333333333,0.0,debesuota
2021-10-25,3.154166666666667,0.9041666666666667,3.5208333333333335,10.0,173.0,0.0,1027.3083333333334,81.70833333333333,0.0,giedra
2021-10-26,4.891666666666667,3.3249999999999997,3.233333333333333,7.5,199.0,51.208333333333336,1018.9250000000001,79.16666666666667,0.9,debesuota
2021-10-27,9.204166666666667,9.204166666666667,3.9875000000000003,10.0,212.0,96.5,1017.9333333333334,90.125,2.1,debesuota
2021-10-28,11.429166666666667,11.429166666666667,3.0833333333333335,9.3,251.0,100.0,1021.3083333333334,94.625,2.1,debesuota
2021-10-29,10.799999999999999,10.799999999999999,3.545833333333333,8.1,168.0,38.583333333333336,1022.7541666666666,82.08333333333333,0.0,giedra
2021-10-30,9.704166666666667,9.704166666666667,3.716666666666667,7.9,156.0,0.0,1020.2208333333333,79.25,0.0,giedra
2021-10-31,8.308333333333334,8.308333333333334,3.8166666666666664,8.8,162.0,0.0,1017.8916666666668,79.41666666666667,0.0,giedra
2021-11-01,6.699999999999999,5.8,4.4875,9.9,139.0,0.0,1013.9041666666667,79.66666666666667,0.0,giedra
2021-11-02,5.8999999999999995,4.916666666666667,3.5875,8.5,122.0,82.91666666666667,1009.0916666666667,89.875,0.5,migla
2021-11-03,6.404166666666666,6.404166666666666,2.316666666666667,5.9,145.0,95.41666666666667,1006.5875,96.58333333333333,9.9,nedidelis lietus
2021-11-04,7.995833333333334,7.470833333333334,3.9125,11.6,114.0,97.0,1010.9375,88.70833333333333,0.2,debesuota
2021-11-05,8.283333333333333,8.283333333333333,5.2875000000000005,13.5,187.0,83.41666666666667,1009.8208333333333,80.04166666666667,0.7,debesuota
2021-11-06,7.333333333333333,7.333333333333333,4.645833333333333,11.7,230.0,99.5,1015.3166666666666,91.04166666666667,1.9000000000000001,nedidelis lietus
2021-11-07,6.416666666666667,6.416666666666667,4.916666666666667,11.1,190.0,99.0,1008.5458333333332,90.58333333333333,3.7,nedidelis lietus
2021-11-08,4.345833333333333,2.533333333333333,3.8708333333333336,10.0,243.0,84.5,1011.3041666666667,85.875,6.1,nedidelis lietus
2021-11-09,-0.3666666666666667,-2.5124999999999997,2.0,6.5,168.0,63.166666666666664,1031.1875,83.95833333333333,0.0,debesuota
2021-11-10,1.1083333333333334,-3.170833333333333,4.441666666666666,9.0,192.0,69.375,1029.4208333333333,92.25,0.30000000000000004,migla
2021-11-11,2.6791666666666667,0.27499999999999997,2.6875,6.6,192.0,96.52380952380952,1020.6333333333333,97.0,0.5,migla
2021-11-12,5.387499999999999,5.329166666666667,3.216666666666667,9.4,276.0,65.0,1019.4458333333333,87.54166666666667,0.1,debesuota
2021-11-13,2.2041666666666666,0.3541666666666667,2.095833333333333,6.6,104.0,100.0,1024.9125000000001,98.33333333333333,0.0,rūkas
2021-11-14,2.9416666666666664,1.2541666666666667,1.9166666666666667,5.6,55.0,100.0,1028.3958333333333,93.5,0.0,migla
2021-11-15,0.5583333333333333,-2.1041666666666665,2.3833333333333333,7.1,50.0,100.0,1036.55,91.20833333333333,0.0,debesuota
2021-11-16,1.3708333333333333,-1.7125000000000001,2.841666666666667,5.4,158.0,100.0,1030.6916666666666,95.54166666666667,0.0,migla
2021-11-17,2.720833333333333,-0.9458333333333333,4.0375000000000005,8.8,167.0,100.0,1020.7166666666667,93.95833333333333,0.0,migla
2021-11-18,4.341666666666667,2.4791666666666665,3.5833333333333335,8.0,194.0,97.5,1013.7375000000001,92.20833333333333,2.2,nedidelis lietus
2021-11-19,7.608333333333333,7.208333333333333,4.4875,13.6,259.0,99.5,1003.8791666666666,94.04166666666667,7.3,nedidelis lietus
2021-11-20,6.929166666666667,6.7124999999999995,5.258333333333334,16.3,260.0,76.25,1004.275,77.20833333333333,8.8,debesuota
2021-11-21,5.7749999999999995,4.891666666666667,4.379166666666666,13.9,253.0,97.0,1001.1625,92.20833333333333,6.0,nedidelis lietus
2021-11-22,-2.308333333333333,-3.9499999999999997,1.5791666666666666,5.7,191.0,31.958333333333332,1017.9291666666667,86.41666666666667,0.1,migla
2021-11-23,-1.4375,-4.3374999999999995,2.2958333333333334,5.8,156.0,95.41666666666667,1017.5416666666666,95.125,2.8000000000000003,nedidelis sniegas
2021-11-24,2.2708333333333335,-0.9,3.2125,8.5,209.0,98.0,1017.2291666666666,97.91666666666667,0.2,migla
2021-11-25,3.329166666666667,-0.01666666666666668,3.7291666666666665,9.0,206.0,95.375,1009.7125,92.66666666666667,0.5,migla
2021-11-26,1.2625,-2.1958333333333333,3.475,9.5,198.0,94.41666666666667,1000.9791666666666,86.75,1.4,migla
2021-11-27,0.28750000000000003,-1.8916666666666666,2.091666666666667,5.8,44.0,100.0,993.4208333333332,97.95833333333333,9.8,nedidelė šlapdriba
2021-11-28,0.5916666666666667,-2.0625,2.3583333333333334,5.4,46.0,97.95833333333333,1000.1583333333333,93.91666666666667,0.1,migla
2021-11-29,-0.07083333333333335,-3.654166666666667,3.2375000000000003,11.2,312.0,62.5,989.9583333333334,96.125,10.7,nedidelė šlapdriba
2021-11-30,-2.066666666666667,-6.554166666666667,4.504166666666667,15.0,264.0,37.125,990.1999999999999,86.66666666666667,1.1,trumpas sniegas
2021-12-01,-3.1875,-7.095833333333334,2.891666666666667,9.5,255.0,70.54166666666667,996.4916666666667,87.41666666666667,0.7,debesuota
2021-12-02,1.5875000000000001,-3.25,5.7250000000000005,14.8,198.0,100.0,988.0875,81.375,5.7,debesuota
2021-12-03,0.05000000000000002,-4.291666666666667,4.379166666666666,14.3,236.0,82.0,999.6083333333332,78.75,0.4,debesuota
2021-12-04,-1.4375,-4.895833333333333,2.9458333333333333,8.8,185.0,98.0,1005.7125,90.875,2.2,nedidelis sniegas
2021-12-05,-0.9666666666666667,-1.7208333333333332,1.2,4.3,66.0,99.5,1010.5749999999999,93.04166666666667,0.0,migla
2021-12-06,-5.083333333333333,-8.299999999999999,1.9666666666666668,5.0,33.0,100.0,1014.5291666666667,91.83333333333333,0.6000000000000001,nedidelis sniegas
2021-12-07,-11.004166666666668,-13.908333333333333,1.7333333333333334,4.0,309.0,100.0,1018.6791666666667,89.41666666666667,0.1,nedidelis sniegas
2021-12-08,-12.708333333333334,-16.129166666666666,1.9375,5.4,63.0,20.17391304347826,1021.5291666666667,83.375,0.0,giedra
2021-12-09,-8.375,-13.229166666666666,2.8000000000000003,7.3,67.0,79.16666666666667,1018.8208333333333,87.75,0.0,debesuota
2021-12-10,0.3958333333333333,-3.5541666666666667,3.691666666666667,8.9,111.0,100.0,1010.8791666666666,94.25,1.7999999999999998,migla
2021-12-11,1.6166666666666665,0.9333333333333332,1.325,3.6,311.0,100.0,1014.1541666666667,98.875,3.2,nedidelis lietus
2021-12-12,-1.0916666666666666,-3.095833333333333,1.7958333333333334,4.5,316.0,100.0,1023.2791666666667,98.45833333333333,0.0,migla
2021-12-13,-2.858333333333333,-3.391666666666667,1.1166666666666667,3.4,289.0,100.0,1027.2916666666667,96.70833333333333,0.0,migla
2021-12-14,-3.125,-7.770833333333333,3.6999999999999997,8.1,171.0,97.91304347826087,1025.6041666666667,96.0,0.1,migla
2021-12-15,0.8624999999999999,-2.2875,3.033333333333333,7.3,207.0,100.0,1023.3291666666668,98.16666666666667,0.4,rūkas
2021-12-16,4.466666666666667,2.1708333333333334,4.4624999999999995,11.0,279.0,97.0,1018.5749999999999,91.45833333333333,0.9,debesuota
2021-12-17,1.8791666666666667,-1.8541666666666667,3.8833333333333333,10.3,338.0,98.5,1021.8458333333333,90.16666666666667,0.5,debesuota
2021-12-18,2.0458333333333334,-1.6083333333333334,3.9333333333333336,12.7,274.0,100.0,1019.6958333333333,94.91666666666667,3.4,debesuota
2021-12-19,2.120833333333333,-2.558333333333333,5.6499999999999995,14.0,306.0,92.83333333333333,1001.6125000000001,88.625,0.7,nedidelė šlapdriba
2021-12-20,-4.404166666666667,-9.679166666666665,4.045833333333333,10.9,346.0,97.0,1010.4166666666666,70.95833333333333,0.9,nedidelis sniegas
2021-12-21,-8.887500000000001,-13.133333333333333,2.5625,7.7,320.0,84.54166666666667,1019.3833333333333,80.70833333333333,0.9,nedidelis sniegas
2021-12-22,-11.454166666666666,-15.033333333333333,2.0458333333333334,6.1,306.0,71.3913043478261,1025.675,86.58333333333333,0.0,nedidelis sniegas
2021-12-23,-8.483333333333333,-14.595833333333333,4.104166666666667,8.9,178.0,76.16666666666667,1015.375,87.25,0.30000000000000004,nedidelis sniegas
2021-12-24,-5.133333333333334,-11.029166666666667,4.608333333333333,9.6,186.0,91.20833333333333,994.1750000000001,89.66666666666667,2.1,nedidelis sniegas
2021-12-25,-6.604166666666667,-12.408333333333333,4.1375,8.9,256.0,67.95833333333333,1002.0,87.25,0.1,nedidelis sniegas
2021-12-26,-5.016666666666667,-9.379166666666666,3.5875,12.2,249.0,88.75,1009.7541666666666,81.29166666666667,0.8999999999999999,nedidelis sniegas
2021-12-27,-6.466666666666666,-11.429166666666667,3.216666666666667,7.1,186.0,95.83333333333333,1019.875,92.95833333333333,0.0,migla
2021-12-28,-9.779166666666667,-16.258333333333333,4.145833333333333,11.8,144.0,53.25,1019.6750000000001,88.20833333333333,0.0,giedra
2021-12-29,-8.658333333333333,-15.549999999999999,4.966666666666667,11.6,144.0,43.375,1014.3249999999999,76.95833333333333,0.0,giedra
2021-12-30,-4.920833333333333,-10.204166666666667,3.8541666666666665,7.6,162.0,100.0,1012.4708333333333,90.5,0.30000000000000004,nedidelis sniegas
2021-12-31,2.375,-0.25833333333333336,2.6625,6.4,209.0,100.0,1005.9499999999999,98.79166666666667,4.7,nedidelis lietus
2022-01-01,1.8875,-1.9791666666666667,4.220833333333333,13.2,275.0,,1012.7291666666666,91.29166666666667,0.30000000000000004,
2022-01-02,-1.8958333333333333,-5.825,3.8708333333333336,11.8,166.0,,1012.4166666666666,94.91666666666667,10.6,
2022-01-03,3.9583333333333335,1.075,3.829166666666667,10.0,301.0,,996.375,97.375,6.0,
2022-01-04,3.7375000000000003,0.8083333333333332,3.3083333333333336,7.6,139.0,99.07692307692308,996.3041666666667,95.08333333333333,3.4,migla
2022-01-05,1.3,-1.8875,3.1291666666666664,9.2,203.0,93.94444444444444,993.6,92.5,2.7,debesuota
2022-01-06,-0.6583333333333333,-5.1625000000000005,4.141666666666667,10.1,215.0,84.45833333333333,1001.0375,84.16666666666667,1.0,debesuota
2022-01-07,-2.7416666666666667,-7.529166666666666,3.8708333333333336,8.4,241.0,60.041666666666664,1014.2708333333334,83.625,0.0,debesuota
2022-01-08,-3.220833333333333,-8.6,4.583333333333333,10.6,168.0,81.95833333333333,1013.5458333333332,76.58333333333333,0.0,debesuota
2022-01-09,-3.2624999999999997,-6.358333333333333,2.3833333333333333,6.0,4.0,80.33333333333333,1010.4708333333333,84.83333333333333,0.0,debesuota
2022-01-10,-2.7916666666666665,-5.175,1.8375000000000001,5.5,339.0,70.5,1023.0333333333333,84.375,0.0,debesuota
2022-01-11,-6.570833333333333,-9.429166666666667,2.1333333333333333,6.9,19.0,30.791666666666668,1035.4125000000001,77.75,0.0,giedra
2022-01-12,-10.283333333333333,-13.954166666666666,2.2916666666666665,7.1,167.0,54.291666666666664,1033.6083333333333,87.625,0.1,debesuota
2022-01-13,1.4000000000000001,-3.1125000000000003,5.033333333333333,13.6,274.0,100.0,1015.9583333333334,96.20833333333333,0.6,migla
2022-01-14,3.4958333333333336,-1.4333333333333333,8.233333333333333,22.7,309.0,93.91666666666667,1003.1875,72.125,0.7,debesuota
2022-01-15,1.5208333333333333,-3.3625000000000003,5.779166666666666,13.6,301.0,98.5,1015.225,67.0,0.0,debesuota
2022-01-16,-1.2666666666666666,-5.733333333333333,4.025,10.4,217.0,95.0,1014.0791666666668,86.33333333333333,0.2,debesuota
2022-01-17,-0.5791666666666667,-6.616666666666667,6.979166666666667,17.4,228.0,77.11111111111111,996.7125,85.125,4.0,nedidelis sniegas
2022-01-18,-2.4250000000000003,-6.8500000000000005,3.7916666666666665,12.3,236.0,45.541666666666664,1022.4166666666666,76.08333333333333,0.0,debesuota
2022-01-19,-0.47500000000000003,-4.866666666666666,4.129166666666666,11.9,214.0,95.375,1016.2333333333332,94.79166666666667,0.1,migla
2022-01-20,-1.1041666666666667,-6.804166666666667,5.979166666666667,13.0,173.0,96.45833333333333,995.5124999999999,88.20833333333333,4.9,sniegas
2022-01-21,-1.6875,-7.758333333333333,6.433333333333334,15.9,309.0,99.0,998.5833333333334,83.04166666666667,3.2,nedidelis sniegas
2022-01-22,-3.0541666666666667,-7.883333333333333,3.8333333333333335,10.1,327.0,96.0,1014.4499999999999,81.25,0.5,nedidelis sniegas
2022-01-23,-6.054166666666667,-9.183333333333334,2.1333333333333333,7.6,332.0,61.166666666666664,1030.3416666666667,85.45833333333333,0.0,migla
2022-01-24,-7.254166666666666,-13.004166666666668,3.8833333333333333,8.1,186.0,89.16666666666667,1033.1583333333333,86.0,0.2,migla
2022-01-25,0.025000000000000012,-3.5708333333333333,3.1791666666666667,8.9,211.0,98.0,1021.6833333333334,94.54166666666667,0.7,debesuota
2022-01-26,-1.5291666666666668,-4.529166666666667,2.591666666666667,6.7,168.0,100.0,1018.6958333333333,87.125,1.2999999999999998,debesuota
2022-01-27,0.9958333333333332,-3.3166666666666664,4.483333333333333,9.8,211.0,100.0,1004.6416666666668,95.25,2.5,nedidelis lietus
2022-01-28,0.5208333333333334,-4.604166666666667,5.691666666666666,15.8,212.0,100.0,1000.4083333333333,92.04166666666667,5.0,nedidelė šlapdriba
2022-01-29,-0.6041666666666666,-5.575,5.191666666666666,14.4,180.0,74.625,1007.4541666666668,78.54166666666667,4.0,debesuota
2022-01-30,0.7666666666666666,-4.366666666666666,5.845833333333334,13.9,215.0,99.0,983.1875,91.54166666666667,7.4,sniegas
2022-01-31,-2.775,-8.549999999999999,5.420833333333333,13.6,306.0,96.0,995.4875000000001,85.16666666666667,0.7,nedidelis sniegas
2022-02-01,-3.733333333333333,-8.370833333333334,3.4416666666666664,8.2,291.0,97.5,1000.4208333333332,88.33333333333333,1.2000000000000002,nedidelis sniegas
2022-02-02,-2.6374999999999997,-6.433333333333334,2.908333333333333,8.8,335.0,99.5,999.1125000000001,91.04166666666667,0.8,nedidelis sniegas
2022-02-03,-4.483333333333333,-7.866666666666667,2.2624999999999997,6.9,149.0,90.83333333333333,1014.9083333333333,87.0,0.39999999999999997,nedidelis sniegas
2022-02-04,-3.5,-8.604166666666666,4.220833333333333,8.9,140.0,92.20833333333333,1012.85,89.79166666666667,0.8,debesuota
2022-02-05,0.49583333333333335,-4.308333333333333,5.070833333333334,12.2,168.0,94.875,1003.4916666666667,92.95833333333333,2.1,nedidelė šlapdriba
2022-02-06,0.9125,-3.9125,5.329166666666667,11.5,197.0,99.0,999.6791666666667,91.95833333333333,1.9000000000000001,debesuota
2022-02-07,1.1666666666666667,-3.3166666666666664,4.783333333333333,11.7,263.0,95.45833333333333,995.3416666666667,85.5,2.7,nedidelė šlapdriba
2022-02-08,1.1625,-2.975,4.291666666666667,11.0,279.0,97.0,1009.1666666666666,81.0,0.8999999999999999,debesuota
2022-02-09,2.7375000000000003,-1.1875,4.4875,11.4,205.0,97.0,1012.9333333333334,86.45833333333333,1.7,debesuota
2022-02-10,2.65,-0.8875000000000001,4.054166666666666,13.1,258.0,82.58333333333333,1013.125,78.79166666666667,0.0,debesuota
2022-02-11,1.2208333333333334,-1.9375,2.9875000000000003,8.6,241.0,85.625,1014.5625,88.0,0.30000000000000004,debesuota
2022-02-12,-0.7999999999999999,-4.933333333333334,3.7541666666666664,11.5,258.0,46.0,1026.6958333333334,75.83333333333333,0.2,giedra
2022-02-13,-1.0208333333333333,-5.779166666666666,4.441666666666666,9.5,185.0,17.333333333333332,1022.4416666666666,70.0,0.0,giedra
2022-02-14,0.6083333333333334,-3.9166666666666665,4.720833333333333,10.7,184.0,21.458333333333332,1014.8666666666667,67.20833333333333,0.0,giedra
2022-02-15,1.1875,-2.620833333333333,4.370833333333334,11.4,150.0,29.708333333333332,1013.375,79.45833333333333,0.0,giedra
2022-02-16,3.3000000000000003,-0.19166666666666665,5.016666666666667,13.5,164.0,88.75,1003.7375000000001,83.91666666666667,2.9,debesuota
2022-02-17,3.9499999999999997,0.42916666666666653,6.925,16.7,271.0,93.91666666666667,980.1416666666668,88.125,10.9,nedidelis lietus
2022-02-18,1.7416666666666665,-2.3958333333333335,4.504166666666666,12.8,244.0,87.75,995.3916666666668,89.33333333333333,2.4000000000000004,debesuota
2022-02-19,2.5749999999999997,-2.225,7.095833333333334,16.9,217.0,95.95833333333333,991.1166666666667,84.58333333333333,5.8,nedidelis lietus
2022-02-20,1.9166666666666667,-2.158333333333333,4.516666666666667,10.7,215.0,91.41666666666667,1003.225,83.91666666666667,0.1,debesuota
2022-02-21,3.0,-0.1958333333333333,5.033333333333333,12.0,158.0,79.83333333333333,990.3708333333334,90.91666666666667,7.2,nedidelis lietus
2022-02-22,0.3166666666666667,-4.833333333333333,5.695833333333333,12.5,191.0,90.70833333333333,998.8291666666668,85.5,2.4,nedidelis sniegas
2022-02-23,-0.04583333333333334,-2.5124999999999997,2.2958333333333334,8.1,145.0,95.45833333333333,1011.65,89.25,1.3,debesuota
2022-02-24,-0.029166666666666664,-4.608333333333333,4.758333333333334,12.4,161.0,94.41666666666667,1019.0166666666668,90.625,0.0,debesuota
2022-02-25,1.8291666666666666,-2.216666666666667,4.5125,11.9,169.0,82.5,1011.9541666666668,79.5,1.3,debesuota
2022-02-26,1.7375,-0.8333333333333334,2.5541666666666667,6.1,227.0,60.666666666666664,1027.6833333333332,78.29166666666667,0.0,debesuota
2022-02-27,-1.5666666666666667,-4.054166666666666,2.1791666666666667,7.8,9.0,1.5833333333333333,1037.7416666666666,67.83333333333333,0.0,giedra
2022-02-28,-2.3041666666666667,-3.2083333333333335,1.3916666666666666,4.0,309.0,0.0,1038.9375,71.125,0.0,giedra
2022-03-01,-1.2166666666666668,-2.3541666666666665,1.5708333333333335,5.4,315.0,0.0,1034.5125,66.79166666666667,0.0,giedra
2022-03-02,-0.5125,-1.383333333333333,1.5958333333333334,6.2,324.0,69.95833333333333,1024.7625,67.91666666666667,0.0,migla
2022-03-03,-0.6708333333333334,-2.6666666666666665,1.9833333333333334,6.5,302.0,79.45833333333333,1016.6291666666666,79.45833333333333,0.0,debesuota
2022-03-04,0.05000000000000001,-2.5166666666666666,2.3333333333333335,6.9,351.0,100.0,1020.1416666666668,73.83333333333333,0.0,debesuota
2022-03-05,-2.591666666666667,-4.875,2.058333333333333,6.3,6.0,58.5,1024.7958333333333,65.29166666666667,0.0,debesuota
2022-03-06,-2.5875,-5.445833333333333,2.8000000000000003,8.2,287.0,41.166666666666664,1021.3916666666668,72.04166666666667,0.0,giedra
2022-03-07,0.2125,-3.295833333333333,3.108333333333333,7.4,335.0,94.375,1017.275,81.25,0.6,debesuota
2022-03-08,-0.75,-3.4333333333333336,2.3125,7.6,2.0,80.29166666666667,1021.7875,59.916666666666664,0.1,debesuota
2022-03-09,-1.9166666666666667,-5.175,2.4791666666666665,7.7,53.0,41.708333333333336,1027.0791666666667,54.166666666666664,0.5,giedra
2022-03-10,-4.520833333333333,-6.9750000000000005,1.8958333333333333,6.9,66.0,0.0,1039.5166666666667,37.625,0.0,giedra
2022-03-11,-2.8874999999999997,-4.483333333333333,1.5708333333333335,5.6,286.0,31.916666666666668,1037.7666666666667,46.166666666666664,0.0,giedra
2022-03-12,1.2166666666666666,-0.7541666666666668,2.2666666666666666,7.7,308.0,79.41666666666667,1030.1416666666667,49.666666666666664,0.0,debesuota
2022-03-13,0.9541666666666667,0.17500000000000004,1.5125,4.5,73.0,31.333333333333332,1031.825,67.75,0.0,giedra
2022-03-14,0.8499999999999998,0.22083333333333321,1.3,4.3,151.0,1.5833333333333333,1034.6125,66.875,0.0,giedra
2022-03-15,2.879166666666667,2.375,1.7249999999999999,4.9,133.0,0.0,1030.7208333333333,56.458333333333336,0.0,giedra
2022-03-16,3.091666666666667,2.25,2.191666666666667,7.6,93.0,0.0,1032.1541666666667,55.333333333333336,0.0,giedra
2022-03-17,0.9499999999999998,-0.1708333333333334,2.1,7.1,111.0,0.0,1040.9624999999999,41.375,0.0,giedra
2022-03-18,0.7666666666666666,-0.8666666666666667,2.1458333333333335,6.4,126.0,0.0,1045.0583333333334,45.041666666666664,0.0,giedra
2022-03-19,2.0124999999999997,1.6749999999999998,1.375,5.6,6.0,0.0,1046.5833333333333,49.375,0.0,giedra
2022-03-20,3.5,3.2375000000000003,1.4958333333333333,5.5,315.0,0.0,1046.0916666666667,57.833333333333336,0.0,giedra
2022-03-21,5.433333333333334,5.254166666666667,1.375,5.1,323.0,0.0,1041.7208333333333,60.875,0.0,giedra
2022-03-22,5.483333333333333,5.483333333333333,1.3458333333333332,5.4,288.0,0.0,1038.2458333333332,59.25,0.0,giedra
2022-03-23,6.791666666666667,5.6499999999999995,3.3000000000000003,12.8,288.0,12.541666666666666,1028.1875,52.166666666666664,0.0,giedra
2022-03-24,4.595833333333333,3.2416666666666667,2.7624999999999997,8.6,305.0,40.166666666666664,1024.6291666666668,63.083333333333336,0.0,giedra
2022-03-25,7.1000000000000005,7.016666666666667,2.7708333333333335,9.4,265.0,12.0,1021.7958333333332,57.5,0.0,giedra
2022-03-26,5.625,4.041666666666667,6.916666666666667,20.3,238.0,78.95833333333333,1013.6166666666667,54.291666666666664,0.0,debesuota
2022-03-27,0.6541666666666667,-3.5749999999999997,4.4624999999999995,13.7,313.0,60.166666666666664,1024.8791666666666,49.583333333333336,0.0,debesuota
2022-03-28,6.820833333333333,5.020833333333333,5.754166666666666,19.5,213.0,36.625,1007.9125,61.416666666666664,0.0,giedra
2022-03-29,3.516666666666666,1.9041666666666666,3.8666666666666667,11.5,297.0,82.08333333333333,1004.2666666666668,59.041666666666664,0.0,debesuota
2022-03-30,-1.4833333333333334,-2.8791666666666664,1.7374999999999998,5.8,6.0,94.41666666666667,1007.5625,68.875,0.0,debesuota
2022-03-31,-0.3625,-2.7291666666666665,2.4166666666666665,8.3,26.0,42.958333333333336,1009.9958333333334,44.958333333333336,0.0,debesuota
2022-04-01,1.2166666666666666,-2.6458333333333335,4.004166666666666,10.8,40.0,90.83333333333333,1008.2041666666668,41.25,0.0,debesuota
2022-04-02,1.8458333333333332,-1.625,4.175,13.4,0.0,79.45833333333333,1005.1999999999999,41.666666666666664,0.0,debesuota
2022-04-03,0.11249999999999998,-2.9499999999999997,2.7583333333333333,13.6,263.0,12.625,1009.1750000000001,48.375,0.0,giedra
2022-04-04,1.5958333333333334,-2.3249999999999997,5.379166666666666,13.6,181.0,88.16666666666667,1003.475,65.875,0.0,debesuota
2022-04-05,1.2791666666666666,-3.4291666666666667,5.641666666666667,14.5,185.0,65.16666666666667,992.5791666666668,76.04166666666667,2.5,giedra
2022-04-06,2.6999999999999997,0.07083333333333326,3.9416666666666664,9.0,201.0,75.16666666666667,999.3541666666666,74.79166666666667,1.1,nedidelis lietus
2022-04-07,10.262500000000001,10.262500000000001,4.6625000000000005,12.1,160.0,78.375,991.4916666666667,74.58333333333333,0.2,debesuota
2022-04-08,6.254166666666666,5.520833333333333,4.658333333333333,16.2,210.0,72.70833333333333,988.9916666666667,73.625,3.5,debesuota
2022-04-09,3.841666666666667,2.25,3.15,9.7,171.0,52.791666666666664,997.9958333333334,68.875,0.0,debesuota
2022-04-10,3.375,1.75,3.358333333333334,9.3,222.0,43.916666666666664,1009.0625,63.5,0.0,giedra
2022-04-11,3.4333333333333336,2.3125,2.525,8.9,249.0,57.73913043478261,1015.9875000000001,68.08333333333333,0.0,debesuota
2022-04-12,4.641666666666667,3.8666666666666667,2.129166666666667,7.7,321.0,20.375,1021.3000000000001,65.0,0.0,giedra
2022-04-13,6.95,6.645833333333333,1.7708333333333333,6.8,16.0,5.25,1024.5333333333333,53.708333333333336,0.0,giedra
2022-04-14,9.566666666666666,9.566666666666666,2.1791666666666667,8.2,167.0,51.25,1019.9499999999999,49.083333333333336,0.0,debesuota
2022-04-15,7.6625000000000005,7.145833333333333,2.5791666666666666,10.4,331.0,99.0,1016.9541666666668,82.29166666666667,4.0,debesuota
2022-04-16,3.8541666666666665,2.2708333333333335,3.1,9.4,345.0,79.29166666666667,1026.0625,64.58333333333333,0.0,debesuota
2022-04-17,4.370833333333334,3.9499999999999997,2.3583333333333334,8.4,8.0,46.041666666666664,1026.4083333333333,50.375,0.0,debesuota
2022-04-18,6.041666666666667,5.795833333333333,3.329166666666667,12.4,32.0,54.291666666666664,1018.5291666666667,42.416666666666664,0.0,debesuota
2022-04-19,6.458333333333333,5.966666666666666,2.1041666666666665,7.4,38.0,99.0,1014.4458333333333,80.58333333333333,7.5,nedidelis lietus
2022-04-20,8.35,8.35,2.3833333333333333,9.7,29.0,92.29166666666667,1011.9666666666667,73.625,3.1,debesuota
2022-04-21,9.549999999999999,9.549999999999999,3.4791666666666665,10.6,41.0,85.54166666666667,1013.1833333333334,61.708333333333336,0.0,debesuota
2022-04-22,8.595833333333333,8.216666666666667,3.2541666666666664,11.4,58.0,64.33333333333333,1016.2541666666666,68.95833333333333,1.6,debesuota
2022-04-23,6.429166666666667,6.429166666666667,1.2125000000000001,4.9,49.0,99.5,1007.7416666666667,94.45833333333333,16.9,nedidelis lietus
2022-04-24,6.233333333333333,6.145833333333333,2.5500000000000003,7.0,212.0,99.0,1004.2041666666668,94.75,10.5,nedidelis lietus
2022-04-25,7.770833333333333,7.770833333333333,1.2,4.0,34.0,99.5,1007.1958333333333,82.79166666666667,0.0,debesuota
2022-04-26,9.583333333333334,9.583333333333334,2.441666666666667,10.6,315.0,68.375,1013.1374999999999,64.83333333333333,0.0,debesuota
2022-04-27,6.625,6.483333333333333,2.845833333333333,11.3,317.0,29.791666666666668,1022.7125,53.041666666666664,0.0,giedra
2022-04-28,5.1125,4.645833333333333,2.1,8.4,9.0,34.666666666666664,1027.1416666666667,48.75,0.0,giedra
2022-04-29,5.754166666666666,5.5874999999999995,1.616666666666667,6.8,30.0,69.45833333333333,1027.1333333333334,59.208333333333336,0.0,debesuota
2022-04-30,6.404166666666666,6.404166666666666,1.9166666666666667,7.5,307.0,5.291666666666667,1026.0458333333333,52.375,0.0,giedra
2022-05-01,8.795833333333333,8.795833333333333,1.4124999999999999,5.6,335.0,70.95833333333333,1022.0291666666667,54.708333333333336,0.1,debesuota
2022-05-02,8.012500000000001,7.633333333333333,1.8875,5.2,250.0,20.958333333333332,1016.9416666666666,68.16666666666667,0.0,giedra
2022-05-03,7.591666666666666,7.054166666666666,2.8375,9.3,150.0,40.208333333333336,1013.1833333333334,63.583333333333336,0.4,giedra
2022-05-04,5.2875000000000005,4.991666666666666,2.154166666666667,9.7,13.0,9.5,1022.5541666666667,47.333333333333336,0.0,giedra
2022-05-05,9.3375,8.9125,2.908333333333333,8.9,150.0,52.875,1024.0333333333333,41.75,0.0,debesuota
2022-05-06,9.741666666666667,9.741666666666667,1.8916666666666666,6.4,186.0,92.83333333333333,1022.9583333333334,76.625,3.6999999999999997,debesuota
2022-05-07,12.966666666666667,12.966666666666667,2.529166666666667,9.8,278.0,74.16666666666667,1020.3333333333334,68.08333333333333,0.2,debesuota
2022-05-08,10.791666666666666,10.791666666666666,2.5541666666666667,7.5,354.0,61.130434782608695,1022.7166666666667,65.33333333333333,0.1,debesuota
2022-05-09,7.908333333333334,7.529166666666666,2.091666666666667,7.1,335.0,0.0,1030.1833333333334,45.833333333333336,0.0,giedra
2022-05-10,10.804166666666667,10.804166666666667,1.2625,4.5,128.0,8.916666666666666,1024.2208333333333,44.75,0.0,giedra
2022-05-11,14.633333333333333,14.633333333333333,3.0124999999999997,9.6,189.0,82.30434782608695,1012.7666666666668,53.083333333333336,0.0,debesuota
2022-05-12,12.695833333333333,12.695833333333333,4.6625000000000005,14.9,258.0,72.66666666666667,1007.1291666666666,78.125,8.5,debesuota
2022-05-13,11.566666666666668,11.566666666666668,4.075,12.5,244.0,48.125,1012.3333333333334,61.583333333333336,0.0,debesuota
2022-05-14,10.0125,10.0125,3.6791666666666667,10.3,217.0,78.875,1010.8791666666666,78.33333333333333,2.2,debesuota
2022-05-15,11.025,11.025,3.3041666666666667,8.6,272.0,80.41666666666667,1014.5958333333333,67.45833333333333,0.6,debesuota
2022-05-16,10.141666666666667,10.016666666666667,2.8625000000000003,11.5,289.0,48.583333333333336,1018.0208333333334,55.625,0.0,giedra
2022-05-17,5.8999999999999995,4.791666666666667,3.375,11.9,302.0,47.041666666666664,1019.7208333333333,67.5,1.0,giedra
2022-05-18,10.008333333333333,9.491666666666667,3.2624999999999997,10.6,319.0,38.125,1025.1208333333334,56.958333333333336,0.0,giedra
2022-05-19,12.825000000000001,12.825000000000001,2.0708333333333333,9.4,252.0,77.83333333333333,1022.0,56.291666666666664,0.4,debesuota
2022-05-20,16.429166666666667,16.400000000000002,3.2583333333333333,11.4,151.0,69.58333333333333,1012.7875,68.79166666666667,2.9000000000000004,debesuota
2022-05-21,11.674999999999999,11.674999999999999,2.2125,13.2,289.0,90.20833333333333,1003.9291666666667,88.79166666666667,24.400000000000002,debesuota
2022-05-22,11.091666666666667,11.091666666666667,2.0625,7.9,329.0,92.45833333333333,1006.6875,75.91666666666667,0.8,debesuota
2022-05-23,12.7125,12.7125,1.4791666666666667,6.4,320.0,19.833333333333332,1012.1875,51.916666666666664,0.0,giedra
2022-05-24,14.908333333333333,14.908333333333333,1.9291666666666665,6.1,127.0,0.5416666666666666,1013.4125,50.625,0.0,giedra
2022-05-25,15.945833333333333,15.945833333333333,2.8166666666666664,8.8,130.0,68.95833333333333,1012.0500000000001,60.166666666666664,8.1,debesuota
2022-05-26,12.0875,12.0875,3.7541666666666664,11.4,259.0,68.45833333333333,1009.2291666666666,79.625,10.9,nepastoviai debesuota
2022-05-27,10.345833333333333,10.345833333333333,4.0125,11.8,252.0,47.625,1005.1708333333332,75.08333333333333,3.6,giedra
2022-05-28,8.450000000000001,8.450000000000001,3.033333333333333,10.7,197.0,43.416666666666664,1004.8041666666667,77.5,5.0,giedra
2022-05-29,9.4625,9.120833333333334,2.2291666666666665,7.4,169.0,76.47619047619048,1010.5791666666668,89.04166666666667,4.1,debesuota
2022-05-30,10.258333333333333,10.258333333333333,3.3833333333333333,12.2,32.0,94.91666666666667,1010.5166666666668,92.125,14.9,lietus
2022-05-31,12.450000000000001,12.450000000000001,3.095833333333333,9.2,209.0,62.25,1016.5041666666666,73.20833333333333,0.1,debesuota
2022-06-01,13.875,13.875,2.9499999999999997,12.1,121.0,65.83333333333333,1015.9375,80.41666666666667,7.2,debesuota
2022-06-02,11.416666666666666,11.416666666666666,2.4458333333333333,7.5,187.0,57.958333333333336,1017.8791666666666,89.29166666666667,5.9,giedra
2022-06-03,12.6625,12.6625,2.2041666666666666,8.4,196.0,46.04761904761905,1022.5791666666668,75.5,0.0,debesuota
2022-06-04,15.1,15.1,1.7166666666666668,7.3,12.0,38.166666666666664,1020.0500000000001,70.33333333333333,0.0,giedra
2022-06-05,15.533333333333333,15.533333333333333,1.6125,6.8,333.0,13.083333333333334,1020.6875,66.20833333333333,0.0,giedra
2022-06-06,17.779166666666665,17.670833333333334,1.2625,4.8,156.0,23.583333333333332,1019.3291666666668,58.916666666666664,0.0,giedra
2022-06-07,19.383333333333333,19.320833333333333,1.4583333333333333,6.0,155.0,86.70833333333333,1014.1791666666667,64.70833333333333,0.0,debesuota
2022-06-08,19.695833333333333,19.679166666666667,2.0833333333333335,9.1,115.0,77.375,1010.6125000000001,73.95833333333333,12.799999999999999,debesuota
2022-06-09,20.145833333333332,20.191666666666666,1.8625,9.7,18.0,60.208333333333336,1011.6708333333332,80.83333333333333,3.9000000000000004,mažai debesuota
2022-06-10,21.391666666666666,21.474999999999998,2.1374999999999997,11.0,295.0,32.916666666666664,1014.9375,75.45833333333333,0.0,giedra
2022-06-11,17.408333333333335,17.408333333333335,2.7291666666666665,8.0,297.0,65.70833333333333,1018.9041666666667,82.29166666666667,0.0,migla
2022-06-12,18.129166666666666,18.129166666666666,2.2375000000000003,7.9,308.0,25.708333333333332,1017.6291666666666,66.625,0.0,giedra
2022-06-13,15.720833333333333,15.720833333333333,1.7625,7.8,45.0,73.66666666666667,1012.8833333333333,73.875,8.4,debesuota
2022-06-14,11.183333333333332,11.183333333333332,3.6791666666666667,11.1,280.0,94.95833333333333,1011.4125,90.20833333333333,18.8,lietus
2022-06-15,15.008333333333333,15.008333333333333,3.2583333333333333,9.5,274.0,62.21739130434783,1016.2583333333333,73.45833333333333,0.1,debesuota
2022-06-16,14.241666666666667,14.241666666666667,1.7833333333333332,5.7,198.0,80.91666666666667,1017.4416666666666,83.08333333333333,2.7,debesuota
2022-06-17,15.366666666666667,15.366666666666667,2.1333333333333333,9.7,288.0,42.916666666666664,1017.725,74.0,2.0,giedra
2022-06-18,16.1375,16.1375,2.6916666666666664,8.6,112.0,75.16666666666667,1016.5375,74.0,0.2,debesuota
2022-06-19,19.545833333333334,19.454166666666666,2.875,9.7,29.0,23.583333333333332,1009.4875000000001,60.708333333333336,0.0,giedra
2022-06-20,14.891666666666666,14.891666666666666,1.7791666666666668,5.9,335.0,93.41666666666667,1007.5583333333334,85.5,1.8,debesuota
2022-06-21,12.674999999999999,12.674999999999999,3.0666666666666664,11.0,1.0,97.0,1001.4499999999999,96.16666666666667,54.400000000000006,nedidelis lietus
2022-06-22,16.208333333333332,16.208333333333332,2.4458333333333333,9.7,319.0,13.625,1009.2708333333334,65.70833333333333,0.0,giedra
2022-06-23,18.366666666666667,18.224999999999998,1.3916666666666666,5.1,318.0,11.041666666666666,1016.1458333333334,62.166666666666664,0.0,giedra
2022-06-24,20.7375,20.558333333333334,1.0250000000000001,3.7,55.0,2.0833333333333335,1018.0583333333334,60.333333333333336,0.0,giedra
2022-06-25,23.316666666666666,23.170833333333334,1.7791666666666668,7.3,41.0,19.916666666666668,1017.9166666666666,58.5,0.0,giedra
2022-06-26,24.233333333333334,24.229166666666668,1.6333333333333335,5.8,109.0,11.041666666666666,1020.6125000000001,60.375,0.0,giedra
2022-06-27,24.95,25.03333333333333,1.5999999999999999,5.9,123.0,3.7083333333333335,1021.3874999999999,61.666666666666664,0.0,giedra
2022-06-28,24.3,24.558333333333334,1.8125,6.5,96.0,49.208333333333336,1019.4708333333333,69.125,6.8,giedra
2022-06-29,22.570833333333336,22.84583333333333,2.2041666666666666,9.8,35.0,52.791666666666664,1016.8041666666667,81.0,4.4,migla
2022-06-30,23.97083333333333,24.483333333333334,1.8333333333333333,5.7,86.0,32.0,1017.1291666666666,72.70833333333333,0.0,giedra
2022-07-01,24.708333333333332,24.75,2.308333333333333,6.6,123.0,4.75,1018.4458333333333,60.416666666666664,0.0,giedra
2022-07-02,22.712500000000002,22.724999999999998,2.7583333333333333,10.1,128.0,36.166666666666664,1019.6458333333334,70.20833333333333,0.4,giedra
2022-07-03,18.491666666666667,18.491666666666667,1.75,6.2,313.0,68.29166666666667,1020.3416666666667,87.25,0.1,debesuota
2022-07-04,21.075,21.104166666666668,1.5625,5.0,24.0,40.333333333333336,1016.2666666666668,76.79166666666667,0.1,debesuota
2022-07-05,19.804166666666667,19.745833333333334,2.0166666666666666,7.0,21.0,36.625,1017.7458333333334,64.5,0.0,giedra
2022-07-06,14.633333333333333,14.633333333333333,2.0749999999999997,7.5,313.0,79.875,1015.5124999999999,89.625,35.5,debesuota
2022-07-07,15.233333333333334,15.233333333333334,2.1708333333333334,8.2,226.0,42.416666666666664,1016.5041666666666,74.125,0.0,giedra
2022-07-08,15.995833333333332,15.995833333333332,2.25,8.1,132.0,79.91666666666667,1018.3916666666668,79.79166666666667,9.2,debesuota
2022-07-09,15.970833333333333,15.970833333333333,2.2624999999999997,9.7,214.0,72.66666666666667,1015.3291666666668,80.625,0.30000000000000004,debesuota
2022-07-10,15.854166666666666,15.854166666666666,1.7041666666666666,6.9,219.0,59.041666666666664,1011.1083333333332,70.95833333333333,0.9,debesuota
2022-07-11,16.679166666666667,16.679166666666667,2.4541666666666666,8.9,301.0,70.54166666666667,1011.8916666666668,72.58333333333333,0.0,debesuota
2022-07-12,15.558333333333332,15.558333333333332,3.7708333333333335,15.8,302.0,96.95833333333333,1002.725,93.625,30.8,lietus
2022-07-13,16.491666666666667,16.491666666666667,2.658333333333333,7.7,340.0,66.95833333333333,1007.5833333333334,77.5,0.0,debesuota
2022-07-14,17.462500000000002,17.462500000000002,3.7375000000000003,11.7,256.0,55.416666666666664,1009.3291666666668,69.0,0.0,debesuota
2022-07-15,14.0375,14.0375,3.1333333333333333,9.3,227.0,69.04166666666667,1011.2791666666667,79.58333333333333,7.4,debesuota
2022-07-16,14.450000000000001,14.450000000000001,2.658333333333333,8.6,208.0,61.166666666666664,1014.0041666666666,76.95833333333333,2.1,mažai debesuota
2022-07-17,14.558333333333335,14.558333333333335,2.4625,8.3,270.0,75.25,1018.5333333333333,79.20833333333333,1.0,debesuota
2022-07-18,14.35,14.35,2.5124999999999997,7.9,212.0,77.54545454545455,1020.9166666666666,84.16666666666667,0.1,debesuota
2022-07-19,18.616666666666667,18.616666666666667,2.216666666666667,7.1,259.0,64.29166666666667,1018.9625,74.83333333333333,0.0,debesuota
2022-07-20,17.945833333333333,17.945833333333333,2.9958333333333336,10.0,307.0,21.041666666666668,1019.8000000000001,65.54166666666667,0.0,giedra
2022-07-21,20.366666666666667,20.316666666666666,2.183333333333333,8.7,312.0,0.0,1018.1958333333333,66.83333333333333,0.0,giedra
2022-07-22,22.883333333333336,22.825,1.3333333333333333,3.9,131.0,0.0,1016.15,64.375,0.0,giedra
2022-07-23,22.054166666666664,22.224999999999998,1.9791666666666667,6.8,21.0,22.0,1014.3708333333334,73.45833333333333,0.1,giedra
2022-07-24,17.791666666666668,17.791666666666668,2.629166666666667,9.4,267.0,72.04166666666667,1013.9708333333333,84.66666666666667,9.799999999999999,debesuota
2022-07-25,17.979166666666668,17.979166666666668,2.0833333333333335,7.2,301.0,38.208333333333336,1015.3208333333333,73.875,0.0,giedra
2022-07-26,20.0625,20.016666666666666,2.504166666666667,7.5,170.0,47.625,1010.3791666666666,69.58333333333333,0.0,debesuota
2022-07-27,16.820833333333333,16.820833333333333,1.9375,6.1,275.0,74.20833333333333,1012.7666666666668,77.16666666666667,4.1000000000000005,debesuota
2022-07-28,15.2125,15.2125,2.1166666666666667,8.0,167.0,51.75,1017.7541666666666,80.25,1.7,debesuota
2022-07-29,15.762500000000001,15.762500000000001,1.4708333333333332,5.1,7.0,31.863636363636363,1022.0041666666666,71.625,0.0,giedra
2022-07-30,17.470833333333335,17.383333333333333,1.5583333333333333,6.0,103.0,13.666666666666666,1019.775,58.541666666666664,0.0,giedra
2022-07-31,16.195833333333333,16.195833333333333,2.7125,9.1,37.0,93.33333333333333,1013.6291666666666,81.875,11.2,nedidelis lietus
2022-08-01,17.2625,17.2625,2.4458333333333333,7.8,123.0,91.25,1010.7958333333332,92.08333333333333,1.5,debesuota
2022-08-02,18.508333333333333,18.474999999999998,1.9000000000000001,6.2,287.0,47.583333333333336,1016.7166666666667,72.41666666666667,0.0,giedra
2022-08-03,18.233333333333334,18.233333333333334,1.1833333333333333,5.7,101.0,8.875,1020.1333333333333,58.916666666666664,0.0,giedra
2022-08-04,19.641666666666666,19.583333333333332,0.8541666666666666,3.5,168.0,4.166666666666667,1020.7624999999999,57.083333333333336,0.0,giedra
2022-08-05,23.429166666666664,23.554166666666664,1.5750000000000002,6.2,122.0,2.125,1017.5625,65.08333333333333,0.0,giedra
2022-08-06,18.583333333333332,18.758333333333333,2.3874999999999997,11.6,299.0,32.416666666666664,1017.8791666666666,84.70833333333333,29.3,giedra
2022-08-07,16.120833333333334,16.120833333333334,1.5041666666666667,5.5,309.0,22.541666666666668,1023.2041666666668,71.20833333333333,0.0,giedra
2022-08-08,16.433333333333334,16.433333333333334,1.5833333333333333,6.6,284.0,34.541666666666664,1025.0791666666667,69.83333333333333,0.0,giedra
2022-08-09,17.083333333333332,17.083333333333332,1.7249999999999999,5.6,314.0,72.58333333333333,1026.4083333333333,75.54166666666667,0.0,debesuota
2022-08-10,17.670833333333334,17.670833333333334,1.6333333333333335,6.4,327.0,57.5,1026.4041666666667,73.625,0.0,debesuota
2022-08-11,18.962500000000002,18.8125,1.4916666666666665,5.6,1.0,8.916666666666666,1025.7166666666667,67.16666666666667,0.0,giedra
2022-08-12,20.7,20.616666666666667,1.4958333333333333,5.9,4.0,0.0,1024.4958333333334,65.625,0.0,giedra
2022-08-13,21.616666666666664,21.5125,2.1,8.4,25.0,5.75,1020.35,60.833333333333336,0.0,giedra
2022-08-14,22.34583333333333,22.52916666666667,2.0500000000000003,6.7,57.0,63.333333333333336,1016.2125,70.0,0.0,debesuota
2022-08-15,24.304166666666664,24.429166666666664,2.466666666666667,8.4,100.0,66.83333333333333,1013.8416666666667,63.833333333333336,0.0,debesuota
2022-08-16,24.608333333333334,24.825,2.3041666666666667,8.8,51.0,81.58333333333333,1012.8958333333334,62.916666666666664,0.0,debesuota
2022-08-17,24.145833333333332,24.0125,1.7708333333333333,6.5,64.0,18.291666666666668,1013.5124999999999,58.125,0.0,giedra
2022-08-18,24.770833333333332,24.77916666666667,1.95,7.1,99.0,5.75,1015.2541666666666,60.416666666666664,0.0,giedra
2022-08-19,24.391666666666666,24.145833333333332,2.4291666666666667,8.0,99.0,0.0,1016.9333333333334,55.5,0.0,giedra
2022-08-20,20.195833333333333,20.1875,2.279166666666667,7.7,91.0,55.291666666666664,1016.5916666666667,73.91666666666667,0.0,debesuota
2022-08-21,19.870833333333334,19.879166666666666,1.5291666666666668,5.3,110.0,47.083333333333336,1014.1291666666666,78.75,0.0,debesuota
2022-08-22,22.425,22.425,1.8041666666666665,6.4,59.0,22.083333333333332,1015.3249999999999,65.29166666666667,0.0,giedra
2022-08-23,23.875,23.712500000000002,2.0458333333333334,6.4,83.0,28.208333333333332,1017.6625,57.625,0.0,giedra
2022-08-24,24.708333333333332,24.445833333333336,2.2125,8.6,129.0,36.666666666666664,1020.0749999999999,52.458333333333336,0.0,giedra
2022-08-25,23.52916666666667,23.441666666666666,2.0625,6.6,150.0,72.66666666666667,1020.3583333333332,60.666666666666664,21.4,debesuota
2022-08-26,20.0625,20.091666666666665,1.3583333333333334,4.7,46.0,81.45833333333333,1018.3666666666667,83.375,0.5,debesuota
2022-08-27,23.104166666666668,22.849999999999998,1.4708333333333332,5.8,128.0,8.375,1015.0708333333333,58.625,0.0,giedra
2022-08-28,21.3625,21.154166666666665,1.1541666666666666,5.5,356.0,3.6666666666666665,1012.6291666666666,60.291666666666664,0.0,giedra
2022-08-29,20.474999999999998,20.462500000000002,1.8,6.4,85.0,53.375,1011.8458333333333,74.66666666666667,0.5,debesuota
2022-08-30,17.229166666666668,17.229166666666668,3.4291666666666667,11.6,243.0,82.54166666666667,1013.9083333333333,82.83333333333333,0.6,debesuota
2022-08-31,13.520833333333334,13.520833333333334,2.4166666666666665,8.4,280.0,57.041666666666664,1018.8708333333334,72.41666666666667,0.7,debesuota
2022-09-01,10.779166666666667,10.779166666666667,2.1625,8.7,306.0,48.666666666666664,1019.4250000000001,73.58333333333333,0.0,mažai debesuota
2022-09-02,11.116666666666667,11.116666666666667,1.5166666666666666,6.7,291.0,33.041666666666664,1022.6208333333334,69.95833333333333,0.0,giedra
2022-09-03,11.941666666666668,11.941666666666668,1.3333333333333333,5.4,128.0,62.791666666666664,1023.9375,68.875,0.0,debesuota
2022-09-04,11.470833333333333,11.470833333333333,1.6166666666666665,6.5,320.0,33.041666666666664,1026.5083333333334,64.25,0.0,giedra
2022-09-05,9.75,9.75,1.7333333333333334,6.7,313.0,62.17391304347826,1028.6499999999999,70.91666666666667,0.0,debesuota
2022-09-06,9.858333333333333,9.858333333333333,1.325,4.8,352.0,51.208333333333336,1025.625,70.54166666666667,0.0,debesuota
2022-09-07,10.666666666666666,10.666666666666666,2.0208333333333335,8.7,274.0,41.291666666666664,1020.4083333333333,76.16666666666667,0.0,giedra
2022-09-08,11.362499999999999,11.362499999999999,2.3625000000000003,8.3,75.0,26.25,1022.2583333333333,67.66666666666667,0.0,giedra
2022-09-09,10.158333333333333,10.158333333333333,2.7583333333333333,10.0,122.0,22.541666666666668,1022.9458333333333,61.541666666666664,0.0,giedra
2022-09-10,11.525,11.525,2.8041666666666667,9.7,109.0,59.958333333333336,1017.6374999999999,60.458333333333336,0.0,debesuota
2022-09-11,9.387500000000001,9.387500000000001,2.4208333333333334,8.4,28.0,98.5,1007.5749999999999,92.91666666666667,12.7,nedidelis lietus
2022-09-12,10.495833333333334,10.495833333333334,1.5374999999999999,5.3,352.0,97.5,1011.7958333333332,93.625,5.6,nedidelis lietus
2022-09-13,10.716666666666667,10.716666666666667,1.4666666666666668,4.3,22.0,93.95833333333333,1010.4458333333333,89.45833333333333,0.2,debesuota
2022-09-14,12.733333333333334,12.733333333333334,2.1041666666666665,8.4,227.0,54.75,1001.7458333333334,85.58333333333333,1.8,giedra
2022-09-15,12.820833333333333,12.820833333333333,2.5500000000000003,8.9,182.0,72.58333333333333,998.5124999999999,82.75,2.0,debesuota
2022-09-16,11.170833333333334,11.170833333333334,3.6999999999999997,11.9,199.0,60.666666666666664,997.9166666666666,72.125,0.0,debesuota
2022-09-17,11.041666666666666,11.041666666666666,3.6291666666666664,8.7,208.0,79.91666666666667,999.7125,77.375,1.0,debesuota
2022-09-18,9.208333333333334,9.208333333333334,1.6458333333333333,6.6,307.0,79.9375,1000.5124999999999,92.54166666666667,0.0,debesuota
2022-09-19,11.004166666666668,11.004166666666668,3.033333333333333,9.2,268.0,96.0,1001.5166666666668,86.33333333333333,2.0,debesuota
2022-09-20,11.091666666666667,11.091666666666667,1.4333333333333333,4.6,51.0,91.79166666666667,1010.9958333333334,87.875,0.9,debesuota
2022-09-21,9.570833333333333,9.570833333333333,1.6708333333333334,5.9,321.0,90.875,1017.875,91.75,2.3,debesuota
2022-09-22,9.104166666666666,9.104166666666666,1.8375000000000001,5.6,327.0,86.6086956521739,1019.475,90.70833333333333,0.9999999999999999,debesuota
2022-09-23,8.270833333333334,8.270833333333334,1.7874999999999999,5.8,307.0,83.45,1017.4833333333332,86.95833333333333,0.0,debesuota
2022-09-24,7.895833333333333,7.595833333333334,1.6166666666666665,5.6,309.0,18.043478260869566,1015.5708333333333,80.58333333333333,0.0,giedra
2022-09-25,8.941666666666666,8.941666666666666,1.3333333333333333,5.7,253.0,68.5,1012.9250000000001,82.41666666666667,0.0,debesuota
2022-09-26,11.075000000000001,11.075000000000001,1.7791666666666668,5.7,116.0,52.333333333333336,1008.1041666666666,76.04166666666667,0.0,debesuota
2022-09-27,10.612499999999999,10.612499999999999,1.9916666666666665,6.9,77.0,71.11111111111111,1005.0083333333333,84.29166666666667,0.0,rūkas
2022-09-28,9.025,9.025,2.504166666666667,8.9,90.0,92.33333333333333,1000.8916666666668,88.58333333333333,7.5,debesuota
2022-09-29,8.4125,8.245833333333334,2.408333333333333,8.1,129.0,65.66666666666667,1003.9666666666667,90.29166666666667,3.5,debesuota
2022-09-30,6.708333333333333,6.195833333333333,1.4875,3.9,152.0,71.2,1014.1374999999999,92.08333333333333,0.0,rūkas
2022-10-01,7.679166666666667,7.633333333333333,1.0041666666666667,3.3,129.0,67.79166666666667,1011.9958333333334,92.25,8.1,migla
2022-10-02,7.783333333333334,7.783333333333334,0.9333333333333332,2.9,73.0,94.5,1006.5833333333334,90.625,0.3,debesuota
2022-10-03,6.483333333333333,6.483333333333333,3.9250000000000003,16.5,319.0,98.5,1001.2291666666666,92.0,19.6,nedidelis lietus
2022-10-04,8.991666666666667,8.991666666666667,4.2625,13.0,289.0,69.91666666666667,1008.0583333333334,82.70833333333333,11.4,nedidelis lietus
2022-10-05,10.5625,10.5625,2.566666666666667,7.5,198.0,74.66666666666667,1017.5416666666666,88.20833333333333,0.0,debesuota
2022-10-06,11.241666666666667,11.241666666666667,3.6291666666666664,14.0,273.0,45.916666666666664,1020.1875,83.04166666666667,0.0,migla
2022-10-07,10.145833333333334,10.145833333333334,2.875,10.6,186.0,4.75,1026.1625000000001,77.83333333333333,0.0,giedra
2022-10-08,11.533333333333333,11.533333333333333,2.920833333333333,9.2,162.0,87.25,1016.4125,86.0,0.7999999999999999,debesuota
2022-10-09,9.9125,9.9125,2.716666666666667,8.8,267.0,42.958333333333336,1020.8916666666668,80.95833333333333,0.0,giedra
2022-10-10,5.966666666666666,5.729166666666667,2.1,5.9,151.0,15.066666666666666,1026.675,87.0,0.0,giedra
2022-10-11,7.283333333333334,6.495833333333334,2.7916666666666665,6.6,159.0,49.625,1020.2333333333332,82.66666666666667,0.0,debesuota
2022-10-12,6.575,6.508333333333334,1.6166666666666665,5.5,154.0,60.2,1024.3958333333333,90.375,0.5,giedra
2022-10-13,5.195833333333334,5.054166666666666,1.6125,3.7,152.0,79.85714285714286,1025.8416666666667,96.41666666666667,0.8,debesuota
2022-10-14,7.720833333333332,7.216666666666666,2.7916666666666665,8.2,141.0,42.333333333333336,1020.8125,81.54166666666667,0.0,giedra
2022-10-15,9.095833333333333,8.641666666666667,3.4625,9.6,147.0,63.833333333333336,1017.7666666666668,84.5,0.0,migla
2022-10-16,12.454166666666666,12.454166666666666,4.033333333333333,9.1,166.0,91.45833333333333,1019.9916666666667,81.45833333333333,0.9,debesuota
2022-10-17,13.4625,13.4625,2.6,8.2,170.0,54.958333333333336,1025.5083333333334,82.25,0.0,migla
2022-10-18,13.616666666666667,13.616666666666667,3.454166666666667,10.2,219.0,90.41666666666667,1018.6999999999999,79.79166666666667,0.0,debesuota
2022-10-19,6.6875,5.770833333333333,3.6875,10.6,312.0,56.416666666666664,1016.625,77.375,0.6000000000000001,giedra
2022-10-20,4.945833333333334,4.320833333333334,2.0375,7.1,224.0,76.625,1024.8125,82.25,0.0,debesuota
2022-10-21,6.241666666666667,6.066666666666666,2.375,7.0,139.0,98.0,1021.8208333333333,76.54166666666667,0.0,debesuota
2022-10-22,6.166666666666667,5.545833333333333,2.5458333333333334,6.3,136.0,95.04545454545455,1013.9583333333334,81.375,0.0,debesuota
2022-10-23,9.283333333333333,9.283333333333333,2.0708333333333333,7.8,274.0,94.29411764705883,1013.6791666666667,90.875,0.6000000000000001,debesuota
2022-10-24,9.695833333333333,9.695833333333333,1.6875,4.5,143.0,97.5,1015.6791666666667,91.58333333333333,0.0,debesuota
2022-10-25,11.391666666666666,11.391666666666666,2.2083333333333335,6.0,153.0,99.0,1012.8833333333333,96.16666666666667,3.8000000000000003,migla
2022-10-26,10.904166666666667,10.904166666666667,2.4125,7.0,255.0,94.45833333333333,1017.3874999999999,91.625,0.2,debesuota
2022-10-27,10.283333333333333,10.283333333333333,2.058333333333333,5.5,204.0,74.45,1024.3999999999999,90.45833333333333,0.0,debesuota
2022-10-28,10.983333333333334,10.983333333333334,2.733333333333334,7.2,206.0,99.29411764705883,1022.3666666666667,94.45833333333333,0.0,migla
2022-10-29,12.454166666666666,12.454166666666666,3.7291666666666665,11.5,205.0,98.0,1013.4666666666667,89.0,0.30000000000000004,debesuota
2022-10-30,10.529166666666667,10.454166666666667,4.345833333333333,11.8,280.0,63.208333333333336,1015.1416666666668,77.375,0.0,debesuota
2022-10-31,4.391666666666667,3.8791666666666664,1.3708333333333333,4.1,145.0,8.916666666666666,1021.7583333333333,81.83333333333333,0.0,giedra
2022-11-01,6.070833333333333,5.408333333333334,1.4875,4.9,152.0,95.26086956521739,1019.1666666666666,87.33333333333333,0.0,debesuota
2022-11-02,7.762499999999999,7.762499999999999,1.1500000000000001,3.7,262.0,100.0,1016.7916666666666,97.91666666666667,1.7,rūkas
2022-11-03,8.808333333333334,8.808333333333334,2.095833333333333,6.4,288.0,98.5,1018.3125,92.125,0.1,debesuota
2022-11-04,7.3625,7.3625,1.9458333333333335,7.3,83.0,93.2,1016.6416666666668,90.625,0.0,debesuota
2022-11-05,5.391666666666667,3.9958333333333336,4.595833333333333,12.4,139.0,96.375,1017.775,84.25,1.2999999999999998,debesuota
2022-11-06,5.75,5.070833333333334,1.8541666666666667,5.4,206.0,89.17391304347827,1019.7958333333332,95.70833333333333,4.0,debesuota
2022-11-07,6.191666666666666,5.495833333333334,2.9,6.9,152.0,99.5,1016.7041666666668,91.45833333333333,0.0,debesuota
2022-11-08,8.833333333333334,8.833333333333334,3.4958333333333336,7.9,202.0,90.79166666666667,1014.9208333333332,89.5,0.1,debesuota
2022-11-09,7.354166666666667,7.354166666666667,3.579166666666667,9.3,153.0,87.45833333333333,1015.4541666666668,91.875,0.1,migla
2022-11-10,8.166666666666666,8.166666666666666,2.6833333333333336,5.8,178.0,98.5,1017.7624999999999,95.125,5.0,nedidelis lietus
2022-11-11,8.570833333333333,8.570833333333333,3.341666666666667,7.9,228.0,99.5,1024.3416666666667,95.0,0.30000000000000004,debesuota
2022-11-12,10.916666666666666,10.916666666666666,3.9958333333333336,11.5,262.0,100.0,1025.825,92.29166666666667,0.2,debesuota
2022-11-13,8.895833333333334,8.895833333333334,2.033333333333333,7.0,304.0,65.54545454545455,1030.3,86.75,0.0,debesuota
2022-11-14,1.6291666666666667,-0.2333333333333333,2.15,5.8,111.0,100.0,1028.7166666666667,98.75,0.0,rūkas
2022-11-15,3.5583333333333336,1.7,2.1666666666666665,5.0,184.0,99.5,1015.4,98.29166666666667,0.8,migla
2022-11-16,0.6708333333333334,-2.8041666666666667,3.1999999999999997,10.1,30.0,100.0,1014.6999999999999,80.79166666666667,0.2,debesuota
2022-11-17,-2.4541666666666666,-5.308333333333334,2.1625,6.0,342.0,98.5,1012.0083333333333,82.5,1.1,debesuota
2022-11-18,-4.304166666666666,-7.308333333333334,2.2375000000000003,8.1,40.0,83.45833333333333,1011.1958333333333,84.0,2.0999999999999996,nedidelis sniegas
2022-11-19,-5.429166666666667,-6.904166666666666,1.3583333333333334,5.9,56.0,91.20833333333333,1015.1125000000001,85.91666666666667,0.5,nedidelis sniegas
2022-11-20,-6.195833333333333,-10.991666666666667,3.2416666666666667,8.0,126.0,72.0,1016.7166666666667,84.66666666666667,0.0,debesuota
2022-11-21,-2.7416666666666667,-6.166666666666667,2.6999999999999997,9.0,114.0,100.0,1011.5791666666668,87.20833333333333,0.0,debesuota
2022-11-22,-3.0,-4.6000000000000005,1.5999999999999999,4.6,3.0,100.0,1010.4250000000001,90.45833333333333,0.0,migla
2022-11-23,-4.35,-5.758333333333333,1.4749999999999999,4.9,3.0,100.0,1013.6750000000001,94.5,0.0,debesuota
2022-11-24,-2.775,-4.791666666666667,1.6875,5.0,40.0,99.5,1014.9625,90.25,1.4,nedidelis sniegas
2022-11-25,-1.4000000000000001,-1.4000000000000001,0.8833333333333333,2.3,41.0,100.0,1020.1083333333332,92.79166666666667,1.0,debesuota
2022-11-26,-1.3458333333333332,-1.6708333333333334,1.0458333333333334,3.0,299.0,100.0,1025.8666666666666,95.83333333333333,3.3,nedidelis sniegas
2022-11-27,-1.25,-2.4833333333333334,1.4375,3.8,95.0,100.0,1028.6666666666667,95.08333333333333,0.0,migla
2022-11-28,-1.9041666666666666,-4.066666666666666,2.0124999999999997,6.5,124.0,98.0,1028.9375,92.70833333333333,1.6,nedidelis sniegas
2022-11-29,-0.3416666666666666,-2.975,2.1666666666666665,5.9,107.0,100.0,1031.4666666666667,91.25,0.0,debesuota
2022-11-30,-1.0041666666666667,-2.529166666666667,1.6833333333333333,5.2,75.0,100.0,1033.8374999999999,88.29166666666667,0.0,debesuota
2022-12-01,-4.933333333333334,-8.266666666666667,2.0833333333333335,5.7,74.0,100.0,1034.3583333333333,89.83333333333333,0.0,migla
2022-12-02,-7.491666666666666,-8.716666666666667,1.3666666666666665,3.8,103.0,50.041666666666664,1033.4416666666666,90.25,0.0,migla
2022-12-03,-5.770833333333333,-8.083333333333334,2.2375000000000003,7.9,46.0,70.41666666666667,1033.2083333333333,88.625,0.30000000000000004,migla
2022-12-04,-2.4541666666666666,-7.9375,4.945833333333334,10.3,140.0,100.0,1033.4958333333334,91.125,0.0,migla
2022-12-05,-5.2875000000000005,-10.808333333333332,4.075,8.2,123.0,100.0,1029.3041666666666,91.45833333333333,0.0,migla
2022-12-06,-3.9416666666666664,-9.424999999999999,4.3999999999999995,8.6,152.0,100.0,1017.9666666666667,94.29166666666667,1.6,migla
2022-12-07,-2.316666666666667,-7.354166666666667,4.333333333333333,10.2,141.0,99.5,1005.9166666666666,93.375,5.5,nedidelis sniegas
2022-12-08,-1.0458333333333334,-5.966666666666668,4.6625000000000005,11.8,212.0,97.0,1008.1,92.125,2.2,debesuota
2022-12-09,-0.3833333333333333,-2.120833333333333,1.9749999999999999,6.9,189.0,100.0,1010.525,95.70833333333333,5.3,nedidelis sniegas
2022-12-10,-2.2333333333333334,-5.045833333333333,2.1374999999999997,6.3,22.0,100.0,1010.2708333333334,93.125,0.0,migla
2022-12-11,-3.8041666666666667,-8.174999999999999,3.170833333333333,9.4,3.0,99.45454545454545,1003.4833333333332,92.5,12.7,nedidelis sniegas
2022-12-12,-4.770833333333333,-8.866666666666667,2.8333333333333335,8.5,190.0,98.5,994.85,91.125,0.8,nedidelis sniegas
2022-12-13,-2.8874999999999997,-7.5375000000000005,3.7291666666666665,9.4,197.0,98.0,1003.0749999999999,88.75,1.4000000000000001,nedidelis sniegas
2022-12-14,-6.641666666666667,-11.829166666666666,3.358333333333333,7.7,205.0,45.375,1011.7375000000001,87.66666666666667,0.0,migla
2022-12-15,-7.579166666666667,-10.508333333333333,1.9333333333333333,5.9,24.0,91.20833333333333,1010.1041666666666,89.95833333333333,0.7000000000000001,migla
2022-12-16,-6.395833333333333,-10.866666666666667,2.766666666666667,7.2,190.0,97.0,1018.2125,89.875,0.0,migla
2022-12-17,-8.4125,-13.083333333333334,2.6041666666666665,6.5,330.0,99.5,1022.4958333333334,89.75,0.0,migla
2022-12-18,-9.354166666666666,-13.329166666666666,2.2291666666666665,6.0,208.0,73.08333333333333,1034.0166666666667,89.83333333333333,0.0,migla
2022-12-19,-11.333333333333334,-17.8375,3.75,8.8,151.0,53.75,1034.5625,86.54166666666667,0.0,migla
2022-12-20,-2.2666666666666666,-6.741666666666667,3.5875,8.6,171.0,100.0,1017.8708333333334,93.625,4.1,nedidelis lietus
2022-12-21,1.0583333333333333,-2.495833333333333,3.4375,9.3,181.0,99.29411764705883,1011.3249999999999,96.79166666666667,1.2,rūkas
2022-12-22,1.2416666666666667,-1.8541666666666667,2.8958333333333335,8.7,165.0,100.0,1007.1333333333333,98.66666666666667,1.5,rūkas
2022-12-23,2.1791666666666667,-0.5041666666666667,2.6125000000000003,7.2,204.0,100.0,1002.7333333333332,98.08333333333333,5.0,nedidelis lietus
2022-12-24,-1.0291666666666666,-2.25,1.4791666666666667,5.0,68.0,87.16666666666667,1012.375,90.20833333333333,0.4,debesuota
2022-12-25,-4.5,-5.841666666666666,1.4000000000000001,4.1,103.0,89.20833333333333,1023.9416666666666,91.54166666666667,0.0,debesuota
2022-12-26,-3.0833333333333335,-8.058333333333334,4.070833333333334,11.0,119.0,100.0,1017.3000000000001,90.79166666666667,6.4,nedidelis sniegas
2022-12-27,1.8375000000000001,-1.7375,3.6333333333333333,9.8,237.0,93.35,1011.8666666666667,90.33333333333333,0.4,debesuota
2022-12-28,0.9874999999999999,-3.1333333333333333,4.145833333333333,11.5,187.0,97.0,1015.9416666666666,88.54166666666667,1.3,debesuota
2022-12-29,1.8041666666666665,-1.825,3.6625,7.7,181.0,99.4,1009.5833333333334,97.16666666666667,2.7,nedidelis lietus
2022-12-30,2.9166666666666665,0.125,2.9625,8.0,216.0,79.375,1011.9499999999999,95.95833333333333,6.1000000000000005,migla
2022-12-31,3.0666666666666664,0.1791666666666667,3.8333333333333335,9.1,170.0,92.47826086956522,1011.85,96.5,2.5,nedidelis lietus
2023-01-01,10.1,10.1,4.520833333333333,13.6,273.0,93.91666666666667,1010.1791666666667,83.04166666666667,1.5,debesuota
2023-01-02,6.3125,6.175,3.1041666666666665,9.4,264.0,96.5,1016.9916666666667,91.04166666666667,5.6,debesuota
2023-01-03,4.5625,1.9874999999999998,5.55,14.3,261.0,92.91666666666667,1016.1083333333332,84.29166666666667,1.0,debesuota
2023-01-04,0.024999999999999994,-3.7624999999999997,3.4499999999999997,8.2,151.0,97.0,1017.85,84.0,3.7,debesuota
2023-01-05,-0.75,-3.829166666666667,2.7375000000000003,10.5,12.0,100.0,1001.6583333333333,94.91666666666667,15.9,nedidelis lietus
2023-01-06,-12.854166666666666,-17.704166666666666,2.5124999999999997,8.1,8.0,94.41666666666667,1024.2916666666667,80.08333333333333,0.0,nedidelis sniegas
2023-01-07,-10.9,-17.462500000000002,3.8541666666666665,8.8,126.0,100.0,1025.3791666666666,81.58333333333333,0.8,nedidelis sniegas
2023-01-08,-5.220833333333333,-11.683333333333332,5.45,12.2,140.0,99.5,1020.7541666666666,88.29166666666667,0.0,debesuota
2023-01-09,-2.1958333333333333,-7.7749999999999995,5.220833333333333,10.9,136.0,100.0,1011.0625,89.75,2.1,nedidelis sniegas
2023-01-10,0.27499999999999997,-3.904166666666667,3.9791666666666665,8.1,143.0,100.0,1015.9250000000001,96.25,5.3,nedidelis lietus
2023-01-11,-2.025,-6.920833333333333,4.258333333333334,9.8,149.0,100.0,1020.75,94.375,0.0,migla
2023-01-12,0.27499999999999997,-4.7625,5.379166666666666,11.5,164.0,100.0,1014.7791666666667,96.91666666666667,0.9,migla
2023-01-13,2.5416666666666665,-1.8583333333333334,5.254166666666666,10.7,165.0,100.0,1010.775,95.375,1.7,migla
2023-01-14,3.858333333333333,0.6124999999999999,3.779166666666667,7.7,168.0,98.5,1013.5,93.875,0.2,debesuota
2023-01-15,2.795833333333333,-2.0375,6.470833333333334,15.7,178.0,92.375,1005.3249999999999,89.16666666666667,9.6,debesuota
2023-01-16,2.245833333333333,-1.3166666666666667,3.7708333333333335,9.1,197.0,94.45833333333333,1002.7791666666667,91.08333333333333,0.2,debesuota
2023-01-17,2.1750000000000003,-1.5875000000000001,4.054166666666666,10.0,140.0,100.0,995.3041666666667,93.125,1.9000000000000001,nedidelis lietus
2023-01-18,2.8541666666666665,0.775,3.091666666666667,16.6,203.0,100.0,994.7083333333334,95.20833333333333,7.9,nedidelis lietus
2023-01-19,1.3416666666666668,-0.7833333333333333,2.5124999999999997,12.7,40.0,96.0,1005.8791666666666,89.08333333333333,5.8,debesuota
2023-01-20,0.125,-2.4541666666666666,2.2041666666666666,7.7,11.0,99.0,1015.0500000000001,95.41666666666667,2.6,debesuota
2023-01-21,0.375,-3.6166666666666667,3.8000000000000003,11.9,27.0,100.0,1024.4208333333333,93.16666666666667,0.0,debesuota
2023-01-22,-0.6583333333333333,-2.470833333333333,1.7791666666666668,6.0,21.0,88.125,1033.8958333333333,90.08333333333333,0.2,debesuota
2023-01-23,-1.2041666666666668,-1.3833333333333335,1.0083333333333333,2.9,3.0,100.0,1039.4791666666667,86.70833333333333,0.0,debesuota
2023-01-24,-2.733333333333333,-5.483333333333333,2.1041666666666665,8.3,258.0,100.0,1039.425,81.16666666666667,0.0,debesuota
2023-01-25,-1.9208333333333334,-5.6375,2.841666666666667,5.9,199.0,99.5,1031.1375,88.29166666666667,0.0,debesuota
2023-01-26,-0.9125,-3.3625000000000003,2.158333333333333,5.4,188.0,99.0,1022.0749999999999,91.45833333333333,1.0,migla
2023-01-27,-0.6416666666666667,-1.875,1.5083333333333335,4.9,7.0,100.0,1022.9,94.08333333333333,1.3,nedidelė šlapdriba
2023-01-28,-1.5958333333333332,-2.85,1.4958333333333333,4.5,242.0,100.0,1024.3666666666666,89.75,0.0,debesuota
2023-01-29,-1.6916666666666667,-6.375,4.1000000000000005,10.2,211.0,100.0,1015.0583333333334,92.33333333333333,1.3,nedidelis sniegas
2023-01-30,0.05416666666666666,-4.979166666666667,5.283333333333333,11.8,210.0,100.0,996.8083333333334,93.54166666666667,2.7,nedidelė šlapdriba
2023-01-31,0.8083333333333332,-2.795833333333333,3.3791666666666664,8.5,266.0,90.875,1001.0458333333332,87.04166666666667,1.1,debesuota
2023-02-01,0.25833333333333336,-3.9166666666666665,4.0249999999999995,9.8,206.0,99.5,996.3458333333333,94.45833333333333,5.300000000000001,nedidelė šlapdriba
2023-02-02,0.32916666666666666,-3.0,3.0041666666666664,9.4,312.0,99.5,1003.5541666666667,93.25,0.8,nedidelis sniegas
2023-02-03,-2.1083333333333334,-4.104166666666667,1.9916666666666665,9.6,298.0,92.79166666666667,1013.725,83.58333333333333,0.0,debesuota
2023-02-04,-3.875,-7.9375,2.8874999999999997,8.1,332.0,93.5,1024.2749999999999,79.58333333333333,0.1,nedidelis sniegas
2023-02-05,-5.25,-8.145833333333334,2.0458333333333334,7.2,342.0,94.91666666666667,1035.4583333333333,81.41666666666667,0.0,debesuota
2023-02-06,-3.3625000000000003,-7.0249999999999995,2.670833333333333,7.7,188.0,92.83333333333333,1035.9083333333333,86.75,0.1,debesuota
2023-02-07,-0.7166666666666667,-2.654166666666667,1.8625,7.5,115.0,100.0,1039.0791666666667,81.04166666666667,0.0,debesuota
2023-02-08,-1.5791666666666666,-4.920833333333333,2.629166666666667,7.4,206.0,87.20833333333333,1044.0916666666667,76.91666666666667,0.0,debesuota
2023-02-09,-1.3875,-5.55,3.5708333333333333,8.6,201.0,70.0,1034.5833333333333,69.91666666666667,0.0,debesuota
2023-02-10,-0.8833333333333333,-5.125,3.8249999999999997,10.9,226.0,57.0,1023.7291666666666,77.75,0.0,debesuota
2023-02-11,0.5125000000000001,-4.0375000000000005,4.716666666666667,11.3,212.0,87.0,1015.7541666666666,91.54166666666667,5.0,nedidelė šlapdriba
2023-02-12,-1.3875,-4.316666666666666,2.441666666666667,6.9,309.0,65.375,1030.8708333333334,82.41666666666667,0.0,debesuota
2023-02-13,2.2583333333333333,-1.1,3.6166666666666667,9.8,271.0,100.0,1025.1875,93.41666666666667,0.0,debesuota
2023-02-14,2.0124999999999997,-0.4624999999999999,3.158333333333333,9.6,302.0,36.583333333333336,1028.575,74.83333333333333,0.0,giedra
2023-02-15,-0.28750000000000003,-1.9416666666666667,1.6666666666666667,4.2,257.0,100.0,1030.3958333333333,92.91666666666667,0.0,debesuota
2023-02-16,-0.5125000000000001,-1.7458333333333333,1.4583333333333333,4.9,146.0,100.0,1020.8916666666668,93.33333333333333,0.2,nedidelė šlapdriba
2023-02-17,0.7875,-2.3375,3.033333333333333,8.1,144.0,100.0,1010.0041666666666,97.75,4.5,nedidelis lietus
2023-02-18,2.9583333333333335,-1.5875000000000001,5.879166666666666,15.9,253.0,92.29166666666667,995.9541666666668,84.58333333333333,2.2,nedidelis lietus
2023-02-19,0.9708333333333333,-3.85,5.379166666666666,12.8,274.0,49.333333333333336,1003.7833333333333,69.25,0.0,debesuota
2023-02-20,0.25833333333333336,-4.5,5.066666666666666,15.8,273.0,85.58333333333333,999.4541666666668,82.41666666666667,7.5,debesuota
2023-02-21,0.8624999999999999,-3.3041666666666667,4.6375,14.3,271.0,98.5,998.9499999999999,79.20833333333333,0.0,debesuota
2023-02-22,-3.466666666666667,-5.516666666666667,1.75,5.3,16.0,86.04166666666667,1019.2333333333332,76.625,0.2,nedidelis sniegas
2023-02-23,-5.054166666666666,-9.554166666666667,3.4166666666666665,9.9,179.0,50.25,1020.1999999999999,73.16666666666667,0.0,debesuota
2023-02-24,0.33749999999999997,-2.7125,2.654166666666667,6.3,172.0,98.66666666666667,999.6,93.79166666666667,6.2,nedidelis lietus
2023-02-25,0.15416666666666667,-1.4833333333333334,1.6916666666666667,7.0,192.0,100.0,992.2166666666667,93.45833333333333,0.5,nedidelis sniegas
2023-02-26,-3.35,-7.520833333333333,3.1041666666666665,11.2,296.0,98.0,1009.6083333333332,76.83333333333333,0.30000000000000004,nedidelis sniegas
2023-02-27,-3.875,-5.608333333333333,1.5958333333333332,5.8,334.0,50.0,1026.6541666666667,73.625,0.0,debesuota
2023-02-28,-2.275,-6.0375000000000005,3.7541666666666664,11.9,273.0,62.583333333333336,1027.6000000000001,82.91666666666667,0.0,debesuota
2023-03-01,1.325,-2.0208333333333335,3.204166666666667,11.3,305.0,79.83333333333333,1023.6166666666667,80.45833333333333,0.0,debesuota
2023-03-02,1.2708333333333333,-1.7958333333333334,3.0124999999999997,8.1,262.0,77.29166666666667,1019.7208333333333,85.20833333333333,0.0,debesuota
2023-03-03,1.6583333333333332,-2.1750000000000003,3.9583333333333335,12.1,237.0,95.5,1010.4416666666666,78.45833333333333,0.7,debesuota
2023-03-04,-0.325,-6.120833333333334,6.595833333333334,18.5,282.0,82.45833333333333,999.1583333333333,73.29166666666667,0.5,nedidelis sniegas
2023-03-05,-1.7791666666666668,-6.083333333333333,3.733333333333333,10.9,243.0,88.33333333333333,1001.8291666666668,75.25,0.5,debesuota
2023-03-06,-2.85,-6.570833333333333,2.970833333333333,9.7,212.0,74.29166666666667,1001.5375,83.75,0.1,debesuota
2023-03-07,-2.3249999999999997,-5.866666666666667,4.020833333333333,12.6,163.0,46.416666666666664,998.9499999999999,76.0,1.7999999999999998,giedra
2023-03-08,-0.8458333333333333,-5.675,4.8625,16.5,207.0,65.875,994.2875,70.29166666666667,1.0,debesuota
2023-03-09,-3.3249999999999997,-5.6375,2.0458333333333334,6.5,231.0,57.0,1001.1125000000001,66.375,0.0,debesuota
2023-03-10,-4.2625,-8.429166666666667,3.2083333333333335,8.4,94.0,98.5,1000.9125,79.25,6.5,debesuota
2023-03-11,0.016666666666666663,-3.8375,3.7125,13.1,103.0,97.82608695652173,990.5708333333333,92.20833333333333,7.8,debesuota
2023-03-12,-2.6541666666666663,-7.7124999999999995,4.545833333333333,15.1,272.0,61.666666666666664,1002.1,77.04166666666667,0.9,giedra
2023-03-13,-1.0291666666666666,-5.495833333333334,4.416666666666667,11.5,157.0,65.16666666666667,1006.2791666666667,82.41666666666667,3.9000000000000004,nedidelis lietus
2023-03-14,6.658333333333334,6.2,4.195833333333334,10.0,169.0,95.30434782608695,996.1458333333334,83.58333333333333,0.7999999999999999,debesuota
2023-03-15,3.316666666666667,1.1125,3.0583333333333336,10.4,281.0,87.70833333333333,1007.0583333333334,77.54166666666667,0.2,debesuota
2023-03-16,0.7208333333333333,0.08750000000000001,1.4583333333333333,6.9,260.0,62.25,1020.1750000000001,74.91666666666667,0.0,debesuota
2023-03-17,1.6916666666666667,0.5666666666666667,2.4125,6.8,143.0,27.208333333333332,1026.9375,60.583333333333336,0.0,giedra
2023-03-18,4.345833333333333,2.279166666666667,4.795833333333333,10.6,141.0,34.0,1024.2458333333334,60.5,0.0,giedra
2023-03-19,7.183333333333334,6.145833333333333,3.029166666666667,7.6,149.0,90.83333333333333,1019.1833333333334,66.0,0.0,debesuota
2023-03-20,7.970833333333334,7.1625000000000005,2.970833333333333,7.1,154.0,92.375,1013.7833333333333,72.16666666666667,0.6000000000000001,debesuota
2023-03-21,5.770833333333333,5.029166666666667,2.7916666666666665,7.7,243.0,99.0,1013.1999999999999,82.95833333333333,0.0,debesuota
2023-03-22,7.116666666666667,6.779166666666666,3.125,10.1,188.0,77.25,1012.9291666666667,69.79166666666667,1.2000000000000002,debesuota
2023-03-23,10.35,10.35,3.6916666666666664,12.3,175.0,93.33333333333333,1005.5083333333333,78.875,2.1,debesuota
2023-03-24,10.125,10.125,4.1375,13.0,179.0,82.54166666666667,1003.6041666666666,84.04166666666667,3.8999999999999995,debesuota
2023-03-25,8.904166666666667,8.8125,2.8625000000000003,9.0,196.0,65.41666666666667,1001.3375,76.95833333333333,4.2,debesuota
2023-03-26,6.383333333333333,6.2625,2.0416666666666665,6.4,96.0,95.0,998.8166666666666,91.79166666666667,4.4,debesuota
2023-03-27,2.441666666666667,-0.6499999999999999,3.329166666666667,8.4,264.0,90.29166666666667,1003.2916666666666,73.04166666666667,0.0,debesuota
2023-03-28,-0.23750000000000002,-4.7124999999999995,4.3625,11.7,302.0,86.75,1010.1125000000001,61.125,0.0,debesuota
2023-03-29,-0.5875,-4.3374999999999995,3.9166666666666665,12.1,312.0,61.041666666666664,1015.5791666666668,61.291666666666664,0.0,giedra
2023-03-30,4.554166666666666,3.191666666666667,3.15,9.2,146.0,94.91666666666667,1011.6875,57.625,0.0,debesuota
2023-03-31,6.029166666666666,5.020833333333333,2.533333333333333,6.7,142.0,97.5,1000.1541666666667,91.83333333333333,2.0,nedidelis lietus
2023-04-01,5.929166666666667,5.2,1.8625,8.9,340.0,100.0,999.8833333333333,96.20833333333333,8.9,nedidelis lietus
2023-04-02,2.4833333333333334,-0.9458333333333334,3.6374999999999997,12.6,5.0,81.25,1014.1458333333334,74.5,0.7,nedidelis lietus
2023-04-03,-0.3458333333333334,-3.904166666666667,3.2708333333333335,11.0,348.0,50.208333333333336,1023.6166666666667,63.083333333333336,0.0,debesuota
2023-04-04,-1.0041666666666667,-2.6166666666666667,1.6833333333333333,5.0,304.0,97.5,1021.4041666666667,89.25,2.5,nedidelis sniegas
2023-04-05,0.4458333333333333,-1.429166666666667,1.9166666666666667,5.3,305.0,96.45833333333333,1021.9541666666668,78.33333333333333,0.2,debesuota
2023-04-06,5.083333333333333,3.875,2.6625,6.9,19.0,62.583333333333336,1020.0416666666666,85.54166666666667,0.1,giedra
2023-04-07,10.558333333333334,10.558333333333334,2.316666666666667,7.0,107.0,90.33333333333333,1020.2958333333332,69.125,0.0,debesuota
2023-04-08,10.529166666666667,10.529166666666667,1.2916666666666667,5.1,16.0,83.58333333333333,1024.0458333333333,79.33333333333333,0.0,debesuota
2023-04-09,9.458333333333334,9.458333333333334,1.25,8.2,45.0,73.16666666666667,1024.7083333333333,82.70833333333333,0.30000000000000004,rūkas
2023-04-10,10.845833333333333,10.845833333333333,1.2249999999999999,4.7,348.0,67.5,1023.6666666666666,68.54166666666667,0.0,debesuota
2023-04-11,11.283333333333333,11.283333333333333,2.6416666666666666,10.0,143.0,28.25,1016.4166666666666,59.791666666666664,0.0,giedra
2023-04-12,12.025,12.025,2.6375,10.1,50.0,87.33333333333333,1010.8541666666666,52.541666666666664,0.9,debesuota
2023-04-13,9.079166666666667,9.079166666666667,2.1875,8.3,84.0,99.5,1009.9041666666667,84.41666666666667,1.6,debesuota
2023-04-14,10.0125,10.0125,3.033333333333333,9.1,85.0,97.95833333333333,1015.1625,70.41666666666667,0.1,debesuota
2023-04-15,8.116666666666665,7.833333333333333,3.7916666666666665,12.5,94.0,99.0,1018.8583333333332,60.125,0.1,debesuota
2023-04-16,5.233333333333333,4.266666666666667,2.0375,6.9,137.0,100.0,1021.9375,93.79166666666667,7.1000000000000005,nedidelis lietus
2023-04-17,9.345833333333333,9.345833333333333,2.004166666666667,6.2,0.0,74.20833333333333,1026.075,76.20833333333333,0.0,debesuota
2023-04-18,9.262500000000001,9.158333333333333,2.283333333333333,7.8,2.0,66.29166666666667,1025.9750000000001,69.66666666666667,0.0,debesuota
2023-04-19,12.070833333333333,12.070833333333333,3.533333333333333,10.5,35.0,75.79166666666667,1021.1916666666666,56.041666666666664,3.9,debesuota
2023-04-20,12.674999999999999,12.674999999999999,2.670833333333333,10.2,2.0,5.833333333333333,1023.0583333333334,41.041666666666664,0.0,giedra
2023-04-21,11.945833333333333,11.9,1.8291666666666666,7.4,351.0,46.041666666666664,1019.0124999999999,44.625,0.0,debesuota
2023-04-22,11.737499999999999,11.691666666666668,1.5291666666666668,5.3,304.0,37.125,1014.9625,59.458333333333336,0.0,giedra
2023-04-23,13.804166666666667,13.804166666666667,3.2583333333333333,10.3,147.0,12.666666666666666,1013.1291666666666,50.333333333333336,0.0,giedra
2023-04-24,15.049999999999999,15.049999999999999,4.145833333333333,13.2,146.0,25.083333333333332,1008.3708333333334,42.208333333333336,0.0,giedra
2023-04-25,13.304166666666667,13.304166666666667,3.1791666666666667,11.3,137.0,55.916666666666664,1004.3208333333333,59.541666666666664,0.4,debesuota
2023-04-26,5.4624999999999995,4.0125,3.2083333333333335,8.3,293.0,98.95652173913044,1007.7166666666667,91.04166666666667,3.4,nedidelis lietus
2023-04-27,5.966666666666666,4.8,3.35,9.5,264.0,78.375,1015.3000000000001,64.54166666666667,0.0,debesuota
2023-04-28,5.141666666666667,4.895833333333333,2.35,9.2,218.0,34.541666666666664,1019.6041666666666,62.0,0.0,giedra
2023-04-29,8.466666666666667,8.0625,2.7375000000000003,8.9,144.0,9.541666666666666,1017.5625,50.958333333333336,0.0,giedra
2023-04-30,8.095833333333333,7.845833333333334,3.266666666666667,9.5,168.0,49.041666666666664,1016.0791666666668,56.625,2.0,giedra
2023-05-01,7.704166666666667,7.383333333333333,2.225,6.6,145.0,1.625,1020.4083333333333,50.416666666666664,0.0,giedra
2023-05-02,10.354166666666666,10.041666666666666,3.9791666666666665,14.8,163.0,83.125,1017.3291666666668,63.0,2.2,debesuota
2023-05-03,7.533333333333334,7.404166666666666,1.6458333333333333,7.1,248.0,20.458333333333332,1024.7083333333333,54.541666666666664,0.0,giedra
2023-05-04,7.804166666666667,7.804166666666667,2.0166666666666666,8.9,8.0,39.208333333333336,1025.7583333333334,57.291666666666664,0.0,giedra
2023-05-05,6.029166666666666,5.520833333333333,2.275,8.0,344.0,19.333333333333332,1026.7625,44.0,0.0,giedra
2023-05-06,6.425,6.1625000000000005,1.866666666666667,9.0,45.0,4.166666666666667,1028.3500000000001,43.916666666666664,0.0,giedra
2023-05-07,7.304166666666667,6.779166666666666,2.2083333333333335,8.3,25.0,0.0,1029.9375,38.75,0.0,giedra
2023-05-08,8.779166666666667,8.720833333333333,1.3625,6.0,1.0,3.1666666666666665,1032.0833333333333,41.458333333333336,0.0,giedra
2023-05-09,10.529166666666667,10.529166666666667,1.5333333333333332,5.8,106.0,0.0,1028.9083333333333,42.78260869565217,0.0,giedra
2023-05-10,11.420833333333334,11.304166666666667,1.8166666666666667,6.6,127.0,13.125,1025.0791666666667,41.333333333333336,0.0,giedra
2023-05-11,12.066666666666668,12.066666666666668,1.9333333333333333,8.9,121.0,4.166666666666667,1026.0583333333334,41.5,0.0,giedra
2023-05-12,15.133333333333333,15.133333333333333,1.2833333333333334,5.7,319.0,40.208333333333336,1026.9583333333333,41.083333333333336,0.0,giedra
2023-05-13,17.179166666666667,17.179166666666667,1.7750000000000001,7.6,33.0,44.958333333333336,1025.75,42.625,0.0,debesuota
2023-05-14,18.675,18.675,1.6916666666666667,6.4,32.0,43.958333333333336,1022.6708333333332,38.21739130434783,0.0,debesuota
2023-05-15,18.758333333333333,18.758333333333333,2.9625,12.2,121.0,60.041666666666664,1014.5708333333333,40.75,1.1,debesuota
2023-05-16,13.733333333333334,13.733333333333334,3.2541666666666664,12.2,133.0,93.875,1011.5833333333334,79.79166666666667,2.6,debesuota
2023-05-17,10.7125,10.7125,1.9958333333333333,10.0,8.0,97.5,1017.6416666666668,93.54166666666667,24.6,nedidelis lietus
2023-05-18,10.166666666666666,10.166666666666666,2.066666666666667,6.9,6.0,93.5,1026.0249999999999,71.54166666666667,0.5,debesuota
2023-05-19,13.5875,13.5875,1.8583333333333334,5.4,20.0,88.29166666666667,1029.0916666666667,45.0,0.0,debesuota
2023-05-20,15.595833333333333,15.595833333333333,1.9749999999999999,7.1,30.0,17.291666666666668,1029.4375,47.083333333333336,0.0,giedra
2023-05-21,15.120833333333332,15.120833333333332,1.5833333333333333,6.7,1.0,24.083333333333332,1025.3166666666666,53.916666666666664,0.0,giedra
2023-05-22,15.716666666666667,15.716666666666667,1.1666666666666667,3.9,63.0,61.666666666666664,1020.2791666666667,55.666666666666664,0.0,debesuota
2023-05-23,17.254166666666666,17.254166666666666,1.25,4.8,6.0,65.375,1016.1625,52.458333333333336,0.0,debesuota
2023-05-24,18.8625,18.724999999999998,1.2541666666666667,6.0,355.0,45.541666666666664,1017.1125000000001,49.125,0.0,debesuota
2023-05-25,19.224999999999998,18.991666666666667,1.9166666666666667,7.7,294.0,41.916666666666664,1018.1541666666667,54.625,0.0,debesuota
2023-05-26,14.5625,14.5625,2.8625000000000003,8.1,278.0,21.416666666666668,1019.7916666666666,62.541666666666664,0.0,giedra
2023-05-27,10.891666666666666,10.891666666666666,2.7375000000000003,9.4,331.0,6.833333333333333,1025.2625,52.666666666666664,0.0,giedra
2023-05-28,12.85,12.85,1.1,6.3,263.0,0.0,1022.5375,48.666666666666664,0.0,giedra
2023-05-29,15.5625,15.5625,1.7583333333333335,6.6,311.0,51.333333333333336,1018.5333333333333,51.916666666666664,0.0,debesuota
2023-05-30,15.283333333333333,15.283333333333333,2.158333333333333,8.8,317.0,23.083333333333332,1019.4875000000001,52.125,0.0,giedra
2023-05-31,14.3125,14.3125,2.8625000000000003,11.2,315.0,12.041666666666666,1019.2333333333332,49.125,0.0,giedra
2023-06-01,15.320833333333333,15.320833333333333,1.4625000000000001,6.0,4.0,43.916666666666664,1012.1916666666666,60.041666666666664,0.6,giedra
2023-06-02,9.283333333333333,9.204166666666667,2.9250000000000003,8.7,357.0,63.75,1015.1083333333332,67.20833333333333,1.9,debesuota
2023-06-03,9.166666666666666,8.841666666666667,2.5291666666666663,9.3,222.0,49.083333333333336,1022.65,61.291666666666664,0.0,giedra
2023-06-04,12.695833333333333,12.695833333333333,2.279166666666667,8.5,268.0,41.333333333333336,1022.8541666666666,52.75,0.0,giedra
2023-06-05,13.345833333333333,13.345833333333333,1.8333333333333333,8.0,292.0,4.75,1023.0875,56.541666666666664,0.0,giedra
2023-06-06,16.345833333333335,16.345833333333335,1.0791666666666666,5.4,108.0,0.0,1021.9541666666668,51.916666666666664,0.0,giedra
2023-06-07,19.029166666666665,18.995833333333334,1.3499999999999999,5.9,1.0,3.6666666666666665,1019.3958333333334,47.17391304347826,0.0,giedra
2023-06-08,20.283333333333335,20.175,1.1541666666666666,5.0,38.0,23.125,1017.4583333333334,48.958333333333336,0.0,giedra
2023-06-09,19.620833333333334,19.458333333333332,2.441666666666667,8.5,3.0,1.5833333333333333,1017.7041666666668,47.208333333333336,0.0,giedra
2023-06-10,16.070833333333333,16.070833333333333,3.8000000000000003,11.4,36.0,8.416666666666666,1022.8874999999999,37.708333333333336,0.0,giedra
2023-06-11,15.2875,15.2875,2.858333333333333,9.3,36.0,0.0,1026.2666666666667,38.375,0.0,giedra
2023-06-12,14.695833333333333,14.695833333333333,2.716666666666667,10.1,63.0,60.041666666666664,1024.6708333333333,45.166666666666664,0.1,debesuota
2023-06-13,17.724999999999998,17.724999999999998,2.2375000000000003,8.1,59.0,56.416666666666664,1019.9041666666667,42.375,0.0,debesuota
2023-06-14,17.745833333333334,17.745833333333334,1.7416666666666665,6.1,24.0,82.54166666666667,1018.5583333333334,48.875,0.0,debesuota
2023-06-15,19.05,18.958333333333332,1.7,10.0,9.0,86.70833333333333,1016.7208333333333,65.70833333333333,4.9,debesuota
2023-06-16,19.479166666666668,19.412499999999998,1.1708333333333334,3.8,3.0,88.75,1014.2916666666666,75.33333333333333,1.2,debesuota
2023-06-17,19.529166666666665,19.441666666666666,1.8291666666666666,8.0,1.0,91.75,1011.6791666666667,78.45833333333333,6.0,debesuota
2023-06-18,19.970833333333335,19.995833333333334,1.3666666666666665,5.3,190.0,89.875,1014.0124999999999,82.04166666666667,2.0,debesuota
2023-06-19,18.974999999999998,18.974999999999998,1.7958333333333334,6.8,47.0,61.166666666666664,1015.3333333333334,80.29166666666667,0.0,debesuota
2023-06-20,20.8875,20.775000000000002,1.4458333333333335,6.6,26.0,38.208333333333336,1016.5916666666667,67.25,0.0,giedra
2023-06-21,22.575,22.366666666666664,1.554166666666667,5.9,190.0,13.125,1017.1750000000001,59.708333333333336,0.0,giedra
2023-06-22,20.483333333333334,20.495833333333334,2.6458333333333335,8.8,157.0,48.666666666666664,1015.775,73.375,0.1,debesuota
2023-06-23,19.5625,19.433333333333334,1.7249999999999999,7.5,297.0,51.21739130434783,1015.0333333333333,66.41666666666667,0.0,debesuota
2023-06-24,20.904166666666665,20.745833333333334,2.1333333333333333,7.3,325.0,68.54166666666667,1016.5583333333334,57.333333333333336,0.0,debesuota
2023-06-25,18.3,18.154166666666665,2.3625000000000003,9.9,345.0,62.75,1016.65,62.416666666666664,1.5,debesuota
2023-06-26,17.400000000000002,17.379166666666666,1.5666666666666667,7.2,10.0,35.125,1012.5666666666666,69.29166666666667,0.1,mažai debesuota
2023-06-27,16.770833333333332,16.662499999999998,2.2083333333333335,9.5,147.0,50.666666666666664,1007.7125,74.91666666666667,11.0,giedra
2023-06-28,15.954166666666667,15.954166666666667,2.2666666666666666,9.0,329.0,85.70833333333333,1006.3416666666667,81.0,6.2,debesuota
2023-06-29,18.9375,18.866666666666667,3.3166666666666664,10.5,300.0,44.958333333333336,1007.2624999999999,68.70833333333333,0.5,debesuota
2023-06-30,20.054166666666667,20.008333333333333,2.766666666666667,8.3,286.0,26.791666666666668,1006.65,68.54166666666667,0.0,giedra
2023-07-01,17.929166666666667,17.929166666666667,2.8041666666666667,9.2,212.0,54.958333333333336,1004.2416666666667,67.375,1.3,debesuota
2023-07-02,15.895833333333334,15.895833333333334,2.9625,12.2,207.0,84.125,1001.9166666666666,78.25,2.9,debesuota
2023-07-03,17.241666666666667,17.241666666666667,3.470833333333333,12.4,130.0,50.208333333333336,1008.0749999999999,57.291666666666664,0.0,debesuota
2023-07-04,19.208333333333332,19.016666666666666,2.9625,10.9,220.0,35.125,1011.8708333333334,56.0,0.1,giedra
2023-07-05,19.3625,19.166666666666668,1.7958333333333334,7.6,156.0,5.291666666666667,1016.1458333333334,56.541666666666664,0.0,giedra
2023-07-06,18.729166666666668,18.716666666666665,2.2291666666666665,7.9,114.0,62.791666666666664,1015.8166666666666,70.25,1.3,debesuota
2023-07-07,17.433333333333334,17.433333333333334,2.5416666666666665,8.8,190.0,5.875,1021.0333333333333,58.25,0.0,giedra
2023-07-08,17.954166666666666,17.858333333333334,2.4125,8.4,280.0,25.625,1020.1291666666666,58.666666666666664,0.0,giedra
2023-07-09,17.454166666666666,17.391666666666666,2.408333333333333,7.5,318.0,33.5,1019.1750000000001,70.75,0.6000000000000001,giedra
2023-07-10,16.087500000000002,16.087500000000002,2.1666666666666665,7.2,333.0,50.208333333333336,1018.0833333333334,71.66666666666667,0.0,debesuota
2023-07-11,15.508333333333333,15.508333333333333,1.4416666666666667,8.5,2.0,33.0,1016.8083333333334,56.25,0.0,giedra
2023-07-12,19.150000000000002,19.087500000000002,1.6333333333333335,5.4,161.0,29.333333333333332,1012.5208333333334,49.25,0.0,giedra
2023-07-13,20.9875,20.866666666666667,3.1458333333333335,10.2,278.0,71.125,1010.8958333333334,59.416666666666664,0.5,debesuota
2023-07-14,19.029166666666665,18.9875,2.5749999999999997,7.7,276.0,42.916666666666664,1015.0375,57.375,0.0,giedra
2023-07-15,18.908333333333335,18.724999999999998,1.8791666666666667,7.7,96.0,7.875,1017.5416666666666,56.208333333333336,0.30000000000000004,giedra
2023-07-16,24.5,24.150000000000002,2.9291666666666667,9.0,116.0,31.416666666666668,1014.6833333333334,48.75,0.1,giedra
2023-07-17,23.3,23.075,1.8041666666666665,8.7,0.0,36.666666666666664,1014.0166666666668,59.875,0.6,giedra
2023-07-18,16.983333333333334,16.983333333333334,3.5708333333333333,12.3,286.0,52.791666666666664,1012.7416666666667,71.83333333333333,21.3,giedra
2023-07-19,16.308333333333334,16.308333333333334,2.795833333333333,9.4,256.0,60.125,1009.9833333333332,66.0,0.0,debesuota
2023-07-20,16.9875,16.9875,2.3291666666666666,9.7,259.0,61.791666666666664,1007.775,62.0,0.0,debesuota
2023-07-21,16.529166666666665,16.529166666666665,2.8249999999999997,11.0,157.0,55.458333333333336,1010.4625,65.08333333333333,0.0,debesuota su pragiedruliais
2023-07-22,15.704166666666666,15.704166666666666,2.533333333333333,9.9,243.0,56.5,1010.5749999999999,80.58333333333333,6.1000000000000005,debesuota
2023-07-23,15.754166666666668,15.754166666666668,2.0791666666666666,7.2,199.0,77.79166666666667,1011.5541666666667,75.66666666666667,1.1,debesuota
2023-07-24,19.091666666666665,19.045833333333334,1.7791666666666668,6.0,192.0,72.625,1005.1,70.58333333333333,0.5,debesuota
2023-07-25,21.2375,21.154166666666665,3.283333333333333,10.3,319.0,56.541666666666664,998.9541666666668,63.25,0.0,debesuota
2023-07-26,18.308333333333334,18.308333333333334,2.658333333333333,7.5,285.0,69.08333333333333,1003.275,62.458333333333336,0.0,debesuota
2023-07-27,14.308333333333332,14.308333333333332,2.225,8.1,308.0,84.0,1007.5833333333334,82.08333333333333,6.5,debesuota
2023-07-28,16.349999999999998,16.320833333333333,1.9749999999999999,8.4,175.0,52.666666666666664,1006.0291666666667,72.16666666666667,2.0,giedra
2023-07-29,18.620833333333334,18.495833333333334,2.5208333333333335,8.1,273.0,43.875,1007.5,65.20833333333333,0.1,mažai debesuota
2023-07-30,16.391666666666666,16.391666666666666,2.0625,5.7,157.0,61.708333333333336,1007.9375,86.75,9.9,debesuota
2023-07-31,18.204166666666666,18.204166666666666,2.025,8.1,185.0,58.0,1008.2583333333333,78.54166666666667,1.1,debesuota
2023-08-01,19.991666666666667,19.891666666666666,3.7416666666666667,10.0,142.0,69.0,1004.6999999999999,66.54166666666667,0.30000000000000004,debesuota
2023-08-02,18.829166666666666,18.825,2.9625,7.9,144.0,56.458333333333336,1003.4166666666666,80.625,4.1,nedidelis lietus
2023-08-03,18.941666666666666,18.929166666666667,3.779166666666667,12.9,163.0,68.04166666666667,1003.4708333333333,74.625,0.9,debesuota
2023-08-04,20.058333333333334,19.945833333333333,3.0666666666666664,9.0,216.0,38.708333333333336,1009.9208333333332,64.5,0.0,giedra
2023-08-05,19.904166666666665,19.883333333333333,1.8125,5.9,121.0,57.458333333333336,1012.9875000000001,80.41666666666667,22.9,giedra
2023-08-06,26.608333333333334,27.133333333333336,3.8833333333333333,12.8,116.0,14.708333333333334,1003.2624999999999,63.041666666666664,0.0,giedra
2023-08-07,18.291666666666668,18.3875,3.0,12.8,281.0,91.79166666666667,998.1833333333334,87.70833333333333,58.199999999999996,debesuota
2023-08-08,14.720833333333333,14.720833333333333,3.6916666666666664,11.2,184.0,65.91666666666667,1008.7041666666668,71.04166666666667,0.0,debesuota
2023-08-09,15.204166666666666,15.204166666666666,2.5208333333333335,8.2,142.0,64.875,1015.3041666666667,71.70833333333333,1.8000000000000003,debesuota
2023-08-10,16.3125,16.3125,1.2583333333333333,5.2,174.0,62.166666666666664,1020.6083333333332,74.25,0.30000000000000004,debesuota
2023-08-11,16.704166666666666,16.704166666666666,1.1041666666666667,4.6,3.0,60.583333333333336,1021.7541666666666,82.54166666666667,4.8,debesuota
2023-08-12,16.883333333333333,16.883333333333333,1.8666666666666665,7.1,313.0,2.6666666666666665,1020.6833333333334,66.58333333333333,0.0,giedra
2023-08-13,19.3625,19.287499999999998,1.5708333333333335,5.0,182.0,42.958333333333336,1017.3041666666667,66.70833333333333,0.0,debesuota
2023-08-14,19.375,19.304166666666667,1.9208333333333334,6.8,291.0,35.041666666666664,1020.7791666666667,69.41666666666667,0.0,giedra
2023-08-15,23.866666666666664,24.379166666666666,2.370833333333333,7.4,125.0,23.625,1021.4208333333332,65.16666666666667,0.0,giedra
2023-08-16,25.995833333333334,25.979166666666668,2.779166666666667,8.8,157.0,11.541666666666666,1020.8083333333334,59.166666666666664,0.0,giedra
2023-08-17,26.233333333333334,26.6875,2.0749999999999997,5.8,115.0,29.333333333333332,1021.0208333333334,62.958333333333336,0.0,giedra
2023-08-18,25.266666666666666,25.40833333333333,2.2083333333333335,8.4,84.0,13.083333333333334,1022.1,62.541666666666664,0.0,giedra
2023-08-19,23.891666666666666,24.058333333333334,1.7541666666666667,7.9,163.0,59.625,1021.0958333333333,69.33333333333333,0.0,debesuota
2023-08-20,23.4875,23.6875,1.2583333333333333,5.2,233.0,13.625,1018.3041666666667,69.375,0.0,giedra
2023-08-21,19.8125,19.783333333333335,2.725,8.1,276.0,24.583333333333332,1017.5083333333333,75.83333333333333,0.0,giedra
2023-08-22,18.091666666666665,18.091666666666665,2.9416666666666664,8.7,280.0,51.25,1017.0833333333334,68.45833333333333,0.0,debesuota
2023-08-23,18.150000000000002,18.079166666666666,2.35,7.5,271.0,18.916666666666668,1016.2833333333333,66.66666666666667,0.0,giedra
2023-08-24,16.554166666666667,16.554166666666667,1.5333333333333332,5.9,207.0,66.41666666666667,1016.1083333333332,78.0,0.6000000000000001,debesuota
2023-08-25,18.662499999999998,18.608333333333334,2.004166666666667,5.8,138.0,85.66666666666667,1013.6625,70.83333333333333,0.0,debesuota
2023-08-26,21.004166666666666,21.1375,2.066666666666667,14.6,128.0,61.25,1010.2375000000001,76.29166666666667,19.4,debesuota
2023-08-27,20.866666666666667,20.925,1.45,4.6,168.0,60.38095238095238,1010.1,82.125,0.0,debesuota
2023-08-28,19.4875,19.4875,2.920833333333333,12.6,135.0,51.291666666666664,1008.375,77.08333333333333,0.2,debesuota
2023-08-29,18.695833333333333,18.7,2.3666666666666667,11.1,4.0,52.75,1008.8916666666668,77.29166666666667,0.7,giedra
2023-08-30,22.554166666666664,22.72083333333333,2.625,8.8,180.0,59.583333333333336,1003.7125,72.95833333333333,5.4,debesuota
2023-08-31,17.425,17.425,2.6416666666666666,8.0,180.0,81.375,1007.15,89.33333333333333,3.6999999999999997,debesuota
2023-09-01,14.716666666666667,14.716666666666667,2.891666666666667,11.2,161.0,60.166666666666664,1013.8041666666667,75.875,0.6,debesuota
2023-09-02,15.704166666666666,15.704166666666666,2.8249999999999997,10.2,183.0,25.708333333333332,1017.7041666666668,71.5,0.2,giedra
2023-09-03,15.345833333333333,15.345833333333333,1.3875,5.1,126.0,23.565217391304348,1022.1333333333333,74.875,0.0,giedra
2023-09-04,14.525,14.525,1.4041666666666668,5.0,146.0,20.958333333333332,1026.4041666666667,76.04166666666667,0.0,giedra
2023-09-05,17.345833333333335,17.333333333333332,2.6333333333333333,9.2,223.0,68.375,1024.3541666666667,72.5,0.0,debesuota
2023-09-06,17.520833333333332,17.520833333333332,1.8791666666666667,6.7,356.0,28.791666666666668,1023.875,76.875,0.0,giedra
2023-09-07,14.950000000000001,14.950000000000001,0.9291666666666667,3.2,1.0,0.5416666666666666,1029.0,69.75,0.0,giedra
2023-09-08,15.395833333333334,15.341666666666667,1.7333333333333334,7.5,153.0,28.25,1023.6750000000001,70.58333333333333,0.0,giedra
2023-09-09,16.633333333333333,16.5625,1.3833333333333335,4.9,127.0,21.5,1022.6750000000001,68.875,0.0,giedra
2023-09-10,16.941666666666666,16.941666666666666,2.4458333333333333,6.5,146.0,41.833333333333336,1021.2875,67.79166666666667,0.0,giedra
2023-09-11,18.766666666666666,18.691666666666666,1.9416666666666667,6.0,125.0,19.416666666666668,1016.1416666666668,66.33333333333333,0.0,giedra
2023-09-12,19.370833333333334,19.308333333333334,2.4541666666666666,7.7,139.0,14.125,1014.8208333333333,66.70833333333333,0.0,giedra
2023-09-13,20.675,20.641666666666666,2.85,8.7,143.0,12.625,1013.0875,62.5,0.0,giedra
2023-09-14,15.616666666666667,15.616666666666667,2.2916666666666665,9.2,327.0,84.5,1015.0541666666667,81.625,1.4000000000000001,debesuota
2023-09-15,12.016666666666666,12.016666666666666,1.4833333333333334,6.6,13.0,13.625,1025.2875000000001,74.75,0.0,giedra
2023-09-16,13.012500000000001,13.012500000000001,2.125,8.4,139.0,0.0,1027.3125,67.54166666666667,0.0,giedra
2023-09-17,15.720833333333333,15.720833333333333,2.6125000000000003,10.7,143.0,3.1666666666666665,1021.4458333333333,71.16666666666667,0.0,giedra
2023-09-18,18.974999999999998,18.962500000000002,2.2624999999999997,8.1,118.0,30.416666666666668,1016.9499999999999,73.58333333333333,0.0,giedra
2023-09-19,18.9375,18.904166666666665,3.154166666666667,11.6,144.0,51.75,1009.5124999999999,73.625,0.0,giedra
2023-09-20,16.775000000000002,16.775000000000002,2.2333333333333334,8.8,135.0,31.958333333333332,1012.7624999999999,68.83333333333333,0.0,giedra
2023-09-21,17.258333333333333,17.179166666666667,2.908333333333333,8.9,131.0,0.0,1014.8541666666666,68.04166666666667,0.0,giedra
2023-09-22,20.462500000000002,20.408333333333335,4.883333333333334,14.7,141.0,7.916666666666667,1011.225,61.833333333333336,0.0,giedra
2023-09-23,18.73333333333333,18.73333333333333,3.420833333333333,10.3,142.0,82.58333333333333,1011.6458333333334,75.875,22.0,debesuota
2023-09-24,14.491666666666667,14.491666666666667,1.6041666666666667,6.6,280.0,49.708333333333336,1023.625,85.375,0.0,debesuota
2023-09-25,12.1875,12.1875,1.0291666666666666,3.9,97.0,1.1818181818181819,1032.0708333333334,77.66666666666667,0.0,giedra
2023-09-26,15.299999999999999,15.299999999999999,2.2333333333333334,6.5,127.0,6.833333333333333,1030.0541666666666,74.04166666666667,0.0,giedra
2023-09-27,17.816666666666666,17.787499999999998,2.8166666666666664,8.8,149.0,0.0,1027.0708333333334,72.54166666666667,0.0,giedra
2023-09-28,17.604166666666668,17.541666666666668,2.5416666666666665,7.0,149.0,0.0,1024.5375000000001,72.58333333333333,0.0,giedra
2023-09-29,17.204166666666666,17.141666666666666,2.6791666666666667,9.3,152.0,0.0,1020.7958333333332,67.95833333333333,0.0,giedra
2023-09-30,13.945833333333333,13.945833333333333,2.470833333333333,9.7,147.0,58.541666666666664,1016.3791666666666,78.75,0.2,debesuota
2023-10-01,12.141666666666666,12.141666666666666,2.4875,10.4,236.0,52.791666666666664,1018.2166666666667,83.0,0.2,debesuota
2023-10-02,12.245833333333332,12.245833333333332,2.0791666666666666,8.8,184.0,72.7,1020.9125,81.375,0.0,debesuota
2023-10-03,17.3625,17.3625,4.054166666666666,12.6,182.0,74.79166666666667,1012.2208333333333,72.66666666666667,0.0,debesuota
2023-10-04,12.658333333333333,12.658333333333333,4.470833333333333,18.2,217.0,80.5,1012.5041666666666,81.5,8.5,lietus
2023-10-05,10.670833333333334,10.670833333333334,5.141666666666667,16.6,210.0,82.08333333333333,1012.7291666666666,84.75,2.7,debesuota
2023-10-06,9.862499999999999,9.862499999999999,3.9333333333333336,12.3,287.0,66.83333333333333,1016.4416666666666,75.625,1.0,debesuota
2023-10-07,10.5875,10.5875,6.3500000000000005,20.1,260.0,83.625,1000.7333333333332,77.20833333333333,2.7,debesuota
2023-10-08,5.2,3.1125000000000003,5.833333333333333,17.5,285.0,46.583333333333336,1009.5916666666667,72.16666666666667,0.0,debesuota
2023-10-09,4.529166666666667,3.125,2.6458333333333335,9.1,257.0,54.958333333333336,1016.2791666666667,84.08333333333333,0.6,debesuota
2023-10-10,5.016666666666667,4.604166666666667,1.7750000000000001,7.5,165.0,42.375,1019.6708333333332,77.83333333333333,0.0,giedra
2023-10-11,9.358333333333333,8.566666666666666,4.1125,10.8,169.0,84.625,1011.5833333333334,84.04166666666667,0.0,debesuota
2023-10-12,12.283333333333333,12.283333333333333,4.066666666666666,14.5,210.0,83.08333333333333,1005.4333333333334,78.70833333333333,5.6,debesuota
2023-10-13,9.979166666666666,9.979166666666666,3.4458333333333333,10.3,172.0,47.583333333333336,1012.8125,79.33333333333333,0.2,giedra
2023-10-14,14.387500000000001,14.387500000000001,4.075,14.0,181.0,83.75,1001.9833333333332,83.29166666666667,0.8999999999999999,debesuota
2023-10-15,7.720833333333334,7.720833333333334,3.8208333333333333,11.8,208.0,64.375,1005.5041666666666,78.29166666666667,0.30000000000000004,debesuota
2023-10-16,6.054166666666667,5.358333333333333,3.095833333333333,11.7,277.0,50.708333333333336,1009.9708333333333,76.66666666666667,0.7999999999999999,giedra
2023-10-17,5.925,5.3875,3.1750000000000003,13.2,239.0,65.29166666666667,1015.5708333333333,77.16666666666667,0.0,debesuota
2023-10-18,5.483333333333333,4.708333333333333,3.0708333333333333,10.2,217.0,75.16666666666667,1010.3208333333333,91.70833333333333,10.3,debesuota
2023-10-19,2.6083333333333334,1.8416666666666668,1.3833333333333335,5.0,48.0,91.91666666666667,1010.9125,85.79166666666667,0.0,debesuota
2023-10-20,1.8375000000000001,-1.5166666666666666,3.329166666666667,11.1,53.0,99.0,1007.1958333333333,88.58333333333333,0.5,debesuota
2023-10-21,4.679166666666666,2.975,4.0249999999999995,14.8,139.0,100.0,1009.375,93.25,8.1,nedidelis lietus
2023-10-22,7.741666666666667,7.741666666666667,2.0,6.2,135.0,100.0,1007.6166666666667,99.0,31.1,nedidelis lietus
2023-10-23,8.450000000000001,8.450000000000001,3.0208333333333335,9.6,274.0,100.0,1010.0208333333334,97.45833333333333,12.0,nedidelis lietus
2023-10-24,7.0625,6.9750000000000005,1.5999999999999999,5.8,202.0,75.0952380952381,1014.1541666666667,95.04166666666667,0.0,debesuota
2023-10-25,6.170833333333333,5.733333333333333,3.5500000000000003,11.3,66.0,99.5,1006.4666666666667,94.33333333333333,21.6,debesuota
2023-10-26,1.5583333333333333,-1.5,2.9,9.6,72.0,100.0,999.9583333333334,96.79166666666667,2.0,nedidelis lietus
2023-10-27,2.3874999999999997,1.3708333333333333,1.4708333333333332,4.7,35.0,100.0,995.8916666666668,98.0,0.0,migla
2023-10-28,1.05,-1.5,2.3125,6.0,313.0,100.0,1000.7166666666667,95.08333333333333,0.2,debesuota
2023-10-29,2.120833333333333,0.27499999999999997,2.8375,10.7,147.0,75.125,1009.9833333333332,87.91666666666667,1.8,debesuota
2023-10-30,9.983333333333333,9.983333333333333,2.9791666666666665,10.8,121.0,66.45833333333333,1005.5416666666666,89.91666666666667,2.4000000000000004,debesuota
2023-10-31,11.204166666666666,11.204166666666666,3.8833333333333333,11.4,125.0,88.25,1001.6166666666667,85.66666666666667,0.2,debesuota
2023-11-01,8.079166666666667,7.970833333333334,3.141666666666667,10.1,256.0,99.5,1005.1374999999999,83.875,0.39999999999999997,debesuota
2023-11-02,5.745833333333334,5.375,2.5833333333333335,8.7,121.0,17.25,1007.6708333333332,81.0,0.0,giedra
2023-11-03,8.616666666666667,8.616666666666667,5.795833333333333,16.2,130.0,60.041666666666664,999.9416666666666,80.08333333333333,0.2,debesuota
2023-11-04,8.075000000000001,8.075000000000001,4.395833333333333,14.6,171.0,95.5,995.8125,84.41666666666667,3.9,debesuota
2023-11-05,6.7749999999999995,6.5,3.079166666666667,11.0,127.0,77.54545454545455,991.3583333333332,91.54166666666667,2.1,debesuota
2023-11-06,8.383333333333333,8.383333333333333,3.079166666666667,10.7,213.0,98.5,994.275,95.91666666666667,7.4,nedidelis lietus
2023-11-07,8.108333333333333,8.108333333333333,3.6999999999999997,10.1,213.0,84.58333333333333,1008.8916666666668,86.20833333333333,0.5,debesuota
2023-11-08,6.366666666666667,6.125,2.6916666666666664,6.6,182.0,87.20833333333333,1010.4,91.375,0.5,debesuota
2023-11-09,5.9375,5.133333333333334,2.9,7.7,154.0,81.91666666666667,1012.0625,92.375,0.5,debesuota
2023-11-10,5.270833333333333,3.845833333333333,3.8874999999999997,9.6,148.0,85.20833333333333,1008.2458333333334,82.95833333333333,0.0,debesuota
2023-11-11,5.366666666666667,4.945833333333334,1.8125,6.7,121.0,95.5,1003.875,91.41666666666667,0.1,debesuota
2023-11-12,5.245833333333333,4.716666666666667,3.2416666666666667,9.5,281.0,100.0,999.6958333333333,97.66666666666667,1.2000000000000002,nedidelis lietus
2023-11-13,4.595833333333333,2.6458333333333335,4.070833333333334,11.2,261.0,94.91666666666667,1004.1208333333334,90.5,1.1,debesuota
2023-11-14,3.1875,1.5250000000000001,1.9541666666666666,6.1,90.0,97.45833333333333,1000.6916666666666,93.08333333333333,0.1,migla
2023-11-15,2.4291666666666667,0.029166666666666674,2.4125,7.7,82.0,100.0,1002.9916666666667,95.125,1.8,nedidelis lietus
2023-11-16,0.6791666666666667,-0.18333333333333338,1.3375000000000001,6.3,323.0,98.0,1015.1374999999999,92.16666666666667,0.0,debesuota
2023-11-17,-0.325,-2.7125,2.004166666666667,7.4,91.0,100.0,1019.0833333333334,91.25,0.7,debesuota
2023-11-18,-1.3375000000000001,-2.4583333333333335,1.4666666666666668,5.4,100.0,97.5,1024.1499999999999,86.25,0.0,debesuota
2023-11-19,-0.5499999999999999,-2.275,1.8208333333333335,6.7,113.0,95.875,1018.2375000000001,86.20833333333333,0.0,debesuota
2023-11-20,-1.5416666666666667,-4.3500000000000005,2.4166666666666665,9.2,47.0,75.625,1014.2333333333332,71.04166666666667,0.0,debesuota
2023-11-21,-3.795833333333333,-5.308333333333334,1.679166666666667,7.7,65.0,82.41666666666667,1019.6541666666667,69.41666666666667,0.0,debesuota
2023-11-22,-5.983333333333333,-8.583333333333334,2.0166666666666666,7.6,187.0,67.375,1025.2291666666667,75.66666666666667,0.0,debesuota
2023-11-23,0.12916666666666668,-5.041666666666667,5.5375000000000005,15.0,203.0,96.5,993.7916666666666,91.125,16.4,nedidelis lietus
2023-11-24,0.8708333333333332,-3.3874999999999997,4.3125,12.4,265.0,90.29166666666667,982.7875,91.41666666666667,2.1,debesuota
2023-11-25,-0.8041666666666667,-3.733333333333333,2.529166666666667,6.8,200.0,97.0,993.525,91.29166666666667,1.9,debesuota
2023-11-26,-4.766666666666667,-8.645833333333334,2.5208333333333335,7.2,306.0,99.0,1002.3916666666668,85.0,0.4,debesuota
2023-11-27,-6.358333333333333,-11.762500000000001,3.7583333333333333,11.9,307.0,96.45833333333333,1002.4083333333333,90.08333333333333,0.0,debesuota
2023-11-28,-6.370833333333334,-10.716666666666667,2.8666666666666667,11.0,156.0,58.0,1000.7125,83.70833333333333,0.0,debesuota
2023-11-29,-6.783333333333334,-10.816666666666668,2.983333333333333,11.1,317.0,99.5,1003.5708333333333,89.0,4.0,nedidelis sniegas
2023-11-30,-5.2375,-9.933333333333334,3.2375000000000003,10.0,187.0,97.0,1004.0333333333333,90.0,0.0,migla
2023-12-01,-4.141666666666667,-8.4625,3.029166666666667,7.4,181.0,100.0,1002.9,90.91666666666667,0.0,migla
2023-12-02,-3.0625,-3.658333333333333,1.1666666666666667,4.4,234.0,97.81818181818181,1008.4041666666667,94.20833333333333,0.0,migla
2023-12-03,-5.425,-7.7625,1.7583333333333335,6.1,330.0,95.5,1012.6958333333333,92.375,1.8,migla
2023-12-04,-2.5500000000000003,-6.2250000000000005,2.733333333333333,7.8,210.0,98.0,1016.25,91.04166666666667,1.5,nedidelis sniegas
2023-12-05,-3.5041666666666664,-6.004166666666666,1.8333333333333333,4.8,155.0,98.5,1021.9416666666666,92.16666666666667,0.2,nedidelis sniegas
2023-12-06,-5.608333333333333,-8.808333333333334,2.0458333333333334,5.7,40.0,91.20833333333333,1025.0625,91.04166666666667,0.0,migla
2023-12-07,-4.3999999999999995,-8.758333333333333,3.029166666666667,9.2,115.0,98.0,1028.1083333333333,81.54166666666667,0.0,debesuota
2023-12-08,-5.495833333333334,-8.020833333333334,1.8625,5.9,122.0,100.0,1025.7666666666667,86.41666666666667,0.0,debesuota
2023-12-09,-4.979166666666667,-9.604166666666666,3.420833333333333,9.8,138.0,100.0,1020.5791666666668,90.54166666666667,1.2,migla
2023-12-10,-3.095833333333333,-8.141666666666667,4.1000000000000005,10.1,136.0,100.0,1014.7125,90.75,0.7000000000000001,nedidelis sniegas
2023-12-11,-2.2583333333333333,-7.645833333333333,4.854166666666667,9.5,137.0,100.0,1005.5749999999999,92.875,4.2,nedidelis sniegas
2023-12-12,0.24583333333333335,-2.7458333333333336,2.6083333333333334,7.4,153.0,100.0,1003.9708333333333,98.95833333333333,3.9,nedidelis lietus
2023-12-13,0.1125,-0.7041666666666666,1.3875,3.9,51.0,100.0,1008.5583333333334,100.0,0.2,rūkas
2023-12-14,-0.016666666666666663,-2.3625000000000003,2.1041666666666665,7.9,13.0,98.2,1012.7583333333333,98.25,5.5,migla
2023-12-15,-2.5833333333333335,-5.9375,2.5083333333333333,8.1,265.0,97.41666666666667,1023.3249999999999,89.0,0.0,debesuota
2023-12-16,1.9333333333333333,-1.2666666666666666,3.170833333333333,8.9,217.0,100.0,1024.6875,98.33333333333333,0.8,nedidelis lietus
2023-12-17,5.2749999999999995,4.354166666666667,4.3,13.6,269.0,100.0,1018.35,97.45833333333333,5.2,nedidelis lietus
2023-12-18,5.829166666666667,5.829166666666667,3.533333333333333,11.7,266.0,100.0,1016.9,97.04166666666667,1.4000000000000001,lietus
2023-12-19,5.904166666666666,5.904166666666666,4.254166666666666,12.9,212.0,100.0,1008.0916666666667,96.04166666666667,3.4000000000000004,nedidelis lietus
2023-12-20,3.033333333333333,0.37916666666666665,2.7624999999999997,9.2,198.0,95.5,1000.0916666666667,96.125,2.3000000000000003,debesuota
2023-12-21,1.5833333333333333,-2.9166666666666665,5.116666666666666,14.2,160.0,96.5,987.3708333333334,94.25,3.7,nedidelis lietus
2023-12-22,1.4208333333333334,-3.0500000000000003,4.8999999999999995,13.2,196.0,93.41666666666667,973.2291666666666,89.25,2.4,debesuota
2023-12-23,-0.02916666666666667,-4.779166666666667,4.741666666666666,12.8,237.0,99.0,978.7125,96.45833333333333,3.5,nedidelis sniegas
2023-12-24,-0.9125,-5.295833333333333,3.9291666666666667,10.3,269.0,95.95833333333333,994.5500000000001,92.91666666666667,1.1,debesuota
2023-12-25,2.9333333333333336,-1.3708333333333333,5.8,16.3,259.0,96.91666666666667,986.2791666666667,91.91666666666667,6.0,nedidelis lietus
2023-12-26,2.2333333333333334,-1.7416666666666665,4.579166666666667,16.0,258.0,96.45833333333333,997.1374999999999,91.70833333333333,5.7,nedidelis lietus
2023-12-27,1.4958333333333333,-2.5833333333333335,4.316666666666666,12.9,273.0,92.5,1009.6333333333333,85.20833333333333,0.8999999999999999,debesuota
2023-12-28,1.0041666666666667,-2.6083333333333334,3.5749999999999997,9.5,212.0,95.0,1012.7958333333332,90.70833333333333,0.2,debesuota
2023-12-29,4.533333333333333,1.8875,4.125,11.1,204.0,93.45833333333333,1004.3000000000001,92.08333333333333,1.7000000000000002,debesuota
2023-12-30,3.9791666666666665,0.8208333333333333,3.920833333333333,11.4,202.0,95.5,1003.4208333333332,90.29166666666667,3.9,debesuota
2023-12-31,1.2208333333333334,-1.2125,2.7624999999999997,10.7,276.0,97.5,1012.6583333333333,84.79166666666667,0.5,debesuota
2024-01-01,-2.0708333333333333,-5.704166666666667,2.8333333333333335,9.8,69.0,100.0,1011.1875,80.58333333333333,0.0,debesuota
2024-01-02,-7.95,-12.904166666666667,2.904166666666667,7.8,52.0,98.5,1010.6958333333333,76.625,0.0,debesuota
2024-01-03,-9.866666666666667,-15.7875,3.420833333333333,9.8,68.0,100.0,1002.775,79.45833333333333,0.2,nedidelis sniegas
2024-01-04,-9.133333333333333,-13.591666666666667,2.5375,7.8,69.0,99.5,997.1833333333334,83.83333333333333,3.6,nedidelis sniegas
2024-01-05,-8.299999999999999,-12.9,2.9125,9.7,188.0,83.95833333333333,1005.5291666666667,84.625,1.6,nedidelis sniegas
2024-01-06,-9.575000000000001,-11.516666666666666,1.5041666666666667,5.6,225.0,84.34782608695652,1016.8291666666668,82.45833333333333,0.0,nedidelis sniegas
2024-01-07,-17.912499999999998,-22.15416666666667,1.9041666666666668,6.3,27.0,49.208333333333336,1028.3,81.79166666666667,0.0,debesuota
2024-01-08,-18.6375,-21.3,1.4708333333333332,4.4,1.0,15.791666666666666,1035.7041666666667,79.04166666666667,0.0,migla
2024-01-09,-5.566666666666666,-9.15,3.0083333333333333,11.9,243.0,100.0,1031.1499999999999,91.25,0.9,migla
2024-01-10,0.33749999999999997,-4.016666666666667,4.2749999999999995,11.1,280.0,100.0,1023.7208333333333,97.91666666666667,0.9,migla
2024-01-11,-1.1833333333333333,-5.979166666666667,4.591666666666667,13.7,2.0,74.08333333333333,1015.2083333333334,77.54166666666667,0.9,debesuota
2024-01-12,-6.491666666666667,-10.5,3.066666666666667,11.1,223.0,78.75,1015.0041666666666,85.04166666666667,5.0,debesuota
2024-01-13,-9.375,-15.366666666666667,3.8833333333333333,11.7,152.0,97.0,1010.5416666666666,83.95833333333333,0.1,trumpas sniegas
2024-01-14,-2.9375,-7.345833333333334,3.3708333333333336,9.3,152.0,99.0,991.8708333333334,95.0,5.4,nedidelis sniegas
2024-01-15,-0.5750000000000001,-5.179166666666666,4.295833333333333,12.5,190.0,98.5,984.9625,96.20833333333333,5.5,nedidelis sniegas
2024-01-16,-6.4875,-12.445833333333333,4.583333333333333,16.5,288.0,64.20833333333333,996.2083333333334,82.91666666666667,3.1,trumpas sniegas
2024-01-17,-11.270833333333334,-17.962500000000002,4.320833333333334,13.0,141.0,47.625,1008.1208333333334,83.83333333333333,0.0,debesuota
2024-01-18,-5.329166666666667,-9.737499999999999,3.3208333333333333,13.8,139.0,98.5,993.2916666666666,89.83333333333333,1.1,migla
2024-01-19,-4.470833333333333,-8.720833333333333,3.25,10.0,224.0,75.70833333333333,1007.0916666666667,91.125,0.2,debesuota
2024-01-20,-3.470833333333333,-7.7,3.216666666666667,10.1,19.0,100.0,1014.5,92.08333333333333,4.9,nedidelis sniegas
2024-01-21,-4.566666666666666,-9.308333333333334,3.8125,11.4,169.0,98.5,1030.6416666666667,87.0,0.0,debesuota
2024-01-22,-1.8375000000000001,-8.308333333333334,7.116666666666667,15.3,173.0,96.5,1016.6583333333333,81.70833333333333,0.5,debesuota
2024-01-23,1.7625,-2.279166666666667,4.258333333333334,10.3,203.0,100.0,1012.3916666666668,95.25,0.4,migla
2024-01-24,1.9000000000000001,-2.3625000000000003,4.766666666666667,12.8,180.0,98.5,1003.6,93.875,8.5,nedidelis lietus
2024-01-25,1.2458333333333333,-2.9958333333333336,4.383333333333334,11.3,238.0,100.0,1000.8791666666666,96.79166666666667,4.6,nedidelis lietus
2024-01-26,-1.5083333333333335,-4.904166666666667,2.725,9.9,317.0,100.0,1016.9083333333333,96.29166666666667,0.30000000000000004,debesuota
2024-01-27,-1.8499999999999999,-4.704166666666667,2.379166666666667,7.0,130.0,98.95652173913044,1020.3708333333334,92.16666666666667,0.0,debesuota
2024-01-28,-0.10416666666666667,-1.3166666666666667,1.6166666666666665,5.7,156.0,100.0,1033.825,97.58333333333333,0.2,migla
2024-01-29,0.6749999999999999,-3.1208333333333336,3.7375000000000003,10.5,180.0,89.25,1035.9666666666667,92.125,0.0,debesuota
2024-01-30,0.15,-3.0083333333333333,2.8166666666666664,7.9,177.0,76.75,1030.5,86.75,0.0,debesuota
2024-01-31,0.3583333333333334,-2.7291666666666665,2.8125,11.7,207.0,87.625,1023.5833333333334,92.75,0.1,migla
2024-02-01,1.0291666666666666,-3.3333333333333335,4.5625,13.7,235.0,93.33333333333333,1010.2125,88.29166666666667,2.2,debesuota
2024-02-02,0.2916666666666667,-3.954166666666667,4.1875,12.7,276.0,53.291666666666664,1012.225,87.0,1.7000000000000002,giedra
2024-02-03,3.6625,-0.37916666666666665,5.175,13.8,272.0,100.0,998.6583333333333,92.58333333333333,2.2,nedidelis lietus
2024-02-04,2.120833333333333,-2.091666666666667,4.7875000000000005,13.6,263.0,97.0,996.7916666666666,89.04166666666667,6.5,nedidelis lietus
2024-02-05,0.32083333333333336,-3.875,4.129166666666666,19.6,279.0,80.95833333333333,994.4833333333332,88.41666666666667,6.2,debesuota
2024-02-06,-1.1041666666666667,-2.7624999999999997,1.7541666666666667,6.5,117.0,94.41666666666667,997.9208333333332,92.83333333333333,4.3,debesuota
2024-02-07,-0.4375,-4.983333333333333,4.9125000000000005,17.1,254.0,95.5,990.0416666666666,78.75,5.9,debesuota
2024-02-08,-2.9291666666666667,-6.141666666666667,2.341666666666667,7.4,204.0,71.54166666666667,1003.2583333333333,73.375,0.0,debesuota
2024-02-09,-1.6666666666666667,-4.816666666666666,2.370833333333333,7.0,156.0,72.58333333333333,1004.9458333333333,73.33333333333333,0.0,debesuota
2024-02-10,-1.2375,-5.383333333333333,3.5124999999999997,9.9,117.0,99.5,1004.1875,86.0,0.2,debesuota
2024-02-11,0.7000000000000001,-2.2375000000000003,2.566666666666667,8.0,109.0,100.0,1004.0333333333333,92.54166666666667,0.6000000000000001,debesuota
2024-02-12,2.0708333333333333,-0.5541666666666667,2.5083333333333333,7.3,120.0,100.0,1002.0208333333334,98.125,0.4,migla
2024-02-13,2.1416666666666666,0.08749999999999998,2.0416666666666665,6.5,135.0,100.0,1010.9375,98.04166666666667,0.39999999999999997,nedidelis lietus
2024-02-14,0.7999999999999999,-0.9041666666666667,1.6708333333333334,6.9,117.0,85.04166666666667,1022.2208333333333,92.75,0.0,debesuota
2024-02-15,0.7666666666666666,-3.033333333333333,3.6750000000000003,9.6,138.0,95.95833333333333,1025.1791666666666,90.0,0.3,debesuota
2024-02-16,2.1083333333333334,-1.8458333333333332,4.820833333333334,11.1,163.0,59.416666666666664,1023.4708333333333,86.25,0.0,debesuota
2024-02-17,2.125,-2.0,4.6125,13.4,172.0,94.78260869565217,1019.125,91.91666666666667,2.8,debesuota
2024-02-18,-0.8166666666666668,-3.295833333333333,2.4375,11.1,312.0,58.0,1031.2083333333333,68.66666666666667,0.0,debesuota
2024-02-19,-1.1791666666666665,-5.983333333333333,4.920833333333333,12.8,145.0,92.20833333333333,1023.7458333333334,68.45833333333333,0.2,debesuota
2024-02-20,-0.5541666666666667,-3.3791666666666664,2.720833333333333,8.8,289.0,100.0,1014.8666666666667,93.375,1.7000000000000002,nedidelis sniegas
2024-02-21,1.3916666666666666,-1.0041666666666667,2.5791666666666666,6.7,158.0,100.0,1014.5833333333334,97.33333333333333,2.5,nedidelis lietus
2024-02-22,4.366666666666666,2.4541666666666666,3.4375,9.9,135.0,93.08695652173913,1005.6291666666666,93.16666666666667,1.0,debesuota
2024-02-23,6.133333333333333,5.054166666666666,4.1499999999999995,10.8,137.0,97.45833333333333,1002.2666666666668,90.91666666666667,5.3,nedidelis lietus
2024-02-24,7.008333333333333,6.929166666666667,3.970833333333333,11.4,139.0,96.45833333333333,1008.3291666666668,89.33333333333333,1.6,nedidelis lietus
2024-02-25,4.870833333333334,4.729166666666667,1.8625,6.9,135.0,91.95833333333333,1014.025,94.29166666666667,0.0,debesuota
2024-02-26,8.145833333333334,8.145833333333334,2.8249999999999997,6.9,118.0,96.45833333333333,1012.3333333333334,95.58333333333333,7.6,debesuota
2024-02-27,7.366666666666667,7.366666666666667,2.4125,7.4,145.0,96.0,1016.6166666666667,93.20833333333333,6.8999999999999995,debesuota
2024-02-28,7.558333333333334,7.558333333333334,2.6916666666666664,7.4,149.0,95.5,1017.6666666666666,90.29166666666667,3.9,nedidelis lietus
2024-02-29,3.4375,2.2083333333333335,1.875,7.9,113.0,99.0,1023.725,87.91666666666667,0.0,debesuota
2024-03-01,5.758333333333333,4.629166666666666,3.5708333333333333,12.0,112.0,42.833333333333336,1021.4875000000001,84.04166666666667,0.0,giedra
2024-03-02,5.7250000000000005,4.479166666666667,3.2458333333333336,10.5,112.0,0.0,1020.0166666666668,68.41666666666667,0.0,giedra
2024-03-03,3.483333333333333,1.9000000000000001,3.029166666666667,11.0,107.0,34.541666666666664,1019.6291666666666,65.29166666666667,0.0,giedra
2024-03-04,1.7750000000000001,-0.875,2.5916666666666663,8.7,79.0,98.0,1018.8125,76.54166666666667,0.0,debesuota
2024-03-05,2.5500000000000003,0.35833333333333334,2.841666666666667,10.1,66.0,70.41666666666667,1021.6791666666667,70.45833333333333,0.0,debesuota
2024-03-06,0.5375,-1.6041666666666667,2.2958333333333334,9.0,45.0,0.0,1028.2916666666667,63.541666666666664,0.0,giedra
2024-03-07,-0.14999999999999994,-0.5291666666666667,1.2666666666666666,5.1,302.0,0.0,1027.7,61.916666666666664,0.0,giedra
2024-03-08,-0.18749999999999997,-1.4041666666666668,1.825,6.8,303.0,20.333333333333332,1022.4958333333334,73.875,0.0,giedra
2024-03-09,-1.1541666666666666,-2.7291666666666665,1.6166666666666665,5.3,46.0,75.625,1020.6999999999999,81.125,0.0,debesuota
2024-03-10,0.1583333333333333,-2.7875,2.7416666666666667,10.3,99.0,8.875,1022.6666666666666,56.416666666666664,0.0,giedra
2024-03-11,1.1500000000000001,-2.1750000000000003,4.045833333333333,12.3,124.0,26.708333333333332,1023.5875,44.5,0.0,giedra
2024-03-12,1.7958333333333334,-1.7416666666666665,3.783333333333333,9.7,116.0,97.0,1019.2916666666666,72.95833333333333,0.6,debesuota
2024-03-13,1.575,-1.6416666666666666,3.0625,7.2,126.0,100.0,1019.6583333333333,88.58333333333333,0.0,debesuota
2024-03-14,3.6458333333333335,1.4041666666666668,3.0749999999999997,9.0,158.0,91.25,1019.0208333333334,85.08333333333333,0.0,debesuota
2024-03-15,5.0249999999999995,3.204166666666667,3.6791666666666667,8.0,166.0,83.08333333333333,1017.025,79.83333333333333,0.0,debesuota
2024-03-16,7.2625,6.166666666666667,3.8666666666666667,10.4,162.0,80.41666666666667,1012.725,80.66666666666667,2.7,debesuota
2024-03-17,3.6999999999999997,1.8708333333333333,3.0875,11.1,250.0,93.83333333333333,1013.1333333333333,81.125,0.3,debesuota
2024-03-18,2.183333333333333,1.3416666666666668,1.6416666666666666,8.3,340.0,93.375,1017.9499999999999,80.70833333333333,0.0,debesuota
2024-03-19,3.2416666666666667,1.5250000000000001,2.191666666666667,6.8,317.0,91.79166666666667,1022.2083333333334,89.41666666666667,0.0,debesuota
2024-03-20,4.683333333333334,4.1125,1.4916666666666665,5.6,350.0,77.94444444444444,1023.525,79.75,0.0,debesuota
2024-03-21,4.583333333333333,3.3375,2.8125,8.3,154.0,51.75,1021.2541666666666,74.91666666666667,0.0,debesuota
2024-03-22,5.379166666666666,4.533333333333333,3.0708333333333333,8.1,167.0,99.5,1012.0916666666667,90.625,0.7000000000000001,nedidelis lietus
2024-03-23,6.420833333333333,6.033333333333334,2.5416666666666665,8.9,261.0,96.5,1001.5541666666667,84.70833333333333,4.7,nedidelis lietus
2024-03-24,2.908333333333333,0.9500000000000001,2.9291666666666667,10.7,163.0,78.20833333333333,1000.5041666666666,87.0,4.3,debesuota
2024-03-25,3.0208333333333335,1.6208333333333333,2.004166666666667,8.0,150.0,68.21739130434783,1004.7541666666666,84.79166666666667,0.8,debesuota
2024-03-26,4.875,4.0125,2.220833333333333,7.3,156.0,44.78260869565217,1009.9416666666666,75.41666666666667,0.0,debesuota
2024-03-27,8.866666666666667,8.070833333333333,5.895833333333333,15.5,137.0,43.5,1006.4708333333333,52.041666666666664,0.0,debesuota
2024-03-28,10.487499999999999,10.487499999999999,4.995833333333334,11.5,131.0,51.75,998.8166666666666,62.75,0.39999999999999997,giedra
2024-03-29,9.241666666666667,9.241666666666667,3.475,12.2,244.0,73.16666666666667,1002.75,72.0,0.4,debesuota
2024-03-30,12.666666666666666,12.666666666666666,2.5458333333333334,8.1,40.0,49.666666666666664,1007.7541666666666,61.541666666666664,0.0,debesuota
2024-03-31,17.175,17.0625,3.8125,12.0,166.0,40.375,1004.4791666666666,52.666666666666664,0.0,giedra
2024-04-01,16.495833333333334,16.495833333333334,2.9291666666666667,10.1,121.0,41.958333333333336,1000.4250000000001,50.916666666666664,0.0,mažai debesuota
2024-04-02,12.445833333333333,12.445833333333333,4.245833333333333,14.3,293.0,88.25,993.6458333333334,70.70833333333333,2.6,debesuota
2024-04-03,2.8000000000000003,-1.6708333333333334,6.1875,17.8,271.0,99.5,997.0041666666666,83.66666666666667,1.7,nedidelis lietus
2024-04-04,2.3125,0.10000000000000002,2.4625,9.2,102.0,97.0,1014.1166666666667,77.58333333333333,0.0,debesuota
2024-04-05,7.054166666666667,5.829166666666667,3.3041666666666667,9.7,126.0,85.54166666666667,1012.5749999999999,89.25,2.5,debesuota
2024-04-06,9.183333333333334,9.183333333333334,3.1333333333333333,11.2,276.0,97.5,1012.4125,91.66666666666667,12.5,debesuota
2024-04-07,10.725,10.725,2.9791666666666665,7.8,180.0,70.45833333333333,1019.5416666666666,83.125,0.0,debesuota
2024-04-08,15.4,15.4,1.8166666666666667,7.0,118.0,57.625,1016.0875,74.33333333333333,0.0,debesuota
2024-04-09,19.462500000000002,19.370833333333334,2.6166666666666667,8.6,140.0,25.166666666666668,1012.7958333333332,61.666666666666664,0.0,giedra
2024-04-10,15.375,15.329166666666666,3.625,11.9,294.0,32.416666666666664,1018.3041666666667,65.04166666666667,0.0,giedra
2024-04-11,10.208333333333334,10.208333333333334,3.3375000000000004,11.0,272.0,44.5,1028.0874999999999,58.583333333333336,0.0,giedra
2024-04-12,11.770833333333334,11.770833333333334,4.0874999999999995,11.7,272.0,82.04166666666667,1023.975,70.75,0.0,debesuota
2024-04-13,10.275,10.275,3.658333333333333,10.9,274.0,95.875,1017.6458333333334,87.16666666666667,1.8,debesuota
2024-04-14,9.933333333333334,9.933333333333334,4.895833333333333,18.9,205.0,63.75,1008.9375,74.0,2.7,debesuota
2024-04-15,7.179166666666667,7.091666666666666,4.633333333333334,15.2,255.0,64.91666666666667,1005.0208333333334,62.375,0.0,debesuota
2024-04-16,4.458333333333333,3.3958333333333335,2.858333333333333,13.3,144.0,92.375,998.0500000000001,85.83333333333333,6.4,debesuota
2024-04-17,6.516666666666667,5.7875000000000005,2.0458333333333334,9.3,312.0,90.29166666666667,1002.4375,73.70833333333333,0.6,debesuota
2024-04-18,7.108333333333333,6.891666666666667,2.0458333333333334,9.2,9.0,78.83333333333333,1006.3874999999999,69.875,0.1,debesuota
2024-04-19,4.875,3.6208333333333336,3.1458333333333335,9.1,313.0,72.66666666666667,1003.8874999999999,77.375,0.5,debesuota
2024-04-20,5.008333333333334,4.095833333333333,2.7458333333333336,15.2,151.0,95.5,1010.4958333333334,90.54166666666667,5.0,nedidelis lietus
2024-04-21,5.0,3.7375000000000003,3.1166666666666667,10.8,345.0,98.0,1016.5666666666666,90.04166666666667,4.0,debesuota
2024-04-22,0.5916666666666667,-3.7083333333333335,4.295833333333333,11.9,256.0,99.5,1012.0041666666666,98.0,23.1,nedidelis sniegas
2024-04-23,1.9916666666666665,-0.02916666666666672,2.2875,9.8,245.0,91.75,1020.1374999999999,79.45833333333333,0.0,debesuota
2024-04-24,4.333333333333333,3.420833333333333,2.35,8.2,53.0,97.5,1008.3000000000001,94.70833333333333,13.4,nedidelis lietus
2024-04-25,5.920833333333333,5.866666666666667,2.566666666666667,8.9,234.0,86.0,1005.0124999999999,91.5,1.8,nedidelis lietus
2024-04-26,7.479166666666667,7.129166666666666,1.8,8.1,111.0,42.1,1013.1374999999999,70.95833333333333,0.0,rūkas
2024-04-27,11.1875,11.0375,2.529166666666667,8.0,139.0,86.125,1019.5666666666666,55.875,0.0,debesuota
2024-04-28,14.85,14.85,1.875,6.9,156.0,29.75,1024.3125,52.291666666666664,0.0,giedra
2024-04-29,16.783333333333335,16.783333333333335,3.783333333333333,13.2,143.0,18.916666666666668,1028.4791666666667,51.958333333333336,0.0,giedra
2024-04-30,16.575,16.575,3.3000000000000003,12.3,144.0,8.958333333333334,1029.0,47.708333333333336,0.0,giedra
2024-05-01,17.204166666666666,17.204166666666666,1.9000000000000001,8.8,129.0,0.0,1022.6875,48.625,0.0,giedra
2024-05-02,17.320833333333333,17.233333333333334,2.5833333333333335,9.7,71.0,0.0,1017.2166666666667,50.0,0.0,giedra
2024-05-03,14.591666666666667,14.591666666666667,2.629166666666667,8.9,76.0,20.541666666666668,1016.7041666666668,46.458333333333336,0.0,giedra
2024-05-04,15.891666666666666,15.891666666666666,2.345833333333333,7.4,162.0,30.875,1014.5083333333333,52.666666666666664,0.0,giedra
2024-05-05,16.145833333333332,16.145833333333332,1.6166666666666665,7.2,324.0,41.375,1009.8708333333334,55.625,0.1,giedra
2024-05-06,12.066666666666668,12.066666666666668,1.9875,6.3,55.0,86.20833333333333,1005.6791666666667,84.79166666666667,3.3,debesuota
2024-05-07,7.029166666666666,6.5625,3.0708333333333333,11.3,318.0,49.541666666666664,1015.3083333333334,66.45833333333333,0.0,giedra
2024-05-08,6.7375,6.7375,2.220833333333333,9.7,189.0,18.833333333333332,1025.1458333333333,57.916666666666664,0.0,giedra
2024-05-09,6.729166666666667,6.5375000000000005,2.1458333333333335,7.3,209.0,91.83333333333333,1025.4083333333333,68.125,0.5,debesuota
2024-05-10,9.7125,9.637500000000001,2.9333333333333336,9.9,246.0,75.20833333333333,1017.6791666666667,84.95833333333333,3.6,nedidelis lietus
2024-05-11,7.791666666666667,7.179166666666667,3.025,12.3,325.0,20.458333333333332,1021.4250000000001,55.958333333333336,0.0,giedra
2024-05-12,9.029166666666667,8.595833333333333,2.0708333333333333,10.0,318.0,13.125,1023.4791666666666,51.958333333333336,0.0,giedra
2024-05-13,13.370833333333332,13.370833333333332,1.5125,5.9,295.0,52.208333333333336,1020.6041666666666,46.583333333333336,0.0,debesuota
2024-05-14,14.237499999999999,14.237499999999999,1.8708333333333333,6.3,121.0,80.83333333333333,1020.8041666666667,53.791666666666664,0.0,debesuota
2024-05-15,13.6875,13.6875,1.8708333333333333,8.7,143.0,68.375,1024.8333333333333,53.583333333333336,0.0,debesuota
2024-05-16,13.245833333333332,13.245833333333332,1.9541666666666666,9.5,148.0,21.416666666666668,1026.1499999999999,52.875,0.0,giedra
2024-05-17,16.133333333333333,16.104166666666668,1.0916666666666666,5.9,6.0,9.958333333333334,1022.0083333333333,54.625,0.0,giedra
2024-05-20,16.35909090909091,16.322727272727274,1.3142857142857143,9.3,3.0,51.86363636363637,1015.0363636363636,77.0909090909091,0.2,debesuota
2024-05-21,16.587500000000002,16.554166666666667,1.375,10.3,91.0,75.70833333333333,1017.15,80.79166666666667,9.5,debesuota
2024-05-22,19.349999999999998,19.270833333333332,2.654166666666667,10.9,45.0,47.041666666666664,1016.9208333333332,62.708333333333336,0.0,debesuota
2024-05-23,20.029166666666665,19.9375,2.558333333333333,10.5,38.0,52.416666666666664,1020.0166666666668,62.708333333333336,0.5,debesuota
2024-05-24,20.654166666666665,20.529166666666665,2.625,10.6,119.0,21.041666666666668,1023.9,56.75,0.0,giedra
2024-05-25,17.908333333333335,17.866666666666667,2.2833333333333337,10.1,117.0,65.33333333333333,1024.1541666666667,73.41666666666667,9.9,debesuota
2024-05-26,19.962500000000002,19.804166666666667,1.2916666666666667,6.0,124.0,23.625,1024.75,60.375,0.0,giedra
2024-05-27,20.416666666666668,20.3625,1.9249999999999998,9.1,104.0,1.0833333333333333,1023.5916666666667,49.291666666666664,0.0,giedra
2024-05-28,21.23333333333333,21.125,2.0749999999999997,10.1,105.0,26.208333333333332,1019.1041666666666,53.416666666666664,0.0,giedra
2024-05-29,18.933333333333334,18.879166666666666,1.9541666666666666,9.2,109.0,72.66666666666667,1014.8041666666667,71.83333333333333,7.300000000000001,debesuota
2024-05-30,20.170833333333334,20.058333333333334,1.8625,12.5,105.0,58.041666666666664,1010.3041666666667,61.541666666666664,0.0,debesuota
2024-05-31,18.474999999999998,18.412499999999998,1.95,7.9,136.0,50.708333333333336,1011.1208333333334,74.66666666666667,1.2999999999999998,giedra
2024-06-01,19.25,19.216666666666665,1.9291666666666665,6.6,20.0,68.04166666666667,1012.0458333333332,72.375,0.2,debesuota
2024-06-02,18.479166666666668,18.433333333333334,1.8166666666666667,8.8,159.0,50.791666666666664,1009.0291666666667,80.08333333333333,2.6,giedra
2024-06-03,17.704166666666666,17.704166666666666,2.3041666666666667,8.4,253.0,52.833333333333336,1008.7791666666667,81.875,0.0,debesuota
2024-06-04,18.1375,18.1375,1.9291666666666665,7.4,271.0,33.458333333333336,1011.3166666666666,71.54166666666667,0.0,giedra
2024-06-05,18.354166666666668,18.354166666666668,1.6458333333333333,7.1,347.0,48.583333333333336,1009.4791666666666,72.25,0.0,debesuota
2024-06-06,16.337500000000002,16.337500000000002,2.6083333333333334,10.3,287.0,51.208333333333336,1014.1666666666666,66.20833333333333,0.0,debesuota
2024-06-07,14.25,14.25,1.8083333333333333,8.3,163.0,73.16666666666667,1016.4708333333333,74.625,6.9,debesuota
2024-06-08,14.170833333333334,14.170833333333334,2.091666666666667,7.4,277.0,42.416666666666664,1014.1416666666668,70.45833333333333,0.0,giedra
2024-06-09,13.966666666666667,13.966666666666667,2.9791666666666665,9.7,189.0,48.625,1006.9875000000001,80.625,8.4,giedra
2024-06-10,14.633333333333333,14.633333333333333,1.5666666666666667,6.4,16.0,67.33333333333333,1006.0500000000001,82.25,1.1,debesuota
2024-06-11,17.258333333333333,17.224999999999998,1.95,10.4,304.0,45.43478260869565,1006.6041666666666,73.25,0.1,mažai debesuota
2024-06-12,14.916666666666666,14.916666666666666,2.4625,8.4,267.0,37.166666666666664,1013.9708333333333,66.91666666666667,0.0,giedra
2024-06-13,15.366666666666667,15.366666666666667,1.4458333333333335,5.9,268.0,54.791666666666664,1016.5791666666668,63.833333333333336,3.7,giedra
2024-06-14,13.15,13.15,1.5875000000000001,5.9,331.0,91.375,1016.0875,85.66666666666667,8.8,debesuota
2024-06-15,16.3625,16.3625,1.3083333333333333,5.6,114.0,45.458333333333336,1015.4291666666667,65.5,0.0,giedra
2024-06-16,19.179166666666667,19.120833333333334,1.7333333333333334,7.3,35.0,37.166666666666664,1013.1708333333332,68.79166666666667,6.3,giedra
2024-06-17,20.391666666666666,20.345833333333335,2.1708333333333334,9.6,286.0,64.375,1011.7916666666666,73.875,0.0,debesuota
2024-06-18,20.283333333333335,20.216666666666665,1.8875,8.4,111.0,34.583333333333336,1014.6291666666666,69.08333333333333,0.0,giedra
2024-06-19,18.295833333333334,18.316666666666666,3.3041666666666667,11.5,121.0,71.125,1011.2541666666666,82.58333333333333,9.5,debesuota
2024-06-20,16.775000000000002,16.775000000000002,3.9333333333333336,12.0,287.0,42.958333333333336,1016.35,69.875,0.0,giedra
2024-06-21,17.945833333333333,17.841666666666665,2.4208333333333334,8.5,265.0,29.25,1016.5333333333333,60.208333333333336,0.0,giedra
2024-06-22,18.258333333333333,18.258333333333333,1.95,6.4,165.0,74.75,1010.4125,77.625,1.8,debesuota
2024-06-23,16.087500000000002,16.087500000000002,2.983333333333333,9.9,235.0,97.0,1009.7541666666666,84.25,0.0,debesuota
2024-06-24,17.379166666666666,17.379166666666666,1.6375,7.0,293.0,88.66666666666667,1015.35,81.83333333333333,0.1,debesuota
2024-06-25,20.745833333333334,20.604166666666668,1.5208333333333333,6.4,343.0,13.85,1020.1166666666667,66.20833333333333,0.0,giedra
2024-06-26,21.974999999999998,21.808333333333334,1.2375,5.7,0.0,0.0,1018.5625,57.208333333333336,0.0,giedra
2024-06-27,24.575,24.379166666666666,1.6458333333333333,7.3,139.0,0.0,1016.0124999999999,54.125,0.0,giedra
2024-06-28,26.09583333333333,25.858333333333334,2.7916666666666665,9.2,147.0,31.375,1014.5333333333333,51.708333333333336,0.0,giedra
2024-06-29,21.724999999999998,21.641666666666666,2.525,8.1,281.0,43.916666666666664,1016.6333333333333,65.58333333333333,0.1,giedra
2024-06-30,23.254166666666666,23.104166666666668,2.4208333333333334,17.7,151.0,2.625,1012.1750000000001,57.041666666666664,0.0,giedra
2024-07-01,22.304166666666664,22.52916666666667,3.483333333333333,12.3,289.0,55.5,1006.1166666666667,70.08333333333333,0.1,debesuota
2024-07-02,17.145833333333332,17.145833333333332,1.7041666666666666,8.5,2.0,72.70833333333333,1005.0541666666667,72.66666666666667,0.0,debesuota
2024-07-03,17.7375,17.7375,2.466666666666667,8.8,238.0,77.375,1005.8083333333334,68.0,0.0,debesuota
2024-07-04,16.670833333333334,16.670833333333334,1.675,6.6,154.0,93.65217391304348,1006.85,87.625,1.4,debesuota
2024-07-05,16.533333333333335,16.533333333333335,2.845833333333333,11.6,284.0,55.65217391304348,1009.0208333333334,68.08333333333333,0.7000000000000001,debesuota
2024-07-06,20.179166666666667,20.016666666666666,3.579166666666667,11.8,144.0,35.583333333333336,1012.2916666666666,53.75,0.0,giedra
2024-07-07,21.695833333333336,21.65416666666667,3.9291666666666667,18.6,156.0,55.416666666666664,1013.3125,77.54166666666667,19.9,giedra
2024-07-08,18.095833333333335,18.095833333333335,1.8291666666666666,6.6,13.0,48.583333333333336,1019.7583333333333,72.875,21.0,giedra
2024-07-09,21.383333333333336,21.270833333333332,1.4958333333333333,5.5,90.0,19.958333333333332,1023.7583333333333,61.708333333333336,0.0,giedra
2024-07-10,23.425,23.175,2.9458333333333333,9.3,118.0,0.0,1023.4666666666667,50.375,0.0,giedra
2024-07-11,23.504166666666666,23.804166666666664,3.3625000000000003,13.9,130.0,37.166666666666664,1017.6083333333332,66.45833333333333,13.299999999999999,giedra
2024-07-12,22.71666666666667,22.929166666666664,1.5458333333333334,5.5,4.0,47.666666666666664,1015.1833333333334,76.16666666666667,0.0,mažai debesuota
2024-07-13,23.9875,24.558333333333334,2.4916666666666667,9.9,272.0,28.333333333333332,1010.15,75.375,9.799999999999999,giedra
2024-07-14,20.220833333333335,20.229166666666668,1.4916666666666665,6.2,4.0,52.791666666666664,1015.3083333333334,77.08333333333333,0.0,debesuota
2024-07-15,20.370833333333334,20.3875,1.2375,5.6,357.0,44.416666666666664,1016.6541666666667,74.91666666666667,0.0,giedra
2024-07-16,23.97083333333333,23.90833333333333,1.8916666666666666,11.0,98.0,6.25,1015.5708333333333,64.20833333333333,5.4,giedra
2024-07-17,23.34583333333333,23.558333333333334,2.15,8.2,227.0,64.83333333333333,1016.0291666666667,74.91666666666667,5.5,debesuota
2024-07-18,21.425,21.375,2.158333333333333,10.3,270.0,47.666666666666664,1019.3125,66.04166666666667,0.0,debesuota
2024-07-19,19.1375,19.087500000000002,2.9625,8.4,278.0,49.166666666666664,1018.5833333333334,67.83333333333333,0.0,debesuota
2024-07-20,18.291666666666668,18.2625,1.4708333333333332,6.7,309.0,61.625,1014.0458333333332,75.20833333333333,0.0,debesuota
2024-07-21,20.766666666666666,20.662499999999998,1.3625,7.0,179.0,27.208333333333332,1011.025,68.16666666666667,0.0,giedra
2024-07-22,21.891666666666666,21.84166666666667,1.2249999999999999,5.8,0.0,21.458333333333332,1011.9875000000001,66.20833333333333,0.0,giedra
2024-07-23,22.116666666666664,22.179166666666664,1.5958333333333332,7.2,95.0,51.625,1013.275,70.08333333333333,0.0,debesuota
2024-07-24,19.116666666666667,19.116666666666667,1.7791666666666668,5.8,332.0,89.83333333333333,1012.3000000000001,89.41666666666667,4.6,debesuota
2024-07-25,18.345833333333335,18.345833333333335,1.7416666666666665,16.4,305.0,83.08333333333333,1010.2958333333332,90.625,19.6,debesuota
2024-07-26,18.220833333333335,18.220833333333335,1.2041666666666666,4.6,339.0,92.47619047619048,1013.0041666666666,93.125,0.39999999999999997,debesuota
2024-07-27,20.683333333333334,20.641666666666666,1.5708333333333335,7.0,244.0,63.421052631578945,1015.8458333333333,75.5,0.0,debesuota
2024-07-28,17.2625,17.2625,3.9499999999999997,17.0,143.0,96.0,1009.0500000000001,93.33333333333333,22.5,nedidelis lietus
2024-07-29,15.016666666666667,15.016666666666667,8.154166666666667,21.9,273.0,100.0,1003.7583333333333,93.91666666666667,59.8,nedidelis lietus
2024-07-30,17.337500000000002,17.337500000000002,4.241666666666666,13.3,307.0,71.5,1012.1333333333333,80.625,0.1,debesuota
2024-07-31,17.716666666666665,17.716666666666665,2.625,9.1,268.0,16.833333333333332,1011.5458333333332,72.625,0.0,giedra
2024-08-01,18.345833333333335,18.304166666666667,2.6374999999999997,8.5,269.0,37.833333333333336,1008.8541666666666,70.08333333333333,0.0,mažai debesuota
2024-08-02,17.099999999999998,17.099999999999998,1.6708333333333334,6.9,327.0,45.583333333333336,1009.0625,72.83333333333333,0.0,debesuota
2024-08-03,17.845833333333335,17.8125,1.3583333333333334,7.4,174.0,31.458333333333332,1007.85,70.79166666666667,0.0,giedra
2024-08-04,18.05,17.970833333333335,1.7416666666666665,7.2,287.0,38.791666666666664,1009.3791666666666,73.16666666666667,0.0,mažai debesuota
2024-08-05,18.045833333333334,18.041666666666668,1.1624999999999999,4.1,167.0,82.5,1009.3583333333332,83.33333333333333,0.9,debesuota
2024-08-06,19.779166666666665,19.720833333333335,1.9208333333333334,8.8,340.0,33.916666666666664,1011.5375,74.375,0.0,giedra
2024-08-07,18.1125,18.1125,1.8583333333333334,8.3,316.0,33.34782608695652,1013.1875,81.54166666666667,1.9,giedra
2024-08-08,19.037499999999998,18.974999999999998,1.0374999999999999,5.3,5.0,33.391304347826086,1013.9916666666667,75.91666666666667,0.0,giedra
2024-08-09,19.212500000000002,19.2,1.4625000000000001,6.3,158.0,75.20833333333333,1013.5958333333333,84.41666666666667,2.3000000000000003,debesuota
2024-08-10,18.341666666666665,18.341666666666665,3.045833333333334,13.2,270.0,57.5,1013.5,75.20833333333333,0.0,debesuota
2024-08-11,15.9125,15.9125,3.920833333333333,16.6,264.0,47.625,1013.1541666666667,78.16666666666667,2.1,giedra
2024-08-12,16.254166666666666,16.254166666666666,3.3333333333333335,11.6,274.0,46.625,1012.1833333333334,75.70833333333333,0.0,debesuota
2024-08-13,15.991666666666667,15.991666666666667,2.191666666666667,8.7,278.0,37.625,1015.8916666666668,75.54166666666667,0.0,giedra
2024-08-14,17.400000000000002,17.316666666666666,0.9874999999999999,4.6,250.0,9.958333333333334,1020.0541666666667,70.79166666666667,0.0,giedra
2024-08-15,19.825,19.741666666666667,1.4916666666666665,6.5,121.0,7.875,1019.1625,66.54166666666667,0.0,giedra
2024-08-16,21.541666666666668,21.558333333333334,2.379166666666667,8.6,146.0,43.958333333333336,1014.8666666666667,69.29166666666667,0.7,giedra
2024-08-17,21.808333333333334,21.912499999999998,1.4083333333333332,6.5,180.0,52.0,1012.1833333333334,81.875,0.2,debesuota
2024-08-18,23.333333333333332,23.575,1.4041666666666668,4.8,119.0,28.791666666666668,1011.0291666666667,72.33333333333333,0.0,giedra
2024-08-19,22.22083333333333,22.46666666666667,1.7458333333333333,6.6,345.0,79.95833333333333,1011.3375,85.20833333333333,4.0,debesuota
2024-08-20,20.554166666666667,20.599999999999998,1.7583333333333335,5.6,37.0,78.29166666666667,1015.4708333333333,86.16666666666667,0.0,debesuota
2024-08-21,21.3,21.441666666666666,2.0708333333333333,7.4,95.0,83.04166666666667,1009.3041666666667,86.20833333333333,3.8,debesuota
2024-08-22,16.745833333333334,16.745833333333334,2.65,9.6,257.0,71.125,1011.6708333333332,76.29166666666667,3.3000000000000003,debesuota
2024-08-23,16.958333333333332,16.958333333333332,3.0041666666666664,9.0,154.0,87.83333333333333,1014.5208333333334,73.95833333333333,0.0,debesuota
2024-08-27,18.9,18.879166666666666,2.15,7.9,334.0,25.666666666666668,1024.3291666666667,70.16666666666667,0.0,giedra
2024-08-28,19.3875,19.333333333333332,1.9291666666666665,7.7,17.0,0.0,1026.2083333333333,64.66666666666667,0.0,giedra
2024-08-29,22.008333333333336,22.141666666666666,1.3958333333333333,5.4,58.0,0.0,1023.1750000000001,69.66666666666667,0.0,giedra
2024-08-30,23.445833333333336,23.2625,1.4749999999999999,8.6,119.0,2.125,1021.3249999999999,64.20833333333333,0.0,giedra
2024-08-31,18.579166666666666,18.583333333333332,2.0500000000000003,8.6,323.0,45.5,1021.475,78.91666666666667,0.0,giedra
2024-09-02,20.329166666666666,20.354166666666668,1.8458333333333332,7.6,102.0,37.25,1019.4333333333334,68.91666666666667,0.0,mažai debesuota
2024-09-03,21.983333333333334,21.7625,1.6791666666666665,6.0,126.0,11.5,1022.9875000000001,58.416666666666664,0.0,giedra
2024-09-04,21.775000000000002,21.59166666666667,2.1333333333333333,9.4,31.0,14.166666666666666,1024.4875,55.666666666666664,0.0,giedra
2024-09-05,20.491666666666667,20.404166666666665,2.466666666666667,9.0,46.0,1.0416666666666667,1025.7,60.875,0.0,giedra
2024-09-06,19.6875,19.616666666666667,2.3916666666666666,9.1,48.0,4.75,1026.2541666666666,62.541666666666664,0.0,giedra
2024-09-07,18.841666666666665,18.6875,2.3333333333333335,8.5,122.0,5.791666666666667,1025.6791666666666,51.916666666666664,0.0,giedra
2024-09-08,19.020833333333332,18.904166666666665,2.8625000000000003,10.0,128.0,0.0,1022.475,47.083333333333336,0.0,giedra
2024-09-09,18.95,18.916666666666668,3.891666666666666,15.3,129.0,0.0,1013.9250000000001,45.333333333333336,0.0,giedra
2024-09-10,18.425,18.383333333333333,3.4499999999999997,10.6,129.0,44.416666666666664,1007.5375,52.791666666666664,0.1,giedra
2024-09-11,17.400000000000002,17.400000000000002,1.9791666666666667,8.1,91.0,85.58333333333333,1008.1583333333333,80.16666666666667,0.1,debesuota
2024-09-12,16.095833333333335,16.095833333333335,1.1458333333333333,4.1,47.0,95.45833333333333,1010.5208333333334,97.375,10.2,nedidelis lietus
2024-09-13,18.216666666666665,18.216666666666665,1.2958333333333334,6.1,103.0,90.42105263157895,1010.4,94.83333333333333,7.0,debesuota
2024-09-14,20.058333333333334,20.083333333333332,1.9375,7.0,37.0,61.625,1012.6125000000001,79.29166666666667,0.0,debesuota
2024-09-15,18.804166666666667,18.787499999999998,1.9749999999999999,7.0,58.0,67.375,1016.6541666666667,69.08333333333333,0.1,debesuota
2024-09-16,19.495833333333334,19.341666666666665,2.1875,10.0,42.0,0.0,1022.6750000000001,55.166666666666664,0.0,giedra
2024-09-17,17.995833333333334,17.891666666666666,1.3833333333333335,6.6,3.0,0.0,1028.95,67.125,0.0,giedra
2024-09-18,18.341666666666665,18.216666666666665,1.4749999999999999,6.6,19.0,8.416666666666666,1030.4375,68.08333333333333,0.0,giedra
2024-09-19,16.974999999999998,16.816666666666666,1.3083333333333333,7.0,17.0,0.0,1031.4208333333333,70.33333333333333,0.0,giedra
2024-09-20,16.108333333333334,16.0625,1.4749999999999999,6.6,331.0,0.0,1030.2583333333334,73.04166666666667,0.0,giedra
2024-09-21,14.420833333333334,14.420833333333334,1.325,6.4,291.0,0.0,1026.0916666666667,78.91666666666667,0.0,giedra
2024-09-22,14.383333333333333,14.383333333333333,0.9541666666666666,4.2,33.0,15.791666666666666,1022.2208333333333,80.625,0.0,giedra
2024-09-23,15.9375,15.9375,2.4125,8.2,151.0,25.125,1016.4625,73.625,0.0,giedra
2024-09-24,18.070833333333333,17.941666666666666,3.545833333333333,12.3,144.0,28.291666666666668,1011.7458333333334,61.125,0.0,giedra
2024-09-25,16.1375,16.1375,3.0541666666666667,10.6,157.0,51.25,1010.5208333333334,72.625,0.3,debesuota
2024-09-26,16.912499999999998,16.912499999999998,4.004166666666666,11.0,144.0,68.54166666666667,1005.225,76.25,0.5,debesuota
2024-09-27,17.016666666666666,17.016666666666666,4.116666666666666,12.7,180.0,82.0,1001.0875,77.5,1.1,debesuota
2024-10-02,8.170833333333333,8.170833333333333,1.9375,5.6,181.0,94.91666666666667,1014.2958333333332,81.875,0.0,debesuota
2024-10-03,7.891666666666667,7.891666666666667,1.5541666666666665,6.3,50.0,99.5,1013.4499999999999,98.79166666666667,18.0,nedidelis lietus
2024-10-04,8.820833333333333,8.820833333333333,1.625,5.6,349.0,100.0,1015.8791666666666,94.41666666666667,0.2,debesuota
2024-10-05,9.208333333333334,9.208333333333334,1.6916666666666667,7.1,27.0,86.54166666666667,1019.3125,80.0,0.0,debesuota
2024-10-06,8.0375,8.0375,2.075,6.0,30.0,97.5,1013.6374999999999,85.79166666666667,0.1,debesuota
2024-10-07,8.720833333333333,8.720833333333333,1.4749999999999999,5.3,316.0,94.375,1010.8625000000001,90.58333333333333,0.9,debesuota
2024-10-08,8.325000000000001,8.325000000000001,1.5083333333333335,5.6,128.0,16.11111111111111,1013.1208333333334,84.70833333333333,0.0,giedra
2024-10-09,13.9125,13.9125,4.308333333333334,11.6,145.0,38.208333333333336,1004.2458333333334,75.0,0.1,giedra
2024-10-10,15.933333333333332,15.933333333333332,3.9125,12.4,154.0,77.83333333333333,998.6916666666666,80.91666666666667,0.0,debesuota
2024-10-11,11.341666666666667,11.341666666666667,2.1041666666666665,7.4,268.0,83.45833333333333,1007.2583333333333,92.08333333333333,6.5,debesuota
2024-10-12,6.9875,6.9875,1.2291666666666667,5.2,291.0,11.5,1021.025,86.54166666666667,0.0,giedra
2024-10-13,6.129166666666666,6.129166666666666,2.6083333333333334,9.3,103.0,61.083333333333336,1011.5916666666667,85.45833333333333,5.0,debesuota
2024-10-14,7.2124999999999995,7.2124999999999995,2.0375,6.4,241.0,99.0,1007.875,96.08333333333333,1.0,debesuota
2024-10-15,8.020833333333334,8.020833333333334,2.2708333333333335,7.2,258.0,82.66666666666667,1018.7791666666667,89.79166666666667,0.0,debesuota
2024-10-16,4.358333333333333,3.725,1.6083333333333334,5.6,309.0,24.625,1031.6541666666667,85.66666666666667,0.0,giedra
2024-10-17,4.316666666666666,3.5583333333333336,1.8875,6.0,152.0,0.0,1034.4541666666667,83.375,0.0,giedra
2024-10-18,5.945833333333333,4.929166666666666,2.275,6.6,140.0,0.0,1031.3541666666667,71.33333333333333,0.0,giedra
2024-10-19,4.954166666666667,3.4958333333333336,2.5833333333333335,7.8,142.0,0.0,1032.1166666666666,77.875,0.0,giedra
2024-10-20,5.570833333333333,4.504166666666666,2.5541666666666667,7.7,142.0,0.0,1032.8,75.95833333333333,0.0,giedra
2024-10-21,8.045833333333333,7.041666666666667,3.2291666666666665,9.0,172.0,43.333333333333336,1028.0583333333334,70.75,0.0,giedra
2024-10-22,11.4,11.4,2.2291666666666665,7.0,180.0,96.30434782608695,1023.4958333333334,82.25,0.0,debesuota
2024-10-23,10.245833333333334,10.245833333333334,3.9875000000000003,14.7,258.0,52.833333333333336,1027.6666666666667,75.75,0.1,debesuota
2024-10-24,9.708333333333334,9.708333333333334,3.095833333333333,10.3,256.0,98.5,1030.2833333333333,85.70833333333333,0.0,debesuota
2024-10-25,7.845833333333334,7.416666666666667,1.9208333333333334,5.1,266.0,79.20833333333333,1028.05,85.54166666666667,0.0,debesuota
2024-10-26,4.308333333333334,2.8208333333333333,2.5375,7.1,156.0,89.52631578947368,1024.3916666666667,98.79166666666667,0.0,debesuota
2024-10-27,8.066666666666666,8.066666666666666,1.6708333333333334,4.5,157.0,99.42857142857143,1020.7833333333333,97.375,0.5,debesuota
2024-10-28,8.820833333333333,8.75,2.8083333333333336,10.2,224.0,69.0,1020.8874999999999,80.33333333333333,0.30000000000000004,debesuota
2024-10-29,7.595833333333334,7.595833333333334,1.7166666666666668,4.7,183.0,98.95652173913044,1022.225,96.5,0.4,debesuota
2024-10-30,10.4,10.4,4.220833333333333,13.9,248.0,93.95833333333333,1015.5083333333333,93.16666666666667,2.2,nedidelis lietus
2024-10-31,8.424999999999999,8.424999999999999,3.658333333333333,11.9,245.0,92.91666666666667,1014.7624999999999,91.0,4.5,debesuota
2024-11-01,10.408333333333333,10.408333333333333,6.545833333333333,19.5,255.0,98.0,1002.4541666666668,90.20833333333333,4.6000000000000005,nedidelis lietus
2024-11-02,4.204166666666667,1.7874999999999999,5.8625,18.5,296.0,38.208333333333336,1017.775,63.5,0.0,giedra
2024-11-03,3.6958333333333333,1.4750000000000003,4.366666666666666,18.1,218.0,88.625,1019.3333333333334,85.54166666666667,2.2,debesuota
2024-11-04,2.4291666666666667,0.18333333333333335,3.0625,15.1,326.0,23.583333333333332,1025.0083333333334,76.25,0.0,giedra
2024-11-05,4.916666666666667,4.195833333333334,2.9958333333333336,10.8,268.0,94.5,1026.8708333333334,86.25,0.2,debesuota
2024-11-06,6.833333333333333,6.75,2.9958333333333336,8.5,280.0,90.625,1029.075,91.54166666666667,0.0,debesuota
2024-11-07,4.629166666666666,3.9583333333333335,1.9333333333333333,6.3,259.0,92.20833333333333,1031.4375,99.20833333333333,0.2,debesuota
2024-11-08,6.0375000000000005,6.0375000000000005,1.4916666666666665,7.5,14.0,100.0,1036.1333333333334,90.70833333333333,0.0,debesuota
2024-11-09,3.658333333333333,3.329166666666667,1.1041666666666667,4.3,209.0,100.0,1035.5958333333333,96.08333333333333,0.0,debesuota
2024-11-10,1.5458333333333334,-0.15416666666666667,1.7541666666666667,4.9,162.0,100.0,1033.1333333333334,98.125,0.0,debesuota
2024-11-11,1.3291666666666668,-0.8875000000000001,2.2416666666666667,6.0,181.0,100.0,1031.5625,90.625,0.0,debesuota
2024-11-12,0.6208333333333333,-0.012500000000000006,1.1875,4.0,180.0,100.0,1032.6916666666666,89.45833333333333,0.0,debesuota
2024-11-13,-0.42083333333333334,-1.1375,1.2583333333333333,4.2,36.0,98.45833333333333,1027.8916666666667,87.41666666666667,0.2,debesuota
2024-11-14,0.029166666666666674,-2.8958333333333335,2.595833333333333,7.9,201.0,100.0,1017.0041666666666,96.0,2.9,debesuota
2024-11-15,3.454166666666667,1.9625000000000001,2.375,6.8,207.0,70.45833333333333,1015.25,93.41666666666667,0.0,debesuota
2024-11-16,6.320833333333333,5.808333333333334,3.5375,11.1,217.0,99.5,1010.7375000000001,94.41666666666667,0.6000000000000001,debesuota
2024-11-17,3.891666666666667,0.17916666666666667,4.766666666666667,11.4,209.0,99.5,1000.5291666666667,92.91666666666667,2.5,nedidelis lietus
2024-11-18,3.5083333333333333,0.09166666666666667,3.9,10.0,212.0,98.5,998.9416666666666,85.04166666666667,0.30000000000000004,debesuota
2024-11-19,2.2666666666666666,-1.7041666666666666,4.370833333333334,13.1,209.0,96.41666666666667,1001.0708333333333,87.45833333333333,3.0,debesuota
2024-11-20,4.25,0.9583333333333334,4.383333333333334,14.9,174.0,97.0,985.5958333333333,92.58333333333333,5.1,nedidelis lietus
2024-11-21,-0.3333333333333333,-4.283333333333333,3.470833333333333,9.1,206.0,89.75,991.6541666666667,92.08333333333333,3.1,debesuota
2024-11-22,-1.8625,-5.791666666666667,3.4499999999999997,10.2,170.0,73.58333333333333,998.8708333333334,91.54166666666667,0.7,debesuota
2024-11-23,-2.0083333333333333,-5.7250000000000005,3.0749999999999997,11.1,172.0,78.29166666666667,1009.5333333333333,89.5,0.1,debesuota
2024-11-24,0.25,-4.141666666666667,4.308333333333334,10.3,155.0,90.20833333333333,1022.7291666666666,87.16666666666667,0.0,debesuota
2024-11-25,3.1791666666666667,-1.4000000000000001,5.941666666666666,12.0,167.0,55.875,1020.4708333333333,84.875,0.0,debesuota
2024-11-26,2.033333333333333,-1.0791666666666666,3.4916666666666667,10.4,163.0,56.333333333333336,1016.9125,86.29166666666667,1.7,debesuota
2024-11-27,3.8791666666666664,2.4208333333333334,1.825,6.9,130.0,100.0,1020.8041666666667,98.5,2.6,debesuota
2024-11-28,3.525,0.6958333333333333,3.1125000000000003,8.3,88.0,100.0,1018.0458333333332,98.16666666666667,4.9,debesuota
2024-11-29,2.3916666666666666,1.3708333333333333,1.3499999999999999,5.6,42.0,100.0,1026.3083333333334,97.95833333333333,0.30000000000000004,debesuota
2024-11-30,2.8541666666666665,0.5041666666666667,2.433333333333333,7.8,213.0,100.0,1034.4125000000001,92.75,0.0,debesuota
2024-12-01,1.7249999999999999,-0.9916666666666667,2.6083333333333334,8.2,160.0,79.375,1030.5458333333333,86.375,0.0,debesuota
2024-12-02,2.7083333333333335,-1.3041666666666667,4.645833333333333,12.1,177.0,99.0,1020.4666666666667,91.16666666666667,0.0,debesuota
2024-12-03,3.1208333333333336,-0.17916666666666667,3.6916666666666664,9.6,183.0,100.0,1016.9916666666667,94.91666666666667,4.0,nedidelis lietus
2024-12-04,1.7874999999999999,0.3166666666666667,1.6833333333333333,6.5,79.0,100.0,1024.2166666666667,98.41666666666667,0.8,debesuota
2024-12-05,-0.9249999999999999,-5.2124999999999995,3.7458333333333336,8.3,141.0,100.0,1028.5249999999999,87.375,0.0,debesuota
2024-12-06,-2.2916666666666665,-7.541666666666667,4.7124999999999995,11.6,139.0,100.0,1021.5958333333333,83.66666666666667,0.0,debesuota
2024-12-07,-0.525,-4.258333333333334,3.1833333333333336,8.5,128.0,100.0,1018.0375,88.66666666666667,0.0,debesuota
2024-12-08,1.3166666666666667,-1.2083333333333333,2.25,6.9,70.0,100.0,1019.6541666666667,98.66666666666667,0.2,debesuota
2024-12-09,0.7333333333333334,-2.341666666666667,2.716666666666667,8.2,89.0,100.0,1028.675,97.08333333333333,0.0,debesuota
2024-12-10,-1.6875,-3.9791666666666665,1.9875,6.8,3.0,98.0,1030.9666666666667,92.45833333333333,0.0,debesuota
2024-12-11,-1.3499999999999999,-4.004166666666666,2.0791666666666666,6.7,317.0,95.8,1024.2583333333334,96.25,0.0,debesuota
2024-12-12,-0.9958333333333332,-4.654166666666667,3.1750000000000003,12.7,340.0,79.83333333333333,1024.7958333333333,80.70833333333333,0.0,debesuota
2024-12-13,-4.929166666666666,-9.004166666666666,2.6833333333333336,8.5,215.0,20.375,1031.7541666666666,74.66666666666667,0.0,giedra
2024-12-14,-2.4,-7.470833333333334,4.333333333333333,10.5,214.0,90.25,1013.1041666666666,80.70833333333333,0.1,debesuota
2024-12-15,0.15416666666666667,-4.3500000000000005,4.445833333333334,13.4,247.0,98.5,1002.6125000000001,88.20833333333333,1.5,debesuota
2024-12-16,4.216666666666667,-0.15833333333333333,6.329166666666667,21.7,272.0,91.91666666666667,999.0166666666668,87.20833333333333,10.4,debesuota
2024-12-17,3.8249999999999997,-0.37083333333333335,5.633333333333333,17.2,272.0,67.91666666666667,1005.5208333333334,79.70833333333333,0.5,debesuota
2024-12-18,1.2458333333333333,-2.095833333333333,3.408333333333333,9.7,154.0,90.34782608695652,1013.4875000000001,92.54166666666667,5.7,debesuota
2024-12-19,6.729166666666667,3.704166666666667,4.55,11.4,184.0,99.0,998.4791666666666,95.20833333333333,3.0,debesuota
2024-12-20,4.570833333333334,1.2541666666666667,4.145833333333333,13.8,227.0,84.625,999.3249999999999,84.45833333333333,0.0,debesuota
2024-12-21,0.7208333333333333,-3.5749999999999997,4.433333333333334,11.3,190.0,87.625,1011.2458333333334,90.5,0.0,debesuota
2024-12-22,1.0208333333333333,-3.7125,5.179166666666666,13.1,175.0,98.0,1001.7708333333334,93.08333333333333,0.4,debesuota
2024-12-23,0.625,-2.954166666666667,3.3083333333333336,7.7,169.0,100.0,1007.2208333333333,98.5,1.2000000000000002,nedidelis lietus
2024-12-24,0.19166666666666665,-0.525,1.1916666666666667,4.3,165.0,100.0,1022.5208333333334,100.0,0.30000000000000004,rūkas
2024-12-25,0.8375,-1.4625000000000001,2.1458333333333335,6.3,209.0,80.33333333333333,1034.5249999999999,89.91666666666667,0.0,debesuota
2024-12-26,1.325,-1.2541666666666667,2.316666666666667,6.7,214.0,99.4,1035.425,99.29166666666667,0.1,debesuota
2024-12-27,2.6041666666666665,0.8208333333333333,2.0083333333333333,7.5,299.0,100.0,1033.4333333333334,99.95833333333333,0.0,debesuota
2024-12-28,2.35,1.1875,1.5,6.1,221.0,100.0,1028.6541666666667,100.0,3.0,debesuota
2024-12-29,1.1125,-2.1708333333333334,3.0541666666666667,8.3,211.0,98.73684210526316,1021.8083333333334,99.54166666666667,0.0,debesuota
2024-12-30,2.8208333333333333,-1.1083333333333334,4.520833333333333,13.4,229.0,100.0,1015.7583333333333,98.33333333333333,0.6,nedidelis lietus
2024-12-31,4.020833333333333,0.5916666666666667,4.341666666666667,11.7,240.0,99.5,1014.8125,95.625,3.1,nedidelis lietus
2025-01-01,2.5500000000000003,-2.1708333333333334,5.933333333333334,13.3,214.0,99.5,1004.4958333333334,92.375,1.4000000000000001,nedidelis lietus
2025-01-02,2.2041666666666666,-1.9124999999999999,4.941666666666666,14.5,219.0,90.25,996.5458333333332,86.45833333333333,2.7,nedidelis lietus
2025-01-03,-1.6958333333333335,-6.016666666666667,3.6041666666666665,10.4,190.0,82.0,1001.4541666666668,87.58333333333333,1.1,debesuota
2025-01-04,-3.0083333333333333,-8.920833333333333,5.591666666666666,16.6,283.0,67.45833333333333,1006.0666666666666,76.25,0.0,debesuota
2025-01-06,-2.625,-7.495833333333334,4.145833333333333,11.2,125.0,97.95833333333333,1003.5333333333333,90.20833333333333,4.4,debesuota
2025-01-07,2.1083333333333334,-0.6375000000000001,2.7541666666666664,7.2,169.0,90.79166666666667,1001.8125,99.83333333333333,3.8,nedidelis lietus
2025-01-08,1.1458333333333333,-2.4583333333333335,3.5041666666666664,11.7,202.0,96.95833333333333,1002.1208333333334,91.83333333333333,2.2,debesuota
2025-01-09,0.3375000000000001,-3.8041666666666667,3.9499999999999997,10.5,153.0,91.0,1005.8541666666666,92.54166666666667,0.5,debesuota
2025-01-10,2.2583333333333333,-1.7458333333333333,4.4624999999999995,14.8,227.0,97.14285714285714,999.6458333333334,92.20833333333333,0.6,debesuota
2025-01-11,-0.2708333333333333,-3.625,2.9291666666666667,9.3,196.0,99.0,1004.7833333333333,83.375,0.0,debesuota
2025-01-12,-0.7625000000000001,-2.1625,1.5999999999999999,7.7,165.0,98.5,1017.5375,94.83333333333333,1.1,debesuota
2025-01-13,-1.8291666666666666,-5.441666666666666,2.7583333333333333,8.2,211.0,91.25,1033.6166666666666,86.41666666666667,0.0,debesuota
2025-01-14,-0.8624999999999999,-5.058333333333334,3.641666666666667,11.1,227.0,99.5,1021.1875,93.04166666666667,1.0,debesuota
2025-01-15,1.3041666666666667,-0.025000000000000012,1.6083333333333334,5.9,320.0,100.0,1022.9166666666666,99.75,0.4,debesuota
2025-01-16,1.6041666666666667,-1.9583333333333333,3.5374999999999996,10.3,216.0,99.0,1028.5708333333334,98.70833333333333,0.2,debesuota
2025-01-17,3.1333333333333333,-0.25416666666666665,3.716666666666667,11.1,260.0,100.0,1028.0583333333334,98.25,0.0,debesuota
2025-01-18,3.4125,-0.1583333333333333,4.0874999999999995,10.8,275.0,93.91666666666667,1025.2124999999999,93.875,0.0,debesuota
2025-01-19,2.225,-0.625,2.775,8.3,251.0,98.0,1025.3041666666666,96.16666666666667,0.0,debesuota
2025-01-20,-0.125,-2.3958333333333335,2.3041666666666667,8.9,309.0,100.0,1025.1416666666667,99.33333333333333,0.0,debesuota
2025-01-21,-0.225,-4.325,3.7291666666666665,8.7,136.0,100.0,1020.1833333333334,98.66666666666667,0.0,debesuota
2025-01-22,-0.1375,-3.6458333333333335,2.983333333333333,8.5,172.0,100.0,1016.8583333333332,98.04166666666667,0.1,debesuota
2025-01-23,0.9541666666666666,-3.1041666666666665,4.0,9.5,152.0,100.0,1012.0291666666667,96.20833333333333,0.0,debesuota
2025-01-24,2.0083333333333333,-0.5416666666666666,2.5458333333333334,8.1,175.0,96.375,1013.7333333333332,97.625,0.30000000000000004,debesuota
2025-01-25,1.9875,-2.4583333333333335,5.0375000000000005,11.3,168.0,89.16666666666667,1012.9291666666667,91.83333333333333,0.0,debesuota
2025-01-26,5.0874999999999995,2.0375,3.9250000000000003,10.8,158.0,90.83333333333333,1010.2833333333333,82.04166666666667,0.0,debesuota
2025-01-27,5.695833333333333,2.9375,3.641666666666667,9.8,202.0,79.375,1007.6541666666667,84.75,0.1,debesuota
2025-01-28,5.3125,2.3125,3.8958333333333335,9.3,139.0,85.125,1006.3458333333333,85.45833333333333,0.0,debesuota
2025-01-29,5.991666666666667,3.1374999999999997,3.9458333333333333,9.9,145.0,93.41666666666667,1006.4291666666667,91.66666666666667,3.9,debesuota
2025-01-30,4.95,2.4208333333333334,3.1625,8.7,186.0,79.45833333333333,1017.0208333333334,82.625,0.0,debesuota
2025-01-31,3.8625000000000003,1.2625,2.841666666666667,8.1,161.0,73.70833333333333,1017.3541666666666,88.58333333333333,1.5,debesuota
2025-02-01,0.9166666666666666,-3.225,4.133333333333334,11.9,272.0,95.41666666666667,1020.8666666666667,89.875,4.7,debesuota
2025-02-02,-0.12083333333333333,-3.6333333333333333,3.0083333333333333,7.9,267.0,99.0,1021.1208333333334,88.29166666666667,0.9000000000000001,trumpas sniegas
2025-02-03,-0.6749999999999999,-4.366666666666666,3.1666666666666665,9.3,305.0,99.5,1021.8333333333334,84.83333333333333,0.6000000000000001,nedidelis sniegas
2025-02-04,-1.1291666666666667,-3.1166666666666667,1.8541666666666667,8.1,308.0,100.0,1028.3374999999999,81.875,0.0,debesuota
2025-02-05,-1.0291666666666666,-4.654166666666667,2.9625,8.2,142.0,97.95833333333333,1033.2291666666667,78.66666666666667,0.0,debesuota
2025-02-06,-0.8666666666666667,-4.133333333333334,2.5791666666666666,6.5,151.0,100.0,1039.0791666666667,93.04166666666667,0.1,debesuota
2025-02-07,-1.6416666666666666,-4.933333333333334,2.525,7.3,108.0,75.16666666666667,1048.0416666666667,72.5,0.0,debesuota
2025-02-08,-3.516666666666667,-7.945833333333333,3.295833333333333,9.8,129.0,50.0,1045.6291666666666,76.0,0.0,giedra
2025-02-09,-7.195833333333333,-11.933333333333332,2.8833333333333333,7.7,110.0,76.58333333333333,1041.8333333333333,89.91666666666667,0.0,debesuota
2025-02-10,-7.341666666666666,-9.670833333333333,1.6916666666666667,5.2,18.0,100.0,1040.3,88.70833333333333,0.0,debesuota
2025-02-11,-7.970833333333334,-11.549999999999999,2.254166666666667,7.5,82.0,70.33333333333333,1041.55,83.25,0.0,nedidelis sniegas
2025-02-12,-8.799999999999999,-13.470833333333333,2.5708333333333333,7.1,140.0,68.875,1034.6000000000001,88.79166666666667,0.0,debesuota
2025-02-13,-6.079166666666667,-8.458333333333334,1.6958333333333335,4.8,146.0,26.708333333333332,1021.9958333333334,77.25,0.0,giedra
2025-02-14,-5.454166666666667,-9.025,2.3249999999999997,7.9,344.0,98.0,1018.0416666666666,82.45833333333333,0.2,debesuota
2025-02-15,-7.258333333333333,-9.395833333333334,1.5416666666666667,6.3,21.0,74.20833333333333,1019.65,82.45833333333333,0.0,sniegas
2025-02-16,-9.487499999999999,-11.700000000000001,1.6291666666666667,7.2,1.0,50.291666666666664,1020.7958333333332,78.25,0.0,debesuota
2025-02-17,-5.304166666666666,-9.941666666666666,3.108333333333333,10.0,186.0,96.95833333333333,1020.5333333333333,88.33333333333333,2.4,nedidelis sniegas
2025-02-18,-3.408333333333333,-6.716666666666666,2.3583333333333334,7.8,230.0,92.29166666666667,1022.6541666666667,80.33333333333333,0.8,debesuota
2025-02-19,-4.683333333333333,-7.3875,2.1125000000000003,8.2,252.0,41.333333333333336,1029.1291666666666,78.83333333333333,0.5,giedra
2025-02-20,-7.808333333333334,-9.695833333333333,1.4291666666666665,4.0,157.0,61.666666666666664,1036.6666666666667,84.625,0.6,debesuota
2025-02-21,-6.395833333333333,-11.295833333333334,3.6458333333333335,12.2,167.0,36.583333333333336,1037.9666666666667,71.04166666666667,0.0,giedra
2025-02-22,-3.483333333333333,-8.583333333333334,4.041666666666667,9.5,159.0,80.41666666666667,1033.5249999999999,55.666666666666664,0.0,debesuota
2025-02-23,-3.120833333333333,-7.05,2.829166666666667,6.0,143.0,1.5833333333333333,1030.9375,55.208333333333336,0.0,giedra
2025-02-24,-2.0166666666666666,-4.816666666666666,2.1791666666666667,6.1,147.0,0.0,1027.8875,54.833333333333336,0.0,giedra
2025-02-25,0.23333333333333336,-3.245833333333333,3.1833333333333336,8.4,149.0,12.541666666666666,1021.5541666666667,52.458333333333336,0.0,giedra
2025-02-26,1.3625,-0.9874999999999999,2.2708333333333335,6.2,144.0,93.91666666666667,1018.5500000000001,61.291666666666664,0.0,debesuota
2025-02-27,2.341666666666667,0.07916666666666662,2.2333333333333334,5.5,137.0,98.5,1019.6083333333332,77.20833333333333,2.3,nedidelis lietus
2025-02-28,2.6,0.9958333333333332,1.8458333333333332,5.7,101.0,100.0,1020.7291666666666,86.91666666666667,3.9,nedidelis lietus
2025-03-01,0.5583333333333333,-0.033333333333333305,1.1833333333333333,3.5,276.0,100.0,1022.3041666666667,99.58333333333333,1.9,nedidelis lietus
2025-03-02,1.4166666666666667,-1.5374999999999999,2.829166666666667,11.5,227.0,100.0,1021.6958333333333,94.75,0.0,debesuota
2025-03-03,3.404166666666667,-0.75,5.2875000000000005,15.8,267.0,100.0,1016.0333333333333,84.625,0.0,debesuota
2025-03-04,4.341666666666667,-0.07083333333333333,6.320833333333333,15.8,269.0,100.0,1012.7375000000001,85.58333333333333,0.0,debesuota
2025-03-05,7.904166666666666,4.933333333333334,6.341666666666666,18.5,255.0,92.91666666666667,1011.0333333333333,60.375,0.0,debesuota
2025-03-06,10.8125,9.231818181818182,4.6875,17.3,225.0,16.708333333333332,1014.4666666666667,35.86363636363637,0.0,giedra
2025-03-07,6.583333333333333,5.841666666666666,1.9166666666666667,7.3,258.0,0.5416666666666666,1020.2875,57.625,0.0,giedra
2025-03-08,5.395833333333333,4.720833333333333,1.425,5.5,174.0,0.0,1020.025,64.16666666666667,0.0,giedra
2025-03-09,6.879166666666666,6.8374999999999995,1.0208333333333333,4.4,119.0,30.333333333333332,1015.5749999999999,59.541666666666664,0.0,giedra
2025-03-10,9.299999999999999,8.525,2.466666666666667,6.8,142.0,59.541666666666664,1004.0333333333333,52.041666666666664,0.0,debesuota
2025-03-11,9.15,8.270833333333334,2.4583333333333335,9.1,158.0,62.625,996.8375,62.541666666666664,0.0,debesuota
2025-03-12,2.441666666666667,1.3499999999999999,1.5958333333333332,5.7,308.0,63.31578947368421,1000.9666666666667,91.875,0.0,debesuota
2025-03-13,8.125,7.254166666666666,2.1625,7.7,21.0,95.95833333333333,992.8249999999999,86.16666666666667,8.1,debesuota
2025-03-14,0.5375,-2.6374999999999997,3.704166666666667,14.0,274.0,95.5,1004.6999999999999,90.16666666666667,5.9,debesuota
2025-03-15,-0.7458333333333332,-1.7833333333333332,1.4666666666666668,6.8,339.0,11.5,1020.0375,77.58333333333333,0.0,giedra
2025-03-16,0.17499999999999996,-3.3249999999999997,3.4916666666666667,11.9,279.0,55.833333333333336,1013.2916666666666,77.25,1.2999999999999998,giedra
2025-03-17,-2.125,-6.220833333333334,3.3000000000000003,11.9,339.0,36.083333333333336,1020.4499999999999,63.25,0.0,giedra
2025-03-18,0.9375,-2.9291666666666667,3.766666666666667,10.1,236.0,94.91666666666667,1021.1833333333334,81.45833333333333,0.8,debesuota
2025-03-19,1.9083333333333332,-1.2458333333333333,3.4875000000000003,11.7,262.0,71.45833333333333,1024.6458333333333,84.41666666666667,0.0,debesuota
2025-03-20,3.6666666666666665,1.8625,2.3958333333333335,8.3,190.0,13.136363636363637,1024.4875,65.66666666666667,0.0,giedra
2025-03-21,5.1375,3.8375,2.2916666666666665,7.9,168.0,18.875,1022.7208333333333,55.666666666666664,0.0,giedra
2025-03-22,6.2375,4.191666666666666,3.5583333333333336,11.5,34.0,6.25,1027.7708333333333,54.458333333333336,0.0,giedra
2025-03-23,4.441666666666666,1.2291666666666667,4.125,13.7,95.0,28.666666666666668,1024.1833333333334,60.75,0.3,giedra
2025-03-24,3.2458333333333336,1.3166666666666667,2.2125,9.5,84.0,100.0,1013.3375,97.95833333333333,5.5,nedidelis lietus
2025-03-25,4.754166666666666,3.670833333333333,1.7791666666666668,6.0,313.0,82.45833333333333,1016.0541666666667,76.25,0.0,debesuota
2025-03-26,5.1625000000000005,3.3125,2.3958333333333335,9.5,158.0,98.0,1014.375,92.5,0.7000000000000001,debesuota
2025-03-27,4.829166666666667,3.5625,1.8499999999999999,6.0,163.0,84.0,1018.2375000000001,89.66666666666667,1.1,debesuota
2025-03-28,6.7875000000000005,5.7625,2.3583333333333334,8.7,121.0,44.541666666666664,1018.8541666666666,74.04166666666667,0.0,debesuota
2025-03-29,8.679166666666667,7.870833333333334,2.8125,9.2,127.0,0.0,1016.9541666666668,60.291666666666664,0.0,giedra
2025-03-30,8.9,7.6375,3.4166666666666665,9.6,140.0,25.666666666666668,1011.1083333333332,64.0,0.0,giedra
2025-03-31,9.704166666666667,9.079166666666667,1.8041666666666665,5.9,17.0,62.166666666666664,1014.6083333333332,60.541666666666664,0.0,debesuota
2025-04-01,10.125,9.5875,2.6125000000000003,10.8,343.0,55.375,1022.0166666666668,62.083333333333336,0.0,debesuota
2025-04-02,10.404166666666667,9.5875,3.0875,11.0,20.0,2.125,1024.3583333333333,55.916666666666664,0.0,giedra
2025-04-03,10.9125,10.454166666666667,2.4166666666666665,11.2,328.0,0.0,1023.8041666666667,63.541666666666664,0.0,giedra
2025-04-04,8.4625,7.595833333333334,2.8958333333333335,11.5,333.0,15.166666666666666,1015.1708333333332,58.541666666666664,0.0,giedra
2025-04-05,1.2666666666666666,-2.6083333333333334,3.891666666666667,12.6,5.0,62.125,1007.4041666666667,74.16666666666667,1.2,debesuota
2025-04-06,-0.8041666666666667,-5.354166666666667,4.295833333333333,15.5,354.0,24.625,1014.8833333333333,46.583333333333336,0.0,giedra
2025-04-07,1.3875,-2.470833333333333,3.9791666666666665,14.2,349.0,42.416666666666664,1015.5458333333332,46.833333333333336,0.0,giedra
2025-04-08,0.9166666666666666,-2.2291666666666665,2.9791666666666665,13.7,310.0,62.833333333333336,1019.3541666666666,63.0,0.0,debesuota
2025-04-09,0.9166666666666666,-2.6666666666666665,3.670833333333333,12.2,281.0,60.583333333333336,1012.4125,68.95833333333333,5.8,giedra
2025-04-10,-0.5625,-4.020833333333333,3.358333333333333,14.6,310.0,69.04166666666667,1011.9583333333334,61.416666666666664,0.0,debesuota
2025-04-11,1.2541666666666667,-1.8958333333333333,3.0041666666666664,10.6,201.0,77.66666666666667,1006.85,83.375,0.8,debesuota
2025-04-12,6.295833333333333,5.375,2.529166666666667,9.3,211.0,42.916666666666664,1013.6583333333333,58.166666666666664,0.0,debesuota
2025-04-13,11.012500000000001,10.7125,2.191666666666667,6.9,130.0,61.5,1013.475,70.625,0.0,debesuota
2025-04-14,12.416666666666666,11.933333333333332,3.654166666666667,11.1,152.0,85.16666666666667,1013.6166666666667,63.375,1.4,debesuota
2025-04-15,14.779166666666667,14.408333333333333,3.1958333333333333,10.1,124.0,29.833333333333332,1016.7666666666668,64.41666666666667,2.6,giedra
2025-04-16,10.116666666666667,8.941666666666666,4.783333333333333,12.6,138.0,88.66666666666667,1018.0625,84.5,2.3,debesuota
2025-04-17,17.858333333333334,17.4375,3.1833333333333336,10.7,145.0,1.5833333333333333,1016.0749999999999,60.041666666666664,0.0,giedra
2025-04-18,19.26666666666667,19.116666666666667,2.975,8.8,141.0,23.583333333333332,1012.4625,56.458333333333336,0.0,giedra
2025-04-19,17.404166666666665,17.320833333333333,2.8208333333333333,10.7,118.0,45.958333333333336,1010.7041666666668,66.625,0.3,giedra
2025-04-20,16.970833333333335,16.970833333333335,2.6333333333333333,9.9,150.0,59.125,1010.1416666666668,67.29166666666667,0.0,debesuota
2025-04-21,17.6125,17.408333333333335,1.8916666666666666,7.9,153.0,13.208333333333334,1010.2875,54.125,0.0,giedra
2025-04-22,17.912499999999998,17.6875,2.6958333333333333,13.4,28.0,43.333333333333336,1012.8958333333334,59.75,0.0,giedra
2025-04-23,11.470833333333333,11.075000000000001,1.8375000000000001,8.0,315.0,49.0,1017.4375,76.91666666666667,0.0,debesuota
2025-04-24,12.508333333333333,12.4375,1.9958333333333333,7.2,333.0,62.208333333333336,1014.2208333333333,72.45833333333333,0.0,debesuota
2025-04-25,7.195833333333333,5.4375,3.0875,10.8,330.0,53.75,1017.4666666666667,66.45833333333333,0.0,debesuota
2025-04-26,4.420833333333333,2.3208333333333333,2.8666666666666667,11.3,319.0,35.083333333333336,1024.1583333333333,58.458333333333336,0.0,giedra
2025-04-27,4.816666666666666,4.008333333333334,2.0500000000000003,8.5,317.0,16.291666666666668,1029.7833333333333,53.333333333333336,0.0,giedra
2025-04-28,8.1625,7.375,2.525,10.0,277.0,25.666666666666668,1026.4083333333333,47.875,0.0,giedra
2025-04-29,12.058333333333332,11.483333333333334,3.891666666666667,13.6,255.0,55.0,1016.975,50.625,0.0,debesuota
2025-04-30,11.983333333333334,11.341666666666667,3.8874999999999997,14.6,264.0,52.875,1017.125,56.5,0.0,debesuota
2025-05-01,7.520833333333333,6.141666666666667,3.3791666666666664,14.4,318.0,63.25,1020.85,60.708333333333336,0.0,debesuota
2025-05-02,12.104166666666666,11.762500000000001,3.5083333333333333,12.2,176.0,64.79166666666667,1015.6458333333334,49.208333333333336,0.0,debesuota
2025-05-03,12.362499999999999,12.316666666666668,3.279166666666667,11.2,279.0,36.708333333333336,1005.1374999999999,57.833333333333336,0.0,mažai debesuota
2025-05-04,6.979166666666667,5.658333333333334,2.2041666666666666,8.1,259.0,85.5,1001.2208333333333,87.20833333333333,9.0,debesuota
2025-05-05,5.658333333333334,3.766666666666667,2.8000000000000003,11.6,241.0,61.625,1012.7375000000001,66.5,0.9,debesuota su pragiedruliais
2025-05-06,6.783333333333334,5.654166666666666,2.75,9.6,319.0,48.666666666666664,1015.1875,58.791666666666664,0.0,debesuota
2025-05-07,4.583333333333333,2.125,3.1041666666666665,11.2,308.0,81.5,1017.6750000000001,62.041666666666664,0.1,debesuota
2025-05-08,3.358333333333333,1.9000000000000001,1.8916666666666666,8.6,290.0,92.29166666666667,1018.2791666666667,69.5,0.0,debesuota
2025-05-09,4.591666666666667,4.004166666666666,1.4291666666666665,8.2,296.0,46.583333333333336,1018.1875,59.083333333333336,0.0,debesuota
2025-05-10,6.195833333333333,5.391666666666667,2.0208333333333335,9.0,337.0,62.125,1017.8916666666668,64.20833333333333,0.0,debesuota
2025-05-11,6.604166666666667,5.575,2.3125,10.8,309.0,43.608695652173914,1018.8125,62.166666666666664,0.0,giedra
2025-05-12,9.258333333333335,8.6,2.5083333333333333,9.5,314.0,55.958333333333336,1016.6750000000001,56.125,0.0,debesuota
2025-05-13,10.116666666666667,9.466666666666667,2.4250000000000003,11.5,325.0,28.833333333333332,1014.5541666666667,47.958333333333336,0.0,giedra
2025-05-14,7.716666666666666,6.675,2.5208333333333335,10.4,191.0,92.29166666666667,1005.9041666666667,77.83333333333333,16.4,debesuota
2025-05-15,5.641666666666667,3.9958333333333336,2.3375,9.2,310.0,56.958333333333336,1004.7291666666666,75.125,0.0,debesuota
2025-05-16,6.1875,4.0874999999999995,3.5500000000000003,10.7,116.0,62.625,1007.4291666666667,80.29166666666667,2.9,nedidelis lietus
2025-05-17,8.570833333333333,7.629166666666666,2.558333333333333,10.3,78.0,93.91666666666667,1007.4208333333332,84.125,3.0,debesuota
2025-05-18,10.245833333333334,10.191666666666666,1.4625000000000001,5.8,180.0,96.0,1006.3208333333333,75.54166666666667,0.6,debesuota
2025-05-19,9.566666666666666,9.1875,2.3958333333333335,9.0,268.0,96.57142857142857,1009.7624999999999,82.41666666666667,0.6,debesuota
2025-05-20,14.383333333333333,14.0,3.6750000000000003,12.4,275.0,38.208333333333336,1008.0625,62.166666666666664,0.0,giedra
2025-05-21,14.795833333333334,14.766666666666666,1.8458333333333332,9.0,205.0,45.458333333333336,1007.3375,57.833333333333336,0.2,giedra
2025-05-22,15.404166666666667,15.404166666666667,2.308333333333333,16.9,176.0,74.66666666666667,1006.3791666666666,76.66666666666667,3.9,debesuota
2025-05-23,10.016666666666667,9.820833333333333,1.4458333333333335,7.8,293.0,99.5,1012.4375,92.95833333333333,5.2,debesuota
2025-05-24,8.345833333333333,7.108333333333333,2.4291666666666667,10.3,303.0,94.83333333333333,1015.6875,94.29166666666667,17.9,lietus
2025-05-25,11.554166666666667,11.554166666666667,1.1041666666666667,6.0,33.0,51.75,1016.1083333333332,69.29166666666667,0.0,debesuota
2025-05-26,13.275,13.275,1.2916666666666667,6.1,242.0,86.29166666666667,1012.0,73.04166666666667,0.0,debesuota
2025-05-27,15.170833333333334,15.170833333333334,1.9625000000000001,9.1,356.0,77.91666666666667,1016.3916666666668,67.83333333333333,0.0,debesuota
2025-05-28,14.408333333333333,14.408333333333333,1.2916666666666667,5.3,26.0,98.5,1011.975,88.58333333333333,5.2,debesuota
2025-05-29,15.125,15.125,1.9124999999999999,8.4,304.0,98.2,1008.3208333333333,94.29166666666667,8.4,nedidelis lietus
2025-05-30,15.845833333333333,15.845833333333333,3.4291666666666667,10.1,286.0,40.208333333333336,1012.85,57.416666666666664,0.0,giedra
2025-05-31,15.708333333333334,15.708333333333334,3.2583333333333333,10.7,209.0,61.208333333333336,1014.4833333333332,74.375,1.5999999999999999,debesuota
2025-06-01,13.895833333333334,13.850000000000001,1.5,5.4,77.0,36.5,1017.2666666666668,71.79166666666667,0.0,giedra
2025-06-02,16.479166666666668,16.479166666666668,3.2375000000000003,11.7,122.0,70.58333333333333,1012.1458333333334,73.66666666666667,5.4,debesuota
2025-06-03,16.125,16.125,1.2375,7.7,5.0,76.375,1014.7791666666667,62.208333333333336,0.3,debesuota
2025-06-04,16.754166666666666,16.754166666666666,2.1791666666666667,8.5,21.0,2.1666666666666665,1015.9375,59.833333333333336,0.0,giedra
2025-06-05,17.8,17.8,2.4791666666666665,18.0,154.0,68.8695652173913,1010.8791666666666,83.29166666666667,13.899999999999999,debesuota
2025-06-06,19.695833333333333,19.633333333333333,2.7916666666666665,9.4,181.0,80.4090909090909,1010.3958333333334,71.29166666666667,0.9,debesuota
2025-06-07,18.904166666666665,18.8,2.8249999999999997,9.9,192.0,51.208333333333336,1011.8458333333333,67.625,4.2,giedra
2025-06-08,17.366666666666667,17.366666666666667,2.7583333333333333,9.4,206.0,79.95833333333333,1008.4916666666667,79.0,1.7,debesuota
2025-06-09,12.020833333333334,11.762500000000001,4.183333333333333,14.6,210.0,70.41666666666667,1010.9916666666667,84.29166666666667,5.2,debesuota
2025-06-10,13.575000000000001,13.216666666666667,3.045833333333333,10.4,140.0,48.041666666666664,1017.9458333333333,62.583333333333336,0.0,debesuota
2025-06-11,12.825000000000001,12.825000000000001,3.1,10.1,153.0,94.95833333333333,1011.0500000000001,84.75,2.5,debesuota
2025-06-12,11.495833333333332,11.495833333333332,4.070833333333334,11.5,285.0,95.5,1014.6,91.45833333333333,3.9,debesuota
2025-06-13,15.775,15.775,3.475,12.8,320.0,53.833333333333336,1022.0333333333333,70.875,0.1,debesuota
2025-06-14,15.820833333333333,15.737499999999999,2.6875,10.7,331.0,13.166666666666666,1022.6916666666666,61.041666666666664,0.0,giedra
2025-06-15,17.1875,17.133333333333333,1.9416666666666667,8.0,314.0,0.0,1018.7833333333333,59.333333333333336,0.0,giedra
2025-06-16,20.158333333333335,20.0125,2.6166666666666667,11.7,288.0,20.875,1014.2208333333333,62.291666666666664,0.1,giedra
2025-06-17,16.704166666666666,16.704166666666666,4.9,14.0,278.0,62.25,1015.125,71.20833333333333,0.0,debesuota
2025-06-18,15.820833333333333,15.820833333333333,4.133333333333334,13.4,271.0,69.58333333333333,1013.3625000000001,78.16666666666667,1.8,debesuota
2025-06-19,13.120833333333332,12.804166666666667,4.054166666666666,16.8,236.0,76.875,1009.9666666666667,81.75,8.899999999999999,debesuota
2025-06-20,11.666666666666666,11.666666666666666,4.779166666666667,17.5,288.0,84.0,1013.5291666666667,84.41666666666667,9.4,debesuota
2025-06-21,15.204166666666666,15.0,3.283333333333333,11.7,261.0,37.625,1017.4833333333332,65.04166666666667,0.0,giedra
2025-06-22,12.916666666666666,12.916666666666666,3.2416666666666667,12.2,303.0,55.416666666666664,1014.5625,77.95833333333333,2.0999999999999996,debesuota
2025-06-23,15.383333333333333,15.383333333333333,3.4250000000000003,12.0,162.0,75.83333333333333,1009.9166666666666,72.75,4.8999999999999995,debesuota
2025-06-24,14.108333333333334,14.108333333333334,4.116666666666666,15.6,225.0,89.79166666666667,1003.2708333333334,79.66666666666667,8.7,debesuota
2025-06-25,14.208333333333334,14.208333333333334,3.8625000000000003,13.6,244.0,93.91666666666667,1002.0875,89.16666666666667,4.4,debesuota
2025-06-30,15.545833333333334,15.545833333333334,5.2749999999999995,15.1,303.0,42.875,1010.3000000000001,63.708333333333336,0.0,giedra
2025-07-01,16.462500000000002,16.462500000000002,3.658333333333333,12.4,302.0,24.625,1015.7333333333332,61.791666666666664,0.0,giedra
2025-07-02,20.474999999999998,20.408333333333335,2.6999999999999997,8.9,292.0,0.0,1017.1916666666666,59.125,0.0,giedra
2025-07-03,22.983333333333334,22.891666666666666,3.4958333333333336,14.2,141.0,26.666666666666668,1014.9833333333332,59.583333333333336,0.0,giedra
2025-07-04,17.008333333333333,17.008333333333333,3.191666666666667,9.5,280.0,36.125,1019.2083333333334,62.375,0.0,mažai debesuota
2025-07-08,19.645833333333332,19.591666666666665,2.1374999999999997,8.6,254.0,51.25,1004.6583333333333,74.875,22.0,debesuota
2025-07-09,16.029166666666665,16.029166666666665,3.0041666666666664,15.4,348.0,96.45833333333333,1005.6125000000001,93.66666666666667,38.7,lietus
2025-07-10,15.420833333333334,15.420833333333334,2.25,8.4,321.0,100.0,1004.6791666666667,99.875,7.1,lietus
2025-07-11,16.8875,16.8875,3.125,9.8,94.0,93.5,1006.8583333333332,90.66666666666667,0.2,debesuota
2025-07-12,18.954166666666666,18.866666666666667,2.7583333333333333,8.7,143.0,35.166666666666664,1015.6,67.33333333333333,0.0,giedra
2025-07-13,19.7,19.6375,1.1916666666666667,6.5,37.0,18.875,1017.1541666666667,69.41666666666667,1.0,giedra
2025-07-14,18.308333333333334,18.308333333333334,1.5999999999999999,15.4,102.0,56.958333333333336,1014.2291666666666,83.29166666666667,20.599999999999998,debesuota
2025-07-15,19.033333333333335,19.041666666666668,1.5291666666666668,9.1,254.0,73.20833333333333,1010.3166666666666,84.41666666666667,0.1,debesuota
2025-07-16,18.579166666666666,18.566666666666666,1.7458333333333333,8.4,189.0,34.041666666666664,1006.475,82.54166666666667,1.4,giedra
2025-07-17,17.820833333333333,17.820833333333333,1.7833333333333332,6.8,186.0,46.0,1009.7333333333332,79.25,0.0,giedra
2025-07-18,19.241666666666667,19.25,1.8,9.6,13.0,91.41666666666667,1010.0916666666667,90.04166666666667,6.7,debesuota
2025-07-19,20.979166666666668,21.016666666666666,1.7041666666666666,9.1,3.0,76.83333333333333,1007.4250000000001,82.54166666666667,8.3,debesuota
2025-07-20,19.379166666666666,19.379166666666666,1.7833333333333332,9.9,36.0,55.875,1004.5875,88.375,9.4,debesuota
2025-07-21,20.3625,20.375,1.4791666666666667,6.1,322.0,43.04347826086956,1005.5083333333333,81.0,0.0,giedra
2025-07-22,21.741666666666664,21.870833333333334,1.5041666666666667,6.8,72.0,40.833333333333336,1004.1166666666667,78.70833333333333,0.0,giedra
2025-07-23,19.166666666666668,19.166666666666668,2.3208333333333333,8.4,256.0,79.375,1007.0375,86.16666666666667,2.8,debesuota
2025-07-24,18.183333333333334,18.179166666666667,1.9708333333333332,10.0,137.0,54.375,1010.2833333333333,84.04166666666667,1.2999999999999998,debesuota
2025-07-25,18.662499999999998,18.662499999999998,1.3791666666666667,5.5,128.0,44.23809523809524,1010.9958333333334,88.375,3.0,rūkas
2025-07-26,19.974999999999998,20.020833333333332,1.4333333333333333,6.8,157.0,64.41666666666667,1011.2666666666668,87.58333333333333,2.3,debesuota
2025-07-27,20.474999999999998,20.5625,1.4208333333333334,7.9,41.0,65.52173913043478,1009.4208333333332,86.5,5.2,debesuota
2025-07-28,20.454166666666666,20.5125,2.8874999999999997,13.5,134.0,79.45833333333333,1003.7458333333334,92.04166666666667,18.8,lietus
2025-07-29,20.045833333333334,20.045833333333334,3.225,11.1,124.0,90.375,1005.4583333333334,83.75,5.7,debesuota
2025-07-30,16.425,16.425,2.5375,9.4,295.0,98.0,1008.6750000000001,97.70833333333333,22.2,nedidelis lietus
2025-07-31,14.0625,14.0625,1.675,6.4,295.0,69.91666666666667,1011.8000000000001,95.79166666666667,12.0,nedidelis lietus
2025-08-01,15.333333333333334,15.333333333333334,1.5208333333333333,5.2,180.0,38.75,1009.7083333333334,85.91666666666667,0.5,giedra
2025-08-02,19.0125,18.9875,1.6583333333333332,6.4,159.0,70.58333333333333,1012.8666666666667,77.5,0.30000000000000004,debesuota
2025-08-03,22.683333333333334,22.670833333333334,2.2666666666666666,9.2,111.0,12.625,1015.4166666666666,66.66666666666667,0.0,giedra
2025-08-04,18.825,18.837500000000002,1.6791666666666665,7.3,192.0,49.666666666666664,1015.5333333333333,82.125,4.3,giedra
2025-08-05,17.995833333333334,17.983333333333334,2.629166666666667,10.2,148.0,75.70833333333333,1014.8541666666666,77.0,0.2,debesuota
2025-08-06,15.883333333333333,15.883333333333333,2.6750000000000003,10.6,245.0,60.666666666666664,1016.6041666666666,77.95833333333333,3.2,debesuota
2025-08-07,15.741666666666667,15.6875,2.379166666666667,8.6,213.0,49.666666666666664,1020.5791666666668,74.45833333333333,0.0,debesuota
2025-08-08,16.316666666666666,16.316666666666666,1.8708333333333333,6.3,191.0,78.5,1019.2083333333334,79.0,0.4,debesuota
2025-08-09,17.837500000000002,17.758333333333333,1.4000000000000001,6.7,276.0,6.318181818181818,1020.9,74.79166666666667,0.0,giedra
2025-08-10,16.900000000000002,16.900000000000002,2.6541666666666663,11.7,160.0,56.541666666666664,1017.9250000000001,85.125,4.8,debesuota
2025-08-11,17.3,17.3,3.125,10.3,294.0,59.125,1020.3166666666666,72.79166666666667,0.0,debesuota
2025-08-12,17.170833333333334,17.170833333333334,2.1958333333333333,9.0,254.0,42.458333333333336,1021.1958333333333,73.375,0.0,debesuota
2025-08-13,16.895833333333332,16.895833333333332,1.1916666666666667,6.3,6.0,42.916666666666664,1022.9708333333333,78.0,0.0,debesuota su pragiedruliais
2025-08-14,18.170833333333334,18.045833333333334,1.1541666666666666,5.1,7.0,0.5416666666666666,1025.1208333333334,68.41666666666667,0.0,giedra
2025-08-15,19.108333333333334,18.991666666666667,1.7291666666666667,5.7,177.0,12.541666666666666,1022.6333333333333,66.04166666666667,0.0,giedra
2025-08-16,18.912499999999998,18.908333333333335,3.1374999999999997,9.8,288.0,51.291666666666664,1011.6083333333332,70.375,0.4,debesuota
2025-08-17,14.433333333333332,14.433333333333332,3.225,12.2,278.0,76.91666666666667,1010.975,76.08333333333333,2.1,debesuota
2025-08-18,14.608333333333334,14.608333333333334,2.1999999999999997,7.6,305.0,71.625,1016.3208333333333,83.33333333333333,0.0,debesuota
2025-08-19,16.720833333333335,16.720833333333335,2.2916666666666665,7.1,261.0,19.333333333333332,1013.2375000000001,72.125,0.0,giedra
2025-08-20,14.1,14.0875,1.9833333333333334,8.0,170.0,62.291666666666664,1006.8625000000001,86.0,5.8999999999999995,debesuota
2025-08-21,13.549999999999999,13.4625,1.3958333333333333,5.5,319.0,38.791666666666664,1009.7875,70.5,0.0,giedra
2025-08-22,14.891666666666666,14.891666666666666,2.0166666666666666,9.6,128.0,44.541666666666664,1006.6125000000001,68.25,0.0,debesuota
2025-08-23,12.787500000000001,12.616666666666667,2.704166666666667,9.6,241.0,70.54166666666667,1005.9625,74.91666666666667,0.0,debesuota
2025-08-24,11.308333333333332,11.033333333333333,3.3041666666666667,12.0,259.0,88.29166666666667,1006.7125,88.08333333333333,2.8000000000000003,debesuota
2025-08-25,11.058333333333332,10.470833333333333,3.2125,10.7,248.0,84.79166666666667,1007.7083333333334,89.5,5.199999999999999,debesuota
2025-08-26,11.329166666666666,10.933333333333332,2.3291666666666666,9.1,264.0,84.625,1010.4625,85.33333333333333,0.0,debesuota
2025-08-27,11.616666666666667,11.516666666666666,1.4833333333333334,7.6,120.0,53.4,1016.3458333333333,80.25,0.0,debesuota
2025-08-28,16.608333333333334,16.483333333333334,2.6333333333333333,8.1,130.0,52.291666666666664,1013.4958333333334,74.29166666666667,0.0,debesuota
2025-08-29,22.1375,22.1125,3.845833333333333,11.0,155.0,14.708333333333334,1006.6833333333334,58.416666666666664,0.0,giedra
2025-08-30,21.420833333333334,21.433333333333334,1.8333333333333333,7.4,155.0,32.458333333333336,1007.3416666666667,66.41666666666667,0.0,giedra
2025-08-31,17.175,17.175,2.004166666666667,7.2,340.0,88.9090909090909,1011.7708333333334,94.20833333333333,0.3,debesuota
2025-09-01,17.016666666666666,17.016666666666666,1.9208333333333334,7.4,53.0,42.791666666666664,1014.5833333333334,80.29166666666667,0.0,giedra
2025-09-02,18.433333333333334,18.383333333333333,2.2916666666666665,8.1,94.0,0.0,1014.1875,73.79166666666667,0.0,giedra
2025-09-03,20.191666666666666,20.3,2.3125,12.5,56.0,39.26086956521739,1013.9250000000001,78.375,4.5,giedra
2025-09-04,19.733333333333334,19.76666666666667,0.9375,3.9,64.0,50.095238095238095,1017.6125000000001,88.58333333333333,0.0,debesuota
2025-09-05,20.341666666666665,20.349999999999998,2.1750000000000003,9.6,128.0,27.7,1018.7791666666667,76.29166666666667,0.0,giedra
2025-09-06,20.604166666666668,20.633333333333333,2.4499999999999997,7.9,148.0,51.791666666666664,1020.7833333333333,69.125,0.0,debesuota
2025-09-07,20.879166666666666,20.849999999999998,2.025,7.8,19.0,29.833333333333332,1023.5458333333332,69.125,0.0,giedra
2025-09-08,17.995833333333334,17.995833333333334,2.125,8.8,90.0,46.583333333333336,1024.0083333333334,68.58333333333333,0.0,debesuota
2025-09-09,17.908333333333335,17.908333333333335,2.004166666666667,8.5,60.0,44.958333333333336,1022.0625,68.5,0.0,debesuota
2025-09-10,19.595833333333335,19.5625,2.65,11.2,41.0,10.458333333333334,1020.85,70.29166666666667,0.0,giedra
2025-09-12,14.137500000000001,14.137500000000001,4.0125,9.4,144.0,99.0,1020.0458333333332,97.54166666666667,11.9,nedidelis lietus
2025-09-13,14.487499999999999,14.487499999999999,2.8041666666666667,8.0,131.0,92.70833333333333,1025.1541666666667,96.66666666666667,0.0,debesuota
2025-09-14,17.979166666666668,17.979166666666668,4.4875,12.1,138.0,80.58333333333333,1017.7541666666666,64.91666666666667,0.0,debesuota
2025-09-15,13.495833333333332,13.495833333333332,3.4291666666666667,8.6,140.0,84.54166666666667,1014.1041666666666,91.5,1.8,debesuota
2025-09-16,13.754166666666668,13.754166666666668,2.966666666666667,8.3,165.0,66.83333333333333,1010.6374999999999,94.125,5.9,debesuota
2025-09-17,12.275,12.137500000000001,2.2583333333333333,9.0,175.0,78.41666666666667,1012.725,91.41666666666667,6.6,debesuota
2025-09-18,13.829166666666666,13.700000000000001,2.65,10.1,197.0,86.58333333333333,1015.5958333333333,86.0,0.2,debesuota
2025-09-19,15.620833333333332,15.620833333333332,3.8083333333333336,13.2,266.0,65.29166666666667,1017.1708333333332,78.45833333333333,0.0,debesuota
2025-09-20,16.8625,16.8625,2.8333333333333335,10.0,164.0,60.583333333333336,1018.9375,87.25,0.1,debesuota
2025-09-21,20.041666666666668,20.070833333333333,3.283333333333333,9.8,175.0,11.0,1012.5708333333333,76.0,0.0,giedra
2025-09-22,15.166666666666666,15.166666666666666,2.404166666666667,8.0,302.0,75.0,1013.5666666666666,79.0,0.0,debesuota
2025-09-23,10.8125,10.6875,1.8291666666666666,6.6,284.0,56.958333333333336,1020.0583333333334,78.25,0.5,debesuota
2025-09-24,8.0875,7.816666666666666,1.8625,9.0,320.0,11.083333333333334,1028.1666666666667,74.91666666666667,0.0,giedra
2025-09-25,6.8625,6.804166666666667,1.2666666666666666,5.6,324.0,10.0,1033.0333333333333,81.25,0.0,giedra
2025-09-26,7.545833333333333,7.545833333333333,0.7000000000000001,3.8,135.0,1.5833333333333333,1035.6958333333334,78.08333333333333,0.0,giedra
2025-09-27,8.862499999999999,8.862499999999999,1.3,5.9,1.0,64.29166666666667,1030.5791666666667,85.70833333333333,0.0,debesuota
2025-09-30,7.3875,6.3,1.9124999999999999,7.5,83.0,88.625,1032.6416666666667,83.0,0.0,debesuota
2025-10-01,6.375,5.3125,1.8875,7.9,28.0,58.583333333333336,1033.5833333333333,73.91666666666667,0.0,debesuota
2025-10-02,5.966666666666666,5.408333333333334,1.5,5.9,356.0,77.83333333333333,1028.7958333333333,78.54166666666667,0.0,debesuota
2025-10-03,6.6625000000000005,6.391666666666667,1.2166666666666666,4.5,7.0,66.70833333333333,1026.9750000000001,76.95833333333333,0.0,debesuota
2025-10-04,7.908333333333334,6.808333333333334,2.8208333333333333,8.7,115.0,59.541666666666664,1014.25,80.29166666666667,0.0,debesuota
2025-10-05,8.354166666666666,6.954166666666667,2.4583333333333335,7.9,193.0,94.375,1004.9583333333334,93.125,4.800000000000001,debesuota
2025-10-06,9.9,9.420833333333333,2.254166666666667,7.2,122.0,85.625,1013.5916666666667,86.66666666666667,0.0,debesuota
2025-10-07,8.674999999999999,8.674999999999999,0.7125,4.0,153.0,63.625,1022.4541666666668,88.04166666666667,0.0,debesuota
2025-10-08,7.570833333333333,7.441666666666666,1.0999999999999999,4.6,118.0,16.0,1021.6708333333332,84.33333333333333,0.0,giedra
2025-10-09,8.554166666666667,8.441666666666666,1.4958333333333333,5.9,228.0,45.916666666666664,1016.3291666666668,87.66666666666667,0.0,giedra
2025-10-10,8.654166666666667,7.3500000000000005,2.6166666666666667,9.3,299.0,64.75,1012.5124999999999,95.33333333333333,8.7,lietus
2025-10-11,7.875,6.720833333333334,2.4875000000000003,7.5,212.0,50.15,1016.625,94.25,0.4,debesuota
2025-10-12,7.9750000000000005,6.208333333333333,3.704166666666667,19.3,245.0,74.20833333333333,1013.1625,88.04166666666667,3.5999999999999996,debesuota
2025-10-13,6.066666666666666,3.4458333333333333,3.7125,13.0,301.0,80.95833333333333,1014.8666666666667,84.29166666666667,1.6,lietus
2025-10-14,5.016666666666667,3.1666666666666665,2.25,7.2,307.0,92.375,1017.8708333333334,88.0,0.1,debesuota
2025-10-15,6.483333333333333,5.479166666666667,1.8958333333333333,7.1,235.0,93.875,1019.0625,92.125,0.7,debesuota
2025-10-16,9.158333333333333,8.170833333333333,2.8541666666666665,9.9,196.0,96.18181818181819,1015.7583333333333,90.58333333333333,1.5999999999999999,debesuota
2025-10-17,8.391666666666667,7.458333333333333,1.9208333333333334,7.1,303.0,98.0,1013.5166666666668,99.25,8.3,debesuota
2025-10-18,5.383333333333333,3.35,2.5416666666666665,9.4,41.0,97.41666666666667,1014.6583333333333,95.95833333333333,10.1,nedidelis lietus
2025-10-19,2.3291666666666666,0.3,2.3208333333333333,9.4,337.0,1.5833333333333333,1020.6125000000001,82.95833333333333,0.0,giedra
2025-10-20,1.3583333333333334,0.9166666666666666,1.1791666666666667,4.6,37.0,0.0,1019.6166666666667,81.375,0.0,giedra
2025-10-21,2.795833333333333,-0.17500000000000002,3.35,9.9,126.0,4.708333333333333,1014.875,88.79166666666667,0.0,giedra
2025-10-22,6.191666666666666,2.9291666666666667,5.0,11.6,142.0,65.29166666666667,1010.275,83.54166666666667,1.3,debesuota
2025-10-23,7.966666666666666,5.1875,4.6625000000000005,10.1,139.0,96.95833333333333,1002.7583333333333,96.625,2.8,debesuota
2025-10-24,11.804166666666667,11.674999999999999,3.6125000000000003,12.7,135.0,93.33333333333333,995.1833333333334,93.875,4.0,debesuota
2025-10-25,7.2,4.583333333333333,4.216666666666667,13.8,270.0,97.0,995.1833333333334,97.95833333333333,31.9,lietus
2025-10-26,5.95,3.5666666666666664,3.2375000000000003,11.0,155.0,83.5,996.5625,97.625,1.6,debesuota
2025-11-20,-0.5833333333333334,-4.758333333333334,3.7375000000000003,9.0,139.0,89.79166666666667,1011.2666666666668,91.45833333333333,0.8,debesuota
2025-11-21,0.21666666666666667,-2.7583333333333333,2.6666666666666665,8.5,195.0,88.83333333333333,1015.2583333333333,91.95833333333333,0.1,debesuota
2025-11-22,-0.9083333333333333,-2.408333333333333,1.5250000000000001,5.6,310.0,69.21739130434783,1022.8583333333332,93.33333333333333,0.0,debesuota
2025-11-23,-3.891666666666667,-5.0249999999999995,1.2083333333333333,4.3,43.0,75.625,1019.0541666666667,93.04166666666667,2.4,debesuota
2025-11-24,-2.1416666666666666,-4.670833333333333,2.120833333333333,6.8,7.0,99.0,1007.0666666666666,93.20833333333333,0.6000000000000001,debesuota
2025-11-25,-0.32083333333333336,-2.441666666666667,1.8833333333333335,6.4,106.0,99.5,1010.6916666666666,94.29166666666667,0.2,debesuota
2025-11-26,-0.07916666666666668,-3.3041666666666667,2.6875,8.4,42.0,100.0,1012.8375,95.375,11.6,nedidelis lietus
2025-11-27,0.12916666666666665,-2.5708333333333333,2.4583333333333335,7.9,207.0,100.0,1015.3291666666668,96.875,1.8,debesuota
2025-11-28,-1.0541666666666667,-5.779166666666666,4.341666666666667,9.8,184.0,95.5,1021.6958333333333,90.16666666666667,0.0,debesuota
2025-11-29,-0.3625,-4.241666666666666,3.4583333333333335,10.2,172.0,100.0,1018.3208333333333,95.75,0.0,debesuota
2025-11-30,0.9416666666666668,-0.14583333333333334,1.4166666666666667,5.0,32.0,100.0,1018.2541666666666,98.20833333333333,0.0,rūkas
2025-12-01,1.7625000000000002,0.11666666666666668,1.8083333333333333,5.8,156.0,99.07692307692308,1018.9416666666666,98.91666666666667,0.0,rūkas
2025-12-02,1.7249999999999999,0.1958333333333333,1.7375,5.6,133.0,100.0,1024.0708333333334,98.33333333333333,0.0,debesuota
2025-12-03,1.0958333333333334,-1.8291666666666666,2.716666666666667,8.1,137.0,100.0,1024.0625,96.375,0.0,debesuota
2025-12-04,4.545833333333333,2.4250000000000003,2.566666666666667,6.6,137.0,100.0,1020.4333333333334,95.79166666666667,0.0,debesuota
2025-12-05,5.8374999999999995,3.654166666666667,3.0041666666666664,8.9,130.0,93.33333333333333,1020.9625,95.0,0.1,debesuota
2025-12-06,3.0749999999999997,-0.9333333333333332,4.754166666666666,13.3,151.0,97.0,1020.5416666666666,84.08333333333333,0.0,debesuota
2025-12-07,0.2041666666666667,-4.1875,4.25,10.5,161.0,100.0,1018.6583333333333,89.83333333333333,0.0,debesuota
2025-12-08,1.4958333333333333,-2.441666666666667,4.045833333333333,10.4,158.0,100.0,1017.9916666666667,94.875,0.1,debesuota
2025-12-09,6.016666666666667,3.766666666666667,2.9916666666666667,7.5,180.0,91.04545454545455,1012.0916666666667,95.54166666666667,2.2,debesuota
2025-12-10,5.55625,3.9375,2.225,5.7,243.0,95.5,1014.75625,94.6875,0.2,debesuota
2025-12-11,7.645833333333333,5.336363636363637,3.3636363636363638,11.0,255.0,94.45454545454545,1012.5409090909092,91.5909090909091,3.2,nedidelis lietus
2025-12-12,4.879166666666666,2.2375000000000003,3.329166666666667,10.0,9.0,83.45833333333333,1016.7333333333332,90.875,3.7,nedidelis lietus
2025-12-13,-2.6833333333333336,-5.708333333333333,2.6791666666666667,9.3,142.0,86.625,1027.1000000000001,74.08333333333333,0.6,debesuota
2025-12-14,0.43333333333333335,-1.5041666666666667,1.9916666666666665,7.7,213.0,98.9090909090909,1018.2541666666666,97.33333333333333,2.5,nedidelis sniegas
2025-12-15,3.1750000000000003,0.24166666666666667,3.095833333333333,9.1,240.0,100.0,1017.8083333333334,94.16666666666667,0.2,debesuota
2025-12-16,1.1208333333333333,-2.5875,3.5583333333333336,8.8,180.0,100.0,1022.3541666666666,98.25,0.0,rūkas
2025-12-17,0.15416666666666667,-3.1,2.966666666666667,7.4,160.0,96.25,1020.0541666666667,98.20833333333333,0.0,debesuota
2025-12-18,-0.27499999999999997,-2.1374999999999997,1.8041666666666665,5.8,175.0,100.0,1023.9166666666666,98.875,0.0,rūkas
2025-12-19,-1.0416666666666667,-5.704166666666667,4.2,9.5,168.0,,1025.5083333333334,99.0,0.0,rūkas
2025-12-20,1.3583333333333334,-1.6833333333333333,2.954166666666667,9.4,180.0,100.0,1019.5166666666668,99.0,0.5,rūkas
2025-12-21,3.975,1.1791666666666667,3.220833333333333,8.6,229.0,95.45833333333333,1018.1166666666667,91.625,0.0,debesuota
2025-12-22,2.1791666666666667,-0.012499999999999997,2.183333333333333,7.7,284.0,98.0,1022.4499999999999,89.29166666666667,0.1,debesuota
2025-12-23,-4.029166666666667,-7.6499999999999995,2.6083333333333334,10.3,36.0,65.66666666666667,1029.7666666666667,74.25,0.0,debesuota
2025-12-24,-6.7124999999999995,-8.7125,1.5291666666666668,5.8,0.0,60.458333333333336,1038.6083333333333,78.625,0.0,debesuota
2025-12-25,-2.4125,-7.175,4.070833333333334,12.2,261.0,99.0,1033.5583333333334,75.5,0.0,debesuota
2025-12-26,2.216666666666667,-1.5208333333333333,3.9499999999999997,11.8,316.0,74.58333333333333,1021.6625,92.91666666666667,0.1,debesuota
2025-12-27,2.983333333333333,-1.1083333333333334,4.9750000000000005,18.4,271.0,94.83333333333333,1009.6958333333333,89.625,1.3,nedidelis lietus
2025-12-28,-0.15217391304347827,-5.156521739130435,5.143478260869565,15.8,320.0,88.1304347826087,1006.6434782608695,80.8695652173913,1.7000000000000002,debesuota
2025-12-29,-1.5307692307692307,-6.976923076923077,5.230769230769231,16.7,295.0,86.92307692307692,999.2384615384616,78.53846153846153,0.7,debesuota
2025-12-30,-4.504166666666666,-10.266666666666667,4.608333333333333,12.7,281.0,92.6086956521739,998.3375,81.75,2.3,nedidelis sniegas
2025-12-31,-8.116666666666667,-12.779166666666667,3.0583333333333336,11.2,312.0,50.708333333333336,1005.1541666666667,75.95833333333333,0.2,giedra
2026-01-01,-10.1,-15.875,3.9250000000000003,12.3,156.0,72.5,999.6041666666666,82.45833333333333,5.3999999999999995,nedidelis sniegas
2026-01-02,0.02916666666666666,-4.533333333333333,4.4125000000000005,9.4,192.0,99.5,987.2166666666667,93.58333333333333,4.5,nedidelis sniegas
2026-01-03,-1.45,-5.45,3.2875,8.8,214.0,96.5,992.4375,91.0,0.7999999999999999,debesuota
2026-01-04,-3.5083333333333333,-8.070833333333333,3.466666666666667,8.9,177.0,95.45833333333333,1001.4541666666668,89.875,0.9,nedidelis sniegas
2026-01-05,-5.354166666666667,-10.012500000000001,3.1291666666666664,7.6,194.0,82.41666666666667,1014.6999999999999,89.375,0.0,debesuota
2026-01-06,-6.483333333333333,-8.841666666666667,1.6500000000000001,5.8,82.0,86.04166666666667,1015.6999999999999,91.66666666666667,2.1,nedidelis sniegas
2026-01-07,-6.4375,-7.7375,1.2791666666666666,6.4,196.0,98.8,1017.0124999999999,92.70833333333333,0.0,debesuota
2026-01-08,-8.083333333333334,-12.575000000000001,2.908333333333333,11.3,35.0,97.5,1013.0333333333333,87.66666666666667,0.5,debesuota
2026-01-09,-10.329166666666667,-16.841666666666665,3.9333333333333336,14.6,1.0,100.0,1001.9041666666667,82.79166666666667,8.4,nedidelis sniegas
2026-01-10,-11.082608695652175,-14.947826086956523,2.0652173913043477,7.7,343.0,98.43478260869566,1000.5826086956522,83.43478260869566,0.5,nedidelis sniegas
2026-01-11,-14.025,-16.879166666666666,1.4583333333333333,4.7,312.0,99.0,1007.3000000000001,86.16666666666667,0.1,trumpas sniegas
2026-01-12,-12.195833333333333,-15.4,1.6583333333333332,6.6,324.0,89.16666666666667,1015.8249999999999,87.54166666666667,0.0,trumpas sniegas
2026-01-13,-11.020833333333334,-12.15,1.1916666666666667,6.2,287.0,99.0,1020.3125,88.625,0.4,nedidelis sniegas
2026-01-14,-10.5625,-16.3125,3.220833333333333,9.2,150.0,88.16666666666667,1023.2541666666666,89.08333333333333,0.0,debesuota
2026-01-15,-14.0875,-20.666666666666668,3.2583333333333333,7.3,133.0,73.16666666666667,1025.9375,83.16666666666667,0.0,debesuota
2026-01-16,-15.65,-23.325,3.875,8.0,146.0,15.166666666666666,1035.4375,78.45833333333333,0.0,giedra
2026-01-17,-12.299999999999999,-18.816666666666666,3.470833333333333,7.9,143.0,0.0,1041.0708333333334,75.70833333333333,0.0,giedra
2026-01-18,-14.533333333333333,-20.804166666666667,2.8958333333333335,6.0,157.0,12.041666666666666,1043.675,82.54166666666667,0.0,giedra
2026-01-19,-14.483333333333334,-20.129166666666666,2.475,5.1,152.0,19.458333333333332,1039.1458333333333,83.54166666666667,0.0,giedra
2026-01-20,-13.666666666666666,-18.875,2.3000000000000003,5.6,156.0,1.5833333333333333,1030.2124999999999,85.25,0.0,giedra
2026-01-21,-12.262500000000001,-16.474999999999998,1.9791666666666667,4.5,131.0,30.375,1018.6833333333334,85.41666666666667,0.0,giedra
2026-01-22,-10.924999999999999,-17.116666666666667,3.4375,12.5,60.0,96.5,1017.1666666666666,83.25,0.0,nedidelis sniegas
2026-01-23,-9.558333333333334,-14.616666666666667,2.875,12.4,90.0,67.83333333333333,1019.3083333333334,78.66666666666667,0.0,nedidelis sniegas
2026-01-24,-10.845833333333333,-16.141666666666666,2.733333333333333,8.6,75.0,79.75,1020.8791666666666,78.83333333333333,0.0,nedidelis sniegas
2026-01-25,-10.225,-16.45,3.6374999999999997,9.2,111.0,74.58333333333333,1019.3375,75.875,0.0,debesuota
2026-01-26,-7.2,-12.004166666666668,3.0708333333333333,9.5,129.0,100.0,1009.4166666666666,87.875,1.9,debesuota
2026-01-27,-2.1625,-4.208333333333333,1.6541666666666668,4.6,70.0,100.0,1005.0958333333333,95.625,4.3,nedidelis sniegas
2026-01-28,-5.3875,-9.450000000000001,2.5458333333333334,7.5,33.0,100.0,1003.0458333333332,91.66666666666667,5.5,nedidelis sniegas
2026-01-29,-10.15,-15.295833333333334,2.7291666666666665,8.3,35.0,73.5,1010.6916666666666,86.45833333333333,0.0,nedidelis sniegas
2026-01-30,-13.704166666666666,-18.974999999999998,2.379166666666667,8.7,46.0,0.0,1019.9291666666667,78.41666666666667,0.0,giedra
2026-01-31,-15.541666666666666,-19.620833333333334,1.7541666666666667,4.6,30.0,1.0416666666666667,1026.3500000000001,76.91666666666667,0.0,giedra
2026-02-01,-18.091666666666665,-23.266666666666666,1.9874999999999998,6.4,3.0,24.0,1028.4833333333333,77.79166666666667,0.0,giedra
2026-02-02,-20.766666666666666,-23.78333333333333,1.4124999999999999,4.6,300.0,2.125,1024.1000000000001,78.20833333333333,0.0,giedra
2026-02-03,-16.429166666666667,-16.866666666666667,0.9916666666666667,3.5,68.0,0.0,1024.4791666666667,79.08333333333333,0.0,giedra
2026-02-04,-13.641666666666666,-17.758333333333333,2.2416666666666667,8.3,88.0,26.125,1023.5,76.16666666666667,0.0,giedra
2026-02-05,-7.779166666666666,-12.9125,3.079166666666667,8.8,115.0,99.5,1013.15,81.75,0.0,debesuota
2026-02-06,-5.120833333333334,-9.029166666666667,2.5166666666666666,7.1,116.0,100.0,1006.5208333333334,88.75,0.6,debesuota
2026-02-07,-3.2875,-5.420833333333333,1.7583333333333335,6.1,35.0,100.0,1008.6666666666666,88.79166666666667,1.6,nedidelis sniegas
2026-02-08,-8.608333333333333,-12.670833333333334,2.7125,9.7,31.0,50.125,1018.8333333333334,81.08333333333333,0.0,giedra
2026-02-09,-14.683333333333332,-19.283333333333335,2.0749999999999997,4.6,147.0,35.5,1022.375,82.70833333333333,0.0,giedra
2026-02-11,-3.4416666666666664,-7.608333333333333,3.0541666666666667,7.0,146.0,100.0,994.8874999999999,93.45833333333333,1.6,debesuota
2026-02-12,0.20833333333333334,-0.9291666666666667,1.5208333333333333,6.4,146.0,100.0,987.4125,96.0,2.0,nedidelis sniegas
2026-02-13,1.6125,-0.7374999999999999,2.35,6.8,82.0,100.0,986.9916666666667,98.83333333333333,4.3,nedidelis lietus
2026-02-14,-8.504347826086956,-13.221739130434784,2.682608695652174,8.0,333.0,100.0,1004.0173913043479,83.0,0.0,nedidelis sniegas
2026-02-15,-12.454166666666666,-16.3875,1.8958333333333333,6.7,348.0,41.291666666666664,1017.5749999999999,72.25,0.0,giedra
2026-02-16,-12.625,-16.070833333333333,1.9625000000000001,7.9,41.0,0.5416666666666666,1012.3958333333334,52.041666666666664,0.0,giedra
2026-02-17,-11.633333333333333,-16.599999999999998,2.4250000000000003,7.9,73.0,53.791666666666664,1014.1041666666666,48.833333333333336,0.0,debesuota
2026-02-18,-8.554166666666667,-13.879166666666668,3.170833333333333,8.5,140.0,98.5,1013.0,63.875,0.0,debesuota
2026-02-19,-6.529166666666666,-9.770833333333334,2.2291666666666665,8.8,185.0,93.33333333333333,1010.9333333333334,82.08333333333333,1.1,nedidelis sniegas
2026-02-20,-7.2124999999999995,-11.4125,2.5541666666666667,9.5,289.0,58.583333333333336,1024.1083333333333,78.83333333333333,0.1,nedidelis sniegas
2026-02-21,-4.945833333333334,-10.5375,4.7625,14.8,168.0,73.08333333333333,1019.85,68.5,0.0,debesuota
2026-02-22,-0.6416666666666667,-3.875,3.3541666666666665,10.8,193.0,94.375,1012.0791666666668,88.08333333333333,0.6,debesuota
2026-02-23,-0.17916666666666667,-2.8083333333333336,2.2416666666666667,7.0,126.0,98.2,1006.2375000000001,91.375,1.3,debesuota
2026-02-24,0.11666666666666665,-2.5875,2.5708333333333333,8.2,306.0,100.0,1009.5583333333334,95.75,0.7,debesuota
2026-02-25,-1.9916666666666665,-4.641666666666667,2.2291666666666665,9.2,315.0,99.0,1022.9916666666667,84.79166666666667,0.30000000000000004,debesuota
2026-02-26,-2.1,-5.5125,3.1916666666666664,8.5,164.0,69.41666666666667,1029.5125,77.54166666666667,0.0,debesuota
2026-02-27,0.24999999999999997,-3.9625,4.008333333333334,9.4,179.0,70.0,1023.2624999999999,76.0,0.0,debesuota
2026-02-28,3.4916666666666667,0.8833333333333333,2.766666666666667,5.3,161.0,15.208333333333334,1021.1625,76.08333333333333,0.0,giedra
2026-03-01,3.3625000000000003,0.32916666666666666,3.3666666666666667,12.6,160.0,58.458333333333336,1020.2791666666667,81.08333333333333,0.0,debesuota
