date,BrO,BrO_Error,H2O,H2O_Error,HCHO,HCHO_Error,NO2,NO2Tropo,NO2Tropo_Error,NO2_Error,O3,O3_Error,SO2,SO2_Error
2017-01-01,43535461000000.0,9867955333333.334,,,,,1237005366666666.8,,,154362010000000.0,304.60439,1.7570596666666667,1.0567714333333333,3.2564203
2017-01-02,58332099750000.0,11175480000000.0,,,,,924458550000000.0,-328662600000000.0,1452434700000000.0,175802775000000.0,379.464435,1.8678217,3.5330382,2.93500805
2017-01-03,52190611000000.0,14941104500000.0,4.3324802,28.181491,,,983132445000000.0,,,238701445000000.0,387.54380000000003,1.67260765,3.00987963,3.8903271999999998
2017-01-04,39300476500000.0,11114598500000.0,6.211267,33.852913,,,1290154200000000.0,,,182906850000000.0,384.132125,2.0496421,-0.61019655,6.72003195
2017-01-05,52434358888888.89,9972222888888.889,4.101401811111111,27.29867377777778,,,1605956827777777.8,,,158583015555555.56,397.21679555555556,2.102742411111111,13.926733261111112,8.178496066666666
2017-01-06,55980135000000.0,12642221250000.0,1.7448022,19.114566,,,1682306575000000.0,1198805385000000.0,2045182575000000.0,223442230000000.0,358.7832175,1.42962,2.655428675,18.816321714999997
2017-01-07,51410201500000.0,13980546000000.0,1.01515705,20.6149165,,,1138668300000000.0,-2494746700000000.0,2343358050000000.0,236948505000000.0,377.51419,1.4117492999999999,5.10124288,2.9013386199999998
2017-01-08,33467902500000.0,12084959000000.0,4.5282896,24.641515499999997,,,1181917550000000.0,,,219173155000000.0,371.601485,1.4946560999999998,0.11850640000000001,29.6198574
2017-01-09,38300093800000.0,10216835000000.0,5.12495546,28.366968999999997,,,1089777860000000.0,,,164022472000000.0,334.88691600000004,2.0048854,5.765076840000001,3.4173011286666664
2017-01-10,47745867500000.0,10331447500000.0,,,,,1304674550000000.0,-1766321466666666.8,1903130433333333.2,169677215000000.0,357.95433,1.69850095,-1.8855595483333332,4.3822235266666665
2017-01-11,48491315400000.0,12697106200000.0,7.76381906,23.4502272,,,1579918540000000.0,-968332940000000.0,1640946760000000.0,199252200000000.0,379.96787000000006,1.35643826,3.6057297,3.75120132
2017-01-12,42320473333333.336,11054498666666.666,6.213513466666666,28.45205866666667,,,3763639166666666.5,,,203898563333333.34,352.76668,1.4268352333333334,0.41840230000000006,2.0942437999999997
2017-01-13,37884282500000.0,11015801000000.0,,,,,1829765050000000.0,,,171742705000000.0,381.53631,1.995774,-0.96368,2.82584735
2017-01-14,48470319857142.86,8708837814285.714,,,,,2025620700000000.0,,,149844138571428.56,462.76687285714286,2.4034904714285714,3.1656506530714283,3.976585472285714
2017-01-15,58102685400000.0,9517512720000.0,5.465559949999999,26.955178,,,1963525320000000.0,2007104450000000.0,1498205200000000.0,157442534000000.0,475.883154,1.46505602,1.9202606679999998,2.5621681
2017-01-16,56668214333333.336,11216113000000.0,4.9405434999999995,21.45106,,,2315473766666666.5,,,182141703333333.34,432.80935666666664,1.1535699666666666,0.12620956666666672,2.508759166666666
2017-01-17,58610348000000.0,11775051666666.666,3.9833649333333336,22.265754,,,1809622200000000.0,,,194502503333333.34,445.4284333333333,1.2434339666666665,0.43144718666666665,3.746760333333333
2017-01-18,36040706000000.0,11009856600000.0,4.498465260000001,22.1181356,,,1471135830000000.0,-1501531500000000.0,1689337900000000.0,195175582000000.0,365.464246,1.5112564800000001,2.0889988,6.14830782
2017-01-19,41664384625000.0,8508896450000.0,9.520908716666666,27.493041,,,1931787662500000.0,,,143186152500000.0,351.13273375,1.3389384375,0.35707650875,1.9893174775
2017-01-20,40676290666666.664,9441171666666.666,12.540941333333334,18.013101000000002,,,1978537500000000.0,,,165400413333333.34,332.68930666666665,1.0586488666666667,-1.7327882,2.2479254
2017-01-22,,,,,,,,,,,,,,
2017-01-23,38320454333333.336,9700661666666.666,6.688629766666666,20.118615666666667,,,1889265233333333.2,,,160588763333333.34,374.13526,1.4891862,2.910897933333333,1.5232493333333335
2017-01-24,51749576000000.0,8934190166666.666,5.7804644199999995,21.1388112,,,1480967650000000.0,,,145245460000000.0,409.70036333333337,1.2600550333333334,0.3447998066666666,10.393859183333333
2017-01-25,,12046861000000.0,3.7473251000000003,18.161541999999997,,,1478069300000000.0,1397342650000000.0,1452171150000000.0,215171830000000.0,348.55821000000003,1.07526975,,1.6768337
2017-01-26,,12691150000000.0,,,,,1059621350000000.0,-390442065000000.0,2049155850000000.0,231269452500000.0,326.4400025,1.394775825,,6.2129582125
2017-01-27,,11232939200000.0,16.959547399999998,22.5619828,,,928486612000000.0,,,186254952000000.0,308.239278,1.19283014,,2.6528673840000003
2017-02-11,49434019000000.0,10659173000000.0,3.894915,17.2271395,,,1364495750000000.0,,,198803030000000.0,327.26005499999997,0.8614404499999999,0.39456265,2.019537085
2017-02-12,52739725142857.14,9000184342857.143,4.271723625,17.47673625,,,1531444314285714.2,-1485706150000000.0,1238784000000000.0,155886272857142.84,398.54273142857147,0.8311509657142857,1.0424004214285714,0.6067968938571429
2017-02-13,42265806800000.0,9702077000000.0,,,-7465743250000000.0,2.079240605e+16,1548303200000000.0,-1675121000000000.0,922770925000000.0,174363562000000.0,349.96421399999997,1.488461688,-0.11228054400000001,4.587471906
2017-02-14,46110698666666.664,12734848000000.0,11.031342833333333,16.837122,,,1796435766666666.8,-362463895500000.0,1208024850000000.0,235373480000000.0,282.45831,0.8454495433333333,-0.9954872738666666,4.034836202
2017-02-15,37886598333333.336,13576879000000.0,7.745737533333333,16.222873,,,2395860266666666.5,2458243900000000.0,1433201600000000.0,245109273333333.34,298.33894333333336,0.8332456266666667,-0.42856873533333334,2.4163490616666663
2017-02-16,44207869750000.0,11056929250000.0,11.717842625,21.117800250000002,,,1423341725000000.0,-1693943700000000.0,1077377375000000.0,194348182500000.0,321.2778225,0.8138255125,-1.1019903875,2.5354417075
2017-02-17,51906739714285.71,9095302185714.285,,,,,1673269471428571.5,,,163359908571428.56,350.6521985714285,0.8124321485714285,0.25701223285714286,0.6224828571428571
2017-02-18,52417041500000.0,10026135000000.0,,,,,1338168200000000.0,,,176007400000000.0,366.07563500000003,0.6807107,-0.7001990499999999,1.213408425
2017-02-19,51152555000000.0,9988732500000.0,,,,,957095725000000.0,,,174186460000000.0,301.59859,0.7358382750000001,-0.12480210500000001,1.43904049
2017-02-20,49783328400000.0,10282776600000.0,,,7016188650000000.0,3720678300000000.0,914878852000000.0,-3127802833333333.5,963337800000000.0,187953234000000.0,290.283518,1.395931308,-0.026247920600000002,0.4625934198
2017-02-21,49866998666666.664,10819119666666.666,9.317577,22.91349633333333,,,1146456766666666.8,,,186289786666666.66,331.68756333333334,0.7697987700000001,0.4610649,0.2887157633333333
2017-02-22,51264562333333.336,10145769500000.0,,,,,841963288333333.4,,,179511573333333.34,326.0562783333333,1.25949646,0.09030830666666667,1.198764325
2017-02-23,54262336333333.336,10743639000000.0,,,,,1386244366666666.8,,,186576296666666.66,387.2534666666667,0.6676765333333333,-0.32102845666666663,6.0183831
2017-02-24,56730509000000.0,11060705333333.334,,,6415015000000000.0,3669181400000000.0,3504650600000000.0,4546457500000000.0,1771809700000000.0,194391620000000.0,389.45760666666666,0.6580721,0.009692908999999991,0.25807164433333335
2017-02-25,58133446000000.0,13464282500000.0,3.8483894,19.69115575,2946181875000000.0,4768805150000000.0,1562980025000000.0,-917273179750000.0,1177320715000000.0,236854917500000.0,408.84513749999996,0.6618454175,0.270685285,5.341590985
2017-02-26,37460566666666.664,10103261000000.0,,,,,2002446066666666.8,,,188604893333333.34,313.69119666666666,0.7226215666666667,-0.6750517739999999,0.38300383213333333
2017-02-27,43184318800000.0,9375247700000.0,9.292251,22.330183,,,1461181180000000.0,-578764200000000.0,1349507000000000.0,170712520000000.0,331.784296,0.719549152,0.148489354,0.545752136
2017-02-28,41472428500000.0,14990838500000.0,,,1.1012196e+16,5769866400000000.0,1651420350000000.0,23951739500000.0,1211496750000000.0,345057035000000.0,328.21225,0.8396877650000001,-0.883192965,6.836778499999999
2017-03-01,47468403500000.0,12166382833333.334,,,3281144066666666.5,2413346900000000.0,1570549200000000.0,-778710420000000.0,829372120000000.0,215428723333333.34,359.17654833333336,0.6845855900000001,-0.33337702133333336,1.21741026425
2017-03-02,41007460500000.0,13757986500000.0,5.912729499999999,20.256283,-1.5243603e+16,8.02083e+16,3468600700000000.0,8267680500000000.0,3505213300000000.0,263573865000000.0,306.51771499999995,0.74343854,-0.8984779,32.77194215
2017-03-03,59383753000000.0,9939248500000.0,,,,,2046791100000000.0,,,172846835000000.0,340.24764,0.6797561,-0.6068712475,0.7278385614999999
2017-03-04,50888169571428.57,11192960142857.143,,,5321702800000000.0,2.357169088e+16,1530053028571428.5,-1793322533333333.2,1759225833333333.2,219485717142857.16,338.09403000000003,0.7993030899999999,0.825934497142857,0.8239947599999999
2017-03-05,45753734400000.0,11896636400000.0,,,6789315400000000.0,3986663266666666.5,1292354080000000.0,-1754441900000000.0,863850500000000.0,213279744000000.0,325.119216,0.715645704,-0.422290682,47.4143658868
2017-03-06,42057497333333.336,11029571000000.0,,,,,1610884200000000.0,,,207287206666666.66,333.12516,0.8924661,0.43956824,0.2310886533333333
2017-03-07,54593794500000.0,10672107500000.0,,,,,1748409500000000.0,,,189658000000000.0,326.4948,0.711926605,-0.49116007500000003,1.35423625
2017-03-08,54927826166666.664,11250790666666.666,8.2459093,19.257686,-1.250603375e+16,3.2426435e+16,2655636116666666.5,2572472000000000.0,1482505100000000.0,220052806666666.66,380.99531,0.6411965616666667,-0.30286606666666666,1.01356334
2017-03-09,51437826571428.57,10474588571428.572,6.97461225,21.687252,1343382500000000.0,1.75490388e+16,1653587085714285.8,-623219040000000.0,881325570000000.0,183458570000000.0,378.49242,0.7063688857142857,0.023085092857142855,1.1467878228571429
2017-03-10,55906587500000.0,11889758000000.0,9.0242,17.749508,1588358400000000.0,1674871500000000.0,1897388175000000.0,37335387000000.0,874014840000000.0,219641022500000.0,400.7611025,0.629451325,0.13368470999999998,1.0947892925
2017-03-11,56643928666666.664,11326467000000.0,,,,,2086404500000000.0,,,210135876666666.66,406.94766666666663,0.7229250700000001,-0.04553435,1.9797806400000002
2017-03-12,53384966000000.0,13162627500000.0,4.1886308,20.109008000000003,,,2290505800000000.0,,,233224420000000.0,405.40671499999996,0.6360918849999999,0.08722315000000003,1.27764745
2017-03-13,47501135714285.71,11338507714285.715,11.21696,22.21671,3325408800000000.0,1.916344165e+16,1982816028571428.5,-1583261450000000.0,1248426600000000.0,206717235714285.72,385.34455285714284,0.6939798414285715,-0.20229378571428572,1.9497464385714285
2017-03-14,37703887000000.0,13633160600000.0,8.3918558,20.4820818,7143958875000000.0,4526525600000000.0,2685323560000000.0,794649942500000.0,1353763675000000.0,304523276000000.0,371.998686,0.665883874,0.241317236,1.069770648
2017-03-15,56911168500000.0,12572554000000.0,6.412407,22.216284,,,2164863750000000.0,,,226897885000000.0,348.21876499999996,0.9930531,-0.359991385,8.288452775
2017-03-16,60113732333333.336,13061564666666.666,8.416441,17.059912,,,2525386833333333.5,,,222297966666666.66,435.4039566666667,0.6294856133333333,-0.08672419633333335,0.4987205191666666
2017-03-17,48331441200000.0,13369530600000.0,,,1207496000000000.0,7576190033333333.0,1982438620000000.0,-404741476666666.7,1082006766666666.6,233478642000000.0,359.646726,0.92496662,-0.33145671900000007,2.078263711
2017-03-18,53194044250000.0,10859480875000.0,5.2067158,19.371786,,,2325664312500000.0,,,196462991250000.0,406.9888775,0.70762928125,0.1689350505,0.9421356224999999
2017-03-19,50342274000000.0,11756898500000.0,,,,,2305241800000000.0,,,214730335000000.0,410.90639,0.709526235,0.384770055,0.28725362
2017-03-20,55778685333333.336,15083538333333.334,8.118783,19.103990500000002,9469796000000000.0,5868066300000000.0,2159431600000000.0,-1001162000000000.0,1752363400000000.0,310109476666666.7,415.6202,0.6808451166666667,0.45532352000000004,1.0036173666666668
2017-03-21,53477005750000.0,12205243500000.0,13.5500145,17.558723,6554533000000000.0,5285713000000000.0,3816038475000000.0,3311421400000000.0,1445427500000000.0,216985040000000.0,378.7076525,0.6420246625,0.035973665,1.8791485675000001
2017-03-22,47275764000000.0,11154009500000.0,,,,,2545689500000000.0,,,215327735000000.0,351.081255,1.285618,-0.1353305,1.08684999
2017-03-23,35542399000000.0,13668658000000.0,6.6850045399999996,21.3078488,4571846116666667.0,1.2054821466666666e+16,2698123333333333.5,1842818195000000.0,1909559483333333.2,327256671666666.7,377.300545,0.6306684683333333,-0.316456115,2.463013996666667
2017-03-24,46548659000000.0,16505914666666.666,6.2396652,19.461237333333333,-3124565100000000.0,1.1905245266666666e+16,2868690366666666.5,1855545253333333.2,1490756833333333.2,359196793333333.3,444.77799333333337,0.6542945833333333,0.17456669666666666,0.64141577
2017-03-25,46705546666666.664,12812307000000.0,,,,,2185114533333333.2,,,245885906666666.66,424.53189,0.7421913433333334,-0.32742825000000003,1.1048407466666665
2017-03-26,50169514800000.0,13518000600000.0,5.100740200000001,17.897403,1285243250000000.0,8505017300000000.0,2045959740000000.0,-303072828500000.0,935990470000000.0,251782620000000.0,355.97571800000003,0.708817742,0.1911610988,0.6994107588
2017-03-27,38370300500000.0,15301490500000.0,7.34666185,20.732354,9785429000000000.0,5568033500000000.0,2238630250000000.0,-271379064000000.0,1969755800000000.0,447706430000000.0,321.11084,0.7482871849999999,-1.4649033,2.2086717499999997
2017-03-28,29399592285714.285,14590493285714.285,6.848378742857143,20.164003285714283,1.0059400614285714e+16,1.5732798957142858e+16,2617822114285714.5,1253382741428571.5,1949484528571428.5,392268874285714.3,358.75713,0.7150094314285714,-0.6336115771428572,1.2062644342857143
2017-03-29,43080900000000.0,12447829000000.0,,,,,2479239133333333.5,,,238650663333333.34,366.88168666666667,0.8875330333333333,0.048378256666666675,0.19758574333333334
2017-03-30,54178845800000.0,18217994000000.0,4.8204836,18.224285400000003,-9246820036000000.0,1.1326346452e+16,2656806840000000.0,407521794000000.0,1680086060000000.0,489976016000000.0,367.3579,0.77891566,-0.18324977399999995,1.241083824
2017-03-31,54755396666666.664,12046098666666.666,,,,,2472610666666666.5,,,216857703333333.34,355.27367333333336,0.763419,-0.12352829133333333,0.7127684816666667
2017-04-01,41942531666666.664,12123915666666.666,18.153744,20.701118,,,2760718400000000.0,,,241825446666666.66,348.9961433333333,0.9425759433333333,-0.198027029,1.671830368
2017-04-02,42285596250000.0,13415637000000.0,14.7497034375,19.730462375,8729094158750000.0,4917387521250000.0,2862360637500000.0,1354610762500000.0,1900439100000000.0,335285011250000.0,351.53806375,0.6876761175,-0.07633368899999998,3.9340561125
2017-04-03,44236879800000.0,15689431200000.0,12.589666,18.102970666666668,2116236600000000.0,1.306462644e+16,2551935440000000.0,-96317893333333.33,1410359266666666.8,371088444000000.0,384.43084600000003,0.699439368,-0.11356874800000001,2.851337122
2017-04-04,,19975434500000.0,6.286296350000001,17.842993,9717667700000000.0,6010474750000000.0,3112517100000000.0,1212888100000000.0,2207288850000000.0,676632750000000.0,329.22610499999996,0.862226275,-0.512269648,1.059381381
2017-04-05,33695700500000.0,16586673500000.0,8.814152700000001,20.1786755,1.07158945e+16,5258195800000000.0,3028887250000000.0,786861600000000.0,2484317500000000.0,449169260000000.0,346.414585,0.74688605,0.18726025999999998,0.17908095499999999
2017-04-06,53363665250000.0,12612699000000.0,8.483463,21.52637833333333,3853202300000000.0,2761637400000000.0,2935268175000000.0,993092365000000.0,1249379550000000.0,224856245000000.0,383.2381175,0.699188065,0.10365602499999997,0.57146055
2017-04-07,32361077000000.0,13964536000000.0,6.496030433333334,19.015581666666666,1.77373206e+16,7101409560000000.0,3266658900000000.0,2232263450000000.0,1918132575000000.0,329393100000000.0,375.207235,0.6633671533333333,-0.12379769933333334,2.2750233233333335
2017-04-08,51792171600000.0,13368096400000.0,5.21529785,17.978113999999998,6363820210000000.0,2637044190000000.0,2525811000000000.0,-797735430000000.0,962174545000000.0,261860770000000.0,361.81962,0.777045364,-0.410828496,0.887709332
2017-04-09,52449014000000.0,13193712000000.0,,,,,2213675100000000.0,,,263264980000000.0,309.7620166666667,0.8317017999999999,-0.056855703333333334,0.5160841533333334
2017-04-10,33336625000000.0,19047549500000.0,9.4684645,18.3333245,1.523274475e+16,7064916700000000.0,2426346200000000.0,-1544413300000000.0,2123695800000000.0,492215920000000.0,308.10706500000003,0.8482061350000001,0.016092380000000017,1.298335
2017-04-11,48567477285714.29,12039012857142.857,5.2175793666666666,20.972261333333332,1.0907715e+16,5365879000000000.0,2581998600000000.0,-921612480000000.0,1305767050000000.0,237586468571428.56,360.9069528571428,0.7632522514285714,0.22349846857142855,1.4921056571428573
2017-04-12,50704816000000.0,14066115400000.0,5.9092832600000005,19.4434356,-279402276666666.66,2395206665000000.0,2592137760000000.0,-1020849533333333.4,1436228233333333.2,323486008000000.0,394.084526,0.674606994,0.5072506880000001,0.68242562
2017-04-13,61523913000000.0,14606454000000.0,7.56077015,18.5204925,,,2778281200000000.0,,,310330780000000.0,394.18443,0.81375598,0.19205574000000003,0.205657215
2017-04-14,51100640000000.0,15620072000000.0,6.999578,17.754984,,,3258305800000000.0,,,330192660000000.0,394.687165,0.7587824700000001,-0.63750762,1.409420625
2017-04-15,57196066800000.0,15249647800000.0,5.1289219600000004,18.40938,-3694316800000000.0,1.7739649e+16,2840305520000000.0,-24313633333333.332,1231071466666666.8,283859348000000.0,386.31662,0.72177779,0.38237689520000007,1.3432315244
2017-04-16,54779183000000.0,11512962625000.0,,,,,3036090375000000.0,,,207313901250000.0,388.88386375,0.81059320125,-0.15990836812499998,1.1765762025
2017-04-17,52792586500000.0,14087152500000.0,,,,,2992924750000000.0,,,240350135000000.0,414.06282,0.83284445,-0.19742803,1.9897041500000001
2017-04-18,53397935666666.664,15561916333333.334,3.0885012,19.046133666666666,,,3004552466666666.5,,,282463066666666.7,419.78511333333336,0.8011596433333333,-0.41638217666666666,2.3507976
2017-04-19,64684082000000.0,14849113500000.0,2.4651935,20.6081875,-1.26973987e+16,7.5684699e+16,2962855200000000.0,563150600000000.0,1037893235000000.0,276331217500000.0,425.97176,0.734252975,-0.2802682575,3.045442331
2017-04-20,51648905333333.336,16921197333333.334,3.3771366666666665,18.475922666666666,4867076036666667.0,2604012820000000.0,3770348933333333.5,2665462500000000.0,2165722400000000.0,407388026666666.7,428.60375,0.64496158,0.33117026666666666,1.05148359
2017-04-21,45317463600000.0,11552654400000.0,,,,,2755741400000000.0,,,216031812000000.0,344.51478000000003,0.8784187299999999,-0.026540523999999992,3.04406181
2017-04-22,62123010000000.0,14640173000000.0,3.97573345,20.0395345,,,3355905050000000.0,,,311234550000000.0,409.72913,0.73302701,-0.013345942499999996,0.135552502
2017-04-23,54060417333333.336,16289395333333.334,3.0818622,20.160099,,,3076563866666666.5,,,370306533333333.3,401.6517866666666,0.70949279,-0.15052669333333332,0.8004771866666666
2017-04-24,55752696500000.0,15339149000000.0,5.3577519,18.218637333333334,1.0126677e+16,4318025800000000.0,3599844375000000.0,2183822300000000.0,1367123250000000.0,280831982500000.0,416.58747,0.705587055,0.094269909925,0.13357184075
2017-04-25,50672666666666.664,14580729666666.666,,,,,3861414800000000.0,,,296321433333333.3,379.59747999999996,0.7888280133333333,0.2113765333333333,0.2813810433333333
2017-04-26,40752052250000.0,12636201750000.0,,,,,3492596550000000.0,,,240731995000000.0,376.1736825,1.21993119,-0.1610347875,2.087030875
2017-04-27,41530871333333.336,14037183333333.334,,,,,3687993833333333.5,,,264833710000000.0,368.84069666666664,1.4580176,-0.3292265813333333,50.54671727666667
2017-04-28,43119568333333.336,14040655666666.666,,,4556881733333333.0,2197060766666666.8,3245528483333333.5,-628199396666666.6,1054718186666666.6,278453485000000.0,365.26458333333335,1.0396153233333332,-0.09562638566666666,2.333833354333333
2017-04-29,41958282500000.0,13898318500000.0,,,,,3495568500000000.0,,,261568255000000.0,353.09549000000004,0.72973515,-0.12438137499999999,0.68720714
2017-04-30,51460319000000.0,14571829500000.0,6.206321,19.397753,,,4204019150000000.0,,,261131750000000.0,366.808675,0.7452634499999999,-0.5560154500000001,5.28616275
2017-05-01,51413942750000.0,12736218375000.0,9.067982666666667,20.946725666666666,-3204297220000000.0,1.2524278593333334e+16,3646829300000000.0,992417493333333.4,1293689533333333.2,244696872500000.0,386.24887375,0.72598277625,0.08129421625,9.902733633750001
2017-05-02,47459766250000.0,15528240750000.0,10.256132333333333,15.079928333333333,794258900000000.0,2748346000000000.0,3711018350000000.0,883928750000000.0,1119747300000000.0,350646172500000.0,374.63890000000004,0.7325450625000001,-0.19389284125,0.8991557075000001
2017-05-03,50368558500000.0,19361200500000.0,,,-7927459500000000.0,8321710500000000.0,3441997800000000.0,-184410200000000.0,2196216600000000.0,512486500000000.0,340.82781,0.806056365,-0.11534358000000003,1.092330635
2017-05-04,51800840000000.0,17190554666666.666,12.7781535,18.849167,1.0595898333333334e+16,4766818433333333.0,3382281633333333.5,686257860000000.0,1812708800000000.0,469343210000000.0,343.12166,0.7904715866666666,-0.48577909666666663,4.846326833333333
2017-05-05,41166535400000.0,14015283400000.0,,,7609883500000000.0,7863998650000000.0,3476043680000000.0,-419384110000000.0,1238795850000000.0,274608816000000.0,364.450148,0.899064694,0.138782468,0.765973886
2017-05-06,36445516333333.336,15536595000000.0,18.560952833333335,17.713031333333333,4205060516666666.5,4651783816666667.0,4112482283333333.5,2042761035000000.0,1771447500000000.0,392652956666666.7,355.26366,0.708899975,-0.5570273283333333,1.5271248999999998
2017-05-07,46052116200000.0,14919716200000.0,,,-419204150000000.0,1999916850000000.0,3414077720000000.0,-273019049300000.0,885100200000000.0,265618360000000.0,360.655886,0.940821612,0.0368058004,0.1146321048
2017-05-08,44821836333333.336,17489300000000.0,,,-1.1819046e+16,1.4707947e+16,3801839800000000.0,,,382211026666666.7,373.2391,0.78169565,-0.03440556966666667,0.15386244200000002
2017-05-09,58762586500000.0,15044914000000.0,,,,,4340984850000000.0,,,302360110000000.0,432.82135,0.76349815,-0.571471945,1.0629975
2017-05-10,52955276428571.43,13226621714285.715,3.92046128,19.134572600000002,7503072500000000.0,3590578200000000.0,4144050814285714.5,1401441850000000.0,1313751450000000.0,266137414285714.28,434.9346985714286,0.7075281314285714,-0.1697737414285714,1.0113752685714286
2017-05-11,54069005833333.336,13483992000000.0,3.645492733333333,18.835720166666665,-9081656200000000.0,4.56154073e+16,4211903283333333.5,998639090000000.0,1090518635000000.0,278081778333333.34,423.0517033333333,0.7023751266666666,-0.442996645,1.7712654916666668
2017-05-12,33963370500000.0,20368530000000.0,7.4761412,16.9453915,-240329500000000.0,1.16807485e+16,4187040400000000.0,769345250000000.0,1912707300000000.0,632517550000000.0,375.680345,0.819821465,-0.0005273749999999966,1.5226265
2017-05-13,45583378500000.0,20402857500000.0,9.0429075,17.524012499999998,4802210200000000.0,5312007500000000.0,4243882200000000.0,1247708667000000.0,2368149500000000.0,538883125000000.0,356.586805,0.82302402,-0.14584809275000002,39.1754646179
2017-05-14,30918667200000.0,18846918400000.0,12.696189,17.5006262,1.13153112e+16,5339945180000000.0,4594680200000000.0,1929015586000000.0,1965488900000000.0,514007014000000.0,350.310686,0.7883766,0.029841560000000024,0.965569054
2017-05-15,35140286375000.0,14359823750000.0,15.008445,20.763801333333333,862572386000000.0,1697428530000000.0,3844901112500000.0,,,296573278750000.0,342.42002625,0.83614072625,-0.13939948637500002,0.6944038164999999
2017-05-16,42080397500000.0,19661307500000.0,9.5414395,15.431327,-2519474700000000.0,3117753400000000.0,4246941650000000.0,655805060000000.0,1827512350000000.0,567697635000000.0,359.409065,0.739837385,0.50106605,0.5137266
2017-05-17,52013217500000.0,18813066000000.0,,,-8703030000000000.0,4.0804815e+16,4318140650000000.0,1176562750000000.0,2678964800000000.0,526560385000000.0,350.094875,0.8053046500000001,-0.9246811850000001,1.49041495
2017-05-18,50198433250000.0,15404645500000.0,18.303919999999998,17.690801999999998,7758686500000000.0,3131062300000000.0,3575626750000000.0,-871471100000000.0,1070415400000000.0,299910487500000.0,338.8067775,0.86183824,-0.08337302999999999,0.49702212
2017-05-19,40808916666666.664,17196722000000.0,17.776013000000003,19.560485666666665,1511099700000000.0,971717760000000.0,3978459933333333.5,,,360228296666666.7,323.93064,0.8439497666666668,0.062226700999999995,2.3344126
2017-05-20,28589370125000.0,15614396125000.0,21.163445000000003,19.8043072,4630498362500000.0,8633136125000000.0,4154849537500000.0,1677551087500000.0,2012379975000000.0,384453965000000.0,333.37130625,0.72828805625,-0.08706195306249999,1.017901324125
2017-05-21,39440762000000.0,16380487333333.334,22.140144000000003,17.374470666666667,-6108625500000000.0,2.28440135e+16,3978833433333333.5,,,411741466666666.7,324.14232,0.8538180433333333,-0.03702008600000001,0.6115398433333333
2017-05-22,49038225000000.0,15346895000000.0,,,,,3706657050000000.0,,,317768660000000.0,322.1223,0.93689457,-0.068671478,1.009817775
2017-05-23,42447816750000.0,21474934500000.0,10.3488015,16.48576925,-7978285575000000.0,1.89017259e+16,4361635750000000.0,2714213225000000.0,2402956725000000.0,640105952500000.0,347.66225,0.776933295,-0.3679920065,0.6573935925000001
2017-05-24,57653758500000.0,16868671500000.0,14.220674,18.123962,-2.227309e+16,3.0704964e+16,4659304650000000.0,,,364293425000000.0,362.56799,0.7339746199999999,0.23026089,2.0849316
2017-05-25,38569613000000.0,15912027600000.0,13.8747406,16.84228,1480489480000000.0,4373928040000000.0,4893413420000000.0,3210798600000000.0,2162091100000000.0,397782140000000.0,364.82364,0.6390800600000001,0.9989184479999998,0.5975693200000001
2017-05-26,46678872500000.0,14526124000000.0,,,,,4254790600000000.0,,,313706205000000.0,363.47277499999996,0.9445695249999999,-0.27365068000000004,0.646716285
2017-05-27,31405002600000.0,21412913200000.0,13.933777666666666,17.281227666666666,4204610160000000.0,8343483180000000.0,4306668140000000.0,1561413008000000.0,2157775240000000.0,582862806000000.0,324.457744,0.902200298,-0.06189552400000005,1.04199236
2017-05-28,34710120000000.0,19809934666666.668,20.620472666666668,18.172365666666668,69326566666666.664,6044121633333333.0,3819530166666666.5,165888586666666.66,2231299466666666.8,553946786666666.7,299.0211266666667,0.9060182000000001,-0.9832223466666666,0.9521242633333333
2017-05-29,29694982000000.0,16413706000000.0,18.958315000000002,18.92813,1.62089618e+16,4369448000000000.0,3738849866666666.5,,,397273146666666.7,319.44095666666664,0.7726860333333333,0.3737238266666667,3.6818642999999995
2017-05-30,36084224666666.664,14876987666666.666,14.954277199999998,16.7697824,1.03454889e+16,5714625850000000.0,4001102183333333.5,508504855000000.0,1592221350000000.0,348021600000000.0,319.26539833333334,0.7819255816666667,-0.4598798083333333,2.409187466666667
2017-05-31,49480890400000.0,14968842000000.0,18.300051666666665,17.43561933333333,3524657200000000.0,2238606200000000.0,3750370380000000.0,-163082716666666.66,1046325920000000.0,290740692000000.0,347.897222,0.821154774,0.040636401999999995,0.410409154
2017-06-01,44577015000000.0,15623570333333.334,15.03680825,16.065372,,,4134019200000000.0,,,356846966666666.7,361.8491633333333,0.8595759800000001,-0.2919650346666667,0.37826051833333335
2017-06-02,45935655000000.0,15124727500000.0,,,,,3912233500000000.0,,,301853225000000.0,336.54483,1.0239046,-0.15663874,0.50459795
2017-06-03,29568337166666.668,16587303833333.334,7.361872333333333,17.8939955,2231088550000000.0,1255730971666666.8,4490603933333333.5,1156798787500000.0,1633424425000000.0,476759130000000.0,341.1530916666667,0.7375565833333333,-0.512838775,1.3346507366666664
2017-06-04,34154821444444.445,15445046555555.555,16.888323,21.173717,7323094316666667.0,3608425750000000.0,3879677455555555.5,322043760000000.0,1236060632500000.0,323279674444444.44,324.4432688888889,0.8268581733333333,-0.09867346555555555,1.347771938888889
2017-06-05,43950846750000.0,15165064250000.0,12.1464555,15.038224,9562823500000000.0,3515092150000000.0,3860448200000000.0,-744136370000000.0,916028445000000.0,296200735000000.0,346.9599025,0.741664365,0.09038926275,0.20950939925
2017-06-06,11314717270000.0,21934232000000.0,11.806683,16.586719,1.39728455e+16,1.38304235e+16,4621763700000000.0,1910359150000000.0,2204097150000000.0,670815700000000.0,347.15344,0.8695957000000001,0.25428985000000004,0.9538917499999999
2017-06-07,29449485666666.668,14755444000000.0,,,,,3708740433333333.5,,,297820513333333.3,334.95481333333333,1.3538936333333333,-0.111642331,0.6980169899999998
2017-06-08,35355659571428.57,15956988285714.285,7.914477,18.571512,4554236680000000.0,2182100367500000.0,4529698628571429.0,1351234200000000.0,1437960950000000.0,346634841428571.44,356.9894871428572,0.7466092671428571,0.22625562962857143,0.5901934397142857
2017-06-09,35300954000000.0,15503709333333.334,13.911952833333332,18.826213499999998,1386562716666666.8,3543306000000000.0,4375016383333333.5,1002281285000000.0,1151771270000000.0,365337058333333.3,353.36851,0.7438619183333333,-0.23302689499999998,0.7855582766666668
2017-06-10,23086035000000.0,17968637000000.0,15.61614,18.144334,1.6162473e+16,5540949350000000.0,4115384333333333.5,,,418256810000000.0,336.56647333333336,0.8105777,-0.4379320533333333,0.7989938233333334
2017-06-11,40802619666666.664,14685354666666.666,,,,,3581424666666666.5,,,299596023333333.3,314.87831,1.3974408666666667,0.3950532133333334,0.32305120000000004
2017-06-12,38855037200000.0,16174896800000.0,,,763135200000000.0,4811264333333333.0,3694748780000000.0,-686108693333333.4,1090938950000000.0,307804940000000.0,310.10437,1.0059926000000001,0.5182448159999999,0.525001624
2017-06-13,43291642000000.0,13547851375000.0,11.5650695,18.67109,,,4248939000000000.0,,,245121982500000.0,359.992925,0.76362720625,0.15529000425,0.40091591875
2017-06-14,47826850000000.0,14851302000000.0,,,,,4149034200000000.0,,,291367230000000.0,353.91344,0.7927242999999999,0.27898429999999996,0.30131874999999997
2017-06-15,28059478666666.668,21846245666666.668,14.821341666666667,16.934462999999997,1.5114716166666666e+16,5076091646666667.0,4384368633333333.5,885581650000000.0,1931635700000000.0,631425400000000.0,364.39425666666665,0.8482114466666667,0.3422773066666667,1.1212660666666665
2017-06-16,40401030000000.0,19322645250000.0,12.040739375,17.466155999999998,2594554450000000.0,4644472450000000.0,4473390550000000.0,1580023980000000.0,1617502750000000.0,505813520000000.0,325.467085,0.838481715,-0.1521611725,0.770046825
2017-06-17,22835460000000.0,18011627333333.332,20.01125,19.139097,1.85761023e+16,4912096793333333.0,4950343366666667.0,,,477002010000000.0,334.56674333333336,0.7971569666666666,-0.5237012633333332,0.8087805299999999
2017-06-18,24945616425000.0,15246030250000.0,16.63366075,19.6395195,1.0247285325e+16,4545711000000000.0,4087939837500000.0,2246155000000000.0,1952323600000000.0,387569732500000.0,324.12887375,0.73292545875,-0.08430727512500001,0.8209418574999999
2017-06-19,23404466666666.668,19088712333333.332,21.551417999999998,16.648447333333333,4661095846666667.0,2474361666666666.5,3860343100000000.0,-346215280000000.0,1742653300000000.0,540452110000000.0,318.2448733333333,0.8863833333333333,-0.11351699,0.90720748
2017-06-20,37045785000000.0,17746287500000.0,19.825592,16.932878,,,4043821200000000.0,,,406525060000000.0,315.857495,0.8792421500000001,0.592586425,0.50221176
2017-06-21,32856267600000.0,14789804680000.0,7.048773,18.991796,3276456050000000.0,1594164800000000.0,5015539880000000.0,1674501600000000.0,1199460400000000.0,338556302000000.0,370.335236,1.34489481,1.3138143680000003,1.9049432400000001
2017-06-22,37460696000000.0,15720143500000.0,,,,,3904913400000000.0,,,319576925000000.0,343.574005,0.776390675,-0.26005675,0.8956972
2017-06-23,39976676333333.336,12662754000000.0,,,,,3911501783333333.5,,,277347020000000.0,340.71921333333336,0.9600089683333334,0.11972498166666667,0.39275898333333337
2017-06-24,45629415333333.336,14281481000000.0,,,,,4000341666666666.5,,,290902093333333.3,344.76767333333333,0.9864713666666667,-0.18860940266666668,0.4249969966666667
2017-06-25,32668384250000.0,18125709000000.0,11.7720535,16.68244475,-733948250000000.0,3514997950000000.0,4020754450000000.0,-161129490000000.0,1075917550000000.0,361771177500000.0,333.4451125,0.87830679,0.29318500324999996,0.469550815
2017-06-26,30285385000000.0,9414707616666.666,,,,,5047225666666667.0,,,270002526666666.66,333.62404833333335,2.2158054983333333,4.5895938633333335,2.243453735
2017-06-27,35447717500000.0,14543740500000.0,,,,,4027962850000000.0,,,297632745000000.0,335.12314,0.9497537,-0.23355072,0.81082603
2017-06-28,41086704428571.43,15062416428571.428,16.512093,19.72253,-1096203035714285.8,6656042882857143.0,4091018214285714.5,-126903801000000.0,1430776520000000.0,343061708571428.56,320.71112428571433,0.7441503071428571,-0.6010949128571428,1.209944865714286
2017-06-29,39852283750000.0,14092984750000.0,,,2286044800000000.0,1790806050000000.0,3824280525000000.0,-158801290000000.0,858748600000000.0,268537340000000.0,328.93338,2.5531478525000004,-0.14883102199999998,2.36165555
2017-06-30,37595762000000.0,15481181000000.0,,,,,3829006850000000.0,,,308328275000000.0,323.377215,1.1087335500000002,-0.154366379,0.33988711
2017-07-01,33033242500000.0,16863221000000.0,19.141228,17.5478535,,,4573310950000000.0,,,345245600000000.0,350.864635,0.81314185,-0.22045539,2.89319245
2017-07-02,39992563400000.0,13549649600000.0,,,-663401125000000.0,367385090000000.0,3733237580000000.0,-832123500000000.0,1073636350000000.0,259945622000000.0,341.53959,0.906049292,-0.133767368,0.79060793
2017-07-03,41881525333333.336,13319732333333.334,8.29269955,17.58850775,1988508725000000.0,879957395000000.0,3962260750000000.0,290575240000000.0,871211100000000.0,263723915000000.0,323.9039266666667,0.8482798966666666,0.37892654336666665,0.42958642725
2017-07-04,39242945200000.0,14656793200000.0,12.392348,18.693417,2375848180000000.0,1446686025000000.0,4115951660000000.0,-60331115000000.0,837596800000000.0,281503114000000.0,349.59049999999996,0.9245208659999999,-0.005971997200000002,0.72568517
2017-07-05,30381351333333.332,17367394333333.334,8.680403133333334,17.278634333333333,,,4629640200000000.0,,,401515960000000.0,348.67343,0.8453385166666667,0.007197259999999983,0.5818320533333333
2017-07-06,46620730000000.0,17143687000000.0,14.681386,15.330631,1.6957916e+16,5650996000000000.0,4799792800000000.0,,,363000935000000.0,366.00894,0.71946715,0.325136263,0.42306151999999997
2017-07-07,29472751185714.285,15983190857142.857,10.6373322,19.6951852,1213893671428571.5,3761117914285714.5,4465969214285714.5,747445360000000.0,1423386116666666.8,403695624285714.3,340.3199928571429,0.7380291085714286,0.4630842988571428,0.8173384648571428
2017-07-08,36758965500000.0,16768797500000.0,12.17699475,18.973802499999998,-6965036633333333.0,6092772211666667.0,4305730466666666.5,675924390000000.0,1520966725000000.0,407837810000000.0,347.3362716666666,0.7549024166666666,-0.43518053833333337,0.9121002850000001
2017-07-09,45303113666666.664,15420988000000.0,19.3466595,16.002085,,,4228862233333333.5,,,327947190000000.0,357.68752333333333,0.8022610766666668,-0.37418766000000003,0.9735693166666667
2017-07-10,26072853000000.0,21619409333333.332,14.526389,16.04566966666667,-7810302333333333.0,8449793100000000.0,4105946133333333.5,336247550000000.0,1566047900000000.0,514955820000000.0,308.8823033333333,0.8867590999999999,0.28510456666666667,0.7754181333333333
2017-07-11,26258020400000.0,16382143400000.0,,,1946163866666666.8,5154787033333333.0,4440634220000000.0,-241327587500000.0,1066121150000000.0,347372546000000.0,319.483556,0.877522888,-0.059625265,0.736043014
2017-07-12,33308863000000.0,14710714111111.111,24.282126666666667,15.857384611111112,6852964773333333.0,2545639905500000.0,4422665966666666.5,-150396270000000.0,1076087900000000.0,293901003333333.3,343.1424833333333,0.69673759,-0.59268387,1.3196624355555555
2017-07-13,45427630000000.0,13335936500000.0,,,,,4099203650000000.0,,,269759470000000.0,334.1093,1.96839425,-0.41340368,0.517939745
2017-07-14,35460089500000.0,19423097500000.0,7.42992375,17.8760155,-5999388170000000.0,1.008054384e+16,4728882150000000.0,,,408381395000000.0,338.16552,0.7551739,0.440064765,0.43558884
2017-07-15,25540676200000.0,19870157000000.0,,,-3925102480000000.0,1.428878372e+16,4609569360000000.0,2063372260000000.0,1753908720000000.0,534940152000000.0,346.38426,0.783400238,-0.029819081999999976,1.1411002
2017-07-16,34785016000000.0,16809458500000.0,,,571263400000000.0,5072282150000000.0,4325160500000000.0,,,407890925000000.0,348.49602,0.72948345,0.349190965,1.32369755
2017-07-17,33979768200000.0,12056289900000.0,,,,,3844109840000000.0,,,251507633000000.0,330.09313499999996,0.9876418059999998,0.3190590496,2.5003113389999996
2017-07-18,28143115000000.0,14505307000000.0,11.84315975,18.580840000000002,,,3573054850000000.0,,,340282710000000.0,337.234775,0.85694125,-0.65134042,0.70236082
2017-07-19,29168924000000.0,19087246000000.0,13.238206,16.456462,-1720016700000000.0,1106141450000000.0,3715299900000000.0,,,428973515000000.0,337.29929000000004,0.7966502799999999,-1.1657275,0.83158372
2017-07-20,46002280800000.0,17698745600000.0,14.511196666666669,18.147803333333332,808674250000000.0,6806017125000000.0,4259954280000000.0,959779560000000.0,1190599033333333.2,409235662000000.0,354.371162,0.769346274,-0.13874726800000003,1.1118683059999999
2017-07-21,31074343500000.0,17820203500000.0,14.7558,19.90134,-2693386500000000.0,2589677640000000.0,4472520650000000.0,,,447244420000000.0,322.10011,0.81959912,0.31053885000000003,0.95345335
2017-07-22,24502636450000.0,15032197500000.0,19.71306075,18.73405825,9252792325000000.0,2647177387500000.0,4321230475000000.0,,,347115640000000.0,327.81754,0.70168908,0.7652254125,0.577680125
2017-07-23,9859110000000.0,17146792500000.0,10.802976,19.308472,1.62035795e+16,5900660000000000.0,3882459150000000.0,,,418226500000000.0,312.70415,0.8324040349999999,0.082080394,0.21710293000000003
2017-07-24,41660306000000.0,15170086200000.0,23.864254,18.382576,4790075300000000.0,1869075500000000.0,3768079880000000.0,100879395000000.0,897680220000000.0,288115272000000.0,336.472898,0.8946452,-0.010675147000000013,0.41927948800000003
2017-07-25,36736018333333.336,14705021666666.666,,,,,3873850300000000.0,,,259120986666666.66,300.1418433333333,0.8655882433333333,-0.13718250499999998,1.3420579000000001
2017-07-26,32626814333333.332,13771353000000.0,,,,,4004605666666666.5,,,239301013333333.34,304.0396733333334,0.9157851233333334,0.11557056333333333,0.6246590066666666
2017-07-27,20610178050000.0,15550452833333.334,19.392212166666667,19.495677666666666,1.003350915e+16,3835418850000000.0,4388426633333333.5,784085878000000.0,1461229560000000.0,395578326666666.7,316.47248833333333,0.7274954483333333,0.12323611166666663,5.237201176666667
2017-07-28,35380488000000.0,19704016400000.0,21.526368400000003,17.3654948,2735167400000000.0,4220263040000000.0,4816242780000000.0,1672206100000000.0,1485458020000000.0,498356766000000.0,331.737008,0.8689146219999999,0.3181453428,0.701788466
2017-07-29,39530571500000.0,18990215000000.0,,,,,4582561700000000.0,,,381562220000000.0,326.984435,0.9875393699999999,0.408603382,2.218936525
2017-07-30,29305660000000.0,19778397000000.0,23.049739000000002,18.240446,2.4650182e+16,7461648200000000.0,3116404650000000.0,-1869578370000000.0,1622346850000000.0,496509050000000.0,301.52521,0.868756965,-0.145520865,0.74931851
2017-07-31,35543098200000.0,16257899000000.0,28.330055,20.634815,133473700000000.0,2380990280000000.0,4064051860000000.0,784161366666666.6,1314526600000000.0,378251520000000.0,301.037388,0.81160499,0.092009666,1.098410902
2017-08-01,17029501216666.666,15978121166666.666,22.004405333333334,19.487400333333333,1.6663526083333334e+16,4950535533333333.0,3719588516666666.5,-102825542833333.33,1557302516666666.8,495125528333333.3,296.4219283333333,0.8244542216666666,0.13042022666666664,1.0089901350000001
2017-08-02,35120209400000.0,15961374000000.0,,,1.3201456666666666e+16,4122903920000000.0,4102727820000000.0,1631373850000000.0,1190316920000000.0,349056374000000.0,298.07974,0.92643359,0.17127009359999995,0.638300294
2017-08-03,37990273333333.336,18674731000000.0,,,-677725500000000.0,1.819367625e+16,3277019800000000.0,,,413267236666666.7,289.07849,1.1289774,-0.018904137999999977,0.5295938800000001
2017-08-04,36908953500000.0,18277689500000.0,,,-3013142000000000.0,8.6885351e+16,3446213150000000.0,-1115879355000000.0,1862360950000000.0,450444610000000.0,295.1703,0.914676265,-0.23207983,1.62040455
2017-08-05,30406331000000.0,14151435285714.285,13.961027999999999,19.72347742857143,4453282200000000.0,2031448417500000.0,3925981628571428.5,1016639650000000.0,1443685500000000.0,300837451428571.44,291.82658285714285,0.8106580128571429,0.07260136285714287,0.7625050842857143
2017-08-06,43956637714285.71,13139462714285.715,16.629818,18.569042,7495790500000000.0,2923599850000000.0,3905853600000000.0,-98289815000000.0,857230150000000.0,259744814285714.28,300.12676,0.9551087428571429,0.2827387694285714,0.6075581257142858
2017-08-07,33299873750000.0,16626097000000.0,,,-3.1635694e+16,1.8244404e+18,4027097900000000.0,,,344288640000000.0,303.50467000000003,1.211115775,0.80335519,0.5484696149999999
2017-08-08,22219394900000.0,20777210750000.0,11.807456,17.80518025,1.40414810175e+16,5715697825000000.0,3758681075000000.0,543016870000000.0,2248611650000000.0,677190185000000.0,299.01741749999997,0.9994099,0.079293185,1.827735735
2017-08-09,22455137650000.0,18305496250000.0,10.990812250000001,18.64818725,7441884625000000.0,4810668600000000.0,3676130125000000.0,504825415000000.0,1617876800000000.0,460929127500000.0,280.4546325,0.9212848425,-0.32284387249999996,0.7709778725
2017-08-10,31214808250000.0,13206661250000.0,,,5398929166666667.0,5259901966666667.0,4265365050000000.0,5879682000000000.0,2966700300000000.0,281042993750000.0,291.0173075,1.552656755,-0.50252418875,0.69347069375
2017-08-11,30958030000000.0,15438837000000.0,23.04438,15.606811,1.2249322e+16,4826179600000000.0,4903787600000000.0,,,365060980000000.0,287.88848,0.8905277549999999,0.56409934,0.79524973
2017-08-12,19848931333333.332,21682006000000.0,29.805013000000002,18.437767666666666,2.8462038e+16,1.0158815666666666e+16,4379321466666666.5,2163647133333333.2,1898111300000000.0,569218760000000.0,282.8195866666667,1.0117371666666666,0.19997077999999993,0.8320624833333333
2017-08-13,31600166500000.0,15728292500000.0,,,1.1443527e+16,4820407100000000.0,3946141150000000.0,883120490000000.0,1075191100000000.0,287410530000000.0,291.228705,1.05577716,-0.39618685750000004,0.7063937575
2017-08-14,43007083500000.0,16735013000000.0,9.604025,18.229076,-4971843750000000.0,4.068292735e+16,3817540850000000.0,,,383386870000000.0,305.680635,0.76763955,-0.348688585,1.8610077999999999
2017-08-15,25788957250000.0,14163548750000.0,7.984379675,19.061553875,8634882250000000.0,3852855225000000.0,3579275525000000.0,260756360000000.0,1286736500000000.0,289983370000000.0,294.417725,0.79460453875,0.05910952662499999,0.60253639125
2017-08-16,25048964666666.668,17420614333333.334,15.529961666666665,17.984770666666666,8945239033333333.0,3408080300000000.0,4052958066666666.5,1458936500000000.0,1598789800000000.0,449188633333333.3,298.37831666666665,0.8705759666666667,0.3066351766666667,0.7147677566666667
2017-08-17,21815884000000.0,18398314500000.0,,,4236476600000000.0,2991565800000000.0,3770282600000000.0,,,374239930000000.0,300.24318,0.8932847500000001,0.43059823500000005,0.52952582
2017-08-18,45649915600000.0,16731114200000.0,,,8705709750000000.0,4362668350000000.0,3239312880000000.0,-147372513850000.0,1252082300000000.0,342196792000000.0,293.166104,1.12954336,0.022382049999999997,0.82085972
2017-08-19,33268054500000.0,17410220000000.0,,,5525074350000000.0,3245031000000000.0,3145362150000000.0,-886032368000000.0,2061007550000000.0,456444200000000.0,280.49095,0.908382225,0.011244354999999998,1.6084277
2017-08-20,33095690000000.0,11568952600000.0,,,,,3071677840000000.0,,,209034160000000.0,292.754348,1.49463652,0.09137810199999999,0.369788354
2017-08-21,36367976333333.336,15050666000000.0,,,,,3448278833333333.5,,,277981426666666.66,318.6727766666666,1.1913202,0.19997261166666666,0.46547738333333327
2017-08-22,36670458000000.0,17019218333333.334,15.332974,17.897209,9829596725000000.0,5303686875000000.0,3610462383333333.5,209392360000000.0,1186457760000000.0,383640223333333.3,335.50395499999996,0.789088355,0.10113490833333334,0.7804209716666667
2017-08-23,37400076000000.0,15165916000000.0,16.0629995,18.4151765,,,3966061500000000.0,,,304897255000000.0,331.20199,0.807309635,0.1596820785,2.6090955399999998
2017-08-24,35291006500000.0,13408284500000.0,,,,,3256407000000000.0,,,208264075000000.0,325.68529,1.3710217,-0.10911726000000001,0.423523015
2017-08-25,34884078875000.0,12527209500000.0,,,8411110956666667.0,3690108693333333.5,3230739250000000.0,-27238460000000.0,1132526000000000.0,227034638750000.0,315.0166175,0.92203298125,0.46706556624999995,0.90444771
2017-08-26,32522653800000.0,15956127200000.0,15.188500199999998,17.6617294,1.2685591233333334e+16,3629142866666666.5,3359479780000000.0,367014845000000.0,950058025000000.0,300974872000000.0,316.89412000000004,0.8157608059999999,0.40029983199999997,1.479887154
2017-08-27,32129807000000.0,17194967000000.0,18.477064,19.942425,,,3165658066666666.5,,,301567123333333.3,281.6736966666667,0.9996598666666667,0.35954153333333333,0.5687215133333333
2017-08-28,31586013500000.0,17323622500000.0,11.9002915,18.6451465,7472564500000000.0,4133472500000000.0,3572527000000000.0,,,343054940000000.0,318.203035,0.7924661,-0.28825906999999995,0.670903375
2017-08-29,38372140666666.664,15628090666666.666,11.370981583333332,20.656080666666668,-6210344216666667.0,1.87880391e+16,3471639250000000.0,832440787500000.0,1505315450000000.0,397311385000000.0,299.129775,0.7765590800000001,-0.09544561351666665,0.5844927423333334
2017-08-30,20966752933333.332,16483811000000.0,17.75891222222222,19.208956222222223,4982897331111111.0,3811958218888889.0,3267038122222222.0,144929110666666.66,1442217255555555.5,461027682222222.25,285.0652855555556,0.8280389622222223,-0.08599408444444445,0.9591338922222222
2017-08-31,29555187000000.0,20447196500000.0,17.32640575,18.54325875,6296940007500000.0,3020776870000000.0,3862505150000000.0,1410322650000000.0,1971202050000000.0,719476300000000.0,289.06609000000003,0.9846000500000001,0.44263391249999995,0.9316389949999999
2017-09-01,36204859000000.0,15099386500000.0,31.207652,19.057515000000002,,,2909675650000000.0,,,287144885000000.0,273.14766,0.9401627850000001,0.13515334,0.27226161
2017-09-02,39374168333333.336,14126900333333.334,,,,,3015087500000000.0,,,264441230000000.0,286.3967666666667,1.2164078999999999,-0.36567727333333333,0.7204352833333333
2017-09-03,34750149666666.668,12435510333333.334,,,1.1434969e+16,4417023000000000.0,3129858000000000.0,136499540000000.0,1090172400000000.0,210759768333333.34,297.051555,1.4065295566666667,0.027495877499999998,0.517601815
2017-09-04,32260908200000.0,13791719400000.0,24.920727666666664,19.170225333333335,1.55236345e+16,6000158500000000.0,3541779220000000.0,1195358370000000.0,1025485950000000.0,267900870000000.0,298.565752,0.8460603240000001,0.47766350879999997,0.78785192
2017-09-05,46290399000000.0,13737954000000.0,,,,,2790766933333333.5,,,233900983333333.34,294.73442666666665,1.0716955,-0.017629328666666663,0.28412179099999996
2017-09-06,49845579333333.336,13203939666666.666,,,,,3053876866666666.5,,,233324780000000.0,297.94189,0.8048293866666666,0.016853710000000004,0.38234338
2017-09-07,39761395200000.0,15335727200000.0,13.045441499999999,19.0266875,-1700432067000000.0,1491021657500000.0,3187021280000000.0,439331130000000.0,1018730400000000.0,261545300000000.0,288.35739,0.8964202,-0.2796901492,0.9655917200000002
2017-09-08,37819862555555.555,13971020888888.889,14.272242777777778,19.42383577777778,4142445166666666.5,1.2692885666666666e+16,3499642911111111.0,1634305300000000.0,1800149400000000.0,277571744444444.44,306.48845,0.7934962844444444,0.43968440261111114,0.6423860433333333
2017-09-09,21074001500000.0,15078461500000.0,,,2.4043908e+16,9018283000000000.0,3058448750000000.0,,,307489680000000.0,274.00909,0.9914214,0.54093953,0.54417712
2017-09-10,30591512000000.0,14910348333333.334,,,,,3084889400000000.0,,,263454063333333.34,277.84694333333334,1.121557,-0.22293260999999998,0.5572998333333333
2017-09-11,42097364200000.0,14395900400000.0,,,429899000000000.0,5451537500000000.0,3114377880000000.0,742454950000000.0,896664975000000.0,247978990000000.0,300.12404000000004,1.0451276,0.020999348,0.6013026
2017-09-12,34819398500000.0,16777574000000.0,30.068723,20.6639955,5993528400000000.0,3804786050000000.0,3080871650000000.0,656954700000000.0,2113313300000000.0,358257115000000.0,292.75325,0.85173708,0.225095705,0.9170346500000001
2017-09-13,34906325000000.0,12104725000000.0,19.057188500000002,21.317915,,,3317471516666666.5,,,220804356666666.66,300.7941983333333,0.8047951716666667,-0.16559459083333333,0.6124123783333334
2017-09-14,42112716500000.0,13765333500000.0,,,,,3314770900000000.0,,,266306810000000.0,298.05645,1.5122667,0.1234657565,0.3250862
2017-09-15,48462157250000.0,14085334000000.0,14.959696,19.548899,9567516000000000.0,4975392000000000.0,3778224450000000.0,3152527000000000.0,1381120000000000.0,236652237500000.0,330.972485,0.806058905,0.22855748875,0.38965129249999997
2017-09-16,41564049200000.0,17942609000000.0,,,-7059129605000000.0,5.22376713875e+16,3251736100000000.0,1595869225000000.0,1884548850000000.0,471291004000000.0,295.187492,1.025701262,0.14285632599999998,1.7354317959999999
2017-09-17,38117314666666.664,12401889333333.334,,,,,2925582200000000.0,,,236625923333333.34,286.65216000000004,1.2359386333333333,0.07338175433333333,0.4967176633333333
2017-09-18,44836643142857.14,11089848571428.572,15.982772,22.681765,987038800000000.0,697104260000000.0,3795000914285714.5,2988514200000000.0,1522865600000000.0,198170005714285.72,323.5336857142857,0.7919020628571428,-0.07850784285714285,1.158817577142857
2017-09-19,24301972500000.0,15850867500000.0,12.2348,20.026716,,,3389604950000000.0,,,258213065000000.0,325.02679,0.888256575,1.0906151,0.60899822
2017-09-20,39158914000000.0,14931639600000.0,,,1.3671833e+16,5505098500000000.0,2834414800000000.0,86194702000000.0,788669500000000.0,244612796000000.0,310.298498,0.865921434,0.31947983199999996,0.8368145379999999
2017-09-21,42504995333333.336,12172353666666.666,,,,,2890379766666666.5,,,189894220000000.0,310.01126,1.8346248333333335,0.24085207666666664,0.4690421066666666
2017-09-22,30349127500000.0,14506054000000.0,29.743082,20.911856,3.49249e+16,1.05278955e+16,3157076350000000.0,2419610900000000.0,1878014450000000.0,324589285000000.0,286.64421,0.8378914,-0.43263422500000004,2.3193667000000002
2017-09-23,24404083000000.0,14181641875000.0,20.537788428571428,22.84926957142857,1.9348349e+16,7851310487500000.0,2944891687500000.0,803508119250000.0,1548625362500000.0,310926552500000.0,280.3401975,0.7547796250000001,-0.19740626625000002,2.904736830625
2017-09-24,22586487500000.0,20210117000000.0,11.657634,20.3479195,6158776325000000.0,1.299441175e+16,3395100675000000.0,1765211935000000.0,1539562350000000.0,483612620000000.0,278.5301725,0.9924046625,1.286383089,0.7656587375
2017-09-25,54791137000000.0,20265825000000.0,16.847795,22.274324,-7511373000000000.0,5.34371938e+17,3417201450000000.0,2525358620000000.0,1742464000000000.0,433521500000000.0,287.04724999999996,0.9782185,-0.99945851,1.2577057
2017-09-26,40532939000000.0,18472913000000.0,,,-5168388570000000.0,2.534490095e+16,2459720600000000.0,-374546255000000.0,1610592650000000.0,434154050000000.0,289.67686000000003,0.9193477,-0.94389235,1.416685
2017-09-27,34336837333333.332,15443853333333.334,15.194466499999999,22.618619,9140305000000000.0,7912947350000000.0,2712936700000000.0,439072916666666.7,1462910483333333.2,330444343333333.3,288.30736333333334,0.7698176016666666,0.4797520183333333,0.9219776816666667
2017-09-28,42584848111111.11,14104213666666.666,14.109011666666667,18.51971877777778,-6061554800000000.0,1.3710794071428572e+16,2647335088888889.0,501063273333333.3,1000836440000000.0,262753455555555.56,290.59408444444443,0.7665171599999999,-0.2387727354444445,0.9497035022222222
2017-09-29,40298737333333.336,20602918000000.0,12.381653,20.760594666666666,790264400000000.0,1.9750388e+16,3343993000000000.0,2086567300000000.0,1556847466666666.8,490879056666666.7,293.4045433333333,0.9174998533333333,0.7181713776666667,1.4231671333333333
2017-09-30,38372057000000.0,17871490666666.668,8.193901666666667,19.854629,-5524225000000000.0,1.1168835e+16,2330823666666666.5,174677610000000.0,1463415300000000.0,357672483333333.3,292.29522000000003,0.8758069133333333,-1.0079649734666667,0.6848165143333333
2017-10-01,43436147000000.0,13429549500000.0,,,,,2188993050000000.0,,,219389450000000.0,266.95752,0.87985751,0.007396474999999986,0.535315515
2017-10-02,39964206428571.43,12951923714285.715,10.552083642857143,19.264588714285715,-6031638900000000.0,1.869617575e+16,2424285414285714.5,-2099702850000000.0,1197473800000000.0,223779772857142.84,283.00735285714285,0.7690194142857143,0.5972478278571429,0.6649473328571428
2017-10-03,38996041600000.0,11487219600000.0,,,-1433708430000000.0,2105268255000000.0,2335049260000000.0,-427685231500000.0,832310600000000.0,178182744000000.0,267.476092,1.5393420880000002,-0.1119357712,0.64327505
2017-10-04,35690837333333.336,12658337000000.0,,,,,2256774100000000.0,,,217093196666666.66,309.23279333333335,0.9051579133333334,-0.09141705666666666,1.9700440333333333
2017-10-05,54410920333333.336,16132484000000.0,11.797239333333332,19.916128,,,2825732900000000.0,,,279107070000000.0,329.24241333333333,0.7613349166666666,-0.39015002666666665,1.5409776133333335
2017-10-06,51359646600000.0,14848163800000.0,12.056426,21.2578248,-541722666666666.7,2.2115668566666668e+16,2832240400000000.0,1375719066666666.8,1180185883333333.2,254408112000000.0,339.068318,0.7314320280000001,0.173428712,1.1903405
2017-10-07,47037499750000.0,12148970500000.0,11.125387125,21.479644125,,,2447470337500000.0,,,207281437500000.0,323.84694875,0.7712128,-0.181119825,0.9228216225
2017-10-08,43331650500000.0,11582191500000.0,,,,,2471456300000000.0,,,188429455000000.0,314.24036,1.3301611,-0.33733388999999997,0.46753138
2017-10-09,56709054000000.0,13550638000000.0,13.586039,18.726448,,,3133763300000000.0,,,233628835000000.0,314.55284,0.7289559999999999,0.02428298,0.253784425
2017-10-10,59933115000000.0,13370878000000.0,12.0269885,20.433199000000002,2416307850000000.0,3058994200000000.0,2837343975000000.0,1857809450000000.0,1083699470000000.0,217011640000000.0,323.6114725,0.766765025,0.654630385,0.7754634
2017-10-11,48596860000000.0,12027251000000.0,,,,,3370874066666666.5,,,205356843333333.34,319.84568333333334,0.9222218999999999,0.01885230666666667,0.6932824566666667
2017-10-12,39203416166666.664,10875192500000.0,,,,,2713438300000000.0,,,178649766666666.66,291.93084,0.9135783066666666,0.4882890993333333,0.68148456
2017-10-13,41404827666666.664,12189304000000.0,,,,,2901801400000000.0,,,193573876666666.66,327.35384,0.7979345499999999,-0.15210250333333333,0.5571401333333333
2017-10-14,38802379333333.336,12704458666666.666,,,2874782100000000.0,2390161400000000.0,2209317033333333.2,702215140000000.0,861295300000000.0,215140980000000.0,263.8041733333333,1.0886438666666667,-0.10973043333333334,5.783079023333333
2017-10-15,54432250250000.0,14559132000000.0,,,-1.04008664e+16,9945937050000000.0,2275112550000000.0,68274650000000.0,992434150000000.0,264416877500000.0,263.7055325,1.0094119099999999,-0.50804668,0.9181710150000001
2017-10-16,36424480000000.0,11313747500000.0,,,,,2061402500000000.0,,,207992540000000.0,255.4735,0.82000885,0.62132403,0.66908225
2017-10-17,37785959800000.0,10879407800000.0,25.244766,22.26672,3.6672797e+16,1.0202622e+16,2153956980000000.0,-522341000000000.0,1322850900000000.0,175519100000000.0,260.180926,0.9121255720000001,0.0695877048,1.420422946
2017-10-18,54372500000000.0,14512422000000.0,18.284336,20.314656,,,2479970450000000.0,,,266096460000000.0,266.49917500000004,0.8454592700000001,0.8905844180000001,1.38073698
2017-10-19,46804211400000.0,16816132200000.0,9.8391855,21.9659005,-1891896920000000.0,1.351518234e+16,2519812580000000.0,1154577836750000.0,1350048440000000.0,355487368000000.0,285.06927800000005,0.911138768,-0.785682268,1.30199742
2017-10-20,52349126500000.0,17561062000000.0,8.46505,24.447987,-1.08904e+16,1.812147825e+16,1784725250000000.0,-1592756880000000.0,2017266550000000.0,412839860000000.0,308.9706,0.8287420999999999,-1.04246485,1.61991695
2017-10-21,44713283000000.0,11013161500000.0,,,,,1988396250000000.0,,,184597090000000.0,308.43003999999996,1.3878108500000002,-0.24732076999999997,0.740725995
2017-10-22,44772098444444.445,10533650222222.223,5.045472366666666,17.845001666666665,,,1906971655555555.5,447742680000000.0,1491148566666666.8,182015462222222.22,295.95398666666665,0.794591181111111,0.1864555563333333,0.885684598888889
2017-10-23,45490046200000.0,13017661200000.0,6.66439935,22.0953295,3903089366666666.5,2863504300000000.0,2338826640000000.0,1573083166666666.8,1117605633333333.4,218156952000000.0,303.682546,0.8751206100000001,-0.87285681,1.115343206
2017-10-24,21003783500000.0,19672916500000.0,5.94801265,23.943724000000003,-910840000000000.0,3.4741819e+16,1327125750000000.0,-2343546800000000.0,2102855050000000.0,446361740000000.0,308.041045,0.9163262999999999,0.4476580499999999,1.5200282
2017-10-25,39871561000000.0,12855596000000.0,,,,,1926337600000000.0,,,207144145000000.0,278.76781000000005,1.21568145,0.829743475,0.812187105
2017-10-26,50393832833333.336,10752305500000.0,10.6880479,23.654904000000002,,,1813854816666666.8,800410150000000.0,1395732450000000.0,191874740000000.0,297.58491499999997,0.92285065,-0.332076265,1.24552725
2017-10-27,51221486000000.0,11078059750000.0,11.235388,24.26107625,-5949910850000000.0,2.1068109e+16,1694558962500000.0,989683570000000.0,1093197200000000.0,175776182500000.0,300.91558875,0.91563223,0.48587464125,1.05567189375
2017-10-28,39133247000000.0,12225228333333.334,,,-635893660000000.0,802130640000000.0,1135526300000000.0,-1781355000000000.0,1042018100000000.0,189222943333333.34,273.5807066666667,1.3472478233333334,0.8226688833333333,0.7508317566666666
2017-10-29,46221548333333.336,12520648666666.666,,,,,1813075066666666.8,,,197163356666666.66,329.60274333333336,1.4876939,0.23048774333333333,0.7377621233333334
2017-10-30,63377221500000.0,11580063500000.0,,,,,2091478400000000.0,,,196332995000000.0,369.90626,0.9073905,0.08203420000000006,0.9744759000000001
2017-10-31,51272528428571.43,12120245000000.0,4.922932642857142,24.164064571428572,-9509277000000000.0,2.3197696e+16,1555583828571428.5,-947062620000000.0,1486304500000000.0,203622232857142.84,341.8294085714286,0.8552193842857143,0.09924149714285711,1.6194848714285714
2017-11-01,51928966000000.0,10659874000000.0,,,-2332674300000000.0,2678980500000000.0,1532075780000000.0,-630415260000000.0,1131256200000000.0,178616208000000.0,307.401254,0.9755086179999999,0.274892661,1.10724728
2017-11-02,54555204333333.336,10821411666666.666,,,,,1655146966666666.8,,,179121823333333.34,287.8551933333334,1.8541110333333333,0.36133437333333335,0.7624888100000001
2017-11-03,46999295666666.664,11924142333333.334,12.307001,22.252033,,,1882815900000000.0,,,214990213333333.34,255.99835999999996,1.0142752333333334,-0.3546917733333333,0.7738763866666667
2017-11-04,50397935000000.0,11455927600000.0,7.5513620999999995,24.86214766666667,,,1786298280000000.0,-295853300000000.0,1392758800000000.0,191226500000000.0,285.75402599999995,0.9903961779999999,-0.13692187999999997,1.4037226999999999
2017-11-05,29058523714285.715,12096717571428.572,14.328032,28.545801,,,2265042614285714.5,4736848200000000.0,2899648150000000.0,225311212857142.84,309.87562285714284,1.09690237,0.09444676142857146,1.7834910857142856
2017-11-06,38871480000000.0,10842555000000.0,17.205332,21.92288,,,2151361750000000.0,,,194747180000000.0,296.139235,0.98388415,-0.03787174999999998,1.0406341
2017-11-07,46054186666666.664,11651542333333.334,,,,,2548156100000000.0,,,191671126666666.66,306.67335333333335,0.9003113733333333,-0.19194251666666665,0.8943513333333334
2017-11-08,49202060500000.0,12332372750000.0,9.623053333333333,21.394865333333332,,,2352041725000000.0,4291792650000000.0,1954725150000000.0,203617470000000.0,286.10396000000003,1.0094864625,0.01323332499999999,1.3153147600000001
2017-11-09,43406925000000.0,10330440333333.334,,,,,1776948266666666.8,,,176091196666666.66,287.44825,1.1108094333333334,0.5653624899999999,0.9899464166666666
2017-11-10,44024111857142.86,9186884642857.143,,,,,1436573542857142.8,,,149769501428571.44,308.22886857142856,1.2685136000000001,-0.15254374985714286,1.3423492242857142
2017-11-11,53444097500000.0,12177925500000.0,5.4553146,23.196903,,,1643389650000000.0,,,182183995000000.0,332.08587,0.99010595,0.7424702,1.068823575
2017-11-12,56436969250000.0,12540686750000.0,7.1046978,23.996977,,,2607135975000000.0,4938675000000000.0,2243374400000000.0,214015685000000.0,355.26318249999997,1.017111235,0.39730700325,3.739952905
2017-11-13,41843144600000.0,12642190000000.0,,,,,1853879260000000.0,822421200000000.0,1374581300000000.0,208761972000000.0,346.013488,1.4616167,-0.00930089999999999,1.58012182
2017-11-14,50490285000000.0,12384995000000.0,5.577179466666667,23.364495,,,1851981900000000.0,,,212117620000000.0,347.20804,1.0984569000000002,0.7621333333333333,1.8891103333333332
2017-11-15,45736548400000.0,9872611400000.0,7.869168800000001,26.34465,,,1979687080000000.0,549751220000000.0,2109548800000000.0,153568282000000.0,321.69478599999997,1.28195788,0.260640204,1.933110494
2017-11-16,59616637500000.0,13839021500000.0,5.352346,22.073973,,,1264301750000000.0,,,208912675000000.0,337.095915,0.96160818,1.8227792,1.63335065
2017-11-17,39751944800000.0,12335985200000.0,,,,,1449633720000000.0,882612600000000.0,1468332900000000.0,217435696000000.0,315.631482,1.4434173600000002,0.634403746,1.55847608
2017-11-18,39357632500000.0,12358263500000.0,6.13365745,21.0625735,,,1959249300000000.0,,,216044500000000.0,324.54267,1.1221356,-3.7708077500000003,1.9187786500000001
2017-11-19,61392428000000.0,9879576000000.0,,,,,3386021766666666.5,,,187959066666666.66,385.56727,1.4750132666666669,-1.4580808,2.3983554000000002
2017-11-20,56787266250000.0,9927062500000.0,4.948147560000001,30.325185999999995,,,2296098637500000.0,2812603100000000.0,2487946750000000.0,151731750625000.0,395.47497125,1.466712,2.67634071625,2.86263865
2017-11-21,57755279800000.0,14210841000000.0,6.5819377,21.735722199999998,,,1971479580000000.0,2585650500000000.0,1746606250000000.0,214376996000000.0,396.149386,1.05378776,2.9028971,2.2760398200000003
2017-11-22,28125320000000.0,12015171000000.0,4.6069558,21.736849499999998,,,1983854000000000.0,,,196494260000000.0,310.9098,1.1893424,-0.026835058000000002,3.4515960000000003
2017-11-23,42299182500000.0,12699440000000.0,,,,,1881201200000000.0,,,200286545000000.0,314.398695,1.5135470500000001,3.63341784,1.4472819
2017-11-24,37459192571428.57,10157590142857.143,12.781575333333334,27.023449,,,2836884985714285.5,1.0653716333333334e+16,4264172100000000.0,170409351428571.44,299.6287157142857,1.676281557142857,0.07746498071428576,2.9338960285714286
2017-11-25,39263029857142.86,9942880857142.857,,,,,2355843185714285.5,5480628600000000.0,2436338400000000.0,162881597857142.84,298.88774,1.7193658,-0.13740169428571442,2.3451479
2017-11-26,32098190000000.0,10657281000000.0,,,,,1655722866666666.8,2772569000000000.0,1642770500000000.0,174331416666666.66,295.56256333333334,1.7886850333333333,1.2443655233333333,1.3043982333333333
2017-11-27,36049579000000.0,17195558000000.0,,,,,1701221600000000.0,,,282666440000000.0,324.28009,1.3881906000000002,0.36122614000000003,1.11277655
2017-11-28,37529249000000.0,15589578500000.0,,,,,1561359000000000.0,2161155150000000.0,4222821850000000.0,314714655000000.0,291.788775,1.5155264499999999,-2.46508515,4.4734049
2017-11-29,46852056000000.0,9675082857142.857,,,,,1211586214285714.2,,,153900215714285.72,289.7753042857143,2.047839742857143,-0.7109920025714287,2.149720684285714
2017-11-30,45628316833333.336,9994227083333.334,,,,,1380959433333333.2,1826390950000000.0,1723869750000000.0,160936200000000.0,304.3775,1.8952456166666665,0.6377598683333335,2.6849259666666665
2017-12-01,52485984000000.0,11795777000000.0,,,,,2608828666666666.5,,,178856196666666.66,307.73269666666664,1.5407687333333335,-0.9843925666666666,1.5641174666666666
2017-12-02,42405319333333.336,13470617333333.334,8.312723333333333,24.446887333333333,,,1194370890000000.0,,,217797940000000.0,279.97865333333334,1.5074703333333332,-0.09567546666666675,5.962079566666667
2017-12-03,34909249400000.0,15728749600000.0,,,,,1361485380000000.0,,,274244104000000.0,295.031842,1.77888214,1.34552434,5.75953714
2017-12-04,40265061875000.0,9770004625000.0,,,,,1790998862500000.0,,,143431725625000.0,285.26068375,1.9288887000000001,0.99460645625,1.7912224
2017-12-05,43600616000000.0,13211060500000.0,7.08249855,22.140524499999998,,,1396925850000000.0,,,188114965000000.0,321.079975,1.20008685,0.30973735,2.7059211000000003
2017-12-06,35447333333333.336,14595403666666.666,,,,,966311376666666.6,,,216776930000000.0,304.20532333333335,1.6198115333333334,-0.01990563333333334,2.219595366666667
2017-12-07,40893407400000.0,12224178800000.0,,,,,1059778202000000.0,-801030060000000.0,1737008800000000.0,186994212000000.0,294.94626200000005,1.92052628,1.7209507000000002,3.5856047
2017-12-08,37238758333333.336,11925955000000.0,7.9917125,28.523899,,,1257562733333333.2,,,171643383333333.34,269.89601,2.0992456333333336,1.0019479999999998,2.7706964
2017-12-09,47713659000000.0,11763351166666.666,,,,,1688196600000000.0,,,177937331666666.66,370.61640333333327,2.007659633333333,-1.5983601600000004,4.599569866666667
2017-12-10,45628933000000.0,11208020333333.334,4.402309,26.94675,,,1980223800000000.0,,,166470213333333.34,356.42838666666665,1.6000898,2.9751753,1.7523313333333332
2017-12-11,32330300000000.0,11680996333333.334,,,,,2035854733333333.2,6319856500000000.0,2755333000000000.0,186881890000000.0,302.6660933333333,1.8725981999999999,2.5203077433333334,2.2446430466666665
2017-12-12,45885020200000.0,12712028200000.0,,,,,1604045260000000.0,,,204321158000000.0,269.502832,2.41624818,0.023872418000000062,1.41795255
2017-12-13,54245647000000.0,15973371000000.0,4.09877575,32.8736075,,,1124858350000000.0,,,241295960000000.0,289.057935,1.8382787999999999,-8.8523029,8.177398
2017-12-14,43596938400000.0,10781778200000.0,,,,,1219195302000000.0,,,155995022000000.0,296.550082,2.24104744,5.981819140000001,5.82431888
2017-12-15,37926048333333.336,12481236333333.334,5.5569491499999994,27.3077805,,,2504798600000000.0,,,186053006666666.66,343.9361966666667,1.5157847999999998,1.3965278066666666,2.5578811333333333
2017-12-16,44640155400000.0,12413698200000.0,,,,,1856081760000000.0,3986369300000000.0,2106840600000000.0,185214564000000.0,345.794204,1.99733458,-1.18925607,3.62183626
2017-12-17,46522931000000.0,11667858000000.0,5.37190365,26.427185,,,1723472100000000.0,,,177714875000000.0,327.71855,2.13634455,-5.4541273,3.02914035
2017-12-18,57098159000000.0,10767773500000.0,3.30865385,26.8492115,,,1010738220000000.0,,,165357470000000.0,331.31440999999995,2.34560895,1.7253289999999994,4.73222565
2017-12-19,41889225875000.0,10283703375000.0,3.2079999333333333,29.234276333333337,,,894690701250000.0,,,151665847500000.0,332.5220975,2.474597525,3.8647956875,9.3955959625
2017-12-20,53029788000000.0,11638238250000.0,4.929659233333333,25.558313,,,1607285750000000.0,4530606000000000.0,2268971600000000.0,183373592500000.0,332.9908625,1.672278925,0.7416449574999997,8.05775755
2017-12-21,30695481000000.0,11489118000000.0,,,,,835140500000000.0,,,182979410000000.0,287.83225,2.638952,0.814640265,1.05356883
2017-12-22,43644310000000.0,11355213500000.0,7.878208,23.124182,,,1008732650000000.0,,,183593185000000.0,319.605215,2.06294135,1.2315458000000001,3.2384380999999998
2017-12-23,39658228666666.664,11448590000000.0,5.65273765,31.59409075,,,832390391666666.6,,,166564276666666.66,318.84207,2.4368167,3.3326627166666665,6.3037851
2017-12-24,38896583777777.78,12242201888888.889,5.44960285,34.137715,,,623364847777777.8,-1450659060000000.0,2205614475000000.0,178757745555555.56,294.34587444444446,1.9517020555555555,1.1377385222222223,7.076721666666667
2017-12-25,49485997000000.0,12908460666666.666,7.74879,26.581713,,,819921833333333.4,990116800000000.0,1681562100000000.0,180836250000000.0,295.8032333333333,1.7945807666666667,2.1197613333333334,3.154291433333333
2017-12-26,29904401666666.668,11645447666666.666,,,,,792668480000000.0,,,174274146666666.66,263.3378,2.4331909666666665,0.17751575666666666,2.4330803666666667
2017-12-27,54645987000000.0,16597872500000.0,,,,,930132870000000.0,,,248005905000000.0,278.22156,1.9035033,-3.2655969999999996,8.087012
2017-12-28,32093909285714.285,12663322428571.428,,,,,1031651380000000.0,,,212797082857142.84,330.00516857142856,2.1147214,-2.064002114285714,16.988062557142857
2017-12-29,49452798000000.0,9723660833333.334,,,,,1282643983333333.2,1474702350000000.0,1653708050000000.0,140120898333333.33,380.91285999999997,2.4279668,2.593704283333333,12.750672400000001
2017-12-30,40633919000000.0,14763288333333.334,4.486466266666667,27.515583666666668,,,1744601133333333.2,,,256178966666666.66,373.0664566666667,1.4332218333333333,3.6607830133333334,2.4703280833333334
2017-12-31,27210871666666.668,13467734333333.334,9.987147,28.290789500000002,,,2052295966666666.8,,,203548563333333.34,373.86716666666666,1.7086755333333334,1.7004184000000002,3.9636475000000004
2018-01-01,40195494600000.0,11063699000000.0,,,,,1243587160000000.0,,,162872904000000.0,323.26923999999997,2.4529291,6.6041886000000005,57.78230375999999
2018-01-02,30798652750000.0,10802011875000.0,9.29345625,21.912839166666668,,,1873095062500000.0,,,161674828000000.0,360.55348875,1.5334547,1.8552883,5.099025675
2018-01-03,32423390000000.0,10469862000000.0,,,,,1533250850000000.0,,,165608020000000.0,391.94608500000004,1.5421544,-2.57207603,15.07179065
2018-01-04,42085487000000.0,11850120666666.666,8.347590333333335,27.271918999999997,,,2445164966666666.5,,,192030763333333.34,428.31906333333336,1.5401158333333331,5.408536366666667,2.8419511666666666
2018-01-05,54116579200000.0,14843152000000.0,,,,,1349750160000000.0,,,200027966000000.0,405.67994799999997,1.82327142,2.93731878,4.8091788399999995
2018-01-06,39647509333333.336,13717414666666.666,8.272138,29.5115215,,,2129846400000000.0,,,224659020000000.0,399.31156000000004,1.8353264666666667,-4.816283033333334,9.959644333333333
2018-01-07,32019209142857.145,11384508428571.428,3.644755266666667,26.966548,,,1367007142857142.8,,,161011186571428.56,408.18541999999997,1.6855463857142858,10.7678978,6.5699130285714284
2018-01-08,40706953500000.0,12618047000000.0,5.0973735,23.578764,,,1705177950000000.0,,,191646735000000.0,348.40472,1.3089762999999999,4.5004862,2.10224335
2018-01-09,23345010000000.0,12417944666666.666,7.186928933333333,18.626011666666667,,,1401251533333333.2,,,182150400000000.0,318.69302,1.3658274333333333,-0.16380325666666667,0.98013104
2018-01-10,43512158600000.0,16425638400000.0,4.962518633333333,22.888366333333334,,,1483678730000000.0,,,273885934000000.0,346.2976,1.7649670999999998,4.8649949296,4.3721741731999995
2018-01-11,40253249500000.0,11579783000000.0,5.3087326,20.617421999999998,,,1599260600000000.0,,,168992235000000.0,360.487215,1.64815165,8.10245675,4.4266945
2018-01-12,35486872571428.57,9927533857142.857,1.3479714333333332,25.110591666666668,,,1129396891428571.5,,,148646637142857.16,369.1093971428571,1.795985257142857,-0.9507605257142856,14.689741471428572
2018-01-13,33097811666666.668,17444616666666.666,3.2383375,30.1760805,,,1600459266666666.8,1927604613333333.2,2049868966666666.8,312477953333333.3,321.66650666666663,1.5480862000000002,-2.08095761,2.5270003
2018-01-14,42975339800000.0,13240864400000.0,2.5700410000000002,19.622251799999997,,,1453174340000000.0,335617340000000.0,1491313450000000.0,210234194000000.0,352.58101,1.34657208,-0.58386246,11.44566488
2018-01-15,52142099000000.0,15365660500000.0,2.26759865,23.489578,,,1343080770000000.0,,,245741860000000.0,395.27750000000003,1.56909425,12.786938,5.540652
2018-01-16,38738753666666.664,14186398333333.334,,,,,1612441333333333.2,,,281696016666666.7,307.8386533333333,2.033323033333333,-3.2916871000000003,11.916663166666666
2018-01-17,36183731250000.0,9803804250000.0,,,,,2164082712500000.0,,,151992605000000.0,359.94465125,2.2785054875,3.028059925,18.9095273
2018-01-18,55224380800000.0,11455088600000.0,4.533515339999999,27.156809,,,2273511560000000.0,4052776650000000.0,1901917000000000.0,181272212000000.0,449.88185400000003,1.2265529000000002,-1.0668832600000002,13.853796260000001
2018-01-19,53935570000000.0,11314355000000.0,,,,,3351205950000000.0,,,193435790000000.0,374.31931,1.7131319999999999,-0.99852233,1.3191068225
2018-01-20,45044350333333.336,12307165666666.666,5.953531999999999,27.9789545,,,2900633633333333.5,,,197207066666666.66,384.13831,1.4970202666666665,-0.28728079999999984,3.396288366666667
2018-01-21,54275332250000.0,10143129500000.0,2.3792778,32.06409766666667,,,1405227825000000.0,,,164650352500000.0,407.87289,1.7397338,9.698608,4.394582225000001
2018-01-22,49036332166666.664,10322419950000.0,4.162168100000001,19.047939,,,2176114400000000.0,4761762300000000.0,2108587800000000.0,166458768333333.34,401.6294116666666,1.3048503,-1.6686369666666667,11.190284766666666
2018-01-23,44811244000000.0,12472240000000.0,3.31461466,16.426535,,,2623160540000000.0,6810168000000000.0,2664599300000000.0,199820818000000.0,384.769972,1.059128052,0.17741237400000004,3.807056652
2018-01-24,34601864000000.0,10849550500000.0,,,,,1809300050000000.0,,,174182110000000.0,361.66948,2.40558255,0.427381355,0.59287155
2018-01-25,44923127000000.0,11009217000000.0,,,,,2582806000000000.0,,,168635656666666.66,347.8694066666667,1.9673255,1.4768791,1.7538088333333333
2018-01-26,42985495571428.57,10343736857142.857,,,,,1813532257142857.2,5922409000000000.0,2766648000000000.0,161498068571428.56,366.27698571428573,1.9812134571428572,1.1768210714285716,5.886941808571428
2018-01-27,45037469166666.664,10182930666666.666,,,,,2005338066666666.8,2926338350000000.0,1527190050000000.0,153376608500000.0,344.33863,1.748928655,-0.8328242233333333,16.688605211666665
2018-01-28,48117854333333.336,10181659666666.666,,,,,1522117833333333.2,,,161495260000000.0,376.20567,2.6783535,0.4142757666666667,1.82604875
2018-01-29,54097260666666.664,11557707333333.334,,,,,1390240033333333.2,,,184551696666666.66,358.26224666666667,1.3465446333333333,-1.1586659333333333,1.6856593866666667
2018-01-30,48859628000000.0,11602325000000.0,5.9737797,28.763891,,,1463201425000000.0,-230005595000000.0,1315730750000000.0,183846192500000.0,389.3727175,1.301290475,-0.5629050425000001,12.631311775
2018-01-31,51289628375000.0,10366667375000.0,3.5920785571428566,23.675164857142857,,,1050441990000000.0,,,155811207500000.0,360.582795,0.9646515525,0.27315328005,1.7801931738749999
2018-02-01,45438953500000.0,9972555500000.0,,,,,1535515700000000.0,,,171295325000000.0,335.741975,4.9894906500000005,0.84292737,0.57842387
2018-02-02,48246682500000.0,12449946000000.0,,,,,3375736350000000.0,,,200389790000000.0,377.671235,1.001387565,0.6527317000000001,1.5120738500000002
2018-02-03,52038445750000.0,12690881000000.0,5.85430335,21.82530275,,,1777007200000000.0,560090975000000.0,1176499050000000.0,210707230000000.0,393.5023925,1.02117404,-0.8870291475000001,3.7832264749999998
2018-02-04,56991610000000.0,11668041000000.0,3.5641598500000002,23.9404135,,,1572497700000000.0,,,209776335000000.0,341.653125,0.94707833,-4.03094388,48.321839
2018-02-05,56448315625000.0,10793895500000.0,3.4406393875,19.749019750000002,,,1623232375000000.0,-6038957500000000.0,3034331566666666.5,170759802500000.0,368.41375750000003,0.90604602375,-1.42581311175,7.473272806250001
2018-02-06,54570847666666.664,12302292000000.0,5.3608123,21.469074333333335,,,2083014566666666.8,,,182010733333333.34,399.5259066666667,0.7885177666666667,2.1996755333333335,0.9802817533333332
2018-02-07,55752131000000.0,14800141000000.0,3.7455545,16.606381,,,3039131000000000.0,6092943700000000.0,2714387400000000.0,264693005000000.0,410.030735,0.8031797350000001,0.046112299999999995,2.549685
2018-02-08,37841245250000.0,11687112500000.0,7.56943885,26.7782155,,,2120777025000000.0,2465685650000000.0,1310326050000000.0,193704925000000.0,419.2013725,0.90219115,1.6242476000000001,1.936440375
2018-02-09,52734522500000.0,10577610000000.0,4.856647799999999,24.068471000000002,,,1945192600000000.0,,,179852415000000.0,494.37446,0.9042840999999999,-0.91545144,2.907983
2018-02-10,53852762250000.0,10314922250000.0,,,,,1596036275000000.0,,,163052490000000.0,501.86666249999996,1.289111575,1.367725925,2.310559
2018-02-11,65234786000000.0,11100200666666.666,,,,,1887175566666666.8,,,184109713333333.34,504.0876533333333,0.7517088099999999,0.7138434666666665,1.2720315333333334
2018-02-12,51238215857142.86,12760349142857.143,5.55187062,22.3344098,,,1353799771428571.5,-2808012766666666.5,953790213333333.4,199907462857142.84,427.3924257142857,0.8129136085714286,-0.5154926242857143,15.0054135
2018-02-13,55181901666666.664,11745423666666.666,5.7949945,21.892319999999998,,,2258658766666666.5,,,201346460000000.0,368.0076633333333,0.83260386,-1.3505823,2.548209866666667
2018-02-14,39050117000000.0,10730228000000.0,5.947151,23.086933000000002,,,1687042550000000.0,,,185192940000000.0,340.44221500000003,0.92703855,-0.04822904000000003,4.04176208
2018-02-15,44649009222222.22,10571685555555.555,8.635458188888888,23.265249222222224,,,2116572444444444.5,871807380000000.0,1540672766666666.8,168052973333333.34,349.5138211111111,0.9029637766666667,0.9376577907777778,3.468096254888889
2018-02-16,51881097500000.0,11142004000000.0,6.2602324,24.916178,9247858200000000.0,4380394150000000.0,2203394075000000.0,1169093325000000.0,871507775000000.0,178567472500000.0,409.5759025,0.6943053849999999,0.11269356,1.79529566
2018-02-17,63370883500000.0,11787315500000.0,,,,,3480161150000000.0,,,178935105000000.0,427.926695,0.79044492,0.0002510449999999914,0.740239965
2018-02-18,58070017000000.0,11657714333333.334,6.2313066,18.304398,,,2058181566666666.8,,,193521390000000.0,441.84387,0.72750003,1.412910433333333,1.47117842
2018-02-19,55256494600000.0,10828874000000.0,6.0040294,21.0287002,,,2078790060000000.0,2064654150000000.0,1388080000000000.0,167243074000000.0,440.515016,0.8028754680000001,-0.24467733440000003,4.287314294
2018-02-20,44392629666666.664,10705779500000.0,5.1378568,18.520720500000003,-3893207950000000.0,2.13667959e+16,2355675066666666.5,2930000750000000.0,1335609900000000.0,170353550000000.0,411.6813016666667,0.735550055,-1.1466786533333335,2.77924164
2018-02-21,60616237000000.0,12808065600000.0,4.5467767666666665,18.811518333333336,-5288711971000000.0,1.084810706765e+17,2416854700000000.0,3113023450000000.0,1383580500000000.0,202681538000000.0,465.915524,0.645104172,0.28619437999999997,1.060066312
2018-02-22,49851530500000.0,14043516000000.0,2.55255915,14.4979875,,,2775418850000000.0,,,255032995000000.0,390.36425499999996,0.66114195,0.20681698,72.35739190000001
2018-02-23,55241711333333.336,13265428333333.334,2.7757144,15.842635166666668,,,2572268500000000.0,,,230249353333333.34,450.93795,0.61475722,-0.09718885333333331,2.4907403366666667
2018-02-24,55283253571428.57,12037876857142.857,2.9321537285714285,15.818368214285714,,,2338178642857143.0,1666447600000000.0,1394182100000000.0,195805234285714.28,478.15586571428577,0.6474708857142858,-0.2017132247142857,11.729140858571428
2018-02-25,60596535500000.0,12514760166666.666,3.323142583333333,15.055252000000001,1.07960155e+16,6072205800000000.0,2476917350000000.0,2913235500000000.0,1382002150000000.0,202229881666666.66,509.115155,0.609232975,-0.44831883666666666,1.7891399000000001
2018-02-26,56936947333333.336,14463380666666.666,2.9448416,14.054658333333334,,,3334250533333333.5,,,233435180000000.0,508.1583366666666,0.5821759333333333,0.49810728666666665,0.6030257266666667
2018-02-27,61356729666666.664,15033953000000.0,2.466396,14.453343666666667,,,3710432000000000.0,,,230733910000000.0,505.61386999999996,0.6239003966666666,-0.3362650666666667,0.9894545566666667
2018-02-28,56343348000000.0,12899330750000.0,3.539697375,21.260243250000002,1.7023634e+16,7204041550000000.0,2663951375000000.0,3888435400000000.0,1700171350000000.0,202596965000000.0,507.644345,0.645903765,-0.79138549,3.1598446925
2018-03-01,53880562750000.0,10671628125000.0,,,,,1877931137500000.0,,,167573938750000.0,492.57656875,0.6218923412499999,0.10739014375000001,2.99141787625
2018-03-02,51350325000000.0,12820979000000.0,5.516428,15.255228,,,2812162150000000.0,,,207909090000000.0,507.91044999999997,0.57960657,-0.3946567925,1.082962095
2018-03-03,60719713000000.0,13362837500000.0,,,,,2453321400000000.0,,,225807790000000.0,537.435915,0.59088595,0.1815983,1.36343645
2018-03-04,48532088400000.0,14599247000000.0,4.95137926,15.7780148,1.0943146e+16,6.20343425e+16,2437120520000000.0,2099838650000000.0,1165970100000000.0,237421946000000.0,517.8287459999999,0.5929239199999999,0.449151897,2.453007948
2018-03-05,50297521000000.0,12913961500000.0,4.1332299,15.897993,,,2926426450000000.0,,,218653590000000.0,427.80847,0.5838806,0.7412033515,0.365864443
2018-03-06,48012284000000.0,11565962142857.143,8.99667412,21.4389278,,,2503600028571428.5,,,196757442857142.84,376.80931428571427,0.6687851,0.35036461,0.8024920785714286
2018-03-07,60621997500000.0,11362757000000.0,,,,,1919571100000000.0,,,207198370000000.0,361.98338,0.90344155,0.13339504300000002,0.261539205
2018-03-08,62413780000000.0,12947235666666.666,,,,,2134563766666666.8,,,219816750000000.0,394.46132333333327,0.64207245,0.386953141,0.2893530756666667
2018-03-09,61721468200000.0,12723500800000.0,7.36872835,19.391246000000002,5977002350000000.0,5680616700000000.0,3137811760000000.0,3607464850000000.0,1531345700000000.0,199325918000000.0,407.98759800000005,0.6420581559999999,-0.02290029600000002,2.10761465
2018-03-10,65909448333333.336,12491124000000.0,,,,,2945424666666666.5,,,193051820000000.0,452.1773866666667,0.6305098333333333,0.062021246666666675,0.8085076466666666
2018-03-11,43346804000000.0,10513442400000.0,,,,,1800287400000000.0,,,184958604000000.0,378.91771200000005,0.85054686,0.06800274800000002,11.571072231999999
2018-03-12,39575348333333.336,13156287333333.334,16.447996,15.359875,,,2281383933333333.5,,,220254373333333.34,378.60635333333335,0.6269976433333333,0.7453107166666667,2.3032044133333334
2018-03-13,51378040750000.0,14222123250000.0,15.421662000000001,16.5010805,1.6183479e+16,7587979650000000.0,3639679675000000.0,4666933850000000.0,1854074250000000.0,228885237500000.0,435.4334675,0.6169266925,0.269504111,0.31256792499999997
2018-03-14,61741290666666.664,13883481000000.0,10.718457,17.247059,,,2168528033333333.2,,,218111190000000.0,410.36768,0.6872308400000001,-0.04924314666666666,0.10767838566666667
2018-03-15,57848603333333.336,12061903666666.666,,,,,1908355866666666.8,,,214013360000000.0,425.01789,0.6891558,-0.2830569733333333,0.6554753166666666
2018-03-16,58106904500000.0,12459030833333.334,1.7895386166666667,20.7833795,4493523000000000.0,1.23558515e+16,1856960900000000.0,-258657251000000.0,1835176500000000.0,220904535000000.0,452.25107,0.6848756300000001,0.5194902017666666,1.410160376333333
2018-03-17,39540417000000.0,18872403000000.0,2.20178942,17.2080474,1.25036551e+16,8473517660000000.0,2062965600000000.0,284205532000000.0,1390741780000000.0,415142168000000.0,461.89851799999997,0.737311846,-2.142906052,2.54387982
2018-03-18,58883117333333.336,21840245000000.0,3.9913709333333336,17.79772133333333,-1.5231253666666666e+16,1.9258674e+16,2148637233333333.2,614696026666666.6,1543044200000000.0,443274716666666.7,450.30683,0.7585098633333334,0.4420599999999999,1.3653403133333333
2018-03-19,47014480000000.0,17916379000000.0,3.4183966000000003,18.2740725,8852582000000000.0,8133465800000000.0,2143290250000000.0,456291620000000.0,1772274300000000.0,420366450000000.0,450.74757999999997,0.749768665,0.08984675500000001,0.552556225
2018-03-20,58163428666666.664,14960884333333.334,4.0996197,21.0010066,2137515890000000.0,1.203939675e+16,2452310933333333.5,3154358985000000.0,2321073816666666.5,353993616666666.7,441.7177933333333,0.6371245366666667,0.44506417166666673,1.5548251933333332
2018-03-21,59017153444444.445,12836786222222.223,2.7805779250000002,17.9176205,3141701140000000.0,3149181240000000.0,1846642255555555.5,-385425583333333.3,906698533333333.4,207184605555555.56,478.02397444444443,0.6384565122222222,-0.3464387911111111,4.906079782222222
2018-03-22,56985934000000.0,14306622666666.666,6.463501,17.300678,-287046800000000.0,452846050000000.0,2224137833333333.2,281554700000000.0,902177700000000.0,235358206666666.66,423.1304433333333,0.6992038466666667,-0.1479265,1.3260948233333334
2018-03-23,52531266000000.0,13913078000000.0,,,,,1779562450000000.0,,,245191260000000.0,398.17667,0.762372965,-0.18468223,0.64068108
2018-03-24,28515522333333.332,17649221000000.0,5.474576166666666,19.964127666666666,3.0044678e+16,1.2266253333333334e+16,2105492300000000.0,-151538326666666.66,1964475133333333.2,413964260000000.0,399.0705866666667,0.70872835,-0.7276636666666666,1.7429610199999999
2018-03-25,44391030125000.0,14575623000000.0,7.6475072,19.4097755,7919444671428571.0,5931966857142857.0,2292230112500000.0,687297004285714.2,1816112271428571.5,318087033750000.0,399.60978375,0.666942905,0.0024385455374999684,4.842538539875
2018-03-26,47914172571428.57,13076966285714.285,4.639077633333334,22.22333233333333,-513735750000000.0,3.08235763e+16,1978014857142857.2,-1058835100000000.0,938820700000000.0,225278590000000.0,394.0873771428572,0.7418770171428571,-0.23407273428571426,1.9778664157142856
2018-03-27,48376328250000.0,19413988000000.0,3.00145435,18.51675675,-1425287133333333.2,1.0848500766666666e+16,2374896900000000.0,622997590000000.0,1904434433333333.2,454972157500000.0,441.0206275,0.6970926,-0.34192904999999996,1.23785499
2018-03-28,58710458000000.0,20973666000000.0,2.7440126,18.3218785,-1988308925000000.0,1.6797827225e+16,2290206450000000.0,-98336227500000.0,1952073200000000.0,562262287500000.0,482.710505,0.723965785,-0.506425146805,6.110522559775
2018-03-29,52684232250000.0,18204899250000.0,3.329306975,19.8801155,-181227875000000.0,1.9386807475e+16,2932594925000000.0,2273616625000000.0,2198107175000000.0,458414175000000.0,439.0990825,0.6552079675,0.01719238749999999,1.401182875
2018-03-30,47845037428571.43,12890933000000.0,8.060407333333332,17.064977666666667,,,3451141214285714.5,,,213565864285714.28,447.3974128571428,0.6844062742857143,0.08003368142857145,1.3339258128571427
2018-03-31,44983640000000.0,14992070500000.0,5.80422545,16.1587035,,,2993936650000000.0,,,300261315000000.0,410.9906,0.63279972,-0.20106461,0.94784947
2018-04-01,44049720000000.0,12855448000000.0,,,,,2086391500000000.0,,,231174140000000.0,397.1375,1.54894935,0.194718685,44.052563675
2018-04-02,56432636800000.0,13946704200000.0,12.278677,20.119597,-923938500000000.0,4656557100000000.0,2557044660000000.0,427851300000000.0,917562400000000.0,233508026000000.0,408.49417400000004,0.967855958,-0.26277923200000003,2.4611127460000004
2018-04-03,42125410000000.0,17476633500000.0,7.647994000000001,21.270449,489279500000000.0,1.6826969e+16,3172535650000000.0,2944707450000000.0,2666133000000000.0,432966810000000.0,410.854145,0.70984989,-0.46623732500000004,1.28527505
2018-04-04,41715152500000.0,15247268750000.0,16.9270205,20.535833750000002,-869973700000000.0,7.1058882925e+16,2781498525000000.0,1154994875000000.0,2261777125000000.0,366971255000000.0,390.01302250000003,0.6464536975,-0.17222560000000003,1.4060845499999999
2018-04-05,30750626000000.0,16840227000000.0,,,1.78479925e+16,7640035400000000.0,2843224850000000.0,,,348015775000000.0,379.21522500000003,0.8709071,-0.32000733000000003,0.875422015
2018-04-06,57742712000000.0,21862698000000.0,5.313476533333334,17.981671000000002,1.8137336866666668e+16,1.0924949666666666e+16,2469394300000000.0,-1215813133333333.2,2142560000000000.0,474329386666666.7,372.30933000000005,0.8016838133333333,-0.8579634218933333,0.895815888
2018-04-07,33426683400000.0,21482036400000.0,8.647334599999999,18.0762624,3707789800000000.0,1.2385657128e+16,2563818900000000.0,-215526804000000.0,1976351120000000.0,565098572000000.0,366.066018,0.829685062,-0.9384867,1.70383362
2018-04-08,36297913666666.664,16377061666666.666,9.892621333333333,19.527482333333335,7880849900000000.0,5608103733333333.0,2800326000000000.0,653794250000000.0,2355362166666666.5,438413063333333.3,338.73588333333333,0.7379299333333332,0.355899585,0.37205918666666665
2018-04-09,29823041500000.0,15522032000000.0,14.01754825,19.37960075,1.520504275e+16,7754467825000000.0,3013415700000000.0,1043925650000000.0,1974485075000000.0,395578455000000.0,350.8782675,0.702953025,-0.306544453075,2.52243435
2018-04-10,31575143250000.0,19719623000000.0,15.248407499999999,17.960976000000002,3800771825000000.0,4.632445835e+16,3178802700000000.0,1703801240000000.0,2058591275000000.0,545478690000000.0,352.33202,0.90520097,-0.041433096000000016,0.8136305475000001
2018-04-11,51019261500000.0,21009208333333.332,5.74213785,16.435741166666666,1376329233333333.2,1.234965235e+16,2835242800000000.0,551593201666666.7,1859065433333333.2,549651210000000.0,397.8359183333334,0.8026457916666666,-0.48529032640833325,1.0267427966666667
2018-04-12,37050206000000.0,17610952500000.0,14.769689,18.604909,9140160250000000.0,5701928750000000.0,2699857800000000.0,-1086807150000000.0,2640055250000000.0,509015970000000.0,379.059775,0.7322885,0.35560434875,0.40088086575
2018-04-13,22811126500000.0,16698999000000.0,13.387763,18.58692,2.163817e+16,9055272000000000.0,3109136650000000.0,558923580000000.0,2029033400000000.0,392145035000000.0,366.8963,0.648851395,-1.27013175,1.3151396499999999
2018-04-14,38847546125000.0,14669514875000.0,13.3448965,19.9240695,8296818800000000.0,4590250416666667.0,2896158562500000.0,79091880000000.0,1883747820000000.0,328278968750000.0,342.4712725,0.72838949,-0.2032330275,1.56738819375
2018-04-15,37804474750000.0,19207706750000.0,12.5740895,19.501869499999998,8937544800000000.0,4872802050000000.0,3432700950000000.0,2086929900000000.0,1836151566666666.8,453033437500000.0,338.72871250000003,0.82931295,-0.11530938999999996,0.963550115
2018-04-16,42863484000000.0,16547742000000.0,,,,,2647540800000000.0,,,283344040000000.0,324.45011999999997,2.24200965,-0.29353015415,0.3195379015
2018-04-17,45504174333333.336,14159303000000.0,,,,,2452285200000000.0,,,249168263333333.34,320.45719333333335,1.3258898666666667,0.20298922333333333,0.24045728
2018-04-18,47658720600000.0,13928800000000.0,10.607321500000001,16.590479000000002,172490450000000.0,1.131267125e+16,2934213680000000.0,29882370000000.0,1263673050000000.0,226079248000000.0,351.10631,0.69592426,0.3905463508,0.4449283932
2018-04-19,43054700500000.0,15841955833333.334,10.4162175,17.714505166666665,-7315196800000000.0,2.50018593e+16,2996961666666666.5,-925881950000000.0,1247229500000000.0,336933268333333.3,362.256805,0.7264293333333334,-0.0006656916666666068,0.8001937716666667
2018-04-20,43210837600000.0,21861280400000.0,11.996032,17.4345562,1573307260000000.0,4.7819239e+16,3099006440000000.0,687071224000000.0,2098523240000000.0,615972708000000.0,327.76852199999996,0.8944957099999999,-0.084287034,1.5282805
2018-04-21,43950549666666.664,21654049000000.0,12.063225666666666,17.227985333333333,3589036866666666.5,2977256833333333.5,3773492066666666.5,3337493100000000.0,2603734000000000.0,576186953333333.4,340.84481,0.8005870599999999,0.09970345333333332,0.8989935833333332
2018-04-22,52453053500000.0,17980512500000.0,8.957367,19.32875,-7024070000000000.0,1.3250075e+16,3250890550000000.0,,,383342265000000.0,364.743,0.755543635,-1.01861283,0.92680795
2018-04-23,26273733357142.855,17586190571428.572,9.6493009,19.476745,1.9342581828571428e+16,7126789500000000.0,3109314414285714.5,57779172000000.0,1932043420000000.0,403651470000000.0,369.1164414285714,0.7036372671428571,0.24343848428571427,2.633371692857143
2018-04-24,49849902285714.29,15540862000000.0,7.840678339999999,18.701693,-4126836750000000.0,5341163500000000.0,3273182314285714.5,554400449500000.0,1094383370000000.0,286196284285714.3,386.8567685714285,0.7230046657142858,0.07396654000000003,1.2774313914285715
2018-04-25,42235371750000.0,15552973250000.0,,,,,2883217750000000.0,,,273509082500000.0,332.7838825,1.010976235,-0.45398984499999995,0.51655217
2018-04-26,46943111750000.0,17084126750000.0,6.6928883,18.23386,,,3243894400000000.0,,,291005492500000.0,364.6203,0.88822642,0.190176636,27.7031318
2018-04-27,54059269750000.0,16999568000000.0,7.470426025,18.95968475,6408612150000000.0,3128121750000000.0,3787746250000000.0,2634462150000000.0,1648118950000000.0,313398232500000.0,407.82744249999996,0.729165135,-0.74167103925,0.95663843
2018-04-28,43711281888888.89,14400762888888.889,10.203032,20.748814,,,3131256088888889.0,,,237162266666666.66,359.7262755555555,0.8819179866666667,0.09965131777777778,0.6733922544444444
2018-04-29,39384315000000.0,15712715666666.666,,,,,3066954433333333.5,,,324378536666666.7,335.04223666666667,0.9402282999999999,0.15181365666666669,1.1698044333333333
2018-04-30,46021774000000.0,22116089000000.0,18.9652605,19.3826055,-4871656000000000.0,1.57300272e+17,4202400200000000.0,4326526300000000.0,2854752350000000.0,605210715000000.0,323.95616,0.89442935,-0.6752345275,0.741058715
2018-05-01,29900203190000.0,20526724250000.0,19.63011625,17.873071500000002,4543552250000000.0,2.5501492e+16,3304085650000000.0,118470327500000.0,1879196850000000.0,555479547500000.0,323.5294225,0.9178992575,0.4641749325,0.8812714374999999
2018-05-02,20747983500000.0,18371825500000.0,15.4065255,19.378750500000002,1.254922e+16,4677645200000000.0,3621282200000000.0,1491018000000000.0,2165523850000000.0,489684690000000.0,342.09367499999996,0.75480372,-1.183417875,0.9516928250000001
2018-05-03,32680984250000.0,15973301125000.0,20.88576142857143,18.90854428571428,5728321292857143.0,3594353405714285.5,3769211662500000.0,2430749400000000.0,1927145666666666.8,406435093750000.0,345.57646124999997,0.7299680925,-0.08805107749999996,0.99663148375
2018-05-04,41702975000000.0,18376525500000.0,19.05488,14.986424,,,3806944400000000.0,,,317764750000000.0,337.734025,0.7669070950000001,-0.5927302999999999,0.688588145
2018-05-05,46193096333333.336,23510265000000.0,9.330457000000001,17.152747,-5014857600000000.0,1.80068009e+16,3063364933333333.5,-911390626666666.6,2182767266666666.8,681604200000000.0,365.15118333333334,0.8564241466666666,0.10369176666666657,1.0681655
2018-05-06,47991092300000.0,23157310250000.0,9.8829125,17.216647000000002,-2297036108250000.0,5.193861583425e+16,3444469925000000.0,226406008500000.0,2072864425000000.0,611094865000000.0,355.601945,0.8574299525,0.28476786249999997,0.9416173575
2018-05-07,28416014333333.332,19282460333333.332,13.564803333333336,18.009516666666666,6882691900000000.0,3964697733333333.5,3478832833333333.5,230065490000000.0,1733201200000000.0,465462626666666.7,316.36152666666663,0.8334786466666667,0.71357561,0.75836703
2018-05-08,35918685750000.0,17267801000000.0,15.2458835,20.13808375,1935251440000000.0,2701794835000000.0,3329967325000000.0,82353750000000.0,1850329750000000.0,451642235000000.0,314.818625,0.8332622125,-0.19430626749999996,0.90772306
2018-05-09,39229390000000.0,22363177000000.0,18.561753,17.250539,-1.26633924e+16,1.035360181e+17,3595714533333333.5,81795036666666.67,2028253800000000.0,615475450000000.0,341.88318000000004,0.8435743866666666,-0.6418216044999999,1.3355265333333335
2018-05-10,36362629857142.86,22789855571428.57,19.02254442857143,17.23169057142857,5610700362857143.0,2.1152273077142856e+16,3120887628571428.5,-1367050971428571.5,2022717228571428.5,617691304285714.2,345.9949742857143,0.8691143014285715,0.47264551428571433,0.9089336871428572
2018-05-11,38179262333333.336,20761212000000.0,9.586543666666666,16.710169333333337,7743932909000000.0,4083562023333333.5,4320111466666666.5,2183916533333333.2,1973963566666666.8,548566446666666.7,346.54603,0.8522698366666667,0.5448378666666667,0.8804889
2018-05-12,26320763500000.0,18834036500000.0,11.913377,18.430458,3020864200000000.0,1873299650000000.0,3761634100000000.0,,,454505740000000.0,336.61444,0.720603045,-0.43003511,0.72844515
2018-05-13,31290533375000.0,16261826875000.0,15.649437,20.3217495,8644406625000000.0,4249935925000000.0,3502407425000000.0,33877905000000.0,1640968875000000.0,368047896250000.0,347.7584375,0.692076095,0.16960806624999997,0.9157212975
2018-05-14,46323452400000.0,19078727600000.0,12.211141500000002,18.894022666666668,120417250000000.0,2.1900339425e+16,4003560300000000.0,2029601200000000.0,1616701750000000.0,434464256000000.0,367.60533399999997,0.8015343959999999,0.27107395766,0.6940295479999999
2018-05-15,48244557000000.0,16401432000000.0,,,,,3481889000000000.0,,,311599206666666.7,372.6309966666667,0.9249954866666666,-0.143188325,0.3932834166666667
2018-05-16,32174456000000.0,20609750000000.0,14.7108185,17.824102,261634200000000.0,9781172200000000.0,3806941400000000.0,,,452715125000000.0,366.863905,0.816195075,0.6413797999999999,0.92389765
2018-05-17,41307870400000.0,15138346000000.0,17.9146015,18.570435500000002,1355024050000000.0,1498317875000000.0,4126146900000000.0,1555188600000000.0,1301992950000000.0,269613090000000.0,381.27001,0.789098854,-0.294770354,0.5602911859999999
2018-05-18,43181835777777.78,15315581444444.445,,,-6331981000000000.0,7040149850000000.0,4137936788888889.0,1167471870000000.0,1139731020000000.0,302832608888888.9,374.0679255555556,0.8387208788888888,0.31119261522222225,0.9107302499999999
2018-05-19,57351420500000.0,18173663250000.0,19.404397,14.7507125,-5713886333333333.0,1.8938401466666668e+16,4238027550000000.0,777555000000000.0,1094036200000000.0,381415725000000.0,380.2907,0.76701485,0.18819700150000002,0.88042449
2018-05-20,21237316150000.0,22999915000000.0,7.5885496,17.1107045,1.2497505e+16,6408656000000000.0,3883496950000000.0,166425300000000.0,1713441800000000.0,551224530000000.0,346.8463,0.82486875,-0.06068604999999999,0.7992957199999999
2018-05-21,42487929333333.336,20427448333333.332,10.214926666666665,17.239850333333333,664666700000000.0,2324506666666666.5,3251167200000000.0,,,568282826666666.6,351.36305666666664,0.7951541233333334,-0.6513636966666666,0.6355135033333333
2018-05-22,40865405285714.29,14475798142857.143,,,1.25742165e+16,5150899600000000.0,3714085414285714.5,1419445100000000.0,1356795150000000.0,249724125714285.72,369.53992857142856,1.025693837142857,0.4433918508571429,0.6399574114285714
2018-05-23,48739797333333.336,15483164833333.334,17.195868500000003,17.05554,216885800000000.0,1284030400000000.0,4262190350000000.0,1589796000000000.0,1237799150000000.0,301889835000000.0,382.38713666666666,0.7983708716666666,0.12175785783333332,0.7474703733333333
2018-05-24,41441535500000.0,22151339000000.0,16.968137499999997,17.4762165,1.8771034e+16,6783514000000000.0,3840559800000000.0,743059200000000.0,2042568300000000.0,554551950000000.0,359.36847,0.870236225,-0.24962040000000008,0.82426395
2018-05-25,32457351500000.0,22785917500000.0,21.1283645,16.900406,8639889850000000.0,1.021703215e+16,4666827500000000.0,3625405500000000.0,2473845650000000.0,661462830000000.0,356.1575,0.8675307299999999,-0.013607649999999971,0.8368631900000001
2018-05-26,38081071000000.0,20558717000000.0,20.015288599999998,18.089745399999998,1.13471208e+16,5061418600000000.0,3736475880000000.0,-72246696666666.67,1983933400000000.0,523218364000000.0,343.85902999999996,0.80696032,0.361429914,0.9023922280000001
2018-05-27,24572621400000.0,17712278428571.43,16.22123525,19.26276675,1.4053832428571428e+16,1.4131335585714286e+16,3982464200000000.0,1638689170000000.0,2069962540000000.0,442393137142857.1,343.88236142857147,0.7725052942857144,0.005883832857142827,0.8425033285714285
2018-05-28,30115920500000.0,21650049500000.0,16.538729500000002,17.30484,4361085000000000.0,8358941250000000.0,4193338700000000.0,1906908400000000.0,2023352900000000.0,572882320000000.0,340.25927,0.874216375,-0.074881257,1.149035075
2018-05-29,39927665000000.0,21928974000000.0,18.6139955,17.899424500000002,5881621700000000.0,3832501450000000.0,3142938000000000.0,-1916159300000000.0,2043343700000000.0,565786540000000.0,332.068555,0.86086,-0.05922689999999997,0.7463819
2018-05-30,45834668000000.0,22143066250000.0,17.42715175,17.104084999999998,-446122631000000.0,5092122689500000.0,3878313025000000.0,-232241346666666.66,1979144933333333.2,596507950000000.0,338.60357,0.8845744825,-1.248693095,0.967006485
2018-05-31,23761789000000.0,19592923500000.0,15.333554,18.25674,8951641500000000.0,3666160250000000.0,3431733750000000.0,,,566509295000000.0,320.5751,0.7916639,-0.58606319,0.6025816749999999
2018-06-01,30467109250000.0,17961753500000.0,11.5277985,17.957854875,4896840262500000.0,4.43789838625e+16,3991944737500000.0,892398993750000.0,1630989050000000.0,485235437500000.0,335.35933375,0.76248380375,-0.52271990625,1.0685745975
2018-06-02,42802230666666.664,16572908000000.0,,,,,3782531333333333.5,,,322827123333333.3,355.62977333333333,1.3388837999999998,-0.13030811,0.64935979
2018-06-03,12897739500000.0,23421535666666.668,17.426771,18.756195,2.0036165333333332e+16,8326466000000000.0,4058710433333333.5,711423183333333.4,2066452566666666.8,581645376666666.6,361.77324666666664,0.8957064666666668,-0.5907825333333333,1.0708350333333334
2018-06-04,42049129600000.0,21477811000000.0,19.962813750000002,17.70175,1910640600000000.0,2.844368668e+16,4199349650000000.0,815549872000000.0,1886517780000000.0,561217821666666.7,341.43201666666664,1.542911425,-0.389314668,1.0352052600000001
2018-06-05,23112079000000.0,17397603333333.334,,,,,3800102433333333.5,,,325744856666666.7,334.7281766666667,0.8607151433333334,-0.24393552,0.3559723133333333
2018-06-06,35366482000000.0,15781772500000.0,5.4703989,19.02092975,,,4061079450000000.0,,,295693512500000.0,355.2531075,0.764314425,0.21477552250000004,9.464240902499998
2018-06-07,31221755000000.0,18645495333333.332,10.691952333333333,17.249908333333334,9100590000000000.0,4425349500000000.0,4025090800000000.0,1227252700000000.0,1566429900000000.0,420440893333333.3,350.35377,0.8402101333333333,0.7208425233333333,0.8076787866666667
2018-06-08,12788591385714.285,24850687571428.57,17.658627142857142,16.166101142857144,1.1564717371428572e+16,9815414271428572.0,3962496000000000.0,846571111428571.4,2111126471428571.5,695476550000000.0,348.94183571428573,0.9265908357142857,-0.13217036285714287,1.281611457142857
2018-06-09,34445887750000.0,16141876075000.0,15.492739666666665,16.310849666666666,1346301000000000.0,2737189250000000.0,4690827380000000.0,,,385888230000000.0,344.294708,1.9610885019999997,1.1555364075,3.6743748325
2018-06-10,14839416000000.0,17940639500000.0,17.3487,18.994507,1.37849923e+16,4848959300000000.0,4084934150000000.0,,,426041800000000.0,348.38382,0.7156120850000001,0.49080292999999997,0.6599366200000001
2018-06-11,34129229428571.43,14142404714285.715,,,2.01243215e+16,6647618550000000.0,3744965771428571.5,-267223850000000.0,1107473100000000.0,245485254285714.28,349.88812285714283,1.075613927142857,0.2839587414285714,7.891097748571428
2018-06-12,38160461666666.664,18048922166666.668,10.743587499999999,17.035213,6283408440000000.0,2437771483333333.5,4107056800000000.0,370647780000000.0,991244240000000.0,348407535000000.0,359.98624,0.8433692333333332,0.1616421,1.103395105
2018-06-13,38517703333333.336,22607604000000.0,14.750561333333332,17.312919666666666,1.2533109e+16,6060321000000000.0,4894858433333333.0,4719235900000000.0,2879507250000000.0,606637100000000.0,345.60580333333337,0.9021609633333334,0.4454719833333334,2.4159525333333334
2018-06-14,47958655000000.0,15937327500000.0,,,,,3920651900000000.0,,,319567745000000.0,343.574125,1.019151735,-0.11173218850000001,0.22149069999999998
2018-06-15,42964339000000.0,16826943500000.0,14.656434333333332,19.065736,-1807001900000000.0,1047843450000000.0,3977032275000000.0,459511605000000.0,1198091450000000.0,315970852500000.0,363.7394225,0.760607925,0.2425238265,12.7118280175
2018-06-16,32054984857142.855,15469518857142.857,22.096762,17.515701,6985297700000000.0,3204646350000000.0,3883176471428571.5,730180700000000.0,1002111675000000.0,282299075714285.7,371.8687171428572,0.7775694214285714,0.5521623414285715,1.4530032642857142
2018-06-17,,,,,,,,,,,,,,
2018-06-18,43871134000000.0,22000389000000.0,19.771883,17.354645,9551378500000000.0,4803735300000000.0,3846920150000000.0,573542000000000.0,2123097100000000.0,519527815000000.0,338.30458,0.91821245,-0.665277525,0.63052295
2018-06-19,23678046666666.668,19314016000000.0,21.46392833333333,18.458239,224580100000000.0,3165950666666666.5,3522580433333333.5,,,511251000000000.0,303.8611833333334,0.96100259,0.001342023333333331,1.52502622
2018-06-20,20852650000000.0,17813072714285.715,18.31364914285714,17.630409,1.6653173042857142e+16,5743501000000000.0,4023170814285714.5,1004110240000000.0,1668193240000000.0,468853627142857.1,320.1663528571429,0.8379198757142857,-0.7002772342857143,2.472156391428571
2018-06-21,32660211857142.855,16526991428571.428,11.699396142857143,18.889669,1.2286223675e+16,4624164260000000.0,4162767114285714.5,1083932683500000.0,1244168400000000.0,361786414285714.3,330.48514571428575,0.78783871,0.28015849,2.0350084057142857
2018-06-22,44079799666666.664,19104989333333.332,10.4894105,18.9063515,-1445473700000000.0,1095151200000000.0,4276529766666666.5,,,387918183333333.3,324.5808233333333,0.8603659,0.17243602333333333,0.5711674233333334
2018-06-23,28298166500000.0,18755746500000.0,11.773651999999998,18.180996,,,4027061225000000.0,,,353756165000000.0,339.1769775,0.9799279925,-0.058798237,0.156231467
2018-06-24,41532550000000.0,15829761000000.0,,,9819782150000000.0,3596267950000000.0,4078365975000000.0,1451460500000000.0,1206686200000000.0,305392685000000.0,386.52318,0.875398825,-0.3416531925,2.03344987
2018-06-25,43297926555555.555,13787116444444.445,,,,,4134114377777778.0,,,240718125555555.56,380.1130911111111,0.8149092444444445,0.26534222995555556,0.5411713222666666
2018-06-26,38741802500000.0,16272278000000.0,14.6432225,18.270905499999998,,,4531259400000000.0,,,302898570000000.0,370.32687999999996,0.7896855,-0.14270111,0.8281948
2018-06-27,34183446333333.332,21587468666666.668,17.6804215,18.130907,-3085456733333333.5,1.0064265233333334e+16,4046740266666666.5,2098878550000000.0,2338971150000000.0,561405780000000.0,342.90654666666666,0.8373889966666667,-0.00286839333333333,0.8291186566666667
2018-06-28,46816397200000.0,22227314400000.0,19.8669765,17.785511,4053787946000000.0,7517374250000000.0,4126992680000000.0,1207734050000000.0,1929426320000000.0,584001370000000.0,329.070586,0.926373402,-0.26511569799999996,1.009696984
2018-06-29,40488223333333.336,19044016666666.668,15.979422,19.66991,3070246600000000.0,2034799800000000.0,3656612466666666.5,537864660000000.0,1322430800000000.0,374974673333333.3,332.86158,0.8273058133333334,-0.07784684666666668,0.6025151533333334
2018-06-30,38023190000000.0,13964789200000.0,7.7701073,17.019783,,,3803560760000000.0,,,270850962000000.0,342.213988,0.827269482,-0.14546888340000003,2.171692538
2018-07-01,43761000666666.664,14896993666666.666,,,,,3627587400000000.0,,,298473486666666.7,332.67063333333334,0.8230155966666667,0.22213315666666666,0.6457887800000001
2018-07-02,39467268000000.0,16116752500000.0,,,,,3795988200000000.0,,,286571760000000.0,339.67941,0.7565302,-0.07492246,0.55366187
2018-07-03,44658461600000.0,14992798200000.0,13.7269685,16.8991085,-6496513750000000.0,1.604498865e+16,4526218440000000.0,1533142600000000.0,1214419580000000.0,335640862000000.0,361.533268,1.62458882,0.11318695280000002,1.004460446
2018-07-04,48889717500000.0,14308550500000.0,,,,,4149199500000000.0,,,328971795000000.0,343.30886499999997,0.75927645,-0.43899695,0.49440609
2018-07-05,40936492200000.0,15835842000000.0,,,-1.0675542e+16,2.807626915e+16,3959891140000000.0,,,342196142000000.0,311.500626,0.8920966699999999,-0.16445752600000002,1.19796403
2018-07-06,22984733666666.668,19816596333333.332,19.078508,18.202198,7022102666666667.0,3558891766666666.5,3959519500000000.0,,,448538226666666.7,317.27364,0.8659980100000001,-0.46558444000000004,0.7246413399999999
2018-07-07,27583853000000.0,20324756250000.0,20.39725075,16.070942,8073667790000000.0,3428941857500000.0,4203627625000000.0,588979605000000.0,1231495700000000.0,449150045000000.0,335.8849375,0.8705425975,-0.06521643999999997,0.865047925
2018-07-08,31459693000000.0,16067860333333.334,24.598392,17.1977915,-8410281275000000.0,7.80106576675e+16,4667087700000000.0,1514470230000000.0,1939544950000000.0,482638726666666.7,330.09703666666667,1.8621127499999999,-0.2146863199999999,2.39896585
2018-07-09,34386428500000.0,16919284000000.0,17.3407055,17.76668,-1851108500000000.0,1424909200000000.0,3898539500000000.0,,,342058060000000.0,332.98971500000005,0.77244585,0.35691501,0.63542668
2018-07-10,38584024250000.0,13825921750000.0,15.181945,21.096606,2320147366666666.5,1666222300000000.0,3663515762500000.0,-260368721333333.34,1168961000000000.0,270852637500000.0,332.6815975,0.78785652625,0.133977473125,0.97085730625
2018-07-11,26151453800000.0,17258663600000.0,,,8050823000000000.0,3332795700000000.0,3785389000000000.0,324237715000000.0,921249475000000.0,337843208000000.0,339.202906,0.8299422059999999,-0.3561279772,0.616405864
2018-07-12,14132900333333.334,19373671666666.668,,,1.3646712e+16,4979668300000000.0,3779791900000000.0,,,424074936666666.7,316.6088833333333,0.8897576833333334,0.22545446933333332,11.677293606666666
2018-07-13,36101258500000.0,16522583500000.0,,,,,3688520350000000.0,,,320899875000000.0,338.11345,1.215588,-0.250625706,0.33158747499999996
2018-07-14,36599790800000.0,15200303400000.0,23.69003,19.937579999999997,9620363000000000.0,3406619700000000.0,4186391580000000.0,1092337065000000.0,1116065850000000.0,278075232000000.0,357.440346,0.786811158,-0.382270206,0.523312154
2018-07-15,34498851200000.0,14539663700000.0,24.703849333333334,19.074599333333335,4504970160000000.0,3341980975333333.5,3940498050000000.0,255782063333333.34,974708980000000.0,295536965000000.0,344.739951,0.8695034789999999,-0.39678010490000004,1.0588585480000001
2018-07-16,35121575000000.0,16473798000000.0,,,2269423675000000.0,968132625000000.0,3581072150000000.0,-338781315000000.0,895914000000000.0,332312620000000.0,333.95956,0.932045025,-0.35522013674999997,0.36136520250000004
2018-07-17,24873923000000.0,16959601000000.0,,,,,3512209350000000.0,,,328252140000000.0,322.949665,1.0748535,-0.082603893,0.39977087
2018-07-18,27204632333333.332,20054446666666.668,31.905888333333333,17.798837000000002,1.26856828e+16,4244819400000000.0,3893111933333333.5,,,468686090000000.0,320.14992666666666,0.8880657666666667,-0.4894179066666667,0.7822496999999999
2018-07-19,34111324250000.0,14863641250000.0,25.32876966666667,19.974543333333333,6162993400000000.0,2378284450000000.0,3617016525000000.0,621623335000000.0,1019397375000000.0,261649405000000.0,343.47908,0.8609150775,0.02807044475,0.342936583
2018-07-20,23702892500000.0,16301193166666.666,30.335061666666665,17.203835333333334,1.34543882e+16,6338803620000000.0,3946021000000000.0,1647724325000000.0,1163210780000000.0,360734366666666.7,320.9303066666667,0.8161368566666667,-0.2583042066666667,1.0883399366666666
2018-07-21,25557109666666.668,20616712000000.0,27.286555000000003,15.653649666666666,1.0902414e+16,5175960000000000.0,3927867900000000.0,1429514900000000.0,1608301900000000.0,411794050000000.0,316.35021333333333,0.93617208,0.5174268766666666,1.0473579533333333
2018-07-22,19727263500000.0,20424835250000.0,25.228514,19.454416,1.425348025e+16,1.0477891e+16,4267357275000000.0,3928084000000000.0,2500165600000000.0,492028792500000.0,319.1622325,0.9600298025,0.11337332500000005,0.9294403849999999
2018-07-23,42477559200000.0,16624164800000.0,,,5181339250000000.0,1961889300000000.0,3489130340000000.0,-364338845000000.0,1073555150000000.0,307482160000000.0,314.459568,0.998943418,-0.2086584632,0.575983854
2018-07-24,31313973428571.43,14463105714285.715,27.813520333333333,17.7018825,,,3640517100000000.0,,,258632467142857.16,310.4491642857143,0.8784021585714286,0.25906336999999996,4.363325091428572
2018-07-25,31076964000000.0,15731283500000.0,18.355646,19.401972,,,3521028850000000.0,,,282811025000000.0,320.89291000000003,0.85172955,0.22213652,3.775989
2018-07-26,32370408333333.332,19218819333333.332,26.394988333333334,17.705023,2600132400000000.0,1472279500000000.0,3960785000000000.0,,,428233553333333.3,322.73638,0.8558324666666667,0.14522086666666667,1.0956692300000002
2018-07-27,31852600000000.0,17553376000000.0,,,1.8118753e+16,6029629150000000.0,3789506860000000.0,1071915050000000.0,1129889500000000.0,328028284000000.0,325.655054,0.9600303,0.5016976599999999,1.933079308
2018-07-28,44212870000000.0,17189091500000.0,34.07851,17.202314,,,4323588400000000.0,,,334983675000000.0,309.787915,0.8792587700000001,-0.8199935300000001,0.5677933
2018-07-29,24773817875000.0,14210708875000.0,,,,,3550151012500000.0,,,275941225000000.0,299.3205475,1.10190857375,-0.448784805,0.49922479000000003
2018-07-30,43202526333333.336,18609182333333.332,29.200607,20.116158,3109133000000000.0,7468858333333333.0,3473764500000000.0,-1162492400000000.0,1452099900000000.0,422906233333333.3,302.05626666666666,0.9196927733333333,0.6520019899999999,1.18521695
2018-07-31,7750456000000.0,19222568000000.0,,,2.7780905e+16,9308202000000000.0,3453471800000000.0,-771393100000000.0,2038172800000000.0,461149600000000.0,293.276305,1.09755575,0.1416269175,1.027206055
2018-08-01,36510457200000.0,21729039600000.0,15.964395000000001,18.2886594,3883012600000000.0,5562603500000000.0,4381514100000000.0,2341518880000000.0,1939165180000000.0,566866420000000.0,297.864628,0.9728160599999999,0.29349177600000004,1.69053976
2018-08-02,34722572000000.0,18983360000000.0,21.429372333333333,18.973645,1.3365974233333334e+16,4500555800000000.0,2913969700000000.0,-1673131637433333.2,1521581333333333.2,463435440000000.0,290.7329966666667,0.8454150666666665,-0.40890506199999993,0.48000001200000003
2018-08-03,24181143500000.0,16912551500000.0,33.962852999999996,17.246665999999998,2.192952935e+16,7017784233333333.0,3818401650000000.0,1911013650000000.0,1727386500000000.0,375699832500000.0,293.4341825,0.9164726225000001,0.43687841,1.152448005
2018-08-04,15143775000000.0,21956747000000.0,25.222483,18.138565,1.9852990766666668e+16,7575928466666667.0,3930486300000000.0,1320374613333333.2,1983584100000000.0,681104200000000.0,283.3302066666667,1.0858530666666666,-0.6012709666666667,1.0091104
2018-08-05,32992867285714.285,19870606000000.0,20.962198,18.9366,7877765557142857.0,8335795100000000.0,3728241914285714.5,386475016666666.7,1446213000000000.0,454738781428571.44,312.2440642857143,0.9417462285714285,-0.5459637614285714,0.9168239042857144
2018-08-06,35696556666666.664,17344473000000.0,16.891964666666667,18.139321666666664,,,3540871166666666.5,,,393410003333333.3,305.65887333333336,0.8967263466666667,0.3136159333333333,0.7186106866666666
2018-08-07,38305130000000.0,14996148000000.0,,,,,3691160700000000.0,,,282516700000000.0,315.70813,0.82548225,0.35561689,3.3571054250000003
2018-08-08,25488555571428.57,17002882142857.143,24.996125714285714,20.09059585714286,7232055057142857.0,4082386622857143.0,3499387771428571.5,221091154285714.28,1570358285714285.8,409702017142857.1,296.95969285714284,0.8151111642857144,0.2801143541428571,1.2146851921428572
2018-08-09,42900269200000.0,22704538000000.0,22.1333816,18.697756599999998,-4990573460000000.0,4.6625991576e+17,3613891860000000.0,627688304000000.0,1935099980000000.0,682691494000000.0,296.76596,1.0552417200000002,-0.36022608399999995,2.17195895
2018-08-10,19306102500000.0,23750762000000.0,17.2725115,18.8430185,2.281634115e+16,9505519500000000.0,4221046650000000.0,2895434850000000.0,2336631650000000.0,658765250000000.0,295.77895,1.01816372,0.2014901,0.9757899800000001
2018-08-11,36215516500000.0,15566783000000.0,,,,,3450068700000000.0,,,283958475000000.0,291.3358,1.0919556,0.15961588799999998,0.39811141000000005
2018-08-12,32798215000000.0,16212312400000.0,14.2120512,19.891119800000002,-834422020000000.0,2.886640682e+16,4018767820000000.0,1250796670000000.0,1894056300000000.0,528736002000000.0,341.70632,0.771555488,-0.3244123322,0.478827262
2018-08-13,31881834666666.668,13774187500000.0,,,8407181100000000.0,3961232750000000.0,3174563883333333.5,17307973500000.0,896312880000000.0,243841368333333.34,302.20774,1.0874406233333334,-0.029481170500000004,0.94644099
2018-08-14,28049773700000.0,20796682600000.0,,,1.899434632e+16,8036385380000000.0,3601267260000000.0,2060969050000000.0,1808556200000000.0,471711452000000.0,311.460966,0.9326271939999999,-0.5284827270000001,0.743173474
2018-08-15,31995391333333.332,18558000000000.0,23.715566,17.531938333333333,-6127016150000000.0,8.29551153e+16,3658640400000000.0,,,421796656666666.7,317.2508666666667,0.8527123466666667,0.5449355133333333,0.7294667533333333
2018-08-16,34179941000000.0,15828074000000.0,,,,,3020747100000000.0,,,261300350000000.0,309.65162999999995,0.92804083,0.05673160499999999,0.60818639
2018-08-17,35598221375000.0,16644849625000.0,20.106915875,18.565027999999998,3882346687500000.0,7069744525000000.0,3312950450000000.0,263401126666666.66,1393474133333333.2,328980750000000.0,307.03424875,0.8128931349999999,0.29082437,0.8696911025
2018-08-18,35324153285714.29,14898935285714.285,19.943403,19.336223,8487531080000000.0,4218507020000000.0,3395030214285714.5,976012058000000.0,1223085382000000.0,281306321428571.44,315.6464328571428,0.9682219457142857,-0.04545696542857144,0.7501057657142857
2018-08-19,30272336500000.0,20087812500000.0,,,1.17702738e+16,6363886500000000.0,2423363750000000.0,-2401236800000000.0,2283830600000000.0,446872715000000.0,300.601955,0.910055815,-0.312187255,3.0282157499999998
2018-08-20,29091250000000.0,20331971500000.0,,,1.650403865e+16,7652555000000000.0,3225712350000000.0,-760896500000000.0,2367963400000000.0,476462835000000.0,297.91510000000005,0.9948371650000001,0.7376966,1.049919065
2018-08-21,25320527400000.0,17959659600000.0,13.427718500000001,20.54854675,1.20181118e+16,5738241600000000.0,3244785400000000.0,838985863333333.4,1207885300000000.0,330870844000000.0,301.43264,0.8711290399999999,-0.14972749399999996,0.84261909
2018-08-22,15224944444444.445,17351992777777.777,11.876272,19.083719444444444,1.0832966159375e+16,5930554575000000.0,3164942488888889.0,537346721428571.44,1465420100000000.0,392969834444444.44,302.90745555555554,0.8269605533333333,0.006334345555555553,0.9251377566666668
2018-08-23,23779389666666.668,20896737666666.668,16.412875,20.083948,7312051333333333.0,2.5360113566666668e+16,3164781800000000.0,281544776666666.7,1736277433333333.2,580386436666666.6,305.01133,0.8810774233333333,-0.7844188333333334,0.8279617400000001
2018-08-24,1162035081000.0,23160518500000.0,22.7035415,19.344034,2.40699805e+16,9999149000000000.0,3181721550000000.0,735539200000000.0,1908056350000000.0,561227430000000.0,310.838655,0.93169963,0.26922495,1.0778537
2018-08-25,32620953000000.0,16388699250000.0,28.570939000000003,17.563267500000002,2.10292595e+16,7612290250000000.0,3801098950000000.0,2189871050000000.0,1193205350000000.0,282744147500000.0,313.581545,0.87739051,-0.23956495,0.941910845
2018-08-26,32518450500000.0,16209305000000.0,24.602441,19.465716999999998,,,3227413700000000.0,,,288396015000000.0,298.18626,0.9416853000000001,-0.19031031999999998,1.5262319800000002
2018-08-27,32622995333333.332,14683341500000.0,16.5881955,17.15742825,1.85046877e+16,6614414800000000.0,3288854633333333.5,,,257896651666666.66,313.47540166666664,0.8540339499999999,-0.45175004750000003,1.1669614066666667
2018-08-28,36546325500000.0,17278914500000.0,13.7859485,20.292448999999998,,,3304217100000000.0,,,334858420000000.0,309.42799,0.876225085,0.30043732,0.55240723
2018-08-29,39982906500000.0,17095125500000.0,14.125762,19.45374,,,3619794700000000.0,,,360134065000000.0,320.186815,0.8259325,0.370421425,1.52409205
2018-08-30,35844996500000.0,19309954750000.0,17.17207175,18.8486215,-348753750000000.0,3.0800998725e+16,3093175925000000.0,-1058036500000000.0,1440523650000000.0,480766857500000.0,302.2480825,0.8531001825,0.03326515000000001,1.39580368
2018-08-31,41160106500000.0,16802628500000.0,,,,,2924030500000000.0,,,330708805000000.0,289.797185,0.8885611,0.349842935,0.63841676
2018-09-01,31650864200000.0,15626378800000.0,19.187166666666666,21.158424666666665,3512951520000000.0,3572065580000000.0,3020959340000000.0,830417936666666.6,1725563433333333.2,332940314000000.0,290.025506,0.794102272,0.60345715,2.03939336
2018-09-02,,17657164666666.668,,,,,2976251900000000.0,,,321714503333333.3,290.13661666666667,1.3959433333333333,-0.46984485000000004,0.8271198333333333
2018-09-03,23977536333333.332,22636548500000.0,20.643490833333335,18.545153833333334,1.045562585e+16,6091577000000000.0,3084369300000000.0,834246245000000.0,1811215166666666.8,561600158333333.3,302.10026833333336,0.9576806066666667,0.1845270838333333,0.9429881716666667
2018-09-04,49280332666666.664,19963416666666.668,22.90980933333333,19.985257666666666,3429591900000000.0,5333470900000000.0,3453728500000000.0,3221153000000000.0,2068307800000000.0,468918433333333.3,310.0493466666666,0.8752707533333334,0.17460787,4.711321766666667
2018-09-05,41222905500000.0,14124348000000.0,,,,,2623827300000000.0,,,245246975000000.0,305.335145,1.0644059000000001,-0.28719554999999997,0.44881809
2018-09-06,33467902571428.57,15449593571428.572,17.4097535,19.908183,3935741866666666.5,8528152500000000.0,2881645714285714.5,657357572000000.0,1710775620000000.0,336408647142857.1,303.9164085714286,0.73624313,0.6884199034857144,3.5668899045714286
2018-09-07,37061920400000.0,17711091000000.0,,,4717077860000000.0,1.7018999368e+17,2908953340000000.0,391669953333333.3,1032624290000000.0,360406880000000.0,309.16893,0.8853089860000001,-0.51747071,0.8707913059999999
2018-09-08,34745982666666.668,15697762333333.334,,,,,2563042733333333.5,,,308322563333333.3,296.65459000000004,1.2066683,-0.06869905666666666,1.0330697266666666
2018-09-09,29954724500000.0,19606062000000.0,,,3.0011807125e+16,7648180670000000.0,3158357050000000.0,1571036400000000.0,2429587800000000.0,414369120000000.0,299.9066,0.9722223999999999,0.3810678745,0.67804866
2018-09-10,36341565400000.0,16515976400000.0,24.406097600000003,20.307288,3625626150000000.0,2.3774357075e+16,3340634220000000.0,2520900225000000.0,1932653350000000.0,376752414000000.0,304.257424,0.771961752,-0.09616231500000003,0.8702769079999999
2018-09-11,32799677050000.0,16168576333333.334,23.756137000000003,21.248021,1.0184795266666666e+16,5305374541666667.0,2836620700000000.0,536355613333333.3,1437363166666666.8,355176241666666.7,308.392335,0.802088215,0.26423813649999994,0.9459581916666667
2018-09-12,32683310200000.0,16558404200000.0,32.623401,18.507043333333332,9754079000000000.0,4453440800000000.0,2647358820000000.0,52233180000000.0,962541550000000.0,288529094000000.0,272.907338,0.9839396260000001,-0.131239473708,0.5914700814
2018-09-13,43766474666666.664,16955774666666.666,,,,,2929381200000000.0,,,365747403333333.3,275.37705666666665,1.1647303666666666,0.8094821066666666,0.75695945
2018-09-14,44452839000000.0,17182572000000.0,,,2.4105873e+16,1.0738627e+16,3025969250000000.0,2906582300000000.0,2629290700000000.0,340961300000000.0,296.208025,1.1348821500000001,-0.41624472,1.0259315500000001
2018-09-15,33694870375000.0,13279751125000.0,,,1.0632276e+16,4569516900000000.0,2575587662500000.0,-410582783333333.3,1103427166666666.6,230894618750000.0,293.15729375,1.4659587325,0.12964230403749996,4.99091995525
2018-09-16,36477376666666.664,16549838333333.334,8.084888666666666,19.498105166666665,-3650075020000000.0,1.5169254446e+16,2834893433333333.5,315033399250000.0,1211393125000000.0,303298046666666.7,322.1378633333333,0.742022205,-0.8517906466666667,1.0505731566666665
2018-09-17,43920064333333.336,21002848333333.332,,,-2268302333333333.5,1.6565442533333334e+16,2153440766666666.8,-1446751890000000.0,1757865500000000.0,531356380000000.0,307.16995333333335,0.9185873299999999,-0.06925241100000001,1.4077697533333333
2018-09-18,28952519500000.0,18762395500000.0,,,1.4867836e+16,8355385000000000.0,2360677900000000.0,553111220000000.0,2328534500000000.0,364124790000000.0,284.41936499999997,1.2017444,0.8155511,0.736271795
2018-09-19,36517084400000.0,18998519600000.0,21.1498,22.359472,1.59092614e+16,8656721640000000.0,2829013560000000.0,564550544000000.0,1739191120000000.0,476609752000000.0,277.099832,0.93054316,-0.6645775756,0.9240078759999999
2018-09-20,40136898875000.0,16376632125000.0,23.718973,21.157293375,-2541304217500000.0,6500049437500000.0,3071778925000000.0,1415653822500000.0,1514299412500000.0,357920106250000.0,294.07072375,0.8383317299999999,-0.44020710225,1.54764622625
2018-09-21,11806296200000.0,19390077500000.0,26.912383,19.583067999999997,3.33098215e+16,1.05418825e+16,2945317050000000.0,1145619720000000.0,1430216400000000.0,381399840000000.0,284.41324,0.95601201,-0.8074131095,0.487124543
2018-09-22,30306135333333.332,13318848333333.334,,,,,2447962300000000.0,,,216844606666666.66,288.04283000000004,2.0091859666666667,0.061290216566666667,0.2161443333333333
2018-09-23,33180917500000.0,19211115250000.0,12.217466250000001,19.15152675,5664045425000000.0,4472822500000000.0,3481460575000000.0,3555381133333333.5,1810209766666666.8,368171945000000.0,319.71927,0.8932366675,0.07769898274999999,0.8491502365
2018-09-24,52281027000000.0,13492903000000.0,,,,,2682906033333333.5,,,201022536666666.66,342.8156833333333,1.4147784,-0.5418369233333333,0.64835338
2018-09-25,52691180142857.14,13614446142857.143,8.582100042857144,21.123202999999997,,,2570681942857143.0,,,228580604285714.28,344.97449714285716,0.7059632028571429,-0.16895389,0.9204054957142856
2018-09-26,32355870000000.0,13024294000000.0,,,,,2255078000000000.0,,,212699830000000.0,284.45346,1.98371325,0.1105213155,0.367043475
2018-09-27,26066112000000.0,18759434000000.0,16.131539666666665,20.555521666666667,6851355146666667.0,6495276766666667.0,2440322833333333.5,,,350191470000000.0,272.33557333333334,0.9149401733333334,0.28288286,1.0566101233333332
2018-09-28,40272603800000.0,14920432400000.0,17.317204,21.908443,-165344000000000.0,1.115434595e+16,2557058020000000.0,353229752000000.0,841555150000000.0,249350788000000.0,266.288678,0.9830374299999999,0.1589932232,0.81984005
2018-09-29,52252429666666.664,15056574000000.0,9.328917666666667,18.685351333333333,,,2540749633333333.5,,,266648520000000.0,295.23777666666666,0.7954289633333333,-0.08552307900000002,0.8009124466666666
2018-09-30,29760907714285.715,14737567714285.715,,,5719504261428571.0,1.6786898328571428e+16,2436476857142857.0,-95748391666666.67,1614367283333333.2,298054015714285.7,275.27209714285715,0.9057738157142857,-0.04569550857142857,0.9198410585714286
2018-10-01,50342873000000.0,21576734500000.0,14.721208,21.236003,-3312059950000000.0,7283453280000000.0,2315012200000000.0,215963880000000.0,1358858450000000.0,472600605000000.0,302.84164499999997,1.06662345,-0.38119674,0.911910685
2018-10-02,51504904250000.0,18631392750000.0,14.058751,22.69418,-7561703000000000.0,1.74529878125e+16,2747042025000000.0,1725298800000000.0,1711863600000000.0,383386422500000.0,316.479795,0.8650521,-0.43964613499999994,1.03339419
2018-10-03,57958853500000.0,14381658000000.0,,,,,3042525300000000.0,,,217443095000000.0,324.15576,0.83324295,-0.28990354300000004,0.29941167
2018-10-04,58139978333333.336,15876849666666.666,8.417473666666666,22.934817666666664,-861702566666666.6,1.3531877666666666e+16,2294698166666666.5,388062325000000.0,1544985700000000.0,331207240000000.0,311.3419333333333,0.7473914833333334,-0.13829624266666665,2.2142167866666664
2018-10-05,42219462166666.664,12564859000000.0,14.906969,23.10269,1915446300000000.0,1323597000000000.0,2073871966666666.8,-1033009450000000.0,1179051050000000.0,186437103333333.34,267.8215133333333,0.96117957,0.4291666066666666,0.8682035583333333
2018-10-06,29346313400000.0,20764542600000.0,14.7864958,21.661704399999998,1.16995632e+16,4.493142448e+16,2268818100000000.0,171788673600000.0,1555911340000000.0,492736608000000.0,260.30076399999996,1.08449344,0.170193274,1.2226638900000002
2018-10-07,42965044666666.664,16179427333333.334,,,,,1881794166666666.8,,,240839306666666.66,288.27242,1.4691794333333332,-0.24494636,0.8844994566666666
2018-10-08,52989680000000.0,18105584500000.0,,,522103160000000.0,704749470000000.0,1788234200000000.0,,,362569900000000.0,317.30893000000003,1.0839558,-0.880634675,0.98579535
2018-10-09,29004422833333.332,15231142166666.666,18.422265,24.6718625,3490016880000000.0,9815634960000000.0,2212752933333333.2,-431448274000000.0,1629627280000000.0,303782385000000.0,311.15720500000003,0.7844885966666667,0.201781097,1.2826368616666668
2018-10-10,30155596875000.0,15293154375000.0,,,1.1723911e+16,1.4424438942857142e+16,2074069350000000.0,-271191824285714.28,1748604850000000.0,290476311250000.0,292.45540375,0.8952241425,-0.71933533125,1.563765805
2018-10-11,39272960666666.664,21600793666666.668,20.957462666666668,21.306613,-7056941000000000.0,2.57557652e+16,2416074733333333.5,971106986666666.6,1681961166666666.8,486436476666666.7,275.34903,1.0423906666666667,0.40902094,1.4024792333333334
2018-10-12,44726013000000.0,21429395000000.0,17.411769666666668,22.69388533333333,1.17117089e+16,1.7020967266666666e+16,2733920766666666.5,1744623600000000.0,1772106500000000.0,510101320000000.0,271.95823333333334,0.9932737333333334,-1.1173447,1.6034476333333334
2018-10-13,33223042000000.0,17258051500000.0,13.3711165,22.726562,5865332000000000.0,4.70186355e+16,1995043650000000.0,-334746520000000.0,1776547200000000.0,434131200000000.0,284.795365,0.92234945,-2.57315815,1.27910295
2018-10-14,40021146428571.43,15373772428571.428,12.749850928571428,23.042384857142856,-5294850971428571.0,6.301533107142857e+16,2171341742857142.8,-156543961428571.44,1479621128571428.5,309138615714285.7,280.56715285714284,0.8484201771428571,0.7070425828571428,1.9844133157142856
2018-10-15,28486919757142.855,16800628142857.143,8.147842014285715,24.056978571428573,4724863114285714.0,1.7975052971428572e+16,2161185700000000.0,-142485465714285.72,1498099542857142.8,373077811428571.44,287.3257742857143,0.8379134328571428,0.17583393642857145,1.1924213142857145
2018-10-16,24231352000000.0,20907731000000.0,,,7508350150000000.0,1.198196e+16,2025414450000000.0,-303615500000000.0,1666212300000000.0,389355520000000.0,288.16268,1.116107,2.2270161,1.6025502999999999
2018-10-17,46895400333333.336,21530834000000.0,11.235527,22.774719666666666,-1.4692567533333334e+16,2.1025825866666668e+16,2481416633333333.5,1755450100000000.0,1813310433333333.2,467933676666666.7,299.26892333333336,1.0012635433333335,-0.22102486666666663,1.5137447000000002
2018-10-18,41163432833333.336,17942594333333.332,15.645827500000001,24.405393333333333,-4084805933333333.5,6699829036666667.0,2201068766666666.8,639626150000000.0,1858395950000000.0,386394020000000.0,275.27256,0.9856137616666668,0.355166405,1.4611882166666668
2018-10-19,43720560750000.0,11906889125000.0,19.8096025,22.54961025,,,2236879387500000.0,,,189490303750000.0,278.15652375,0.9273106625,-0.077210518625,1.03396556325
2018-10-20,52174424666666.664,14787602333333.334,5.1211211,21.797503333333335,,,2182306833333333.2,,,262638263333333.34,279.2140733333333,0.8547097133333333,-0.6483688866666667,0.7609751666666668
2018-10-21,40830353000000.0,19614302000000.0,9.925301000000001,20.344002,-9895707600000000.0,2.32083855e+16,2359403400000000.0,1206999700000000.0,1780267450000000.0,457936510000000.0,294.58155,0.960773625,-1.12890105,1.11566458
2018-10-22,44251435000000.0,19458073800000.0,13.08873,24.831814,-1724625540000000.0,7.003593352e+16,1835447760000000.0,330278728600000.0,1580577880000000.0,385633832000000.0,272.702972,1.0259000600000001,0.44583970199999995,1.858951288
2018-10-23,43485945000000.0,12146457000000.0,,,,,1621212533333333.2,,,193652890000000.0,320.65654666666666,1.6301842333333332,-0.08853792333333337,2.6560452
2018-10-24,53625605000000.0,10960200666666.666,,,,,2003731100000000.0,,,166654193333333.34,362.9711116666667,0.9334118333333334,-0.4273916016666666,1.099375935
2018-10-25,34362375666666.668,13548270333333.334,,,,,2141917000000000.0,,,226759700000000.0,309.51516999999996,1.0055106833333334,0.4484792333333334,1.1275208666666667
2018-10-26,25624631666666.668,18082226000000.0,7.876718133333334,20.676963333333333,1053793120000000.0,1351149533333333.2,2234125166666666.8,1542733575000000.0,1660056400000000.0,336860620000000.0,302.66455333333334,0.9555840133333332,0.44493742199999997,0.9258748366666668
2018-10-27,42073813200000.0,12073301200000.0,,,,,1948404240000000.0,582945630000000.0,996374520000000.0,179261162000000.0,301.799778,1.2215430600000001,-0.39525444540000004,0.7824229380000001
2018-10-28,42100686000000.0,13064339500000.0,6.799088449999999,21.34329,,,2188503950000000.0,,,200040460000000.0,288.548035,0.9223207,0.014590736500000003,0.269518765
2018-10-29,45357880000000.0,10421713857142.857,,,,,1880029728571428.5,-1161553800000000.0,1556386100000000.0,157377957142857.16,274.7016842857143,1.693130742857143,-0.45113255999999996,0.5698231657142857
2018-10-30,26780254500000.0,12839755000000.0,,,,,2522121200000000.0,,,193444960000000.0,284.43935999999997,0.9287973,-0.4795314535,0.4215301125
2018-10-31,47368944400000.0,15418912000000.0,15.33510775,19.36726025,,,3099510780000000.0,5769143500000000.0,2320641900000000.0,236710146000000.0,309.92030600000004,0.8174746020000001,0.289786542,1.447554568
2018-11-01,44348434333333.336,13876040333333.334,13.266172666666668,19.048151,,,1996865300000000.0,,,231496290000000.0,285.46683333333334,0.9252630666666667,0.6485139591666668,0.9859578889999999
2018-11-02,39417413000000.0,10752878000000.0,,,,,2619368250000000.0,,,171881660000000.0,273.768815,1.66360945,0.150903095,2.28838182
2018-11-03,37614614800000.0,11125064200000.0,,,,,1674619560000000.0,572083360000000.0,1771753700000000.0,163948484000000.0,264.402276,1.501665466,0.091068379,6.8436120549999995
2018-11-04,46310207400000.0,15202793800000.0,10.289570000000001,18.3319056,,,1329944340000000.0,-1445662266666666.8,1229055266666666.8,212272974000000.0,259.56131799999997,0.9714849799999999,0.5925705,1.6034335
2018-11-05,37534713000000.0,13672191500000.0,,,,,1435535000000000.0,,,207089930000000.0,269.45811000000003,0.97202477,-0.17499542,0.42496233
2018-11-06,49446920000000.0,12998870000000.0,21.411293,19.367483,,,1492794500000000.0,,,196688006666666.66,293.94851,1.0330355,0.6442302799999999,4.8911347
2018-11-07,39005282666666.664,10836123500000.0,15.945401333333331,20.429532666666667,,,1634458866666666.8,1263570800000000.0,1723252766666666.8,178217248333333.34,307.4466816666667,1.0730448833333333,-0.6937743583333332,1.52225025
2018-11-08,37697083000000.0,12438329000000.0,14.711372777777777,18.51890722222222,,,1996401188888889.0,2330359366666666.5,1558168533333333.2,189095468888888.88,309.88065666666665,0.9400784566666667,1.246797211111111,2.0094502666666667
2018-11-09,39429261333333.336,15455777000000.0,13.199291666666667,22.725812666666666,,,2059923500000000.0,1071577760000000.0,1359787000000000.0,240177046666666.66,301.4670233333333,1.0425179666666666,-0.19565121,0.9244216333333334
2018-11-10,52487113666666.664,13598198000000.0,,,,,1768583000000000.0,,,219125290000000.0,308.17456666666664,1.4912863333333333,-1.4233372666666666,1.1451836
2018-11-11,45575052666666.664,12567555000000.0,,,,,2062132000000000.0,,,188047760000000.0,301.7199766666667,1.1145758000000001,0.6598965733333334,1.3738078333333335
2018-11-12,35266540285714.29,10410537000000.0,11.520666,26.649152,,,1928473228571428.5,1192274827000000.0,1839489150000000.0,162727745714285.72,290.74678857142857,1.3148276142857145,-0.2874489571428572,1.6175515042857143
2018-11-13,36454821000000.0,9913825714285.715,,,,,2006583514285714.2,1786319450000000.0,1375856250000000.0,152221502142857.16,281.5059714285714,1.5473464099999998,0.1993225528571429,1.1226472257142857
2018-11-14,56446968500000.0,13074213500000.0,10.242956,24.52207,,,1571529800000000.0,,,189802785000000.0,313.88444000000004,1.17174355,0.25853489999999996,1.1100439500000001
2018-11-15,53129793000000.0,14973852000000.0,5.6996532,24.4265595,,,1727469450000000.0,,,252555390000000.0,310.90263500000003,1.0683315,0.769320463,4.592778
2018-11-16,45967130750000.0,12055689500000.0,7.5708839999999995,20.785263999999998,,,1415954012500000.0,-352783200000000.0,1727177650000000.0,192089332500000.0,320.1372325,1.25579635,0.47914893025,2.3689951125
2018-11-17,33950358375000.0,12964265375000.0,7.394472633333334,24.99619266666667,,,1670700737500000.0,-307703395000000.0,2270211550000000.0,215736605000000.0,302.120405,1.1054995125,0.25453579250000014,2.3678297500000003
2018-11-18,44138883500000.0,12405008500000.0,8.627244,23.925503,,,1433015000000000.0,,,214684895000000.0,338.66035999999997,1.1120909499999998,-1.1464101850000001,1.21373235
2018-11-19,50668067000000.0,12872834000000.0,5.36835,22.733446,,,1331101150000000.0,,,197244425000000.0,332.7256,1.2068802500000002,1.5452692799999999,1.283011325
2018-11-20,46456820750000.0,15065402250000.0,6.61579065,20.38002925,,,1271935525000000.0,-1913493480000000.0,1626958000000000.0,212139822500000.0,347.739875,1.222139325,1.678168925,2.7686542750000003
2018-11-21,51089882750000.0,12134498750000.0,8.752365000000001,21.203160500000003,,,1230188960000000.0,,,186879477500000.0,299.5737625,1.440794125,1.9468750875,1.868706775
2018-11-22,37251306666666.664,10290643333333.334,,,,,1109986650000000.0,,,197357535000000.0,297.5215,1.3054363333333334,-0.3545526483333334,1.5924282666666667
2018-11-23,33367067000000.0,12198897333333.334,,,,,1191759800000000.0,,,197304790000000.0,300.6977133333333,1.2442393666666665,0.8675309166666666,1.5777453666666668
2018-11-24,38366060666666.664,12872849333333.334,,,,,1592684766666666.8,638177400000000.0,1459289100000000.0,178758766666666.66,337.64177666666666,1.5267755333333335,0.0909870533333333,1.8133858
2018-11-25,47945915000000.0,12325932500000.0,,,,,1592811525000000.0,-553873280000000.0,1538519250000000.0,178544432500000.0,348.252165,1.49967565,1.31906589,2.191714675
2018-11-26,36434403333333.336,13109447000000.0,5.237196366666667,21.866820333333333,,,1606991833333333.2,,,196209163333333.34,360.2132766666667,1.3952003,3.3850948466666666,3.585758366666667
2018-11-27,43047517428571.43,11624881714285.715,4.726324320000001,25.2459766,,,1596621800000000.0,,,170919264285714.28,364.6058385714286,1.5248216285714287,-0.6645553514285714,3.8077182428571428
2018-11-28,53111403000000.0,12993666666666.666,2.190773,20.68597,,,1663603866666666.8,,,196005193333333.34,325.53110666666663,1.3450011,0.6752509733333333,1.6737740333333333
2018-11-29,40491272600000.0,16916416400000.0,1.7864441599999998,22.6778394,,,1439679540000000.0,-328396433333333.3,1848694633333333.2,250581284000000.0,362.460886,1.35517318,3.7057911199999998,4.05113772
2018-11-30,26577042000000.0,17135654000000.0,2.0864222,31.269697,,,1275402700000000.0,-1935119000000000.0,3106337100000000.0,346725680000000.0,301.80328,1.5173562,-3.9464825,5.18295695
2018-12-01,48472046666666.664,12419453666666.666,,,,,1231550933333333.2,,,185180736666666.66,299.77395666666666,2.3637601666666668,-2.2080417333333333,3.379741333333333
2018-12-02,42321230166666.664,10582806833333.334,3.761207466666667,33.305579,,,1268975666666666.8,,,147456110000000.0,288.54646166666663,2.0325962333333334,-0.011188033333333328,7.8390654500000005
2018-12-03,40943949600000.0,11266667600000.0,,,,,1590918680000000.0,416899510000000.0,1562078700000000.0,168313998000000.0,296.552278,1.71408864,-0.7761709,1.8761814
2018-12-04,33306046000000.0,13044063500000.0,,,,,2149967800000000.0,,,183096645000000.0,302.00587,1.67456045,1.17324642,1.823622
2018-12-05,40853743333333.336,14619361000000.0,5.8290875,25.789201499999997,,,1130847433333333.2,,,221312690000000.0,335.31846,1.6724567,-1.2474912999999999,3.6028338333333334
2018-12-06,34977773500000.0,15671891333333.334,6.040978,33.4736,,,1027041133333333.4,,,249726616666666.66,287.432895,1.9793591833333333,1.3166672666666666,7.217256833333334
2018-12-07,42157510625000.0,10161332625000.0,,,,,911609333750000.0,-1520153100000000.0,1591674950000000.0,140790046875000.0,275.40345125,2.4194107875,2.02970058125,3.514099575
2018-12-08,41714494000000.0,11211756750000.0,,,,,1621181225000000.0,849740560000000.0,1612067300000000.0,160502290000000.0,254.6891575,2.201880625,0.6064812749999999,1.600259075
2018-12-09,46502003000000.0,13755622000000.0,10.415548,24.591599333333335,,,1884437166666666.8,,,215686210000000.0,341.4378266666667,1.7230085666666666,0.19776150000000012,2.7232107333333335
2018-12-10,55460581333333.336,12341913333333.334,,,,,1448088800000000.0,,,177309710000000.0,353.5239966666666,2.0944633666666665,-2.3422125333333335,3.0755315333333333
2018-12-11,40807400142857.14,11245468857142.857,,,,,1587415214285714.2,,,166014411428571.44,368.94746285714285,2.1878321142857144,5.972933471428571,5.362289242857143
2018-12-12,41761143285714.29,10610063000000.0,4.5584020999999995,31.600469,,,1546889057142857.2,3590239750000000.0,2122121400000000.0,158819154285714.28,366.56289428571426,1.997442542857143,-0.4830424122857143,5.3677544
2018-12-13,38102314000000.0,11913469000000.0,5.206311,24.287628,,,1865395900000000.0,,,191066740000000.0,382.6689,1.7939068,1.1694973,2.66683555
2018-12-14,34495978333333.332,13660084000000.0,,,,,2121242966666666.8,,,193231720000000.0,337.7624,2.0668051333333337,3.8164755333333336,3.2247041000000003
2018-12-15,41445439500000.0,13169095000000.0,5.80243445,30.168877000000002,,,1295888475000000.0,,,178945377500000.0,339.5510425,2.1934233,4.32571405,6.179604375
2018-12-16,35670572333333.336,10082670333333.334,,,,,1619224816666666.8,,,142908182666666.66,330.3882633333333,2.40344265,2.1802310499999997,3.048060916666667
2018-12-17,41403738000000.0,11317220500000.0,,,,,1936435200000000.0,,,142693270000000.0,294.43170499999997,2.21616495,-0.711933715,1.5777850999999998
2018-12-18,47505618000000.0,13776726000000.0,5.9147096,25.641052,,,1869289300000000.0,,,172243650000000.0,330.581865,1.83053745,3.6860324,2.7987537500000004
2018-12-19,36024275000000.0,12458296750000.0,4.29941935,24.4938475,,,844723172500000.0,,,170770037500000.0,297.36564250000004,2.035242075,0.9726021549999999,3.312067375
2018-12-20,48041513333333.336,12077664666666.666,5.1650143,30.157562,,,1014720833333333.4,,,173102756666666.66,269.57367,2.511638666666667,0.2740190333333331,3.280413633333333
2018-12-21,46771486000000.0,10407607800000.0,,,,,1351025720000000.0,,,137376522000000.0,308.221454,2.33360988,-1.04083062,3.2342984
2018-12-22,47759294000000.0,11772348000000.0,,,,,1030832766666666.6,,,164108520000000.0,295.20540666666665,2.0064465,3.0619098333333334,1.7709249
2018-12-23,37357102333333.336,13501433333333.334,6.126758,28.858857333333333,,,1355799533333333.2,,,197060906666666.66,316.13739,1.824457566666667,1.5084392166666667,4.4225576
2018-12-24,51044039333333.336,13689620666666.666,6.2112308,27.5063,,,1935201766666666.8,,,198793360000000.0,349.82097666666664,2.096054533333333,-2.8397555333333337,4.332338066666666
2018-12-25,50746127333333.336,12659357666666.666,,,,,1134308250000000.0,,,154256765000000.0,292.32862,2.6126042666666667,-1.22776552,3.119010266666667
2018-12-26,42923974333333.336,10698647000000.0,6.610371233333333,30.035700000000002,,,867282516666666.6,,,150704906666666.66,306.3330266666667,2.6107225333333335,0.3014292,8.481119366666666
2018-12-27,43589482500000.0,12592588500000.0,8.998365,31.283743,,,915070800000000.0,,,185411365000000.0,307.723065,1.8419359499999999,3.20814229,2.4915563499999998
2018-12-28,51329895750000.0,14111536500000.0,10.872292625,28.4908955,,,1009040502500000.0,,,192545525000000.0,310.394185,1.799838075,-1.4677329749999999,5.65855845
2018-12-29,38234832500000.0,14919549500000.0,8.737976,22.371899,,,1183246350000000.0,,,228445125000000.0,347.83244,1.81882095,3.15968815,4.94668335
2018-12-30,48279555500000.0,12080508500000.0,,,,,1088864450000000.0,,,161234685000000.0,359.85533499999997,2.35267675,-3.5166535,5.2853119500000005
2018-12-31,39967933600000.0,11001709100000.0,7.412986,34.43203,,,1265781921000000.0,,,152990465000000.0,334.741777,2.36355125,0.78844257,10.78485626
2019-01-01,52937629600000.0,10906363600000.0,,,,,1095735368000000.0,-1254030100000000.0,1482033550000000.0,166096770000000.0,353.13637600000004,2.11466662,-0.2454767799999999,2.91754672
2019-01-02,43183190666666.664,15279091333333.334,6.7401137,31.164118,,,781297613333333.4,,,198552523333333.34,315.02951333333334,1.8549977000000002,0.05699113333333342,4.180336
2019-01-03,58288664500000.0,12598423000000.0,5.069575,31.797604,,,536296900000000.0,,,199367505000000.0,307.725065,2.0652511000000002,5.728267450000001,2.9509231
2019-01-04,49468040250000.0,11690043750000.0,5.18767465,27.1081925,,,559236792500000.0,,,163214910000000.0,314.14738750000004,2.3903187,-3.1262831,8.8659344
2019-01-05,54427539333333.336,10796427000000.0,5.2780891,26.23457025,,,597697716666666.6,-6391337500000000.0,1848975500000000.0,147350200000000.0,373.642485,2.025176083333333,-2.740483616666667,5.83699425
2019-01-06,80778898666666.67,26950626333333.332,3.4924164999999996,24.864715333333333,,,590331493333333.4,-4509975000000000.0,1570540800000000.0,176986430000000.0,384.90742,1.5758988666666667,-15.924908766666666,5.453583466666667
2019-01-07,55652512000000.0,13685441500000.0,5.51128415,26.773074,,,1010741435000000.0,,,224925865000000.0,315.54665,1.62223535,-2.3386005799999996,3.0912583
2019-01-08,37572730000000.0,13439764000000.0,,,,,1435183500000000.0,,,196607475000000.0,308.452815,2.06745685,4.06255515,3.2750161
2019-01-09,37673830857142.86,11188920285714.285,4.802916683333334,26.421406333333334,,,1200567071428571.5,,,157120568571428.56,327.27295428571426,1.7951951428571429,0.6191322100000001,5.655733064285714
2019-01-10,49944116200000.0,11470390400000.0,5.0106891,24.1155484,,,1457346780000000.0,3056388000000000.0,1891498100000000.0,163488636000000.0,385.54592,1.63008518,2.83768646,4.893871760000001
2019-01-11,54293951500000.0,14801128500000.0,6.9488816,27.443679500000002,,,1536770650000000.0,,,202612725000000.0,363.760195,1.42080705,-0.1839587835,83.78661615
2019-01-12,45527280000000.0,15041312000000.0,7.56147435,20.2044925,,,1449111100000000.0,,,211595920000000.0,430.847915,1.4182657,-1.4688305499999998,6.1482356
2019-01-13,49979998800000.0,11811565600000.0,8.326480499999999,31.11977,,,1147594810000000.0,,,170076100000000.0,401.64370599999995,1.8718391,2.5329167200000002,5.17824084
2019-01-14,49874075875000.0,10058595125000.0,,,,,1139641931250000.0,,,148677580000000.0,378.29044,1.9893168125,1.5088928925,3.5325087875000003
2019-01-15,52901575000000.0,11642042000000.0,3.724199,29.173786,,,1312854450000000.0,,,162196560000000.0,427.89502,1.3321385499999998,-1.896528923,1.2804091249999998
2019-01-16,53188765000000.0,14499051666666.666,6.176229500000001,20.589501666666667,,,1461474350000000.0,2304741700000000.0,2507743400000000.0,226379426666666.66,391.96351,1.1812028,-1.3562827666666664,4.486856
2019-01-17,40341530400000.0,11823938600000.0,,,,,1473647020000000.0,352506074000000.0,1433739400000000.0,171544418000000.0,340.62127799999996,2.14575702,-0.274632704,2.3605317599999998
2019-01-18,42751596666666.664,10350373666666.666,,,,,3200174633333333.5,,,163244843333333.34,374.19453666666664,2.142901333333333,-0.8220456733333333,1.9081983666666666
2019-01-19,46615996000000.0,10446612333333.334,3.9359192500000004,25.836899000000003,,,1391532483333333.2,,,144964256666666.66,381.08769666666666,1.4905540833333333,-0.43747464499999994,2.411444983333333
2019-01-20,53736322000000.0,10872316333333.334,,,,,1791527500000000.0,,,163086366666666.66,405.32404333333335,1.3543858,-0.9738691333333334,2.0588840333333334
2019-01-21,76809949333333.33,12947358333333.334,2.6026909000000003,26.099164000000002,,,1141220546666666.8,-1423879500000000.0,1350854900000000.0,201111216666666.66,445.6809766666667,1.2441449666666669,3.179681066666667,2.4937468666666667
2019-01-22,58568820000000.0,12880998000000.0,4.821415475,22.0715845,,,1726055925000000.0,1729295700000000.0,1482266950000000.0,196002142500000.0,417.3492625,1.3871742999999999,-3.2756424975,3.7565089325
2019-01-23,37649171000000.0,12975597666666.666,4.906614233333333,22.11706033333333,,,1421057200000000.0,,,187146116666666.66,426.3966266666667,1.3802902,0.9829092999999999,5.263719533333334
2019-01-24,39552460714285.71,11663157857142.857,6.008654914285715,20.332281428571427,,,1474309842857142.8,1939923946666666.8,2198440700000000.0,170435005714285.72,439.0837042857143,1.3220290514285715,2.834000647142857,3.916023202857143
2019-01-25,47205797500000.0,11076543000000.0,,,,,1394033950000000.0,,,160599985000000.0,417.5434,2.1964196,1.128582075,1.0196591000000002
2019-01-26,62038571400000.0,12593541800000.0,5.25169185,23.3643875,,,1747195420000000.0,943007018866666.6,1224843400000000.0,190601200000000.0,441.10579799999994,1.1765987199999999,1.283436054,1.6894870999999998
2019-01-27,45999606500000.0,12725235500000.0,4.4861035000000005,20.3866855,,,2421545500000000.0,,,196917495000000.0,388.74732500000005,1.20433735,-0.333498045,2.35385195
2019-01-28,48931560000000.0,10609771500000.0,,,,,1347270600000000.0,,,165210610000000.0,370.61169500000005,1.8549058500000002,-2.2779199500000002,3.7071321
2019-01-29,49484473714285.71,9870329285714.285,8.0816345,30.874203,,,2100168271428571.5,,,153340072142857.16,402.1769614285714,1.4256839142857143,0.11672030000000008,3.9419338914285715
2019-01-30,53701901200000.0,13109464600000.0,6.1519300800000005,22.936866000000002,,,3023396840000000.0,6084111433333333.0,2371065500000000.0,181904908000000.0,400.280302,0.977381014,0.30766924599999995,2.8043397199999998
2019-01-31,52658963500000.0,12952453500000.0,8.971922,22.496962500000002,,,1602050050000000.0,,,192650915000000.0,359.62489500000004,0.9727413,-0.48966087,9.58494265
2019-02-01,32592402000000.0,12361005000000.0,,,,,2243038450000000.0,,,177375575000000.0,358.285385,1.1680673000000001,-0.804027085,5.480215100000001
2019-02-02,41852719000000.0,10673849400000.0,,,,,1546510520000000.0,-48370413433333.336,1527390800000000.0,155987290000000.0,325.338904,1.58454594,-0.805065542,2.846860788
2019-02-03,44212450428571.43,11351131428571.428,,,,,2012206042857142.8,2772830240000000.0,1946414787500000.0,162365978571428.56,328.3590414285714,1.4711959,-0.27534686142857134,3.3324914357142856
2019-02-04,59020256333333.336,11449790000000.0,10.214386,22.1354,,,2087581766666666.8,2259429800000000.0,1187493000000000.0,160334216666666.66,372.47596,0.9579702233333333,0.34506506333333337,2.7524519
2019-02-05,60449408333333.336,12755071000000.0,2.821641,18.822088,,,1741338633333333.2,,,186076340000000.0,366.48596,1.0094207866666667,0.15456226500000003,0.90117811
2019-02-06,74817845000000.0,11332673500000.0,,,,,1957088350000000.0,,,170463910000000.0,391.65657999999996,1.09249345,2.2400177,1.2418772
2019-02-07,48010808000000.0,10753229285714.285,8.887366,29.325796,,,1851299900000000.0,1033143275000000.0,1524929350000000.0,169230144285714.28,313.6504342857143,1.0781519642857142,1.3232717242857142,2.082805314285714
2019-02-08,43942028800000.0,11401574800000.0,10.479475,24.063589999999998,,,2269584420000000.0,2604795800000000.0,1321661350000000.0,167979494000000.0,325.166058,1.011998332,-0.746879844,1.7418169679999997
2019-02-09,41557798666666.664,13330519333333.334,,,,,2434942500000000.0,,,210403540000000.0,384.79396333333335,1.2872732666666666,-1.1467653333333334,5.811345033333333
2019-02-10,72018137000000.0,13240529500000.0,5.720723749999999,26.000923,,,2032853000000000.0,,,212899010000000.0,460.114395,0.890592,-0.14657084999999997,3.1908942
2019-02-11,53903996000000.0,12022426400000.0,,,,,1724475180000000.0,-534637600000000.0,1081026490000000.0,172683104000000.0,440.331848,1.571337548,0.5115987599999999,1.33007442
2019-02-12,59612074250000.0,10858315000000.0,6.2925957,27.644016,,,1751243862500000.0,,,157156052500000.0,443.96278,0.8388071475000001,-0.58199397875,1.85694224125
2019-02-13,45240476000000.0,10831399500000.0,,,,,1319452150000000.0,,,169025260000000.0,366.70986,0.8568604,0.05983596999999999,1.509242325
2019-02-14,50742180666666.664,13010157666666.666,7.109886866666667,15.848763,,,1937294600000000.0,,,210978423333333.34,371.89416666666665,0.7418820199999999,-0.04495739000000002,1.0739655533333332
2019-02-15,49939682600000.0,12672662600000.0,,,,,1457424760000000.0,-752375630000000.0,860984000000000.0,183887266000000.0,349.112574,1.091607512,0.7500806786,1.0550938172
2019-02-16,47485452000000.0,13409765666666.666,10.864852333333332,18.268483,,,1582247433333333.2,,,204277123333333.34,351.5858166666667,0.8260981466666667,0.81017011,1.9236860666666666
2019-02-17,48345358500000.0,10192514333333.334,,,,,1778086433333333.2,,,162527678333333.34,343.534005,0.8460277416666667,0.09689824166666668,1.0343552383333332
2019-02-18,59204242333333.336,14724205333333.334,8.634153,17.677389333333334,-1.1747082e+16,1.90786697e+17,1802209033333333.2,1212371835000000.0,1376156680000000.0,234144826666666.66,299.43437666666665,0.88809722,0.24448584866666667,0.5231677633333334
2019-02-19,34540790666666.668,17922794000000.0,6.6218084333333325,18.047782666666667,3501756366666666.5,4830797400000000.0,3367262833333333.5,5219897366666667.0,2195738133333333.2,316447546666666.7,297.79904000000005,0.9286710266666667,-1.0740992333333332,1.8909662566666665
2019-02-20,61977682000000.0,13554679250000.0,6.87764265,21.221256500000003,,,2030461200000000.0,1127844450000000.0,1024829830000000.0,211343320000000.0,458.927185,0.744157075,-0.823155005,2.4726474499999997
2019-02-21,43652600333333.336,14283070333333.334,,,,,2014444233333333.2,88994730000000.0,2107593750000000.0,223128293333333.34,385.66742999999997,0.7045217333333333,-1.1759628333333334,2.6763067333333335
2019-02-22,46207737200000.0,14346988000000.0,2.4447657400000002,22.8996324,8261548850000000.0,5090583150000000.0,1679047200000000.0,-1531384527600000.0,1532201060000000.0,260762182000000.0,466.73560399999997,0.81572826,2.42202302,2.57246154
2019-02-23,52437815000000.0,13214177500000.0,,,,,1447805450000000.0,,,222270390000000.0,323.66569000000004,0.77757722,-0.8644023599999999,1.08383425
2019-02-24,45273546600000.0,14674552400000.0,11.414162999999999,19.5733756,843619250000000.0,4464381800000000.0,1466683580000000.0,-1074216650000000.0,928222250000000.0,236603790000000.0,310.54339799999997,0.793190176,-0.641726051,1.329870574
2019-02-25,53561029500000.0,14739992500000.0,5.3631340000000005,18.128324499999998,,,1960532950000000.0,,,249128070000000.0,357.47832,0.8413975,0.8931730499999999,0.74812095
2019-02-26,54746593500000.0,13198681000000.0,7.98594935,21.821663,,,1591149750000000.0,,,236099865000000.0,368.5272,0.71423883,-1.4866237,2.6108228
2019-02-27,38278878500000.0,10265608166666.666,,,,,1308129883333333.2,-3472677100000000.0,1536241633333333.2,168350453333333.34,304.44012833333335,0.82879457,0.16231979583333334,3.5013823116666667
2019-02-28,64354554200000.0,12830604000000.0,,,-2422766066666666.5,6828799000000000.0,1743544580000000.0,-944693283333333.4,873706233333333.4,204312292000000.0,427.66258,0.731883996,-0.28986464,1.635398754
2019-03-01,63991255333333.336,14261027000000.0,,,,,1630190500000000.0,,,227511023333333.34,402.07159,0.6834561133333333,0.7006916033333334,0.61219488
2019-03-02,67191269000000.0,14796859500000.0,2.5881322,20.522387000000002,,,1882950750000000.0,,,245872315000000.0,451.623485,0.641738565,0.27069728,0.525229615
2019-03-03,54452605500000.0,11863754500000.0,,,937529150000000.0,3102970100000000.0,1581453275000000.0,-2366243150000000.0,1184969300000000.0,175518377500000.0,342.598945,0.675265105,0.20078214625000002,0.74518533
2019-03-04,53982516000000.0,11442981000000.0,,,-6891258150000000.0,1.065271523e+17,2304167666666666.5,22019275000000.0,855396920000000.0,175332595000000.0,374.1010983333333,0.8575986250000001,0.27019214666666663,1.0493332016666665
2019-03-05,53645173200000.0,13515975800000.0,7.27526885,21.4440295,-9678952950000000.0,1.415203055e+16,2497855700000000.0,646272835000000.0,824600280000000.0,200282354000000.0,403.714902,0.622751532,0.34281057400000003,0.8516096940000001
2019-03-06,31935420500000.0,20744210000000.0,2.87603925,20.181928499999998,-1.018565275e+16,1.5788705e+16,2711594700000000.0,1078792950000000.0,1504643650000000.0,466141535000000.0,410.73933999999997,0.75544615,-1.915503215,1.331678675
2019-03-07,48672239000000.0,16432716333333.334,,,,,2132576400000000.0,,,271240750000000.0,399.3256333333333,0.8307553666666667,0.9433067999999999,1.2733102433333332
2019-03-08,42955557625000.0,15099961125000.0,9.696135125000001,21.565908,1.12050025875e+16,6.26781578375e+16,2849321012500000.0,1294221876250000.0,1827667037500000.0,292775403750000.0,396.84501375,0.69403998625,0.22501247124999998,3.2292115624999997
2019-03-09,45300645714285.71,16401706285714.285,5.285623128571428,20.66442957142857,-1.4001482116666666e+16,2.41972117e+16,2275821857142857.0,-1200318980000000.0,1503046623333333.2,263796291428571.44,395.99129428571433,0.6949531557142857,-0.9730515821428571,1.69573252
2019-03-10,61267977666666.664,14905010666666.666,,,,,2556253866666666.5,,,207488983333333.34,422.06894000000005,0.6857064666666667,0.7857958933333333,0.5519039533333333
2019-03-11,49601175000000.0,18108694333333.332,4.706532466666666,18.696076666666666,411360190000000.0,625835304000000.0,2561690100000000.0,1900675200000000.0,1960083200000000.0,289810230000000.0,474.25836,0.6564548,0.8390366605,0.541292201
2019-03-12,66018363200000.0,14830369600000.0,4.15825942,19.7310944,6197331333333333.0,1.4208400866666666e+16,2569987460000000.0,961432700000000.0,1206829416666666.8,251698056000000.0,499.590424,0.64622421,-0.24405734040000002,1.97932584
2019-03-13,42396103750000.0,14588500500000.0,7.703399675,22.1576865,6916253020000000.0,1.101046492e+16,2644229687500000.0,2571087390000000.0,2121673620000000.0,248726857500000.0,381.96787875,0.71215742875,0.2785312925,1.3814467237499999
2019-03-14,61483291500000.0,15727146000000.0,,,,,3253281100000000.0,,,266765080000000.0,476.83528,0.64196027,-1.54060027,2.43215315
2019-03-15,64138750000000.0,18475748500000.0,10.10421,18.8456755,-4577057350000000.0,1.49917585e+16,3168643950000000.0,2857693500000000.0,1808185000000000.0,330527360000000.0,437.28981,0.6609345799999999,1.1941603950000002,0.886943525
2019-03-16,74096419800000.0,15020911800000.0,8.0526785,21.129052,-4869155133333333.0,1.5434543266666666e+16,3631767240000000.0,3639327966666666.5,1602854966666666.8,233610372000000.0,443.44349600000004,0.698471542,-0.679586866,1.033902428
2019-03-17,43236431500000.0,15547851000000.0,13.3466795,20.6122275,,,2418415550000000.0,,,296528165000000.0,344.89265,0.71281173,-0.53986307,2.70594875
2019-03-18,46652096285714.29,11977960000000.0,,,,,2556368357142857.0,,,191448021428571.44,386.4990685714286,1.2521357571428573,-0.18564857585714284,0.4704153428571428
2019-03-19,60720230000000.0,13654048000000.0,,,,,2673482350000000.0,,,212920425000000.0,485.41829,0.699057415,0.10266549999999999,1.0093044500000001
2019-03-20,31560310666666.668,20583393666666.668,4.856170333333334,17.65778966666667,8962232333333333.0,4396447266666666.5,2066850066666666.8,332415310000000.0,1756806050000000.0,368252290000000.0,306.45151000000004,0.9214580566666667,0.319189432,3.587260843333333
2019-03-21,43257531750000.0,15115653250000.0,8.923393,17.377907,1.2541255e+16,7795457000000000.0,2311045400000000.0,-688033960000000.0,1036077000000000.0,251807310000000.0,314.2870825,0.9045115,-0.3128991774999999,0.9412442824999999
2019-03-22,36697565000000.0,17639396000000.0,5.122631800000001,20.440744000000002,4124444250000000.0,8215304250000000.0,2929961200000000.0,2047700850000000.0,2257737650000000.0,463223415000000.0,351.85701,0.7145414649999999,-0.19441574,5.0788364999999995
2019-03-23,35280836862857.14,16843346285714.285,8.0925141,20.82354785714286,-775428614285714.2,2.7015878514285716e+16,2385198228571428.5,402489421428571.44,1961068271428571.5,373666671428571.44,329.15675,0.7726692599999999,-0.26801389,1.4464833942857143
2019-03-24,58216051333333.336,19532748000000.0,5.0193431,21.316796333333333,-9504258800000000.0,1.0278818866666666e+16,2540117033333333.5,924665253333333.4,1586219900000000.0,424375910000000.0,397.25200666666666,0.78816539,-0.053911833333333305,1.7795102233333333
2019-03-25,61681813200000.0,16837087000000.0,6.3274916,16.946020750000002,-1083062300000000.0,3664218066666666.5,2607558140000000.0,1021544366666666.6,1058260283333333.4,280277598000000.0,481.437362,0.655387918,-0.15653091799999996,1.392999872
2019-03-26,61942149000000.0,16699060000000.0,,,,,2738937550000000.0,,,270254005000000.0,499.571505,1.1174152,-0.36453725000000003,1.4295846
2019-03-27,53060163500000.0,15036119000000.0,5.716404900000001,15.38160025,,,3716706450000000.0,,,268829375000000.0,385.583005,0.6449172,0.840370445,0.64052555
2019-03-28,50582648375000.0,13571828625000.0,5.92123324,17.0172876,-120149666666666.67,4.406614786666667e+17,2174745912500000.0,-1419808300000000.0,1380041700000000.0,235066223750000.0,341.047005,0.72606515,0.34228749375,2.63506437375
2019-03-29,47109788800000.0,14163576200000.0,11.446352,15.087354666666664,-2663729000000000.0,1.90655354e+16,2239767900000000.0,-1627753466666666.8,914521250000000.0,239744420000000.0,348.79598999999996,0.7141997019999999,-0.28161837914,0.9483814951999999
2019-03-30,29183230666666.668,21989332333333.332,6.7429975,18.270108000000004,1.4582399233333334e+16,3.8066053333333336e+16,2147740233333333.2,-2188709600000000.0,1972818633333333.2,613276040000000.0,319.4022333333333,1.04020875,0.7619472333333333,2.2387998133333333
2019-03-31,47263356500000.0,19281824000000.0,8.78653075,18.075597000000002,1.3233477e+16,7608333000000000.0,2822221150000000.0,1270546900000000.0,2133464700000000.0,336986255000000.0,348.08885,0.741078685,0.15165687499999997,1.08978325
2019-04-01,27250308250000.0,17461966250000.0,4.956770275,20.0605325,1.3057031e+16,7948545925000000.0,2853452475000000.0,505198950000000.0,1806009775000000.0,418360522500000.0,392.9686625,0.6517454925,0.029805772499999994,0.921340665
2019-04-02,38539878833333.336,18615278333333.332,4.960378666666666,19.0694315,5405912766666667.0,1.7099251016666666e+16,3037970383333333.5,1342846860000000.0,1918765950000000.0,466194926666666.7,348.75691166666667,0.7758841833333333,-0.5409145415,1.0233427216666666
2019-04-03,46125644000000.0,23389726800000.0,5.37115616,17.8174154,-986086560000000.0,1.19993859e+16,3075610800000000.0,1470102012000000.0,1956087180000000.0,602381064000000.0,328.272602,0.8915183640000001,-0.2682845,1.202957288
2019-04-04,39803828000000.0,21845854000000.0,4.2695548,17.718472,9252690200000000.0,6339611500000000.0,2888602150000000.0,-13717000000000.0,2330091700000000.0,655876325000000.0,342.39594999999997,0.909968475,-0.638563375,1.09647722
2019-04-05,39471709333333.336,19639479666666.668,4.820573200000001,18.111341,1.6005572666666666e+16,8291687900000000.0,2770920666666666.5,-604857056333333.4,1973244566666666.8,463422910000000.0,383.28555000000006,0.76586095,0.56393676,1.6396485333333333
2019-04-06,40456941142857.14,16237813428571.428,6.0677897,18.434938,6450749285714286.0,4089600475714285.5,3320749757142857.0,1303313120000000.0,1789783920000000.0,341579395714285.7,389.7661742857143,0.6752244142857142,-0.5157802072857143,1.2538694742857144
2019-04-07,35214049833333.336,16553592500000.0,8.741937199999999,19.1159875,1.1274849875e+16,1.291611875e+16,3097479966666666.5,639595982500000.0,1555970440000000.0,337057330000000.0,397.61155333333335,0.71879677,-0.339596215,1.2394313
2019-04-08,22359131666666.668,21867509333333.332,10.207724666666666,17.069208333333332,2.5092423e+16,9039728666666666.0,3605110200000000.0,2521353500000000.0,2090471166666666.8,498238960000000.0,379.56585666666666,0.76674598,-0.7170462666666667,1.1457067466666666
2019-04-09,46758534000000.0,15483388000000.0,,,,,2704762200000000.0,,,250519840000000.0,368.52815333333336,0.71502731,0.20287882666666665,0.4835932033333333
2019-04-10,42778073800000.0,16839297400000.0,5.361873075,17.673634,1.6913463666666666e+16,7807753000000000.0,2728000660000000.0,-998252083333333.4,1294042233333333.2,293507222000000.0,394.706658,0.74682541,0.32405379799999995,0.93700394
2019-04-11,46592328500000.0,13393955750000.0,,,,,2665011650000000.0,,,218931251250000.0,374.73214375,0.77755812375,-0.05873571375,0.6313862725
2019-04-12,37574298000000.0,19254857500000.0,3.67273425,16.5067345,4085543500000000.0,3640388800000000.0,3072400800000000.0,834810110000000.0,1876679550000000.0,471217375000000.0,374.32255499999997,0.7238811700000001,0.178628584,0.654717465
2019-04-13,31746326000000.0,22694549333333.332,4.6085750999999995,17.004365333333332,9623866333333334.0,2.3281562333333332e+16,2994385233333333.5,716767900000000.0,2132507900000000.0,637157603333333.4,398.01450666666665,0.8540088333333333,-0.6872267533333334,1.2637999333333332
2019-04-14,38258352400000.0,22665638200000.0,4.37823912,17.255152,-1970371520000000.0,1.5413600016e+17,2732967440000000.0,-858800000000.0,2054380075000000.0,510088060000000.0,403.00507200000004,0.782934834,0.32165659999999996,4.426050588000001
2019-04-15,49131211000000.0,18403490500000.0,,,-1.664665015e+16,1.47590948e+16,2259426100000000.0,,,384200205000000.0,382.111315,0.71539848,0.594411475,0.956887965
2019-04-16,36576492285714.29,16662946857142.857,7.37058635,19.6420205,4982442040000000.0,1.458743706e+16,2956136428571428.5,318572790000000.0,2142441366666666.8,365453172857142.9,347.78959285714285,0.8887518242857143,-0.23631552428571428,1.0266395071428571
2019-04-17,17151007666666.666,22400272666666.668,6.516279133333334,16.948934666666666,5096912100000000.0,7878414700000000.0,3765695366666666.5,2423603576666666.5,2179684466666666.8,576756300000000.0,333.35408666666666,0.9294988066666666,0.32344755333333336,1.1461429866666666
2019-04-18,34540265666666.668,22317221000000.0,,,9571026166666666.0,6326739133333333.0,3040827366666666.5,-455591633333333.3,2318328866666666.5,516376550000000.0,297.0561466666667,0.9798031666666667,0.36350845666666665,1.48222402
2019-04-19,35235415000000.0,23251826750000.0,6.045972225,16.94685225,1.0634821625e+16,9467358625000000.0,3164310275000000.0,-19291153500000.0,1822099900000000.0,556701950000000.0,338.73940500000003,0.9462784,-0.8553844675000001,0.8137283325
2019-04-20,33787025666666.668,17277654333333.334,,,4573970000000000.0,3200594900000000.0,2745071733333333.5,,,308564320000000.0,339.18920333333335,0.8315019566666667,0.08201162,0.8830832333333333
2019-04-21,50835057000000.0,13840777500000.0,,,,,3065913375000000.0,,,221227560000000.0,382.706885,0.78021006,0.41147000499999997,0.8977735475
2019-04-22,52453856500000.0,20869546000000.0,7.8590231500000005,16.6646125,-1.18554365e+16,1.83550685e+16,3149736300000000.0,-698961050000000.0,2011848800000000.0,473931290000000.0,321.498415,0.9345585000000001,-0.78250937,0.7979235
2019-04-23,40296859166666.664,23370918166666.668,7.104879366666666,16.1438655,7042172676666667.0,4221546825000000.0,3628570433333333.5,905574483333333.4,2034204916666666.8,587525943333333.4,334.50766833333336,0.933099005,-0.1681425433333333,1.1080693050000001
2019-04-24,37547342000000.0,21329350500000.0,6.72810865,16.815936,1.6068106e+16,6886952350000000.0,4051770050000000.0,1787222700000000.0,1780645300000000.0,489401950000000.0,343.562575,0.8098717,1.3011921,1.08450405
2019-04-25,39560564000000.0,17475639000000.0,16.740869,18.861299333333335,1.01274842e+16,4855011533333333.0,4083763900000000.0,,,394916423333333.3,333.5043866666667,0.74115868,-0.15717288508333332,0.44980159356666666
2019-04-26,28901971333333.332,17049839000000.0,19.173423,18.6424485,1.2176241916666666e+16,5487277700000000.0,3259947000000000.0,-231643725000000.0,2018158325000000.0,380275176666666.7,341.4164983333333,0.769492945,-0.09942266166666665,1.5071108083333333
2019-04-27,42462590200000.0,22608541000000.0,17.950224,17.314427799999997,-1107126020000000.0,9380644320000000.0,3220012720000000.0,30190634000000.0,1908729520000000.0,538309994000000.0,346.749438,0.880056452,0.08161215199999998,1.02132441
2019-04-28,38153325000000.0,23624821000000.0,15.410671,17.02308533333333,6478232746666667.0,3820563346666666.5,3467924366666666.5,1051365900000000.0,2697774633333333.5,651339053333333.4,324.58026666666666,0.96054085,-0.8467533700000001,0.7067004366666666
2019-04-29,44146258500000.0,22853317500000.0,6.80012185,17.430001,4390626650000000.0,1.12661343e+16,3239231700000000.0,-338641050000000.0,2350806850000000.0,576860940000000.0,356.886445,0.84397265,-0.10558179499999999,0.318011645
2019-04-30,25692140500000.0,18925722250000.0,7.9581573,18.5772745,1.3477438375e+16,9583063350000000.0,3741515300000000.0,187514150000000.0,2068388750000000.0,439968700000000.0,395.53486499999997,0.7195175,0.39004287800000004,0.70807546
2019-05-01,37586589000000.0,17641110000000.0,8.42527255,20.031234166666668,3203456500000000.0,1.0594402933333334e+16,3764282283333333.5,1448997200000000.0,1699458733333333.2,379794561666666.7,408.0681216666667,0.7125293566666667,0.5730379683333333,1.4214611116666667
2019-05-02,46184968200000.0,16755769200000.0,11.268991,17.337162999999997,2479588300000000.0,3230469850000000.0,3192880660000000.0,-693803775000000.0,922520855000000.0,266807920000000.0,390.306958,0.8141755400000001,-0.5705966788,0.527523634
2019-05-03,59352556500000.0,17125708500000.0,,,,,4020524850000000.0,,,305488130000000.0,394.08464000000004,0.85070725,0.39186873,1.7997931
2019-05-04,49451720333333.336,19566387666666.668,7.9157553,19.835102,6026888000000000.0,3653852200000000.0,4538067533333333.0,,,379433610000000.0,403.4205533333334,0.7160807333333333,-0.8844320093333334,0.509186158
2019-05-05,36946135285714.29,16057812285714.285,,,4384133050000000.0,2570611785000000.0,4338242985714285.5,3964680200000000.0,1890707200000000.0,302001517142857.1,392.4374257142857,0.80871116,-0.16931249057142855,0.95483034
2019-05-06,39455833166666.664,15887261666666.666,14.019615000000002,20.472518,1363542000000000.0,3939515000000000.0,3735332366666666.5,771277130000000.0,959103175000000.0,295827215000000.0,389.5173966666666,0.9041449833333334,-0.07344059833333332,1.011355665
2019-05-07,38727763000000.0,19923729750000.0,,,,,3901770275000000.0,,,352753360000000.0,392.5817125,0.9147276175,-0.4762047975,0.9957532425
2019-05-08,17228317800000.0,24581476666666.668,5.692815066666667,17.298676333333333,2.3906610333333332e+16,1.03656839e+16,4376383733333333.5,3508034850000000.0,2485083650000000.0,562693276666666.7,409.2048766666667,0.7811260666666667,-0.6173420916666666,0.49631302000000005
2019-05-09,50101877000000.0,20712405200000.0,8.652507199999999,18.4010908,-2271242600000000.0,3.071831688e+16,3902135080000000.0,-827586240000000.0,1382400100000000.0,406613410000000.0,388.29968199999996,0.770968822,0.24670644199999997,15.780650327999998
2019-05-10,42161129750000.0,15082333750000.0,,,,,3624070187500000.0,,,228512408750000.0,360.76274625,1.103425675,-0.25927282425,0.29638776375
2019-05-11,43766933500000.0,15132784000000.0,,,,,3416515650000000.0,,,277309580000000.0,352.46274,1.57621315,-0.322399665,0.269249165
2019-05-12,57463965666666.664,23261112333333.332,13.167931666666666,14.669468666666667,-1280926750000000.0,7840302350000000.0,3592323433333333.5,-548342600000000.0,1849826200000000.0,464908003333333.3,360.4760933333334,0.8900471333333333,-0.7433437333333334,0.57090184
2019-05-13,56142311000000.0,21141876500000.0,13.8197565,19.179468,4250242966666666.5,5031917566666667.0,3766303925000000.0,1357158970000000.0,1229285850000000.0,386073845000000.0,372.1492725,0.8091718375,0.7513935875,1.9207784
2019-05-14,53731730000000.0,16052580000000.0,,,,,3508143966666666.5,,,274067383333333.34,331.4058,0.7739685833333333,0.11002672433333334,0.5959635066666666
2019-05-15,41177480714285.71,15475998428571.428,,,,,3783280171428571.5,,,292423160000000.0,352.5419928571429,1.2137662485714285,-0.2647233352857143,1.3484512
2019-05-16,44636397500000.0,17292827500000.0,,,,,3644133250000000.0,,,289837400000000.0,347.07747,1.1014091499999998,-0.012151509999999976,1.55284504
2019-05-17,39666662000000.0,18159342000000.0,23.3577,17.424723,,,3852150300000000.0,,,325263906666666.7,332.15652,1.0254193533333333,0.01068444666666668,0.5066970033333333
2019-05-18,40323029800000.0,22176247800000.0,21.828464999999998,18.184250333333335,1.327763284e+16,5636998700000000.0,3813224040000000.0,-458272266666666.7,1904554133333333.2,547146572000000.0,323.166582,0.95992103,-0.329489048,0.588298046
2019-05-19,30036439500000.0,21326116000000.0,18.3313275,18.399319,264360400000000.0,1400060100000000.0,4434836150000000.0,,,519995600000000.0,327.45118,0.863156735,0.368677084,1.4837060149999999
2019-05-20,32382674142857.145,16984489142857.143,,,1.9908508e+16,6989834000000000.0,3971921442857143.0,1258528400000000.0,1538474000000000.0,325564128571428.56,351.4648942857143,0.7966170571428571,0.2896971184571429,0.8840875151857144
2019-05-21,42103406000000.0,23406492000000.0,22.75547933333333,17.365468333333332,6214514000000000.0,5940300833333333.0,4337253233333333.5,2429844833333333.5,2601403000000000.0,635966616666666.6,360.0018733333333,0.86186338,0.33647220333333333,2.16286049
2019-05-22,34338036440000.0,25245032600000.0,19.431078499999998,17.8253145,-4338264714000000.0,1.983873526e+16,4776449360000000.0,4175945460000000.0,2789594040000000.0,677809650000000.0,351.628638,0.9492262180000001,0.09431134000000001,2.674426074
2019-05-23,28856526333333.332,22266005333333.332,19.019749,17.595605333333335,1.6632184333333334e+16,6151171100000000.0,4264770000000000.0,,,490470820000000.0,331.4447833333333,0.90146038,0.4554038,1.244969
2019-05-24,49593417500000.0,16635222000000.0,22.98222,17.634787,,,3788353350000000.0,,,283358955000000.0,329.050075,0.8758017,-0.189273305,0.215788965
2019-05-25,36952202666666.664,16682468777777.777,17.322344,20.778376,-288662383333333.3,5.3088216016666664e+16,3643258777777778.0,623119443333333.4,1587253866666666.8,340245684444444.44,341.7024211111111,0.8092919233333333,0.07101320222222221,1.9584023033333335
2019-05-26,51776246000000.0,17862532500000.0,9.394755499999999,16.4593165,6533128350000000.0,2991342650000000.0,3317902125000000.0,-316894455000000.0,1013159920000000.0,291408550000000.0,363.8708875,0.783431815,0.6797883625000001,1.398317215
2019-05-27,31196936000000.0,20927077000000.0,,,,,3700953850000000.0,,,380847165000000.0,313.219985,1.02448345,0.694669285,1.46415185
2019-05-28,42875286500000.0,17732965500000.0,,,,,2837958700000000.0,,,282220405000000.0,313.45160999999996,1.2625567,0.046857312500000005,0.648981043
2019-05-29,45756855000000.0,16155237600000.0,21.69388,20.344845,2993535120000000.0,2179672900000000.0,3973923440000000.0,2247340500000000.0,1541154200000000.0,283309268000000.0,350.69541399999997,0.921204238,0.0551689042,1.870951706
2019-05-30,32673441666666.668,20250357500000.0,10.495079666666667,18.2645145,7701996166666667.0,9329787733333334.0,4040581933333333.5,2024989475000000.0,2231700125000000.0,559815006666666.7,343.71144499999997,0.8247915666666666,-0.705580715,0.5894811266666667
2019-05-31,39561472000000.0,25964849250000.0,13.9353555,17.19184825,1254661250000000.0,3.295551475e+16,3485383225000000.0,-333116115000000.0,2284849400000000.0,681336440000000.0,348.3637625,0.9960517675,0.6584554675000001,11.719068275
2019-06-01,26525547750000.0,19979052000000.0,13.03178875,16.942584,,,4044467750000000.0,,,441249675000000.0,332.10423000000003,0.9405624699999999,0.09389144000000002,0.904745475
2019-06-02,41073196000000.0,19403786333333.332,11.393400999999999,17.113530333333333,,,4180422133333333.5,,,402586980000000.0,339.66562,0.8861453666666668,0.2763578997,0.4559425659
2019-06-03,27669654000000.0,18576807714285.715,17.020842285714284,18.67211371428571,1.1047327242857142e+16,7741641942857143.0,4324546628571428.5,1512343190000000.0,1561653520000000.0,424146372857142.9,332.6111228571429,0.8255887385714286,0.1940215471428572,5.837789152857143
2019-06-04,32536156714285.715,20649179571428.57,17.49466357142857,17.851589142857144,7525373867142857.0,4264510251428571.5,3909590114285714.5,-246247448800000.0,1722313060000000.0,548148141428571.44,326.2963557142857,0.8515409385714285,0.4332980564285714,0.8141241542857144
2019-06-05,23829961566666.668,24084853666666.668,20.972841,17.143691333333333,1.7079261333333334e+16,1.3038223433333334e+16,3935328600000000.0,-536029700000000.0,1929670966666666.8,658739853333333.4,329.79162333333335,0.8769141466666667,0.5098552,3.2212491333333335
2019-06-06,44043110333333.336,22490571000000.0,20.862271,17.071328333333334,6292455066666667.0,4569675200000000.0,4679693766666667.0,,,454696746666666.7,320.15231,0.93002208,1.2420494599999998,1.05230782
2019-06-07,35784109600000.0,20943321800000.0,26.896343,18.400463333333335,3389435200000000.0,1.948408082e+16,3923217360000000.0,-608729733333333.4,1336689066666666.8,428740050000000.0,331.776056,0.89503512,-0.20374881199999995,1.031436148
2019-06-08,30813615250000.0,18878443500000.0,28.26743675,17.5614505,9003037550000000.0,5744207400000000.0,4567486662500000.0,1133982992000000.0,1436068040000000.0,419912675000000.0,335.9719,0.78318636125,0.583418705625,1.7821700975
2019-06-09,9607950250000.0,23119203000000.0,17.9554115,16.613799,1.067373495e+16,4664574300000000.0,4051396750000000.0,210471825000000.0,1843095500000000.0,639131100000000.0,328.00924499999996,0.90063675,-0.333226555,0.418372685
2019-06-10,24886916000000.0,23452760000000.0,,,-8993660500000000.0,9910771300000000.0,4217075600000000.0,721609200000000.0,2243195000000000.0,527111075000000.0,316.03643,1.02882075,0.38585384999999994,1.89147145
2019-06-11,25476155250000.0,23725588250000.0,22.64222325,17.52913875,1.6631207825e+16,4876445610000000.0,3981244125000000.0,-41705350000000.0,1625915700000000.0,579402320000000.0,309.31508,0.9966116500000001,-0.24640460150000001,0.3355158025
2019-06-12,44780625500000.0,21300207500000.0,22.711476500000003,18.191986999999997,4189140150000000.0,9306400850000000.0,3676102400000000.0,,,537461550000000.0,304.95921,0.8862177,0.653137725,9.78889135
2019-06-13,29583755000000.0,17256574833333.334,23.6466558,19.4217932,2090783233333333.2,5663797643333333.0,4288345816666666.5,1650504300000000.0,1663657300000000.0,353412221666666.7,307.97929833333336,0.8134386450000001,-0.40643357500000005,1.64308228
2019-06-14,24754110500000.0,21898526000000.0,26.5296405,16.681638,2.19854055e+16,8225956000000000.0,3593345850000000.0,-775658320000000.0,1696613150000000.0,544145950000000.0,301.83910000000003,1.0765288499999999,0.36823074,1.43117299
2019-06-15,14625731666666.666,24702340000000.0,20.0201835,16.5569955,1.655333e+16,7595743166666667.0,4155033066666666.5,880788920000000.0,2220265566666666.8,607406560000000.0,302.7742666666666,1.0072948000000002,-0.29831315,4.103888133333333
2019-06-16,38332422000000.0,15585960300000.0,,,1.243771485e+16,4994144500000000.0,4066837016666666.5,82161830000000.0,1037064350000000.0,299425728333333.3,302.711475,1.9538823666666667,0.5362841788333333,1.1683738366666667
2019-06-17,49981591333333.336,16224357000000.0,,,,,3523171233333333.5,,,292560796666666.7,309.72234,0.85066533,-0.04107883043333333,0.14620560206666666
2019-06-18,15260006600000.0,18580774200000.0,15.1360994,18.126302,1.269098936e+16,5500540160000000.0,3672573300000000.0,-1178970830000000.0,1664451550000000.0,471080438000000.0,314.41636800000003,0.804664696,0.24612592799999997,3.374629400000001
2019-06-19,25887158533333.332,22729399666666.668,12.3975565,17.3382945,2.2859688466666668e+16,7021051133333333.0,3998445933333333.5,1174567616666666.8,2057894000000000.0,543738076666666.7,324.54474999999996,0.91774691,-0.30089967333333334,11.617203646666667
2019-06-20,23833601750000.0,21938710500000.0,29.67823,18.95581,7310742700000000.0,3417859300000000.0,4030714925000000.0,900040273333333.4,1783527833333333.2,539753092500000.0,302.4693025,1.0002710625,-0.20686793999999997,0.761483605
2019-06-21,19534702833333.332,11459869800000.0,,,2.653703e+16,7903129000000000.0,4822290050000000.0,,,333591561666666.7,307.6548833333333,3.0614312666666663,-0.13947489833333337,3.6739250533333334
2019-06-22,37546654666666.664,20085470333333.332,22.06618366666667,18.11615666666667,-1869677266666666.8,1.556938905e+16,4587651233333333.0,,,492470703333333.3,312.95399,0.8198115,-1.0041984966666668,0.49236382
2019-06-23,26212522814285.715,18304225571428.57,11.8592922,18.203277200000002,1.0468399242857142e+16,2.1425537557142856e+16,4566383285714286.0,2249113550000000.0,1699147520000000.0,434442582857142.9,329.7253842857143,0.8446343914285714,-0.11158647214285715,0.8466662837142858
2019-06-24,35497435600000.0,24359316000000.0,12.685630249999999,17.86429775,-3075950530000000.0,2.7928756148e+16,4768537280000000.0,2254426860000000.0,1975850100000000.0,635358470000000.0,332.322506,1.002124668,0.8088105368,1.8596093591999998
2019-06-25,4812983000000.0,24842606500000.0,16.25918,18.3397495,1.50463614e+16,6483093500000000.0,3980524150000000.0,128064130000000.0,2047757600000000.0,656372005000000.0,326.62874999999997,1.03349648,1.4410512500000001,1.79360855
2019-06-26,26606887500000.0,19820752500000.0,18.368238,19.245228,1.801164e+16,6950784500000000.0,3908873650000000.0,,,428123715000000.0,316.56350499999996,0.91162375,-0.09286308750000001,0.12243299499999999
2019-06-27,40445500000000.0,16321231000000.0,18.602896,19.005785,7814573850000000.0,3471587400000000.0,4164224475000000.0,1567533350000000.0,1191654050000000.0,263226542500000.0,361.6064025,0.8233465225,-0.4357381492225,0.28587959675
2019-06-28,31356483333333.332,16324566666666.666,6.9389066,18.01288175,5967021650000000.0,6394929000000000.0,4167608883333333.5,1304915100000000.0,1124156350000000.0,296887286666666.7,356.6958266666666,0.8363847249999999,-0.12767513,3.9287120866666663
2019-06-29,29044245200000.0,21402433000000.0,19.269579,18.407751,1.214194325e+16,5284908500000000.0,4286006020000000.0,1389866866666666.8,1486414666666666.8,437843760000000.0,349.111586,0.8855185460000001,-0.017283344000000013,2.144391338
2019-06-30,20187853666666.668,24035941333333.332,28.719519000000002,16.884266666666665,2394119666666666.5,3.748878242666667e+17,3764606733333333.5,-182257120000000.0,2109899500000000.0,672769666666666.6,321.5394566666667,1.0106935000000001,0.7043456166666667,1.1895834
2019-07-01,40823688000000.0,18835077000000.0,,,,,3775789900000000.0,,,348598080000000.0,325.75900666666666,1.0791621,0.13788652666666665,1.9046722866666668
2019-07-02,34082398428571.43,16115866000000.0,10.761085166666668,20.320483499999998,3319424500000000.0,5691947850000000.0,3888405057142857.0,489450540000000.0,1190381200000000.0,284065874285714.3,345.9040785714286,0.7947980271428571,0.5538587828571429,1.682441077142857
2019-07-03,35852424500000.0,16776128500000.0,8.8503907,19.436093166666666,2101332700000000.0,4728125750000000.0,3579768450000000.0,-519365355000000.0,955892070000000.0,314239220000000.0,349.88015333333334,0.7680339433333333,0.076178185,1.3878446666666668
2019-07-04,40655656000000.0,18605472666666.668,9.915420833333334,18.353046000000003,,,4087680800000000.0,,,341337613333333.3,365.0850533333333,0.92302507,-0.4197239973333333,0.3538040533333333
2019-07-05,42623570000000.0,17538739000000.0,,,,,3766016600000000.0,,,327330350000000.0,350.68225333333334,0.9624300766666667,0.24649575333333332,0.5680008566666667
2019-07-06,43707272500000.0,19623899500000.0,12.266805999999999,18.693662250000003,-3072290580000000.0,3119474450000000.0,3798600800000000.0,904082600000000.0,1307980350000000.0,397479980000000.0,356.3244925,0.8051139,-0.11178180999999998,0.80663881
2019-07-07,36616475625000.0,15581336125000.0,8.871875,18.9239914,,,4098269725000000.0,,,263154182500000.0,356.181675,0.779780495,0.06366664925,0.631949621875
2019-07-08,37337453000000.0,17274943500000.0,14.288397499999999,18.4324055,,,4424716100000000.0,,,331009390000000.0,376.130615,0.78502497,-0.03864932500000001,0.7744022500000001
2019-07-09,40893497500000.0,18838566500000.0,14.667858,17.167603,,,4301467350000000.0,,,365899555000000.0,381.361315,0.855600745,0.06799153499999999,0.7651679299999999
2019-07-10,40184192500000.0,19229145750000.0,15.364039333333332,17.478272666666665,902047800000000.0,5078255400000000.0,4465284425000000.0,1775912550000000.0,1201267250000000.0,348229800000000.0,391.1108575,0.80073823,0.47395982000000003,0.76248895
2019-07-11,47890590500000.0,16939538000000.0,,,,,3914834900000000.0,,,279589375000000.0,357.724595,0.8814598499999999,-0.227639168,0.47205448000000005
2019-07-12,39165665000000.0,15858672625000.0,11.4413445,18.293585874999998,,,4120254387500000.0,,,298847930000000.0,368.22140625,0.78355354375,0.26438599625000003,0.8266881125
2019-07-13,39693106666666.664,16508405000000.0,,,,,3734691533333333.5,,,319732580000000.0,368.56035333333335,0.8841970866666666,0.5171668333333334,0.53414928
2019-07-14,38228804500000.0,21903598000000.0,,,3572447200000000.0,2707608000000000.0,3817994650000000.0,,,395219040000000.0,368.45195,0.8760719,0.08390387999999999,0.7596989000000001
2019-07-15,39902354200000.0,20015536000000.0,11.893352199999999,18.3120104,-2732074100000000.0,2275876100000000.0,4123044200000000.0,823856370000000.0,1132019600000000.0,393439010000000.0,363.92983999999996,0.8845763019999999,-0.24468884759999998,0.902993078
2019-07-16,30543933000000.0,18596004500000.0,,,,,3478774000000000.0,,,305844905000000.0,353.01786,1.1844198499999998,-0.33390587000000005,0.59344335
2019-07-17,42309039000000.0,14624969000000.0,,,6863005000000000.0,3027322500000000.0,3653502483333333.5,-190845600000000.0,1153372100000000.0,269679981666666.66,369.62766166666665,0.9142128783333333,0.24433946716666669,2.593065301666667
2019-07-18,41836580500000.0,16883986500000.0,,,,,3952098600000000.0,,,291661305000000.0,352.18252,0.842083165,-0.09737653000000002,0.575568795
2019-07-19,36063115666666.664,25174426500000.0,16.935197,16.966018000000002,-4570757533333333.0,1.535985375e+16,3934263016666666.5,834526955666666.6,1911519300000000.0,676166175000000.0,358.8596616666667,0.9133422433333332,-0.8772878949999999,0.8972964383333334
2019-07-20,19511670666666.668,23045149666666.668,20.54912366666667,17.20349966666667,1666457233333333.2,6106197766666667.0,4367078333333333.5,2229906066666666.8,2021922633333333.2,588432713333333.4,344.0032733333333,0.9336562533333334,-0.35204389999999997,0.9975725433333333
2019-07-21,31120847500000.0,19413748000000.0,23.2618065,18.958702,2290736300000000.0,1513999250000000.0,3455717300000000.0,461147720000000.0,1541913400000000.0,433107825000000.0,332.549215,0.79693669,0.390521075,0.84432145
2019-07-22,39999041166666.664,13661705166666.666,,,341253300000000.0,4901063533333333.0,3304544150000000.0,-320372402666666.7,1029025283333333.4,227327775000000.0,342.11355499999996,0.9222325333333333,0.17394592833333333,0.8784389333333333
2019-07-23,42995452200000.0,17048592800000.0,24.4229265,15.5560135,-2818022300000000.0,1894236550000000.0,3338443480000000.0,475486640000000.0,914894000000000.0,284943702000000.0,349.297556,0.84346882,-0.112226558,0.60766551
2019-07-24,20170134100000.0,23096200000000.0,21.480933999999998,16.878266500000002,5913513500000000.0,2.39164667e+16,3480019300000000.0,-982278550000000.0,1661215800000000.0,540814830000000.0,321.96299999999997,0.93423362,1.2291468,0.82255
2019-07-25,33942331000000.0,21149714333333.332,19.776678999999998,17.937954333333334,-294622650000000.0,3486820900000000.0,3923683233333333.5,3078212700000000.0,2213581600000000.0,520604366666666.7,311.92535333333336,0.9078975866666666,-0.11633122333333333,1.4120419766666668
2019-07-26,37522880000000.0,16028532400000.0,23.8669145,17.485036,6837556750000000.0,2513364140000000.0,3653196040000000.0,685401640000000.0,1107509730000000.0,274651098000000.0,351.25187,0.776754472,0.232438382,0.785656804
2019-07-27,34009206500000.0,14275840000000.0,,,1956940750000000.0,2042267350000000.0,3245732216666666.5,-621869630000000.0,870658100000000.0,266880405000000.0,316.359345,1.3407965166666667,0.348486925,2.294914298333333
2019-07-28,29771324000000.0,22176034200000.0,24.6671356,16.798582,1.005101418e+16,5302818420000000.0,4663783980000000.0,2795379320000000.0,1840570200000000.0,565943140000000.0,313.99003400000004,1.0256408000000001,-0.32565308200000004,1.742011476
2019-07-29,22685412500000.0,22368085500000.0,21.640419,18.091211,2.03756185e+16,7908072750000000.0,3485929550000000.0,-1759867100000000.0,1818908000000000.0,509325710000000.0,294.21019,0.9764657999999999,0.011399254999999997,0.8570823000000001
2019-07-30,39799172000000.0,20116936333333.332,23.875212,19.63879,-4521653500000000.0,1.41930505e+16,3815022700000000.0,,,438295833333333.3,307.29467666666665,0.8991020466666667,0.06611413266666667,0.6555803433333333
2019-07-31,33603190428571.43,17996054571428.57,9.561860540000001,18.902233000000003,5163099200000000.0,2973711700000000.0,3910911042857143.0,563058815000000.0,1077573150000000.0,278695932857142.84,305.5814085714286,0.9197134485714286,-0.6061002557142857,0.6875036671428572
2019-08-01,39355109666666.664,14739162000000.0,23.9698295,15.972772749999999,8432543000000000.0,3555700200000000.0,3539100900000000.0,-113200421500000.0,900452100000000.0,249581005000000.0,322.39853166666666,0.8625985816666667,-0.03145321783333332,0.6175929683333333
2019-08-02,50454284000000.0,17214567000000.0,11.595077499999999,15.978061499999999,,,3752876233333333.5,,,348666860000000.0,321.88785666666666,0.9341801,-0.09609803300000001,0.80250247
2019-08-03,37354135000000.0,19001421666666.668,9.821390833333334,17.883752666666666,,,3545508600000000.0,,,367298656666666.7,332.22203666666667,0.9025908533333333,0.4116116566666667,0.9462501033333334
2019-08-04,23155812825000.0,18912637500000.0,10.893186875,19.12933525,9764934900000000.0,4408779700000000.0,3764451350000000.0,459386660000000.0,1265270700000000.0,353033932500000.0,349.6681125,0.85186539,0.0010920300000000216,0.842918085
2019-08-05,23898091500000.0,18490391625000.0,10.6454455,20.00110714285714,5685070550000000.0,1.8069949583333332e+16,3943571800000000.0,2382615133333333.5,1784204666666666.8,356356037500000.0,342.44111875,0.8315360775,-0.39448382875,0.9629941012500001
2019-08-06,24860962000000.0,20680650500000.0,15.537862,20.581238,6073484415000000.0,3064737800000000.0,3811200700000000.0,84651550000000.0,1979932700000000.0,495143825000000.0,341.938915,0.8281225000000001,0.19766565000000003,1.06849732
2019-08-07,30956658500000.0,17113297500000.0,,,,,3339202900000000.0,,,324749370000000.0,335.71851000000004,1.4089589999999999,-0.32614046500000005,0.5617371
2019-08-08,38318163500000.0,16399080750000.0,,,1.36354313e+16,5083282350000000.0,3789958075000000.0,930433920000000.0,947826125000000.0,258067102500000.0,344.58254750000003,1.2918851475,-0.11420799824999998,0.57689148
2019-08-09,51555453000000.0,19143057000000.0,16.1299505,19.827778000000002,,,3749121000000000.0,,,348364730000000.0,353.351425,0.82530311,-0.10799167750000001,0.40655568500000006
2019-08-10,30208725142857.145,15414608285714.285,18.106969,19.229774000000003,1.4941217e+16,7929262000000000.0,3339205214285714.5,,,292096022857142.9,309.34453285714284,1.09149107,-0.24691009714285714,0.7976086871428573
2019-08-11,19295165900000.0,20120123333333.332,22.720611,16.708562333333333,9239249133333334.0,5041008433333333.0,3600962800000000.0,1103402836666666.6,1635534166666666.8,487140313333333.3,327.8118733333333,0.9656056333333334,-0.6452892666666666,0.7399188433333334
2019-08-12,29519100333333.332,17969628333333.332,,,,,2858141866666666.5,,,327897446666666.7,284.57252666666665,1.5392565999999999,0.03980839333333333,0.38579276999999995
2019-08-13,38265430400000.0,16206975800000.0,,,7469752400000000.0,3321101200000000.0,3335958380000000.0,238900466500000.0,989676100000000.0,266805504000000.0,293.452888,1.07599202,-0.129350168,0.428964142
2019-08-14,36069416000000.0,14810426000000.0,,,,,3231393550000000.0,,,230752655000000.0,292.63205000000005,1.5687311,0.020850159,5.800995039999999
2019-08-15,31469317571428.57,16859263000000.0,12.059868285714286,17.939629714285715,1316154525000000.0,5.6065642425e+16,3697337828571428.5,1978428100000000.0,1516303200000000.0,328796541428571.44,320.93125142857144,0.7696501842857143,0.03601345878571432,1.338626801142857
2019-08-16,31112776000000.0,20636186666666.668,15.466248666666667,19.028915,1.56907382e+16,6085912033333333.0,3276987366666666.5,285030690000000.0,1686955050000000.0,473073693333333.3,320.00629666666663,0.9263427000000001,-0.42139551,0.60698974
2019-08-17,41537891800000.0,23815438400000.0,17.9492144,18.2408546,8423929340000000.0,4590106760000000.0,3153025860000000.0,250828408000000.0,1935909040000000.0,613574350000000.0,328.980366,0.924233948,0.23034975800000002,0.956551922
2019-08-18,42958516666666.664,22164727000000.0,23.352898333333332,18.677357999999998,858322666666666.6,2.0143740233333332e+16,3517120733333333.5,1324287826666666.8,2039251833333333.2,572045026666666.6,314.70656333333335,0.87786373,-0.5227018546666666,0.43939335333333335
2019-08-19,43143069000000.0,17102689666666.666,,,-4546681000000000.0,5932691500000000.0,3666173633333333.5,,,337886383333333.3,286.94243666666665,0.9557570833333333,0.4486103166666666,4.27722009
2019-08-20,41578708285714.29,16622698142857.143,20.1910795,20.83489475,730964200000000.0,3.28111169e+16,3489865214285714.5,952297800000000.0,1365138366666666.8,340803067142857.1,300.99192714285715,0.8672117257142856,-0.6833291757142858,1.9932556614285715
2019-08-21,38847866400000.0,15393431600000.0,,,1.7446140666666666e+16,6494554133333333.0,3062169820000000.0,332901753333333.3,824916866666666.6,243078418000000.0,291.321866,1.1314404919999999,0.31170958400000004,1.6002961420000001
2019-08-22,29642134000000.0,21498439000000.0,10.876138166666665,16.151566,7271779000000000.0,1.5117523333333334e+16,3575877600000000.0,,,481488856666666.7,307.30677333333335,0.9908684466666667,0.3460572066666667,28.041252086666663
2019-08-23,36098592000000.0,21362816500000.0,9.6115235,19.279237,-389447500000000.0,4502378100000000.0,3235330000000000.0,,,455280290000000.0,293.019045,0.935077235,0.714617685,1.8479084000000001
2019-08-24,31245563200000.0,18568454400000.0,24.2488404,21.1336786,8283950640000000.0,5494484800000000.0,3479019700000000.0,1819189460000000.0,1763346140000000.0,459244650000000.0,291.71688400000005,0.883001374,-0.12651429199999997,1.498420828
2019-08-25,33916732428571.43,17071155571428.572,19.709840000000003,19.12800814285714,763108437142857.1,8769218142857143.0,3330879242857143.0,1460920040000000.0,1353091100000000.0,366160640000000.0,298.8104914285714,0.8518216185714286,-0.2754031157142857,0.8908084428571428
2019-08-26,16281043750000.0,22179702500000.0,20.65057625,18.6779515,1.949575175e+16,9165660900000000.0,3188521100000000.0,851315685000000.0,1653980075000000.0,574696775000000.0,298.87229,1.03573616,0.8031192249999999,2.02903036
2019-08-27,38004114000000.0,23554380000000.0,21.381614,19.092375666666666,1.23279294e+16,9594486266666666.0,3557146966666666.5,2257188813333333.5,2121681533333333.2,597578020000000.0,288.25517666666667,1.0465118333333334,1.06415832,1.1802711333333333
2019-08-28,27968146500000.0,20504965500000.0,,,1.77817735e+16,7728668250000000.0,3230271050000000.0,1637008050000000.0,2070185650000000.0,533075950000000.0,289.96031500000004,0.9244387000000001,-0.647074175,1.91531855
2019-08-29,32573905285714.285,15442887142857.143,,,1.52152869435e+16,6326105777500000.0,3242645528571428.5,1923330470000000.0,1696921475000000.0,327264510000000.0,297.9504671428571,1.2214773157142855,0.054544347714285714,2.1962067121428572
2019-08-30,20212322166666.668,15954527500000.0,28.7567855,15.680778,7235770850000000.0,5215975000000000.0,3074214266666666.5,682738660000000.0,1008707300000000.0,270079363333333.34,296.80806666666666,0.7884497133333334,-0.06015276966666668,3.398515601666667
2019-08-31,32397289666666.668,18849369333333.332,22.636975000000003,15.748003333333335,1.0762477e+16,7364087000000000.0,2825450900000000.0,-560053970000000.0,1325704000000000.0,396851286666666.7,277.5119833333333,0.9234368000000001,-0.6589692733333333,0.53908312
2019-09-01,26041587833333.332,23538299000000.0,21.351287,19.341051333333336,-1.6328276393333334e+16,2.514004549e+16,2837708633333333.5,324257986666666.7,2051979466666666.8,565455980000000.0,271.0697533333334,1.0355026833333334,-1.0055104666666665,1.4253568133333332
2019-09-02,,,,,,,,,,,,,,
2019-09-03,29631407875000.0,13446945375000.0,,,,,2839249575000000.0,,,198667421250000.0,282.78526875,1.87577755,-0.0665504045,0.63775645875
2019-09-04,17638703500000.0,19664970000000.0,15.8146475,18.8779905,4399949560000000.0,3198491300000000.0,3054787200000000.0,1536946100000000.0,1940914100000000.0,420420420000000.0,274.899995,0.9029618699999999,-0.49244475,1.06885173
2019-09-05,43452498500000.0,24660083500000.0,21.1528975,20.223095,-4009809000000000.0,8192272200000000.0,3561179150000000.0,2574151400000000.0,2187282550000000.0,656035325000000.0,274.84722999999997,1.0911146,0.38499368585,0.76258539725
2019-09-06,31364967500000.0,19662621500000.0,11.34418,18.4935385,3879754666666666.5,3348542566666666.5,3660267700000000.0,3049687950000000.0,1556052950000000.0,376662745000000.0,280.439625,0.9663077625000001,-0.49050442225,0.42181765
2019-09-07,25497812000000.0,18945752500000.0,,,6013445850000000.0,4183408500000000.0,2960930400000000.0,1751730800000000.0,2472271900000000.0,406953635000000.0,288.42821000000004,0.93826839,-0.82403030715,0.47198276749999996
2019-09-08,36421665857142.86,14547317142857.143,,,,,2763001571428571.5,,,251500038571428.56,286.99744428571427,1.424529,-0.23796947285714287,0.67240144
2019-09-09,27274153266666.668,20444636333333.332,22.45773766666667,19.782459333333332,-5176991000000000.0,3.08159409e+16,3072722266666666.5,1277654040000000.0,1926287766666666.8,580352850000000.0,290.23397,0.9653988066666667,0.6204666013333333,1.102139685
2019-09-10,43535264666666.664,15806392333333.334,,,1.336217e+16,6127026000000000.0,2706867233333333.5,434144500000000.0,939579600000000.0,273121326666666.66,293.5443,1.3918485333333332,0.19682230499999998,1.1805855
2019-09-11,38010031600000.0,22497230600000.0,18.4178225,20.17499,5521840720000000.0,5210677720000000.0,3811823780000000.0,3312941700000000.0,2151186480000000.0,567918872000000.0,288.602706,0.99845124,0.13680961484000004,2.4709454832
2019-09-12,39906939000000.0,19087720000000.0,20.03486,21.860506,-9234382000000000.0,3.6031925e+16,3130081150000000.0,1446032700000000.0,1882028800000000.0,411111200000000.0,284.765735,0.8319132149999999,0.5616715,2.20718475
2019-09-13,38092701600000.0,14861295000000.0,21.454949666666664,22.494095333333334,-4329415290000000.0,1.7675206233333334e+16,2589350360000000.0,-113912050000000.0,1486114700000000.0,293569980000000.0,266.784858,0.921725912,-0.283029252,0.9908297659999998
2019-09-14,31187185000000.0,18134273333333.332,8.584436666666667,19.261140666666666,,,2848800200000000.0,,,380204510000000.0,307.7935166666667,0.8734499699999999,-0.7089550533333333,0.6459130433333333
2019-09-15,28759423857142.855,16602787428571.428,,,7267468333333333.0,5953080700000000.0,2469459757142857.0,142045126666666.66,927610913333333.4,274268365714285.72,267.2826585714286,1.3999159142857143,0.24029970885714283,0.7158374805714285
2019-09-16,34022800500000.0,17833326500000.0,8.615258,20.310975,,,2704453200000000.0,,,259260210000000.0,285.190705,1.0699349,0.21131290000000003,1.05462065
2019-09-17,42220771500000.0,17205638500000.0,9.929703499999999,20.6449985,-2249545200000000.0,2894683000000000.0,3358906000000000.0,,,342166900000000.0,312.120895,0.7609937,0.615331585,1.6885884500000001
2019-09-18,42428664888888.89,13544179888888.889,11.4396825,21.9148055,6367541100000000.0,5110736900000000.0,2953223155555555.5,1067526433333333.4,1189255733333333.2,202398082222222.22,350.5930333333333,0.7380190422222221,0.15358107555555556,1.501632731111111
2019-09-19,31137869200000.0,18716187200000.0,11.14449525,20.67580525,1.1747608825e+16,1.54734152e+16,2605603120000000.0,-245274086666666.66,1187687066666666.8,315389436000000.0,346.438172,0.8311258799999999,0.3256955014,1.161579374
2019-09-20,43167597500000.0,18942812000000.0,6.13359725,17.5778515,,,2316862050000000.0,,,323444630000000.0,345.03026,0.7999850799999999,0.612771315,1.56506642
2019-09-21,50823777000000.0,15061936333333.334,,,,,2341361966666666.5,,,228511363333333.34,302.73680666666667,0.9851759666666666,0.14594173866666668,0.3527446666666667
2019-09-22,38381656333333.336,13933078666666.666,17.34131,20.910032,-301951000000000.0,349626500000000.0,2421193000000000.0,-886137000000000.0,1096937300000000.0,224361666666666.66,281.45161666666667,0.8668921100000001,-0.030948557999999998,0.859517
2019-09-23,35494238000000.0,17815162200000.0,7.1937728,20.2305022,-780984175000000.0,1.205396685e+16,2574970460000000.0,44290257500000.0,1323706450000000.0,375966350000000.0,309.335554,0.8308557860000001,-0.59397106,1.067251948
2019-09-24,37779363000000.0,21604897800000.0,7.1117268,22.319427,9154795160000000.0,7521460760000000.0,3277435020000000.0,1886735700000000.0,1504077160000000.0,409616360000000.0,297.37199,0.9133192859999999,0.20783514600000003,0.996596826
2019-09-25,55699519000000.0,16054635000000.0,,,,,2398449666666666.5,,,244761113333333.34,293.0621833333333,1.2659812666666665,-0.3580910366666667,0.35815716999999997
2019-09-26,26187512500000.0,20226404000000.0,15.6732555,22.499874,2.10335402e+16,7798534500000000.0,2668658050000000.0,277972385000000.0,1758557800000000.0,471067465000000.0,298.5777,0.8783704050000001,1.4277189300000002,1.5087182000000001
2019-09-27,40875273428571.43,16703907714285.715,15.0301915,21.091401666666666,5951901814285714.0,1.9456709728571428e+16,2921880214285714.5,1404101044285714.2,1580390014285714.2,339361551428571.44,283.39370142857143,0.8648722985714287,-0.6879242442857143,1.1973091171428571
2019-09-28,45539146600000.0,13462765600000.0,,,-1617683250000000.0,4.795074311e+17,2816144660000000.0,687811235000000.0,808378170000000.0,199110144000000.0,280.55376,1.16318358,-0.497225206,0.48948293
2019-09-29,40590854666666.664,15131775000000.0,,,,,2805677100000000.0,,,204837406666666.66,292.9082433333333,0.8545205,0.33589513,0.9956107799999999
2019-09-30,40960225333333.336,14500432000000.0,,,,,2605886933333333.5,,,208633803333333.34,285.36714,0.9871659666666667,0.21653325333333331,0.63766119
2019-10-01,39065377000000.0,17458439800000.0,10.2625146,21.487445400000002,-1.1140579333333334e+16,4.2789446e+16,2515631900000000.0,152521913333333.34,1197625766666666.8,298432388000000.0,287.095262,0.851068068,0.23602343999999995,5.614459068
2019-10-02,41842316166666.664,12692068166666.666,,,,,3213440133333333.5,,,191180130000000.0,281.62236,1.1816256166666668,-0.11916220766666667,0.42645594433333334
2019-10-03,35611147000000.0,13036264000000.0,,,,,3301166800000000.0,,,201043825000000.0,291.207225,1.7504308499999999,-0.06986172500000001,0.290814505
2019-10-04,55130357500000.0,14989480500000.0,,,,,2581079250000000.0,,,217156440000000.0,306.46974,0.8245562,-0.336220215,0.36682036500000004
2019-10-05,42090063500000.0,15770129750000.0,9.578038000000001,18.993987666666666,-4295371315000000.0,9714367550000000.0,2426417125000000.0,154413750000000.0,901022550000000.0,253785800000000.0,306.3599125,0.8425874975000001,0.426725434,1.0158780615
2019-10-06,46138698000000.0,15563606333333.334,6.4792990999999995,21.559393333333333,1.3808517e+16,8270546000000000.0,2225407700000000.0,-121193055000000.0,1645001700000000.0,284892423333333.3,332.50126,0.8196126233333333,-0.728315142,0.7058845466666668
2019-10-07,49167762500000.0,12601624625000.0,,,,,2299972625000000.0,,,182302647500000.0,345.51948,0.83877638375,-0.35655153675000006,0.57611470625
2019-10-08,46348352666666.664,14100238333333.334,,,,,2310349833333333.5,,,209362153333333.34,290.99961,1.1849456666666667,0.10131495833333333,0.49022162333333325
2019-10-09,46053181333333.336,16188077333333.334,14.321635,19.854839,-6155027400000000.0,1.6695545e+16,3033184533333333.5,2171932700000000.0,1215120100000000.0,269848796666666.66,303.88572666666664,0.8971207533333333,0.3034016566666667,1.1684786666666667
2019-10-10,43449459000000.0,14439197500000.0,,,8499879500000000.0,5610122500000000.0,3318223700000000.0,3287856800000000.0,1436397050000000.0,212825315000000.0,316.107125,1.0445513075,-0.38604605825000005,0.39569835249999996
2019-10-11,42399268000000.0,13331887500000.0,,,,,3101776250000000.0,,,206577460000000.0,330.8692,0.7485571,-0.253555725,0.49504408499999997
2019-10-12,37982827833333.336,11443297000000.0,,,7345123000000000.0,4530676700000000.0,2585756150000000.0,1649648800000000.0,1343936700000000.0,173682185000000.0,269.322945,1.3657026600000002,-0.131611255,0.40087058000000003
2019-10-13,36367370000000.0,13564472000000.0,,,,,2096155733333333.2,,,193387966666666.66,274.6955666666667,1.3794135666666667,0.29060309333333334,0.9174516766666666
2019-10-14,40442321800000.0,22254588800000.0,28.5417575,23.526348,-3788228400000000.0,1.7279548e+16,2509662920000000.0,957409730000000.0,1673543420000000.0,492970598000000.0,261.858348,1.0648388340000001,-0.269002732,2.463163122
2019-10-15,57154398500000.0,19828340000000.0,20.67341,22.776798,-2.22302015e+16,4.239533e+16,2683767750000000.0,2020683350000000.0,1953849950000000.0,406567895000000.0,267.86969,1.06935205,1.7222122999999998,2.09773865
2019-10-16,28917081333333.332,16356987666666.666,13.040149666666666,25.287584999999996,8525966333333333.0,5385457700000000.0,2469615933333333.5,2116369246666666.8,2183779333333333.2,347746460000000.0,268.42668000000003,0.85422207,1.0587065766666666,2.07117542
2019-10-17,39881217428571.43,11615579571428.572,,,5177845150000000.0,4343787900000000.0,2369822300000000.0,2388515050000000.0,1571707550000000.0,169068518571428.56,294.77633285714285,0.9293995771428571,0.691770578,1.6053441902857142
2019-10-18,23306196480000.0,19347288400000.0,,,-1.0430196e+16,2.139681786e+16,2193798760000000.0,124390037500000.0,1646696050000000.0,359967658000000.0,274.455402,1.029478732,0.7575375400000001,1.8924499599999998
2019-10-19,54168953000000.0,18705744000000.0,,,,,2642993900000000.0,,,294294065000000.0,287.25304,1.5936587,0.76880173,2.0376898
2019-10-20,47064530500000.0,19221052000000.0,,,1.480191e+16,1.095810535e+16,1928285800000000.0,-157506100000000.0,2359248100000000.0,338059735000000.0,280.921495,1.0955561,0.45148352,2.76802035
2019-10-21,39120672500000.0,15899311166666.666,,,5945045660000000.0,1.279828626e+16,2356457866666666.5,2529960570000000.0,2188431800000000.0,312012570000000.0,284.66665333333333,0.8967063300000001,-0.6177813016666667,2.4863951883333333
2019-10-22,40691365888888.89,15806639666666.666,24.813557333333335,25.592772666666665,-5613263800000000.0,6.2972375333333336e+16,2196206233333333.2,2476462021250000.0,2061607025000000.0,280411261111111.12,280.74112333333335,0.9348591488888888,1.882769531111111,8.706229822222221
2019-10-23,30864354666666.668,17565252333333.334,7.9865111,21.093742333333335,9972099000000000.0,6821887500000000.0,2070289233333333.2,214298700000000.0,961496800000000.0,285298850000000.0,281.19764333333336,0.9807087000000001,0.37404877,1.1811771899999999
2019-10-24,34779788666666.668,22872696000000.0,18.92119,24.77216,-3622172166666666.5,2.1139915966666668e+16,2375304966666666.5,1945750766666666.8,2160915300000000.0,457478660000000.0,264.84731,1.1672103666666667,2.31517934,1.562133346666667
2019-10-25,33446331000000.0,16030689500000.0,11.92182925,21.905343000000002,,,2845788150000000.0,4558488000000000.0,2404688000000000.0,306642535000000.0,260.907545,1.06722988,0.38907077500000004,2.72484333
2019-10-26,37011452666666.664,12297239833333.334,,,,,1826113300000000.0,422666640000000.0,1341592350000000.0,185885871666666.66,242.75651000000002,1.9843619666666665,0.5011847933333333,1.2863567
2019-10-27,27832523800000.0,13960544400000.0,,,1.88072475e+16,8687498800000000.0,1736122340000000.0,149209680000000.0,1197708000000000.0,229170930000000.0,232.65605399999998,1.61727496,0.17469342000000002,4.29785766
2019-10-28,42556220000000.0,14395518000000.0,11.528633,20.120586,,,1970882000000000.0,,,231050250000000.0,290.06158500000004,0.9314995500000001,0.12609088499999999,0.85796272
2019-10-29,53144390000000.0,16391679500000.0,7.592136399999999,20.0911665,,,2091086000000000.0,,,255898135000000.0,292.02464,0.88100255,-0.376265175,0.680563365
2019-10-30,52816847600000.0,14261002800000.0,5.6703465,20.911551,,,1620298020000000.0,-840856600000000.0,1382354700000000.0,213105604000000.0,300.614828,0.930147224,0.293590072,2.547121912
2019-10-31,37915139375000.0,14381528500000.0,,,-1.9815663333333332e+16,3.130541673333333e+17,1717183750000000.0,-104152800000000.0,2314301500000000.0,227987652500000.0,311.49216,1.00671178375,-0.03297518062500006,1.74841644375
2019-11-01,40160019500000.0,13416800500000.0,9.774369,19.70518,,,1835796550000000.0,,,195934290000000.0,304.71356000000003,0.8642732,-0.1980204235,0.3803492
2019-11-02,38951324500000.0,16783411000000.0,,,,,1444384600000000.0,,,254997415000000.0,294.990355,1.38951965,2.52963015,1.3850099999999999
2019-11-03,48153271500000.0,14258897750000.0,,,,,1842646225000000.0,-353968550000000.0,1203826150000000.0,200600272500000.0,312.22741,1.034973175,-0.032130725,1.2152110999999999
2019-11-04,50107003666666.664,13829774000000.0,,,,,1822850466666666.8,,,210171633333333.34,317.32529999999997,1.7418022666666666,-1.5991296266666666,1.0849086333333333
2019-11-05,45053045000000.0,12068650400000.0,11.737930333333333,25.565444333333335,,,2468088860000000.0,,,183577394000000.0,294.128922,0.99861715,0.019918512000000055,1.48972716
2019-11-06,43754417666666.664,14096380666666.666,8.34321,26.549355,,,2063494900000000.0,,,203319066666666.66,295.8870133333333,1.2307115333333334,1.4063500333333332,1.6603017333333332
2019-11-07,38401464666666.664,16488744666666.666,8.795942333333334,25.471490666666668,,,3239353000000000.0,7028588400000000.0,2860843400000000.0,247121100000000.0,293.5915866666667,1.0694336166666667,-0.65289179,3.5452199833333338
2019-11-08,41622617000000.0,14541455750000.0,10.858005,20.282824,,,2347565525000000.0,1807207850000000.0,1469380000000000.0,213655332500000.0,277.03893500000004,1.0709503,-0.15736684999999984,1.46781559
2019-11-09,48533619000000.0,11100597500000.0,,,,,1727218300000000.0,,,168329945000000.0,267.824485,1.4745769499999999,0.242826105,1.2632219
2019-11-10,36294013833333.336,11139749166666.666,,,,,1767364183333333.2,480596080000000.0,2014723050000000.0,161108470000000.0,285.21821500000004,1.5281612833333333,-1.1662384733333333,1.3093726733333333
2019-11-11,37452623500000.0,13134325500000.0,,,,,1944073150000000.0,,,206682920000000.0,318.40628,1.3676823,2.0325022,2.2730439000000002
2019-11-12,44536445000000.0,16218276500000.0,,,,,1976967275000000.0,2267238800000000.0,1586430350000000.0,231016167500000.0,306.15814,1.361038,-1.4287023490000001,1.1011725
2019-11-13,26377266500000.0,15779228000000.0,,,,,1184571450000000.0,,,236483735000000.0,279.48150499999997,1.9913674,0.94577016,1.7060585
2019-11-14,35287933000000.0,12476183000000.0,,,,,1502779766666666.8,,,182536870000000.0,279.5244133333333,2.0089535,0.5134268666666667,1.9111145333333333
2019-11-15,32629716833333.332,11246466666666.666,,,,,1158828216666666.8,-4548902000000000.0,2263070300000000.0,158802896666666.66,256.5909383333333,1.9413956500000003,0.6556344696666666,2.6842016675
2019-11-16,41151404400000.0,13778065800000.0,15.706813,23.416373999999998,,,1472730880000000.0,-376070025000000.0,1314445050000000.0,196147066000000.0,264.428806,1.29134136,-1.11891854,0.8626375740000001
2019-11-17,51147262000000.0,14982384500000.0,,,,,1999499350000000.0,,,204019200000000.0,262.23933,1.2548172,0.55467635,1.23489978
2019-11-18,45626832000000.0,11592526333333.334,,,,,1457884266666666.8,,,184970520000000.0,286.88019,1.3887232,0.2846740233333333,57.27908208666667
2019-11-19,51454222000000.0,12085957500000.0,8.40724125,24.191585500000002,,,2016135750000000.0,2632388966666666.5,2239895866666666.8,176051193333333.34,297.0121066666666,1.4623762833333334,-0.8426174950000002,2.2658449666666667
2019-11-20,38897597000000.0,11304650714285.715,10.269338,24.2727914,,,1407582042857142.8,-139706790000000.0,1407670066666666.8,158168587142857.16,291.2202314285714,1.3113761514285716,0.40711914571428576,2.037478685714286
2019-11-21,46033864666666.664,12812484333333.334,8.21618,24.614758,,,1314078766666666.8,-418881400000000.0,1274751900000000.0,181802630000000.0,286.90973,1.2256716333333333,0.32942156666666667,1.9033072666666666
2019-11-22,46384096666666.664,18456955333333.332,,,,,1440103566666666.8,255853500000000.0,3483008000000000.0,297652213333333.3,257.5577333333333,1.3989668666666668,2.1976143666666665,2.5935993666666666
2019-11-23,57969921500000.0,15055974000000.0,,,,,1826169400000000.0,,,227402145000000.0,284.88503000000003,2.0272167999999997,0.7884938999999997,2.0887291
2019-11-24,44263532285714.29,12703263142857.143,,,,,1378476607142857.2,749154165000000.0,2248558050000000.0,189911517142857.16,275.4002442857143,1.7716563571428572,0.4973430228571428,2.3600744
2019-11-25,44359933000000.0,11865334400000.0,9.004664866666667,24.715653666666668,,,1380840280000000.0,-863165450000000.0,1485650800000000.0,170518874000000.0,291.983706,1.3387162,4.14097498,2.91395524
2019-11-26,56024184500000.0,12541340000000.0,,,,,1294336550000000.0,,,181407275000000.0,284.09865,1.3939609000000002,-0.036464650000000015,15.9670099
2019-11-27,54041150000000.0,13200900000000.0,,,,,1267925750000000.0,,,175203440000000.0,277.09781,1.5908921500000002,-0.8634665,1.6993755
2019-11-28,39395500000000.0,11835956400000.0,,,,,1176155390000000.0,-2207478100000000.0,1820685350000000.0,171794652000000.0,255.84572000000003,1.98810066,-1.340328006,1.7939607799999997
2019-11-29,43585967125000.0,10958962000000.0,11.687097,29.890955,,,2014059125000000.0,,,147374103125000.0,292.1981725,1.66032325,0.6444728375,1.9070676125000001
2019-11-30,25607189500000.0,16822547000000.0,4.8411355,27.749605,,,1225204800000000.0,-2866989700000000.0,2625269000000000.0,236425310000000.0,284.846615,1.2266352999999999,5.1145954,3.3060397999999998
2019-12-01,43246828000000.0,21549703000000.0,,,,,1425969250000000.0,1049783050000000.0,2928477500000000.0,384708660000000.0,251.82385,1.6401753499999998,-0.6732868299999999,9.8426124
2019-12-02,41512950000000.0,13521853600000.0,,,,,1169556520000000.0,-1417349921550000.0,1715473650000000.0,192034696000000.0,281.162628,1.9566827,2.645567012,2.56613012
2019-12-03,35749186633333.336,14070658333333.334,5.943023833333332,23.116842333333334,,,1658625166666666.8,,,208917813333333.34,294.8296966666667,1.7246875666666668,-3.0148695,3.3157197666666662
2019-12-04,39112725400000.0,10604494600000.0,,,,,1176469142000000.0,,,148839820000000.0,242.30860199999998,2.4757933999999997,0.40165929804000006,2.083130196
2019-12-05,37506058333333.336,11489188000000.0,,,,,1354640566666666.8,,,172414216666666.66,239.84051,1.5930431,1.488862,1.5915575333333332
2019-12-06,45994344000000.0,22190451666666.668,,,,,1417078500000000.0,1472884546666666.8,1867367760000000.0,364073136666666.7,259.17933666666664,1.7598684999999998,-0.9992078666666669,4.122015333333334
2019-12-07,41102608666666.664,15527253000000.0,12.695894,30.85235,,,1139057000000000.0,1774193500000000.0,1995863800000000.0,226997606666666.66,270.79996,1.8334734333333333,3.2115527333333334,3.0097168333333335
2019-12-08,31910204000000.0,14301736666666.666,,,,,862743666666666.6,,,210025320000000.0,289.1147466666667,2.1834255333333332,-0.8428420333333332,4.001668733333333
2019-12-09,33533864500000.0,11597896833333.334,,,,,1082554255000000.0,,,160833280000000.0,249.38688333333334,2.5845409333333333,1.6399452566666668,5.250720566666667
2019-12-10,19278045250000.0,12987124000000.0,8.055676,29.076057,,,2234868200000000.0,,,191820770000000.0,278.87415,1.7350322500000002,1.0079611000000002,1.97015255
2019-12-11,39509227200000.0,17214659800000.0,3.7122796,24.9297966,,,959910516000000.0,-690072315000000.0,2048347200000000.0,271943626000000.0,289.736186,1.64692192,-3.442632606,4.13251124
2019-12-12,37498136000000.0,12617606000000.0,,,,,1404415450000000.0,,,196731770000000.0,307.01640499999996,2.1547621,3.90745545,2.50365225
2019-12-13,58617192500000.0,11908824000000.0,9.781054,32.05001,,,1690382200000000.0,,,183038075000000.0,287.24904000000004,2.1918246,3.58280223,3.8703915999999996
2019-12-14,41830559111111.11,10826689444444.445,9.424325,34.5773785,,,1304714522222222.2,,,147503133333333.34,311.84094111111114,2.462989877777778,1.6418790644444448,8.93993471111111
2019-12-15,39711593000000.0,13208252750000.0,6.52605685,28.923323,,,1886230425000000.0,3908879400000000.0,2252100850000000.0,195709220000000.0,323.0763475,1.6967509,2.0218445000000003,3.4081788
2019-12-16,49344464000000.0,18139699000000.0,4.99941475,28.227609,,,732023455000000.0,,,274650365000000.0,344.44478000000004,1.57392265,2.31880674,8.549591
2019-12-17,49329586500000.0,15245393000000.0,,,,,1597589850000000.0,,,219998410000000.0,334.024155,2.1642220500000002,2.576025,4.87911285
2019-12-18,31237718333333.332,14893998166666.666,,,,,1196145900000000.0,,,225315578333333.34,341.2465,2.2284550666666667,5.2701632,10.313293
2019-12-19,36751322125000.0,13891376250000.0,5.191156066666667,30.67786533333333,,,1083426755000000.0,-9950550000000.0,1944643650000000.0,194133088750000.0,340.54185625,1.9981093875,-5.13212979375,8.277569337500001
2019-12-20,39872055750000.0,14503262750000.0,,,,,1038922812500000.0,604110240000000.0,1694794100000000.0,179920935000000.0,320.87686,1.9841787499999999,2.891778375,3.067803375
2019-12-21,28023446666666.668,15138798333333.334,,,,,1362047533333333.2,,,214015703333333.34,328.03991666666667,1.9228237666666665,1.4314896,4.096313066666666
2019-12-22,44722782333333.336,13708696333333.334,,,,,1103101573333333.4,,,182279983333333.34,353.1147433333333,2.4437556333333332,0.32901546666666653,60.82764986666666
2019-12-23,38449797857142.86,12213204857142.857,10.403088,34.28603,,,1416189400000000.0,,,166536535714285.72,347.3127271428571,2.182710642857143,2.9421764857142856,7.438244857142856
2019-12-24,45586206666666.664,11349084666666.666,,,,,998187425000000.0,595639090000000.0,1740139200000000.0,164661756666666.66,362.172655,2.2875110333333333,3.0761299166666665,5.922763666666667
2019-12-25,56966078500000.0,12109612000000.0,,,,,1441215450000000.0,,,172412060000000.0,343.194975,2.0513212000000003,-1.5511188599999999,13.5786678
2019-12-26,31675092000000.0,15943348500000.0,,,,,1326538700000000.0,,,213036895000000.0,376.83103,2.06677525,4.891854899999999,3.8373066
2019-12-27,42965771000000.0,14374553000000.0,,,,,1412851220000000.0,,,190886928000000.0,408.329762,2.22257542,4.8034052,8.49995032
2019-12-28,38183194125000.0,10963495000000.0,8.233515233333334,30.116684000000003,,,1460316387500000.0,,,151252401250000.0,387.32921125,1.986126225,2.3808040862499995,4.2161843325
2019-12-29,38704308000000.0,13117146500000.0,,,,,1629681900000000.0,,,163984270000000.0,361.980195,1.5445844,-0.8235486999999999,3.06577065
2019-12-30,35529644000000.0,14018718666666.666,,,,,1399868500000000.0,,,182574750000000.0,323.36383333333333,3.1716899,-0.31543447999999996,1.3742215666666666
2019-12-31,29897094600000.0,14555311200000.0,7.094294250000001,26.537444999999998,,,1928318480000000.0,,,205332244000000.0,323.73066,1.98757446,-1.9518361000000002,3.95865522
2020-01-01,48087461000000.0,17731510000000.0,,,,,1126781100000000.0,,,284851827500000.0,337.4298675,2.158337275,-15.039168425,8.8055836
2020-01-02,32188790333333.332,11143378333333.334,,,,,1040358323333333.4,,,147310900000000.0,325.0674716666667,2.59975555,-1.1356855333333333,3.7955295833333333
2020-01-03,38061204333333.336,18200246000000.0,,,,,1318383513333333.2,1646780166666666.8,2406349633333333.5,319273896666666.7,337.15118333333334,1.6446479,0.1938057999999998,5.601470166666666
2020-01-04,40058945666666.664,17480611333333.334,4.5764439,27.830183666666667,,,1308560120000000.0,,,241882890000000.0,354.47945333333337,1.7393368666666664,6.8261574,5.223280566666666
2020-01-05,40028524750000.0,17472213250000.0,4.861891625,28.341369,,,1641623400000000.0,,,240282405000000.0,355.97664,1.795570425,3.62504635,6.327513925
2020-01-06,41924192333333.336,12930853000000.0,,,,,1234347700000000.0,,,185975070000000.0,334.2441333333333,2.0244303,3.7550790000000003,6.015680666666667
2020-01-07,39999482400000.0,11583761000000.0,10.637877666666666,27.46659166666667,,,1532041400000000.0,,,162727176000000.0,364.578332,2.09157532,4.953532623999999,8.024694579999998
2020-01-08,25048779500000.0,12476496500000.0,,,,,1243706050000000.0,,,168149510000000.0,301.28200000000004,1.7797745,1.4351473000000001,2.0085367
2020-01-09,33980225250000.0,18845835000000.0,4.927079024999999,25.4488895,,,1147006225000000.0,957099652500000.0,2038947150000000.0,273448407500000.0,326.476235,1.716278175,5.268377825,4.9963766750000005
2020-01-10,20940651000000.0,11855865500000.0,,,,,1611982200000000.0,,,183171590000000.0,339.524655,2.45809725,2.35754369,2.17804555
2020-01-11,37945014000000.0,11826409000000.0,8.327166166666666,25.226382,,,1749596066666666.8,,,167531540000000.0,407.2220566666667,1.8757127333333334,7.237751766666666,7.831530666666667
2020-01-12,30415491477777.777,12191014888888.889,,,,,884861687777777.8,,,167776070000000.0,318.6070611111111,2.5748986444444446,-2.501791677777778,8.682840111111112
2020-01-13,51699046750000.0,12495171250000.0,8.5524199,25.739047,,,1933526550000000.0,6150772250000000.0,2570071550000000.0,174637542500000.0,340.25485,1.4483145,-2.67147384,4.3761592
2020-01-14,32586979000000.0,13931144500000.0,5.93551635,26.627291999999997,,,1515105350000000.0,,,216773315000000.0,364.912415,1.49070025,-1.1021195000000001,2.8113775
2020-01-15,47231522500000.0,19297072500000.0,,,,,1128156150000000.0,-214397250000000.0,2077427200000000.0,325967950000000.0,325.4843,1.7773364,2.0085627,7.793370749999999
2020-01-16,34251937166666.668,12759255833333.334,,,,,1469362066666666.8,,,178710168333333.34,357.29499333333337,2.0402221833333334,-0.44913868333333357,6.24741925
2020-01-17,32507531666666.668,13413468777777.777,7.0210821222222215,22.362679444444446,,,1425150233333333.2,971982586000000.0,1755437620000000.0,199508978888888.88,379.88253777777777,1.5025522666666666,3.7722626671111112,5.9945125
2020-01-18,37379674000000.0,12270647333333.334,,,,,1785006333333333.2,1458065600000000.0,1298844100000000.0,169045560000000.0,392.3119766666667,1.564201,-0.36411692800000006,2.1565101666666666
2020-01-19,53497668333333.336,13451427333333.334,8.842713833333333,20.735476333333335,,,1703448700000000.0,,,209359533333333.34,386.71035666666666,1.2857124666666666,-0.9029264466666668,3.4682558999999995
2020-01-20,60702215000000.0,13824104000000.0,4.6719197999999995,23.722586,,,1475962800000000.0,,,216619170000000.0,400.780825,1.4256451,0.9924274999999999,4.3599753
2020-01-21,42057764000000.0,10309361500000.0,,,,,1550977183333333.2,,,144532234166666.66,331.77468,2.2453990333333333,-1.2308592166666668,3.1487777
2020-01-22,46021309600000.0,12467929200000.0,6.1904827000000004,26.352514,,,1368221920000000.0,767748255000000.0,1301232550000000.0,171732314000000.0,421.315276,1.2518086,-0.51779697,8.150392068
2020-01-23,52076213666666.664,17143536333333.334,5.136313533333333,25.098322999999997,,,1338190920000000.0,1580753406666666.8,1776297966666666.8,260541090000000.0,355.06262666666663,1.2142842333333332,-1.2954198038666667,3.139916119
2020-01-24,27026216000000.0,13030552000000.0,9.9556465,25.540884,,,1559778800000000.0,,,186654380000000.0,291.07147499999996,1.53899915,-2.7862635,1.7539938
2020-01-25,40377081000000.0,14424403200000.0,,,,,550407916000000.0,-3307995400000000.0,1678230700000000.0,216371476000000.0,297.466308,1.8833926399999998,0.25309746000000005,3.16576444
2020-01-26,32907456000000.0,10832674000000.0,10.294501,30.847456,,,485198474285714.3,,,155081550714285.72,241.8055,1.6989195142857143,-0.18990728000000004,1.7205441
2020-01-27,40164585000000.0,10823378000000.0,,,,,668070300000000.0,,,158960455000000.0,272.438905,2.5006332000000002,1.88412775,0.933789185
2020-01-28,37654641500000.0,12437755000000.0,9.921941,27.0196855,,,1342797700000000.0,,,186895745000000.0,299.22323500000005,1.11681385,-0.11302924999999997,1.6623189999999999
2020-01-29,59363303750000.0,12537317500000.0,,,,,1185034185000000.0,-742998650000000.0,1104606050000000.0,179681595000000.0,322.3461225,1.78758855,0.5752112325000001,3.72817235
2020-01-30,47169873666666.664,11903462333333.334,6.2346835,29.82899,,,1254056533333333.2,,,175659323333333.34,349.6523133333333,1.3417930666666666,-0.9223005866666667,2.6949297333333333
2020-01-31,43911996571428.57,10857272571428.572,,,,,702248288571428.6,,,142893735000000.0,323.63399571428573,2.6193158,1.075726604285714,1.7132361642857141
2020-02-01,52479216000000.0,12257924500000.0,,,,,906034900000000.0,,,184125205000000.0,266.23497499999996,2.1002295,0.263695915,2.05641572
2020-02-02,56929728000000.0,12941404666666.666,8.791409000000002,26.628086,,,829347183333333.4,,,189522663333333.34,330.3042066666667,1.0519076,0.26778808666666665,0.5710979233333333
2020-02-03,49440744800000.0,14722384800000.0,4.33914222,26.9837742,,,1013091712000000.0,-2548113700000000.0,1176342950000000.0,206860712000000.0,358.280928,1.01715262,-0.35320883999999997,1.8415039100000001
2020-02-04,58638195000000.0,13986440500000.0,,,,,1130811075000000.0,4506581400000000.0,3278653700000000.0,229281760000000.0,406.99694999999997,1.07835705,-2.7159668,2.4257876499999997
2020-02-05,48552947400000.0,15177259000000.0,,,,,1453439720000000.0,687083100000000.0,1969090980000000.0,277222878000000.0,409.542738,1.2142431139999998,0.08770778400000005,4.01642758
2020-02-06,62672548500000.0,13729762500000.0,8.4545976,22.788557500000003,,,1572810650000000.0,,,199513465000000.0,400.768125,0.8299299,-1.54542695,2.11575305
2020-02-07,33160130500000.0,21457658500000.0,1.9987168999999998,25.758614333333337,,,1777335566666666.8,1918642820000000.0,1719449683333333.2,416872381666666.7,346.19987833333334,1.1027391333333332,-1.6245165000000001,169.53017863333332
2020-02-08,42890141500000.0,13639145500000.0,8.91558,20.657408,,,1398307150000000.0,,,208117700000000.0,322.229335,0.99655245,-0.71373105,1.23404015
2020-02-09,22669306700000.0,16292566500000.0,,,,,1408209350000000.0,1193761030000000.0,1221964460000000.0,293448220000000.0,297.37556,1.1961395,-1.68675215,1.8866482199999999
2020-02-10,46399272428571.43,10864705285714.285,,,,,1043537985714285.8,-2548658800000000.0,1637986300000000.0,160732330000000.0,302.77574142857145,1.6812560714285714,-0.5284955571428572,2.9128627099999997
2020-02-11,40709536200000.0,17334483800000.0,,,,,1744204280000000.0,1796477320000000.0,1359074320000000.0,269149202000000.0,407.197218,0.8632988919999999,-1.5741467372,2.031212512
2020-02-12,58004241333333.336,13208358000000.0,,,,,1455480400000000.0,,,208566326666666.66,428.9853666666666,1.2219424866666666,-0.41928750000000004,1.1582591666666666
2020-02-13,70568601000000.0,13563995000000.0,5.79949485,22.669328,,,1769867900000000.0,,,212800365000000.0,429.29379,0.8182367349999999,0.016578435000000002,2.0881801500000003
2020-02-14,44248524000000.0,14331635750000.0,,,,,2016794825000000.0,2778599525000000.0,2037185975000000.0,250134300000000.0,406.91007,1.0597044425000002,-0.6863322,3.2166547249999997
2020-02-15,42645847333333.336,14965581000000.0,,,2468087550000000.0,5367398575000000.0,1631239866666666.8,108063110000000.0,1412531880000000.0,260691348333333.34,377.078575,0.9588084,-1.0342630083333333,20.823448016666667
2020-02-16,30861384200000.0,13798191800000.0,,,5371312700000000.0,4272490600000000.0,1626254060000000.0,-24111540000000.0,924279330000000.0,223646318000000.0,341.455048,1.0776420979999999,0.22456581399999992,1.1144045679999999
2020-02-17,23836767000000.0,12548479000000.0,,,,,1400131900000000.0,,,214883295000000.0,338.34648000000004,2.0897595,0.502609685,1.9558059700000001
2020-02-18,43317187666666.664,17567917333333.334,,,,,2465729700000000.0,3558735333333333.5,2019259600000000.0,347861346666666.7,406.04244666666665,0.9059435666666666,1.1600855433333335,4.0677164333333335
2020-02-19,43464962125000.0,14225237625000.0,7.096353242857142,24.960896285714284,-4367801320000000.0,1.333056327e+16,2016468962500000.0,2014643581428571.5,1577582685714285.8,231316923750000.0,396.155805,0.825492155,-1.4922679125,2.44244189375
2020-02-20,48020107428571.43,13997916857142.857,6.662239914285714,22.744373,3256700000000000.0,2.633239415e+16,2427150171428571.5,3160239200000000.0,1469051150000000.0,198864585714285.72,398.3112371428571,0.7497402871428571,0.43496843514285705,1.7234514685714284
2020-02-21,43890946666666.664,16973784666666.666,,,-1616289500000000.0,4.4359328e+16,2109038766666666.8,2607326700000000.0,1298964700000000.0,252650093333333.34,406.88542666666666,0.7634975,-1.8883759166666667,1.62872224
2020-02-22,43807297000000.0,17218379333333.334,,,7510732000000000.0,7348439000000000.0,1508712333333333.2,445380300000000.0,1208218900000000.0,290104500000000.0,375.32936666666666,1.0296679233333332,-1.2107901333333333,1.6580310666666664
2020-02-23,42787315200000.0,15428314600000.0,4.188408180000001,23.6730004,,,1834076960000000.0,990814496666666.6,1156964800000000.0,225571262000000.0,443.44097999999997,0.74677412,-1.2423281720000001,2.41923644
2020-02-24,53033674125000.0,13531919125000.0,5.0665621,20.321883625,-1.601539856e+16,5.12629048e+16,1745546937500000.0,960122388333333.4,1514663150000000.0,215449773750000.0,424.94346625000003,0.638382575,-0.24952498249999996,40.9188477625
2020-02-25,49513792000000.0,12866573000000.0,,,,,2150880600000000.0,,,210926665000000.0,359.237975,0.6967010499999999,0.81394875,0.63907535
2020-02-26,50146487666666.664,20508386333333.332,7.33856485,21.817424000000003,-295103780000000.0,1.2734834e+16,3032823100000000.0,4210300433333333.5,2039858866666666.8,421828373333333.3,384.1206366666667,0.8763338833333334,-0.3762188333333332,1.9935671666666668
2020-02-27,68137615000000.0,14834752750000.0,4.5312521750000005,21.4499675,251753500000000.0,4398316800000000.0,2217219975000000.0,1670383300000000.0,1069935300000000.0,220100905000000.0,437.475915,0.696847805,0.9643408425,2.2840680650000005
2020-02-28,60466041000000.0,13432106500000.0,4.8772413,22.366366,,,1606519300000000.0,,,216051885000000.0,405.335845,0.72192283,0.84031256,0.719866305
2020-02-29,57811060285714.29,12249247142857.143,,,,,1613351471428571.5,,,177715562857142.84,408.49769714285713,0.6795788814285714,0.5954242457142858,0.7221748614285716
2020-03-01,43235170000000.0,13509638666666.666,,,,,2175714400000000.0,,,192775780000000.0,380.2181966666667,0.6379425,-0.8655418833333334,1.23684674
2020-03-02,49985587666666.664,17377917333333.334,,,9571717800000000.0,6502639450000000.0,1938929966666666.8,581723660000000.0,1042818860000000.0,297535400000000.0,417.79225333333335,0.6712203866666666,0.32572458,1.2764994533333331
2020-03-03,60335496000000.0,14381562800000.0,7.465275066666666,19.887778333333333,7141389666666667.0,7103391500000000.0,2337605540000000.0,1380670600000000.0,975561980000000.0,203429642000000.0,412.89201599999996,0.63196868,-0.6141251719999999,2.1477369459999998
2020-03-04,52370142666666.664,13045387000000.0,,,,,2429512133333333.5,,,183587960000000.0,393.2436433333333,0.6523168833333334,-0.19583436,0.62923679
2020-03-05,38490025000000.0,13944564750000.0,,,,,2133499675000000.0,,,203538482500000.0,415.0196825,0.731695425,-0.3613883025,2.158631375
2020-03-06,38671179500000.0,19540559000000.0,,,-6279468000000000.0,1.897653e+16,2127722900000000.0,1035406865000000.0,1730605800000000.0,370483365000000.0,343.31718,0.9829151500000001,-1.72162607,1.64478
2020-03-07,49917537600000.0,14407988200000.0,9.3329665,22.588669000000003,-6011188600000000.0,1.550888585e+17,2066666540000000.0,105560875000000.0,849036950000000.0,218753606000000.0,364.989802,0.6773043,-0.17014089000000002,0.930027282
2020-03-08,63322303000000.0,13318475500000.0,,,,,2949043150000000.0,,,196257180000000.0,438.02067,0.64159715,0.22858017999999997,0.8882410000000001
2020-03-09,50113015000000.0,13334486000000.0,,,,,2125358033333333.2,,,199906110000000.0,440.15888666666666,0.7304178866666667,-0.3137318176666667,1.03355099
2020-03-10,51348304333333.336,12948907833333.334,8.6897585,23.78056925,-3942280200000000.0,1.834018952e+17,1999613683333333.2,-1053368035000000.0,1364999200000000.0,190557661666666.66,406.63319500000006,0.6954341583333333,0.17826476833333335,1.0916014433333332
2020-03-11,41050939200000.0,14938510000000.0,8.849864666666667,21.598633666666668,9257723266666666.0,5180658200000000.0,2584998840000000.0,1614602533333333.2,1005158500000000.0,207859920000000.0,392.607148,0.6700206719999999,0.07084327799999998,6.649110552000001
2020-03-12,49124965000000.0,16789672000000.0,,,,,2330382500000000.0,,,283961170000000.0,351.07527,0.7532264666666667,-0.16886515333333332,1.2126742333333334
2020-03-13,48698471333333.336,16542118000000.0,5.411068,20.181942,,,2478530133333333.5,,,245896893333333.34,408.56003333333337,0.6809069333333334,0.15408170000000002,1.0673238233333333
2020-03-14,56804260250000.0,14724580000000.0,4.10456635,21.4418335,-4216838900000000.0,2.19186004e+16,2489519325000000.0,531684075000000.0,1285433800000000.0,234928515000000.0,446.0663975,0.6482970275,-1.882012675,1.9675981500000002
2020-03-15,48807903625000.0,16441711625000.0,4.469594925,21.699077375,-1.03623161925e+16,2.316812525e+16,2186279675000000.0,93665270000000.0,1966416325000000.0,345041117500000.0,460.7641925,0.65182457625,1.7774043412499998,1.5680277125
2020-03-16,45436385200000.0,20934113800000.0,,,9560059000000000.0,1.544072812e+16,2087594100000000.0,-1091676088000000.0,1627567220000000.0,365877152000000.0,410.25633799999997,0.9382526,-0.31567355919999995,2.66819299
2020-03-17,41257897000000.0,21113155000000.0,4.242085,17.924881499999998,9615424435000000.0,5410819300000000.0,2074501550000000.0,-1512054125000000.0,1608851800000000.0,421949280000000.0,384.94272,0.77499213,0.18735392,1.6097777
2020-03-18,42020537333333.336,17177639000000.0,15.460735666666666,19.433679666666666,8514223400000000.0,6226434000000000.0,1857042533333333.2,,,291724120000000.0,365.62449,0.76488851,0.26835676,7.689878253333334
2020-03-19,38439051142857.14,13620974857142.857,11.756952,23.468615,4809256850000000.0,5846183650000000.0,2130207657142857.2,-695460850000000.0,1161794050000000.0,206910664285714.28,347.27311428571426,0.8550993442857143,-0.5905272828571428,1.5714381142857141
2020-03-20,48849191166666.664,16656215500000.0,6.9404899,19.580380666666667,-1.085029515e+16,8806421840000000.0,2322081633333333.5,-417190575000000.0,1098458065000000.0,269547220000000.0,372.6546716666667,0.7361260316666667,-0.2076554416666667,2.666999833333333
2020-03-21,46768794666666.664,18702402000000.0,3.255304133333333,19.134517,-2677916700000000.0,3916579000000000.0,2263547133333333.5,-237003120000000.0,2089274900000000.0,306348533333333.3,408.34504999999996,0.73214495,-0.17304863333333342,1.4652448333333332
2020-03-22,56644940333333.336,22631661333333.332,2.750892933333333,19.51839633333333,-3138169233333333.5,1.4405987e+16,2372418766666666.5,-274679966666666.66,2212200666666666.8,571006900000000.0,416.43231,0.7520601166666667,-0.11479307666666672,1.3170168333333334
2020-03-23,57870823000000.0,20237083600000.0,2.94113628,20.211969,-5045057940000000.0,1.637243948e+17,2353277140000000.0,-541491224000000.0,2018144980000000.0,513352086000000.0,467.621858,0.670804356,0.11401325199999994,2.0879916
2020-03-24,38143431428571.43,17654989000000.0,4.197502542857143,19.800055571428572,189262142857142.84,1.38007189e+16,2349183200000000.0,97446037857142.86,1806587214285714.2,369182427142857.1,375.8602642857143,0.7261368514285714,0.07394160857142858,1.2412735714285714
2020-03-25,36105760000000.0,20579618000000.0,4.4988422,19.707647,15839000000000.0,1.179538775e+16,3202498900000000.0,3423199400000000.0,2227651700000000.0,413760670000000.0,368.218005,0.787073425,0.212499465,0.786532285
2020-03-26,52069675333333.336,25289748333333.332,3.4882218,18.919497,-1559501433333333.2,2.1398654666666668e+16,2026506366666666.8,-699781055333333.4,1783036366666666.8,609753246666666.6,388.10951,0.8880945699999999,-0.31018850000000003,1.4731168333333333
2020-03-27,49643125800000.0,23095580600000.0,6.43367176,19.451639,-3692384860000000.0,3.156229074e+16,2948343480000000.0,1661024634000000.0,2017235840000000.0,574635252000000.0,386.917866,0.8274756780000001,-0.18072913799999996,3.18579022
2020-03-28,28273608500000.0,19617638500000.0,6.935922,20.290962,1.32614261e+16,6401277650000000.0,2790361500000000.0,2527215800000000.0,2335668000000000.0,443792985000000.0,396.605655,0.7343797750000001,-0.458224125,1.1085555
2020-03-29,47479616714285.71,14160171428571.428,,,,,2229426671428571.5,,,229910938571428.56,396.1281614285714,0.8578529642857143,-0.07780184857142858,0.9135696957142857
2020-03-30,64718150500000.0,18086939500000.0,1.3762911,21.2746995,-3526673600000000.0,6815901000000000.0,2837833900000000.0,,,350137270000000.0,405.83349499999997,0.68168648,-2.2696674,1.190147
2020-03-31,41348326000000.0,20553714666666.668,3.6068173,18.74367066666667,5279917433333333.0,1.0776098333333334e+16,3103770033333333.5,4315008200000000.0,2560589400000000.0,438913576666666.7,395.64451333333335,0.7875037766666667,-0.18108733666666668,1.2923938333333334
2020-04-01,58162780600000.0,16335195200000.0,8.5439945,17.925739999999998,-3835762600000000.0,1.062844475e+16,2524780080000000.0,814543600000000.0,1049308050000000.0,245169218000000.0,358.432866,0.787999896,0.21003953599999997,0.7475600840000001
2020-04-02,56794240000000.0,14158005000000.0,,,,,2040409000000000.0,,,258027510000000.0,338.83256,0.9089765750000001,-0.72816875,0.59631873
2020-04-03,46574878666666.664,14237893500000.0,3.5370082666666662,20.377537999999998,,,2579998200000000.0,,,246836308333333.34,332.10420166666665,0.8502486583333333,0.046184291666666676,0.9877061566666666
2020-04-04,55296340000000.0,18095357666666.668,3.3620134,20.217037333333334,,,2625700133333333.5,,,351160313333333.3,380.81054666666665,0.75080973,0.63500332,0.9016031233333334
2020-04-05,45123683833333.336,24349215166666.668,7.4236194,17.223942833333336,-6481744133333333.0,2.43466687e+16,2579131016666666.5,1650082449200000.0,2213630860000000.0,661771081666666.6,361.38814500000007,0.8930255683333334,0.5595962200000001,1.3613701
2020-04-06,47593415666666.664,21833090000000.0,7.932472433333333,17.754701666666666,2167293200000000.0,4.2912458466666664e+16,3310240500000000.0,3024449866666666.5,2184430866666666.8,549854840000000.0,295.1636466666667,0.9304097499999999,-1.02378442,0.7442897333333334
2020-04-07,52697109500000.0,17786239500000.0,5.749124500000001,18.717013,6217571300000000.0,4667283900000000.0,2301914500000000.0,-169539300000000.0,1706054950000000.0,418521645000000.0,300.00536999999997,0.80969908,-0.8741025499999999,0.85498028
2020-04-08,40960264125000.0,16361520500000.0,6.288619528571429,20.031181,1332082225000000.0,2.498437617e+17,2214868375000000.0,-873122840000000.0,1996302380000000.0,388648112500000.0,343.17460125,0.72496229,0.6959332225,1.6278483375
2020-04-09,45550430000000.0,15724946000000.0,,,4598604600000000.0,3502302250000000.0,2191246875000000.0,9764470000000.0,952369875000000.0,255287947500000.0,358.45869,0.871839435,-0.007656046249999993,0.4516969475
2020-04-10,33869729000000.0,24492488500000.0,5.2781753,18.5153715,6028683215000000.0,4679748062000000.0,2362021000000000.0,146361475000000.0,2154628650000000.0,624970850000000.0,352.585695,0.83864218,0.9214356,1.56988435
2020-04-11,20686747500000.0,22082823000000.0,3.7701297499999997,18.047060000000002,-1186258600000000.0,4936270900000000.0,2718282100000000.0,929833650000000.0,1793966500000000.0,530232935000000.0,333.65806499999997,0.926069025,0.019947465000000053,1.4716163999999998
2020-04-12,48178828200000.0,16987878200000.0,,,733438500000000.0,3.47436685e+16,2727766480000000.0,774831800000000.0,1578232200000000.0,301608918000000.0,302.603114,0.97741651,-0.102911566,1.2345959
2020-04-13,44950991000000.0,15361613500000.0,,,-8378502500000000.0,8.0681424e+16,2524578783333333.5,203613750000000.0,978616600000000.0,271808373333333.34,304.52683833333333,1.0413927833333334,-0.07339804666666667,0.8219970016666668
2020-04-14,63384218250000.0,18611340250000.0,3.3197263,19.909557,-5407424200000000.0,1.7909015e+16,3119962050000000.0,1605035765000000.0,1301606250000000.0,341635337500000.0,333.2774975,0.93847114,0.17764198999999997,1.9633117649999998
2020-04-15,59949052500000.0,16313090000000.0,,,,,2545443550000000.0,,,299256875000000.0,330.70392000000004,0.9395435999999999,-0.66399182,0.42704859
2020-04-16,58738763000000.0,15776213666666.666,,,,,2384258000000000.0,,,245585710000000.0,322.8565066666667,0.7429100766666666,-0.11732229333333333,1.3275474516666668
2020-04-17,50495117625000.0,17396571750000.0,5.893056425,20.4779635,382070180000000.0,3081081584000000.0,3043654862500000.0,2188889233333333.2,1832693033333333.2,336671713750000.0,355.86693125,0.81263183,-0.2993524825,0.7750914125
2020-04-18,53270588166666.664,15817775166666.666,6.331232025,19.815144,5967297525000000.0,3682042250000000.0,2428091233333333.5,-1179273650000000.0,1071678180000000.0,289407075000000.0,359.9378633333333,0.7361101416666666,0.06484158166666666,0.9315217050000001
2020-04-19,55619966750000.0,17213068500000.0,,,,,2516165325000000.0,,,263273005000000.0,383.18368250000003,0.883290885,-0.2146803425,0.7679709100000001
2020-04-20,53390649333333.336,21077103333333.332,6.5297488,17.487007,7951635700000000.0,7226066800000000.0,2616395366666666.5,225343180000000.0,2214366500000000.0,432907380000000.0,337.07792333333333,0.9369177333333334,-0.06532254666666663,0.8437552366666669
2020-04-21,39856261200000.0,20461191800000.0,7.622553120000001,19.0605512,1.067429271e+16,5426927320000000.0,2494937400000000.0,48322683333333.336,1615277766666666.8,419840388000000.0,345.265994,0.846973558,0.055391079999999995,0.884013414
2020-04-22,39751890000000.0,19152952500000.0,10.9587485,18.166750125,74797925000000.0,2.39968333625e+16,2380216500000000.0,-1352305673000000.0,1985331080000000.0,424935563750000.0,342.98060875,0.79386832375,-0.48408075,1.0689821925
2020-04-23,51016571000000.0,22478749500000.0,,,-3310637600000000.0,6735079150000000.0,2761550000000000.0,59081800000000.0,2538887150000000.0,524707260000000.0,376.80065,0.84492937,0.81088342,3.16607855
2020-04-24,46687366500000.0,20093962500000.0,,,-4696697000000000.0,4828722000000000.0,2727215250000000.0,,,426577415000000.0,383.12289,0.824498625,0.21602284000000002,0.84035235
2020-04-25,42632881750000.0,20710116000000.0,8.380451,18.63457275,2918096000000000.0,6.1042591e+16,3014696550000000.0,1173276950000000.0,1355843800000000.0,357756222500000.0,377.6620175,0.836325075,0.69150965,1.23179065
2020-04-26,30787912500000.0,20212484000000.0,6.179532,18.9444865,8084676600000000.0,7318704150000000.0,3095547700000000.0,,,404247660000000.0,371.548015,0.776107715,-1.39922325,0.69603154
2020-04-27,34456753833333.332,18157832500000.0,7.52250494,18.7802952,9822211740000000.0,5089061980000000.0,2925298250000000.0,1402041466666666.8,2415127000000000.0,393869353333333.3,353.28982833333333,0.80114055,-0.77056936555,0.43598475466666664
2020-04-28,45633128000000.0,17143602500000.0,,,,,2820775450000000.0,,,282135135000000.0,346.017195,0.9878905,-0.2990750585,0.23052842499999998
2020-04-29,44227631000000.0,17080225333333.334,,,,,2748971700000000.0,,,304683626666666.7,344.7538133333333,1.2588786,-0.09767418100000001,0.1966104293333333
2020-04-30,46156310500000.0,22666899250000.0,9.4002785,17.782481,9079593250000000.0,1.606070225e+16,3048162300000000.0,792980900000000.0,2030903966666666.8,491658960000000.0,359.87767,0.8430850875,0.1667376925,1.4948147600000001
2020-05-01,41846023666666.664,20404208333333.332,10.262518,20.740702,8462978166666667.0,6472791666666667.0,3472340866666666.5,1229235350000000.0,2625638600000000.0,494097920000000.0,363.98498666666666,0.8043496466666666,-0.6300152200000001,2.6520871566666666
2020-05-02,49937247000000.0,14974069000000.0,,,,,3163440250000000.0,,,253314565000000.0,371.69111250000003,0.9707351224999999,-0.012449441500000005,0.54775559875
2020-05-03,51112192500000.0,19465983750000.0,10.696992250000001,18.04368175,,,3060221175000000.0,,,339067357500000.0,354.405425,0.8376540625,0.288661,0.8045761475
2020-05-04,39578102750000.0,23407322750000.0,10.674413,19.522137,-3594328697500000.0,3.4026578025675e+17,3026456425000000.0,191439681250000.0,2154913625000000.0,558232815000000.0,383.025445,0.8623658,0.6586566225,6.360580624999999
2020-05-05,40456164333333.336,20837978333333.332,,,1.7893799e+16,9164556000000000.0,3165221333333333.5,,,373832273333333.3,399.13212,0.9036081333333333,-0.46214047999999996,7.013888206666667
2020-05-06,46280609000000.0,15938091000000.0,,,,,2959042433333333.5,,,272314623333333.34,394.7557566666667,1.2025335000000001,-0.13498591999999998,11.34967707
2020-05-07,43953427500000.0,19337109000000.0,8.119505716666668,19.8706915,-4449146633333333.5,1.73274707e+16,3623376100000000.0,1578428927500000.0,1961606825000000.0,446655083333333.3,398.704095,0.7198401,-0.1996407166666667,1.7418242733333333
2020-05-08,22598177800000.0,24124325000000.0,8.5901626,17.404547200000003,1.81520216e+16,8360384540000000.0,3495598380000000.0,768927586000000.0,1831292580000000.0,578204264000000.0,354.44586799999996,0.9183003519999999,0.574337092,0.891100956
2020-05-09,47967667000000.0,22027152333333.332,8.947595666666667,17.577950666666666,5868569000000000.0,4102581800000000.0,3288803466666666.5,,,447178603333333.3,367.7945833333333,0.9127357133333334,0.5213912633333333,1.1370956333333333
2020-05-10,32052865000000.0,21825990000000.0,8.811937,17.921777499999997,3389307050000000.0,4988315400000000.0,3148692300000000.0,,,478654930000000.0,378.66044999999997,0.8206847749999999,1.02497625,1.3970250499999999
2020-05-11,48777433200000.0,16315423400000.0,,,738391500000000.0,8904360000000000.0,2877322480000000.0,-530669750000000.0,1122662925000000.0,246883514000000.0,361.770074,1.087264402,0.11945041320000001,1.4148150056000002
2020-05-12,40106533142857.14,16472765428571.428,7.835368466666666,18.590054,-1.086736475e+16,2.200625835e+17,3123399871428571.5,397624385000000.0,1068412900000000.0,284889572857142.9,358.2600828571429,0.8924033028571429,-0.21288101142857144,0.5747054942857143
2020-05-13,55473978000000.0,17935258666666.668,6.0698185,19.346996,7275757300000000.0,4197195300000000.0,3288593633333333.5,272915510000000.0,988939800000000.0,306644613333333.3,380.4997166666667,0.8269047033333333,0.13107207666666668,0.76946869
2020-05-14,42537997333333.336,21276615666666.668,4.075785,16.625198,,,3378678900000000.0,,,373608150000000.0,380.45621666666665,0.8677979866666666,-0.030133274,0.3785457966666667
2020-05-15,35409634500000.0,23658982500000.0,9.1299965,17.5519695,1032476025000000.0,1190638085000000.0,3378705350000000.0,1076197425000000.0,2056561000000000.0,533578370000000.0,352.34945,0.885641515,-0.283858365,0.274367475
2020-05-16,47239258500000.0,16942754500000.0,7.438769,20.674458,-1.07005002e+16,3.8688967666666664e+16,3333032250000000.0,979575033333333.4,1280732000000000.0,262302087500000.0,350.7941925,0.893411105,-0.22135487099999998,0.24857783775
2020-05-17,49504960714285.71,17427703857142.857,9.036712,19.646193,2665069275000000.0,1911546950000000.0,3247922442857143.0,-106195520000000.0,989261260000000.0,285248758571428.56,366.38509000000005,0.9092892128571428,0.10845303314285713,1.385964898
2020-05-18,42127435750000.0,20588883750000.0,5.444467833333333,19.00868133333333,,,3705994125000000.0,,,376318572500000.0,376.156005,0.9336165325,-0.231789375,0.2177850935
2020-05-19,56711043750000.0,18700298500000.0,11.131475,16.63577,,,3406860125000000.0,,,326741585000000.0,355.8097,0.8648483475,0.11109435574999998,0.9582136925
2020-05-20,51603511800000.0,21133657400000.0,6.1910931,17.763358333333333,724672500000000.0,3.086317835e+16,3535223740000000.0,180404875000000.0,1551537050000000.0,414577326000000.0,372.806954,0.8324704,0.21713882,1.4167106560000002
2020-05-21,48207002125000.0,17714969875000.0,7.089717116666667,19.702920666666667,,,3755932737500000.0,,,314440588750000.0,388.50680625,0.78911760125,0.01701109749999999,0.98472424625
2020-05-22,56694897333333.336,16700655333333.334,,,,,3271502800000000.0,,,322452533333333.3,387.3632533333334,0.8015713533333333,-0.4585618866666667,0.34363039333333334
2020-05-23,16636339000000.0,27284572500000.0,7.6007193,18.0602355,2.71059545e+16,1.1270965e+16,3355516450000000.0,771273900000000.0,2393149850000000.0,690514210000000.0,352.40634,1.00145175,0.6630142,1.7678149699999999
2020-05-24,46717203000000.0,19052858000000.0,,,6252147125000000.0,3212181402500000.0,3146695150000000.0,655833365000000.0,1160522900000000.0,318563905000000.0,368.41742750000003,1.04066708,0.13280606749999999,0.5633155049999999
2020-05-25,47679208000000.0,18207761000000.0,,,,,3506470200000000.0,,,315773845000000.0,365.17427,0.7409105,0.002250642000000004,0.22359047
2020-05-26,39661955750000.0,16302181750000.0,11.811742875,18.873968,,,3570653500000000.0,,,326467196250000.0,356.28160375,0.7661820699999999,-0.245221948125,0.70968889
2020-05-27,9058058666666.666,22673701000000.0,14.4642775,16.322948500000003,1.4407999566666666e+16,7035762333333333.0,3816413466666666.5,3679257400000000.0,2085691100000000.0,567143106666666.6,338.42891000000003,0.94743042,0.45790312333333333,1.5507697756666667
2020-05-28,26955299500000.0,23769126000000.0,12.787415,18.2315835,1.9412596e+16,7216019250000000.0,3642223550000000.0,,,597148380000000.0,341.93413999999996,0.86311395,-0.4327825,0.33805318
2020-05-29,49998623200000.0,22732701000000.0,8.992167599999998,17.6959808,-1.02530705e+16,3.14839375e+16,3713280100000000.0,1411356750000000.0,1562915050000000.0,419939222000000.0,361.42008599999997,0.837281384,0.10661867799999998,0.67408236
2020-05-30,43839401000000.0,17907242000000.0,,,,,3250438650000000.0,,,337863270000000.0,319.088375,0.957870835,0.48571218499999996,1.0413861500000001
2020-05-31,37145413800000.0,18689956200000.0,10.7676618,17.7104776,-6363671573333333.0,1.5325008346666666e+16,3725369020000000.0,4032057900000000.0,2585163000000000.0,430220300000000.0,318.530076,0.799123596,-0.23041936200000004,0.537245902
2020-06-01,37486176333333.336,24298624000000.0,7.8844175666666665,16.856408333333334,-1.2476405733333334e+16,9.48684376e+16,3625532000000000.0,36443465000000.0,1668823200000000.0,555701736666666.7,352.4714933333333,0.90050145,0.18708471333333332,2.3807433166666665
2020-06-02,51668024750000.0,22612546000000.0,12.070355750000001,17.2098865,568420000000000.0,9.886402543333333e+16,3775395450000000.0,1645387966666666.8,1544275766666666.8,456198902500000.0,362.5185625,0.80600712,0.31529946125,0.9612586525
2020-06-03,48445316666666.664,19573446666666.668,10.651568,16.558798,,,4309364640000000.0,,,347484440000000.0,338.539226,2.6567767879999997,-0.13730924666666666,0.7366043333333333
2020-06-04,36848741666666.664,18514649333333.332,11.5970815,17.370555500000002,,,3566541266666666.5,,,316142130000000.0,362.73420000000004,0.8199788333333333,-0.37814483000000004,0.32256599333333336
2020-06-05,30576503333333.332,18611356000000.0,12.090446666666665,20.126260666666667,9658976901666666.0,6101027573333333.0,3826327633333333.5,1049075400000000.0,1795480975000000.0,444848090000000.0,345.28639833333335,0.8200950933333333,-0.056661584999999993,2.0719730566666668
2020-06-06,31792654600000.0,21717776000000.0,11.5370116,17.4375368,,,3854998180000000.0,1686599286666666.8,1277697633333333.2,387107634000000.0,338.379974,0.92626946,-0.48679933200000003,0.6585566679999999
2020-06-07,30761111500000.0,25372249500000.0,,,,,3356040200000000.0,,,615673900000000.0,323.48105,0.940729625,0.43217422000000005,0.97462879
2020-06-08,44799965000000.0,24590413000000.0,26.1612065,17.5505705,7962491000000000.0,4501630800000000.0,3639416950000000.0,,,579362500000000.0,327.005025,1.00140095,-0.034321905000000014,0.367514805
2020-06-09,40150640000000.0,18569525800000.0,28.767594250000002,16.7059195,4863595887500000.0,2645610975000000.0,3981651160000000.0,1431805200000000.0,1188364650000000.0,347358228000000.0,338.222856,0.8253348540000001,0.37775394400000006,6.523012364
2020-06-10,23205978500000.0,18832381666666.668,27.135661,17.3906295,2.8149227e+16,9212318500000000.0,3618453733333333.5,1215079100000000.0,1196234850000000.0,347151556666666.7,326.71097000000003,0.91012071,0.29421165666666665,1.5445419616666667
2020-06-11,37474386500000.0,23783451000000.0,25.462446333333332,18.528869,-5925959500000000.0,1.1973052675e+16,3217981125000000.0,-1845389900000000.0,1473202950000000.0,521031410000000.0,324.57441,0.959106365,-0.4771980525,0.489499725
2020-06-12,31595735000000.0,19106233500000.0,,,,,3922359000000000.0,,,336918015000000.0,301.509765,1.319199,0.204257775,1.626891175
2020-06-13,42301006333333.336,17856941666666.668,,,,,3293452233333333.5,,,289311723333333.3,306.70985666666667,0.8443868333333334,-0.021679774999999984,1.21550007
2020-06-14,55112338857142.86,16056137571428.572,16.728751,17.484018499999998,8771941000000000.0,3717291800000000.0,3557100700000000.0,655826440000000.0,1121125800000000.0,262127037142857.16,354.41272714285714,0.7614103728571429,-0.13200043285714286,1.269292127857143
2020-06-15,45233457000000.0,16788797333333.334,25.042785000000002,14.163746249999999,1.10659265e+16,4877636200000000.0,3607964883333333.5,817661600000000.0,941349025000000.0,263881891666666.66,324.93288333333334,0.8441949916666666,-0.08010500816666666,1.0832817705
2020-06-16,38981875000000.0,21636203000000.0,,,,,3495132200000000.0,,,385326565000000.0,298.18177000000003,1.08437505,0.46220933000000003,0.609276185
2020-06-17,23438572300000.0,25989664000000.0,29.265711,17.302839,2.00404695e+16,8197739650000000.0,3418631900000000.0,-1470745100000000.0,2058460700000000.0,602539655000000.0,302.120625,1.0205402000000001,0.30909102000000005,3.861071645
2020-06-18,26694248600000.0,22551529800000.0,29.500800499999997,18.068577,1.00915921e+16,4549440040000000.0,3977590940000000.0,184318766666666.66,1584017266666666.8,502136968000000.0,308.696422,0.909100394,-0.15504352800000004,0.900241444
2020-06-19,23329332500000.0,19281374625000.0,25.61178166666667,19.883657333333336,1.3211170183333334e+16,5924969116666667.0,4091614287500000.0,1858199150000000.0,1672427050000000.0,388153982500000.0,304.66299375,0.867584585,0.65388242875,1.45592865
2020-06-20,32718942000000.0,17497798000000.0,,,,,3492180050000000.0,,,339695935000000.0,304.3378,1.3863021500000001,0.44770487999999997,1.53924385
2020-06-21,47831541333333.336,19499570333333.332,,,,,3564263633333333.5,,,288872786666666.7,304.77814,0.8978996800000001,-0.11850385666666667,0.41467128666666664
2020-06-22,41633810000000.0,20431983750000.0,25.84246733333333,15.377645000000001,2540475000000000.0,5723329700000000.0,3640153800000000.0,279737283000000.0,1104894300000000.0,346106892500000.0,327.2514375,1.06307606,0.1421256425,1.58290229
2020-06-23,43853381500000.0,18708568500000.0,,,,,3597330100000000.0,,,308293585000000.0,307.092835,1.0376400000000001,0.17849692,0.6879783150000001
2020-06-24,40319216857142.86,18638834714285.715,11.977307083333331,19.3047835,-1956606810000000.0,3.748403361142857e+16,3952656071428571.5,497653330000000.0,1560023500000000.0,386067171428571.44,316.3891628571428,0.8533225700000001,-0.16869716614285715,0.5128053471428571
2020-06-25,27777369000000.0,22816680000000.0,11.207317000000002,17.576712333333333,6576845566666667.0,3794079916666666.5,3536054966666666.5,-288298940000000.0,1427904200000000.0,489195183333333.3,312.71533666666664,0.9561020666666668,0.7714023333333334,1.38111958
2020-06-26,17210447500000.0,23442749500000.0,13.2698465,18.68101,2.41319815e+16,8314470000000000.0,3592521500000000.0,,,480040490000000.0,306.523055,1.0516290000000001,0.18270029,0.61265563
2020-06-27,39206328000000.0,20224321200000.0,24.362186,18.839489,-549679220000000.0,1.3956487572e+17,4149716116666666.5,575785040000000.0,1644170833333333.2,530512278333333.3,317.07005166666664,1.6046026716666664,0.26995237333333333,3.331501805
2020-06-28,40433678500000.0,17459810000000.0,,,,,4344503850000000.0,,,292433400000000.0,316.729645,0.86479303,0.08497989,1.504354105
2020-06-29,36930675400000.0,18112154200000.0,24.64359,18.486837,8951178800000000.0,4854347450000000.0,3832566800000000.0,,,360535190000000.0,298.761896,0.90278305,0.34160631399999997,1.21141006
2020-06-30,41084990000000.0,21525029500000.0,13.926584,16.447476,5298944400000000.0,3153430000000000.0,4257553650000000.0,,,383174535000000.0,333.032365,0.8873231,0.175166185,1.5802499
2020-07-01,29433540600000.0,22065596000000.0,16.453683666666667,18.500525333333332,1.9044953e+16,7267868500000000.0,3739228240000000.0,49244513000000.0,1129876220000000.0,395454778000000.0,328.7912,0.9514216099999999,0.387026094,1.229261376
2020-07-02,20411497433333.332,11861550316666.666,24.738021500000002,17.4439,,,4642992416666667.0,,,258276865000000.0,321.9902183333333,2.477869528333333,3.2644513699999997,2.333204541
2020-07-03,39748286333333.336,19118291666666.668,,,1.0025742e+16,4962612400000000.0,3857046733333333.5,,,413779606666666.7,327.13329666666664,0.9208537833333335,-0.41446147333333333,0.3622655066666667
2020-07-04,24225875333333.332,18412087500000.0,23.40027566666667,18.477309666666667,9410627666666666.0,5.89460601e+16,3509142566666666.5,-628205450000000.0,1469374275000000.0,403017725000000.0,323.6398033333333,0.8169444316666666,-0.54557307,0.7153517716666666
2020-07-05,27169740200000.0,19438389200000.0,22.478286,19.3524045,2335658366666666.5,2765378266666666.5,3576354680000000.0,-293278846333333.3,929067976666666.6,319587532000000.0,332.784716,0.867271098,0.311690452,2.7008451
2020-07-06,40436275333333.336,18958410000000.0,17.854017,19.122223,,,3191773200000000.0,,,350829943333333.3,289.01822,1.0791961333333333,-0.13100925333333335,0.8393304166666665
2020-07-07,34480403000000.0,18423210000000.0,,,,,3378710100000000.0,,,310482880000000.0,306.45570499999997,1.44717905,-0.10489577950000001,0.10705799765
2020-07-08,46196253333333.336,17750538333333.332,11.269717499999999,19.983666,-2711218800000000.0,2143434750000000.0,3995954100000000.0,1816277650000000.0,1337723250000000.0,321450615000000.0,348.6140716666667,0.805821705,-0.06070098300000001,1.3751761166666665
2020-07-09,41386548111111.11,17823922444444.445,9.494658928571429,18.781038,-6488747600000000.0,1.1606052933333334e+16,3859468522222222.0,1325072933333333.2,1092965166666666.6,318976828888888.9,364.19019111111106,0.8528804,-0.06973579177777778,0.8159636811111111
2020-07-10,43745963500000.0,18532153750000.0,20.9762365,17.261608,7321334850000000.0,3066134250000000.0,3615572650000000.0,329298710000000.0,888568000000000.0,314031567500000.0,336.30305250000004,0.84742812,0.0615888765,0.38106619075000003
2020-07-11,48361079000000.0,20280432500000.0,17.416065,18.527647,,,3461708900000000.0,,,362738300000000.0,301.24168,1.0495454999999998,0.17542272999999997,1.232121985
2020-07-12,46767962333333.336,18790034666666.668,,,,,3564272666666666.5,,,332493743333333.3,318.1910066666667,1.2320042666666666,0.12849530899999997,0.56025531
2020-07-13,38455600428571.43,17602809000000.0,9.158780857142858,18.191351714285712,4504838925000000.0,8354172000000000.0,3819669771428571.5,688114300000000.0,1264993500000000.0,336821034285714.3,344.5968857142857,0.7938579499999999,-0.35866997085714286,0.5688166114285714
2020-07-14,47239349166666.664,17394654833333.334,12.904286666666666,17.249444333333333,-4162583000000000.0,6847843320000000.0,3800680366666666.5,1212692500000000.0,1071044350000000.0,323802531666666.7,335.4131116666667,0.7806179833333333,-0.005534083333333319,1.3657024216666667
2020-07-15,38891840666666.664,22267119666666.668,18.424978,17.7357285,-6253469733333333.0,4.57045996e+16,3831604100000000.0,,,514522343333333.3,330.96372333333335,0.8597273900000001,0.71745739,0.6181537266666667
2020-07-16,45316329333333.336,25386851000000.0,19.028869333333333,16.94282133333333,-4111158066666666.5,1.3895177953333334e+16,3525100100000000.0,530612903333333.3,1779402033333333.2,617035433333333.4,330.8182766666667,0.98328852,-0.5231428466666667,0.41263243
2020-07-17,28001667600000.0,22149388400000.0,18.271326600000002,19.0753522,5885085600000000.0,5005688600000000.0,3845918000000000.0,1443850233333333.2,1696364300000000.0,507167304000000.0,324.28213800000003,0.882134658,-0.36575897199999996,2.384210656
2020-07-18,33090345500000.0,18687466250000.0,15.957569874999999,18.187402375,-1953852143857142.8,1.7474784618285714e+16,3777540975000000.0,1758227865000000.0,1347454275000000.0,366042376250000.0,322.66350875,0.7883864775,-1.085909404,0.63817427125
2020-07-19,41820475000000.0,20371959000000.0,,,-5949559000000000.0,4900358000000000.0,3815545600000000.0,,,407414775000000.0,308.117445,0.9741525,0.32349697299999997,0.67739107
2020-07-20,43705935000000.0,26502344333333.332,23.513199,17.232302333333333,2214821233333333.2,5569387833333333.0,3642444200000000.0,436212866666666.7,1794079633333333.2,664916200000000.0,327.55618000000004,0.9847870133333334,0.5041904953333334,0.6864919116666667
2020-07-21,47897717750000.0,19293196500000.0,18.932947666666667,17.671899,2044723500000000.0,7301394500000000.0,3712801950000000.0,621366945000000.0,1030110350000000.0,338359632500000.0,329.88208,0.8843632075,-0.221798105,0.2708930725
2020-07-22,37934605000000.0,18586138666666.668,8.718527333333332,19.974888333333332,,,3785215066666666.5,,,343750000000000.0,335.5632233333333,0.9325047333333334,-0.25363975666666666,0.8144816233333333
2020-07-23,38224164250000.0,16271866750000.0,9.777901142857143,20.359844142857145,,,3668114212500000.0,,,301856566250000.0,331.81305125,0.86539212125,-0.3112957265,0.74937438375
2020-07-24,30984839333333.332,21435341666666.668,12.093515666666667,17.841121,1.02872738e+16,4475826200000000.0,3545324433333333.5,,,442008560000000.0,324.43083333333334,0.91238539,0.04537556,2.6841943366666663
2020-07-25,32853867000000.0,22512209500000.0,16.1842095,18.0281925,,,3611016900000000.0,,,407728010000000.0,329.384765,0.9199481,-0.04410160000000002,7.833165265
2020-07-26,47618447500000.0,22657310500000.0,15.74402675,17.86939225,-7599066625000000.0,3.6339595e+16,3839516275000000.0,697909500000000.0,1476524550000000.0,458612322500000.0,314.8926025,0.9693478875,-0.62575499,0.4165869275
2020-07-27,35562574000000.0,20650222000000.0,25.332147499999998,18.5290665,1.2546424e+16,4690052850000000.0,4421890250000000.0,,,502354275000000.0,319.10193000000004,0.866105015,0.63241161,0.928203775
2020-07-28,31219684521666.668,16783488333333.334,20.770008,20.50094,-1.2685275e+16,1.5247595e+16,3534845033333333.5,,,329820360000000.0,311.13509833333336,1.0676392666666665,-0.566800825,1.5870800550000002
2020-07-29,36564437000000.0,19976541000000.0,15.697936,16.2201825,611729350000000.0,4121854350000000.0,3804451133333333.5,,,375922850000000.0,319.73505666666665,1.01429988,1.0597427033333333,1.4850123333333336
2020-07-30,46767458500000.0,19047229500000.0,,,-7215103750000000.0,1.1750729e+16,3335085875000000.0,456453475000000.0,1005912345000000.0,336230745000000.0,349.3424675,0.847432,0.0020488311250000113,7.7745269325
2020-07-31,49371470000000.0,17153251333333.334,,,,,3415877133333333.5,,,300390473333333.3,328.06299666666666,0.8970800166666667,0.1945142483333333,25.844226666666668
2020-08-01,43667154000000.0,16887610000000.0,18.968723,16.556774,,,3463691633333333.5,,,281467886666666.66,339.64822333333336,0.8768455833333334,0.7571615566666666,23.937529099999995
2020-08-02,39835911857142.86,19076662857142.855,12.8719145,19.872369333333335,-1.38648992e+16,7814022700000000.0,3308829142857143.0,742145474666666.6,1543309900000000.0,350757901428571.44,306.2988085714286,0.8208271885714286,0.008985197142857155,1.1069441014285715
2020-08-03,32724465200000.0,20257174800000.0,,,6913574000000000.0,2.2062347823333332e+16,3382230300000000.0,373419850000000.0,1098745840000000.0,365795676000000.0,313.965548,1.025750448,0.014855533999999998,0.5454438479999999
2020-08-04,29510623000000.0,19787373500000.0,,,,,3509944300000000.0,,,335752255000000.0,307.031205,1.09106375,0.43978861,1.91823532
2020-08-05,34590124000000.0,17938562500000.0,,,,,3789246350000000.0,,,283972730000000.0,316.707265,0.9211234699999999,-0.43148524,0.331633835
2020-08-06,32138683333333.332,19838858000000.0,19.96448283333333,19.585407166666666,6268659865000000.0,4027385715000000.0,3654153683333333.5,1199896776666666.8,1735547183333333.2,469095723333333.3,306.48962666666665,0.8499188716666667,0.6915970685,2.947855622666667
2020-08-07,42222229616666.664,20682506333333.332,27.60659366666667,19.017070999999998,5567475333333333.0,6.6362801916666664e+16,3694895666666666.5,1573977272500000.0,1810373325000000.0,513480808333333.3,298.94028,0.9218400333333333,0.49227930166666667,0.9108806
2020-08-08,17731635400000.0,22881265400000.0,22.811462,17.995939999999997,1.3276857228e+16,5342870940000000.0,3546520500000000.0,904189832500000.0,1633295925000000.0,496711010000000.0,308.07383,0.984418332,-0.16736456100000002,2.112634064
2020-08-09,43979486666666.664,23024071333333.332,21.8892635,19.587747,-5185870666666667.0,8.481588113333334e+17,3311467166666666.5,,,536785950000000.0,293.6793,0.9504327199999999,0.1494825166666667,9.114745833333334
2020-08-10,50987393500000.0,21034506500000.0,24.727227499999998,19.4564445,-3319782100000000.0,5327893900000000.0,3183670950000000.0,,,497783285000000.0,290.58272,0.98521028,-0.847890035,0.5784882
2020-08-11,34087235285714.285,19104122000000.0,15.4642234,20.2850194,-1073756371428571.4,8289448771428571.0,3185584914285714.5,54276237500000.0,1992135833333333.2,539443631428571.44,297.18848142857144,0.9141060142857143,-0.30048375857142856,1.3837275042857142
2020-08-12,37274284833333.336,15970966833333.334,7.746495500000001,18.573149,1191901250000000.0,7821995150000000.0,3264784916666666.5,335243960000000.0,920487330000000.0,281304421666666.66,311.60716333333335,0.8860415966666667,-0.021116804166666652,1.2457367816666667
2020-08-13,27465663000000.0,20865052000000.0,15.383924333333333,17.827528,3.0208766e+16,9446418000000000.0,3760439400000000.0,1441170900000000.0,1781396200000000.0,427198070000000.0,303.5142333333333,0.9870538233333334,-0.09560141333333334,0.2713843966666667
2020-08-14,9485973133333.334,24473337333333.332,17.99186333333333,19.329447,60692333333333.336,8.321418966666667e+16,3628044766666666.5,3020883000000000.0,2204148100000000.0,536947193333333.3,296.11163,1.0432107333333334,0.49372172,1.6199421333333335
2020-08-15,49715140000000.0,22889112333333.332,21.847913,19.0328278,-5119055363333333.0,1.7446560073e+17,3608270266666666.5,1497408220000000.0,1781076380000000.0,500562515000000.0,301.0179283333334,1.0072114933333334,-0.2373218416666667,0.632559885
2020-08-16,32354847237500.0,18170273000000.0,22.076220375,19.177333375,8723743375000000.0,6317814837500000.0,3567782562500000.0,711518940000000.0,1478161600000000.0,382519423750000.0,299.06487749999997,0.862835735,-0.78225870375,1.0440462775
2020-08-17,3542953000000.0,20844518000000.0,20.775844,18.6325365,3.5166929e+16,1.18884305e+16,3984737750000000.0,2126856350000000.0,2093337250000000.0,592951250000000.0,293.832935,1.04686528,0.2936861615,1.61641867
2020-08-18,28346678000000.0,19997642000000.0,,,,,3176208950000000.0,,,339844350000000.0,297.4735,1.3625026500000001,0.07918065000000002,0.868493735
2020-08-19,36732496000000.0,17740997500000.0,26.7099255,18.1404425,1.4179075e+16,5819186300000000.0,3408277400000000.0,1120520600000000.0,1071130600000000.0,272808650000000.0,310.14183,0.8632739975,0.14604022925,0.54606675625
2020-08-20,50444661500000.0,16216034000000.0,,,,,3133897950000000.0,,,251610525000000.0,303.04065,0.9609485200000001,0.1051550335,4.107358712
2020-08-21,36368137000000.0,16254568142857.143,26.159288833333335,18.147365666666666,,,3415862285714285.5,,,277797200000000.0,293.70324,0.8808452571428571,0.2976385085714286,0.9802156342857142
2020-08-22,10801516500000.0,20045297000000.0,31.824089999999998,18.54907,,,2955099100000000.0,,,368157315000000.0,267.14482,1.1116816,-0.62729133,0.477386525
2020-08-23,27962878000000.0,20405743333333.332,21.99858466666667,18.066378666666665,,,3554460633333333.5,,,361789496666666.7,281.58444333333335,0.9908808133333333,0.1865809266666667,0.48595071333333334
2020-08-24,38110055500000.0,22245918500000.0,18.20759975,18.92038975,1.3182493533333334e+16,8065984833333333.0,3990340800000000.0,3370807950000000.0,2008031350000000.0,490595532500000.0,290.44675,1.056881575,0.351352601,0.6659273975
2020-08-25,40806793333333.336,18364479666666.668,,,,,3244024566666666.5,,,326529520000000.0,300.88553666666667,1.0676503333333334,0.2746034866666667,1.2370036866666667
2020-08-26,36047255600000.0,16290316400000.0,,,1.6731797e+16,8209599700000000.0,3066151960000000.0,-221211870000000.0,1206937100000000.0,267056398000000.0,296.369376,1.15176839,0.15125004599999997,1.51585058
2020-08-27,30937931666666.668,17172958333333.334,23.082528,18.664406666666668,,,3440183133333333.5,,,301232443333333.3,314.05547333333334,1.0245423999999999,-0.067925275,0.5656253466666666
2020-08-28,35290499000000.0,20604710166666.668,15.937517333333332,17.184416333333335,9046920800000000.0,3.084682774e+16,3283828000000000.0,1144898983333333.2,1198629066666666.8,417960700000000.0,320.2782866666667,0.9155005316666668,-0.43463440933333336,0.4177309433333334
2020-08-29,36674137000000.0,16187595000000.0,,,,,2805603100000000.0,,,234819280000000.0,298.86557,2.07792795,-0.0887917,0.126011232
2020-08-30,36091446666666.664,15436662666666.666,,,,,3375262366666666.5,,,217536893333333.34,289.4122566666667,1.4582111333333332,0.08890190000000002,0.438800322
2020-08-31,33670337428571.43,14856874571428.572,25.0713335,21.0971145,1.8619823e+16,7771544250000000.0,3335984128571428.5,1236102300000000.0,1132196900000000.0,217326322857142.84,293.32521142857144,0.8192541428571428,-0.03806117971428572,4.506400682142856
2020-09-01,,,,,,,,,,,,,,
2020-09-02,39263883333333.336,17031745000000.0,,,,,3092692866666666.5,,,274358626666666.66,284.89277,1.0983774333333332,-0.10177761533333333,0.2680278566666667
2020-09-03,47491565000000.0,21664428000000.0,15.915147000000001,18.4742635,-1.1820184e+16,1.6552015e+17,3830712250000000.0,4052415500000000.0,2507158700000000.0,446025425000000.0,301.348415,1.0546007,-0.71543197,0.5750548
2020-09-04,36991873000000.0,18220658500000.0,18.362764000000002,19.447116166666667,-207604380000000.0,1.15841976e+16,3092377983333333.5,1681712250000000.0,1709454350000000.0,385885320000000.0,287.55187166666667,0.8412480483333334,-0.545661235,18.284433833333335
2020-09-05,39117629857142.86,17153008142857.143,19.9833372,19.439762,-7520892260000000.0,2.418733554e+16,2865657300000000.0,94313940000000.0,1240021133333333.2,349804292857142.9,280.44423857142857,0.8458327657142857,0.7343948337142857,6.399955722857142
2020-09-06,46455596750000.0,17247738500000.0,22.440746,19.682356,3644831000000000.0,2270174700000000.0,3072429125000000.0,1372323500000000.0,1017791550000000.0,283791172500000.0,295.0047,1.0581299775000002,-0.0065432124999999786,1.11876739
2020-09-07,45130042000000.0,17759536000000.0,,,,,2748517900000000.0,,,256836155000000.0,291.717585,1.5428699,-0.7388882,0.42334735
2020-09-08,41147010000000.0,17615886000000.0,,,,,2573497866666666.5,,,308013650000000.0,288.9982333333333,1.1920702666666667,0.06990537366666667,0.315678916
2020-09-09,32805236833333.332,16201829333333.334,19.0803515,19.1329545,1058692000000000.0,1.3414738566666666e+16,2744649200000000.0,537925920000000.0,1204403650000000.0,268513425000000.0,265.88711166666667,0.92262784,0.14901450333333335,0.8832018033333333
2020-09-10,32506323200000.0,17539940600000.0,7.82399348,18.8730436,1.2608224666666666e+16,1.4267196533333334e+16,2978749420000000.0,1038990850000000.0,1101916700000000.0,325409590000000.0,300.736886,0.835914142,0.5524650600000001,1.008148112
2020-09-11,49165018666666.664,22135252333333.332,13.949303,18.581212333333333,-3769334333333333.5,1.3972169833333334e+16,1940765566666666.8,-2731940000000000.0,1989920600000000.0,429851010000000.0,283.94472666666667,0.9879036633333333,-1.3147820000000001,0.7865997166666667
2020-09-12,47359582333333.336,22805168333333.332,18.949955666666668,20.547374333333334,3967770500000000.0,1.9693247666666668e+16,2947117066666666.5,1303763866666666.8,1850499600000000.0,484611563333333.3,276.00835,1.0017045366666666,-1.2278740666666668,0.8125168033333333
2020-09-13,39075217333333.336,19061755833333.332,20.463449999999998,20.240785666666667,3889422500000000.0,4400298433333333.5,2625059733333333.5,292349130000000.0,1246548633333333.2,338420298333333.3,284.9767133333333,1.0010316833333335,-0.97235115,0.8934658166666667
2020-09-14,36140270125000.0,14003159750000.0,,,,,2418053950000000.0,,,197154293750000.0,265.40861,0.8604031875,0.1095239325,7.1821109
2020-09-15,30769303350000.0,21490163000000.0,24.366883,17.762006,-1781250300000000.0,2827344500000000.0,2133538350000000.0,-2492044200000000.0,1683673100000000.0,403598330000000.0,268.29643,1.02867825,-0.66490801,0.4883674
2020-09-16,27032797750000.0,24115869500000.0,,,5566058500000000.0,4803618500000000.0,2798658150000000.0,1492151250000000.0,2085099000000000.0,582485830000000.0,254.508105,1.27479815,0.03954571500000004,2.0120557999999997
2020-09-17,41264231000000.0,17831286000000.0,8.9271095,19.706376,1.17438319e+16,5775509400000000.0,2468928175000000.0,835632230000000.0,1027535280000000.0,303715257500000.0,295.2186675,0.91849143,-0.06665652550000001,0.5243422575000001
2020-09-18,40176436333333.336,17621549666666.668,8.184739,18.881325500000003,,,2146992866666666.8,,,305338230000000.0,264.9604266666667,0.9706594333333333,0.3515643706666667,1.7774796266666666
2020-09-19,42621742285714.29,15411535142857.143,21.38226925,15.64290675,-1.9904283e+16,1.7999498e+16,2436693128571428.5,,,245934081428571.44,259.7324085714286,0.8550031614285715,-0.13771202514285713,1.5967615097142855
2020-09-20,44936788500000.0,22903827500000.0,10.6489075,20.470755500000003,-6639183550000000.0,2.4934294e+16,2781600100000000.0,1280709600000000.0,1603623900000000.0,510373970000000.0,275.6548,1.00891702,1.2072396250000001,1.8650638499999999
2020-09-21,27456029366666.668,24784348666666.668,,,3321964333333333.5,1.7629141666666666e+16,2516683566666666.5,780079176666666.6,1599858100000000.0,454494463333333.3,261.58372,1.0711095333333334,1.1521463333333333,1.2209557333333334
2020-09-22,48441236250000.0,23106917750000.0,14.02135775,22.0224695,3848133200000000.0,1.272800265e+16,2546420800000000.0,786961378750000.0,1519909250000000.0,447087542500000.0,261.4215775,1.1238063999999999,-0.523814232175,0.50250838525
2020-09-23,21012662000000.0,19635314500000.0,,,1.27930975e+16,9069660200000000.0,2284080350000000.0,-207596050000000.0,1754915200000000.0,374098550000000.0,273.36699,0.86596405,1.78481085,1.8753507000000003
2020-09-24,24919464800000.0,17538624800000.0,19.9497912,22.2911678,1.3274276199e+16,1.489449635e+16,2823662420000000.0,2181629880000000.0,1781983520000000.0,316174120000000.0,293.090162,0.830399774,-0.2384533512,2.266354164
2020-09-25,44519970000000.0,22143281000000.0,29.6053785,21.585873499999998,-1761055000000000.0,1.79369865e+16,2821517300000000.0,1593139900000000.0,1482405350000000.0,436361245000000.0,279.74051499999996,1.0773370500000001,-0.014815509999999976,2.1616786
2020-09-26,23632051240000.0,22183029600000.0,,,2559372260000000.0,1.431179838e+16,2652109620000000.0,902117750000000.0,1471326900000000.0,436878490000000.0,267.313616,1.0944265,-0.545151124,0.82298729
2020-09-27,31803393500000.0,22982734500000.0,24.53759,21.797482,6591315000000000.0,2.4094075e+16,3102312150000000.0,2776363550000000.0,1955445000000000.0,447050400000000.0,265.61549,1.0449891,-0.2796890825,0.31732356300000003
2020-09-28,36857367333333.336,14584677000000.0,19.925173,18.651081,,,2814777966666666.5,,,210619290000000.0,275.82729,0.90634734,0.7299316566666666,0.7640458333333333
2020-09-29,33247780883333.332,15541575833333.334,,,1.1997032875e+16,1.0545321825e+16,2561558666666666.5,1447159312500000.0,1684411325000000.0,273581616666666.66,272.94112,0.9643025666666668,-0.6743781216666668,2.524279775
2020-09-30,36461325400000.0,17399856200000.0,,,5308401700000000.0,4673961150000000.0,2515899860000000.0,940331700000000.0,942025400000000.0,259816398000000.0,268.879232,1.06670935,0.42360047000000006,0.675845266
2020-10-01,44914575000000.0,20959976500000.0,23.696067,20.228441500000002,2.0867558e+16,9863109000000000.0,2740453750000000.0,,,358269780000000.0,267.21837000000005,1.0914741000000001,0.60268298,2.4404565
2020-10-02,44411153333333.336,16759164333333.334,,,,,2728772566666666.5,,,284268780000000.0,281.0833333333333,0.9971485466666667,-0.2912447,0.8305186000000001
2020-10-03,45703798500000.0,13885339666666.666,23.220522666666668,19.914485666666668,1.1122112066666666e+16,4836350533333333.0,2577872916666666.5,1100202666666666.6,1133241100000000.0,189976068333333.34,295.989385,0.7936032033333333,-0.31363353,2.292363878333333
2020-10-04,38089248375000.0,17190510500000.0,26.5235325,23.38875625,2433212800000000.0,1.273780884e+16,2595915225000000.0,1743799512000000.0,1556456480000000.0,291876726250000.0,268.73028875,0.9071973262499999,0.3471620245,1.8078521125
2020-10-05,38515932000000.0,14349640333333.334,27.279444,18.307947,1.4443802e+16,6670456000000000.0,2283566633333333.5,381038500000000.0,801891730000000.0,200294956666666.66,278.06276,0.8203808733333333,0.1572527466666667,2.04099948
2020-10-06,59560155000000.0,19084266500000.0,,,,,2433577850000000.0,,,307445000000000.0,286.25061,1.3927473,0.004707785000000006,0.411891255
2020-10-07,,,,,,,,,,,,,,
2020-10-08,40770723142857.14,13194164571428.572,24.5258815,19.2427985,9010079350000000.0,5454376700000000.0,2560708157142857.0,1948625550000000.0,1324432800000000.0,195225854285714.28,275.0276471428571,1.0095716271428572,-0.6097782414285715,2.408966122857143
2020-10-09,40307187600000.0,14791259200000.0,,,701679300000000.0,3163766300000000.0,2119942520000000.0,1190977975000000.0,989970025000000.0,212362408000000.0,261.94081,1.34809362,-0.354562518,1.269605448
2020-10-10,45914757666666.664,16120751000000.0,,,,,2048933700000000.0,,,241704396666666.66,264.91396333333336,1.4633307,0.8158274666666667,1.1840677666666666
2020-10-11,45800491500000.0,14811041500000.0,,,,,2359120200000000.0,,,207908250000000.0,287.95946000000004,1.0358553499999998,0.4057382155,0.44550556
2020-10-12,45075550250000.0,16537290500000.0,19.63171775,19.4794585,6404803600000000.0,4823227775000000.0,2447132425000000.0,1786934050000000.0,1276670950000000.0,257464872500000.0,303.618095,0.804739275,-0.36441140000000005,2.5197794
2020-10-13,43349646500000.0,12312398500000.0,,,,,1786635287500000.0,,,173840012500000.0,298.75967249999997,1.298543325,-0.038575766249999976,0.852047425
2020-10-14,39959367666666.664,13101444666666.666,,,,,2409278433333333.5,,,178712816666666.66,299.81608,0.8831400833333333,0.2738917096666667,0.41447839466666664
2020-10-15,24911957500000.0,21388251500000.0,16.20373475,21.545329000000002,-1.268847175e+16,4.36080525e+16,2537997900000000.0,2586210200000000.0,2173020400000000.0,429224180000000.0,283.030975,1.02146362,0.30800503500000004,5.611513165
2020-10-16,48617398400000.0,15116947600000.0,,,-2908074166666666.5,1.9943303e+16,1836723000000000.0,-259118316666666.66,979454576666666.6,235914240000000.0,292.495354,1.02857694,-0.901750294,0.731844666
2020-10-17,42818983000000.0,15213162000000.0,11.640379,22.667532,,,1860253400000000.0,,,221554320000000.0,296.20182,0.9514710200000001,0.765271725,4.58063835
2020-10-18,37067006000000.0,14357632333333.334,8.162112066666667,23.863715166666665,,,1914238983333333.2,,,225963181666666.66,295.9865766666667,0.8622792366666667,-0.4734859616666667,2.5112468
2020-10-19,40239869000000.0,15377768000000.0,,,,,1943925800000000.0,,,263645575000000.0,299.09262,1.55642555,0.03708399999999999,0.9210733400000001
2020-10-20,45259434500000.0,20573025500000.0,,,-1.220505e+16,2.8378640333333332e+16,1786855475000000.0,507489350000000.0,1756995950000000.0,360437870000000.0,292.1684575,1.1756312875,0.07178106250000002,1.424148285
2020-10-21,36292814400000.0,14673480400000.0,,,1.1055835e+16,6014909100000000.0,1928621940000000.0,-102086870000000.0,948641275000000.0,207454298000000.0,290.29482799999994,1.217450794,0.146680558,2.001891164
2020-10-22,12541486500000.0,17965398000000.0,14.294769,25.680592,3.1813305e+16,1.3790946e+16,3135352850000000.0,6837951000000000.0,3354151350000000.0,331270155000000.0,282.98900000000003,0.9065005500000001,-0.09905750000000002,9.065669499999998
2020-10-23,36832055428571.43,13487512857142.857,15.1965928,22.457755,,,2490312557142857.0,2218032000000000.0,1698386800000000.0,204874318571428.56,288.1004142857143,0.9097740999999999,0.38317529857142857,1.2924057842857144
2020-10-24,26932503333333.332,15679628000000.0,,,,,2308258066666666.5,,,216331703333333.34,292.92201,0.98621993,-0.4031923016666667,0.38566392333333327
2020-10-25,37783142000000.0,18685443200000.0,15.882803000000001,20.957972,-9859452680000000.0,8959730200000000.0,2162629220000000.0,679170790000000.0,1133168400000000.0,264552886000000.0,282.899654,1.0058338900000001,0.5902010919999999,5.3434397
2020-10-26,32840761500000.0,14564779000000.0,,,,,2031712500000000.0,,,209792560000000.0,280.676195,1.238346,-0.378950775,0.36942406
2020-10-27,36553114000000.0,11725429000000.0,,,,,2016076250000000.0,,,188521510000000.0,286.18581,1.09532655,0.7835444,1.7546489
2020-10-28,36530671600000.0,12139195900000.0,16.479032750000002,21.834635249999998,,,2615423320000000.0,4900841300000000.0,2337018100000000.0,180704834000000.0,285.969405,0.9315875010000001,0.456589797,1.5806594205
2020-10-29,43579193250000.0,14991832000000.0,13.019354,25.341228,5057027350000000.0,9052917000000000.0,2516729475000000.0,1940611700000000.0,1238743450000000.0,200455430000000.0,280.0623575,1.0497135675,-0.295537115,3.8656655175
2020-10-30,53149840500000.0,14684892500000.0,,,,,2387935100000000.0,,,226682990000000.0,324.00644,1.19275865,0.5121291499999999,0.99859133
2020-10-31,41953474500000.0,13109686500000.0,,,,,1720859050000000.0,,,189887100000000.0,310.18587,1.0067955,-0.11494131999999999,0.46823497000000003
2020-11-01,38357329266666.664,12913932333333.334,9.47552375,22.844887999999997,,,1604595916666666.8,-753733700000000.0,1527614150000000.0,203324360000000.0,313.98823166666665,0.9595750483333333,0.7192312849999999,15.884425266666668
2020-11-02,40673832375000.0,13937184125000.0,,,,,1735279287500000.0,-418179510000000.0,1157548550000000.0,268865351250000.0,290.26384,1.13127138625,-0.88725137,1.0358762975
2020-11-03,33674932750000.0,13676324000000.0,18.077703,25.103828,,,2125539900000000.0,1683513100000000.0,1217536800000000.0,181648465000000.0,273.5717275,1.03754005,0.3850245975,1.14070136
2020-11-04,42927933666666.664,14036007333333.334,,,,,1839159066666666.8,,,213609603333333.34,280.04023333333333,1.5953578666666666,0.7825062533333332,1.2692103333333333
2020-11-05,47548884500000.0,13821665000000.0,,,,,1948056150000000.0,,,216654830000000.0,304.890455,1.0837218,-0.14078651000000003,0.6921302199999999
2020-11-06,33594351166666.668,12228049666666.666,12.5669625,24.9048575,,,1670034600000000.0,594060565000000.0,1625591450000000.0,179651480000000.0,269.51608166666665,1.2414974833333334,-0.19319543333333336,3.0940774500000003
2020-11-07,31864624000000.0,12641496200000.0,10.6215715,18.3164625,,,1390517980000000.0,-1588305550000000.0,1242730400000000.0,172702460000000.0,248.66817799999998,1.030803386,-0.41751420800000005,1.477255888
2020-11-08,37595813500000.0,14948460500000.0,,,,,1530793050000000.0,,,202452200000000.0,270.77341,1.14336305,-0.8871103499999999,0.71856122
2020-11-09,67754641500000.0,21031701000000.0,9.198597,25.6492335,,,2006776950000000.0,3370528750000000.0,2960831700000000.0,405947225000000.0,300.19458,1.0478762,1.0174859299999999,2.77829215
2020-11-10,46105341800000.0,14867916600000.0,9.61396025,23.207293,,,1370779580000000.0,-1242074100000000.0,1521372700000000.0,216819394000000.0,303.538072,1.11813414,0.3692912400000001,1.596810448
2020-11-11,36123879666666.664,13016513555555.555,10.8051669,25.9392804,,,1504135900000000.0,,,186522998888888.88,294.24404111111113,1.10775454,0.46203063,1.703537251111111
2020-11-12,54306809333333.336,12097078666666.666,,,,,1374986433333333.2,,,165183923333333.34,301.57939000000005,1.2428199333333334,0.25334434,1.7608271899999999
2020-11-13,52153341500000.0,13396829000000.0,,,,,1674328250000000.0,,,196341160000000.0,299.98604,1.12926845,-1.25746647,0.634256105
2020-11-14,59330827600000.0,14146519200000.0,8.524789,26.878305,,,2284586400000000.0,4271112000000000.0,2089706866666666.8,199012496000000.0,317.879976,1.14917416,0.5142727079999999,1.95564133
2020-11-15,52179984000000.0,13639722500000.0,12.735795,26.213768,,,1637844400000000.0,,,185445085000000.0,284.15716499999996,1.40646315,1.5144926,2.9821945999999997
2020-11-16,43239620142857.14,10926699571428.572,,,,,1352911400000000.0,,,157968450000000.0,290.8054742857143,1.5190941428571427,1.5178673042857143,1.9393734414285715
2020-11-17,55082221000000.0,12828687000000.0,,,,,1671395850000000.0,,,170337115000000.0,277.96211,1.1810957,0.44058618,13.3589245
2020-11-18,41530251750000.0,13079540000000.0,,,,,1457098075000000.0,939181040000000.0,1418333100000000.0,193917987500000.0,252.8736,1.3432840000000001,1.3075713675,1.881674
2020-11-19,36116973800000.0,15285273800000.0,,,,,1357169040000000.0,1399261900000000.0,1582293750000000.0,229609290000000.0,243.09916800000002,1.75584986,1.0120482460000002,1.9125458800000001
2020-11-20,44588376666666.664,16845401666666.666,6.51483,26.147753,,,866603833333333.4,-5676179400000000.0,3312253300000000.0,290710993333333.3,287.18554666666665,1.2665196666666667,0.8967287,2.4511309
2020-11-21,43481689800000.0,13238681000000.0,6.45462454,23.8549066,,,990276600000000.0,-192123890000000.0,2528553800000000.0,197624618000000.0,293.623746,1.41111296,-0.6046073399999999,3.52381786
2020-11-22,48844892500000.0,11940964500000.0,,,,,1710367050000000.0,,,168837960000000.0,301.740785,1.7250934500000001,0.5205406,1.1047548200000001
2020-11-23,36791092600000.0,13089934800000.0,,,,,1204045340000000.0,-40674475000000.0,1425656700000000.0,192030872000000.0,313.420052,1.49799364,-0.186148646,1.88092266
2020-11-24,,,,,,,,,,,,,,
2020-11-25,,,,,,,,,,,,,,
2020-11-26,37274212375000.0,12425922375000.0,,,,,1722532225000000.0,,,192676036250000.0,283.79045,1.6894426625,-1.8837351625,4.5746312125
2020-11-27,27316182400000.0,15320187600000.0,6.95454536,25.6642858,,,1899696300000000.0,3286146850000000.0,1864269450000000.0,207927494000000.0,334.517886,1.25859664,-1.3888281199999999,2.2704505999999998
2020-11-28,49948230000000.0,13141784000000.0,,,,,1703143750000000.0,,,171062935000000.0,353.28337999999997,1.60095855,-1.254176935,1.23227247
2020-11-29,47450400333333.336,16098090666666.666,5.7369423,29.544298,,,1411271533333333.2,,,237089970000000.0,348.56859333333335,1.5823177666666668,-3.3196682333333336,3.0368567333333334
2020-11-30,47448060750000.0,11650375250000.0,6.0293108,28.73920725,,,3389158050000000.0,,,179145032500000.0,345.1255625,1.906022575,1.0777884000000002,4.2221364999999995
2020-12-01,44634096333333.336,12196308833333.334,4.8816222499999995,28.733966000000002,,,1630684766666666.8,3131241200000000.0,2080147700000000.0,162844631666666.66,311.1996633333333,1.7440210666666667,-0.37162215833333323,3.7075543166666667
2020-12-02,55920537500000.0,15904304000000.0,6.7033627,21.59899625,,,1866109225000000.0,3940438200000000.0,2284044350000000.0,236040782500000.0,341.92159749999996,1.373566575,2.51316816575,3.0687110275
2020-12-03,40482296000000.0,13205764000000.0,8.4498415,22.6940785,,,1803542700000000.0,,,200873650000000.0,288.62019,1.6779981,-0.754371075,1.6614890500000001
2020-12-04,40718829000000.0,10888995666666.666,,,,,2055924233333333.2,,,160327823333333.34,300.34967666666665,2.1572153333333333,2.74698179,11.773990633333334
2020-12-05,35620970428571.43,11170396571428.572,,,,,2148786314285714.2,,,158727098571428.56,309.4639257142857,2.0386678285714286,0.06440696857142882,4.616728857142857
2020-12-06,34713105800000.0,11878861600000.0,9.666226,21.6907855,,,1682189580000000.0,3845402300000000.0,2180805900000000.0,161184322000000.0,271.13115,1.9897421999999998,3.56871246876,2.549715811
2020-12-07,47613768500000.0,22559748000000.0,,,,,1230437250000000.0,800143060000000.0,2833621050000000.0,387596365000000.0,313.553815,1.64435325,0.5957609500000001,4.9998115
2020-12-08,40091274500000.0,21542142500000.0,,,,,1372031585000000.0,7511268000000000.0,4373145400000000.0,418956000000000.0,246.11015,1.86606365,-4.8220399,4.30287925
2020-12-09,46322665800000.0,20378416600000.0,,,,,1306043900000000.0,,,342337468000000.0,246.73157999999998,2.0222185799999997,-7.337385107999999,5.25480868
2020-12-10,29407453562500.0,13629074000000.0,11.549723642857144,25.183804000000002,,,1344256625000000.0,3686505866666666.5,3352389833333333.5,188470467500000.0,289.97734875000003,1.653451275,1.8992730637500002,6.370758475
2020-12-11,59298187000000.0,12321609000000.0,,,,,1473747950000000.0,,,159927300000000.0,282.791225,1.8947291499999999,-1.8654899500000002,1.32216935
2020-12-12,42383575000000.0,13968950000000.0,,,,,1280847850000000.0,,,179148960000000.0,310.28962,1.76933425,-1.6510167499999997,2.1744136000000003
2020-12-13,57826394000000.0,14963694400000.0,8.502841666666667,28.920355666666666,,,1213099340000000.0,,,198419910000000.0,294.384222,1.9757745,0.09977122299999992,3.23222904
2020-12-14,42279512000000.0,14097398000000.0,8.268497,29.853178999999997,,,1020136550000000.0,,,187283530000000.0,297.347945,2.232747,1.8853768,5.62464785
2020-12-15,34005709500000.0,11189438666666.666,,,,,974380783333333.4,,,139246608333333.33,268.00712,2.148745266666667,2.9654404999999997,3.4411606999999997
2020-12-16,34604826500000.0,12247941000000.0,,,,,1195443850000000.0,,,153316740000000.0,257.022715,2.1283509499999997,0.008206399999999947,1.71564185
2020-12-17,42703702000000.0,14473757000000.0,4.96086065,25.248995999999998,,,1156418337500000.0,,,198827877500000.0,286.005255,1.8505763,1.758547225,3.6238714499999998
2020-12-18,44580382400000.0,12900292200000.0,,,,,1838451220000000.0,,,207985482000000.0,295.47231999999997,2.20928056,1.79379822,4.3477759
2020-12-19,19730040500000.0,13609908000000.0,,,,,1050729170000000.0,,,173713920000000.0,289.04726,2.5711174,12.1220585,4.53145645
2020-12-20,36641676142857.14,11492998428571.428,14.053401666666666,23.068262333333333,,,1059040827142857.1,,,149839191428571.44,261.48019571428574,2.395717414285714,4.884686714285714,5.150073957142857
2020-12-21,39230600000000.0,11983132000000.0,,,,,927110933333333.4,,,159763706666666.66,296.22945,1.7524977,0.78574763,4.1902009
2020-12-22,44332277600000.0,13732363400000.0,7.699855799999999,26.930441333333334,,,1098822590000000.0,,,188687368000000.0,288.645178,1.9083701999999998,3.10522264,4.9326555
2020-12-23,25623145500000.0,14360866500000.0,5.119413,27.517153999999998,,,1660639550000000.0,,,197910260000000.0,286.72699,2.1526835,6.6708395,3.5045795
2020-12-24,39343186000000.0,12422548000000.0,,,,,337868985000000.0,,,165049025000000.0,272.5224,3.1176053,-7.1046891500000005,4.0990546000000005
2020-12-25,42356730142857.14,11704358857142.857,6.981113925,31.020992,,,671263887142857.1,,,153584188571428.56,326.3390114285714,2.4816192285714287,-2.3199271385714284,5.5673971714285715
2020-12-26,46565615000000.0,14423010400000.0,6.1369139,26.29982133333333,,,972041652000000.0,1288649850000000.0,1740052300000000.0,185348566000000.0,347.71681,1.75050652,0.26297484000000004,5.58002196
2020-12-27,41471471666666.664,21633393666666.668,,,,,990216950000000.0,,,326573733333333.3,290.90347333333335,1.7394276,1.0550401,5.155994766666667
2020-12-28,29012842000000.0,14696003500000.0,,,,,608033500000000.0,,,188784920000000.0,277.830485,2.668762,0.6798556499999999,2.6419882
2020-12-29,42441911500000.0,12531829750000.0,,,,,1239386885000000.0,,,176942095000000.0,322.863815,2.826802325,0.19078000000000003,3.2296402575000003
2020-12-30,51396406333333.336,14027100666666.666,,,,,1368347033333333.2,426361000000000.0,1865632100000000.0,186522570000000.0,338.1088383333333,2.1644900333333332,3.956238283333333,6.7010421
2020-12-31,60117156000000.0,15264697750000.0,9.08810125,27.33924125,,,1774012150000000.0,2881381400000000.0,1937768850000000.0,199970577500000.0,363.9471125,1.6302835,0.47849902999999994,12.269252475
2021-01-01,67891281000000.0,14926508500000.0,,,,,1349034800000000.0,,,228271935000000.0,324.15153499999997,1.9631998,-0.48135054999999993,4.12760925
2021-01-02,41770100333333.336,13530462333333.334,5.2429464,30.264727999999998,,,1093560463333333.4,,,172897196666666.66,356.86278666666664,2.2340554333333333,5.469124669999999,3.5265057666666664
2021-01-03,37818464571428.57,12185473285714.285,,,,,990749978571428.6,,,158089572142857.16,311.5421828571429,2.159477471428571,-1.8306782285714287,5.5663567
2021-01-04,34543408500000.0,11603109833333.334,9.6286645,30.139672,,,879584483333333.4,-2125920000000000.0,1573400750000000.0,143803759000000.0,297.9484233333333,2.2550982166666667,-2.7202063116666664,3.736868466666667
2021-01-05,33091661000000.0,13302567666666.666,,,,,925926466666666.6,,,173632870000000.0,289.18948666666665,2.1826425,0.17901561333333346,1.7894084000000001
2021-01-06,31168608000000.0,13110235500000.0,,,,,886004250000000.0,,,170356220000000.0,272.975435,2.62744625,0.666884365,1.77693895
2021-01-07,43542974500000.0,12547744000000.0,,,,,991480935000000.0,,,173852980000000.0,305.8808175,2.308500325,-2.7513716500000003,4.37863885
2021-01-08,33007039750000.0,11126643750000.0,,,,,989033180000000.0,,,144640687500000.0,289.84895,2.70042665,1.83111565625,2.88081018125
2021-01-09,51292123500000.0,13053685000000.0,,,,,2602619800000000.0,,,173339170000000.0,301.97049,1.57989825,4.548382999999999,1.9855098999999998
2021-01-10,50654555000000.0,12793342000000.0,,,,,1028109400000000.0,,,173504050000000.0,313.292465,1.60700095,0.8307419,2.2555759
2021-01-11,54247863400000.0,13469722800000.0,5.5287301499999995,31.0316,,,1013525008000000.0,-125869580000000.0,1464015200000000.0,171106852000000.0,342.91409,1.78760164,0.39748846000000015,3.64639562
2021-01-12,45730097333333.336,13696243333333.334,,,,,1087844400000000.0,,,175482993333333.34,283.1666266666667,2.5953736666666667,-0.8653916666666667,4.410911233333334
2021-01-13,48732214142857.14,11046633857142.857,,,,,1230271682857142.8,,,147809537142857.16,320.26784142857144,2.1531746857142857,-0.96977051,2.8800520428571432
2021-01-14,51808797000000.0,12287437000000.0,6.3952236,24.472036,,,937074020000000.0,,,173083125000000.0,357.55759,1.3968368,2.54101125,1.9837252
2021-01-15,,15800552666666.666,2.900309533333333,18.123135333333334,,,1358145866666666.8,,,233026243333333.34,357.4106133333333,1.2725811,0.8300848999999998,5.366729333333333
2021-01-16,,14924161800000.0,3.5054806999999997,21.9620826,,,1600458240000000.0,5871316850000000.0,2643940650000000.0,206912004000000.0,352.25957600000004,1.56432326,-2.8913591027,2.694141316
2021-01-17,,15847580000000.0,3.9492668,26.2167865,,,1423607150000000.0,,,205408465000000.0,372.05411,1.6301755,-0.6353674999999996,6.6679555
2021-01-18,,11244607142857.143,3.696724425,29.8600265,,,1040795368571428.6,,,155992297142857.16,315.54198428571425,1.8665996,-2.0526610214285714,8.12528442857143
2021-01-19,,13805401000000.0,4.5387605,21.7488795,,,1501873350000000.0,,,211502700000000.0,320.914,1.18706075,-1.4599850500000002,1.991609
2021-01-20,,14348490857142.857,,,,,1869435357142857.2,3584469900000000.0,1784993366666666.8,195624780000000.0,323.0797742857143,1.5178553428571429,-0.44950711571428575,2.5885749000000002
2021-01-21,22035291333333.332,15200638000000.0,12.862152,27.923523,,,2480750800000000.0,,,221496956666666.66,320.0634933333333,1.4613213,1.13704972,1.877894483333333
2021-01-22,48960315000000.0,12823672000000.0,,,,,1818080450000000.0,,,180311845000000.0,320.537575,1.91504965,-1.6737220000000002,4.02066585
2021-01-23,44736647000000.0,11406292375000.0,15.4669368,31.3888308,,,2650241275000000.0,,,161223176250000.0,325.69966875,1.75491365,0.7069989212500001,10.328737025
2021-01-24,,12413409250000.0,,,,,1710800450000000.0,2619592450000000.0,1490080050000000.0,174945497500000.0,347.791895,1.403445325,2.37482926325,1.90936025
2021-01-25,,14258886000000.0,,,,,1359867100000000.0,,,195993055000000.0,350.05559,1.8107272,-3.51755175,1.8810939
2021-01-26,,11801850666666.666,,,,,1925278800000000.0,,,160528683333333.34,344.32474666666667,2.065693833333333,1.6142481,1.2635241666666668
2021-01-27,53414444500000.0,11714901750000.0,8.4077112,30.567191,,,1611848575000000.0,-622695800000000.0,1790772100000000.0,162576965000000.0,356.93423,1.5844631,1.802946905,1.938194575
2021-01-28,47966682666666.664,11723154833333.334,4.108524175,23.80437475,,,936575873333333.4,-2803590900000000.0,1199712350000000.0,158439043333333.34,369.00220999999993,1.2716956333333334,-2.6746714750000002,3.28010855
2021-01-29,53985673400000.0,13580218800000.0,,,,,1373296040000000.0,-2200052850000000.0,1163265700000000.0,198964510000000.0,460.811926,1.0656039400000001,0.9663052319999998,2.24867794
2021-01-30,59319274000000.0,13591796000000.0,,,,,1823523166666666.8,,,206072180000000.0,404.53038666666663,1.3020526666666667,0.38763138999999996,5.736623343333332
2021-01-31,53054637333333.336,12723094666666.666,,,,,1008839986666666.6,,,184635520000000.0,418.8085633333333,1.2350056666666667,-2.2584838433333334,1.6935957733333336
2021-02-01,48975857000000.0,12335107666666.666,5.573870225,21.724967,,,2152886733333333.2,1314226650000000.0,1730560350000000.0,175781470833333.34,447.7209433333333,1.1630238516666667,1.1110667,3.22743485
2021-02-02,47617410833333.336,12369360833333.334,4.922597,27.008286,,,1742444750000000.0,755321650000000.0,1093690300000000.0,171251841666666.66,363.98616833333335,1.0480853583333334,2.654550335,2.99071981
2021-02-03,52558545000000.0,14529649000000.0,8.6905225,23.365693,,,4009533300000000.0,,,187807275000000.0,383.471115,0.8855128,-0.024492475000000014,3.5852645
2021-02-04,52161000000000.0,13101281500000.0,,,,,2988375000000000.0,,,197993355000000.0,379.99372,1.2994978,1.0940956499999999,1.5161688999999998
2021-02-05,44034072200000.0,13828662000000.0,4.012688880000001,18.7840724,,,2082987840000000.0,2910616333333333.5,1648627700000000.0,195401886000000.0,352.6718,1.0895472800000001,-1.22689964,3.23691726
2021-02-06,53373483000000.0,12461388125000.0,3.2054606,16.024869125000002,,,1715894800000000.0,,,186098060000000.0,405.56,0.79377717125,0.3303908675,2.5644537125
2021-02-07,45914943000000.0,15532503000000.0,2.8479418,16.5253765,,,1826108600000000.0,,,217725875000000.0,402.27473499999996,0.7849308500000001,-1.102206475,2.9924413
2021-02-08,53862931333333.336,13519717333333.334,,,,,1676380900000000.0,,,216507080000000.0,346.82616333333334,1.520306266666667,0.42281677,1.5634222
2021-02-09,49825168000000.0,15814273000000.0,6.22466565,25.28376,,,2734071350000000.0,4392667850000000.0,1815367300000000.0,197223197500000.0,381.13151,0.948602715,-1.8267210999999999,2.636168075
2021-02-10,50394079333333.336,13695028666666.666,5.868325,22.488630999999998,,,2865925433333333.5,,,197913866666666.66,348.2648166666667,0.9327494666666666,-0.41605221666666664,1.1028013466666666
2021-02-11,47673240285714.29,12321420428571.428,4.49517114,21.954215400000002,,,2665710828571428.5,,,185665352857142.84,408.1707528571429,0.8492070842857142,0.83374113,2.0161076285714286
2021-02-12,50366445000000.0,14834086500000.0,2.5405388,25.605053,,,2042976750000000.0,,,199491275000000.0,412.420245,0.85339695,-0.050258149999999974,2.4558235
2021-02-13,52770117666666.664,14490352333333.334,4.0518271666666665,18.132522666666667,,,1707243000000000.0,35177777000000.0,823865900000000.0,204396296666666.66,468.22418666666664,0.7662472399999999,0.15126255333333338,1.7413846
2021-02-14,60393931750000.0,14892066250000.0,4.42337315,19.3680175,,,1914189450000000.0,1472133300000000.0,1039951630000000.0,219492090000000.0,452.458995,0.9168473575,1.6131818675,1.83997795
2021-02-15,62615590000000.0,13138304000000.0,2.456034166666667,20.359725333333333,,,1821964666666666.8,,,189260506666666.66,406.70506,0.8506062166666667,0.3312440966666667,2.6310591
2021-02-16,59310538250000.0,12812811000000.0,5.130054966666666,17.11628766666667,,,2325847350000000.0,,,193110572500000.0,414.2678125,0.7540763475,-0.07552642500000001,1.8897242
2021-02-17,,,,,,,,,,,,,,
2021-02-18,55521856000000.0,15767712428571.428,2.057446614285714,15.270554357142856,-1268192450000000.0,4823782250000000.0,2225125628571428.5,1156550200000000.0,994349913333333.4,231366038571428.56,432.69644714285715,0.7386261928571428,-0.2515087642857142,2.283495757142857
2021-02-19,46955097000000.0,14137582000000.0,2.91656335,15.9255545,,,2241378100000000.0,,,225718310000000.0,462.90825,0.74445365,2.25442025,1.2665003000000001
2021-02-20,54621686500000.0,11959705500000.0,,,,,2682624600000000.0,,,165260880000000.0,386.904725,0.8041302,-0.38012418000000003,13.75723305
2021-02-21,39679600444444.445,11790546666666.666,,,,,1850589922222222.2,-1300193473333333.2,1417588366666666.8,164668060000000.0,319.5212055555555,1.0533421244444443,-0.4116653388888889,1.596125831111111
2021-02-22,31288065250000.0,15852178000000.0,12.192077875,15.571375499999998,-8461251900000000.0,1.513883903e+16,2473832075000000.0,1606107500000000.0,1083617900000000.0,229847065000000.0,325.7439,0.78993755,-0.431698945,3.363055
2021-02-23,52460411500000.0,16664616500000.0,13.37583,15.925042,,,2734445150000000.0,,,246082355000000.0,322.38808,0.81803005,0.7694889,0.7220303
2021-02-24,50702869000000.0,13857736000000.0,,,,,2002917333333333.2,,,192571313333333.34,321.4147666666667,0.76692014,0.3878539966666667,0.7964529333333333
2021-02-25,37903901500000.0,13241352000000.0,10.04254075,26.3060975,,,1744479675000000.0,-631644850000000.0,1206810900000000.0,184293227500000.0,308.50978499999997,0.880324705,-0.52797183,1.8876923625000002
2021-02-26,38239960666666.664,14465821000000.0,8.313955799999999,17.590171599999998,2147265000000000.0,4.3166017e+16,2154276983333333.2,860475150000000.0,946612850000000.0,201130958333333.34,327.465735,0.8717969050000001,1.1537119516666667,1.4151531666666666
2021-02-27,61597052800000.0,16619457400000.0,8.796188599999999,17.3061002,-947714000000000.0,2.1560265515e+17,1784656360000000.0,-770228987500000.0,1187046425000000.0,248827556000000.0,451.97364,0.659270376,1.6617096,2.13278004
2021-02-28,47964463333333.336,16676036000000.0,,,,,1609661466666666.8,,,271847686666666.66,392.24226,0.7151625166666666,-0.6937335833333332,1.4482106000000001
2021-03-01,44271939500000.0,14498971500000.0,,,,,1678451150000000.0,,,218669220000000.0,367.59892,0.8122268500000001,-0.8559671499999999,1.2849751
2021-03-02,35057292857142.855,13665897142857.143,8.7025582,19.716588,2518008950000000.0,2306001050000000.0,2076560500000000.0,-3203275000000.0,1160561250000000.0,192842414285714.28,349.3861014285714,0.7072957571428571,-0.12360841428571427,2.3760453999999998
2021-03-03,42662064666666.664,15774837166666.666,6.949894766666667,18.662130666666666,-2903180150000000.0,2.293488825e+16,2037360950000000.0,276686350000000.0,1516169150000000.0,251727816666666.66,333.37869,0.753989925,0.67297811,1.0881625316666665
2021-03-04,48759128333333.336,13680280000000.0,,,,,1969858700000000.0,,,208347170000000.0,329.36763666666667,0.6930993233333332,0.22209386666666667,0.23839725
2021-03-05,59849183000000.0,20215324000000.0,2.5269737333333335,18.670289333333333,1317127666666666.8,1.5051953e+16,2133275766666666.8,615410471000000.0,1530590700000000.0,373965773333333.3,423.11770666666666,0.7422591533333334,-2.3130374666666667,1.6887519333333334
2021-03-06,52815832400000.0,18197357000000.0,3.62782212,19.2678976,1.4443310175e+16,9799151500000000.0,1843871740000000.0,-124900325000000.0,1548660475000000.0,308861466000000.0,446.44198800000004,0.70332313,1.2292414016,1.18733693
2021-03-07,56273728000000.0,12497622375000.0,,,,,1688341075000000.0,,,183083225000000.0,397.14512125,0.76079340875,-0.02041983500000001,1.4455269287499999
2021-03-08,68400762000000.0,14690634000000.0,,,,,1977566050000000.0,,,222634195000000.0,454.0952,0.63299205,-0.57890398,1.60452445
2021-03-09,56015418000000.0,17941472000000.0,3.8604586,15.02134375,,,2756683000000000.0,,,265543930000000.0,394.996465,0.8042999200000001,-1.02642661,24.3912625
2021-03-10,66783603400000.0,18995900800000.0,3.72249646,16.0904702,7377814350000000.0,9.2122394e+16,2395551060000000.0,1351070943333333.2,1272913680000000.0,319783132000000.0,421.15226599999994,0.726340658,0.5509268420000001,0.8097181320000001
2021-03-11,39360625333333.336,17469360666666.666,3.6371080666666664,17.832435999999998,-2.4920236e+16,2.2589153e+16,2228275800000000.0,,,294944610000000.0,358.74673333333334,0.7287669666666666,-0.3253804466666667,0.9822422133333334
2021-03-12,54281891428571.43,12612269714285.715,,,,,2634256585714285.5,,,185206910000000.0,398.71853142857145,0.6821372328571428,0.09644869942857144,0.5910592471428571
2021-03-13,42112738333333.336,16441773666666.666,,,,,2319602800000000.0,,,241157446666666.66,375.9886966666666,1.0111170166666668,-0.078049748,7.305256697666667
2021-03-14,55142452000000.0,18619405500000.0,6.48318015,19.242756,,,3377451800000000.0,,,303081060000000.0,435.386555,0.70087385,-2.1698234,1.3618263000000002
2021-03-15,56320624800000.0,18110660800000.0,5.323931480000001,20.0743198,8452209500000000.0,4.00703595e+16,1997894220000000.0,-6423805000000.0,1033154450000000.0,276540410000000.0,447.97221,0.7089128920000001,-0.40522455199999996,2.53515768
2021-03-16,58281171500000.0,17889349000000.0,,,2.0991144e+16,1.284755e+16,1876229850000000.0,,,279259285000000.0,433.017515,0.6772155449999999,0.2991665,2.34713115
2021-03-17,59608376333333.336,13893784666666.666,8.859837500000001,19.67468,,,2030039216666666.8,,,212670988333333.34,436.0843566666667,0.6393613316666666,0.24678729,1.0745629483333332
2021-03-18,61605478666666.664,15619952333333.334,,,,,2107028533333333.2,,,216445523333333.34,473.73108333333334,0.6806263333333332,-0.1726957,0.5850756566666666
2021-03-19,55931533000000.0,17457069000000.0,5.669235974999999,16.441723,9969665000000000.0,6179785500000000.0,2233280650000000.0,565612300000000.0,1081730600000000.0,269963620000000.0,500.2008775,0.60399479,0.10882722000000003,1.775601425
2021-03-20,51462568500000.0,18668507000000.0,3.8785062999999997,17.9645565,7379733600000000.0,6598577300000000.0,2146193750000000.0,,,300198380000000.0,416.87519,0.7832205000000001,-0.06867489000000002,1.64194418
2021-03-21,38304389000000.0,14069220000000.0,,,,,2235399850000000.0,,,208327465000000.0,338.06820000000005,0.80134685,-0.202590435,1.7770291
2021-03-22,54182602500000.0,14807545625000.0,4.685597857142858,16.757717857142858,-9936217800000000.0,1.114174752e+18,2450011550000000.0,199255846666666.66,1454730300000000.0,236247110000000.0,421.69335125000003,0.68934115625,-0.018937328749999996,2.54455546625
2021-03-23,37391796750000.0,19201621000000.0,5.686505824999999,15.780023,2878969666666666.5,2.7100404533333332e+16,2660465525000000.0,1531833720000000.0,1188839175000000.0,322282190000000.0,383.98760000000004,0.74880485,-0.97863214,1.23036805
2021-03-24,22628277000000.0,20549092500000.0,8.611352499999999,17.9561425,-1.2517802e+16,8.11273e+16,2211074850000000.0,,,407349025000000.0,361.41798500000004,0.846202405,0.13177616999999997,1.2765662500000001
2021-03-25,54548564000000.0,16292999500000.0,,,,,2263091850000000.0,,,267032450000000.0,361.18793,0.8821756000000001,0.09510511000000002,0.7400155500000001
2021-03-26,46128133000000.0,17204530000000.0,8.211275966666667,19.756459666666668,1.6916475075e+16,7554781625000000.0,2708447200000000.0,752967082500000.0,1810537450000000.0,342810905000000.0,398.6349083333334,0.6830485283333333,-0.16718472166666676,1.6149963833333334
2021-03-27,35577757200000.0,17385272000000.0,8.98759452,19.3032988,1.1675854333333334e+16,8656361133333333.0,2327258740000000.0,-1267910953333333.2,1630255266666666.8,335315816000000.0,379.28244400000005,0.665149258,0.151879872,1.79337508
2021-03-28,49860319800000.0,16243520400000.0,7.933563833333333,19.783639333333333,7294801250000000.0,6183368600000000.0,2841786940000000.0,793203690000000.0,863142820000000.0,264129538000000.0,400.05636,0.754921972,-0.5921544059999999,0.97938326
2021-03-29,46318266000000.0,19792994000000.0,9.959751,20.426638,3.3467895e+16,1.5012969e+16,2688242000000000.0,939596840000000.0,2383696400000000.0,392807830000000.0,395.64662666666663,0.74389014,-1.6717531799999998,1.2508818666666668
2021-03-30,54158126000000.0,14907345500000.0,,,,,2623637650000000.0,,,245344680000000.0,342.99916,0.8061759,-0.192311835,0.6741351849999999
2021-03-31,41851884285714.29,15390392428571.428,9.8690982,15.5676424,-6704390333333333.0,8.077945143333333e+16,2706641785714285.5,47844740000000.0,1485452200000000.0,260192118571428.56,360.8404571428572,0.7270558328571429,-1.1759472128571427,1.0355247285714284
2021-04-01,46794263666666.664,16597143666666.666,,,-1901491150000000.0,1.11850887e+16,2725388933333333.5,1194936920000000.0,1172960700000000.0,270816883333333.34,414.437185,0.7558641016666666,-0.5519619595,1.295945395
2021-04-02,41893920333333.336,22003822000000.0,5.67771265,20.209349,5410335833333333.0,9381334333333334.0,2896772733333333.5,,,447155806666666.7,414.59188,0.7945801933333333,-0.09037260666666665,1.5273599333333332
2021-04-03,42470004000000.0,19309350000000.0,4.754710766666666,18.391077,,,2710435800000000.0,,,327462276666666.7,429.41945000000004,0.7694966766666665,-0.2854496733333333,1.4358290466666668
2021-04-04,48434525500000.0,20721739166666.668,6.025895666666667,19.524671833333333,1.531069136e+16,9011686680000000.0,2751001550000000.0,384617350000000.0,1790385400000000.0,432312043333333.3,400.32586,0.7629734433333333,-0.79368565,1.16207076
2021-04-05,31437247375000.0,16680263875000.0,9.905437,22.447329,7361812642857143.0,1.8856915114285716e+16,3015109812500000.0,5637030000000000.0,2891087000000000.0,291838178750000.0,366.07754375,0.8852045975,0.004607193750000016,2.23775685
2021-04-06,51272596666666.664,17038761666666.666,4.576926566666667,17.873628999999998,,,3023882100000000.0,,,290237190000000.0,437.2439933333333,0.7129211333333334,0.10722840000000004,0.7312080666666666
2021-04-07,60134684500000.0,17644789000000.0,2.7272387,21.020014500000002,,,3021786400000000.0,,,322101310000000.0,432.182585,0.78631368,0.24027484,0.7702413699999999
2021-04-08,71857795500000.0,17382714750000.0,5.93742235,16.8514355,-2913603550000000.0,3.4293975275e+17,3242808525000000.0,2360908100000000.0,1313319250000000.0,265558620000000.0,499.36972000000003,0.6328634175,0.10815801,3.13607515
2021-04-09,35667987000000.0,17615635000000.0,5.0911903,21.1657515,,,3115468750000000.0,,,305385790000000.0,385.06541000000004,0.8688841650000001,-0.49355604999999997,0.9176838
2021-04-10,51192876166666.664,15504319833333.334,,,1.3042422e+16,9568322000000000.0,2957432283333333.5,,,250804483333333.34,363.51573666666667,0.8753624699999999,-0.016032378833333343,0.8117229183333333
2021-04-11,45164712000000.0,19123781000000.0,,,2.8697567e+16,1.1718477e+16,3408995850000000.0,,,385732150000000.0,368.6843,0.80961795,0.489139745,0.76939376
2021-04-12,42232889500000.0,21484589500000.0,,,1.7958202e+16,1.0718953e+16,2841367500000000.0,657733440000000.0,1252185100000000.0,373453062500000.0,353.40083500000003,1.10704364,-0.12810486257499998,0.65326505425
2021-04-13,,,,,,,,,,,,,,
2021-04-14,53795809333333.336,15459758666666.666,,,,,2300246400000000.0,,,247860996666666.66,348.9532433333334,0.9592642000000001,0.08913694000000001,1.3256160566666666
2021-04-15,46088502500000.0,13980794500000.0,,,,,2605324525000000.0,,,217430830000000.0,372.509295,1.066463275,0.02464965500000002,0.7792752325
2021-04-16,51653176000000.0,16423069000000.0,,,,,3429767433333333.5,,,264364616666666.66,368.70229333333333,0.8146079066666667,0.141790018,3.982902871666667
2021-04-17,57580436233333.336,21088498166666.668,10.9402045,16.318815083333334,4530571220000000.0,6.118032456e+16,3178540850000000.0,635432190000000.0,1200358433333333.2,401042005000000.0,397.13085,0.7871358633333333,-0.35230033000000005,1.0621347349999999
2021-04-18,37489655666666.664,22183780666666.668,11.799820666666667,18.959137666666667,7032745900000000.0,4206119966666666.5,2896029833333333.5,759471920000000.0,2818758466666666.5,561843340000000.0,369.8854966666666,0.7988906133333332,1.5287636166666667,1.7561256333333333
2021-04-19,39754794000000.0,19629540333333.332,8.231633666666667,18.967003666666667,6833493666666667.0,4508389566666667.0,3266826066666666.5,3044602300000000.0,2498475250000000.0,451095853333333.3,358.01713,0.7426957866666667,0.24191517000000004,0.8233534366666667
2021-04-20,43114106666666.664,15942771666666.666,,,2315622000000000.0,2.49929433e+17,3044093300000000.0,1677670420000000.0,1640405950000000.0,290664333333333.3,377.74479833333334,0.76108177,0.22141220416666665,0.77346066
2021-04-21,44763175000000.0,21219213600000.0,,,6327249623333333.0,4473650886666666.5,3252277240000000.0,1209867293333333.2,1570662100000000.0,458084188000000.0,400.968424,0.8475536,-0.23927222,0.9469210879999999
2021-04-22,62190088000000.0,18155359666666.668,,,,,3265488066666666.5,,,298957510000000.0,353.27638666666667,0.9376119766666666,-0.20803291666666668,0.26937860333333336
2021-04-23,50887659000000.0,17960972333333.332,5.500953,17.8787,,,3473869066666666.5,,,331894640000000.0,405.95215,0.7626270533333334,-0.11968212,0.74282396
2021-04-24,41908865400000.0,18737236200000.0,5.03152355,20.555889,-626887575000000.0,8431647350000000.0,3415364520000000.0,2113221566666666.8,1721664633333333.2,318716140000000.0,401.552826,0.714198276,-0.48822653520000003,1.637116686
2021-04-25,62080489857142.86,15953969285714.285,4.125672000000001,19.670358333333336,-3057918400000000.0,3.8556352933333336e+16,3458722585714285.5,861338953333333.4,1140835646666666.8,265854228571428.56,487.6590085714286,0.7053176671428572,0.34120021285714286,1.40358755
2021-04-26,67558946666666.664,17909157333333.332,5.4256687,15.887372,-1.0194632e+16,1.6762788e+16,3603010500000000.0,628506050000000.0,1015094900000000.0,290479233333333.3,478.3425966666667,0.6908459166666666,-0.10429382999999999,0.31761904
2021-04-27,67152183333333.336,18026728000000.0,,,,,3924378333333333.5,,,308445186666666.7,416.2504966666667,0.7087572099999999,-0.01737083400000002,0.5333358300000001
2021-04-28,51555042500000.0,17009845500000.0,,,,,3722614650000000.0,,,270475890000000.0,416.56088,0.7865225849999999,-0.024211255,0.40903529000000005
2021-04-29,34452968000000.0,18912190500000.0,,,1639037650000000.0,2.083118105e+16,4110872466666666.5,4308537950000000.0,2285601250000000.0,346902411666666.7,375.098485,0.750719295,-0.2592335833333333,1.0815521216666666
2021-04-30,41936464500000.0,17040268500000.0,7.430495499999999,18.776847,-3347013800000000.0,3704600850000000.0,3938092583333333.5,1825163550000000.0,1234345950000000.0,271874991666666.66,387.912505,0.845006525,-0.5391464683333334,1.5865030033333332
2021-05-01,35127638500000.0,24553340000000.0,6.604778,19.32941,1.0962777e+16,6.01713985e+16,3958482000000000.0,2402223800000000.0,2411147700000000.0,576996340000000.0,381.58995000000004,0.89090895,-0.6946068400000001,0.6973436
2021-05-02,41003732000000.0,20184475000000.0,,,,,3516060500000000.0,,,318949475000000.0,349.90596,1.2564774,0.438459985,142.63694135
2021-05-03,49028288800000.0,17853149000000.0,10.935578,19.136535,1.2533557e+16,5444969466666667.0,3904650180000000.0,2490572133333333.5,1466842533333333.2,300173542000000.0,391.85869199999996,0.863975812,-0.4655687422,0.37932041
2021-05-04,53107836571428.57,15960246000000.0,,,,,3535170157142857.0,,,246582844285714.28,396.30067285714284,0.7865416242857143,0.28364244857142856,1.3190139900000002
2021-05-05,33872456500000.0,17787059500000.0,6.7982755,20.544464,,,3438760700000000.0,,,330322150000000.0,354.79016,0.874877115,0.26686972999999997,7.4424669
2021-05-06,63014145000000.0,19016190000000.0,,,,,3446187100000000.0,,,295770305000000.0,406.38875,0.86331755,-0.28792449000000003,0.77002003
2021-05-07,54377942500000.0,18897547750000.0,7.72369815,19.553993499999997,1.7474578e+16,6865907100000000.0,3964427500000000.0,2164823650000000.0,1308490300000000.0,283771587500000.0,436.23523750000004,0.795475925,0.014262715999999995,0.6517692575
2021-05-08,47435050333333.336,19463839333333.332,6.138177033333332,16.553376,,,3733005066666666.5,,,300682350000000.0,435.74638333333337,0.6940589333333333,0.21204354206666667,2.8538611418
2021-05-09,34046052714285.715,18841600285714.285,7.423417957142858,17.862628142857144,1.2615356925e+16,5643594100000000.0,3528629885714285.5,,,363046517142857.1,383.84864999999996,0.7428507328571429,-0.7406731679999999,0.52688678
2021-05-10,35597887000000.0,23437606000000.0,14.251739,17.3371305,1.19558395e+16,8034437350000000.0,3110749250000000.0,-845865315000000.0,2096077900000000.0,636973750000000.0,325.12283,0.979223,0.79748858,3.4223337000000003
2021-05-11,61536848666666.664,27035058333333.332,12.150770666666666,16.475813666666667,-3798192466666666.5,5657375466666667.0,3609169500000000.0,769608753333333.4,2631945166666666.5,735222993333333.4,328.06986666666666,1.0469042666666668,1.3605494333333334,2.6032702
2021-05-12,25337538680000.0,23836155000000.0,17.210887,16.8684056,8663215780000000.0,1.36679814e+16,3824443320000000.0,1261183440000000.0,2177558900000000.0,614432740000000.0,339.483368,0.957460832,0.29658045075999995,1.36309028036
2021-05-13,46229021500000.0,16997861000000.0,,,,,3470177350000000.0,,,311485170000000.0,404.89225,0.82187535,-0.202020798,0.28423101500000003
2021-05-14,45903526200000.0,15431828800000.0,15.228644,21.711706,2.5338484e+16,8123459000000000.0,3209909760000000.0,-179405060000000.0,1252445000000000.0,250747974000000.0,345.016066,0.957081444,0.1188254465,3.5349491019199997
2021-05-15,24929516500000.0,22484301000000.0,19.749404,15.07021,1.1227863e+16,4925431000000000.0,3799830900000000.0,,,436293350000000.0,325.95662,0.8564854500000001,0.21906750000000003,0.81905434
2021-05-16,31772196166666.668,23715280833333.332,12.97272,18.8482045,1.3701741225e+16,6890698100000000.0,3695472450000000.0,1054675376666666.6,1567863166666666.8,462083800000000.0,353.9815066666667,0.9265665666666667,-0.07428619933333334,2.21582563
2021-05-17,42084182500000.0,18096807500000.0,,,,,3325120550000000.0,,,295894595000000.0,324.98855000000003,1.1605054,-0.351582795,0.24186032000000002
2021-05-18,42790077000000.0,16090214000000.0,,,,,3096257533333333.5,,,269431006666666.66,344.6990366666667,1.4128797000000002,0.05371445,0.7268576366666667
2021-05-19,42864326285714.29,15869287714285.715,20.479284,20.2651845,1.36181703e+16,5043836700000000.0,3236410314285714.5,-631378920000000.0,1387488450000000.0,266319040000000.0,328.4531628571429,0.8413045371428571,0.17576079428571428,0.4162958662857143
2021-05-20,40599881000000.0,19478894000000.0,,,6081680750000000.0,2663017950000000.0,3317867540000000.0,410616370000000.0,1064866500000000.0,317372456000000.0,335.40585,1.33166972,0.5958281519999999,0.966720614
2021-05-21,46750993000000.0,19812424000000.0,,,,,3398575150000000.0,,,372212425000000.0,344.16696,0.8786923799999999,-0.12048227750000001,0.28867884
2021-05-22,45711932500000.0,21595117500000.0,,,,,3264714950000000.0,,,398542465000000.0,340.14349500000003,0.8911275999999999,0.8641012,3.69842675
2021-05-23,44922544857142.86,18456161142857.145,13.1149853,18.9421718,6267637866666667.0,3548042680000000.0,3555488514285714.5,243003066666666.66,1319913033333333.2,294255648571428.56,357.8822342857143,0.8408644028571429,-0.10853268285714288,1.6487090471428572
2021-05-24,38758298125000.0,19053144875000.0,8.982286916666666,17.187549833333332,-301869000000000.0,3.0732469433333332e+16,3294177437500000.0,991307216666666.6,1428436833333333.2,348991576250000.0,349.782895,0.8443166025,0.181372698125,0.63985828125
2021-05-25,37497140333333.336,17965473666666.668,,,-7903183000000000.0,7776013000000000.0,2910427233333333.5,-1243707000000000.0,1049116400000000.0,317348033333333.3,329.4188633333333,1.2943938,0.08003025666666667,0.19959461666666667
2021-05-26,44694166000000.0,21671926666666.668,8.5286683,16.8449175,,,4024268133333333.5,,,395031163333333.3,380.6151333333333,0.8379349500000001,0.6781402233333332,1.3980088333333331
2021-05-27,54940106500000.0,17696582000000.0,,,,,3105954350000000.0,,,304927670000000.0,337.399815,1.3266320500000002,-0.13928911,0.23271369
2021-05-28,45889502285714.29,18580221714285.715,11.9997358,20.3299268,-1.33668024e+16,2.16579609e+16,3611490571428571.5,620415470000000.0,1568757600000000.0,338142215714285.7,351.14776857142857,0.8629630585714285,-0.35642377964285715,0.8630721524285713
2021-05-29,45989643400000.0,17279047000000.0,12.2394755,16.86717,2366110700000000.0,5251795850000000.0,3689914040000000.0,1672465150000000.0,1305025350000000.0,311193100000000.0,380.94279,0.75196776,0.023266834999999996,0.80890302
2021-05-30,65384390500000.0,27731284500000.0,7.7153744500000006,16.5982285,-1.883143e+16,4.32186375e+16,4869741000000000.0,4828882500000000.0,2612017800000000.0,627983640000000.0,357.45372,0.8510243749999999,-1.06755095,0.71945077
2021-05-31,25054556333333.332,24483080333333.332,7.5804148,16.730386333333332,4268332533333333.5,9639285866666666.0,4054387400000000.0,1229207000000000.0,1976070300000000.0,613796486666666.6,351.5276166666667,0.8632388833333334,-0.42279528666666666,3.4426210566666664
2021-06-01,43855753750000.0,20492030750000.0,,,1374393500000000.0,1729700650000000.0,3826209900000000.0,653999750000000.0,1244985400000000.0,366089577500000.0,361.8215625,0.8842040675,0.17241399000000002,9.0896571825
2021-06-02,43247394875000.0,18888330875000.0,7.783420025,18.707952249999998,-2503344070000000.0,1.900297141e+16,3635547350000000.0,,,343783437500000.0,343.30057625,0.79791740375,0.05848057000000001,0.74056937
2021-06-03,45575464500000.0,21350150500000.0,10.510548499999999,17.936916,-1.5837039e+16,6.52697015e+16,3364378250000000.0,,,436714335000000.0,332.2301,0.87778245,-0.93342039,0.530510705
2021-06-04,48810065000000.0,21192360500000.0,,,,,3532413000000000.0,,,404056680000000.0,328.844695,0.8864306,-0.7088766,0.447154145
2021-06-05,45810205800000.0,22623842000000.0,,,-3505707033333333.5,3760708016666666.5,3574141540000000.0,750552166666666.6,1335650933333333.2,432727322000000.0,334.587492,0.9020573900000001,0.538532872,1.833931404
2021-06-06,26582037000000.0,22020239500000.0,19.45172,18.789520000000003,1.0145163e+16,4833320000000000.0,3664428100000000.0,,,505677325000000.0,321.2317,0.8573793000000001,-0.13219595,3.111330765
2021-06-07,31221854785714.285,19084576000000.0,18.402307833333335,19.152110166666667,-1185823200000000.0,8425365883333333.0,3801470200000000.0,,,402426294285714.3,341.17202428571426,0.786593952857143,-0.4646604228571429,1.078359217142857
2021-06-08,,,,,,,,,,,,,,
2021-06-09,37591533333333.336,20447777333333.332,16.294449,18.111717,,,3511681033333333.5,,,398285786666666.7,339.0091033333333,0.9353698633333334,-0.007600889999999971,0.7303069866666667
2021-06-10,37241584800000.0,23599293600000.0,16.3069712,17.6316936,6082449733333333.0,4577301866666667.0,4150206000000000.0,-2489045150000000.0,1540375950000000.0,458252908333333.3,333.19790666666665,1.66550357,0.09079826699999997,1.165447134
2021-06-11,30473130666666.668,24347673000000.0,,,,,6610975766666667.0,,,871493100000000.0,311.00624666666664,1.1963452333333333,-0.10892159,0.19103505666666667
2021-06-12,32797283285714.285,17684683000000.0,17.637617,19.791424000000003,-512709400000000.0,4861381090000000.0,3891744085714285.5,612938800000000.0,1381802100000000.0,370304297142857.1,334.22127,0.8174245614285715,-0.38668404528571426,0.2942135225714286
2021-06-13,40274372666666.664,18112549666666.668,,,,,3745957366666666.5,,,306101913333333.3,375.4375766666667,0.99401935,0.006923832,0.12839342666666667
2021-06-14,36911696200000.0,25507176400000.0,16.531187600000003,15.974854399999998,-3252164460000000.0,7.761750734e+16,3959595740000000.0,1153590234800000.0,1835561120000000.0,591377182000000.0,355.0351,0.87955687,-0.23784326,2.94516518
2021-06-15,16251755000000.0,12784028500000.0,,,1.1874114e+16,6236949000000000.0,4579489625000000.0,,,350613990000000.0,327.4259425,2.7747582,1.756424266,2.5533134225
2021-06-16,35061374000000.0,20850611000000.0,8.6516795,17.7616415,1.19093522e+16,4930799650000000.0,3850176300000000.0,,,476101365000000.0,319.43230000000005,0.83410335,-0.17572628,0.146642395
2021-06-17,26135332000000.0,19961330222222.223,15.020251888888888,18.910806555555556,5085434388888889.0,1.11613681e+16,3753433344444444.5,606342066666666.6,1811216450000000.0,480300263333333.3,306.81960888888887,0.8416999311111111,0.00966211888888888,1.3198268211111113
2021-06-18,22712914250000.0,25660529500000.0,16.33664575,16.73436825,1.5052794625e+16,6798231600000000.0,3673933775000000.0,318023912500000.0,2084300825000000.0,672576177500000.0,310.4796225,1.041633235,0.9230448775,2.6352636
2021-06-19,14324089900000.0,25779197000000.0,18.053113,16.986698,1.5064536625e+16,4681787700000000.0,3363728600000000.0,-305095080000000.0,2329206900000000.0,779887220000000.0,302.43413999999996,1.046962,-0.9455557399999999,0.6697429500000001
2021-06-20,24601155500000.0,24505506500000.0,28.6938045,17.3197435,-1942899450000000.0,4122279175000000.0,4091462600000000.0,,,570374525000000.0,300.22222999999997,0.95145995,-0.6103154499999999,1.76095822
2021-06-21,40741526166666.664,20932272333333.332,24.89056725,19.4868945,5227249956666667.0,4849593706666667.0,3672467933333333.5,1593023750000000.0,1624228500000000.0,443259403333333.3,288.52613,0.884384535,0.5101572408333334,1.2157597009999999
2021-06-22,29023268625000.0,18547112000000.0,28.310376875,17.7843825,1.0154263e+16,7354198325000000.0,3983591750000000.0,1446054450000000.0,1285713100000000.0,389648405000000.0,306.33153,0.85141933625,0.12686808,1.43806929125
2021-06-23,22869054333333.332,25887919666666.668,29.250101,16.333553,1.6842735866666666e+16,6586501400000000.0,3966442833333333.5,1779271730000000.0,1814697700000000.0,587843166666666.6,310.18272,1.0794176999999998,0.16962588,39.30585914666667
2021-06-24,32308696256666.668,25144021333333.332,28.246277000000003,16.899021666666666,1.2599367766666666e+16,5787728800000000.0,3957010600000000.0,641811900000000.0,1620514500000000.0,619063440000000.0,295.9247433333333,1.3833593000000002,1.5682741666666669,4.687209266666667
2021-06-25,23096714000000.0,18187346000000.0,,,,,4527424650000000.0,,,312070295000000.0,296.05574,1.3693143,0.06662879499999999,0.088708992
2021-06-26,38651515285714.29,17115256571428.572,26.6468715,16.9067695,1.91147372e+16,5444662700000000.0,3961351585714285.5,368773795000000.0,1077768630000000.0,276498835714285.72,295.45914142857146,0.9109112328571428,-0.16863524714285716,0.3120362507142857
2021-06-27,36340943833333.336,17074524666666.666,26.683613,16.505085,8123169500000000.0,3874600100000000.0,3500841700000000.0,-348922400000000.0,924153650000000.0,277522051666666.66,319.6139783333333,0.9700103266666668,0.19814355000000003,3.3755078833333325
2021-06-28,45751892000000.0,22532272000000.0,18.075703500000003,17.796587000000002,,,3537761733333333.5,,,400768843333333.3,339.45925,0.9534035533333333,0.30063332333333337,0.5007059366666667
2021-06-29,29684090666666.668,22604017000000.0,22.245687333333336,16.648050333333334,-1.25572315e+16,2.7855888e+17,4594823366666667.0,,,520048476666666.7,328.7990933333333,0.93064238,-0.09622065666666668,1.590993
2021-06-30,26842009250000.0,22400604750000.0,18.313668749999998,18.38553675,3408016600000000.0,7198355700000000.0,4446588075000000.0,3372901100000000.0,1982752000000000.0,507295020000000.0,319.00928749999997,0.908606275,0.0648262385,4.493848421
2021-07-01,31565471500000.0,16506544500000.0,,,,,3819585075000000.0,,,261611762500000.0,306.35932375,1.2844149325,-0.15384966225000002,0.573277343
2021-07-02,36374276000000.0,19123813500000.0,,,,,3569718150000000.0,,,362047760000000.0,308.026965,1.3745967000000001,0.08501543999999998,5.87194007
2021-07-03,27080270000000.0,22627717000000.0,19.390306,17.98447,7436002000000000.0,5082258000000000.0,4031125500000000.0,,,397482720000000.0,317.790525,1.00641818,0.011401979750000001,0.033483376
2021-07-04,35288995000000.0,21287037000000.0,23.38086525,18.82545025,-3632642333333333.5,2.4945143433333332e+16,3858099340000000.0,69694163333333.336,1152705566666666.8,389155588000000.0,320.307636,0.95432498,-0.006403607999999955,0.527203232
2021-07-05,33207829000000.0,19667642666666.668,,,1.7190175e+16,6094916700000000.0,3966774800000000.0,,,374638913333333.3,310.1125333333334,1.0664238133333332,0.050047640000000004,1.1660841566666666
2021-07-06,36993850142857.14,15332852000000.0,,,,,3441068857142857.0,,,259912682857142.84,316.3203042857143,2.005389842857143,-0.025947869428571437,0.497978613
2021-07-07,22830508500000.0,23637987000000.0,27.28333,16.611148,1.40479978e+16,5605626750000000.0,3761746050000000.0,,,450509265000000.0,295.52295000000004,0.962405465,-0.907506215,0.43927744
2021-07-08,26414605350000.0,24610109250000.0,29.882181000000003,16.81724075,9643736125000000.0,1.390114465e+16,3697864075000000.0,434917600000000.0,1449078600000000.0,547663440000000.0,292.6502075,1.09097345,-0.023435298250000014,1.20569551075
2021-07-09,48702140250000.0,24530370250000.0,18.595617750000002,17.079442,-429433000000000.0,4039244450000000.0,4220935140000000.0,854598300000000.0,1613420550000000.0,508542940000000.0,292.016886,1.8249418,-0.42979875999999995,0.9156978325
2021-07-10,20018039333333.332,21685041000000.0,20.042357666666664,17.979311666666668,1.1527919166666666e+16,4504777533333333.0,3546148833333333.5,,,493418306666666.7,288.6405233333333,0.93551312,0.0805871333333333,0.9566614766666666
2021-07-11,33253303750000.0,17260751750000.0,19.770657749999998,19.67692575,,,3625039575000000.0,,,345724220000000.0,289.74462500000004,0.958924,-0.5263543232500001,0.335115305
2021-07-12,33242115000000.0,22840712000000.0,26.563807500000003,16.617663999999998,6857480000000000.0,3933336000000000.0,4062212000000000.0,,,507408645000000.0,298.05583,0.9608651349999999,0.80725232,0.78505917
2021-07-13,33761593750000.0,23793468750000.0,29.746254999999998,18.038206,3887479433333333.5,1.1321509666666666e+16,3585860450000000.0,282296220000000.0,1637442100000000.0,553963387500000.0,303.281205,1.029602,0.5894893875,3.3353413425
2021-07-14,,21426972000000.0,34.379967,17.860931,2.714088e+16,9502441000000000.0,5085909850000000.0,,,342113496666666.7,294.22427666666664,3.8402534999999998,,0.63624485
2021-07-15,29014646666666.668,21600894666666.668,30.625884,19.441313333333333,1840983366666666.8,3478607533333333.5,3951587233333333.5,,,433251543333333.3,285.50723666666664,0.9379552666666667,0.493946,6.179607828333332
2021-07-16,24551191812500.0,18952245375000.0,29.97591266666667,19.170908333333333,9117350596250000.0,3615532958750000.0,4201207312500000.0,1283269185000000.0,1444151950000000.0,375918202500000.0,286.87087625,0.90115822375,0.25296635225,3.085053802125
2021-07-17,35475384100000.0,22927080600000.0,29.5985535,18.523948,3546388705000000.0,8974731540000000.0,4022696840000000.0,540228950000000.0,1267081350000000.0,469690934000000.0,298.564568,1.07243118,0.03989818800000002,2.716167479
2021-07-18,16129815000000.0,24288638000000.0,34.179688999999996,16.6724935,2.10568695e+16,7618174500000000.0,4193228500000000.0,,,519047020000000.0,303.60432000000003,1.0434279,0.4101984085,3.09080633575
2021-07-19,,21106484333333.332,16.68406033333333,16.885184666666667,,,4406392366666666.5,,,442968600000000.0,298.1595566666667,0.9522002666666666,,1.1662510666666668
2021-07-20,,19927675500000.0,18.8637575,19.456681250000003,5541898125000000.0,2891899375000000.0,3818912325000000.0,1081260460000000.0,1604981950000000.0,453705440000000.0,324.118225,0.866595225,,10.8630379
2021-07-21,36135429000000.0,18033723300000.0,15.959968900000002,17.9608204,1.034728335e+16,4803386500000000.0,3595985380000000.0,-89254020000000.0,1129356325000000.0,341850297000000.0,325.305567,0.8928248759999999,-1.0786776725,2.4565936269999997
2021-07-22,35346279000000.0,22291862750000.0,12.05375025,16.6767175,-2892516125000000.0,2.70277077e+16,3640374525000000.0,1275613925000000.0,1243185400000000.0,472852425000000.0,331.91026,0.9061475825,0.4268396525,2.79292704125
2021-07-23,,24326674000000.0,19.911411,16.5842265,1237872200000000.0,5895871500000000.0,3745635800000000.0,1457439800000000.0,1951850600000000.0,569514900000000.0,318.39122,1.0058465,,0.498148575
2021-07-24,,22618620000000.0,16.305587666666668,17.588155666666665,3321320333333333.5,4863961900000000.0,3531938900000000.0,-1680247700000000.0,1552310800000000.0,533082900000000.0,318.07142999999996,0.9011088433333333,,0.8648627666666666
2021-07-25,35488350750000.0,19514606000000.0,18.233365,19.3122675,-4059352806000000.0,3.8559712886875e+16,4018757137500000.0,1252621734000000.0,1539847760000000.0,446214357500000.0,330.584215,0.8616070425,-0.8037357587499999,1.8397930865
2021-07-26,23957092166666.668,19453611833333.332,19.095716666666664,19.636112666666666,5397834300000000.0,1.04275086125e+16,4106021350000000.0,1872087550000000.0,1267808200000000.0,380996160000000.0,325.3443833333333,0.8826249583333334,-0.09359031533333334,1.1650815741666667
2021-07-27,,21343824000000.0,26.101957,19.667145,9919531000000000.0,5440751300000000.0,4398508600000000.0,6059760000000000.0,3011237000000000.0,405325930000000.0,314.98258333333337,1.0172033333333335,,1.7183939666666668
2021-07-28,51036150333333.336,23812848000000.0,30.234245,17.324483,-1595330000000000.0,3.4526702866666668e+16,3796313433333333.5,,,524985460000000.0,313.73858,0.9647153466666666,-0.7295165333333333,3.033160405
2021-07-29,28402552000000.0,18574309666666.668,,,1.09475589e+16,4137507685000000.0,3461273550000000.0,228476550000000.0,1026238730000000.0,286424770000000.0,316.19106166666666,1.0393375916666667,0.77434933,9.0910895
2021-07-30,31974115125000.0,17268490500000.0,13.893735000000001,20.0357002,5849657950000000.0,2807373350000000.0,3654531037500000.0,,,305318775000000.0,310.92279625,0.86265682625,0.2653741157,1.360541334125
2021-07-31,20344540800000.0,20607852000000.0,,,-1.6918644e+16,2.8665015e+16,3430663650000000.0,,,414666490000000.0,305.539015,1.1636482,0.0102255685,0.106691967
2021-08-01,40635091500000.0,24669614500000.0,,,-1.4767756e+16,4.465615e+16,3492185100000000.0,1246235500000000.0,2209480800000000.0,541689580000000.0,315.19003499999997,1.2355795500000002,0.4434214249999999,0.90211508
2021-08-02,37465277250000.0,17707781000000.0,,,1.012018805e+16,3274174920000000.0,3240172950000000.0,-358070880000000.0,949689645000000.0,271686755000000.0,341.0843775,2.0621853375,-0.1172155973,0.14102598985
2021-08-03,47745547000000.0,18221042666666.668,14.973969,19.662525,,,3293794333333333.5,,,319492986666666.7,334.82218,0.9049706333333333,-0.35776862066666665,0.281823304
2021-08-04,35238951833333.336,15260723000000.0,,,-8103834000000000.0,8739966000000000.0,3633196866666666.5,,,266144170000000.0,339.5770366666667,1.052244695,-0.44162641,0.46801256
2021-08-05,35121092000000.0,18923639500000.0,11.994863,17.889164,,,3471416450000000.0,,,286510230000000.0,331.78357,0.91994782,-0.15916763500000003,4.5977166
2021-08-06,39276037666666.664,16723350333333.334,,,,,3335615900000000.0,,,268199266666666.66,338.08787333333333,2.5639725,-0.2883123033333333,0.20781153333333333
2021-08-07,41381336000000.0,17904726800000.0,23.978108499999998,16.8000985,1.38435565e+16,5458951450000000.0,3307727220000000.0,719407450000000.0,995702250000000.0,275371034000000.0,332.120492,0.816016494,0.335205988,4.011304814
2021-08-08,44598145666666.664,19796424666666.668,,,-6117275000000000.0,7521100000000000.0,3183019066666666.5,,,364754820000000.0,303.4688566666667,1.2821694000000001,0.01982725,1.3819092499999999
2021-08-09,35548117857142.86,14940217142857.143,,,1.1724938e+16,6197049000000000.0,3332639528571428.5,603625900000000.0,1119852500000000.0,240226294285714.28,310.62863428571427,1.4687414642857142,-0.02465146785714287,4.967208144285714
2021-08-10,31888534333333.332,18892448000000.0,14.179488,19.011408,,,3512432833333333.5,,,352965110000000.0,312.95206333333334,0.9852371666666667,-0.7241348766666666,0.4739024333333333
2021-08-11,43678392400000.0,18363739000000.0,,,1.55590215e+16,6210395000000000.0,3345958700000000.0,7230815000000.0,945629800000000.0,283532258000000.0,331.108288,0.9104928640000001,0.101077708,2.275873362
2021-08-12,58244470500000.0,20071771500000.0,17.0128675,18.161706000000002,,,4004743300000000.0,,,356975250000000.0,339.76715,0.8854165300000001,-0.300331381,0.227633808
2021-08-13,38922218333333.336,17925261000000.0,17.112153333333335,17.832255666666665,,,3103714700000000.0,,,331075900000000.0,299.07337333333334,0.8397455666666667,-0.10301108700000002,0.6706854926666667
2021-08-14,33990600250000.0,17004174500000.0,,,7946617711666667.0,8751690286666667.0,3310116750000000.0,423370005000000.0,1361869950000000.0,310466495000000.0,301.6420975,1.0031596725,0.356661360375,6.6191006980000004
2021-08-15,35909058600000.0,21421536600000.0,,,-7113904960000000.0,1.7859845175e+16,3307401620000000.0,887690609833333.4,1636990266666666.8,419306002000000.0,300.440022,0.9484610099999999,-0.594580076,1.1237075300000001
2021-08-16,47357037000000.0,22042590000000.0,,,8433182000000000.0,5711907600000000.0,3287941500000000.0,,,415339285000000.0,310.501325,1.3359814499999998,-0.26638352000000004,1.18694195
2021-08-17,41269236333333.336,16172243333333.334,,,,,4366952600000000.0,,,272329570000000.0,315.2739666666667,2.7502935666666666,-0.06254166166666668,0.23107617133333333
2021-08-18,32177590250000.0,18249984000000.0,16.61942725,19.57384875,5368021000000000.0,3475490450000000.0,3419891150000000.0,584204090000000.0,1293503550000000.0,321640050000000.0,326.83092,0.8181899875,-0.46442059999999996,0.4743088875
2021-08-19,38276865166666.664,15867677333333.334,18.5640115,19.6250285,-5429956100000000.0,6524045900000000.0,3002588166666666.5,-193284875000000.0,860849425000000.0,228417251666666.66,314.37068500000004,0.9147094883333334,-0.2812259955,0.252145264
2021-08-20,39551197200000.0,21474817800000.0,15.4474716,18.9740582,2250677000000000.0,5876416700000000.0,3193145840000000.0,-688859240000000.0,1243959800000000.0,415697136000000.0,312.508488,0.946709712,0.024979613999999994,0.836535144
2021-08-21,22245764000000.0,21893744500000.0,11.747330999999999,17.3822175,1.388833125e+16,6107756500000000.0,2791541000000000.0,,,488381520000000.0,311.443465,0.93063635,-0.27246715,0.356818675
2021-08-22,29853387666666.668,19476923000000.0,13.175168666666666,16.611181,,,3300629500000000.0,,,357398633333333.3,309.98133333333334,0.8563345866666667,0.4739354,1.4803640666666666
2021-08-23,35289660428571.43,18677887571428.57,12.700393285714286,20.078112714285712,-895819228571428.6,1.3392635285714286e+16,3401828614285714.5,1053660650000000.0,1626807150000000.0,388943260000000.0,311.23977,0.8309955171428571,-0.4112265351428572,0.609706802
2021-08-24,35648077000000.0,18056702833333.332,9.5340735,18.9600505,7625308500000000.0,7650028800000000.0,3219872733333333.5,1011893350000000.0,1060572150000000.0,340400403333333.3,315.47805666666665,0.8387880550000001,-0.8124822356666667,0.537833135
2021-08-25,51559180000000.0,22073362666666.668,9.194912,17.563917,5223556466666667.0,4739899733333333.0,2995530533333333.5,,,429508136666666.7,309.6235766666667,1.0648732,-0.23994089999999998,0.9008407800000001
2021-08-26,41450072000000.0,16493713000000.0,,,,,2808763000000000.0,,,255361930000000.0,304.97159999999997,1.24139055,0.18610050500000003,0.54856856
2021-08-27,21508196694000.0,20528796400000.0,14.926474,21.393394,1.73339025e+16,8886639025000000.0,3523505260000000.0,1301181200000000.0,1377712950000000.0,404302852000000.0,315.48613,0.912012052,0.949152694,1.02183854
2021-08-28,40446862444444.445,14662821777777.777,,,,,3083199233333333.5,,,205672013333333.34,323.11897666666664,1.7340732444444444,0.026785192222222223,2.572418090555556
2021-08-29,37340518500000.0,16248075000000.0,,,,,3041464850000000.0,,,247146260000000.0,298.15898500000003,0.8554276999999999,-0.082967305,0.12156029500000001
2021-08-30,43533992000000.0,17045000500000.0,,,,,3091056450000000.0,,,246965720000000.0,289.89777000000004,1.4314822999999999,0.212746645,2.84056332
2021-08-31,49258220400000.0,17322210400000.0,19.799633,19.066754500000002,6926406146666667.0,3622831116666666.5,3101867440000000.0,484769818333333.3,875720146666666.6,241254322000000.0,315.564118,1.009804096,0.2542621586,0.4039256698
2021-09-01,36647657666666.664,17344189000000.0,15.034446333333335,19.24013,,,2878750133333333.5,,,279036113333333.34,294.2453233333333,0.9420778933333334,-0.64818144,0.43783128666666665
2021-09-02,40352544000000.0,16008891833333.334,7.9003336,19.626471666666667,,,3014632033333333.5,,,276283088333333.34,309.643585,0.8680026416666667,0.3507534411666666,27.97305897
2021-09-03,41103930333333.336,17303265666666.666,,,,,2744384000000000.0,,,246980846666666.66,282.7190033333333,0.9508904966666667,0.37446883066666664,0.7942910566666667
2021-09-04,47059521666666.664,20845960666666.668,7.0818482000000005,18.591665333333335,-3638477800000000.0,5173900000000000.0,2768043633333333.5,282457800000000.0,1193675600000000.0,379272033333333.3,304.51311333333337,0.9486091666666666,-0.10967872,2.1621688066666667
2021-09-05,26863030250000.0,23776644500000.0,9.39148575,19.206944749999998,8588971425000000.0,5938011800000000.0,3468335125000000.0,1772698915000000.0,1852196450000000.0,570938895000000.0,318.66836,0.9829182049999999,0.04532751999999998,2.899684665
2021-09-06,26169965500000.0,18056562500000.0,,,-3977803600000000.0,5726178000000000.0,2845529250000000.0,,,358930450000000.0,305.1192,0.9829406,1.0051147,1.7977511499999999
2021-09-07,42763970800000.0,17792393800000.0,14.302812399999999,21.2655444,-3825697740000000.0,3.483612412e+16,2989853540000000.0,238830775000000.0,1532147475000000.0,389434418000000.0,313.0337,0.841272056,-0.022320512000000004,0.925318206
2021-09-08,-2635050000000.0,26610561500000.0,23.215766,19.59451,3.10588115e+16,1.04357695e+16,2879398500000000.0,214732750000000.0,1916128050000000.0,678052395000000.0,281.757335,1.09647875,0.34056234999999996,1.17715858
2021-09-09,38160506680000.0,25038312200000.0,23.2031902,18.990427,4736103900000000.0,1.437374134e+16,3117842260000000.0,975734598000000.0,1928884880000000.0,639687428000000.0,277.456452,1.17539952,0.0019229779999999862,6.2088735779999995
2021-09-10,33136476000000.0,24075813000000.0,16.628149999999998,20.088863500000002,4473951250000000.0,4050986800000000.0,3687464600000000.0,2920913450000000.0,2170969900000000.0,568698765000000.0,277.135805,1.0395169,1.030217455,0.82710246
2021-09-11,43817222000000.0,19797843500000.0,21.07526,21.3988145,1.4810651e+16,6942281350000000.0,2384582500000000.0,-1184838985000000.0,1814338600000000.0,429521965000000.0,280.68515,0.8994117749999999,1.4521674299999998,7.70996735
2021-09-12,35975993500000.0,17042455500000.0,25.99757222222222,21.04414322222222,2180175990000000.0,3.428497438375e+16,2963918670000000.0,634270909333333.4,1474875800000000.0,321794703000000.0,286.25273400000003,0.884596464,-0.233463308,4.04650298
2021-09-13,36407092750000.0,20157084750000.0,15.66136,18.61423925,1.291322625e+16,9289384000000000.0,3074566950000000.0,425666320000000.0,1032550650000000.0,362434335000000.0,291.44614,0.940322525,0.211386205,4.4420804275
2021-09-14,20724486500000.0,20518182500000.0,,,,,2516055400000000.0,,,369467165000000.0,274.713525,1.45548275,-0.17056700000000002,1.2540119
2021-09-15,40568602500000.0,18991478000000.0,13.6368885,21.737087,,,2474501750000000.0,,,335817990000000.0,270.12109499999997,1.03555165,0.139599515,1.17862226
2021-09-16,42751706428571.43,15699279571428.572,,,-2853804700000000.0,1.1836182833333334e+16,2553916528571428.5,196646823000000.0,1114696646666666.6,252845541428571.44,281.2133157142857,0.9908622528571429,0.6092466942857142,3.0914118142857143
2021-09-17,47177005500000.0,14220608833333.334,26.601930000000003,18.87852,-8739777300000000.0,3.0786887e+17,2658693200000000.0,526699535000000.0,773142800000000.0,193935418333333.34,295.9718483333333,0.8740306516666667,0.19100867600000002,1.0953146900000001
2021-09-18,37745530666666.664,15716606333333.334,,,1.2657064e+16,5746900300000000.0,2442088166666666.5,-412269900000000.0,751430200000000.0,214973403333333.34,284.19755000000004,2.20289691,0.16481734666666667,2.928022593333333
2021-09-19,45620955000000.0,16476231000000.0,,,,,2864910650000000.0,,,218570375000000.0,275.86613,1.1249624,-0.12931952825,0.1155542802
2021-09-20,50216088000000.0,16319191000000.0,,,,,2838052366666666.5,,,224897336666666.66,291.69054,0.8787965766666667,-0.05579423666666666,0.46072569
2021-09-21,40368324833333.336,14392899500000.0,16.943775,20.947618,1.0411197e+16,5387835700000000.0,2625527783333333.5,1369296800000000.0,1136314500000000.0,195268475000000.0,300.70870666666667,0.8295484816666666,-0.35958825583333337,0.3230909908333333
2021-09-22,46261776000000.0,14226541200000.0,15.244997,19.290615,-2478064900000000.0,4000931000000000.0,2229034500000000.0,-187852930000000.0,753618050000000.0,199587252000000.0,316.543312,0.89183175,0.6666436326,1.1841681869999998
2021-09-23,30833377500000.0,16788744500000.0,,,,,2158743850000000.0,,,244858520000000.0,291.64801,1.4302715,0.7471730050000001,0.8697832999999999
2021-09-24,55113834000000.0,17267185500000.0,,,,,2489051400000000.0,,,242075615000000.0,331.11969999999997,0.9540692500000001,0.1500190765,4.491415086
2021-09-25,45835865400000.0,16765413000000.0,23.122318,20.4541095,5327705100000000.0,4590460100000000.0,2314719900000000.0,-475095904000000.0,926748100000000.0,221827152000000.0,280.95936,0.9024480340000001,0.14196628839999997,0.9064323482000001
2021-09-26,26787296712500.0,19457154000000.0,14.033710625,22.02198275,4900335587500000.0,1.9435594625e+16,2608779462500000.0,1107696430000000.0,1468793587500000.0,356896555000000.0,269.32014875,0.95846386,-0.43473339749999995,13.57843526125
2021-09-27,40157445000000.0,19631820000000.0,10.578254,18.396799,,,2087470950000000.0,,,368133590000000.0,275.68826,0.8457233200000001,0.24313320000000002,0.87926813
2021-09-29,55986505000000.0,17201802500000.0,6.2320275,20.810638,-1.5206281e+16,3.47857045e+16,2041675225000000.0,-523589430000000.0,829411250000000.0,241400655000000.0,294.09213,0.9166903125,-0.2141571025,1.8093425025
2021-09-30,32469772333333.332,18905086333333.332,10.112711,21.644509666666664,7847858633333333.0,5051602133333333.0,2318253333333333.5,-421508760000000.0,1554023200000000.0,372749646666666.7,278.01488333333333,0.93100159,0.8043264866666666,1.9005637333333334
2021-10-01,38283787500000.0,13578649166666.666,11.669375500000001,22.586035000000003,1.4853843e+16,8194397000000000.0,2474257450000000.0,,,201479021666666.66,284.805815,1.003285915,0.36911955999999996,3.91855385
2021-10-02,38128666333333.336,16156921333333.334,,,,,2366934900000000.0,,,239160190000000.0,332.2188433333333,1.0126470466666666,0.08327089666666665,1.0050203800000002
2021-10-03,39821702333333.336,21585848000000.0,,,3317705590000000.0,2.2950676133333332e+16,2361282300000000.0,603368943333333.4,1524995666666666.8,400582496666666.7,302.46055,0.9993513099999999,-0.6800777333333334,27.438433243333336
2021-10-04,31628123000000.0,21572659400000.0,,,-2272444460000000.0,3.951587852e+16,2400101960000000.0,894340000000000.0,1285024700000000.0,359641708000000.0,273.03515200000004,1.06245066,-0.8000789168000001,0.512554072
2021-10-05,33605050000000.0,18684833500000.0,,,-3223060500000000.0,5052001000000000.0,2784968650000000.0,3738782200000000.0,3120265300000000.0,345984970000000.0,285.49726499999997,0.920787335,0.316414995,7.911259275
2021-10-06,41026059428571.43,17166982000000.0,12.334011857142857,23.279030714285714,954868285714285.8,3.6813364057142856e+16,2657020028571428.5,2301924440000000.0,1681263440000000.0,318721542857142.9,281.7743357142857,0.8241941071428572,-0.4357964885714286,1.0449981400000001
2021-10-07,47957690000000.0,23236111500000.0,,,-1.389646575e+16,2.07230343e+16,2552893200000000.0,1186277320000000.0,1642572200000000.0,440204705000000.0,267.485505,1.1357450500000001,0.38786733500000004,7.704545850000001
2021-10-08,31032374750000.0,24823209000000.0,9.037230000000001,21.03398225,8468886250000000.0,2.005697675e+16,2647578575000000.0,1095427595000000.0,1744634800000000.0,548696995000000.0,264.65373999999997,1.0816076749999999,0.435974165,1.90509749
2021-10-09,49994686000000.0,23087127000000.0,8.6379365,21.821233999999997,-2715799000000000.0,1.80901045e+16,2829510750000000.0,1936909100000000.0,1799452650000000.0,456586900000000.0,257.722235,0.9860342499999999,0.073466074,0.16012822000000002
2021-10-10,49239070000000.0,18382310000000.0,8.238213,22.618714,-1.531673215e+16,1.4540749e+16,1952254750000000.0,-354949545000000.0,1335129700000000.0,350634030000000.0,289.700395,0.870284735,0.610086928,1.48472077
2021-10-11,51579876000000.0,15576789000000.0,8.928536,22.141363,-1.865958e+16,7.653496e+16,2268974933333333.5,1779608200000000.0,1656663800000000.0,287067573333333.3,300.86494666666664,1.1149598666666665,-0.29689544333333334,1.8399665566666668
2021-10-12,35705615250000.0,18735184250000.0,,,-1.2491400225e+16,1.16158697e+16,2215438025000000.0,1312076600000000.0,1041716250000000.0,275280635000000.0,315.31799,0.8871976075000001,0.6398560499999999,1.60448225
2021-10-13,66619820000000.0,22893510000000.0,12.72036,19.387736500000003,-1756149500000000.0,1.5643746e+16,2072824650000000.0,166467980000000.0,1795926300000000.0,437267900000000.0,309.788325,0.952744275,-0.4109058,2.21375515
2021-10-14,55482232500000.0,16715461000000.0,9.304603,18.9153335,,,2474278450000000.0,,,258669615000000.0,331.137405,0.8009511,-0.094869602,0.205143725
2021-10-15,44919810166666.664,13157225333333.334,17.10715,24.642649,1003215500000000.0,1.24351764e+17,2482939616666666.5,2103919400000000.0,1307207100000000.0,184670903333333.34,304.61947000000004,0.8997238383333334,-0.4945497433333333,10.811388991666666
2021-10-16,48048919875000.0,15905613000000.0,9.584258,22.93224,-8602029800000000.0,2.432682375e+16,2179176587500000.0,623035053333333.4,1053792933333333.4,249899707500000.0,298.60442375,0.85076546125,0.144219710625,0.918103855
2021-10-17,43784319000000.0,16039320666666.666,6.9762855,23.225994999999998,-2380555000000000.0,4763052000000000.0,1849260266666666.8,318380150000000.0,982909100000000.0,233365650000000.0,288.51657,0.9082890333333333,-0.44254446,4.94050961
2021-10-18,46479625000000.0,23986836500000.0,,,-316770000000000.0,2.7422116e+16,1651838900000000.0,-1327970320000000.0,2060392100000000.0,458540990000000.0,304.02733,0.9937213,0.553982665,1.8458880500000001
2021-10-19,37835489000000.0,19775960000000.0,,,652801350000000.0,7598874950000000.0,2262869150000000.0,1881236600000000.0,2389731950000000.0,483941760000000.0,294.389,1.0574902499999999,-2.15785605,1.24643235
2021-10-20,35837753714285.71,12282027142857.143,,,-1.01708265e+16,3.737902e+16,1931331671428571.5,574747070000000.0,1239116700000000.0,178145032857142.84,285.14619428571433,1.3768267542857142,0.5549806666714285,1.0272920108571428
2021-10-21,31104274714285.715,13235285857142.857,,,1.025180485e+16,4527305450000000.0,1790751271428571.5,1118440475000000.0,1046363600000000.0,186347795714285.72,275.4574042857143,1.7148286228571428,0.7997022685714287,1.3138952771428571
2021-10-22,38758059333333.336,15140860333333.334,,,,,1877593100000000.0,,,218080073333333.34,314.37479666666667,0.9147494333333333,-0.3318670633333334,0.48443779000000003
2021-10-23,57854683333333.336,17863605000000.0,9.870682,20.198491666666666,,,1890331633333333.2,,,284573050000000.0,341.0177066666667,0.8306235466666667,-0.4373331243333333,2.5521882193333334
2021-10-24,22219187280000.0,18485195200000.0,7.864955220000001,23.6340926,1.0789617666666666e+16,9.4302032e+16,1815949360000000.0,528022956600000.0,1608939133333333.2,329964778000000.0,266.45275000000004,1.01213964,-0.07056722800000007,1.11017619
2021-10-25,35487259500000.0,17047631500000.0,7.613045850000001,26.335366999999998,4483280340000000.0,2.00722836e+16,1872118400000000.0,1857751121250000.0,2153259300000000.0,330475502500000.0,241.11157375,1.05192791875,-0.18831794687499998,1.30857933
2021-10-26,9386004500000.0,17963505500000.0,,,,,1983005400000000.0,,,289944635000000.0,251.004435,1.51918795,-0.10675665000000001,1.98711905
2021-10-27,37507239000000.0,14874587000000.0,9.504159999999999,19.67192,,,1600937066666666.8,,,242336223333333.34,252.54084,0.97726335,0.6622943099999999,1.3241083166666667
2021-10-28,34720603800000.0,14745849000000.0,18.581228000000003,21.3668345,,,1602426560000000.0,594599540000000.0,1107625900000000.0,205356356000000.0,238.926476,1.09784048,-0.8277985828400001,0.5444472244
2021-10-29,24873446000000.0,15725964333333.334,9.671025333333334,22.703805,,,1736616200000000.0,2072431600000000.0,2800203800000000.0,270455103333333.34,236.38552333333334,1.0724739666666665,0.20219050000000002,2.074714933333333
2021-10-30,28649749833333.332,16036448500000.0,12.834958,25.951868,-6381016666666667.0,4.9438527e+16,1786826983333333.2,2465007778333333.5,2378506800000000.0,297876996666666.7,255.16089499999998,0.9905173899999999,0.43374565783333335,1.5569966549999998
2021-10-31,10660862750000.0,21441370500000.0,10.218013,25.252108999999997,2.574327e+16,1.4922483e+16,1919222800000000.0,2262811200000000.0,2277795450000000.0,411458725000000.0,265.99638500000003,1.1977818500000001,3.38869985,2.7494109
2021-11-01,16528592000000.0,24140995333333.332,5.0946608,26.050404,,,2169003600000000.0,3154820700000000.0,2499752400000000.0,476217723333333.3,265.4166666666667,1.2590428333333332,-2.6477603999999997,1.5419978
2021-11-02,53129165600000.0,14745224800000.0,15.491164000000001,19.7212095,,,1771562560000000.0,1890338230000000.0,1343470000000000.0,194388232000000.0,297.320026,0.9633907260000001,0.109724406,2.805773288
2021-11-03,40903851000000.0,12776064666666.666,,,,,1369711200000000.0,,,188619556666666.66,291.67234666666667,1.4846611333333335,-0.10729115333333332,0.8979706
2021-11-04,36180330166666.664,14204434333333.334,,,,,1534542483333333.2,,,207537368333333.34,292.725165,1.4437670166666667,-0.19205180333333335,1.7158580666666667
2021-11-05,69494398000000.0,14320640000000.0,,,,,2128878100000000.0,,,202623950000000.0,328.075475,1.0034532999999999,0.408855515,8.3544362
2021-11-06,46405493400000.0,14559795600000.0,8.94806,24.271631,,,1555577060000000.0,611144461500000.0,1212703350000000.0,206960344000000.0,322.680292,1.07230256,0.08756072400000006,5.178105102
2021-11-07,32896727500000.0,13657956500000.0,,,,,1302224650000000.0,,,214638625000000.0,293.253295,1.8907137,-0.63744591,0.7885312250000001
2021-11-08,36058022666666.664,12949797333333.334,8.458508,24.73355,,,1701434600000000.0,,,185788816666666.66,338.47866,1.1903446,-1.4530359666666666,1.2161654000000002
2021-11-09,38413584833333.336,13973064333333.334,3.5782877833333337,23.705082,,,1528249016666666.8,-1594269050000000.0,2184242450000000.0,225679638333333.34,312.07000666666664,1.1111062333333332,-0.33178288333333333,4.083615478333333
2021-11-10,48027596200000.0,13269554000000.0,,,,,1673327760000000.0,-104962370000000.0,1310376333333333.2,206188754000000.0,290.146742,1.14568084,1.1097821380000001,2.96200524
2021-11-11,56017521666666.664,15319822000000.0,,,,,2053719100000000.0,,,222454903333333.34,283.72855999999996,1.2754177999999998,-0.6696872066666666,0.61155506
2021-11-12,34402495000000.0,17360512000000.0,5.83799115,25.608446999999998,,,1634828700000000.0,,,291827150000000.0,287.92411500000003,1.08982605,-2.63828065,1.46530395
2021-11-13,54172994750000.0,13172089000000.0,9.670506666666666,27.541799666666666,,,1942495225000000.0,2297310750000000.0,2000208800000000.0,181978755000000.0,285.709985,1.32729645,0.6776632499999999,2.3644551
2021-11-14,48862157142857.14,12157930285714.285,12.768245,20.4401045,,,1756318428571428.5,1651023750000000.0,1480420250000000.0,159904634285714.28,306.6664528571429,1.1747893571428574,0.8696854728571429,2.644240517142857
2021-11-15,34442301750000.0,14749938750000.0,3.9478849,18.116295,,,1561130450000000.0,1419076000000000.0,1428191500000000.0,195007785000000.0,269.97809,1.15150485,-0.028664172499999994,1.0569126125000001
2021-11-16,40550925666666.664,13934568000000.0,,,,,1444190300000000.0,,,191707390000000.0,267.1019166666667,1.2606502,-0.3327932466666666,1.2697683499999999
2021-11-17,49394935000000.0,13104390500000.0,,,,,1832791150000000.0,,,189819100000000.0,277.68539499999997,1.32734165,-0.719296205,0.7453616000000001
2021-11-18,45560222142857.14,11987124714285.715,7.288208,25.97182533333333,,,1954934771428571.5,6118375150000000.0,2949689600000000.0,178780125714285.72,314.6800085714286,1.3155943857142858,0.19132104714285716,2.7462829571428573
2021-11-19,44936463200000.0,12835321400000.0,,,,,1614371300000000.0,7886980000000.0,1401438100000000.0,173015572000000.0,314.32106400000004,1.35173618,0.619138376,1.86464936
2021-11-20,51908666000000.0,21953849333333.332,6.328225,27.409967,,,1782465700000000.0,116644800000000.0,2827311200000000.0,378419083333333.3,276.90035,1.3854300666666666,-2.1935013866666666,2.0596179666666665
2021-11-21,44148660666666.664,13364240000000.0,,,,,1530323833333333.2,,,185725490000000.0,301.87081333333333,1.5078834666666667,-1.6132025633333333,1.2336599566666666
2021-11-22,45347703000000.0,18297723800000.0,2.6423645,30.66101,,,1351763100000000.0,-1505787140000000.0,2924836620000000.0,336021598000000.0,326.31012599999997,1.4107124800000002,-1.59854588,5.0886634200000005
2021-11-23,44608220250000.0,11483201750000.0,5.4215865,30.766071,,,1855236687500000.0,,,155727526250000.0,343.215925,1.3988338625,0.3798460025,2.3933206125
2021-11-24,27222762500000.0,12822852500000.0,,,,,1668696950000000.0,,,181166855000000.0,299.89377,1.30224545,-1.1787357,1.01176105
2021-11-25,51434227500000.0,14005318000000.0,,,,,1590536850000000.0,,,197156990000000.0,312.83022,1.4529760999999999,-1.817739135,1.17848885
2021-11-26,54409201750000.0,14535281000000.0,,,,,2036926250000000.0,3492104100000000.0,2106265150000000.0,203133345000000.0,359.4977925,1.5496026,3.9514014399999997,2.729673875
2021-11-27,35699160666666.664,12025447000000.0,,,,,1838016666666666.8,,,169444193333333.34,312.1702666666667,2.0219891,1.6047403000000002,5.797702466666666
2021-11-28,46470955857142.86,11509105142857.143,,,,,1518736528571428.5,,,160248735714285.72,318.90131142857143,2.089040428571429,1.1295185928571427,3.3962335
2021-11-29,35490702000000.0,11294262500000.0,,,,,1266001050000000.0,,,157387580000000.0,322.140015,2.19054105,-0.33911091499999996,0.452272075
2021-11-30,41025088333333.336,15429385000000.0,,,,,1550686400000000.0,772609700000000.0,1589728300000000.0,204392356666666.66,372.19755000000004,1.5256026,-2.03929439,2.9947294
2021-12-01,55244429000000.0,16252238000000.0,3.42166185,26.1910505,,,1735789325000000.0,2511409000000000.0,2105612750000000.0,237501615000000.0,334.928905,1.594722875,1.7316293575000001,6.335678125
2021-12-02,42668809666666.664,11871862333333.334,,,,,1870716500000000.0,,,180904253333333.34,322.71054,1.9681343666666666,-1.3015953,2.729461433333333
2021-12-03,60340344000000.0,14295678750000.0,5.634179633333333,25.475676333333336,,,1503604250000000.0,,,178382475000000.0,352.9281925,1.599674325,0.6079121499999998,5.898776725
2021-12-04,45389019000000.0,14511065000000.0,,,,,1935439300000000.0,,,188590515000000.0,333.19978000000003,1.62897065,2.092977681,1.8472147700000001
2021-12-05,55468210000000.0,14010197333333.334,6.052451933333334,25.46934733333333,,,1619795683333333.2,2059001500000000.0,1843008533333333.2,186430378333333.34,333.6674683333333,1.61988485,-0.25373411000000007,3.226881016666667
2021-12-06,32867422500000.0,14450348000000.0,,,,,1288383700000000.0,,,202734000000000.0,354.96054,1.9417931,4.41492105,4.1035862000000005
2021-12-07,43623326500000.0,11854562500000.0,2.5487546500000002,21.428396,,,1115869765000000.0,,,171042930000000.0,352.30150000000003,2.1450336,5.47979345,5.6052497
2021-12-08,32513352888888.89,12990600333333.334,4.179621077777778,24.889628666666667,,,1443189766666666.8,,,177284517777777.78,337.6920711111111,2.001898411111111,3.124995237111111,10.479389099999999
2021-12-09,49045528000000.0,14290905000000.0,7.2866672999999995,26.75952,,,1934708750000000.0,3961901750000000.0,2204594550000000.0,196513650000000.0,325.465145,1.599072775,1.67862206,4.591954025000001
2021-12-10,42522069000000.0,12479109000000.0,,,,,1769316300000000.0,,,182329315000000.0,340.423095,2.0391648,-0.04927784000000002,2.69128715
2021-12-11,58062334000000.0,14044692666666.666,,,,,2011003200000000.0,,,177213003333333.34,344.5985633333333,2.1550993666666667,5.0686853,3.705591633333333
2021-12-12,49338850000000.0,12790711750000.0,,,,,1563836475000000.0,,,179755887500000.0,360.177085,2.44357995,0.6201742499999996,6.95562465
2021-12-13,43971367166666.664,12115064666666.666,6.750459425000001,21.49801825,,,2022562233333333.2,6359622200000000.0,2804234700000000.0,154870363333333.34,325.17257166666667,2.05330475,4.732959016666666,89.85434531666668
2021-12-14,36592428000000.0,16867206200000.0,8.76835975,27.187960750000002,,,1272408106000000.0,876737365000000.0,1876332850000000.0,222722746000000.0,303.220834,1.6788256400000001,0.9612415000000001,3.1569972799999997
2021-12-15,40665449666666.664,15013601333333.334,,,,,998429070000000.0,,,207114706666666.66,324.4079566666667,2.1072360333333333,7.4582489999999995,3.1273925333333334
2021-12-16,51887800000000.0,13752491500000.0,,,,,748416330000000.0,,,180325575000000.0,281.659435,2.7119107,6.6747435,2.6987566000000003
2021-12-17,44128711142857.14,12890231571428.572,6.280787800000001,28.25476175,,,714876682857142.9,,,172399008571428.56,297.39489714285713,2.056544957142857,-0.4689766285714287,5.919359642857143
2021-12-18,27683351166666.668,11928278833333.334,,,,,1058347545000000.0,766338400000000.0,1681507650000000.0,148452031000000.0,332.54676166666667,2.3131225166666667,3.3114556833333335,5.945282683333333
2021-12-19,45197958000000.0,19308155000000.0,4.805956666666667,29.77329,,,1518156866666666.8,,,271979323333333.34,362.54745,1.5048245333333334,2.5952148333333334,7.498684566666667
2021-12-20,62577289333333.336,17646435333333.332,2.480292133333333,29.681166333333334,,,1252665233333333.2,,,249913783333333.34,413.5346533333333,1.7344021666666667,-1.6566331999999997,5.0273107
2021-12-21,59214484600000.0,15389751800000.0,2.698961975,30.28190625,,,1414220480000000.0,,,210028274000000.0,387.813218,2.19526482,0.14490090000000003,8.455784
2021-12-22,50372645285714.29,13769333428571.428,4.509327333333334,23.50639633333333,,,1379326014285714.2,,,172128577142857.16,367.02952714285715,1.7872770714285713,0.1782530542857143,9.596487614285715
2021-12-23,31013078000000.0,13208284000000.0,,,,,836131025000000.0,,,167022865000000.0,319.10643,1.8211297499999999,-2.4754059749999997,1.6602337
2021-12-24,63525082500000.0,12967702500000.0,,,,,998411600000000.0,,,163403890000000.0,333.261665,2.2421415,0.7468404500000001,1.9104728
2021-12-25,53030919400000.0,14974909200000.0,4.119550233333333,24.154401333333336,,,1121851226000000.0,,,191936830000000.0,364.296666,2.01014092,1.9157112600000001,6.80733174
2021-12-26,49007137333333.336,13625843333333.334,,,,,1320922353333333.2,,,182953426666666.66,345.35187333333334,2.4307292333333335,-0.7675061666666668,4.0303349
2021-12-27,40837783500000.0,12246615833333.334,6.45716775,23.593579,,,1502011541666666.8,,,165395095000000.0,343.17174500000004,1.99481365,0.08096323333333337,6.5258592166666665
2021-12-28,41083824666666.664,15031789666666.666,4.346907566666666,19.32385366666667,,,1556076300000000.0,,,215759733333333.34,325.09509,1.4805063,1.4107558333333332,3.5353149999999993
2021-12-29,48993606333333.336,18195818333333.332,6.352302533333333,27.407825333333335,,,1598374700000000.0,,,244203340000000.0,343.5544733333333,1.5692339000000002,4.825574766666667,4.225719466666667
2021-12-30,41958860640000.0,14680592200000.0,9.8625465,30.422033,,,1786681480000000.0,,,195513614000000.0,332.09947999999997,2.0575126,-3.05222608,4.89576132
2021-12-31,30644469666666.668,13064321000000.0,,,,,1562679100000000.0,,,189390900000000.0,314.24940666666663,2.6705348333333334,2.9481675999999997,4.796480666666667
2022-01-01,55090265250000.0,12242189000000.0,7.6430187499999995,28.551071,,,1447006625000000.0,,,158232092500000.0,374.2179575,2.235550325,0.5252036749999998,10.0868139
2022-01-02,43513624500000.0,12704661000000.0,,,,,1301828250000000.0,,,165449800000000.0,304.433605,2.6365317,2.50543679,1.280185465
2022-01-03,58107581800000.0,13391945400000.0,,,,,1701700140000000.0,3204920400000000.0,1854798500000000.0,184257748000000.0,389.25595000000004,1.89784532,1.6009185,5.5313755
2022-01-04,46670244000000.0,18109463500000.0,7.114518,30.1335,,,1689543500000000.0,,,234488995000000.0,371.7274,1.7709297,-1.54136753,16.841594
2022-01-05,43221440500000.0,16132201500000.0,6.82724115,31.3502085,,,1499844200000000.0,,,219953130000000.0,401.74321,1.9587856000000001,26.41766335,15.429879
2022-01-06,52509118111111.11,12364950888888.889,5.239283183333334,31.580440499999998,,,1973718455555555.5,,,166741943333333.34,417.2316622222222,2.3199355444444443,21.760907133333333,12.699697522222221
2022-01-07,39161378250000.0,19754327750000.0,4.7196616,27.23762,,,1738756575000000.0,2133721540000000.0,2256753225000000.0,298295267500000.0,345.2181325,1.5958024,0.11729104499999976,9.899451875
2022-01-08,32786292000000.0,19442156500000.0,,,,,1588981950000000.0,,,254339500000000.0,366.099175,1.7515416,-4.93002295,4.4977588
2022-01-09,36149141000000.0,18148430333333.332,2.870002,30.148825,,,1920261100000000.0,,,274507403333333.34,407.1254466666667,1.7268057666666667,7.5040545,9.071329
2022-01-10,47596301750000.0,15482535250000.0,4.3699722,30.31582975,,,1631216900000000.0,,,222962637500000.0,435.8645575,2.2589352500000004,11.52885675,12.4568055
2022-01-11,40648665666666.664,15872164333333.334,2.785695,26.0328665,,,1542806060000000.0,1331114800000000.0,2029959725000000.0,231336598333333.34,354.12677,1.7055041,4.21993495,9.71132105
2022-01-12,51803509600000.0,20159069000000.0,2.45634198,27.3722288,,,1491972420000000.0,524629692800000.0,1932229180000000.0,304132862000000.0,326.551638,1.53502204,-2.4624902000000004,4.2371624599999995
2022-01-13,44703605666666.664,13783254333333.334,,,,,1536920433333333.2,,,183912963333333.34,329.2608833333333,2.1897507666666667,3.20216548,2.0741568333333333
2022-01-14,31521987000000.0,12870515500000.0,,,,,1316398950000000.0,,,160075600000000.0,338.90324499999997,1.9282623,-1.1534836,3.02356945
2022-01-15,44574585000000.0,12655813000000.0,3.239136575,29.885250749999997,,,814499647142857.1,,,159165835714285.72,348.61271,1.6957898571428573,-3.751038257142857,4.790562328571428
2022-01-16,32879497714285.715,12861644142857.143,6.07531485,26.815517999999997,,,1111039005714285.8,-1186262480000000.0,1397383600000000.0,174684811428571.44,323.70242,1.5935882857142858,4.094906014285715,4.9593459285714285
2022-01-17,56898513500000.0,12868957500000.0,,,,,1295820000000000.0,,,177018770000000.0,418.3573,1.688169,1.9189288,2.03250085
2022-01-18,49052073000000.0,18310963500000.0,4.0044912,20.859389999999998,,,1195909850000000.0,-264006000000000.0,2614283900000000.0,268876815000000.0,350.30366000000004,1.35817985,8.447523,5.6213611
2022-01-19,52390752500000.0,13387922000000.0,9.754173999999999,25.5005655,,,863250450000000.0,-3869021000000000.0,1644314700000000.0,165712390000000.0,340.18144,1.77256265,0.5455166749999998,3.543201475
2022-01-20,50695235571428.57,11331766285714.285,,,,,999871385714285.8,,,159337128571428.56,389.33531,1.666171557142857,3.2704777434285717,2.5704206028571432
2022-01-21,64007867000000.0,12488751500000.0,,,,,1291452950000000.0,,,177312140000000.0,399.29831,1.4028219000000002,0.07980719999999997,1.53266035
2022-01-22,60328388666666.664,15267527333333.334,5.016881000000001,20.549304666666668,,,2492353400000000.0,,,214010723333333.34,432.9333166666667,1.0880709333333334,-2.54157732,5.601722566666666
2022-01-23,43275802740000.0,15307378200000.0,4.52815966,19.7359066,,,2093284540000000.0,2687027200000000.0,1652714250000000.0,215102072000000.0,347.91445200000004,1.3199503799999999,0.012454562000000035,3.1696173599999997
2022-01-24,34952354666666.668,14836933333333.334,8.496515,22.890129666666667,,,1621728300000000.0,,,188872740000000.0,360.05529666666666,1.3587021666666665,3.770751366666667,3.2414328666666665
2022-01-25,43429017571428.57,11170714000000.0,,,,,1227521114285714.2,,,156087007142857.16,346.2238214285714,1.4368563428571428,0.6722553142857143,2.1641828142857142
2022-01-26,53998402000000.0,12821412000000.0,,,,,1255493566666666.8,,,190671130000000.0,340.76176333333336,1.1369106,1.3911708833333332,1.7306789666666667
2022-01-27,43670237666666.664,13511850000000.0,7.7977486,28.001781,,,1492574300000000.0,-97247520000000.0,1147838200000000.0,193561193333333.34,336.63833666666665,1.2859537,0.7243577133333333,2.3691517666666666
2022-01-28,53248836750000.0,13887457000000.0,7.3202848,28.789980999999997,,,1729456650000000.0,2456196300000000.0,1402020850000000.0,186219042500000.0,357.2259375,1.32135945,-2.836377825,2.652957825
2022-01-29,46344891333333.336,14656664333333.334,4.548107133333334,22.243537333333332,,,1226747713333333.2,298353000000000.0,2738992600000000.0,209509206666666.66,357.7946866666667,1.2238213666666666,-3.2636917333333333,6.0632241
2022-01-30,49365499500000.0,12630935250000.0,6.09574825,26.281393,,,1213098800000000.0,,,170112127500000.0,339.80842,1.238181125,2.8160758,2.5991616
2022-01-31,38842408000000.0,13200927500000.0,,,,,1768370700000000.0,,,181297785000000.0,392.35834,1.07865045,1.5181682250000001,1.9205817
2022-02-01,51634545833333.336,14811744166666.666,3.9314678200000004,23.2890282,,,879112896666666.6,-1297197913333333.2,1075720366666666.6,205117280000000.0,375.42078,1.0731750666666666,1.3021550499999999,2.23702475
2022-02-02,69152972000000.0,13600465500000.0,,,,,1930671850000000.0,,,191196575000000.0,381.87372500000004,1.2636869499999999,1.7181663999999999,1.40492355
2022-02-03,50585196500000.0,12839102500000.0,4.8234096,21.3882035,,,1498175700000000.0,,,175552030000000.0,367.841825,1.2058593499999999,0.50458746,1.2768951
2022-02-04,43055105555555.555,11861848888888.889,7.861771014285714,26.179323285714286,,,1379608033333333.2,-2913194733333333.5,1880871133333333.2,163607503333333.34,357.03947444444447,1.2804490466666667,-1.605805288888889,3.8849323300000003
2022-02-05,44806203200000.0,13440302400000.0,,,,,3390635280000000.0,4922486100000000.0,1973944366666666.8,183682524000000.0,395.486786,0.87508472,-0.16601753320000004,1.657170588
2022-02-06,57718515000000.0,13109400000000.0,,,,,1937426350000000.0,,,185042615000000.0,364.83322,1.01634935,0.81782025,0.93435515
2022-02-07,79887450000000.0,14768018500000.0,5.044203850000001,23.355033,,,2550135150000000.0,,,220751355000000.0,465.4133,1.00383212,-0.8008203650000001,5.5090504000000005
2022-02-08,42653999833333.336,11822450000000.0,3.3829887,29.646038,,,1821600200000000.0,253269175000000.0,1351757000000000.0,170666636666666.66,373.08276500000005,1.1789447,1.5419562076666666,1.4344089833333333
2022-02-09,44769102555555.555,11945943000000.0,6.114814766666666,18.496627333333333,,,1757279944444444.5,604750330000000.0,1010268583333333.4,176278552222222.22,358.16419,0.9807086811111111,-0.3338741654444444,7.828758711888889
2022-02-10,56587925000000.0,16007158333333.334,5.803693,20.052947,,,2066449100000000.0,1250252100000000.0,1063574200000000.0,226724850000000.0,341.4328933333333,0.84380548,-1.0884011666666666,2.2094831666666668
2022-02-11,63100170000000.0,16127902000000.0,5.121785,20.2536515,,,1803975500000000.0,,,236898775000000.0,393.7567,0.791185405,-0.853171135,6.5589785
2022-02-12,32227367000000.0,15174975333333.334,4.389774,18.037218666666664,,,1794418466666666.8,1287197000000000.0,1684232400000000.0,231972990000000.0,366.4065333333333,0.79753432,2.02729372,1.3597794166666668
2022-02-13,40334726500000.0,13786254250000.0,5.1403755125,24.048874625,1602250600000000.0,976035950000000.0,1933060875000000.0,1943905916857142.8,2004809457142857.2,210063502500000.0,348.02661875,0.9147403875,1.39352384375,2.7770705524999997
2022-02-14,40963697666666.664,15199679333333.334,4.59510155,21.6625035,1.1543262333333334e+16,7409165533333333.0,2087826483333333.2,2561486838333333.5,1716999196666666.8,238281333333333.34,353.4686033333333,0.9540302566666666,0.7423109916666667,2.522843655
2022-02-15,32930766500000.0,19453447000000.0,7.111656999999999,24.749377000000003,,,1760790050000000.0,-252732285000000.0,760766155000000.0,290654490000000.0,341.62764,0.9672737,1.770897615,1.52382065
2022-02-16,39608342500000.0,15203547500000.0,,,,,1987277250000000.0,,,215869385000000.0,364.017045,0.910962135,-1.6248236999999999,1.5973902500000001
2022-02-17,43170193400000.0,13336430000000.0,,,,,2637458240000000.0,3346086600000000.0,1554291550000000.0,190238614000000.0,364.29316800000004,1.65321178,0.9262828800000001,2.915522192
2022-02-18,48184610500000.0,12622187000000.0,7.097823,23.217016,,,2215995262500000.0,,,188119327500000.0,391.80053375,0.86065706875,-0.24113569375,1.50603713
2022-02-19,63624683000000.0,13924257000000.0,,,,,2810222000000000.0,,,190659855000000.0,393.59677,0.70977578,-0.036497945000000004,2.93869935
2022-02-20,62441140500000.0,17023140000000.0,4.41143685,24.865084500000002,,,2163300050000000.0,,,253548580000000.0,462.3645,0.6389236,-2.19016305,2.43791995
2022-02-21,41549353750000.0,13773107250000.0,,,-3014104700000000.0,4981680000000000.0,2477191625000000.0,1109466750000000.0,945650330000000.0,192937720000000.0,364.6477275,1.0786226650000001,0.20951752499999998,0.794904225
2022-02-22,62469490000000.0,13046403500000.0,,,,,2437104150000000.0,,,182369680000000.0,432.98981000000003,0.739614565,-0.685158225,1.04398515
2022-02-23,46382793285714.29,13673267571428.572,,,,,2278655471428571.5,,,203379491428571.44,376.18228,0.8658952857142858,1.2201973885714286,1.9251449142857144
2022-02-24,41916389666666.664,13965952000000.0,,,,,2518605900000000.0,,,207403106666666.66,310.81833,0.73390792,0.7862195666666668,1.8642440566666665
2022-02-25,42329619500000.0,14613697000000.0,,,,,2498706750000000.0,,,196609375000000.0,389.05920000000003,0.65628015,0.54707275,0.831733945
2022-02-26,50853331400000.0,18316987800000.0,5.17688792,19.3909142,7786508586666667.0,5152379266666667.0,2084160420000000.0,111605257500000.0,1474320150000000.0,274048534000000.0,444.17407199999997,0.699007368,-0.091197776,2.91084372
2022-02-27,57016416500000.0,16480105000000.0,3.9861005,21.037045,-5470545000000000.0,2.2023488e+16,1981016150000000.0,273366100000000.0,1666765750000000.0,308000675000000.0,371.95556999999997,0.80804052,-2.21392635,1.9395653499999999
2022-02-28,42140270000000.0,17499400833333.334,3.725521,21.498867,-1.6567215534666666e+16,1.5975348886666666e+16,2055003233333333.2,505008900000000.0,1621640183333333.2,282519801666666.7,366.7762883333333,0.7719606849999999,0.11708274333333335,5.1958850666666665
2022-03-01,39794355666666.664,20760313333333.332,5.193695333333333,18.908594666666666,-1807167000000000.0,6.8676416066666664e+16,2707890566666666.5,1957943120000000.0,1519717166666666.8,406376393333333.3,361.01577,0.84934181,-0.29478332,1.2852133866666666
2022-03-02,42449846000000.0,18510503000000.0,5.3122515,23.285808000000003,8315368666666667.0,2.9421845666666668e+16,1890594500000000.0,-94943266666666.67,1354716680000000.0,298533545000000.0,369.3687125,0.7802453325,0.68470465,1.7159413
2022-03-03,58106157666666.664,15241053000000.0,4.256496,19.840939,,,2155613600000000.0,,,226457426666666.66,364.59058000000005,0.7101994033333333,-0.366497,1.10966338
2022-03-04,50820763666666.664,13070865666666.666,3.7337267,21.134504,,,1880935500000000.0,,,199231830000000.0,409.71361333333334,0.6667625666666667,0.401495946,0.6335225433333332
2022-03-05,43428936571428.57,13217713428571.428,2.3649826,22.414133000000003,-7107471850000000.0,1.99505955e+16,1713893500000000.0,172963150000000.0,1336410700000000.0,184709291428571.44,357.69526,0.6868918714285714,-0.04180127,2.2878907000000006
2022-03-06,45748621800000.0,21574190600000.0,4.8858685,17.937095,-5479447940000000.0,1.515149122e+16,1694457720000000.0,-736894694000000.0,1304803080000000.0,390277454000000.0,327.418574,0.92299103,0.16213881600000002,2.13437548
2022-03-07,72169667000000.0,15464808500000.0,,,,,1903236700000000.0,,,230864625000000.0,361.006325,0.701675025,-0.37086145,1.2833683
2022-03-08,27347103000000.0,19996909500000.0,4.3592815,18.859840499999997,-293004650000000.0,5156107500000000.0,1903842400000000.0,-807553400000000.0,1824353500000000.0,326545790000000.0,354.59708,0.794584375,-0.4948239099999999,1.3196263799999999
2022-03-09,46718724000000.0,15356120000000.0,5.142728325,19.532388,3863946050000000.0,6588076775000000.0,2397038116666666.5,2580840927500000.0,1980911750000000.0,235268413333333.34,372.1576333333333,0.6863024783333334,0.6452145893333333,1.119848865
2022-03-10,36671033722222.22,18035329555555.555,2.612170644444445,17.49420088888889,-1146941500000000.0,6.20359483e+16,2305683333333333.5,852583123333333.4,1426062683333333.2,324258186666666.7,397.33641555555556,0.7025872988888889,-0.4233374848888889,1.51723312
2022-03-11,47219656250000.0,21075713500000.0,3.775670575,16.99524675,-1882551725000000.0,9992168650000000.0,2850604050000000.0,2817215675000000.0,1717401825000000.0,408289422500000.0,374.7718575,0.861633265,-0.31400040500000004,1.8165607000000001
2022-03-12,37705585000000.0,17973900500000.0,,,,,1842111950000000.0,,,272868170000000.0,348.800595,0.87177375,0.7198811175,1.67745065
2022-03-13,31236280666666.668,19921044333333.332,5.424853933333334,18.004365333333336,1.9428206e+16,7761044350000000.0,1404019800000000.0,-3640001400000000.0,1814177700000000.0,320987200000000.0,354.52425666666664,0.7870642666666666,-0.17896701000000004,2.1882511
2022-03-14,44369282142857.14,17504054857142.857,6.034805671428572,19.65552042857143,1.1029322657142858e+16,1.28404492e+16,1978457628571428.5,549490768571428.56,1659786971428571.5,329926990000000.0,368.7005671428572,0.83128899,1.8625682485714286,2.0130053
2022-03-15,47098718500000.0,18827614333333.332,5.0569971166666665,18.42449866666667,7226696602000000.0,8953505820000000.0,2435808516666666.5,1314545635000000.0,1599731500000000.0,347943655000000.0,405.2480566666666,0.7033624233333334,-0.6173245306666667,1.2632314266666667
2022-03-16,47652824333333.336,24663117666666.668,5.7580789,17.86301466666667,2.1031509e+16,1.0809136333333334e+16,2326083533333333.5,457454700000000.0,1542662233333333.2,455558123333333.3,362.1867966666667,0.9144935333333333,-0.019347810000000003,5.8686731
2022-03-17,44884379666666.664,23466594333333.332,3.0715247,18.573211666666666,5734137333333333.0,3.1348944e+16,2531439833333333.5,1906601546666666.8,1958715933333333.2,494611843333333.3,332.5067966666666,0.9020186,-0.45259012,1.63481095
2022-03-18,43249019600000.0,20632680000000.0,4.64764114,18.636063200000002,9177173840000000.0,2.006083804e+16,2471771080000000.0,2104431786000000.0,1895675440000000.0,391912498000000.0,313.337862,0.865350248,0.41224656,1.44813168
2022-03-19,29509022625000.0,17555805250000.0,6.10275355,16.952246125,5298945915000000.0,2.05731011325e+16,2303944537500000.0,2370830214285714.5,1999244628571428.5,316248542500000.0,323.82103374999997,0.76887449875,-0.3301984312499999,1.26148069375
2022-03-20,38203294000000.0,21343865000000.0,7.838693,16.6145585,3516887500000000.0,2.31127505e+16,1853675650000000.0,-450857415000000.0,1688343100000000.0,407107550000000.0,347.02737,0.855407595,-0.3741413275,0.98762668
2022-03-21,7599158500000.0,24464158000000.0,5.03475175,17.6998015,1.4370268e+16,9765883500000000.0,2217590150000000.0,-50398260000000.0,1473931100000000.0,465083225000000.0,342.29972,0.97736205,0.2519779499999999,1.48967465
2022-03-22,30059316750000.0,23403060750000.0,5.642106249999999,17.678836,2991802200000000.0,6841509900000000.0,2256526475000000.0,-172505440000000.0,1879317525000000.0,573089570000000.0,337.5612575,0.89160949,-0.34332905,1.801313425
2022-03-23,26795813500000.0,20140933500000.0,6.19455925,18.9734265,8063703200000000.0,1.01197885e+16,2272455550000000.0,956836885000000.0,2198956400000000.0,468440350000000.0,361.41528,0.7697468000000001,0.9666323450000001,1.0607930300000001
2022-03-24,38323012666666.664,16233179166666.666,6.286056583333334,16.906072333333334,1.4564173666666666e+16,7575498766666667.0,2575086983333333.5,2807471733333333.5,2040985533333333.2,294352986666666.7,345.765995,0.71962793,0.109402869,1.1739401083333334
2022-03-26,65484795666666.664,18664062000000.0,4.957681766666667,17.977829,-3.1160896e+16,9.663728e+16,1990702600000000.0,-583333940000000.0,2227012000000000.0,414407876666666.7,366.1819533333333,0.8954434399999999,-1.0856368933333334,0.9257586099999999
2022-03-27,41941183000000.0,21147365000000.0,4.064900233333334,20.306764,2.29195364e+16,2.1964241e+16,2224244960000000.0,-868815010000000.0,2187765160000000.0,540364556000000.0,364.071942,0.9457384900000001,1.2334956819999998,1.7714941400000002
2022-03-28,44389100000000.0,19166605000000.0,9.251854,20.999018,8457092700000000.0,6617433000000000.0,2305513700000000.0,826419700000000.0,2490580400000000.0,401120300000000.0,318.63739,0.862460015,0.074203763,0.47626944
2022-03-29,40553712000000.0,15680418200000.0,5.5304995,22.791086,,,2134271640000000.0,,,274122202000000.0,334.995488,0.9311939500000002,-0.8456468960000001,0.981823908
2022-03-30,55848417666666.664,19363347000000.0,4.347534,21.49356,,,2373873633333333.5,,,333877263333333.3,334.0525133333333,0.8933177666666667,0.02237212666666667,0.8551705466666667
2022-03-31,61846255200000.0,24842332000000.0,4.073580420000001,19.2456584,-2060654000000000.0,4.30748532e+16,2288977160000000.0,384360874000000.0,1833347500000000.0,568169682000000.0,338.56797,0.9384311679999999,-0.766418552,1.35055516
2022-04-01,40067090000000.0,17486971000000.0,,,,,2734555400000000.0,,,316368575000000.0,325.422075,1.16631405,-2.4901780000000002,0.9546201
2022-04-02,47738969000000.0,15952641500000.0,,,,,2583969050000000.0,,,265608060000000.0,343.55512999999996,1.2416348,-0.226175925,0.85297557
2022-04-03,48968035444444.445,17260852000000.0,3.5636149666666666,19.752598777777777,1744550255555555.5,1.0430309166666666e+16,3179718177777778.0,4355260316666666.5,2480946566666666.5,392642614444444.44,372.72212444444443,0.7314338644444445,-0.5628211977777777,1.342721788888889
2022-04-04,55740901000000.0,18539152250000.0,4.785888375,19.85722175,-5502046800000000.0,1.6869858e+16,2488167600000000.0,144087375000000.0,1039518035000000.0,300608512500000.0,402.0761175,0.7864544099999999,-0.1725713145,0.69750577
2022-04-05,62637917500000.0,16471802500000.0,,,,,2627075100000000.0,,,240905460000000.0,401.765765,0.79369245,-0.040295485000000006,1.080930575
2022-04-06,48216380500000.0,19795124000000.0,4.9741087,19.0150035,1.1120943e+16,7599398600000000.0,2161567000000000.0,,,434060715000000.0,396.47971,0.801182465,0.06383504000000001,1.1275222
2022-04-07,48459322166666.664,16426014833333.334,,,-9078660350000000.0,2.632312675e+16,2386725716666666.5,-1070658800000000.0,1308804750000000.0,265512570000000.0,391.62687166666666,0.803108945,0.22627970333333333,2.1963637166666667
2022-04-08,51026778666666.664,15307980777777.777,6.2693815,21.086622,4862921333333333.0,9253551133333334.0,3288036955555555.5,2422978966666666.5,1326321333333333.2,258129414444444.44,384.70011777777773,0.7687979111111111,-0.22174454662222223,1.2451391934444445
2022-04-09,43608276666666.664,17695817333333.332,,,1401008500000000.0,1297776400000000.0,2353528800000000.0,1936239600000000.0,1154339200000000.0,299783296666666.7,382.6378366666667,0.9527244233333333,-0.35193831000000003,0.8767391233333334
2022-04-10,37403592000000.0,18556262500000.0,3.6827369,19.1281635,,,2668238800000000.0,,,330396880000000.0,396.66084,0.8624103000000001,0.11858284,2.72542835
2022-04-11,54448837000000.0,19138023000000.0,4.8167966,19.367983,-6393294500000000.0,3.0172613e+16,3045549650000000.0,,,385131680000000.0,397.10317999999995,0.8085977,-0.39684182999999995,0.59544748
2022-04-12,57299515571428.57,17933227142857.145,7.226356542857142,17.32774914285714,-5899827675000000.0,3.871387225e+16,3484261500000000.0,4678619025000000.0,2297765250000000.0,328220170000000.0,400.69404714285713,0.7064041871428571,0.357067305,1.8155003171428572
2022-04-13,46322971771428.57,20177524571428.57,8.876863916666666,20.451063333333334,4643951100000000.0,9.461154698571429e+16,3318073757142857.0,3916413140000000.0,2620529340000000.0,465515060000000.0,377.4767157142857,0.7683465614285714,0.3438645357142857,1.0941982928571428
2022-04-14,49503272000000.0,23772294666666.668,11.319509,18.384676,-7787111000000000.0,3.4133432e+16,3638870166666666.5,6685496500000000.0,3595027750000000.0,486689420000000.0,357.45197666666667,0.9563245,-0.16575567333333335,1.28075013
2022-04-15,47707273666666.664,17976150666666.668,12.980517,16.888557,,,2968929333333333.5,,,278855746666666.66,362.82896,0.84298193,0.5987613533333334,1.0827737
2022-04-16,61344367400000.0,18109661800000.0,4.067486175,18.864902,1.2160828e+16,6913217000000000.0,2661979300000000.0,312726420000000.0,1285865300000000.0,307469214000000.0,431.71839600000004,0.6871494699999999,0.282834696,1.9253089520000004
2022-04-17,42497382500000.0,18472727250000.0,5.6908394875,18.011268375,-2974470425000000.0,6.55651059125e+16,2833258200000000.0,244051946666666.66,2090602133333333.2,372139106250000.0,400.65099625,0.6888700625,-0.17823819625,1.31896136875
2022-04-18,64605135000000.0,21217762500000.0,5.6643186,18.97781,-1.3406729e+16,4.4721244e+16,2813824900000000.0,,,399288690000000.0,396.80159000000003,0.831223985,0.42609355,0.890300085
2022-04-19,47168852500000.0,16724810500000.0,,,,,2920939350000000.0,,,258837370000000.0,380.81389,0.92712168,-0.7285223000000001,0.50644166
2022-04-20,45193303250000.0,17327380500000.0,,,-3787962700000000.0,9.74412153e+16,2885207825000000.0,962593930000000.0,1130596300000000.0,288967727500000.0,368.37298250000003,0.973562475,-0.36213368525,0.70034010375
2022-04-21,45406195666666.664,16437674000000.0,6.4545016,20.661196,,,2962100333333333.5,,,285529293333333.3,341.33349666666663,0.8699722333333333,-0.161109375,0.7327576966666666
2022-04-22,49960147285714.29,18937720285714.285,9.6797985,17.195756499999998,,,3554551214285714.5,,,318945625714285.7,375.80242142857145,0.6964233557142857,-0.289819462,1.9179992085714286
2022-04-23,51008914000000.0,15664452666666.666,,,,,3171311666666666.5,,,243550966666666.66,392.61986,1.0040080333333334,0.02588569,0.41595977
2022-04-24,57802426666666.664,17180376333333.334,9.711749,18.512917,6321512000000000.0,4023383400000000.0,3071692500000000.0,-177571300000000.0,984682800000000.0,274825360000000.0,397.5398566666666,0.8571756566666666,0.33800864333333336,0.92625671
2022-04-25,49719540000000.0,18219535250000.0,10.22829,19.398037,-2892540000000000.0,1.783950485e+16,3023525775000000.0,588648420000000.0,1117589750000000.0,275571762500000.0,377.3733075,0.9007336525,0.3322461375,1.229404045
2022-04-26,32002874500000.0,18872897000000.0,7.506407,17.444271999999998,,,2787997900000000.0,,,351088065000000.0,351.474125,0.77352035,0.021188287000000007,1.844654975
2022-04-27,29760969000000.0,18517996200000.0,5.83611278,18.9985246,7811857000000000.0,1.921253458e+16,3312143040000000.0,2052542386666666.8,2207729000000000.0,425309130000000.0,355.106222,0.7552217139999999,-0.456934884,2.26706216
2022-04-28,46489916666666.664,24662157333333.332,6.1892823,18.4280655,-7038073200000000.0,1.36892351e+16,3350769733333333.5,1788243450000000.0,2509938850000000.0,544140466666666.7,387.24926999999997,0.8200706266666667,1.18614791,1.3552702666666665
2022-04-29,49954487333333.336,19912164000000.0,5.688174500000001,18.661233,1382606533333333.2,2.69103896e+16,3107704350000000.0,750625683333333.4,1316223033333333.2,362953546666666.7,387.50429333333335,0.8322471416666667,-0.13823241666666666,1.0986993083333334
2022-04-30,32499658000000.0,23314094666666.668,8.790894333333334,16.854957,2329297000000000.0,6188529416666667.0,3441146866666666.5,793858700000000.0,1920901600000000.0,596604433333333.4,357.57744333333335,0.8591354666666667,0.6925976833333333,1.0876114666666667
2022-05-01,40903694333333.336,19423019666666.668,,,5250163000000000.0,3313584700000000.0,3253842533333333.5,,,358086990000000.0,374.0996766666667,0.7661064999999999,-0.1571163833333333,0.90370836
2022-05-02,42559828428571.43,17533095714285.715,9.273371814285714,15.604666714285713,-4370917575000000.0,1.52561234075e+16,3416798542857143.0,1769261683333333.2,1630691500000000.0,321293992857142.9,374.1185371428572,0.7509076042857143,-0.34824669428571425,1.202526292857143
2022-05-03,49399917800000.0,19208728000000.0,7.834236075000001,19.778114249999998,4355679266666666.5,5546690300000000.0,3259113720000000.0,-29561480000000.0,1057112083333333.4,327895404000000.0,363.460608,0.8391351159999999,0.5622196300000001,1.68434204
2022-05-04,19652063233333.332,27428735666666.668,6.019780666666667,16.701257000000002,1.2083235133333334e+16,7017179166666667.0,3306793733333333.5,409212033333333.3,2262755766666666.5,670675700000000.0,365.37399,0.9198666533333334,-0.08255635333333332,1.13015275
2022-05-05,29194034500000.0,23583990500000.0,,,2.77153125e+16,1.21113535e+16,3533791300000000.0,,,471678835000000.0,369.58308,0.800557555,-0.57868345,1.0388145500000001
2022-05-06,46359341833333.336,15672036333333.334,,,1.61847522e+16,6002596300000000.0,3140136750000000.0,-431594480000000.0,1198392500000000.0,252726081666666.66,371.0499683333333,1.3138849333333333,0.029766530166666676,1.1160870016666669
2022-05-07,37569044622222.22,18882400666666.668,12.109426000000001,16.957466444444446,,,3280917522222222.0,270287623333333.34,1330735100000000.0,407983504444444.44,368.7497744444444,0.7272163177777777,-0.07066913333333333,1.785273098888889
2022-05-08,,19013885333333.332,9.797679,16.4240875,,,3297523100000000.0,,,296488066666666.7,367.53369,0.8352843866666667,0.09246226533333333,8.097811985666667
2022-05-09,40421047500000.0,26034372000000.0,6.42125335,16.06725,9385936750000000.0,6404521500000000.0,3566094550000000.0,1199621900000000.0,2241145950000000.0,643383400000000.0,374.34415,0.85499952,0.311690375,1.08513565
2022-05-10,30912545866666.668,24012523333333.332,12.313127,16.94569733333333,6152869866666667.0,5131156000000000.0,3742060400000000.0,2025985200000000.0,1977414250000000.0,556088316666666.7,366.01636666666667,0.8605528866666666,-0.18462191383333335,2.5561175
2022-05-11,35072844428571.43,18353371285714.285,,,9364061925000000.0,5031415600000000.0,3585221300000000.0,1752124850000000.0,1655356550000000.0,343551468571428.56,356.6245657142857,0.9863504228571429,0.37654401857142855,1.0169969285714286
2022-05-12,47686028000000.0,15259172833333.334,,,7194717000000000.0,4178695750000000.0,3212095733333333.5,320000170000000.0,977527080000000.0,254136531666666.66,367.82735499999995,1.3735319933333334,0.173235724,1.2055415516666665
2022-05-13,45334227666666.664,20268401666666.668,9.610776999999999,18.1854085,,,3828782866666666.5,,,337647596666666.7,391.76777666666663,0.9521508000000001,-0.044328663333333324,0.7386158133333334
2022-05-14,52032778000000.0,17878473333333.332,,,,,3434964533333333.5,,,331908876666666.7,383.77024666666665,0.9186837066666667,-0.30124670000000003,0.55124425
2022-05-15,54591258000000.0,21072527800000.0,11.814883375,18.339367,-3831858450000000.0,3.613256553666667e+17,3573484720000000.0,567160106666666.6,1562555933333333.2,427398120000000.0,379.363068,0.7947000959999999,-0.2242221806,24.600527916
2022-05-16,38840896428571.43,17280006857142.857,5.43281495,20.557448,867670500000000.0,707034600000000.0,3464956714285714.5,,,279624448571428.56,350.3156757142857,0.89105674,-0.30288801285714284,1.444276967142857
2022-05-17,40061193500000.0,18502438000000.0,3.9220605,18.83927,,,3595884500000000.0,,,312235785000000.0,395.810165,0.8691915,0.6063787,1.3490189
2022-05-18,66976675000000.0,24292579500000.0,7.2363507,15.9497205,-1.4795892e+16,5.2059187e+16,3497100700000000.0,,,454207475000000.0,366.08889,0.8371938999999999,0.64212642,7.2679803000000005
2022-05-19,51029021500000.0,20665788250000.0,,,4709248500000000.0,3304168650000000.0,3372785200000000.0,-683518150000000.0,1148506600000000.0,376242895000000.0,353.44811,0.8889128374999999,0.2426129875,0.8613868549999999
2022-05-20,45137109666666.664,18375240333333.332,,,,,3481167000000000.0,,,316886636666666.7,349.0178133333334,1.2637032333333333,0.2343423,1.1996801166666666
2022-05-21,37994241333333.336,15326994666666.666,,,,,3492651166666666.5,,,268691750000000.0,357.8940733333333,1.8111179833333333,0.17800693999999997,1.998667688333333
2022-05-22,51675922500000.0,17578862500000.0,11.028654,19.273287,,,3279308500000000.0,,,338791240000000.0,360.075475,0.8649719199999999,0.3417097395,0.40575643
2022-05-23,63404609250000.0,27333382750000.0,9.868033375,17.412982749999998,-1.463390365e+16,1.576532745e+16,3299951250000000.0,-625713300000000.0,2508249375000000.0,712046437500000.0,378.9353375,0.9101766275,1.122199935,2.417233625
2022-05-24,33906033600000.0,25350332000000.0,11.3456937,17.2664532,1252994656000000.0,2.4329341106e+16,4519047500000000.0,1843382665000000.0,2453823400000000.0,675403520000000.0,381.673196,0.907143104,0.5361783900000001,1.6961165059999999
2022-05-25,58176986000000.0,17333799000000.0,,,,,3269200400000000.0,,,317250230000000.0,360.78224,1.33202495,0.250198825,0.640705262
2022-05-26,36274649600000.0,18242842400000.0,11.6366973,18.341873200000002,1367751650000000.0,1250606600000000.0,3944519540000000.0,1439170900000000.0,1721002900000000.0,352361064000000.0,373.490406,0.7430209999999999,0.5439744959999999,1.131930808
2022-05-27,59810215000000.0,19810455500000.0,5.3770447,18.39189,,,3448257400000000.0,,,364887215000000.0,387.54754,0.85094387,-0.049842559999999994,3.752652
2022-05-28,55498252833333.336,20903724166666.668,,,-9768659566666666.0,1.20385442e+16,3641769283333333.5,761188103333333.4,1182555800000000.0,342651231666666.7,428.6585733333333,0.8383542166666667,0.4947273316666667,4.399748016666667
2022-05-29,64652365000000.0,19198362500000.0,,,,,3912129100000000.0,,,329689055000000.0,389.200745,0.78719452,-0.01159967000000002,1.65745295
2022-05-30,57738191500000.0,16263856500000.0,,,,,3332629950000000.0,,,289238615000000.0,368.53144,1.38488875,-0.155328284,0.187093565
2022-05-31,39364522125000.0,17134425875000.0,12.176499166666666,16.855919166666666,-5859461333333333.0,6627586583333333.0,4191215800000000.0,2934118133333333.5,1766788633333333.2,291206168750000.0,389.46535,0.74475654,0.11243859787500002,2.7058912162500004
2022-06-01,41038787400000.0,19256569400000.0,,,1406612966666666.8,3283830666666666.5,3402905300000000.0,-198314196666666.66,927479750000000.0,344600340000000.0,365.87829999999997,0.8673234900000001,0.276512978,1.639085438
2022-06-02,43090542333333.336,18621567666666.668,,,,,3246486700000000.0,,,331147346666666.7,340.79437,1.2269161333333334,-0.24458878666666664,0.2573656833333333
2022-06-03,40384653500000.0,20386379000000.0,8.838580499999999,17.173546,,,3863381450000000.0,,,373336865000000.0,362.82949499999995,0.908435975,0.07313750000000002,0.6331555799999999
2022-06-04,40366576750000.0,18757856000000.0,10.635975,19.459608,2.7283989e+16,8167589500000000.0,3778131400000000.0,394847115000000.0,1271890850000000.0,352048115000000.0,339.22979,0.8395635475000001,0.2316096225,3.827700575
2022-06-05,43534648428571.43,19392327428571.43,13.060717714285715,16.59761757142857,-2390136280000000.0,1.41758858e+16,3939626085714285.5,678023830000000.0,1332658000000000.0,412838392857142.9,330.21972857142856,0.8283128971428572,0.18403514714285713,2.8304731442857145
2022-06-06,54910290200000.0,22763657600000.0,,,-7203714880000000.0,8.262487172e+16,3848213920000000.0,752975630000000.0,1499774400000000.0,522986310000000.0,321.399724,0.9688469,-0.7028729608,1.292356756
2022-06-07,30636976666666.668,21373913000000.0,,,,,3763325966666666.5,,,432223966666666.7,316.72549,1.0164098499999998,0.4331222133333334,1.84552022
2022-06-08,41550729666666.664,19385667333333.332,,,,,3647920466666666.5,,,374998933333333.3,308.71641,1.0089435133333333,-0.017776634666666666,2.0339191966666665
2022-06-09,33649395857142.855,19245837857142.855,26.076473399999998,17.7903424,7981103025000000.0,4549789375000000.0,4114290642857143.0,1094474930000000.0,1498306950000000.0,378087302857142.9,327.9627442857142,0.8337307214285714,-0.10004108,1.945053367142857
2022-06-10,27641999333333.332,20166609000000.0,18.725022,19.074548166666666,1.4114550383333334e+16,4928675191666667.0,3531204400000000.0,-303036873000000.0,1321599350000000.0,443988810000000.0,326.337925,0.8991181333333333,-0.043030229333333316,1.6726552333333335
2022-06-11,51889082333333.336,18657050000000.0,,,,,3459617433333333.5,,,335061403333333.3,319.20229333333333,0.8364312466666667,-0.21217819133333335,0.2654165533333333
2022-06-12,35718424333333.336,24387690333333.332,14.954011666666666,17.976430333333333,711853694550000.0,517205071775000.0,3615639466666666.5,,,504522540000000.0,313.83795333333336,0.9728166366666667,-0.21229353666666664,0.7128331166666667
2022-06-13,51658063200000.0,21960518000000.0,,,-6131188900000000.0,2.1615365e+16,2829908500000000.0,-1519801350000000.0,1559808750000000.0,456728228000000.0,324.799478,0.954191808,0.2081863914,2.1397413835999997
2022-06-14,38909995875000.0,15392785375000.0,,,,,3702196075000000.0,,,253374831250000.0,364.9132725,0.95162128375,-0.10088294491250001,0.567089378625
2022-06-15,33071005333333.332,20849620333333.332,12.841562833333333,16.052384333333332,8677599766666667.0,3535626266666666.5,3451174700000000.0,,,458492020000000.0,347.09029333333336,0.7568290700000001,-0.1936448466666667,2.87477429
2022-06-16,29093364250000.0,24798025500000.0,14.384223,17.041916,2.334939247e+16,5905370250000000.0,3597303150000000.0,,,526388910000000.0,331.872405,0.8675874,0.24976304500000002,0.7665892400000001
2022-06-17,41171301000000.0,21718667000000.0,14.174527699999999,18.0082558,2187593183333333.2,3538683990000000.0,4111866460000000.0,1395871213333333.2,1387560066666666.8,411775474000000.0,359.395466,0.869084672,0.04308709200000001,1.247484314
2022-06-18,30495004666666.668,19997104666666.668,,,,,3035492566666666.5,,,380565350000000.0,314.05180666666666,1.00428742,-0.25600202666666666,0.32573439333333337
2022-06-19,23776630428571.43,18958606000000.0,23.551545,19.84280175,1405031722857142.8,2.0378957062857144e+16,3513411257142857.0,,,399156224285714.3,301.9290742857143,0.8903411228571428,-0.08783693714285712,1.1396582257142858
2022-06-20,36357481666666.664,17582170333333.334,,,,,3514664800000000.0,,,293695680000000.0,296.44698999999997,0.8869363666666666,0.026129864666666665,4.2554582000000005
2022-06-21,46880050000000.0,17845429000000.0,,,,,3386579150000000.0,,,307129470000000.0,334.073035,0.84011232,0.048934325,1.1537641299999999
2022-06-22,30224229500000.0,17126165450000.0,10.1613445,17.384666,-2496110300000000.0,3968500582500000.0,4325798283333333.5,439916000000000.0,1391050900000000.0,435927270000000.0,335.9418733333334,1.9023273216666665,5.173214628333333,2.6872929833333337
2022-06-23,36603575666666.664,21422020666666.668,12.009123,18.08240566666667,4489342700000000.0,2371904100000000.0,4226378300000000.0,,,459807823333333.3,331.95786,0.7782624666666668,-0.2632687733333334,0.6914535399999999
2022-06-24,19532238750000.0,20784532500000.0,19.07406675,17.8777085,1.47177735e+16,5323658850000000.0,3331276600000000.0,-1879049050000000.0,1654763100000000.0,470260745000000.0,308.55566,0.91325351,-0.24267537769999997,0.6174434211
2022-06-25,19571424000000.0,24126259500000.0,25.852579,16.906484499999998,5783709000000000.0,3496340100000000.0,3463918350000000.0,-534062600000000.0,1724804100000000.0,618621100000000.0,317.10542,0.9461039,0.21438267500000002,0.9149718
2022-06-26,41839705500000.0,24684531500000.0,17.95373533333333,16.584948333333333,-5590825266666667.0,3.9339234773333336e+16,3627581316666666.5,502300666666666.7,1553139900000000.0,555211993333333.3,309.7615866666667,1.0559287066666667,0.11043868833333333,1.547690425
2022-06-27,14034166250000.0,13845754500000.0,24.162923,17.311648499999997,2.3354922e+16,6658540650000000.0,4369084350000000.0,,,386424300000000.0,309.1850275,2.47067575,3.4370826252500004,2.6223108237500004
2022-06-28,26872238500000.0,19405589000000.0,,,,,3417665700000000.0,,,390719245000000.0,314.6239,0.94917627,-0.19507329,1.034906835
2022-06-29,28136099625000.0,17812567875000.0,27.856793000000003,18.143479499999998,1.43340302e+16,6690292450000000.0,3781565500000000.0,745485644000000.0,1300991466666666.8,356324301250000.0,308.13599875,0.85909327625,-0.04734485187500001,5.1828609312500005
2022-06-30,31106338800000.0,23435103600000.0,,,4540271000000000.0,6723262920000000.0,3998609900000000.0,1671178390000000.0,1451122433333333.2,489140630000000.0,312.04445,0.9543189479999998,-0.421008884,1.4898869920000002
2022-07-01,36491489000000.0,23066703500000.0,,,-9717417000000000.0,5.16040925e+16,3828982800000000.0,,,525251825000000.0,305.591965,1.043807525,0.013320869999999985,1.18429154
2022-07-02,-14476537000000.0,23615132000000.0,19.860998,19.18801,4.06424115e+16,9925448000000000.0,4087641350000000.0,,,558605830000000.0,303.630335,1.03901845,-0.484317915,0.36813210300000004
2022-07-03,34777425166666.668,16370175500000.0,30.335718999999997,15.9245305,1.6619261e+16,5561237500000000.0,3515446033333333.5,-689446175000000.0,1124717650000000.0,281456236666666.66,311.7329233333333,0.7960240616666666,0.15996260333333334,2.6454934916666666
2022-07-04,33458388777777.777,18025320444444.445,18.701477666666666,18.848708833333333,6003091000000000.0,6704513066666667.0,3928183488888889.0,945362676666666.6,1126802300000000.0,333441242222222.25,311.79889222222226,0.8823583244444444,0.2513111055555556,1.4166309311111112
2022-07-05,17737627333333.332,24173548666666.668,16.1838815,17.909399999999998,5595669913333333.0,2561579760000000.0,3987306433333333.5,2248236500000000.0,1465220700000000.0,500508133333333.3,324.1960066666667,0.8980746666666667,-0.27127408999999997,1.0863682666666667
2022-07-06,40272633500000.0,16741146000000.0,,,,,3551061500000000.0,,,318207095000000.0,334.43176500000004,2.8017904,0.133764336,0.66435895
2022-07-07,38640388500000.0,21065871500000.0,12.117004,17.270905499999998,,,3968376100000000.0,,,417179500000000.0,344.782825,0.86813513,-0.5407593549999999,0.35565877
2022-07-08,37003065857142.86,16578117428571.428,,,6306650100000000.0,2873644070000000.0,3934786371428571.5,1485823550000000.0,1247915100000000.0,275654657142857.16,340.5890414285714,0.8229962428571429,0.2841441257142857,1.7355500894285714
2022-07-09,35504320571428.57,18149778428571.43,14.692692571428571,17.996709142857142,-1.172439265e+16,5.92341168e+16,3935912700000000.0,228276555000000.0,1073719750000000.0,365796690000000.0,343.61240142857145,0.8453724028571428,-0.271244409,0.8549662828571429
2022-07-10,24913603000000.0,22343379000000.0,10.615866333333333,18.801253666666668,,,3491019366666666.5,,,434798666666666.7,352.6177233333333,0.9520979999999999,-0.55551012,0.4541492
2022-07-11,37333164333333.336,22090101000000.0,13.007808,18.54598,,,4331246566666666.5,,,352284506666666.7,352.75601,0.9374066299999999,0.11729538666666665,0.5087998933333333
2022-07-12,45579110400000.0,18016369200000.0,25.434496,18.5167815,1.9598183333333332e+16,6219028633333333.0,3637911120000000.0,-198644823333333.34,1049356743333333.4,308912884000000.0,367.282736,1.1068885439999998,-0.46482800199999996,0.4358538579999999
2022-07-13,36166627125000.0,16069252750000.0,14.41681,16.6310085,,,4019893875000000.0,,,268882746250000.0,336.5065775,0.8465286212500001,0.07163309949999999,1.0039564408750001
2022-07-14,35613610700000.0,22174282500000.0,9.5337955,16.4532175,3635692325000000.0,2632878650000000.0,3765193950000000.0,,,469487235000000.0,337.936555,0.8988940000000001,0.12288418000000001,0.8454033999999999
2022-07-15,54593255000000.0,19458050000000.0,,,,,3653209650000000.0,,,359430950000000.0,360.06613,0.9530032500000001,0.033224525000000005,0.656912265
2022-07-16,46487490000000.0,20224174200000.0,10.599737,18.7607985,-1.5861861133333334e+16,1.0558519566666667e+17,4170820460000000.0,1631665266666666.8,1278304200000000.0,365032210000000.0,374.92311800000004,0.867746182,-0.2634433814,0.849733462
2022-07-17,40916541333333.336,17913199666666.668,14.956593,17.224028,,,3781287766666666.5,,,334651003333333.3,362.28932000000003,0.7980663433333334,0.24712559,0.88844018
2022-07-18,36293393000000.0,14743678571428.572,,,,,3356502300000000.0,,,263042721428571.44,334.26716,1.0556191342857144,-0.17665841417142855,1.6659849444285715
2022-07-19,35107100666666.668,19781791666666.668,22.600883,16.177491,,,3349212666666666.5,,,406237086666666.7,330.20953333333335,0.8610978433333333,0.4840047988666667,1.3106692643333333
2022-07-20,41668965000000.0,26582510333333.332,21.245789666666667,17.078663000000002,-6523524333333333.0,3.1873815333333332e+16,3604307433333333.5,254539540000000.0,1714742000000000.0,623431123333333.4,310.09837,1.0976598333333334,0.24058491666666662,1.20387558
2022-07-21,3962665750000.0,24885414500000.0,24.77260925,17.825201,1.2651204175e+16,6524666775000000.0,3261943350000000.0,89711275000000.0,1694137850000000.0,625563787500000.0,306.9646,1.0814355500000001,-1.3736711875,0.7926398175
2022-07-22,32946210000000.0,19821689500000.0,24.2699025,18.498334,7170966500000000.0,3550583300000000.0,3178009650000000.0,,,488785130000000.0,305.15335,0.87860125,-0.06417397999999999,0.67496893
2022-07-23,20741094480000.0,19510204200000.0,29.199424399999998,18.0055254,1.38972885e+16,4787181360000000.0,3546854620000000.0,,,401191768000000.0,305.73969,0.793367476,-0.33675559999999993,0.8348932960000001
2022-07-24,41558592666666.664,18269071000000.0,18.137407,16.73281,,,3681092733333333.5,,,333542466666666.7,327.2419433333333,0.8673865599999999,0.263230784,0.8185128266666667
2022-07-25,32074826200000.0,23696313600000.0,17.752927800000002,16.1528926,3999431140000000.0,7236659720000000.0,3822657500000000.0,1404669950000000.0,1490234250000000.0,531401312000000.0,322.682946,0.976936012,0.804484411,0.8854622040000001
2022-07-26,33135977000000.0,23896814000000.0,21.949053,19.554771,5906354666666667.0,8838546866666667.0,3788836466666666.5,,,591732210000000.0,311.69209,1.0265175,0.18674110000000002,1.4374100233333333
2022-07-27,40869401666666.664,16430178333333.334,,,,,3363814000000000.0,,,280280713333333.34,312.2428466666667,0.9269758966666667,-0.1882113883333333,0.8960772633333334
2022-07-28,39518027571428.57,15830825000000.0,11.360833999999999,20.059094,9225756200000000.0,4111081500000000.0,3539627500000000.0,345744990000000.0,1215858500000000.0,280550935714285.72,342.2277671428571,0.8512277414285715,-0.09482556428571429,0.9189396900000001
2022-07-29,45693344400000.0,21787174000000.0,9.3593222,16.388973999999997,-971600275000000.0,7993395450000000.0,3517930260000000.0,783617333333333.4,1198215700000000.0,433212354000000.0,333.880018,0.899852646,-0.7229378799999999,1.244223588
2022-07-30,9128021333333.334,50216605333333.336,11.23386,18.20839966666667,7378661866666667.0,9.58204699e+16,3415106566666666.5,-736772971000000.0,1861535650000000.0,599971730000000.0,322.90073333333333,0.9771150333333333,0.0287719233333333,4.139836166666666
2022-07-31,34122476000000.0,16722106000000.0,,,,,2976999750000000.0,,,275281000000000.0,316.47874,2.32294875,0.245267705,1.00370665
2022-08-01,40323681500000.0,16075262000000.0,30.667102999999997,18.856600999999998,1.9704194e+16,6507804000000000.0,3288551233333333.5,720898670000000.0,1115367780000000.0,250390490000000.0,321.76491000000004,0.8648860316666668,-0.118427302,0.8933790441666667
2022-08-02,34172278750000.0,18211413125000.0,15.903305,16.97152625,-1032167706000000.0,4.3314059124e+16,3443294150000000.0,428981150000000.0,1172688750000000.0,337123216250000.0,326.11777625,0.82291956125,0.03685447624999996,1.05802239125
2022-08-03,26143543666666.668,27572696666666.668,,,-1.2139595e+16,2.04571911e+17,3541988100000000.0,831838101500000.0,1905537100000000.0,539787603333333.3,319.03952666666663,1.0311678333333332,0.5901257000000001,1.1900448533333334
2022-08-04,18201820000000.0,25479368000000.0,15.649212,19.044485,2.14420275e+16,9350636000000000.0,3861398650000000.0,1440500530000000.0,2140952950000000.0,635390350000000.0,295.740265,1.031097815,-0.14217862,1.4678789749999999
2022-08-05,30680710000000.0,23045296666666.668,27.53881966666667,18.884595666666666,1.51969996e+16,5799819300000000.0,3767575833333333.5,17466651000000.0,1770216400000000.0,540004610000000.0,297.74209666666667,0.9563191966666666,0.3240643243333334,1.6247015100000002
2022-08-06,28618424500000.0,17377930250000.0,27.670431,21.390564,1.90271166e+16,6921294800000000.0,3510363862500000.0,1692524000000000.0,1578061300000000.0,349344430000000.0,296.7684525,0.96389721875,0.05589103625,1.63116293375
2022-08-07,33304823833333.332,18342594666666.668,8.637002433333334,18.012280666666665,-1.6445932e+16,2.3632904733333332e+16,3693489250000000.0,956242275000000.0,1402267350000000.0,393065901666666.7,319.08535166666667,0.8665770183333333,0.88041892,1.1013352183333334
2022-08-08,21836037000000.0,24817995000000.0,18.169824000000002,17.017463666666668,1.2931039433333334e+16,6595892700000000.0,3058007233333333.5,-521770815000000.0,1850271850000000.0,563597350000000.0,319.11088333333333,0.9716988666666667,-0.8474185666666667,0.9872085533333333
2022-08-09,40801948000000.0,20855879000000.0,16.0697555,19.104025999999998,,,3648548566666666.5,,,349893663333333.3,327.30482666666666,0.9843956199999999,0.003166076666666684,0.9157721266666666
2022-08-10,28517399025000.0,21922186750000.0,15.74809625,19.136642,1.0640725e+16,3.0594564e+16,3713090450000000.0,1986351700000000.0,1775761900000000.0,463479587500000.0,331.1871125,0.8910688925,-0.2817524675,1.259190935
2022-08-11,28094686187500.0,19037361750000.0,17.183793875,17.9930795,7290018912500000.0,7164450850000000.0,3767188575000000.0,1651201292000000.0,1575392440000000.0,420081166250000.0,318.10749625,0.83390923375,-0.050133021249999986,2.14074550625
2022-08-12,34851402500000.0,23905637000000.0,23.586242499999997,18.784247999999998,-481100000000000.0,1.767254315e+16,3498249250000000.0,1039864965000000.0,1993650950000000.0,607671130000000.0,306.85792000000004,1.0114011299999999,0.31173193000000005,0.8893202149999999
2022-08-13,11574137733333.334,26489621333333.332,20.324656,18.331293666666667,1.6696072766666666e+16,1.2980058e+16,3254067533333333.5,429839300000000.0,2365521266666666.5,770492783333333.4,310.8685433333333,1.0892118333333334,-0.3755028333333333,1.34839871
2022-08-14,38444546200000.0,19707115000000.0,,,1.42882523e+16,6417433900000000.0,3251547540000000.0,169186850000000.0,1206160180000000.0,363882064000000.0,305.08390199999997,1.0729059280000002,0.11338802,0.7688222579999999
2022-08-15,29891015666666.668,19727683666666.668,30.876823,19.737696,-4425555690000000.0,9222772670000000.0,3713751933333333.5,,,408800866666666.7,318.4778733333333,0.9516236166666667,-0.674493538,0.6750853466666666
2022-08-16,34770504428571.43,15805704428571.428,,,,,3293641857142857.0,,,296613070000000.0,310.90510428571434,1.13254535,0.07900893428571429,0.89363921
2022-08-17,4138400000000.0,23280157500000.0,31.25072,18.592251,2.31578615e+16,9173573750000000.0,3388482850000000.0,831354785000000.0,1949120350000000.0,636508280000000.0,300.958985,0.9568675,-1.3441767999999998,0.795468065
2022-08-18,53647350333333.336,25794272666666.668,33.30407566666667,18.42305,-1.0454736e+16,5.9199438166666664e+16,3817111733333333.5,1973160933333333.2,2320396300000000.0,717364640000000.0,289.63379333333336,1.0937431999999998,-0.11696173133333336,0.52483056
2022-08-19,30745779250000.0,22762453250000.0,25.29148625,18.8978595,1.023043070425e+16,1.37168862975e+16,3615945900000000.0,1228120033333333.2,2051407400000000.0,611639385000000.0,285.7970375,1.084950465,0.76193771,4.7845545
2022-08-20,33258375000000.0,19317292000000.0,25.764039,19.071692499999997,,,3628766050000000.0,,,357602415000000.0,276.488775,0.9978641749999999,0.03891794999999998,0.7429732849999999
2022-08-21,34361620200000.0,15149796400000.0,28.90557533333333,17.754066666666667,-1043924800000000.0,848146600000000.0,3457060060000000.0,1674977400000000.0,1264137900000000.0,244837654000000.0,278.719698,0.8615492939999999,0.511335262,0.920395614
2022-08-22,33357297750000.0,22669888250000.0,28.3582815,18.401822,1.0072108775e+16,6128634750000000.0,3622866800000000.0,,,465284185000000.0,282.93659249999996,1.06712685,0.7051346125,1.197829275
2022-08-23,24426454400000.0,26027920400000.0,26.1307126,18.7470466,9921919660000000.0,8.8068151526e+17,3377167180000000.0,628781336000000.0,1945470820000000.0,632429580000000.0,288.21245200000004,1.0888046599999999,-0.03206004600000001,1.32406243
2022-08-24,16021468000000.0,24062885500000.0,28.461955,18.435138000000002,2.11916215e+16,8122173500000000.0,3178675000000000.0,,,543840100000000.0,280.06602499999997,0.982646835,-0.42481363,0.58915201
2022-08-25,30704722333333.332,19507508666666.668,27.44935033333333,21.149887333333332,2.0564444e+16,7975330966666667.0,3224104000000000.0,,,421492286666666.7,287.6881233333333,0.9089400166666667,-0.10405319096666665,0.7648813316666666
2022-08-26,37798733166666.664,16248418833333.334,22.215305,20.677414,1.0679881133333334e+16,6490474933333333.0,3100804333333333.5,60681730000000.0,1221683250000000.0,288315685000000.0,289.21164333333337,1.0800025466666667,-0.06276555666666665,0.8485532033333333
2022-08-27,25744607120000.0,24983345600000.0,22.524830400000003,18.4982812,8360432700000000.0,3.217904812e+16,3352022080000000.0,1188784600000000.0,1695631960000000.0,568379098000000.0,284.14759399999997,1.09913536,1.02345466,1.2642011659999999
2022-08-28,32342135500000.0,27253370000000.0,21.701572,19.7533,9287570200000000.0,5879587100000000.0,2886059250000000.0,15874375000000.0,2091195650000000.0,629175800000000.0,276.40649499999995,1.18290045,0.14667400000000008,1.03155982
2022-08-29,29393822500000.0,22902132000000.0,21.764366,20.476564,-8434209850000000.0,4.03230201e+16,3063879200000000.0,-329645920000000.0,2304588500000000.0,595033670000000.0,275.85654999999997,1.15968495,-0.5235395775,0.62226446
2022-08-30,39999513333333.336,16372430333333.334,22.011305999999998,19.84411575,-2071424300000000.0,2935493815000000.0,3398725550000000.0,2148404050000000.0,1302490850000000.0,260249056666666.66,281.521345,0.9357684783333333,-0.3359333425,1.228885755
2022-08-31,39311929166666.664,18092725833333.332,11.3444575,20.7014895,4195503900000000.0,1.298908275e+16,3287479500000000.0,1117069876666666.6,1395145733333333.2,381557521666666.7,296.652615,0.8121234749999999,-0.4729286316666667,19.164889966666667
2022-09-01,46032181800000.0,20485054600000.0,8.52391444,19.020531400000003,-345043500000000.0,2.47438145e+16,3144212260000000.0,578500710000000.0,1087152725000000.0,378843488000000.0,329.92003800000003,0.902073362,-0.006791515999999986,1.19468108
2022-09-02,49217291000000.0,23821817000000.0,10.459230333333332,18.002508000000002,-3935658766666666.5,9.7880366875e+18,2763908266666666.5,,,488525730000000.0,303.37389,1.0227095666666666,-0.9705247833333334,1.0296632333333333
2022-09-03,33468026000000.0,20639653000000.0,10.4585425,19.571184000000002,1.08245254e+16,5236632650000000.0,3494456900000000.0,,,472551700000000.0,300.93295,0.8581613,-0.261771245,0.944941
2022-09-04,35114580000000.0,17681056571428.57,9.217261500000001,20.245635999999998,5898656000000000.0,1.559669725e+16,2786290814285714.5,-602905366000000.0,1471980550000000.0,383038928571428.56,306.15646857142855,0.8370182171428571,-0.3230885357142857,1.0999173542857144
2022-09-05,42937007000000.0,16495602500000.0,7.277891666666666,19.230604500000002,-1.003136175e+16,3.4551406e+16,2657920050000000.0,-406520555000000.0,943167350000000.0,283224698333333.3,322.25495333333333,0.7841904333333334,0.15587732833333331,2.436756725
2022-09-06,34570738000000.0,20496239666666.668,5.288844433333334,18.65660533333333,,,2868871333333333.5,,,373874140000000.0,315.26753333333335,0.9076462866666667,0.16375693666666666,0.63760439
2022-09-07,38169436000000.0,26688715000000.0,12.249826500000001,19.1789755,1.53169683e+16,8476890700000000.0,3305520700000000.0,1193403200000000.0,2169605100000000.0,681157185000000.0,306.8936,1.008863615,1.619003,1.29081985
2022-09-08,37335707800000.0,21267710800000.0,10.5273716,18.925430600000002,-6133050629000000.0,3.268402935e+16,2999627220000000.0,260109666666666.66,1771601933333333.2,487850464000000.0,313.103216,0.914760654,0.42773572,1.608939552
2022-09-09,43619834555555.555,17139467222222.223,,,-5538919000000000.0,2.39938405e+16,2821247900000000.0,-550528600000000.0,2183421266666666.8,334954674444444.44,306.534,1.4187140822222222,0.046396790888888886,1.581265108888889
2022-09-10,50364787000000.0,21827775500000.0,,,-1.38546032e+16,2.46362261e+16,2793382400000000.0,-386672480000000.0,2512595000000000.0,412335000000000.0,314.581035,0.882859795,0.30413735,1.03129695
2022-09-11,41678559000000.0,15834198500000.0,,,,,3338512050000000.0,,,225577405000000.0,315.412125,0.8933816,0.32787551649999996,0.467692855
2022-09-12,49694159200000.0,17559771000000.0,22.368291,17.0329975,-2161304750000000.0,2610141700000000.0,2983938360000000.0,751440250000000.0,880519570000000.0,257894866000000.0,323.29654,0.867318502,-0.1319291322,0.5572454099999999
2022-09-13,46294157000000.0,15477016000000.0,,,,,2654588933333333.5,,,227893013333333.34,290.60019,0.8653562433333333,-0.33891077666666664,0.34014677666666665
2022-09-14,42180376000000.0,14411308000000.0,18.266467499999997,18.4659045,,,3193950883333333.5,,,230272546666666.66,326.8725366666667,0.79340703,0.34734548,0.9609296333333335
2022-09-15,41667162000000.0,16179765500000.0,,,,,2950398350000000.0,,,257002680000000.0,304.11953500000004,0.93750915,0.6751420499999999,54.03877175
2022-09-16,34598069800000.0,21030316000000.0,10.2698292,19.0682838,684968666666666.6,6743561300000000.0,3093036420000000.0,1361602350000000.0,1211680400000000.0,381105678000000.0,334.75739599999997,0.88638218,-0.484737938,1.085853954
2022-09-17,42328944800000.0,17392024200000.0,14.826967499999999,19.780725500000003,-4594221200000000.0,2.00405494e+16,3152602940000000.0,1433480275000000.0,1028307450000000.0,254034734000000.0,321.75958,0.856536416,0.09599933800000002,0.756062454
2022-09-18,28930964000000.0,16578459500000.0,19.55608,16.762867,,,3256185200000000.0,,,252859650000000.0,315.890595,0.77338905,-0.141454965,42.720134110000004
2022-09-19,45979762400000.0,14516598800000.0,,,-1.0297325e+16,1.3168912e+17,2829172780000000.0,1314377800000000.0,1206252300000000.0,206655932000000.0,343.91846599999997,0.8010176960000001,-0.28865425,1.745649492
2022-09-20,44129589000000.0,16525047000000.0,,,,,3072181500000000.0,,,253640485000000.0,341.03513999999996,0.839182045,-0.18842746500000002,0.80367775
2022-09-21,49713536750000.0,17525776000000.0,,,-2977361500000000.0,8.9949063e+16,2612445500000000.0,-119719850000000.0,836139100000000.0,245495202500000.0,358.084425,0.890632675,-0.6824179749999999,0.95581396
2022-09-22,44706946000000.0,15831460333333.334,,,,,2710208300000000.0,,,226577923333333.34,344.94551666666666,0.7935322,-0.09012617333333335,1.6976036833333332
2022-09-23,50813023000000.0,16247541000000.0,12.132717,21.294241,,,2595208750000000.0,,,238759050000000.0,352.676195,0.71049535,0.37942087,1.97587165
2022-09-24,48130128777777.78,16379296444444.445,13.342428833333335,20.042136333333332,-4625606450000000.0,7476483737500000.0,2796694255555555.5,1532500495000000.0,1400596225000000.0,266744702222222.22,367.31657,0.7296461355555556,-0.76598382,2.007992431111111
2022-09-25,28837642660000.0,21526819600000.0,11.2185466,20.667373,1.24779565e+16,1.40942364e+16,2559251900000000.0,1188876215000000.0,1319565350000000.0,373494046000000.0,348.204968,0.88513495,0.20175726999999996,3.8404697380000004
2022-09-26,55523967666666.664,23747098666666.668,,,5246942391333333.0,3.817551643e+16,2049533933333333.2,-1004554063333333.4,2084586566666666.8,512912493333333.3,342.6146333333333,0.8974625766666667,-0.10305760333333336,32.916081999999996
2022-09-27,45848268000000.0,18107683500000.0,18.4573475,16.99525,,,3061303950000000.0,,,280010630000000.0,315.8026,0.8867043699999999,0.10277883500000001,0.926609735
2022-09-28,43804828750000.0,15481450000000.0,15.595130000000001,19.550547,5790468600000000.0,4817405400000000.0,2680216300000000.0,1537868035000000.0,1240388250000000.0,238799422500000.0,326.1370025,0.718591435,0.560285185,1.37989911
2022-09-29,37350460333333.336,14532466500000.0,,,3883594002500000.0,2256855789000000.0,2852822216666666.5,1854844500000000.0,1007697300000000.0,197616501666666.66,331.7015966666667,0.8352890749999999,-0.5092036166666667,0.6247742383333333
2022-09-30,29387528333333.332,19557109666666.668,14.852615333333333,19.278674666666667,2.5878793e+16,1.1263714e+16,2902534400000000.0,860727700000000.0,949064200000000.0,315092876666666.7,334.32836,0.8903894566666667,0.02722499700000001,1.5809383600000002
2022-10-01,44393680000000.0,14196725000000.0,,,,,2223910150000000.0,,,204760050000000.0,354.09108000000003,1.6582183499999998,-0.30311788,0.62304275
2022-10-02,49444737500000.0,17668405000000.0,,,,,2611776750000000.0,,,295483535000000.0,335.328065,1.1766519999999998,-0.04311076499999997,0.992097475
2022-10-03,33551136857142.855,12944983857142.857,,,4994892850000000.0,3587882000000000.0,2433358328571428.5,124023560000000.0,1032437125000000.0,176266810000000.0,297.9116142857143,1.74570389,-0.05389802142857142,0.8751313414285714
2022-10-04,46177197000000.0,13435703800000.0,15.7564505,22.951356,-5190899910000000.0,8.50254767e+16,2414268200000000.0,573174972500000.0,881798100000000.0,188664338000000.0,305.98051999999996,0.9198661399999999,-0.19353726599999999,1.1175138199999999
2022-10-05,35585389000000.0,15496936000000.0,,,,,2037825200000000.0,,,229246955000000.0,276.634735,1.72362065,0.29866572,2.007251985
2022-10-06,46118805000000.0,17209906500000.0,11.6199705,20.4904285,,,1929649050000000.0,,,258298130000000.0,260.843685,0.99357293,0.45791304850000003,0.50471452
2022-10-07,38739220400000.0,19312581200000.0,12.8945349,22.0386846,-3106916680000000.0,3.748361342e+16,2337999740000000.0,923666670000000.0,1536001100000000.0,398354452000000.0,287.426368,0.950004056,1.45110978,1.6668113599999999
2022-10-08,38991594666666.664,14150115000000.0,,,,,2394519488888889.0,,,199700984444444.44,276.33990111111115,1.2853955666666665,0.11206331333333333,0.7600424333333334
2022-10-09,39880669500000.0,17832006000000.0,8.5404105,21.464713,,,2332305050000000.0,,,270601330000000.0,308.975815,0.875731185,0.16104108500000003,0.9509517000000001
2022-10-10,48950178000000.0,19738090333333.332,12.508655333333332,18.392048333333335,,,2011786266666666.8,,,293270826666666.7,296.92915,0.9706517,0.3926127133333333,1.0823255833333334
2022-10-11,48898092000000.0,15601484800000.0,,,-18644500000000.0,8726046350000000.0,2171099960000000.0,573706920000000.0,907464400000000.0,224060594000000.0,297.00996,1.1057951400000001,-0.5600682539999999,2.846083224
2022-10-12,47498719250000.0,15827743750000.0,14.962282,19.162923333333335,,,2490106375000000.0,,,247467872500000.0,305.7893225,0.7982071225,0.228016845,0.8675077875
2022-10-13,51911289333333.336,13422849333333.334,12.39930375,20.928702,,,2095093616666666.8,,,201794330000000.0,316.40202833333336,0.9155479783333332,0.05933956166666667,10.281790638333334
2022-10-14,53041823333333.336,20574192000000.0,14.2114725,22.3803255,-3.00727261e+16,1.817344e+16,2337769733333333.5,3962994000000000.0,2409646300000000.0,370142776666666.7,334.5412833333333,0.8818390133333333,-0.5427305066666667,0.9066561399999999
2022-10-15,29089159333333.332,20104511000000.0,13.79653,23.177849,1.9819343e+16,1.0825321e+16,1981129333333333.2,-353338440000000.0,1093787800000000.0,333846356666666.7,331.0009733333333,0.8586503266666666,0.9788344533333334,1.1728688333333332
2022-10-16,46003202000000.0,16100473500000.0,,,-3464255600000000.0,1.238954065e+16,2008125400000000.0,-236778800000000.0,1002693800000000.0,250165687500000.0,304.5476125,1.1238486324999999,0.28851965749999997,1.4879127749999999
2022-10-17,37338909333333.336,17007422666666.666,13.358126,22.717370000000003,9610547333333334.0,4.8362828e+16,2237143866666666.8,2227154850000000.0,2360313100000000.0,347799573333333.3,304.83027,0.94088838,-1.7877808000000002,1.3883415333333333
2022-10-18,32626204250000.0,12522868500000.0,,,,,1872474475000000.0,,,183365655000000.0,278.1621175,1.576431875,-0.720578025,1.293565365
2022-10-19,67676175000000.0,19290202500000.0,7.92150825,22.0270075,-5.765066e+16,2.728379e+16,1881665300000000.0,517921480000000.0,1996321700000000.0,348949200000000.0,337.460285,0.8861778,0.2203827,2.0288142000000002
2022-10-20,54654182750000.0,20717806250000.0,11.76393,22.703653,-8403529900000000.0,1.70001508e+16,1743599350000000.0,-456022253333333.3,1545477200000000.0,366126300000000.0,278.6820925,1.08220395,-0.11992099002500001,1.0741211375000002
2022-10-21,53085507000000.0,14501850500000.0,,,,,1847008800000000.0,,,209210360000000.0,266.631515,1.0148926,0.6048111,1.0049346
2022-10-22,41794906333333.336,15616971333333.334,,,,,2086658200000000.0,,,264643283333333.34,287.93644333333333,1.084557,1.0811535,1.3868323
2022-10-23,46507315875000.0,11624757375000.0,14.509509000000001,25.3584255,,,2115176875000000.0,1825784000000000.0,1557724450000000.0,172303840000000.0,325.38360625,0.8492724375,-0.60072778875,3.120109605
2022-10-24,39847258200000.0,15308944600000.0,,,1.956693535e+16,8322194000000000.0,1797192460000000.0,815304080000000.0,1028261900000000.0,218479518000000.0,296.333622,1.538330652,-0.264922826,0.9233703139999999
2022-10-25,39851865000000.0,13505097000000.0,,,,,2032862500000000.0,,,198457030000000.0,282.97703,1.81128235,0.159932025,1.05241755
2022-10-26,51165508000000.0,12970179500000.0,,,,,2220236800000000.0,,,282031390000000.0,296.13217499999996,0.94429455,-0.281691685,1.1541232
2022-10-27,40383810571428.57,13142362285714.285,12.238734749999999,24.11057525,,,1699253700000000.0,-193185733333333.34,1347564500000000.0,193310564285714.28,264.58468857142856,1.0188765285714285,0.7101322142857143,1.6211525285714286
2022-10-28,39413138714285.71,12734754285714.285,,,1.16695368e+16,1.1726361666666666e+16,1508751028571428.5,-562577670000000.0,1081080256666666.6,181232968571428.56,266.63870000000003,1.3600958185714287,0.9432851885714285,6.9005062285714285
2022-10-29,47839240000000.0,13430950000000.0,,,7519860000000000.0,4715530000000000.0,1848124400000000.0,-616167700000000.0,1021960560000000.0,202490320000000.0,261.9430966666667,1.0813043,-0.05253802666666665,0.9055322299999999
2022-10-30,45491361500000.0,18691787000000.0,8.1394033,21.029232,,,1585895000000000.0,,,304254680000000.0,254.795865,1.10462515,-0.11903923499999997,1.55415135
2022-10-31,26122810500000.0,20192651500000.0,,,,,1693321450000000.0,-434180700000000.0,2484900650000000.0,412594675000000.0,247.87892,1.1184462499999999,-1.305519475,2.35124285
2022-11-01,46868387857142.86,13558202714285.715,13.850363,27.510227,,,1574495542857142.8,-450982550000000.0,1644971350000000.0,207728848571428.56,273.8406171428572,1.2198808285714284,0.4025501185714285,1.8442862828571427
2022-11-02,51844582714285.71,32851120000000.0,,,,,1519167014285714.2,-819495990000000.0,1125656150000000.0,179043132857142.84,279.1657442857143,3.874111622857143,-0.8852882842857143,1.1864558342857143
2022-11-03,50302441333333.336,14497415333333.334,,,,,1882388566666666.8,,,206775443333333.34,301.2354966666667,0.9798435166666666,-0.7211814086666667,1.5724490800000002
2022-11-04,44715314333333.336,15266443333333.334,4.878036,24.182545,,,1611853566666666.8,,,226691733333333.34,293.2442833333334,1.1256648,1.1937187333333332,1.18136125
2022-11-05,28444212800000.0,14395551400000.0,,,,,1454908180000000.0,-974949083333333.4,1455826666666666.8,204913882000000.0,301.496264,1.415378388,0.44420074,2.72041354
2022-11-06,45735587250000.0,12578039125000.0,13.220071333333335,22.449765666666668,,,1767924212500000.0,,,175938383750000.0,318.55981125,1.02813293,0.1928542375,1.42202995875
2022-11-07,38309021500000.0,13469192500000.0,,,,,1350256450000000.0,,,173738750000000.0,294.68895,1.0523687000000002,-0.892752875,0.8438386
2022-11-08,42692780333333.336,14789028333333.334,,,,,1565128300000000.0,,,212109913333333.34,314.0571033333333,1.0741966666666667,0.7265994333333333,1.1302038133333332
2022-11-09,43522699200000.0,19870794600000.0,,,,,1549647080000000.0,-729832600000000.0,1574601800000000.0,299801252000000.0,303.052968,1.310973,1.5643433960000002,2.477162
2022-11-10,38426211333333.336,12305248000000.0,,,,,1470598566666666.8,,,180281136666666.66,315.89463333333333,2.0252017666666666,0.84425129,0.9943346666666666
2022-11-11,43652436500000.0,11507522000000.0,,,,,1391803200000000.0,,,154334308333333.34,292.47864666666663,2.0447178,0.45331027333333324,3.04406236
2022-11-12,45509527500000.0,12979573500000.0,,,,,1620456450000000.0,,,180059740000000.0,271.99186999999995,1.0694677000000001,0.05003634000000001,0.9268901
2022-11-13,21501817875000.0,19856449250000.0,9.336221,24.45526125,,,1506916625000000.0,753529475000000.0,2907941350000000.0,342484022500000.0,288.062775,1.177879525,0.3519070999999999,2.41717705
2022-11-14,41872021200000.0,16061681800000.0,8.8791995,19.209868,,,1842733260000000.0,1542420435000000.0,1710486250000000.0,241722086000000.0,303.379984,1.14602888,0.5489555707999999,1.3497464099999998
2022-11-15,45228864666666.664,12394310000000.0,,,,,1750696833333333.2,,,165826630000000.0,291.48340666666667,1.5247868333333334,0.4659769999999999,1.1135120333333333
2022-11-16,43889586500000.0,12064935250000.0,5.0796022,25.267843,,,1642441450000000.0,,,166600942500000.0,334.7492825,1.287074675,1.6420922850000002,2.0884707
2022-11-17,64727947000000.0,14606141000000.0,7.2307925,21.11984,,,1411144250000000.0,,,219895675000000.0,297.31413,1.17337225,0.678705365,1.55563465
2022-11-18,48110211400000.0,15157386200000.0,3.68597215,26.140962000000002,,,3592782320000000.0,1.0422776e+16,3918179850000000.0,217340438000000.0,347.261054,1.24292364,-0.16464923739999993,1.721124406
2022-11-19,45719369000000.0,13440367500000.0,,,,,1962026550000000.0,,,208394335000000.0,300.26208499999996,1.51587,0.4931436499999997,1.92769545
2022-11-20,47381399333333.336,13692855333333.334,5.115751433333333,26.075222999999998,,,2126251400000000.0,,,188002120000000.0,307.3505833333333,1.3973404,-0.7634068666666667,2.9222685
2022-11-21,49090967500000.0,11770361750000.0,5.375250766666667,27.250153333333333,,,1744780962500000.0,1381819450000000.0,2546527600000000.0,159672287500000.0,323.27847625,1.5141357874999999,1.8271428875,3.150095575
2022-11-22,34752319000000.0,13822400600000.0,8.4314,24.089466,,,2146876740000000.0,3233349400000000.0,1871422100000000.0,201145960000000.0,341.27765600000004,1.1904572999999998,0.647641141,2.3069526
2022-11-23,45223225000000.0,13213949000000.0,,,,,1766755500000000.0,,,191028020000000.0,323.71481,1.3593912499999998,-0.9245806700000001,1.43500315
2022-11-24,34108456500000.0,13889476000000.0,,,,,1588555500000000.0,,,213416650000000.0,339.669035,1.9264173000000002,2.2556664,2.28478735
2022-11-25,41305312800000.0,12933744200000.0,8.628228,31.028603,,,2072279120000000.0,5628756000000000.0,2891177650000000.0,182646886000000.0,352.945094,1.68104936,3.3672699,4.24856706
2022-11-26,43331451166666.664,11535784500000.0,,,,,2396897383333333.5,6499354300000000.0,2755733600000000.0,157906556666666.66,350.1842716666667,1.6786204833333331,0.4505284166666667,3.7789784833333333
2022-11-27,43082430400000.0,14143495400000.0,9.467626,19.856412,,,3034887740000000.0,8822131500000000.0,3402490400000000.0,198557846000000.0,339.82041599999997,1.30433168,-3.1680016242,2.22327938
2022-11-28,47632598500000.0,15095111000000.0,8.441507,28.410353,,,3012278400000000.0,,,217772465000000.0,322.19762000000003,1.57367685,1.62563575,2.1414972
2022-11-29,43083539000000.0,13034386000000.0,,,,,1642397500000000.0,,,197600813333333.34,303.61304666666666,1.7150747666666666,2.2572729966666665,2.2934038
2022-11-30,29378209250000.0,11738633125000.0,9.6589595,28.778053999999997,,,1480562875000000.0,,,169883565000000.0,278.61114625,1.72277435,1.90358368375,2.8915034
2022-12-01,40712354714285.71,12054842428571.428,8.2009645,19.366196000000002,,,1732109957142857.2,7146633800000000.0,2953227450000000.0,157342164285714.28,293.53417,1.6754558285714285,1.345734277142857,2.6115657857142858
2022-12-02,47940221666666.664,14913884000000.0,6.827854,17.785704,,,2774719433333333.5,,,194351536666666.66,298.2943333333333,1.5305229666666669,4.283828799999999,2.115887633333333
2022-12-03,52501520666666.664,16627190000000.0,,,,,1490697166666666.8,,,214016140000000.0,298.93036,1.8708060333333332,-0.2756178666666667,2.7522706666666665
2022-12-04,43582975500000.0,13318353500000.0,,,,,1544447225000000.0,,,167513642500000.0,319.39000999999996,1.98309975,-1.9735979350000001,3.79397245
2022-12-05,40318632285714.29,10942017714285.715,,,,,1522538442857142.8,,,148267412857142.84,325.4177585714286,1.8717911428571428,-0.7857437514285716,2.4376793285714284
2022-12-06,44042907000000.0,11629023000000.0,,,,,1247428665000000.0,,,166712935000000.0,307.327465,1.7382105,2.90591525,1.61986045
2022-12-07,55587225000000.0,12847200500000.0,,,,,1567011550000000.0,,,176305760000000.0,342.49888999999996,1.7805890500000001,1.20427385,1.93466565
2022-12-08,40452915250000.0,14212694500000.0,6.2712185,24.4472655,,,2044615450000000.0,3040036600000000.0,2016667800000000.0,196896225000000.0,316.7258325,1.7977787,-2.5608583400000002,3.735581875
2022-12-09,53502504333333.336,12560650333333.334,,,,,1825906166666666.8,,,170343993333333.34,369.91955666666667,2.2853083333333335,4.624873166666667,3.0518674000000003
2022-12-10,52951866285714.29,11452034000000.0,5.2010503,25.941574,,,1400210700000000.0,,,148865294285714.28,355.9028471428572,2.0209434285714285,2.0592901675714286,4.341888385714285
2022-12-11,35055805000000.0,11798122500000.0,,,,,1381766550000000.0,,,150243180000000.0,322.8795,2.6432639,0.33444215,1.7375699
2022-12-12,50577119000000.0,13532955000000.0,,,,,3061115900000000.0,,,190437143333333.34,361.01872333333336,1.8329849333333332,-0.12103392333333336,2.4401821333333333
2022-12-13,43328100400000.0,14355105800000.0,5.4319371499999995,29.6236835,,,2356656540000000.0,,,188736472000000.0,372.61361999999997,1.93145846,-3.2387409739999997,5.49134934
2022-12-14,41476503000000.0,13271073000000.0,,,,,1896289400000000.0,,,174097555000000.0,341.255995,2.30535685,8.00678465,4.1299671
2022-12-16,48697669000000.0,12727429333333.334,,,,,1714435266666666.8,,,170631876666666.66,299.16794666666664,2.1688875333333333,-2.91511824,1.7898967333333333
2022-12-17,46966983500000.0,14380082666666.666,,,,,1503199050000000.0,2583127300000000.0,1776158400000000.0,185807431666666.66,324.5814966666667,2.118729833333333,0.8685154416666666,3.2096674833333334
2022-12-18,49557245000000.0,15995339000000.0,3.41211185,21.301285999999998,,,1592091700000000.0,,,201125265000000.0,318.08599000000004,2.11439925,-0.189372555,4.627238500000001
2022-12-19,47242175000000.0,13929429000000.0,2.88359285,20.189695999999998,,,1724334050000000.0,,,192848970000000.0,277.416965,2.3545444,2.184064905,6.93388035
2022-12-20,44894158666666.664,12275823444444.445,,,,,1226009204444444.5,,,156736790000000.0,302.9475311111111,2.7447097888888887,2.3273715488888893,7.626158622222222
2022-12-21,35295821600000.0,13246452600000.0,,,,,1210610550000000.0,-547259550000000.0,1539118950000000.0,167908844000000.0,264.93962799999997,1.9174336,-1.2366309640000002,2.9436437599999996
2022-12-22,31831877500000.0,13915025500000.0,,,,,1959621100000000.0,,,186333020000000.0,291.09214999999995,2.0727156,-2.081294,313.15134255
2022-12-23,44238014000000.0,13159791000000.0,,,,,2124399700000000.0,,,182448490000000.0,322.43661,2.59176305,4.1994574,2.55521275
2022-12-24,32055653950000.0,14339094833333.334,4.205395333333334,26.038227333333335,,,1427927950000000.0,,,197517616666666.66,329.117775,2.3897102666666665,5.497675483333334,10.711297333333334
2022-12-25,38956138428571.43,13105539000000.0,,,,,1635739314285714.2,3849468750000000.0,2261736700000000.0,173655285714285.72,332.8369714285714,2.1701933571428573,-0.8617117,6.281301042857143
2022-12-26,37541966750000.0,13239549250000.0,,,,,1496207325000000.0,3139978400000000.0,1924540800000000.0,179401170000000.0,335.8515775,2.422465375,4.557710685,2.81952405
2022-12-27,47352343000000.0,15752026333333.334,,,,,1289595366666666.8,,,202589190000000.0,399.7497333333333,2.2189169,-8.238645945333333,3.7235352
2022-12-28,48371643000000.0,14980634500000.0,,,,,1188481950000000.0,,,199638955000000.0,351.126935,2.3260355,-3.7400903999999997,5.1821397000000005
2022-12-29,37898984285714.29,12271445857142.857,,,,,1202992580000000.0,,,147582877142857.16,355.20264000000003,2.5570728714285713,5.048647414285715,6.416964942857143
2022-12-30,36365313000000.0,12396186833333.334,,,,,1557550733333333.2,1941355950000000.0,1761930250000000.0,151311060000000.0,376.31984166666666,2.279537266666667,1.86290025,5.035097550000001
2022-12-31,58125582000000.0,13662345500000.0,,,,,1283991150000000.0,,,170799715000000.0,333.601745,2.4063281,-3.9414199500000002,2.0594862999999997
2023-01-01,19825096333333.332,15231466666666.666,,,,,1189101533333333.2,,,180849850000000.0,320.17636,2.1279089333333334,1.05397145,1.1573388666666666
2023-01-02,38898289500000.0,15801801750000.0,,,,,1153399700000000.0,,,211128475000000.0,307.3285625,2.604607975,11.42461675,6.226923075
2023-01-03,46158258250000.0,13237167250000.0,4.0283988,27.11920825,,,1324147795000000.0,,,168049110000000.0,347.30825125,1.67907955,1.6141355015,5.50623055
2023-01-04,49507503500000.0,15196525000000.0,4.2800023,23.687113,,,1039929350000000.0,,,191305975000000.0,338.27185,1.52722485,3.5378387,3.0391753
2023-01-05,44425476500000.0,14350607500000.0,,,,,1444796250000000.0,,,196614795000000.0,325.155105,1.9642717,-0.4944355899999999,2.736765525
2023-01-06,38141055000000.0,18472633750000.0,3.3120188,21.19800925,,,1479952365000000.0,,,262418147500000.0,322.155535,1.782073525,-1.7831909325000002,19.28738475
2023-01-07,47103655000000.0,16051761500000.0,6.010131,30.8921,,,1879050300000000.0,,,211114425000000.0,322.4805,1.99719745,2.6884365000000003,6.381169
2023-01-08,36277772714285.71,11469742142857.143,,,,,1163842771428571.5,,,151256454285714.28,287.4017957142857,2.515818771428571,-0.5664044514285714,5.013909357142857
2023-01-09,37622576333333.336,12087346333333.334,,,,,1418483033333333.2,,,163582676666666.66,312.98281000000003,1.9837977333333334,-0.5466179,2.0310512666666667
2023-01-10,51698215000000.0,13121186000000.0,,,,,1445799200000000.0,,,172490115000000.0,344.707625,2.14288605,-0.7670846,1.6996832
2023-01-11,47310880800000.0,13989189200000.0,10.46713875,26.339157999999998,,,1671047920000000.0,,,187839604000000.0,320.126438,1.8537750599999998,1.7111859939999998,4.737417519999999
2023-01-12,27508095500000.0,12405361500000.0,,,,,2040904550000000.0,,,157071500000000.0,298.99588,2.2722177500000003,-0.74401711,2.9626880499999997
2023-01-13,35517441500000.0,10811108666666.666,,,,,1446290483333333.2,,,144730946000000.0,316.24837,2.712973566666667,-1.2354359283333334,5.052192833333334
2023-01-14,78117694666666.67,16670915000000.0,7.884529666666666,26.37780033333333,,,1917294500000000.0,,,206353616666666.66,374.29179666666664,1.3691326000000001,4.74717784,2.8521965166666665
2023-01-15,37217513800000.0,15120694200000.0,,,,,1172581008000000.0,-10490770000000.0,1395750000000000.0,213812170000000.0,324.777454,2.0503014399999997,0.877208772,3.13969302
2023-01-16,62692813500000.0,18392245000000.0,6.64445075,26.834855,,,1941284450000000.0,,,225692650000000.0,382.19992,1.51337705,14.619972,6.39094375
2023-01-17,42808363333333.336,11808244666666.666,,,,,1986678066666666.8,,,171451113333333.34,426.2896533333333,2.2849214,5.464683399999999,4.843301733333333
2023-01-18,37177333833333.336,10907877500000.0,,,,,1692823816666666.8,,,149885661666666.66,393.6618466666667,2.6864760333333333,4.86910586,6.41126775
2023-01-19,34524993000000.0,12853879400000.0,,,,,1841660920000000.0,4234913966666666.5,1985289300000000.0,190570596000000.0,430.791258,1.7071821800000002,-1.58872956,3.6356866400000003
2023-01-20,40567464666666.664,15290849333333.334,8.211482666666667,25.237149,,,2436977766666666.5,,,217278520000000.0,445.90447666666665,1.2563476333333332,-0.2379172233333334,3.020420493333333
2023-01-21,52599673500000.0,12845092000000.0,,,,,2296329650000000.0,,,175847110000000.0,406.86888999999996,2.0831334,0.7243023750000002,3.42657475
2023-01-22,44163247500000.0,13186545166666.666,5.117069416666667,24.537570833333334,,,2016799800000000.0,,,180971330000000.0,423.2144216666666,1.6556559833333333,1.2003269333333335,8.188994133333333
2023-01-23,47147529777777.78,11905347777777.777,5.235602,23.706114833333334,,,1891568522222222.2,2466120800000000.0,1553982066666666.8,171692754444444.44,379.8774,1.4817892444444445,1.4184014022222222,3.1650979833333337
2023-01-24,54865732666666.664,13241668666666.666,1.9069349500000001,21.496813,,,1967392133333333.2,3134774200000000.0,1549035300000000.0,188554433333333.34,341.8260466666666,1.2213034,-2.0851286333333334,1.9385850333333334
2023-01-25,45442015000000.0,14054164500000.0,14.738641000000001,22.557309,,,1284480950000000.0,,,198955305000000.0,349.82370000000003,1.28519955,1.7076395,1.7225192999999999
2023-01-26,29673080333333.332,12291411666666.666,,,,,1007026900000000.0,,,190991156666666.66,338.9013766666667,1.9724773333333332,-0.6575777333333332,2.2519708
2023-01-27,44732011857142.86,11819123000000.0,,,,,1532384257142857.2,4283800900000000.0,2337565250000000.0,169987585714285.72,344.1891885714286,1.518962414285714,0.12379326142857143,3.616491228571429
2023-01-28,48128254600000.0,11842576600000.0,3.4880081499999998,22.232382,,,1330787600000000.0,799119020000000.0,1135182750000000.0,153307088000000.0,336.350414,1.2475844999999999,1.20067382,2.10774176
2023-01-29,29389930666666.668,12424613000000.0,,,,,1152731966666666.8,,,184680630000000.0,307.24287,1.7967395333333336,0.90729336,11.58038431
2023-01-30,51513394666666.664,12739009000000.0,,,,,2016432466666666.8,,,193194003333333.34,295.32565,2.0873511,-1.2439022666666666,1.9937606666666667
2023-01-31,48195256200000.0,14688461200000.0,5.78392536,26.6382066,,,1443300680000000.0,531679216666666.7,1430256366666666.8,206604164000000.0,345.628294,1.28868662,-0.41611103000000005,3.2789395400000005
2023-02-01,42623183250000.0,11516622500000.0,,,,,2739911400000000.0,,,155937951250000.0,345.70698125,1.2132378375,-0.72192602125,33.8506866125
2023-02-02,57032176500000.0,12386840500000.0,,,,,1153461700000000.0,,,188340590000000.0,415.995415,0.9504935,-1.8675284300000001,2.0136061
2023-02-03,70430321666666.67,15220978000000.0,3.077223566666667,22.011470666666668,,,1525827133333333.2,,,219367813333333.34,407.88876666666664,0.9026551466666666,2.5496494866666666,1.7313278666666667
2023-02-04,49717506400000.0,14949263400000.0,3.23324454,23.4056008,,,1261644828000000.0,-1826367450000000.0,1122808300000000.0,212894592000000.0,421.367022,1.01572982,1.41453893,13.16195682
2023-02-05,42234573000000.0,13869098000000.0,4.698248066666667,18.381825000000003,,,1757003200000000.0,,,194055646666666.66,335.46862000000004,1.1606134666666668,-0.08122914999999997,2.4025053
2023-02-06,52391612833333.336,11656369000000.0,7.2641975,21.253068,,,1127624750000000.0,,,172804381666666.66,349.41114500000003,0.9769557233333334,0.20247717500000006,2.537640625
2023-02-07,36978605000000.0,12833404333333.334,,,,,977449946666666.6,,,188894583333333.34,302.51049333333333,0.9271037433333333,-0.6797781333333334,1.0661583333333333
2023-02-08,45439779333333.336,14624849666666.666,6.12344245,19.7397205,,,1304543700000000.0,-932906000000000.0,931519700000000.0,226390650000000.0,293.12125,1.0008812333333335,0.92418703,1.4187155999999999
2023-02-09,60521770750000.0,16359749500000.0,6.90430175,18.884755,,,2079504575000000.0,2116410300000000.0,1293319025000000.0,233544845000000.0,318.699155,1.034266025,2.2994247,1.9672999
2023-02-10,49172526000000.0,12508116333333.334,4.939396,26.20681,,,1114106933333333.4,,,199308890000000.0,306.7288466666667,1.4490859666666667,-0.22975911333333335,1.9808561666666666
2023-02-11,52722902833333.336,10498274500000.0,,,,,885502060000000.0,,,153290495000000.0,276.15405000000004,1.5644279616666665,-0.10629800333333334,0.8983486133333333
2023-02-12,41229427333333.336,16537526000000.0,5.1013801333333335,19.689131333333332,,,848456300000000.0,-4959460500000000.0,1781836200000000.0,243092703333333.34,259.58414999999997,0.9946200666666667,0.5839525666666666,1.4668709666666668
2023-02-13,50014604833333.336,13135604166666.666,9.2174435,23.68835633333333,,,573771700000000.0,-3382656300000000.0,984380075000000.0,199757336666666.66,261.55129166666666,1.0531577349999999,0.4236041993333333,1.164434395
2023-02-14,31590449500000.0,18151276500000.0,7.0457775,22.7184275,,,1055655970000000.0,-2756793650000000.0,1557963200000000.0,333972350000000.0,245.47265,1.21973735,-0.7738008300000001,1.6257636
2023-02-15,40638928000000.0,12452648000000.0,7.9794547,22.013679500000002,,,930820250000000.0,,,211002465000000.0,249.102675,1.1269371,1.4350916,0.86643703
2023-02-16,37144311222222.22,11250818666666.666,6.804165733333334,25.129482333333332,,,1216036011111111.0,-2811195200000000.0,1542038033333333.2,163023157777777.78,248.59269777777777,1.0267537633333332,-0.775366636,1.4569679622222222
2023-02-17,48456047750000.0,13320701250000.0,8.030580749999999,20.91317,5647199650000000.0,3706493650000000.0,1531986400000000.0,-769318850000000.0,833071885000000.0,186795245000000.0,356.7179025,0.807442795,0.2471504275,0.948178765
2023-02-18,46920450000000.0,14012906500000.0,,,,,1537525900000000.0,,,223848160000000.0,385.433465,0.79037866,-0.48723816000000003,0.952399035
2023-02-19,60312221000000.0,16815918000000.0,3.2569577499999998,22.627424,,,1262480150000000.0,,,247689580000000.0,334.21714499999996,0.86638513,-1.8260311,3.5609888
2023-02-20,39300579500000.0,13535956833333.334,,,,,753376260000000.0,-4387272800000000.0,1413089050000000.0,205319011666666.66,316.48522833333334,1.3580798733333335,0.30649446916666667,1.3328253666666667
2023-02-21,61743724000000.0,12906786714285.715,6.729103166666666,22.619387,-5412869750000000.0,1.067317475e+16,1738104400000000.0,825327900000000.0,919491770000000.0,194417041428571.44,393.5676971428571,0.7862265442857143,-0.04800117400000005,1.5990798914285715
2023-02-22,49673843750000.0,15107397250000.0,3.8179374499999996,19.6284255,9939812000000000.0,5841544000000000.0,1481555850000000.0,-975179440000000.0,920594770000000.0,228058590000000.0,372.899325,0.7468107425,-0.38378192499999997,1.212191975
2023-02-23,21994970833333.332,15046634000000.0,,,,,1230591133333333.2,,,226053213333333.34,343.1659233333333,1.5350437,-0.07885167999999998,1.1511830166666666
2023-02-24,42701789500000.0,13335380000000.0,,,,,1712878900000000.0,,,205959990000000.0,359.786385,0.868758475,0.76637206,1.642646275
2023-02-25,48499128714285.71,12438724857142.857,,,,,1532057785714285.8,-1410682900000000.0,1208701050000000.0,186306017142857.16,444.39682714285715,0.8329094885714285,0.3614422537142857,3.1078328714285712
2023-02-26,72001549166666.67,11936050666666.666,6.1741116,18.1150605,-3717388086500000.0,2.1618202507e+16,1559863133333333.2,-761058900000000.0,869789550000000.0,176919996666666.66,485.4484916666667,0.688090105,0.7579003333333333,1.037033155
2023-02-27,39930225000000.0,14235088000000.0,4.117933,16.698034,,,1015998600000000.0,,,213914320000000.0,332.18600000000004,0.767197535,-0.74056601,0.9403425999999999
2023-02-28,47350322000000.0,19676777000000.0,7.409539233333334,16.981634333333332,4757030365000000.0,4544652570000000.0,2067534433333333.2,2068261550000000.0,1591088250000000.0,311024373333333.3,273.5851333333333,1.0266027800000002,-0.07643948866666665,1.5892772666666666
2023-03-01,56128356750000.0,15546602000000.0,6.344023,23.261889,-2710037000000000.0,3844585350000000.0,1232026550000000.0,-1198752150000000.0,1149972650000000.0,263928365000000.0,380.00663,0.727943635,-0.43142736500000006,2.5424101625
2023-03-02,43424101000000.0,12829453250000.0,,,,,1473456212500000.0,,,178580696250000.0,355.1740575,0.6737865675,-0.0344821775,0.81075597875
2023-03-03,60271584000000.0,14347152000000.0,,,,,1630398700000000.0,,,197977900000000.0,397.73665,0.658703565,-0.021776429999999958,0.837449785
2023-03-04,38249230000000.0,15524784333333.334,,,,,1664666166666666.8,,,249640850000000.0,428.45509999999996,0.6667290433333334,-0.9227598666666667,1.3800934333333335
2023-03-05,63675312800000.0,16526804200000.0,4.456899,19.875553,-7186112250000000.0,1.4301664e+16,1789735620000000.0,400154610000000.0,993826930000000.0,240633468000000.0,461.46516,0.677230098,-1.6760952800000002,1.54192488
2023-03-06,49736192000000.0,14936798500000.0,,,,,2438715100000000.0,,,222983940000000.0,450.296675,0.690234985,0.72805769,0.9496264999999999
2023-03-07,43754398000000.0,14335164000000.0,4.620980828571429,18.22105142857143,,,2565937971428571.5,,,231331928571428.56,415.5525985714286,0.6494803042857143,0.47085979571428577,1.0264978
2023-03-08,43305251500000.0,13791943000000.0,,,,,2546400350000000.0,,,223149750000000.0,474.32534499999997,0.625035365,-0.10702718499999997,0.902003365
2023-03-09,52782130333333.336,18255835000000.0,4.76045785,16.240097,2568023500000000.0,4175978400000000.0,2777139466666666.5,,,289559466666666.7,404.95125333333334,0.7609085666666666,-0.2648500333333334,1.2562826666666667
2023-03-10,65004316600000.0,15088965000000.0,,,-1.11569985e+16,4.198116525e+17,2081703600000000.0,1058283210000000.0,984278230000000.0,226183588000000.0,464.98951999999997,0.7813461979999999,-0.445961518,1.72723788
2023-03-11,56253765666666.664,12997763666666.666,,,,,2161911200000000.0,,,190369046666666.66,416.1586633333333,1.1506671,0.22543753789999998,0.3869273025
2023-03-12,59295088500000.0,13047636500000.0,,,,,2211904000000000.0,,,199216492500000.0,396.99593749999997,0.6825307875,0.458200855,0.638216325
2023-03-13,39571902000000.0,16373581000000.0,,,,,2783464266666666.5,,,238293830000000.0,354.6568333333333,0.7570150133333334,-0.1067798256666667,0.5812730166666666
2023-03-14,48736026000000.0,14888985833333.334,,,1.5587805333333334e+16,8118610100000000.0,2650485633333333.5,2399620333333333.5,1220166900000000.0,223760041666666.66,362.2532033333334,0.9787984333333334,0.1132607366666667,0.841905075
2023-03-15,23065297500000.0,16456528500000.0,,,,,2605696350000000.0,,,241418615000000.0,374.773425,0.88160835,-0.44097315000000004,0.759763235
2023-03-16,,,,,,,,,,,,,,
2023-03-17,47964374375000.0,16452802125000.0,7.4933405375,20.02055175,-4271614921250000.0,1.606697884e+16,2769302937500000.0,1892203120000000.0,1755763140000000.0,303760391250000.0,377.70359625000003,0.7121087575,0.27169842375,1.2384184425
2023-03-18,40990076333333.336,21313997833333.332,10.417515999999999,21.5089235,4369605883333333.5,3.89085185e+16,2771292350000000.0,1869206983333333.2,1791275266666666.8,430400186666666.7,365.83675999999997,0.9019874683333334,0.3439016353333333,1.7186920500000002
2023-03-19,38267500333333.336,23709034000000.0,11.452112166666666,20.441567333333335,-98437466666666.67,4.6142441e+16,2776174166666666.5,1874524700000000.0,1904895200000000.0,484734686666666.7,364.2474066666667,0.9127591700000001,1.0364380866666667,1.6195704333333334
2023-03-20,47624749000000.0,17497460500000.0,,,,,2627843550000000.0,,,279758185000000.0,397.200605,0.862467885,0.24280694999999997,1.05966595
2023-03-21,48708594166666.664,13821065833333.334,10.470963,22.1604025,3285221150000000.0,3308984400000000.0,2327254350000000.0,-695772600000000.0,1182165400000000.0,224601728333333.34,392.8224783333333,0.7668687483333333,0.40044706,0.7586354533333334
2023-03-22,57575201285714.29,16777580000000.0,6.784731,19.40524214285714,-8697427333333333.0,8.224229682e+17,2443728042857143.0,203424216666666.66,1085713413333333.4,273746247142857.16,363.0167528571429,0.7673566414285714,0.2597482057142857,1.0006293914285715
2023-03-23,33603434750000.0,18261448000000.0,,,1666761400000000.0,6992327500000000.0,2321379475000000.0,-787465450000000.0,922511950000000.0,295558082500000.0,334.27955499999996,0.9260304724999999,0.15047466787499997,0.86982038575
2023-03-24,34045040000000.0,18617949666666.668,8.5910543,21.146576000000003,,,2258975033333333.5,,,332916423333333.3,331.32619,0.98888228,0.1494359133333333,1.6359338266666665
2023-03-25,34708902500000.0,21324125000000.0,9.003546,22.134829,295070500000000.0,1.772868235e+17,2767295450000000.0,1076086000000000.0,2234795800000000.0,468891915000000.0,350.3491,0.9084422999999999,-1.13219815,1.8517325
2023-03-26,52486978142857.14,14557998714285.715,9.752634,19.409431,1944996500000000.0,5.5498741275e+17,2945474771428571.5,2133367200000000.0,1460446750000000.0,226315851428571.44,374.95572285714286,0.8064436014285715,-0.23536955814285715,0.8575051042857142
2023-03-27,46710452666666.664,14772759166666.666,4.3095384,18.403101,7158287000000000.0,5446510300000000.0,2583877433333333.5,886046500000000.0,982672000000000.0,225789870000000.0,389.9873583333333,0.7501672249999999,0.4148065083333334,0.7458879566666666
2023-03-28,34205033000000.0,19830237500000.0,,,,,3100465750000000.0,,,412130535000000.0,391.96128999999996,0.94056312,0.34987583,0.795990715
2023-03-29,57333135666666.664,17242557666666.666,2.3365743,18.82372,,,2652635633333333.5,,,268611950000000.0,423.90889666666664,0.7587149200000001,-0.2432695943333333,0.74579732
2023-03-30,49105529250000.0,16465101750000.0,6.1039677,21.819502,1.53863245e+16,8509273250000000.0,2581274425000000.0,725221350000000.0,1124453230000000.0,241468297500000.0,408.5053875,0.7989276825,0.24587079250000005,0.8984161749999999
2023-03-31,48948331375000.0,13047268250000.0,,,,,3348174725000000.0,,,193459176250000.0,373.21726,1.09678480875,0.026657994249999997,0.8217973187500001
2023-04-01,50591536500000.0,13771101000000.0,,,,,2625929750000000.0,,,251325840000000.0,361.94147499999997,0.896370115,-0.300961883,0.47679269999999996
2023-04-02,51849606500000.0,14839771000000.0,,,,,2635480650000000.0,,,269808855000000.0,366.7155,0.829286905,0.1650945275,0.379740145
2023-04-03,59912590500000.0,18679259000000.0,2.635278125,18.01286725,7631181700000000.0,6456701900000000.0,2669456900000000.0,-424992350000000.0,1282268900000000.0,363681925000000.0,387.9646075,0.8276419825,-0.4802056825,1.21646755
2023-04-04,56438932666666.664,15316651333333.334,,,,,2771590066666666.5,,,249173130000000.0,382.56477333333333,0.8607670500000001,0.13842453,0.5885966666666667
2023-04-05,46857296166666.664,13638048166666.666,,,,,3122325150000000.0,,,223477745000000.0,366.139575,0.7578387833333333,-0.09951541000000001,0.83233528
2023-04-06,53757076666666.664,15535574333333.334,,,,,2979387833333333.5,,,258600790000000.0,343.97847333333334,0.7910078333333334,0.22163233000000002,0.56583697
2023-04-07,57869590500000.0,20016907000000.0,,,,,2724484400000000.0,,,410541515000000.0,381.32622000000003,0.833174375,0.60896588,0.840452685
2023-04-08,50086341000000.0,20417018500000.0,11.627104500000002,20.644000499999997,-4797843320000000.0,1.65676403e+16,3117966400000000.0,1572306200000000.0,1544855200000000.0,417640335000000.0,375.68797,0.8542504175,-0.25334864749999997,1.012517375
2023-04-09,42392530000000.0,19248777500000.0,12.090539,20.742182,-1.1669775e+16,2.1762264e+18,3801212300000000.0,,,392685960000000.0,370.139055,0.795088325,-0.2614587365,1.4461029
2023-04-10,35716966250000.0,17756945500000.0,12.66671975,19.43959325,6555707000000000.0,3.5118000033333332e+16,3032755625000000.0,-986067050000000.0,2145241700000000.0,367146767500000.0,371.112205,0.7221347875,-0.054210444999999996,1.16682185
2023-04-11,48198551333333.336,24050576000000.0,11.474172000000001,17.452502666666664,5917301333333333.0,1.7134314e+16,3109928400000000.0,734031200000000.0,2330991000000000.0,535050133333333.3,377.38337333333334,0.8499193033333334,0.29219960733333333,1.9745653
2023-04-12,37477339833333.336,21333287333333.332,,,-7078241305000000.0,2.8964251965e+16,2921563200000000.0,-244271033333333.34,1263987000000000.0,405633501666666.7,371.9570166666667,0.8536189150000001,-0.8589050156666667,1.2239292833333335
2023-04-13,53101482000000.0,15503337500000.0,,,,,2858633750000000.0,,,259047715000000.0,377.80507,1.00803705,0.13001712499999998,0.57433771
2023-04-14,50119340333333.336,14398397666666.666,,,,,3286308566666666.5,,,237582123333333.34,345.69596333333334,0.9855543466666666,0.21524808933333336,0.4201667066666667
2023-04-15,43837535428571.43,13950810142857.143,,,8464182600000000.0,5449627150000000.0,2989888928571428.5,853264350000000.0,1487329750000000.0,245069428571428.56,342.98534571428576,0.9256676785714285,0.002467929999999983,0.8178952557142857
2023-04-16,56230072000000.0,15860130200000.0,10.780294,17.186162666666664,-488652333333333.3,2.8691890666666668e+16,3348999580000000.0,1602673800000000.0,1087245800000000.0,243787740000000.0,395.51014599999996,0.9297516399999999,0.1321822568,0.7940809499999999
2023-04-17,51977146666666.664,17253187666666.666,,,,,2895008500000000.0,,,287885806666666.7,352.7841833333334,0.8758766833333334,0.05991438033333333,0.5168085566666667
2023-04-18,60968286500000.0,19888676000000.0,7.501011849999999,18.9764215,,,3150459700000000.0,,,380997860000000.0,374.97407,0.8429512,0.210102087,0.52417749
2023-04-19,46980699400000.0,18354994200000.0,10.972489,21.853369,1.8211295e+16,7823868000000000.0,3627509640000000.0,1541792100000000.0,1732282100000000.0,349970724000000.0,386.211452,0.739925724,0.706117868,1.11737166
2023-04-20,35026514285714.285,19865725285714.285,10.894499357142857,17.491293714285714,8980917920000000.0,1.2785863e+16,4091188442857143.0,2731429100000000.0,2021157560000000.0,464458782857142.9,385.23014714285716,0.7437053342857143,0.1279984242857143,1.1416067157142857
2023-04-21,38776687666666.664,22494969000000.0,7.962721366666667,19.265879,-6410516500000000.0,7.031000222e+17,3587585533333333.5,1170236500000000.0,2086606750000000.0,509276806666666.7,359.40311,0.9382853999999999,-0.5168535333333334,1.0161434666666667
2023-04-22,34853167666666.668,21480787666666.668,8.078153166666667,18.994948333333333,2.6367208e+16,1.2423663e+16,3587418466666666.5,,,433579620000000.0,333.81955666666664,1.0511695,0.0950741333333333,1.1137678233333335
2023-04-23,37798055000000.0,22233970000000.0,10.432382,18.8354445,-1247099800000000.0,5973912250000000.0,3630406150000000.0,,,507719270000000.0,340.16443,0.8217635,-1.59158095,0.94839645
2023-04-24,41359341000000.0,18484880000000.0,10.941298,19.189727285714287,4752742314285714.0,9619107814285714.0,3827393357142857.0,1540031450000000.0,1942658600000000.0,411496550000000.0,355.7581014285714,0.7573863514285714,-0.8495446514285714,1.0922096857142858
2023-04-25,37700818333333.336,18817864666666.668,11.6855212,19.479737800000002,5726622425000000.0,5760704500000000.0,3974167500000000.0,2247304050000000.0,1597255150000000.0,383861535000000.0,400.8201716666667,0.7379839616666667,-1.1016420033333334,1.1651327933333333
2023-04-26,50404722250000.0,16362007750000.0,,,,,3408701200000000.0,,,272954060000000.0,353.545955,0.82929385,-0.2505544925,0.4876990825
2023-04-27,51136464000000.0,20806213500000.0,3.180595525,18.204342,,,3641057275000000.0,,,396377402500000.0,389.88068250000003,0.8643505275,-0.00018962374999999254,0.813168125
2023-04-28,34653543500000.0,19045664250000.0,3.6031818,20.16444,2.0444251e+16,8227607150000000.0,3598886500000000.0,1442935250000000.0,1581327150000000.0,339419267500000.0,391.864355,0.8476816125,0.172957174,0.9454558000000001
2023-04-29,47527076000000.0,19380173500000.0,8.917845875,18.653054875,133668025000000.0,2.297052247e+17,3995054225000000.0,4737684150000000.0,2798562400000000.0,394853456250000.0,365.68944125,0.777047625,-0.335068685,0.9859130725
2023-04-30,44165814000000.0,15626779500000.0,,,,,3327147000000000.0,,,265739395000000.0,357.46077,1.0870602,-0.047492439,0.6015555
2023-05-01,50473066666666.664,26675876000000.0,7.839379033333333,17.509201333333333,-1.4487309133333334e+16,1.86374823e+16,3867846466666666.5,1601848523000000.0,2429789433333333.5,758091766666666.6,369.0896133333333,0.9078111333333334,-0.19666483333333332,1.124814
2023-05-02,38373974000000.0,23208877000000.0,,,165771000000000.0,4.6267559375e+16,4303050780000000.0,2283895500000000.0,1519718400000000.0,474814434000000.0,370.932746,0.8885803299999999,-0.444482483,1.05343098
2023-05-03,54839451500000.0,21057868000000.0,5.772733,18.222252,-5438247500000000.0,2.221341971e+16,4071253950000000.0,,,500701280000000.0,370.58055,0.7663613499999999,-1.36763921,0.98885646
2023-05-04,37521246833333.336,17035471166666.666,6.145462925,19.57975475,1.1907448e+16,5134665000000000.0,3938802866666666.5,,,324030963333333.3,370.71363,0.81412248,0.05033094333333334,0.815573775
2023-05-05,29446520000000.0,21508043500000.0,3.1802962,18.3047895,,,3607185000000000.0,,,419308185000000.0,361.60907,1.29409625,-0.48490269999999996,0.93845405
2023-05-06,53706655000000.0,24168309500000.0,4.76992675,17.375331,-1.484669895e+16,1.43059408e+16,4247735150000000.0,3415114000000000.0,2103325500000000.0,641021300000000.0,373.59591,0.8869112299999999,0.6773723999999999,1.1937399
2023-05-07,74863115000000.0,24321395000000.0,6.814290175,16.66551475,-2.058048675e+16,3.1951306e+16,3768740875000000.0,1385101800000000.0,2074184900000000.0,636455812500000.0,392.12129,0.8282079375,-1.68599915,1.0334508875
2023-05-08,53510547500000.0,20773973500000.0,7.8471984500000005,18.2358075,3088024800000000.0,1901187800000000.0,3943747800000000.0,,,471517850000000.0,391.26481,0.74324585,0.10197885000000007,1.22297485
2023-05-09,35810607666666.664,19260189500000.0,8.697432833333332,18.640381833333333,-2255785520000000.0,3.3361729664e+17,4033843216666666.5,684330960000000.0,2007884200000000.0,452338853333333.3,373.36274166666664,0.745892465,0.35739629000000006,0.9769808133333333
2023-05-10,30277744333333.332,21905418666666.668,7.515563333333333,19.282280333333333,3707677250000000.0,4756351000000000.0,4567918200000000.0,,,440822536666666.7,375.1771833333333,0.8582061466666667,-0.4305018333333333,0.8423109466666666
2023-05-11,46867819250000.0,25714706250000.0,9.93864525,16.191917250000003,-6118434600000000.0,1.219784175e+16,4007152150000000.0,1794618987500000.0,2270708900000000.0,703130910000000.0,388.025375,0.849409875,-0.93961629575,0.5847979000000001
2023-05-12,42182893500000.0,24704727500000.0,11.6862835,17.0044765,227004350000000.0,1392385700000000.0,3898482100000000.0,,,601789890000000.0,365.93859999999995,0.8151371199999999,0.61139885055,0.6311294805
2023-05-13,24046872500000.0,19105042500000.0,15.131408,18.1697685,9082049950000000.0,3450136950000000.0,3683135650000000.0,,,428117250000000.0,366.22126000000003,0.78673905,-0.34473565,14.76248693
2023-05-14,39121781875000.0,17333714875000.0,12.6758220625,19.69147625,-383379280000000.0,8890926280000000.0,3812679137500000.0,4680190000000.0,1633740700000000.0,373910101250000.0,364.37894374999996,0.7116512675,0.24908217387500003,1.348355135
2023-05-15,28878438800000.0,21347902600000.0,,,1.9372421e+16,7433651150000000.0,3983561840000000.0,-203039285000000.0,1182310150000000.0,391958826000000.0,372.67774,0.945235788,0.145513564,0.916629712
2023-05-16,46747266666666.664,17805073333333.332,,,,,4081742766666666.5,,,301359260000000.0,365.82892999999996,0.8526125766666667,0.028416078333333334,0.6147149233333334
2023-05-17,48511092000000.0,17573198500000.0,,,,,3460482950000000.0,,,261254815000000.0,324.967,1.31721775,0.20782467,0.83595232
2023-05-18,44291898833333.336,17477758833333.334,,,-5846641800000000.0,1.554310005e+16,3600554366666666.5,264125130000000.0,1279837900000000.0,290762411666666.7,332.22594166666664,0.96087852,0.26983633166666665,2.957727981666667
2023-05-19,39050701833333.336,19398067500000.0,12.3770205,20.577512,-9565396866666666.0,3.0649692333333332e+16,3816578283333333.5,-241577835000000.0,1267784400000000.0,399427473333333.3,334.584835,0.8530362083333333,-0.23653976,0.9963251716666667
2023-05-20,36004042400000.0,25516594000000.0,12.7958936,17.0841928,1.01671844e+16,4.50656543e+16,4373826040000000.0,1740566860000000.0,2229981900000000.0,660629280000000.0,349.699456,0.95520958,0.21826746799999994,1.6457497159999999
2023-05-21,29280325333333.332,26072919000000.0,11.400635,17.372093333333336,1.309146998e+16,5454894666666667.0,3980319900000000.0,,,608289266666666.6,338.06901666666664,0.9624912166666667,-1.1488465,0.6803705233333334
2023-05-22,50051286500000.0,21769119000000.0,8.704615,19.823832,,,4180164300000000.0,,,383507425000000.0,350.255225,0.8940812499999999,-0.4658951250000001,0.63111808
2023-05-23,38237892142857.14,17646354285714.285,13.2629585,20.308228999999997,1.26132225e+16,6044037700000000.0,4246833900000000.0,540015870000000.0,1572881800000000.0,341007477142857.1,350.3426028571429,0.8604145,-0.09286422971428572,22.657485278571425
2023-05-24,32655449285714.285,19494208428571.43,13.981550799999999,19.0637884,7286030060000000.0,1.14497278e+16,4103611485714285.5,1300335833333333.2,1326236800000000.0,410761511428571.44,353.6681528571429,0.7931434285714286,0.3923082685714286,1.5840288900000001
2023-05-25,39506661333333.336,24428993333333.332,17.297202666666667,17.970350999999997,988042513333333.4,1.62505257e+16,3915124633333333.5,,,557213773333333.3,340.30775,0.9200523,0.37201334666666663,1.3263384766666666
2023-05-26,37803705000000.0,23187244666666.668,9.500562233333333,15.251337999999999,816121600000000.0,1933992950000000.0,3883425166666666.5,,,467574003333333.3,326.05418000000003,0.9433171000000001,-0.12285214666666666,1.26887977
2023-05-27,54850447200000.0,21748302400000.0,8.768579500000001,18.163365,-7242053100000000.0,9158622200000000.0,3611038440000000.0,-932280180000000.0,1829771200000000.0,530268888000000.0,343.805274,0.855917048,0.26300288834579993,1.1805737800315999
2023-05-28,26886897900000.0,20500626000000.0,10.96879175,18.295703375000002,3598169687500000.0,8.60203802875e+16,3960968800000000.0,954434035000000.0,2272577450000000.0,462162510000000.0,332.14454125,0.81823521875,0.08080301,2.10872572875
2023-05-29,35399342333333.336,22948852000000.0,12.288018333333333,18.139844999999998,-4183518500000000.0,2.8612731666666668e+16,4172077100000000.0,,,531614806666666.7,338.3341966666666,0.83395772,-0.16004835999999997,1.7790276666666667
2023-05-30,61470340000000.0,25253815000000.0,10.819968,17.5409945,-5999284000000000.0,1.3154797e+16,4132732400000000.0,,,511480780000000.0,364.10688000000005,0.9420433500000001,0.09416979999999997,1.00558052
2023-05-31,25841379500000.0,25801476500000.0,10.66555125,17.20515825,6435103375000000.0,3.1560588575e+16,4387636875000000.0,513066451000000.0,2092887300000000.0,641393225000000.0,338.2128325,0.9781875250000001,-0.688953575,0.8191067249999999
2023-06-01,37812806666666.664,21034024666666.668,14.698533333333335,17.978260666666667,7588529000000000.0,4198962200000000.0,4167822233333333.5,,,461000556666666.7,342.30333666666667,0.8286123499999999,0.5740077633333333,1.3434796400000002
2023-06-02,49222935000000.0,15349856000000.0,9.307379000000001,16.128251499999998,,,3805892214285714.5,,,294295574285714.3,365.6259942857143,0.8023845814285714,-0.21060780371428572,0.45137624299999995
2023-06-03,33974306666666.668,19831879000000.0,5.520156500000001,16.045520500000002,,,4341186900000000.0,,,359599893333333.3,378.13619,0.8460064166666666,0.26633549666666667,1.4713027666666667
2023-06-04,34455787000000.0,25139478500000.0,11.484489,17.89381,3897763000000000.0,2670633950000000.0,4197059100000000.0,696217550000000.0,1978272500000000.0,679602750000000.0,366.671495,0.933661465,-0.012196125000000002,0.88227231
2023-06-05,27403053640000.0,23457389400000.0,10.9528363,16.7546162,1839753340000000.0,1.958270152e+17,4449982857142857.0,32152300000000.0,1456974433333333.2,447339057142857.1,346.5390485714285,2.1299118957142857,-0.35888170799999997,0.897022404
2023-06-06,35280384666666.664,21618114333333.332,13.067862833333335,17.601073666666668,2242804000000000.0,4196338833333333.5,4401965633333333.5,,,522498650000000.0,339.6087933333333,0.7918120200000001,-0.6064541133333333,0.9126468666666666
2023-06-07,20973033500000.0,20379400250000.0,12.973358874999999,18.39975925,2.03006005925e+16,6176894410000000.0,4602182575000000.0,2183108900000000.0,1653353300000000.0,460530670000000.0,337.014755,0.8298505,0.320054724,1.1450518225
2023-06-08,22967016333333.332,23455422666666.668,11.409355666666665,17.57719,1.6863614666666666e+16,6734445533333333.0,4109134366666666.5,,,538376093333333.3,346.39715333333334,0.8291951833333333,-0.35002971666666677,0.9870078000000001
2023-06-09,31280767500000.0,26673271857142.855,13.939753571428572,16.678967714285715,387965500000000.0,2.5924922157142856e+16,4458077642857143.0,1468299778571428.5,1934728700000000.0,649443844285714.2,351.4604385714286,0.9318647,0.4869721871428571,1.1067453385714285
2023-06-10,24801798500000.0,19272350000000.0,8.993260333333334,16.42350666666667,1.01233044e+16,5654735466666667.0,5028021360000000.0,,,460075918000000.0,354.230978,2.177861798,3.8827627749999998,3.2652162700000003
2023-06-11,54965985000000.0,20593044500000.0,8.001619100000001,17.3518465,-1430887600000000.0,1348777700000000.0,4257860800000000.0,,,508035035000000.0,358.985705,0.75968655,-0.625907025,0.510264575
2023-06-12,43749157500000.0,17336141500000.0,,,,,3891948100000000.0,,,293283615000000.0,356.690585,1.2255541,-0.271421275,0.40624719
2023-06-13,27070541250000.0,22848217750000.0,,,4604503217500000.0,1.00867770875e+16,4470533475000000.0,2745716900000000.0,1624974500000000.0,492683502500000.0,360.2482425,0.9132015474999999,0.6452761175,1.30486871
2023-06-14,35072167000000.0,18609148000000.0,,,,,3811588300000000.0,,,358037730000000.0,344.2463,1.015644,-0.26427223,0.40114338000000005
2023-06-15,36354873000000.0,23481599666666.668,18.78013233333333,17.734193,-4621462100000000.0,1.3877632766666666e+16,4266009133333333.5,,,539560016666666.7,334.468,0.85216412,0.23566144,1.2113423766666667
2023-06-16,34304702750000.0,18278368500000.0,,,7068341500000000.0,3738762650000000.0,4011741300000000.0,1209279350000000.0,1313226200000000.0,317977620000000.0,334.561025,0.832463535,0.14824245025000002,3.3191852600000002
2023-06-17,37671918666666.664,18548869833333.332,,,1603464933333333.2,6267198733333333.0,3930011583333333.5,-667681400000000.0,1058546250000000.0,338409236666666.7,329.89786166666664,0.9563450566666667,-0.4325748733333333,1.1041180350000002
2023-06-18,39436494000000.0,18739087000000.0,,,-2646659000000000.0,1.39640796e+16,3579322120000000.0,-692455130000000.0,1000239875000000.0,331470626000000.0,333.4228,1.041713348,0.23114793139999995,2.5495599330000003
2023-06-19,31793623000000.0,19817432333333.332,24.709164,16.151386,,,4073552600000000.0,,,366995656666666.7,327.3970933333333,1.0152131333333334,0.48143493333333326,88.2836712
2023-06-20,42988009000000.0,22633743000000.0,24.3753165,16.9759845,1514206450000000.0,4218782500000000.0,4337503100000000.0,,,510450705000000.0,340.65907500000003,1.0390705,-0.5972566,0.61255972
2023-06-21,31890478571428.57,18688295571428.57,21.329260166666668,19.503959166666665,6783343270000000.0,3489739850000000.0,4563478071428571.0,1087577950000000.0,1676120200000000.0,391099392857142.9,318.47794285714286,0.8899843785714285,-0.5408398207142857,1.1803838085714287
2023-06-22,34644814500000.0,15646244666666.666,,,3868763700000000.0,2091044450000000.0,3774253550000000.0,-598892430000000.0,885929850000000.0,263118116666666.66,328.21174833333333,1.6896859433333333,-0.07776502666666667,0.9961221383333334
2023-06-23,32022665666666.668,26176899333333.332,15.5827425,18.268505,9806747233333334.0,5749618800000000.0,4993681833333333.0,3011324500000000.0,2460905433333333.5,634941620000000.0,310.98628333333335,1.0239997333333333,0.07191299,0.9090036
2023-06-24,28394369333333.332,21434307000000.0,,,,,4220909600000000.0,,,381272173333333.3,322.26634333333334,1.226392,-0.06041369666666666,0.14991318733333334
2023-06-25,29704833720000.0,22392719800000.0,,,5156585860000000.0,9026297520000000.0,4535902400000000.0,897686350000000.0,1783274650000000.0,509010624000000.0,334.17633,0.911486236,-0.32619835080000004,1.3085464732
2023-06-26,28846100500000.0,17398748625000.0,16.81544925,19.695313249999998,,,4536053062500000.0,,,314030475000000.0,343.95132875,0.8752749612499999,-0.07908900875,0.80146441875
2023-06-27,28827848000000.0,19939789000000.0,14.7222765,18.9506745,,,3882875350000000.0,,,399776365000000.0,323.259445,1.0073410200000001,-0.207887465,1.80304475
2023-06-28,50100590000000.0,18216795500000.0,,,,,3946967650000000.0,,,347806115000000.0,333.24011,1.09753165,0.16170955,0.523945385
2023-06-29,35609307800000.0,23371273200000.0,19.499507666666666,18.58888,3025936825000000.0,6.249728945e+16,4234313920000000.0,1416526385000000.0,1445750950000000.0,513367858000000.0,343.51506600000005,0.943160632,0.018643800000000033,1.6369848560000002
2023-06-30,42095723000000.0,21017960500000.0,20.7504215,17.1828595,-3795633600000000.0,4361916000000000.0,3889999100000000.0,,,482195475000000.0,332.80777,0.855778545,0.417601335,0.96722664
2023-07-01,26414615333333.332,17503143000000.0,19.49289775,19.135483,,,4398298433333333.5,,,318895315000000.0,338.6191483333333,0.8288783116666667,0.34831797166666667,0.752787371
2023-07-02,34971200500000.0,16844400500000.0,,,,,4041350000000000.0,,,283319950000000.0,334.71623999999997,0.85118033,0.24262039500000002,0.9818471150000001
2023-07-03,35349516500000.0,18426310000000.0,,,,,3648446150000000.0,,,321044080000000.0,316.985945,0.9575853,-0.06410303,0.5569163
2023-07-04,24109589833333.332,21147903933333.332,15.345117,17.33628625,1.39583644e+16,5514638500000000.0,4803820166666667.0,987818146666666.6,1498921666666666.8,511639981666666.7,333.13848333333334,1.5140593383333332,0.2985665456666666,1.6064624133333334
2023-07-05,30724470000000.0,21236124000000.0,13.267274,18.072034,-3644757200000000.0,3719345000000000.0,3973995200000000.0,,,493034700000000.0,319.44003499999997,0.908243745,0.329265185,1.6372281000000002
2023-07-06,30984054166666.668,15382283500000.0,,,,,3728295750000000.0,,,267120705000000.0,316.2132,1.7218244666666667,0.005668416666666662,1.6730523166666664
2023-07-07,36575193000000.0,25562034333333.332,15.337310333333335,16.949403333333333,-4201756033333333.5,1.1346311053333334e+16,4342949766666666.5,-309956935000000.0,1871465300000000.0,646344680000000.0,324.30734666666666,1.0021982333333332,0.5270059766666667,1.3861585466666666
2023-07-08,36171191250000.0,23463190750000.0,13.51972575,17.00350625,-1.223363365e+16,5.930155e+16,4094826375000000.0,397785470000000.0,1482929000000000.0,493636155000000.0,337.80578249999996,0.913433785,-0.16330289249999996,5.5353387575
2023-07-09,40600674750000.0,18987401500000.0,18.099801666666668,16.565191666666667,-1614390866666666.8,7.977154203333333e+16,5011146640000000.0,,,419569480000000.0,334.35449800000004,2.267868408,0.5456757624999999,1.5970170074999999
2023-07-10,31149864000000.0,16825766000000.0,18.387081,15.703265,,,3914715500000000.0,,,324538730000000.0,336.45418,0.8232389250000001,-0.298785105,0.39411846
2023-07-11,25741174875000.0,16941119375000.0,8.1636656125,19.6075225,1.1188634333333334e+16,4897434833333333.0,4116014350000000.0,1040958266666666.6,1339932500000000.0,338641728750000.0,335.92581,0.7829106299999999,0.32503195625,15.902504427499998
2023-07-12,23028363050000.0,25493563000000.0,10.738650999999999,17.5668165,8404472625000000.0,6495367775000000.0,3877336800000000.0,-747312966666666.6,1538703300000000.0,572685195000000.0,330.415115,1.0071738675,1.32442845,1.510151475
2023-07-13,63384260000000.0,24251695000000.0,16.1117975,17.123468000000003,-1.73729975e+16,8.5081671e+16,4676867400000000.0,,,572479315000000.0,323.442445,0.8852289,-0.26417765000000004,0.99041035
2023-07-14,43089430000000.0,23599428000000.0,21.4588355,18.327878,-131140500000000.0,4.4535516e+16,4591602350000000.0,,,602037800000000.0,334.15990999999997,0.8538236699999999,-0.07591662499999999,0.84613808
2023-07-15,25419272200000.0,19587490200000.0,15.9651049,18.773851,4502304872000000.0,2646247766000000.0,3967238820000000.0,760121000000000.0,1448419150000000.0,419103452000000.0,322.521068,0.813162494,0.362979316,0.788781378
2023-07-16,31389175300000.0,20445864333333.332,29.13101766666667,18.099257777777776,4372436177777778.0,2.0759268144444444e+16,3825772144444444.5,-404443562833333.3,1481639300000000.0,462726492222222.25,305.27779444444445,0.8971934355555555,0.6150168866666667,1.5673973311111111
2023-07-17,11987932025000.0,25067851500000.0,21.493143250000003,17.027708,2876320425000000.0,1.633788333e+17,3846690600000000.0,-324079825000000.0,1798831525000000.0,649837930000000.0,307.7991175,1.044433475,1.355416875,1.513941825
2023-07-18,36325212500000.0,18796224000000.0,,,,,4307666850000000.0,,,322387770000000.0,350.957875,1.55724635,-0.032126265,1.79524205
2023-07-19,33352339000000.0,19290335333333.332,,,,,4004574600000000.0,,,324396016666666.7,319.79608,0.9792773666666666,-0.7964025933333333,0.4905044166666667
2023-07-20,38264785714285.71,17338483285714.285,15.1165628,19.8048516,3157283000000000.0,1.30500865e+16,4299033114285714.5,1686109750000000.0,1314207800000000.0,329258312857142.9,348.51295,0.8045095414285715,-0.3415118202857143,2.098987675
2023-07-21,42369066166666.664,16451681166666.666,12.398183,19.2721596,-1127768450000000.0,2523901650000000.0,4184165100000000.0,793507500000000.0,951205930000000.0,295727865000000.0,356.8520316666666,0.8248051049999999,-0.22664141233333332,0.7006317000000001
2023-07-22,38968020000000.0,17809692333333.332,,,,,3884956000000000.0,,,312079133333333.3,346.16478333333333,1.1745147666666667,0.29617834666666665,1.5528550999999997
2023-07-23,51840206666666.664,21283930666666.668,14.89806,18.046604,,,4125893300000000.0,,,381820376666666.7,345.2731233333334,0.9521922799999999,-0.12575279666666667,5.1160905266666665
2023-07-24,21830040000000.0,21659208500000.0,,,1.76918515e+16,7278574800000000.0,3941144825000000.0,816444640000000.0,1314367850000000.0,395423020000000.0,335.54219,0.91952285,-0.31985095625000004,2.7126843274999994
2023-07-25,28186024750000.0,17842584000000.0,21.55454575,18.66499425,,,4192247500000000.0,,,314126637500000.0,334.2899825,0.84512436625,-0.124096973125,0.611798505
2023-07-26,7835012500000.0,19752000000000.0,16.238429,17.801322,1.9989151e+16,9015484000000000.0,4505905300000000.0,,,428151615000000.0,339.4463,0.86615655,0.290003495,1.43054605
2023-07-27,46028073500000.0,16748485000000.0,,,,,3543183200000000.0,,,280036970000000.0,355.177815,2.5246708499999997,-0.030144365000000006,0.5536612
2023-07-28,29636869500000.0,25269865250000.0,15.3764645,18.00871025,-1879634250000000.0,2.5531100625e+16,3905542375000000.0,-736491875000000.0,1403476100000000.0,516688582500000.0,341.4924225,0.9515216375,0.3175983,15.500998225000002
2023-07-29,27150124333333.332,18925980000000.0,16.329159333333333,17.567798,,,4100007666666666.5,,,367727260000000.0,325.62150333333335,0.8739728333333333,-0.24329638466666667,0.45322018999999997
2023-07-30,35896051714285.71,13932445285714.285,,,,,3607114071428571.5,,,252376160000000.0,326.46216999999996,1.5615766285714285,0.1337210867142857,0.7150697928571429
2023-07-31,38665195500000.0,19469105500000.0,,,,,4165344650000000.0,,,356804730000000.0,329.64216999999996,1.0483070749999999,0.10734549999999998,0.7232139200000001
2023-08-01,27137610000000.0,21044563000000.0,,,,,3626168950000000.0,,,435252505000000.0,314.09889,1.0231355500000001,0.416460205,6.1016718
2023-08-02,36796955500000.0,17662139500000.0,,,1.56649565e+16,5393779150000000.0,4066630325000000.0,776249455000000.0,1042130150000000.0,290068905000000.0,335.06225,0.9868196650000001,0.135223135,1.0380934025
2023-08-03,21683258200000.0,16089811333333.334,,,,,3279853100000000.0,,,257861133333333.34,287.99182666666667,1.3601202666666667,-0.29378539333333337,0.32363449666666666
2023-08-04,16127353150000.0,17531227250000.0,19.586212,19.220228666666667,1.97403515e+16,7017270500000000.0,4088995550000000.0,,,359311535000000.0,289.67745249999996,1.0169434375,1.201411405,1.37393755
2023-08-05,15831262800000.0,22720796333333.332,32.340755,19.009384,,,3817770100000000.0,366750350000000.0,2402383000000000.0,536064996666666.7,288.71625,1.1642986333333332,-0.324708,0.9921333766666667
2023-08-06,47600652571428.57,24500853857142.855,30.352858142857144,18.14379542857143,-5776934742857143.0,2.9230096157142856e+16,3898034457142857.0,788948888571428.6,2121333242857142.8,638998582857142.9,279.73353285714285,1.1856290857142857,-0.3039526447142858,0.7899712414285714
2023-08-07,24719404000000.0,13675869333333.334,,,,,3604398333333333.5,,,253013813333333.34,296.38749333333334,3.7357138666666665,0.22237856666666667,0.4496033466666667
2023-08-08,24912782000000.0,17133564000000.0,11.5991175,20.6897515,,,3822211100000000.0,,,303723865000000.0,303.23078499999997,1.049414,0.050856330000000005,5.4899001499999995
2023-08-09,34477417125000.0,16516751875000.0,12.180595,20.398205,5516061800000000.0,3539876350000000.0,4137791837500000.0,1476120080000000.0,1397012200000000.0,289756812500000.0,319.1815425,0.83677365125,-0.26007454875,0.9202787425
2023-08-10,21650059460000.0,20442932000000.0,18.6214902,18.897455400000002,-4798925700000000.0,5.90864795e+16,4120809000000000.0,360839915000000.0,1253610050000000.0,415960510000000.0,320.85675000000003,0.8948421740000001,-0.27787504399999996,0.72512142
2023-08-11,31696093333333.332,19239691000000.0,18.873983,18.766832,,,3753596766666666.5,,,333520976666666.7,300.68034,1.1029866333333336,-0.13083005666666667,0.54846289
2023-08-12,14363430500000.0,22481957500000.0,17.782358000000002,19.386632,1.140736415e+16,5265276600000000.0,3626867300000000.0,,,603417800000000.0,281.822495,1.0330441499999998,0.478879225,2.1719356
2023-08-13,21311581800000.0,18626249200000.0,,,1.2408820333333334e+16,1.4256503166666666e+16,3437937660000000.0,147087620000000.0,1321053900000000.0,338657258000000.0,273.491664,1.006524546,-0.20318960800000005,1.024636048
2023-08-14,27373761857142.855,18376298285714.285,18.5641145,19.2744155,4492096925000000.0,3842409100000000.0,3578554785714285.5,619332578333333.4,1589865166666666.8,413938414285714.3,284.3120942857143,1.1323030528571427,-0.33881051571428566,0.8106787728571428
2023-08-15,36298714000000.0,19546421666666.668,,,-4353487800000000.0,5389003000000000.0,3423443533333333.5,-900879500000000.0,1155295700000000.0,363578350000000.0,267.49426666666665,1.2732749333333333,-0.03697791666666666,0.78826093
2023-08-16,35470775000000.0,25462952000000.0,28.463317,18.4461115,-1.04384498e+16,3.779987155e+16,3201201300000000.0,-549352000000000.0,2264681450000000.0,713419380000000.0,262.334245,1.2317965000000002,0.261713085,0.8890324549999999
2023-08-17,32283179666666.668,21175648666666.668,28.190718,19.998905,4802094750000000.0,5622741250000000.0,3883898500000000.0,,,476708840000000.0,257.2381633333334,1.1534403,-0.7722491333333333,0.6916673633333333
2023-08-18,20038367075000.0,19199231375000.0,30.0143615,20.356257625,1.68330099e+16,6949462712500000.0,3672929512500000.0,820605886800000.0,1615609240000000.0,417967410000000.0,264.73789375,0.9545778375,-0.48697117125,0.97335221125
2023-08-19,26104142428571.43,18095477857142.855,24.5635185,19.7150185,1.08907218e+16,5370230200000000.0,4053111957142857.0,1213779700000000.0,1256839466666666.8,341585217142857.1,276.8963957142857,1.0299474642857143,-0.12742916285714287,0.69406883
2023-08-20,37771277333333.336,23441935000000.0,33.0271495,18.210915,2823877000000000.0,3.9497954e+16,3206257666666666.5,-93722410000000.0,1707730400000000.0,529705656666666.7,266.78361666666666,1.1386114666666665,-1.0969636133333334,0.7790939899999999
2023-08-21,37295928333333.336,18532081666666.668,23.335443,16.91225,-965633140000000.0,1067878900000000.0,3297177066666666.5,,,317898773333333.3,268.47463999999997,0.9469774166666666,-0.025185316333333336,0.42473436
2023-08-22,28890222750000.0,20177921250000.0,12.956174,20.03778,5491337500000000.0,2.61578405e+16,2786953775000000.0,-1704554300000000.0,1410403250000000.0,412865375000000.0,269.108085,1.100003025,-0.07585479249999999,1.9924539
2023-08-23,32133427625000.0,16695281250000.0,15.031218875,18.456827375,,,3592595162500000.0,,,290440730000000.0,281.68628875,0.97655172625,-0.4029412275,0.9722425337499999
2023-08-24,36902121000000.0,16537870000000.0,,,,,3218724350000000.0,,,268885945000000.0,282.497415,1.0717644,0.128794505,0.5213319599999999
2023-08-25,34021449000000.0,21678198000000.0,,,,,3160709250000000.0,,,382854400000000.0,274.107375,1.12036495,-0.122441325,0.352108535
2023-08-26,34744105900000.0,19709092000000.0,,,4103766750000000.0,2528081030000000.0,3604654400000000.0,1811188300000000.0,1327000050000000.0,342508835000000.0,269.63417749999996,1.2115427,0.016521621499999993,1.2806596285
2023-08-27,35595271500000.0,18162755500000.0,28.700474,18.624105,,,3884115150000000.0,,,335465290000000.0,268.72204,1.0604176,1.231698285,0.69377767
2023-08-28,31886398250000.0,14819194375000.0,30.0594295,21.069538,,,3483961887500000.0,,,233326511250000.0,267.71927875,1.041725695,-0.009747464375,0.59912941625
2023-08-29,24309019000000.0,14774882000000.0,,,,,3271136900000000.0,,,228091160000000.0,278.128,3.088738433333333,0.08112958666666667,0.6822113733333334
2023-08-30,29841703666666.668,25681065333333.332,32.2843715,19.289962,1.99424772e+16,8371560333333333.0,3865143500000000.0,1942892400000000.0,2147015633333333.2,616103816666666.6,277.58404666666667,1.115539,-0.11750780333333333,1.0744163566666667
2023-08-31,50495751000000.0,17771194400000.0,25.178055,18.4099295,2508332000000000.0,6721738200000000.0,3830288580000000.0,618343400000000.0,940428500000000.0,274159524000000.0,289.295504,0.9976046459999999,0.023450369299999985,0.3771651906
2023-09-01,32218176333333.332,19560699333333.332,,,267259633333333.34,3004847466666666.5,3999325233333333.5,,,431657966666666.7,299.28369000000004,0.8508470666666667,0.3123936666666667,1.0425107
2023-09-02,36295084500000.0,17553208500000.0,18.102556,20.637721,2865842650000000.0,1789683260000000.0,3481433700000000.0,,,345928590000000.0,302.988245,0.893776785,-0.09863317749999999,0.7953145
2023-09-03,27352388666666.668,21791591666666.668,15.154381333333333,18.821314333333333,,,3994840966666666.5,,,498373893333333.3,306.84807333333333,0.9492382666666667,-0.4018754466666667,1.7011270333333333
2023-09-04,39002278471428.57,24158328285714.285,13.929409785714286,17.60670842857143,167863228571428.56,1.3145007467142858e+17,3021395714285714.5,-722325874000000.0,1709063800000000.0,517892948571428.56,262.7880942857143,1.2289281285714286,-0.7547440638571429,0.80288053
2023-09-05,14801435000000.0,19945906333333.332,16.377974666666667,19.756430333333334,,,3033431066666666.5,,,405855430000000.0,254.40885,1.1480621666666666,-0.4065452633333333,0.4967504
2023-09-06,23836352000000.0,17295719333333.334,22.949203500000003,19.999521,1.9008867e+16,7291651000000000.0,3403633033333333.5,,,363114933333333.3,267.3980933333333,0.8643098666666665,0.1875374,0.8623255333333333
2023-09-07,30663779050000.0,17953109333333.332,14.292775624999999,21.412134000000002,1531528916666666.8,9981151966666666.0,3229560400000000.0,654840315000000.0,1724370175000000.0,405025555000000.0,275.51007666666663,0.9111723,0.32673778833333333,1.7953473500000001
2023-09-08,34689272800000.0,25662844800000.0,18.3910302,20.292329799999997,4207735240000000.0,1.575205912e+16,3248308280000000.0,927544464000000.0,2001254060000000.0,645492002000000.0,266.278928,1.22376412,0.188951038,1.672556552
2023-09-09,38836233000000.0,25083020000000.0,22.463078,20.655176,1.644131535e+16,8569907800000000.0,3209653050000000.0,888721530000000.0,2153552850000000.0,594072650000000.0,264.02358000000004,1.2552413,-0.22961129999999996,1.168468325
2023-09-10,53971076500000.0,19927609500000.0,,,,,2562966550000000.0,,,344988585000000.0,259.46699,1.4123115,-0.37728216000000003,0.47558595000000004
2023-09-11,34609703200000.0,18625779000000.0,24.03248,20.550884,-1.096110798e+16,4.202895472e+16,3094712640000000.0,1438145080000000.0,1899316933333333.2,395895180000000.0,268.91456,0.8992831219999999,-0.151526032,1.2291630980000001
2023-09-12,24301792333333.332,18099303166666.668,20.515674833333332,20.799796333333333,6098699250000000.0,5.51015163725e+17,3201917916666666.5,1195437400000000.0,1377210950000000.0,374515015000000.0,273.24833666666666,0.97486705,0.3997239483333333,1.2206133683333333
2023-09-13,42436520750000.0,23457493500000.0,27.565143749999997,19.25131675,7979477600000000.0,1.491968475e+16,3744442050000000.0,2191751680000000.0,2052567900000000.0,574953650000000.0,278.89447,1.092681525,-0.597238956,0.7264490275000001
2023-09-14,47878159333333.336,16025487666666.666,,,,,3370965200000000.0,,,266065140000000.0,281.6573866666667,0.9735936333333334,0.242908188,1.2417700766666668
2023-09-15,31178280333333.332,20853567333333.332,13.242485,20.009608666666665,1.6433409333333334e+16,7992904833333333.0,2938162366666666.5,,,490778800000000.0,274.92570333333333,0.9554281766666666,0.5668414666666667,1.1506957
2023-09-16,22649366142857.145,18376695428571.43,15.252913571428573,22.120585000000002,6197384828571429.0,6027935057142857.0,3230267857142857.0,2482761750000000.0,1746199700000000.0,412291668571428.56,261.2814114285714,0.9284993757142858,0.5486139642857142,3.0335165714285712
2023-09-17,29420238333333.332,19493309166666.668,17.599526666666666,20.58143516666667,-1280545400000000.0,4.06211495e+16,2702368333333333.5,-214915380000000.0,1365505150000000.0,394563951666666.7,263.68960833333335,0.9713517516666667,0.7355799883333334,1.5372788
2023-09-18,17586238086666.666,22731895000000.0,28.626079333333333,19.467724333333333,1.2807471e+16,1.9049814666666668e+16,3719268700000000.0,2971118100000000.0,2280384133333333.5,539911893333333.3,274.51373333333333,1.1415952333333335,0.6213346731333332,0.9812741686666667
2023-09-19,38564271666666.664,22204029666666.668,,,,,3344119866666666.5,,,421238123333333.3,267.8866,1.4132673,-0.6063961566666667,0.6663037966666666
2023-09-20,41961662000000.0,20503278800000.0,21.2923942,21.717505600000003,80559260000000.0,1.784686802e+16,2380928400000000.0,-543656160000000.0,1774295920000000.0,464899536000000.0,273.148826,0.999189292,-0.5286802479999999,1.0398496659999998
2023-09-21,22748292912500.0,19042070000000.0,25.9811905,21.69833475,2113393637500000.0,9243547778750000.0,2509140500000000.0,-220708010000000.0,1545302780000000.0,407814355000000.0,268.755825,0.93330402125,-0.11833823625,0.97050765875
2023-09-22,27479923500000.0,21882847000000.0,24.105190999999998,21.2515295,-651723000000000.0,1.026664325e+16,3034250700000000.0,1491278735000000.0,1822705450000000.0,481710445000000.0,263.884445,1.1100767,-0.28183024999999995,1.1835801
2023-09-23,25117465000000.0,20354055000000.0,,,,,2493146500000000.0,,,337279505000000.0,270.145215,1.17099705,0.026539984999999988,0.80974803
2023-09-24,38484928750000.0,16435237000000.0,,,-835340350000000.0,3805376000000000.0,2977678850000000.0,1276301750000000.0,973053670000000.0,241624152500000.0,276.2723775,1.1595910375,0.03561873749999999,0.845359225
2023-09-25,51139013000000.0,20620868500000.0,9.3994575,21.474342,-628722800000000.0,1.784462115e+16,2787303550000000.0,272893300000000.0,1509733950000000.0,401857965000000.0,275.963925,0.95049852,0.08554364999999997,1.314298225
2023-09-26,30651192428571.43,17666293571428.57,27.10505625,22.09500775,3362915895000000.0,6181937833333333.0,2849155771428571.5,1245109821750000.0,1681254400000000.0,341063982857142.9,250.95854285714287,0.9532036471428571,-0.27541844000000004,3.8881756428571426
2023-09-27,26405590500000.0,21851267000000.0,26.22957633333333,20.357633,1.5839973533333334e+16,1.0232594e+16,2727166800000000.0,318977413333333.3,1590691800000000.0,469820470000000.0,251.76724333333334,1.1062136666666667,0.5546938333333333,1.2043899666666666
2023-09-28,36193298333333.336,23822387333333.332,23.902643666666666,21.244404,1.6454858333333334e+16,9.159427e+16,2812291066666666.5,433614613333333.3,1730487833333333.2,533958310000000.0,265.2265333333333,1.2900364666666666,-0.43918555666666664,2.2002054666666666
2023-09-29,37291457800000.0,23095392800000.0,17.172189000000003,21.449283,840266360000000.0,4.602488518e+16,2748135380000000.0,713649800000000.0,1691672080000000.0,463992860000000.0,276.34809,1.11593934,0.466093622,1.122724648
2023-09-30,35889351000000.0,14000511000000.0,,,,,2408434766666666.5,,,208922323333333.34,286.534,1.3304515666666668,0.04438972,0.8203707800000001
2023-10-01,32728430000000.0,14443629500000.0,10.375359,23.26915,,,2387560050000000.0,,,204648317500000.0,297.9642425,1.05818515,-0.007751370000000007,1.27853296
2023-10-02,9178131000000.0,21707838500000.0,13.55692675,18.3910865,1.8186163e+16,7939145600000000.0,2822725250000000.0,,,351773590000000.0,274.500135,1.0321824,0.051985150000000035,1.14597025
2023-10-03,47903464000000.0,18906153500000.0,,,-5243740000000000.0,3.0941457866666668e+16,2324394033333333.5,-664722488666666.6,1015700330000000.0,301850968333333.3,274.03031833333335,0.9814323500000001,0.3541022983333333,0.8904628933333334
2023-10-04,43064552000000.0,18217461000000.0,13.625404,20.281595,,,2711971350000000.0,,,244524800000000.0,285.81507999999997,1.0393712,0.11723805899999999,1.78829349
2023-10-05,34433864500000.0,15481376000000.0,,,,,2475031450000000.0,,,214325460000000.0,283.61494000000005,1.5588609,-0.12152462999999997,1.505887625
2023-10-06,43893420875000.0,15425466750000.0,7.1973027125,22.844764875,-7461354275000000.0,7609179980000000.0,2092135837500000.0,-783910153333333.4,1456879000000000.0,244527217500000.0,278.0566225,0.82443431,0.296116504175,0.85785032725
2023-10-07,49342917200000.0,15482644200000.0,,,-3268896400000000.0,1.021131995e+16,2142306060000000.0,-394583575000000.0,847470380000000.0,232318152000000.0,279.827612,1.1257654599999998,0.8433997059999999,0.866494612
2023-10-08,52257613666666.664,18635678666666.668,4.762233666666667,21.800006333333332,,,1904370800000000.0,,,300655193333333.3,329.9640166666667,0.9357365333333334,0.8175387433333334,0.67674638
2023-10-09,46295182000000.0,17334769000000.0,,,,,2398024650000000.0,,,315427700000000.0,279.13406,1.114134,-0.20515615,2.1113755
2023-10-10,41463440833333.336,16489347500000.0,10.85793425,24.002672,782237850000000.0,2.45858325e+16,2092894050000000.0,-2264653083333333.5,1517456466666666.8,315818611666666.7,290.3457966666667,0.8334239333333334,-0.6127384300000001,1.71742255
2023-10-11,37080077000000.0,13047948777777.777,,,-2755647266666666.5,6417580290000000.0,2255059311111111.0,26154076666666.668,843263800000000.0,180300487777777.78,278.39843666666667,1.0405930622222224,-0.41617778666666666,0.8666011366666666
2023-10-12,35118675000000.0,15434544250000.0,,,-2155645100000000.0,2748443650000000.0,2284091975000000.0,128212883000000.0,857773850000000.0,233001817500000.0,285.9963025,1.161536775,-0.30295905,0.87267685
2023-10-13,37853751000000.0,23836203500000.0,10.0031225,22.2097695,-3.15539375e+16,3.8214713e+16,2734315200000000.0,1959884600000000.0,2092725050000000.0,483967870000000.0,267.62614,1.00104858,-2.4554224,1.2176234
2023-10-14,37247771000000.0,19639318500000.0,,,2.7508284e+16,1.3197218e+16,2780801600000000.0,,,359522600000000.0,259.79720999999995,1.12604055,0.31303738000000003,1.5182153999999999
2023-10-15,37851872857142.86,15742615428571.428,9.2519084,20.8735754,1.1300669e+16,7106204350000000.0,2620963971428571.5,1364246035000000.0,1596538500000000.0,261077108571428.56,312.2126985714286,0.83917056,0.25449116285714285,1.4898457142857142
2023-10-16,40126777000000.0,18039898000000.0,8.0309783,22.4794785,1.122443715e+16,1.17982038e+16,2522367214285714.5,875446185000000.0,1655481225000000.0,319124998571428.56,320.1884728571428,0.8826685742857142,-1.0778714500000002,1.6886934571428571
2023-10-17,50148168250000.0,21849248750000.0,11.511688,23.44853,-1.3452177666666666e+16,2.6488384333333332e+16,2243709325000000.0,-2114553700000000.0,1873312100000000.0,377207617500000.0,302.946915,1.03383391,-1.8106075425000001,1.311894535
2023-10-18,64606853666666.664,17216195333333.334,12.088623,19.991983,,,2334175166666666.5,,,278451023333333.34,313.34024,0.9774577099999999,1.5822017720000001,1.278274
2023-10-19,46954537200000.0,17675470600000.0,5.22984815,23.483896,1492674666666666.8,1.2874268066666667e+17,2423132040000000.0,466856013333333.3,1260468500000000.0,275103874000000.0,308.33756,0.9192411,-0.3221468933999999,1.150389648
2023-10-20,41885601500000.0,12209310000000.0,,,,,2389567187500000.0,,,169966283750000.0,285.958165,1.5139479125,0.015010272624999998,0.7040002562500001
2023-10-21,34244604000000.0,12505482000000.0,,,,,2182704550000000.0,,,170638455000000.0,254.25539,2.0327809,0.3504755,0.603392275
2023-10-22,34012119000000.0,14171221000000.0,,,,,2378071200000000.0,,,182833320000000.0,261.49045,1.61371775,-0.13172637,0.60044733
2023-10-23,49366645750000.0,14981650750000.0,,,-3479302000000000.0,2.681569925e+16,2180016100000000.0,638413435000000.0,998962330000000.0,201401182500000.0,288.4585275,1.0227450725,0.355017915,1.131103845
2023-10-24,41275170500000.0,14185031000000.0,,,,,2418953850000000.0,,,216784465000000.0,280.460845,0.9621664999999999,0.441020405,1.02613445
2023-10-25,39789504000000.0,11683085142857.143,,,,,1885352814285714.2,,,161048562857142.84,286.65770142857144,2.0638144,0.342412,0.8577533714285714
2023-10-26,40178660000000.0,12746066000000.0,,,,,2290630850000000.0,,,180215140000000.0,284.2637,1.1775995,-0.270748888,0.8756242
2023-10-27,49113503500000.0,14951203000000.0,,,,,1841096450000000.0,,,205379985000000.0,299.1001,1.10068422,-0.9315354499999999,0.8498621
2023-10-28,47073163750000.0,13642021000000.0,,,,,2262005175000000.0,257885275000000.0,1079831230000000.0,209570230000000.0,304.230795,0.9615493125,-0.68667171,1.248804185
2023-10-29,53608375000000.0,16463880666666.666,8.985916750000001,23.6934975,,,2174605066666666.8,96792046000000.0,2253717000000000.0,307125246666666.7,322.81808666666666,0.9080080666666667,-0.27684061666666665,1.7526863333333333
2023-10-30,47023974000000.0,14471275250000.0,14.8588485,22.072434,,,2273168800000000.0,,,204693705000000.0,312.24177,1.16480349,-0.49833091525,1.40727027
2023-10-31,34969877666666.668,13232986333333.334,,,,,1988957200000000.0,,,192604966666666.66,303.15097,1.5879566666666667,-0.10575223323333333,0.33456391999999996
2023-11-01,54090675142857.14,14913660142857.143,11.558316,25.868761,,,2990105985714285.5,3619105966666666.5,1717040233333333.2,213209778571428.56,338.6874128571429,0.95060196,0.24662056285714287,1.4547503000000002
2023-11-02,35385174666666.664,21254737000000.0,,,,,1769716833333333.2,-1283391663333333.2,2764876066666666.5,426549893333333.3,306.05293666666665,1.0924985333333332,0.097433056,1.6763939600000002
2023-11-03,29984441000000.0,14932868000000.0,,,,,2086323800000000.0,,,225492215000000.0,283.29766,2.53632005,1.5666574,1.71013035
2023-11-04,33602276125000.0,12963963750000.0,8.06740205,26.042652166666667,,,2338274787500000.0,3106898800000000.0,2178337600000000.0,186841312500000.0,302.33876625,1.10091222125,0.21399914374999998,2.51233715
2023-11-05,44765135600000.0,14000081200000.0,12.773285,23.837126,,,1943893960000000.0,907130980000000.0,1254135600000000.0,214935036000000.0,281.39746,1.0234391,0.008687039999999969,1.27812335
2023-11-06,55404882500000.0,13236839000000.0,,,,,2034666600000000.0,,,186327945000000.0,296.86801,1.0807994,0.5658115,1.5936138
2023-11-07,38989085000000.0,17180122500000.0,10.6428575,24.042861000000002,,,2291454450000000.0,,,263584630000000.0,305.05162,1.1058324000000002,-0.09061492,13.62907905
2023-11-08,45547629600000.0,13893804200000.0,,,,,1623708620000000.0,-555969780000000.0,1748085600000000.0,192459288000000.0,354.00183400000003,1.325549,-0.717332944,4.01674896
2023-11-09,46766590142857.14,12806483000000.0,10.832304333333333,22.878694,,,2063522942857142.8,860087267000000.0,1458009550000000.0,191591998571428.56,311.6022128571429,1.077715,0.42659516285714283,2.39922865
2023-11-10,38122307000000.0,18113469666666.668,,,,,1823450666666666.8,381342060000000.0,1329163800000000.0,263788630000000.0,289.9064466666667,1.4321277,2.1357362600000003,2.0666944333333332
2023-11-11,55436640000000.0,14355349000000.0,,,,,1627807550000000.0,,,199445975000000.0,344.385195,1.4741478,-0.7077136949999999,3.8530714999999995
2023-11-12,48090642333333.336,12761194666666.666,,,,,1760249933333333.2,,,180049970000000.0,343.43378666666666,1.4157279666666664,0.6023137,3.2853303
2023-11-13,47558642857142.86,12121040857142.857,7.82619865,27.324006,,,2092466985714285.8,3084214800000000.0,2072646950000000.0,175231647142857.16,327.73383,1.238382692857143,0.8152449714285714,2.3230023714285717
2023-11-14,45105952833333.336,13261473333333.334,,,,,1653521716666666.8,531873630000000.0,1453546800000000.0,184539571666666.66,335.3648416666667,1.5141497266666668,-1.0665889149999999,9.013642416666668
2023-11-15,53691180000000.0,12853299500000.0,,,,,2197330000000000.0,,,189797165000000.0,344.505875,1.34718405,-0.014574800000000013,1.5304958
2023-11-16,54479318000000.0,15682366000000.0,,,,,1445539500000000.0,,,229292215000000.0,335.84722999999997,1.30761745,0.48014869000000004,184.1055825
2023-11-17,45763114400000.0,14366603200000.0,4.5650159,27.408565,,,1724889760000000.0,666044120000000.0,1746152200000000.0,197357294000000.0,339.14231,1.34502898,-2.6285031599999997,2.6923289
2023-11-18,51081429111111.11,12888382444444.445,6.61390035,25.997735,,,1476445833333333.2,,,175570120000000.0,330.8817877777778,1.334020211111111,0.6205002177777778,2.6163715444444446
2023-11-19,57965002666666.664,14336445666666.666,4.62945,26.169273,,,1466711300000000.0,,,206418200000000.0,304.71736000000004,1.2359609333333335,0.42734038999999996,1.7599511666666665
2023-11-20,33995042000000.0,16817707500000.0,5.02387455,26.3458585,,,1342656650000000.0,,,272246785000000.0,316.10571000000004,1.20618845,1.235145115,1.8736179
2023-11-21,41823621680000.0,20601774800000.0,3.4233833999999996,29.515404500000002,,,1294248790000000.0,-495015385000000.0,1991176250000000.0,323267288000000.0,325.70009799999997,1.3701394199999999,2.3456914220000002,3.8184397
2023-11-22,38105721333333.336,18131584333333.332,2.6245682,28.84685,,,1009876720000000.0,-3838442933333333.5,3277478533333333.5,301161606666666.7,314.15184,1.4672723,0.89706112,4.604474966666667
2023-11-23,38108667333333.336,11033029000000.0,,,,,1166681750000000.0,,,145604773333333.34,265.62889666666666,2.4040822,0.7189581500000001,1.5473004333333333
2023-11-24,34334554500000.0,18317312000000.0,6.131164050000001,27.1556505,,,1608988250000000.0,,,267887000000000.0,360.3197,1.17686205,-1.31308705,2.51959965
2023-11-25,37121031000000.0,14694752000000.0,,,,,1482598050000000.0,,,214761290000000.0,368.79945499999997,1.41818865,1.30180687,2.65060245
2023-11-26,65626151000000.0,14765181000000.0,4.5718373,25.630191500000002,,,2670960240000000.0,4579194000000000.0,2330844550000000.0,217661896000000.0,331.900176,1.53625512,-1.44413152,3.0796190999999995
2023-11-27,51588207500000.0,12547977500000.0,,,,,1462975400000000.0,,,181825260000000.0,337.01967,1.7807534,-2.00312129,5.4412486
2023-11-28,55743471750000.0,13988552500000.0,5.213082999999999,26.2600955,,,1923936975000000.0,,,196225805000000.0,359.9467,1.739001925,0.8605075999999996,4.066907725
2023-11-29,49320503250000.0,13925485250000.0,,,,,1668120200000000.0,,,183336880000000.0,358.548445,1.92432585,1.00046059,1.6983803750000002
2023-11-30,53034191714285.71,14671853142857.143,5.01165585,22.533715,,,2326718185714285.5,4093307466666666.5,2126945900000000.0,202445725714285.72,367.6492457142857,1.5118919285714285,3.1163852,3.2886242857142856
2023-12-01,59024200000000.0,13816050500000.0,,,,,3199649850000000.0,,,211910220000000.0,353.57782,1.7418018000000002,0.4363952,2.68642195
2023-12-02,,,,,,,,,,,,,,
2023-12-03,40395370000000.0,12088519250000.0,,,,,1710515287500000.0,,,152198757500000.0,322.80541,2.35438995,4.4896329625,6.8447597625
2023-12-04,45156871750000.0,13695112000000.0,5.1696205,23.151342,,,1911449700000000.0,4052990150000000.0,2181110500000000.0,186764807500000.0,334.1756525,1.499094275,-0.07980517500000017,2.804662025
2023-12-05,55131675333333.336,16265355666666.666,5.7432632,20.795126,,,1550789700000000.0,,,214747056666666.66,306.52227666666664,1.6785305,-4.863358766666667,3.236791033333333
2023-12-06,30065381000000.0,15666953500000.0,4.742648,23.725681,,,1531148150000000.0,,,195519550000000.0,290.35425,2.01545615,0.55814965,3.35032975
2023-12-07,40942972000000.0,13230540000000.0,,,,,1401537760000000.0,,,175121418000000.0,304.04413400000004,2.451868,-2.74558538,5.44763154
2023-12-08,45601160333333.336,11650858000000.0,6.7717986,28.284594,,,1392455316666666.8,641009200000000.0,1739291550000000.0,152119663333333.34,306.9992516666667,2.121945016666667,-2.4137183916666665,5.3194176
2023-12-09,55027017000000.0,13141497000000.0,,,,,1183899240000000.0,-527861240000000.0,1589415150000000.0,180395456000000.0,310.680822,1.97435566,2.1878696468000003,2.9944406199999998
2023-12-10,27635699000000.0,12876886500000.0,,,,,1253733250000000.0,,,170964235000000.0,283.50488499999994,2.01084585,-1.02810065,2.38330825
2023-12-11,35261740666666.664,15006098333333.334,,,,,1648100533333333.2,,,183390206666666.66,320.09862,2.2833314666666666,0.022801136666666593,13.866432833333333
2023-12-12,51662833428571.43,12575775142857.143,,,,,1398223100000000.0,,,152819565714285.72,319.14095,2.332393642857143,5.1090447,5.3046627285714285
2023-12-13,44064829166666.664,12667387000000.0,6.5883591500000005,29.6840965,,,1392830783333333.2,1139748435000000.0,1872055250000000.0,164423852500000.0,317.38134833333334,2.1609517,0.4248936766666664,16.34501390666667
2023-12-14,68398080250000.0,14106292500000.0,,,,,925561160000000.0,,,224680805000000.0,346.4354875,1.8800751,0.5315697500000001,2.808827475
2023-12-15,59448168333333.336,15448086666666.666,2.8072491,26.550321,,,1164782433333333.2,,,216367220000000.0,318.43324,2.0957405333333337,-4.3560647999999995,3.8578765999999995
2023-12-16,50403781800000.0,14058241600000.0,9.426172999999999,31.733134999999997,,,956678530000000.0,,,198855660000000.0,347.387616,2.27705164,-9.08445686,7.877600599999999
2023-12-17,48655432142857.14,12244140857142.857,,,,,1106544691428571.4,,,159621577142857.16,302.81029,2.3278498428571432,1.3845760000000003,3.9420499714285713
2023-12-18,37949417500000.0,13040943500000.0,,,,,1302302200000000.0,,,167338045000000.0,302.7863,2.30131295,0.38416854999999994,1.922177
2023-12-19,27512094000000.0,14964940666666.666,,,,,1582189500000000.0,,,206900200000000.0,288.82644666666664,2.0253162666666666,-1.55633568,3.6961171999999998
2023-12-20,28658698250000.0,18688611750000.0,,,,,968461690000000.0,,,234353147500000.0,288.9376325,2.374112175,6.0500561575,5.701070975
2023-12-21,37475294500000.0,16558770000000.0,5.05464975,30.841552999999998,,,629573970000000.0,,,231664740000000.0,281.849,2.30804455,4.764378000000001,7.470001
2023-12-22,39605215571428.57,13834932428571.428,5.952396,35.366913,,,725894985714285.8,,,178454934285714.28,327.0717442857143,2.2256639571428574,11.196902787142857,6.813782242857143
2023-12-23,50518942000000.0,14473213500000.0,,,,,1282549600000000.0,,,176301150000000.0,331.4431,1.9437380000000002,-3.0878101000000004,3.2191191999999997
2023-12-24,18968053500000.0,15772762000000.0,,,,,1053307420000000.0,,,198055630000000.0,314.997315,2.0551584,0.2255581499999999,2.8495564499999997
2023-12-25,43099424800000.0,16246728600000.0,9.74567025,26.93302675,,,730092026000000.0,,,203932560000000.0,295.233094,2.1987113000000003,3.6558766328000005,7.604036776000001
2023-12-26,38098269666666.664,18070571333333.332,,,,,811961800000000.0,,,253859850000000.0,273.3961133333333,2.3489432333333333,-3.1543007000000003,9.464832566666667
2023-12-27,42709297666666.664,14087266166666.666,5.738098966666667,28.409313333333333,,,833642860000000.0,,,187328740000000.0,354.7911483333333,2.2705685,11.806299433333335,6.954570066666666
2023-12-28,43158837500000.0,15448376250000.0,,,,,593277990000000.0,,,211850625000000.0,270.5398,2.454459775,-1.61885856,4.279904325
2023-12-29,48169264200000.0,16990486000000.0,,,,,790211762000000.0,,,221994274000000.0,320.886256,2.19847634,0.05049141999999982,4.50158542
2023-12-30,66726565250000.0,13821841250000.0,,,,,1191774190000000.0,,,176520007500000.0,346.08069750000004,2.756955275,0.05661131,2.2740650749999998
2023-12-31,28951266666666.668,15635613333333.334,6.358846499999999,28.90140633333333,,,705002833333333.4,,,203976130000000.0,306.87497,2.1899417333333333,-0.9023388999999996,56.877498
2024-01-01,38871780000000.0,13019822428571.428,,,,,567713485714285.8,,,164993282857142.84,288.8760828571429,2.9401642142857143,12.3691213,8.407978357142857
2024-01-02,45242274800000.0,15593946200000.0,,,,,186765166200000.0,,,191083042000000.0,319.196946,2.07004636,-0.6398440799999999,4.358737700000001
2024-01-03,54432322666666.664,14721238666666.666,6.3176904,30.948776,,,872820853333333.4,,,195153610000000.0,318.71708,1.9916421,-0.6401213133333333,68.8825308
2024-01-04,59269390000000.0,14904329666666.666,,,,,1267649350000000.0,,,214010350000000.0,323.17426333333333,2.3269028333333335,-2.0540444333333334,4.126112
2024-01-05,60706169000000.0,14551312333333.334,,,,,958330116666666.6,,,185621253333333.34,370.14019666666667,2.5919072666666665,28.60888226,7.387623166666667
2024-01-06,44515141800000.0,13189721600000.0,4.616464388888889,26.34519733333333,,,1217290135000000.0,962194520000000.0,1797402700000000.0,166997084500000.0,380.721412,2.29556908,9.973303361500001,9.923575832000001
2024-01-07,37966597250000.0,16383679750000.0,4.119873725,23.626084,,,2177716625000000.0,5442128500000000.0,2582766000000000.0,228844030000000.0,384.04038249999996,1.55968045,5.6431006749999995,6.139800725000001
2024-01-08,34304963000000.0,17698492000000.0,2.6603348666666666,18.479503333333334,,,1409803866666666.8,,,231865153333333.34,381.66445,1.6092004,-0.21349113333333372,6.836785666666667
2024-01-09,55452942000000.0,13881730666666.666,9.192399,22.232687,,,1115131353333333.4,,,181697363333333.34,368.8446166666667,2.1404312666666665,3.322270666666667,4.674659233333333
2024-01-10,35085854714285.715,12602919000000.0,12.550538,27.655734000000002,,,645267251428571.4,,,155878226428571.44,275.6490185714286,2.293918485714286,9.594087414285715,6.820789185714285
2024-01-11,37625558166666.664,12371887166666.666,,,,,478620233333333.3,-4948369750000000.0,1707172350000000.0,155319750833333.34,275.19625333333335,2.2095585,1.5580701000000001,3.8979489
2024-01-12,50602664000000.0,16232131000000.0,,,,,653676415000000.0,,,188521565000000.0,294.77736500000003,2.0706441,-1.2843144,2.1325362
2024-01-13,52812350666666.664,15836785666666.666,,,,,1348662513333333.2,,,221430003333333.34,330.93725,1.8233288333333333,0.7918533,3.2545774666666674
2024-01-14,53172092400000.0,14870593000000.0,,,,,1024163048000000.0,,,199177124000000.0,351.70917799999995,2.0141938,-0.40850567999999987,5.293314839999999
2024-01-15,52824239625000.0,11474692375000.0,,,,,915518161250000.0,,,146134823125000.0,331.43782875,2.6088484,2.84856890625,2.93726547875
2024-01-16,51952583666666.664,12858762000000.0,3.8960803,24.893465,,,1805073233333333.2,2733804400000000.0,1651686400000000.0,184800373333333.34,345.85438,1.4027632333333333,-0.6601105,2.1247903333333333
2024-01-17,63981688500000.0,16097809000000.0,2.5152045000000003,17.8429235,,,1604848750000000.0,,,216892670000000.0,332.51162999999997,1.3525982,4.588253,3.1740098999999997
2024-01-18,47202493000000.0,12884924000000.0,,,,,1811721033333333.2,,,186354513333333.34,339.20532,2.2558165999999997,-0.12703173333333329,1.8229928333333332
2024-01-19,50813450000000.0,14423285000000.0,4.63228354,21.14332,,,1955355480000000.0,,,201577084000000.0,390.194548,1.7310918000000002,-1.2594439020000001,6.574204480000001
2024-01-20,51958923714285.71,11487604000000.0,,,,,1519684800000000.0,,,147175022857142.84,416.28062,2.2613861714285717,2.2659762142857143,3.3423506571428576
2024-01-21,52646285333333.336,12909992666666.666,,,,,1640270166666666.8,,,171121473333333.34,428.31808333333333,1.2862895333333333,-0.10021913333333347,2.1207439
2024-01-22,37647886666666.664,13537946000000.0,,,,,1767217700000000.0,,,176799673333333.34,394.77317,2.4060428333333332,0.3058016333333333,1.9633284333333332
2024-01-23,52509914000000.0,13254351500000.0,4.5742736,27.418352,,,2058387825000000.0,5414275000000000.0,2283787850000000.0,178596410000000.0,441.519725,1.64647155,-1.9666940450000001,3.914359325
2024-01-24,42473844666666.664,12080642666666.666,,,,,857382376666666.6,,,154826290000000.0,331.7945266666666,3.106626933333333,-2.0621752,3.1893571
2024-01-25,50005076250000.0,12404816000000.0,8.605324,31.708302,,,1247850200000000.0,,,157562315000000.0,385.6131875,1.606027025,2.23157579,18.70290315
2024-01-26,40832516000000.0,12518260500000.0,,,,,711586525000000.0,,,185408605000000.0,349.32286999999997,1.2876522499999998,0.2906144925,0.69849872
2024-01-27,56056392000000.0,15698636333333.334,4.158258399999999,21.665946,,,842464893333333.4,-1921696300000000.0,1263041200000000.0,223364586666666.66,412.3367533333333,1.2688966666666666,1.9131949333333333,2.5474540666666665
2024-01-28,62471799333333.336,14550569666666.666,5.680781,20.974493,,,817574420000000.0,-2307269600000000.0,1366255700000000.0,197630660000000.0,363.58812000000006,1.4073886666666666,-0.42819143333333337,5.371311833333333
2024-01-29,45652532500000.0,12434072500000.0,,,,,755734670000000.0,,,153476970000000.0,357.6241,1.55985705,-4.5775030999999995,3.166048
2024-01-30,41378569833333.336,13454514000000.0,8.065007,28.266985,,,1296933100000000.0,3482527500000000.0,4215818600000000.0,177320065000000.0,382.45179,1.5724479333333334,-0.04063409999999967,8.031876166666667
2024-01-31,57541100000000.0,14380220000000.0,,,,,1228920000000000.0,,,186077605000000.0,371.923125,1.15248445,-0.26246145,1.9490983
2024-02-01,54127697250000.0,14146409000000.0,,,,,1147637525000000.0,547458900000000.0,1030020275000000.0,194909680000000.0,381.61582999999996,1.4464114000000001,-0.876607025,4.38498245
2024-02-02,40727326500000.0,16769172000000.0,4.93362675,20.129185999999997,,,1145656550000000.0,,,222857235000000.0,418.78577,1.15534175,2.369553185,13.6238644
2024-02-03,36511707500000.0,13256676000000.0,11.298102499999999,24.9157635,,,886900050000000.0,,,181577570000000.0,382.49162,1.43009525,3.51799645,2.7066105
2024-02-04,50521705000000.0,12564905500000.0,,,,,772360356666666.6,-3712629850000000.0,2081210950000000.0,166703293333333.34,434.83983000000006,1.5734151,2.850794486666667,8.09442065
2024-02-05,54551079500000.0,15206632750000.0,4.8090096,23.102371,,,1414715125000000.0,533049220000000.0,1054046510000000.0,195207627500000.0,426.259685,1.0088826925,-1.2092637925,2.9716559399999998
2024-02-06,71044350000000.0,17316623000000.0,,,,,1046931850000000.0,,,257188805000000.0,349.37993,1.10873175,2.3225482750000004,1.6470852
2024-02-07,44845448500000.0,15747167000000.0,,,,,1337408450000000.0,,,225177970000000.0,362.42686000000003,1.12305085,1.2171973500000002,1.75695795
2024-02-08,42054816250000.0,14993070500000.0,4.4074249000000005,24.8263125,,,1307618987500000.0,-1283242850000000.0,1639146200000000.0,214539177500000.0,394.260765,1.219148525,7.175931524999999,4.2399192
2024-02-09,46610268428571.43,15824285714285.715,4.928274057142858,22.448826714285712,,,1945642457142857.2,2498410275000000.0,1615536000000000.0,229734740000000.0,360.66031000000004,1.1019058957142858,-0.6712600242857142,5.766680828571429
2024-02-10,56361001000000.0,14204178000000.0,,,,,1581068266666666.8,-142171770000000.0,928633940000000.0,208064713333333.34,346.27494333333334,1.02358355,-0.032052933333333256,1.9533964
2024-02-11,37000706000000.0,13752404333333.334,,,,,1215599650000000.0,,,187792270000000.0,354.07754,1.2546940666666666,0.2314952733333333,9.90882948
2024-02-12,44483002333333.336,14026665333333.334,,,,,1399906166666666.8,,,200451633333333.34,381.05750000000006,1.0786594999999999,0.8016909176666666,0.68128684
2024-02-13,55138969666666.664,12593605000000.0,12.5145075,27.5711015,,,1413316111111111.0,-598909330000000.0,1269237766666666.8,159024167777777.78,403.87235444444445,1.0801723966666665,-0.7733745000000001,3.732511317777778
2024-02-14,44928908333333.336,13464217500000.0,6.9774254,19.3416675,1.4706955e+16,6662843400000000.0,1303546550000000.0,-1058273040000000.0,981490550000000.0,194354968333333.34,409.72361666666666,1.023327395,-1.72902734,3.1636154333333337
2024-02-15,27758851500000.0,17937406000000.0,9.740281,25.112383,,,1351248450000000.0,,,251272475000000.0,354.654915,1.02290187,-0.9266067649999999,4.3538691499999995
2024-02-16,32256747666666.668,15904192666666.666,11.104038,24.973665,,,1428095700000000.0,,,224210513333333.34,338.24926666666664,1.0464003333333334,0.6244999866666667,1.8555241666666664
2024-02-17,46151799800000.0,13821231000000.0,,,,,1559263800000000.0,530121420000000.0,1023366500000000.0,182823764000000.0,334.771414,1.27740184,-0.3912012,4.04444906
2024-02-18,46892271000000.0,16477569500000.0,3.1761181,21.154500875,-2246993708000000.0,3.5761333264e+16,1074077263750000.0,-1856480650000000.0,1600527550000000.0,265230775000000.0,334.95807,0.97033963375,1.25351954875,4.1950484725
2024-02-19,31841676500000.0,16923677500000.0,,,,,945735025000000.0,,,225371930000000.0,307.77652,1.0614436999999999,1.2616785000000001,0.77680195
2024-02-20,66541022500000.0,14830927000000.0,,,,,2739191350000000.0,,,224699710000000.0,366.863585,0.87323345,0.84813098,0.67481852
2024-02-21,53172391333333.336,16818547333333.334,8.598176,19.800879,,,1487294500000000.0,-1560738000000000.0,929910700000000.0,219349906666666.66,367.4024133333334,0.9527209,-0.6969293866666666,26.282264793333336
2024-02-22,57222881500000.0,16332496000000.0,8.4377985,21.70735925,,,1861016700000000.0,-239857800000000.0,1116575940000000.0,228593777500000.0,408.7567475,0.8858786025,0.13522830000000008,2.84939615
2024-02-23,42196195500000.0,12366536833333.334,,,,,1459844550000000.0,,,178632828333333.34,335.29623833333335,0.9637920750000001,0.17806016349999998,0.5703668106666667
2024-02-24,39738369000000.0,13896968500000.0,,,,,1580361000000000.0,,,204870110000000.0,341.58902,0.872634385,0.2023046725,0.50070125
2024-02-25,68097313500000.0,13658458000000.0,,,,,1717360100000000.0,,,203131850000000.0,391.69716,0.90663105,-1.136463745,0.933567815
2024-02-26,47156866400000.0,13470935000000.0,,,1872094533333333.2,8073555633333333.0,1693812740000000.0,-291846810000000.0,865575866666666.6,196947718000000.0,361.89158399999997,0.91172074,0.06748162599999999,10.336538314
2024-02-27,43192361333333.336,13070892000000.0,,,,,1440091166666666.8,,,189525146666666.66,308.6933466666667,0.9690631133333333,-1.0311653033333332,2.740531133333333
2024-02-28,45983482500000.0,13232907500000.0,,,,,1267107825000000.0,,,187669532500000.0,339.398145,1.0031655875,0.381333085,0.5686865325
2024-02-29,55272435000000.0,15168856333333.334,,,,,1388341066666666.8,,,198167993333333.34,391.42663666666664,0.8293480999999999,0.78496816,0.7760276833333334
2024-03-01,49095824800000.0,20442927800000.0,10.315192399999999,18.564306199999997,2208937866666666.8,1.1915591033333334e+16,1307968200000000.0,-1111714408333333.4,1306319100000000.0,330940610000000.0,381.78608399999996,0.923408684,0.78913864,7.42532042
2024-03-02,31553736333333.332,21661820666666.668,7.453189,23.167144999999998,1.6437370433333334e+16,7540659583333333.0,1736613666666666.8,424518871666666.7,1622451100000000.0,416113086666666.7,377.03842333333336,0.9207928866666667,0.25083337533333333,0.6634872733333333
2024-03-03,53762033000000.0,16798742000000.0,8.2103465,24.422163,-5113373700000000.0,1.401867e+16,1585062100000000.0,-222746850000000.0,2001844800000000.0,306763110000000.0,361.86911,0.94108755,0.138439648,0.57499321
2024-03-04,48769465285714.29,13651422714285.715,,,1.198648575e+16,6432312250000000.0,1350887542857142.8,-1360691810000000.0,1470822666666666.8,201239160000000.0,380.3462657142857,0.8306713157142858,-0.3691320272428572,1.9197981180714285
2024-03-05,57937375500000.0,17503440250000.0,8.45147665,22.5845165,5011307150000000.0,3075034550000000.0,1397541025000000.0,-1039365715000000.0,1062960400000000.0,290992292500000.0,397.44334000000003,0.8766943,-1.3470427475,2.1919006125
2024-03-06,51873649600000.0,24704170800000.0,5.0120461,21.272159,-1.56803804e+16,3.38440852e+16,1693375048000000.0,-267844410000000.0,1400418220000000.0,431822748000000.0,326.988278,1.1357089200000001,1.1873390440000002,3.47956476
2024-03-07,28356151833333.332,22644006666666.668,4.750986166666666,22.267386,2.3883255333333332e+16,1.071527e+16,1732283766666666.8,-498689453333333.3,1681594400000000.0,434855360000000.0,320.8504,1.0705113666666666,0.2304302833333333,5.839856816666667
2024-03-08,63695949250000.0,18587388250000.0,5.725094675,22.061458000000002,-1.27296383e+16,8.5134747425e+16,1866768775000000.0,-440380525000000.0,1810787275000000.0,317952755000000.0,319.37115,0.907321105,-0.14672265000000007,2.5825366499999998
2024-03-09,50088583000000.0,13214713888888.889,5.0376505,17.1975025,1734290075000000.0,1.06279514e+16,1915675944444444.5,-220012770000000.0,1092145725000000.0,173320816666666.66,356.3435911111111,0.8090170355555555,0.1204599868888889,1.692876745111111
2024-03-10,17842214000000.0,24794563500000.0,3.801789375,20.4662715,1.4021379825e+16,7633109700000000.0,2672074875000000.0,2280515375000000.0,1876463250000000.0,544052342500000.0,353.92737,1.02024665,-0.016727624999999913,1.68988485
2024-03-11,38366611500000.0,24926798000000.0,2.8214358500000003,20.583498,6494324000000000.0,1.0368537e+16,2687497750000000.0,2055244790000000.0,1869081000000000.0,463145385000000.0,339.854735,1.1858986,0.582284645,0.9093902700000001
2024-03-12,36839484000000.0,16550236000000.0,,,,,2245879650000000.0,,,266005130000000.0,343.01225,0.9194066249999999,-0.9986982799999999,3.1213616
2024-03-13,47199114857142.86,13642906000000.0,12.9772135,22.881031,302199500000000.0,675540290000000.0,2110912085714285.8,-1034551930000000.0,1148172000000000.0,179369602857142.84,346.94101714285716,0.868896837142857,0.9090957734285715,0.8350782728571428
2024-03-14,50565045625000.0,13893923000000.0,10.571427,19.23746,1891856300000000.0,1386227600000000.0,1826373125000000.0,-1544386850000000.0,915218250000000.0,194670551250000.0,337.06417875,0.8987967674999999,0.41347278875000004,4.2004793925
2024-03-15,36478088333333.336,17124200333333.334,10.4331715,17.2522605,,,2097128366666666.8,,,249612660000000.0,324.41157666666663,0.9377207066666667,-0.8033575466666667,5.9018177666666665
2024-03-16,43953318500000.0,21404296000000.0,,,1.655876475e+16,8298451000000000.0,1898388950000000.0,,,345794415000000.0,331.10564999999997,1.2087177,0.3009301999999999,2.7160743000000003
2024-03-17,58381620800000.0,16435691600000.0,,,-1763827000000000.0,8294537500000000.0,2329476000000000.0,-241749060000000.0,1043081320000000.0,238906968000000.0,390.784214,0.918490698,0.8003808299999999,0.8726981
2024-03-18,53281561000000.0,14473368000000.0,,,,,2152376200000000.0,,,205028428571428.56,416.34935,0.8229591628571429,0.0015660328571428616,1.1100697442857144
2024-03-19,69190867000000.0,14362872000000.0,,,,,2017500633333333.2,,,218013043333333.34,415.55178666666666,0.8416448333333334,0.42356588333333334,1.1114370133333333
2024-03-20,37008801000000.0,19367614000000.0,8.5279345,17.324925,,,1884444900000000.0,,,328196635000000.0,424.688435,0.7798525199999999,0.3345348875,0.5786061
2024-03-21,41402230000000.0,24064321000000.0,10.3546975,19.901043,1.667863215e+16,6138975350000000.0,2301480450000000.0,130389120000000.0,2077412200000000.0,510782660000000.0,403.06446,0.8710757499999999,-2.3529055999999997,1.98822695
2024-03-22,52261557400000.0,15234653200000.0,10.229339,19.125706,1.0865591e+16,5717178800000000.0,2154969320000000.0,-789831950000000.0,1093648290000000.0,228855354000000.0,376.44408400000003,1.01069236,0.534369735,1.1105800259999998
2024-03-23,38895774428571.43,14577650857142.857,,,,,2136248100000000.0,,,235777005714285.72,359.94829285714286,1.1754155285714287,-0.08282167857142855,1.9849469928571428
2024-03-24,36660173500000.0,16390357500000.0,,,,,2667406750000000.0,,,248042950000000.0,408.86384999999996,0.8247794749999999,0.56736638,0.681763675
2024-03-25,51403723000000.0,22888332666666.668,6.117554966666667,21.099486,2.1392912e+16,1.0829495e+16,2663074666666666.5,2633450600000000.0,2230393400000000.0,419502560000000.0,432.2999566666667,0.8598682933333333,-0.7814440266666667,3.1263197666666667
2024-03-26,51087800600000.0,24404796600000.0,9.1840344,19.3733338,-6307639820000000.0,2.92558753e+16,2467620580000000.0,2229743075000000.0,2307826950000000.0,587838336000000.0,452.92833,0.8185377519999999,0.4847757039999999,3.311394154
2024-03-27,43262794500000.0,17684382500000.0,,,1.6490256e+16,9398868000000000.0,2335464200000000.0,-1706985000000000.0,2913490300000000.0,342549600000000.0,377.55673,1.1819929,0.030565035000000004,0.61068882
2024-03-28,38497846333333.336,16750353666666.666,13.271318,23.56514,1.3081041e+16,7480128500000000.0,2492630850000000.0,-1459848500000000.0,2113782000000000.0,297006658333333.3,394.08866000000006,0.8482449583333334,-0.6635818016666667,2.3151345
2024-03-29,57713375000000.0,17604117500000.0,,,,,3129550050000000.0,,,290123210000000.0,424.699495,0.932796785,-0.72888742,3.1992915
2024-03-30,41711037200000.0,24085802400000.0,17.57695933333333,20.151245,1802863588000000.0,3.982025861e+17,2571282780000000.0,584079316000000.0,1822305300000000.0,543930762000000.0,360.01422199999996,0.9600608319999999,-0.12851874000000002,6.0147046799999995
2024-03-31,33835906500000.0,17537119500000.0,,,,,2153756900000000.0,,,268779155000000.0,360.21450500000003,1.9937863999999998,0.15772009999999997,4.680016235
2024-04-01,51081942666666.664,19392028333333.332,15.616981,21.84355,2.478068e+16,9671272000000000.0,2877182266666666.5,,,336052070000000.0,391.8085866666667,0.8532873,-0.10112812333333332,6.3171906
2024-04-02,41932460875000.0,14582375750000.0,,,1.426603485e+16,6942016500000000.0,2439722975000000.0,-976711665000000.0,1425145100000000.0,231241767500000.0,393.6730825,1.44988400625,0.12036928212499999,1.31606862775
2024-04-03,65642414000000.0,15934143333333.334,,,-1.1545544e+16,1.9495636e+16,2536907900000000.0,-157952300000000.0,929014600000000.0,254000693333333.34,431.14166666666665,1.1287620666666667,-0.15125082333333334,0.7865543446666666
2024-04-04,51985389400000.0,17661685400000.0,4.294662533333333,17.993355333333334,-1969725700000000.0,1586670570000000.0,2549533160000000.0,-35249930000000.0,976860000000000.0,291330558000000.0,408.401438,0.8217152240000001,0.9209943060000001,0.709142602
2024-04-05,58274416500000.0,15988548000000.0,,,,,3180650500000000.0,,,222542975000000.0,393.32147,0.792940945,-0.310737935,4.71404265
2024-04-06,48076435333333.336,14949795666666.666,,,,,2727074733333333.5,,,212838496666666.66,402.7190766666667,0.8578767333333334,0.5647504366666666,0.5664964566666667
2024-04-07,44768835500000.0,15402593000000.0,,,,,2521976350000000.0,,,255801730000000.0,321.08169,0.87555958,-0.037300495,0.2822737825
2024-04-08,35283922000000.0,19703678285714.285,,,2.0739859866666668e+16,7895373333333333.0,2554771885714285.5,614520300000000.0,1137682333333333.2,337215368571428.56,359.29107857142856,1.1231837557142856,0.16467743185714287,0.7715814114285714
2024-04-09,33541348500000.0,24119524500000.0,15.454337,20.778877,7176369000000000.0,1.19811755e+16,2893925100000000.0,,,514607565000000.0,329.51584,1.0868602,-1.1846231,3.19193515
2024-04-10,38470700666666.664,20710988000000.0,,,4310794300000000.0,3123031500000000.0,2930525200000000.0,,,438604936666666.7,339.72293333333334,1.0336157333333333,0.5531565533333334,0.63804019
2024-04-11,38064674142857.14,19294033857142.855,7.013809185714286,20.04599914285714,1308395951428571.5,1.4165071765714286e+16,2941518314285714.5,1533067566000000.0,2071498260000000.0,421644632857142.9,361.35828142857144,0.8312255928571428,-0.42901761285714285,3.770383
2024-04-12,45190503625000.0,14683633500000.0,5.0265729666666665,16.503162,-440904387666666.7,508168319000000.0,2383381962500000.0,-494501243333333.3,1058058700000000.0,256379768750000.0,360.82542375,0.8525404599999999,-0.17106343375,1.1077984825
2024-04-13,51974865500000.0,16558189500000.0,,,,,2421031350000000.0,,,246999905000000.0,353.64545,0.8621745000000001,0.12306213499999999,1.6061372999999999
2024-04-14,57595601500000.0,15852991500000.0,,,,,2071978650000000.0,,,283681185000000.0,343.19748500000003,1.7005056,-0.1417269975,0.44366281500000004
2024-04-15,48014549600000.0,19572298800000.0,5.4132786,19.616482,6139875800000000.0,3389463800000000.0,2702407600000000.0,71613735000000.0,1558916600000000.0,373263356000000.0,398.81463599999995,0.940495494,-0.26890896999999997,5.759640726
2024-04-16,54031678750000.0,13990996625000.0,,,-7964248000000000.0,7274892000000000.0,2819516887500000.0,1388533300000000.0,1306691600000000.0,224896175000000.0,426.163105,0.98762806125,0.19388655983749997,0.5290431534250001
2024-04-17,49233587666666.664,19361721000000.0,6.442497800000001,18.114538666666665,1.1355916e+16,5944560600000000.0,3091347066666666.5,1596306000000000.0,1230132600000000.0,346982926666666.7,427.7326366666667,0.8978330966666667,0.30356241,0.5125409133333333
2024-04-18,30555808333333.332,21422305000000.0,6.5837934,19.576067000000002,1.6075269e+16,7019374600000000.0,2978776533333333.5,,,416681026666666.7,409.32309000000004,0.8264302833333333,-0.7348471133333332,3.8504347000000005
2024-04-19,59319831666666.664,18025389000000.0,7.5022655,16.850811,,,3138971500000000.0,,,327063830000000.0,408.4171166666667,0.8224295666666667,0.043500616666666665,0.35126731333333333
2024-04-20,63077043000000.0,18337711000000.0,8.98841125,18.03277425,6432538933333333.0,3433831831333333.5,3524213520000000.0,3340373600000000.0,1686843333333333.2,263934006000000.0,443.84554799999995,0.826361318,-0.10822225000000003,2.008979306
2024-04-21,42717447571428.57,14393311285714.285,,,,,3179802157142857.0,,,251722438571428.56,387.8099328571429,0.9825663985714286,0.132770748,1.2174977071428572
2024-04-22,59896837000000.0,15157650500000.0,,,,,3302175750000000.0,,,261802470000000.0,424.1757,1.0501595,0.16795620000000003,1.01241505
2024-04-23,61295279666666.664,18197124666666.668,,,,,3328615833333333.5,,,306708490000000.0,434.7032933333333,0.8427186033333333,-0.16873203266666667,2.5760903
2024-04-24,62496755000000.0,16827334500000.0,9.1959625,20.191845,-4809763150000000.0,3639715950000000.0,3134591200000000.0,1166014375000000.0,1094340450000000.0,262149355000000.0,410.61929250000003,0.970294185,-0.639180996,112.68226962
2024-04-25,51726715333333.336,16175656333333.334,,,,,3418318033333333.5,,,251812623333333.34,425.22469,0.7989151866666667,-0.16025013333333335,3.1579968333333333
2024-04-26,49259488200000.0,16735234000000.0,8.0976194,19.3639266,-2304765000000000.0,1859191500000000.0,3892265720000000.0,,,351079240000000.0,398.039166,0.76426141,-0.513474314,2.5658428360000003
2024-04-27,14732762100000.0,20829361000000.0,,,,,3235467450000000.0,,,336885185000000.0,384.472885,0.97368905,-0.1493858775,0.58591419
2024-04-28,41453373500000.0,25257343500000.0,10.7591195,18.62146275,7263480380000000.0,1.010238919e+16,3111436300000000.0,1233739720000000.0,2031535366666666.8,580473042500000.0,405.59090249999997,0.8901360675000001,0.12445190000000006,4.531413885
2024-04-29,51951794200000.0,23796086800000.0,,,-299375141500000.0,3.4211066645e+16,2810408980000000.0,-838003730000000.0,1655678050000000.0,475645034000000.0,373.801654,1.00094522,-0.500823088,2.139778154
2024-04-30,52493158000000.0,19157202333333.332,,,3.2748819e+16,8703880600000000.0,2815656600000000.0,,,434289156666666.7,340.5915333333333,0.9520355799999999,-0.5555770766666667,1.5967905533333333
2024-05-01,28993243375000.0,18159829375000.0,9.26757025,20.11486175,1.649055625e+16,6706557675000000.0,3202927837500000.0,,,414011373750000.0,339.54411,0.83828091625,-0.31592003375,5.47082786125
2024-05-02,36496175050000.0,27584563500000.0,10.83253075,17.889176,7511808900000000.0,3658588055000000.0,3226386600000000.0,,,673637375000000.0,334.63413,1.0934552499999999,-1.04320341,1.033313475
2024-05-03,49312153250000.0,25532843750000.0,11.288957875,18.1922425,-8863695175000000.0,3.3434823575e+16,3364628350000000.0,297674740000000.0,1958733550000000.0,625789620000000.0,363.7394275,0.9970229150000001,-2.290648,1.953370825
2024-05-04,28743367500000.0,23983854500000.0,12.913149,19.018121999999998,4157784250000000.0,8464146150000000.0,3567745500000000.0,,,504843700000000.0,346.88194,0.921766835,-1.07138977,1.01720035
2024-05-05,48262156500000.0,20165723500000.0,,,,,2968009750000000.0,,,347512900000000.0,362.50259,0.8937572549999999,-1.57995082,1.85908535
2024-05-06,39894247333333.336,15808315000000.0,19.080034,17.061348,1.86912765e+16,7328386450000000.0,3505612033333333.5,921409780000000.0,1336962050000000.0,264361830000000.0,389.2376266666667,0.9288644055555556,-0.41975368,2.5315649333333337
2024-05-07,56978695750000.0,20246557250000.0,4.043264450000001,17.3519535,-2.39172e+16,5.10620995e+16,3341239875000000.0,715547900000000.0,1172855200000000.0,396794325000000.0,423.61794,0.8138700475,-1.6721126,1.4639889
2024-05-08,43852497000000.0,25717516500000.0,5.5425997,17.2886975,-2911314450000000.0,2382605230000000.0,3745095900000000.0,2315074300000000.0,2214859400000000.0,712077780000000.0,363.795715,1.0547873,1.7325993999999998,0.638060783
2024-05-09,43642805750000.0,18995469000000.0,,,,,3593293175000000.0,,,336007117500000.0,382.4552475,0.968559095,0.22325627375,2.05487779
2024-05-10,49506348285714.29,15400090142857.143,16.933128,19.291975,580290313333333.4,1991670406666666.8,3048683671428571.5,-364087716666666.7,1136903116666666.8,236453174285714.28,396.27045285714286,0.7669006828571429,-1.3516812728571428,1.2601570800000002
2024-05-11,34388885857142.855,19262946428571.43,6.289674542857142,18.839982571428575,-922939830000000.0,2406133687500000.0,3528116628571428.5,2469090900000000.0,1722019150000000.0,425708310000000.0,405.37311857142856,0.7278405485714285,-0.6936764371428572,1.4220575471428571
2024-05-12,25987743000000.0,25554954000000.0,8.8540625,17.264415,1.89991295e+16,8564172200000000.0,3171075550000000.0,1950504800000000.0,2174018400000000.0,668305880000000.0,386.15545,1.07380385,-0.76963018,1.3571026
2024-05-13,36427464500000.0,25256124500000.0,13.359860000000001,17.180311500000002,1.24535445e+16,6163370650000000.0,3208097050000000.0,75739600000000.0,2418111950000000.0,703978100000000.0,401.35907499999996,0.77541265,-0.624054322,0.97643963
2024-05-14,39878732333333.336,22059159000000.0,14.893086666666667,19.076080666666666,9376911066666666.0,3870334286666666.5,3778714800000000.0,2569763200000000.0,2058195700000000.0,510802590000000.0,387.5559766666667,0.8332967633333332,0.11776605,0.79899677
2024-05-15,34654553875000.0,16397409500000.0,9.6171665,20.759428,5332408600000000.0,3233873600000000.0,3535299862500000.0,1413708900000000.0,1389471800000000.0,276552562500000.0,379.06897000000004,0.86341192125,-0.2603198575,0.66139233275
2024-05-16,23932027843333.332,21899477000000.0,11.205617833333333,16.982375666666666,4257433633333333.5,4116393966666666.5,3581056500000000.0,316508700000000.0,1592817500000000.0,537250126666666.7,382.2932633333333,0.78526332,-0.6671223866666667,1.2321535000000001
2024-05-17,12120911000000.0,27243901500000.0,18.241377,17.525768499999998,1.64065395e+16,7587359150000000.0,4074341250000000.0,,,636724670000000.0,370.17389000000003,1.00826795,-0.78647676,0.73840827
2024-05-18,44627538000000.0,21867140500000.0,13.024707,18.73588,-2990831600000000.0,4532493000000000.0,3686109000000000.0,,,485656395000000.0,379.00985000000003,0.86308875,0.110745025,0.9798567499999999
2024-05-19,38484554200000.0,21668079200000.0,18.530481,18.706985,2395605760000000.0,4562546640000000.0,3407973460000000.0,899246050000000.0,1590739233333333.2,421498594000000.0,388.156632,0.830368712,0.7681078259999999,18.438241
2024-05-20,39202510333333.336,17642898111111.11,18.308305125,19.465228375000002,1546631950000000.0,4349657250000000.0,3959170355555555.5,,,383278473333333.3,395.25948666666665,0.80644063,-0.30524865,4.917040244444444
2024-05-21,34062142000000.0,20859348500000.0,,,,,4154163050000000.0,,,391823205000000.0,384.84995749999996,0.9962627,0.9417112599999999,1.609198025
2024-05-22,29267672333333.332,21615661333333.332,19.582869,18.686607,7322637400000000.0,4100327200000000.0,3721249100000000.0,,,420237673333333.3,394.35093,0.86827677,-0.6404355533333334,1.1054144
2024-05-23,33349366320000.0,22516702000000.0,21.178352,19.14406,2.19059975e+16,7411755400000000.0,3658021440000000.0,2653949850000000.0,1806096900000000.0,508638050000000.0,396.9234,0.890249156,0.05213211799999999,1.264928506
2024-05-24,30351260666666.668,19963529000000.0,25.193050666666664,18.795025,7652466466666667.0,3278461433333333.5,3899744266666666.5,,,504719150000000.0,378.55036666666666,0.7743747833333333,-0.09038601666666668,0.41512953999999996
2024-05-25,39659762800000.0,16559482600000.0,,,,,3630571020000000.0,,,349058550000000.0,394.826374,1.0925915,0.06696598400000002,1.11902777
2024-05-26,33655981000000.0,26859178000000.0,13.903253,18.0722635,3180186000000000.0,3.8307623e+16,3706506900000000.0,,,620126650000000.0,378.156075,0.866968215,-0.551564245,0.41470902499999995
2024-05-27,48043833250000.0,26566899000000.0,12.55187975,17.6147565,3951369450000000.0,9683141425000000.0,3326891950000000.0,-2526152150000000.0,1955776600000000.0,654521990000000.0,382.052365,0.9236027375,-0.53831639,1.09024363
2024-05-28,11498276333333.334,22063268000000.0,,,2.2562900333333332e+16,7757584200000000.0,3573109100000000.0,-827164100000000.0,1675044900000000.0,450346322500000.0,375.4513525,2.0035933825,0.5994269666666666,3.7189693
2024-05-29,30987806500000.0,18716370500000.0,,,,,3403756100000000.0,,,399968310000000.0,353.720965,0.81942645,0.195565755,31.02814195
2024-05-30,41415747111111.11,18073460333333.332,,,4506660450000000.0,3309812525000000.0,3476250722222222.0,922763950000000.0,1692189900000000.0,378803461111111.1,348.59190555555557,0.8123591533333333,-0.44161836888888883,0.58811839
2024-05-31,22461620000000.0,22709768666666.668,18.47561333333333,16.914320666666665,3262452600000000.0,2657959800000000.0,4358432066666666.5,,,450466723333333.3,361.2743666666667,0.9111603833333333,0.11874592333333332,3.5435528166666668
2024-06-01,32932432400000.0,22975026800000.0,19.271317399999997,18.064136,1.3255901466666666e+16,1.0268115166666666e+16,4411933700000000.0,2021626830000000.0,1411214400000000.0,459999460000000.0,383.30426,0.891662768,0.47106862720000003,2.448921923
2024-06-02,35118943800000.0,16016980000000.0,21.798895,17.534950666666667,-1106317800000000.0,1.18963897e+17,4615308560000000.0,,,455727358000000.0,353.109912,2.4647899220000005,1.492529686,3.317494379
2024-06-03,38894638000000.0,17036088666666.666,,,,,3867574400000000.0,,,295814933333333.3,351.01596,0.78577969,0.5624970833333334,1.7243524000000001
2024-06-04,45308309142857.14,16431126571428.572,22.87006071428571,16.648118285714286,1.75646278e+16,6809510966666667.0,3647337557142857.0,-1309664850000000.0,1187158450000000.0,311198702857142.9,361.53843857142857,0.7537839585714285,0.04623092500000002,1.368217120714286
2024-06-05,33548635000000.0,18508309857142.855,,,7305131333333333.0,3777060266666666.5,3708568642857143.0,-519611496666666.7,1042640066666666.6,368759524285714.3,365.7834685714286,1.0171217142857143,-0.33051910285714287,0.4380669857142857
2024-06-06,35931735750000.0,18598117500000.0,19.087254,18.297815,,,3410644325000000.0,,,375677015000000.0,338.626395,1.061142725,-0.14471202,0.149325323
2024-06-07,42615933000000.0,17444859500000.0,,,,,3666959150000000.0,,,326324580000000.0,362.319155,0.972766625,-0.23225676,0.21078428500000002
2024-06-08,34930571750000.0,18317477250000.0,11.817720785714286,18.407302428571427,1.5089590476666666e+16,5799559750000000.0,3925898200000000.0,989381376666666.6,1327510800000000.0,339733651250000.0,393.824605,0.74838004375,0.13043771575,5.7262856087500005
2024-06-09,39365703222222.22,15813323333333.334,16.91578,17.682356,5528099586666667.0,2929681110000000.0,3541858644444444.5,148209650000000.0,935899533333333.4,296661690000000.0,385.32403555555555,1.232226251111111,0.20736364888888892,2.885847528888889
2024-06-10,44417655000000.0,18946438000000.0,,,,,3728037666666666.5,,,434244820000000.0,355.01962000000003,0.92609931,0.13401248333333335,1.6336986833333336
2024-06-11,33021188000000.0,24166100000000.0,13.8176825,16.910363,,,3793630850000000.0,,,499833290000000.0,334.339465,0.9993927499999999,0.31306675500000003,7.5986837650000005
2024-06-12,31625859000000.0,20872014000000.0,11.6193815,16.8434915,9335004650000000.0,8950301650000000.0,4057097175000000.0,1913632500000000.0,1401495000000000.0,384860107500000.0,349.92922250000004,0.8658781999999999,-0.162039755,0.791875865
2024-06-13,31585736666666.668,16648010166666.666,7.2581645,19.814481,,,4125510516666666.5,,,325678976666666.7,346.29104333333333,0.7978841266666667,-0.3353207183333333,0.7026889933333332
2024-06-14,35399231000000.0,17314823500000.0,,,,,3736249900000000.0,,,281176975000000.0,352.58660499999996,0.83101948,0.1612231765,2.2645273180000003
2024-06-15,57862915000000.0,22936546500000.0,14.226331,16.544054,-2.04079657e+16,2.8674867e+16,3475604100000000.0,,,553730350000000.0,346.4736,0.9669584950000001,0.9678349,0.93108193
2024-06-16,39707003500000.0,22509746500000.0,13.0092875,17.2095735,,,3842300250000000.0,,,448189385000000.0,316.73913500000003,1.09840315,0.7148448900000001,0.86735613
2024-06-17,37014048200000.0,17012856800000.0,18.602818,19.416704,978063500000000.0,3496332350000000.0,4045756900000000.0,256740400000000.0,1286911550000000.0,325934356000000.0,343.74480800000003,1.3443672340000001,1.504118776,1.17021424
2024-06-18,37118471000000.0,17211901375000.0,16.75852957142857,19.280219571428574,6294624266666667.0,4382057066666666.5,3854546250000000.0,,,324020701250000.0,339.3895575,0.8925672925,0.04238868000000001,1.50762472125
2024-06-19,21377710000000.0,21382068000000.0,,,4.5904533e+16,1.4898968e+16,4001462050000000.0,,,419021590000000.0,352.64433499999996,1.0696525000000001,-0.594876025,0.46630662
2024-06-20,44348939500000.0,20535342250000.0,11.9971535,17.280582,,,3611189175000000.0,,,381199975000000.0,352.649185,0.9446062500000001,-0.32104941249999996,1.072643775
2024-06-21,20721204520000.0,26286611200000.0,16.25670433333333,17.692157666666667,1.475699996e+16,1.267967382e+16,3765329760000000.0,970638455000000.0,1906820050000000.0,651977068000000.0,330.744982,1.057170666,1.165663698,3.681378814
2024-06-22,42262280000000.0,15477676500000.0,,,,,3745445650000000.0,,,295782360000000.0,317.891755,1.7605822999999998,0.07367098300000001,0.1590896385
2024-06-23,34377275600000.0,14219369200000.0,,,,,4017031320000000.0,,,256430340000000.0,330.190144,0.823346542,-0.050335124800000006,0.335153442
2024-06-24,41622383000000.0,16908902000000.0,,,,,3225805133333333.5,,,297247213333333.3,319.65805,0.8462440999999999,0.4348763233333333,2.7853981
2024-06-25,34373986700000.0,24943985000000.0,19.668568200000003,17.3708862,-2187220340000000.0,2.558119128e+16,3657556120000000.0,624869280000000.0,1714373900000000.0,552542246000000.0,320.59116800000004,1.0454615600000001,1.8314477279999999,1.75839086
2024-06-26,23909673300000.0,17635956200000.0,20.391822666666666,17.576027666666665,1.1509371333333334e+16,1.3360931666666666e+16,4201406600000000.0,1778949300000000.0,1810169700000000.0,455891956000000.0,330.492658,1.956842474,2.9787345087999997,2.387945186
2024-06-27,18948627166666.668,21161342333333.332,23.923867666666666,18.694529333333335,1.4528268566666666e+16,5880315066666667.0,3908176500000000.0,,,525130746666666.7,329.33107666666666,0.8998201200000001,0.2610343766666667,2.2538329133333335
2024-06-28,34938829571428.57,18604725000000.0,22.99739557142857,19.050060857142856,-4159905942857143.0,7522320985714286.0,3676161957142857.0,585900900000000.0,1458133350000000.0,399446827142857.1,335.41261857142854,0.8089889842857143,-0.8442439628571429,1.0408360785714286
2024-06-29,36674779000000.0,21637896500000.0,12.2480385,15.5349425,,,3949255850000000.0,,,360901320000000.0,330.04546000000005,0.994525975,-0.12439234925,0.2484042075
2024-06-30,44162857200000.0,27826148000000.0,17.4857054,16.758972,2503872680000000.0,5.07439486e+16,3866726460000000.0,1166034820000000.0,2147895760000000.0,727082128000000.0,320.219254,1.15999704,1.2010796632,1.238628092
2024-07-01,22209239000000.0,12678098875000.0,,,,,4643065900000000.0,,,302464087500000.0,316.7040775,2.6549990125000003,0.48234155,2.093406525
2024-07-02,36302947500000.0,17999105000000.0,,,,,3577697250000000.0,,,290006930000000.0,320.387085,1.12996935,0.21147629,0.86186253
2024-07-03,25935661533333.332,16220755500000.0,16.33848,16.560268,2.036199e+16,5898996500000000.0,3678153133333333.5,233884881500000.0,1209421650000000.0,296124018333333.3,330.58857166666667,0.8552873249999999,0.030192741000000006,1.326782635
2024-07-04,49524098750000.0,18078667500000.0,,,-952479000000000.0,1.32548295e+16,3598702950000000.0,-695823925000000.0,814619125000000.0,274904565000000.0,326.28257,1.0219121875,0.25183338225,0.71730083
2024-07-05,42683875000000.0,18211370000000.0,,,,,4088512600000000.0,,,327333280000000.0,357.87851666666666,1.0686542333333333,0.40900789333333337,0.59286234
2024-07-06,39483494333333.336,22456539666666.668,12.508217,18.053956666666668,608048150000000.0,2446309400000000.0,3403690533333333.5,,,496694066666666.7,342.15574,0.9399597366666667,1.3293423913333333,0.7131274666666667
2024-07-07,40778419000000.0,19739771166666.668,25.348723999999997,20.081187399999997,-6831768088000000.0,1.080812406e+16,3685943016666666.5,434366320000000.0,1335928250000000.0,412266856666666.7,312.44482833333336,0.9029839416666666,-0.11638136666666665,1.64799992
2024-07-08,36889362000000.0,17740142500000.0,27.964836666666667,17.710504,6630153750000000.0,2789621350000000.0,3715482633333333.5,542826660000000.0,961797650000000.0,319099768333333.3,323.27632,0.9557391666666666,0.10020965266666666,1.5985448216666667
2024-07-09,19612600000000.0,25108129666666.668,24.251426666666664,16.851741999999998,1.766359e+16,6816269766666667.0,3120087066666666.5,-1153093533333333.2,1606777233333333.2,631586053333333.4,308.98641000000003,1.145028,0.5316522693333333,0.5132835566666666
2024-07-10,36900548333333.336,26070297666666.668,26.566286,16.617388333333334,-3140465233333333.5,5.6472904666666664e+16,3253635100000000.0,-784776430000000.0,1904993833333333.2,671633900000000.0,306.72575,1.1883674666666666,0.42135517333333333,2.12824763
2024-07-11,36414652666666.664,22538301666666.668,31.50517933333333,17.613839333333335,7971495866666667.0,2653956030000000.0,4218688633333333.5,,,547850163333333.3,298.6579033333333,1.0265845999999998,0.08751179333333332,2.1229591466666666
2024-07-12,33126848571428.57,18213452714285.715,33.79814675,16.030217875,7632171000000000.0,3116996950000000.0,4249473328571428.5,2537779900000000.0,1504888400000000.0,355590120000000.0,320.4533257142857,0.9369790342857144,0.33349481571428574,0.9383423257142857
2024-07-13,33803669250000.0,15774575500000.0,,,1.2761767566666666e+16,4159243000000000.0,3340276687500000.0,-596553590000000.0,874390616666666.6,284863948750000.0,303.4458125,1.6946927500000002,-0.1094494705,0.723087875
2024-07-14,33520224000000.0,21103718000000.0,,,,,3819978250000000.0,,,416926820000000.0,295.56713,1.1076209000000001,0.186196015,2.074982
2024-07-15,40146665000000.0,19468045750000.0,19.813948,18.484171,,,3657930950000000.0,,,378497767500000.0,317.1071975,1.03119899,-0.73790066,0.9294952275
2024-07-16,17013497883333.334,23086878333333.332,24.671285833333332,18.818281666666667,1.8644631566666668e+16,6044720566666667.0,3655839500000000.0,1514113253333333.2,1720674100000000.0,525936725000000.0,313.1616016666667,0.9959595,-0.652585345,9.414588225
2024-07-17,21553051100000.0,17244042285714.285,28.045009600000004,15.5413606,1.6225862e+16,5815402400000000.0,3811344928571428.5,,,304993338571428.56,298.0628657142857,0.9517054500000001,0.1179429277142857,0.5852139644285714
2024-07-18,40419081333333.336,18604939666666.668,18.649599,18.445490333333336,,,3708700666666666.5,,,370463093333333.3,329.4432033333333,0.9806924333333334,-0.035024869999999965,7.561376299999999
2024-07-19,35265491000000.0,21508546666666.668,15.708953333333334,15.461797666666667,,,3585256500000000.0,,,465838930000000.0,330.09834,1.0052911333333332,0.15130748333333335,2.0267595566666667
2024-07-20,40100360666666.664,19429642333333.332,19.528122,17.851057,1.8237275e+16,6588865000000000.0,3653410200000000.0,1279670300000000.0,1174469700000000.0,321281140000000.0,343.80322333333334,0.9389384666666668,0.3899933053333333,0.35210366000000004
2024-07-21,10526671666666.666,22041729000000.0,21.758575333333336,18.447989000000003,2.47714505e+16,7511368850000000.0,3612142833333333.5,-1157601900000000.0,1476245600000000.0,486091723333333.3,347.48336333333333,0.9115573766666666,-0.41566031333333336,12.337406656666667
2024-07-22,28076491571428.57,18938795000000.0,23.489898428571426,18.394863714285716,-736779966666666.6,6552761900000000.0,3867352400000000.0,,,411442208571428.56,350.2867242857143,0.8154653714285713,0.2454535642857143,16.074626915714287
2024-07-23,38759836000000.0,19152409500000.0,,,,,3496718650000000.0,,,399556125000000.0,313.26327000000003,1.1328722,-0.39723823999999996,1.89206495
2024-07-24,39123698500000.0,16555450000000.0,,,,,3241543750000000.0,,,316646900000000.0,317.0515,1.2946038500000001,0.1549547,0.25754059
2024-07-25,34401241000000.0,20810242800000.0,20.343809,18.742724000000003,4469214000000000.0,7737105566666667.0,3476003520000000.0,574696584333333.4,1065911000000000.0,354063984000000.0,333.59469,0.999206894,0.24847416,0.325410846
2024-07-26,42677233000000.0,15839519666666.666,,,,,3071462633333333.5,,,280084053333333.34,335.74776,1.3256834333333334,0.22875165833333333,0.51857323
2024-07-27,21215711000000.0,16528871600000.0,18.078699,19.6741768,,,3640937700000000.0,,,303247822000000.0,327.294952,0.9281511379999999,0.270635578,2.761825542
2024-07-28,37645039000000.0,15147556000000.0,,,,,3045553250000000.0,,,279112620000000.0,330.76976,1.9822285000000002,0.011447684999999999,0.5107873
2024-07-29,47994054250000.0,17023283750000.0,,,-9700625500000000.0,1.003721125e+16,3317626350000000.0,168360910000000.0,929703885000000.0,293831500000000.0,386.75208250000003,1.3234085875,-0.3126407975,48.226190984999995
2024-07-30,50324802500000.0,16547073500000.0,,,,,3275237400000000.0,,,280645780000000.0,345.40276500000004,0.8259228750000001,-0.08463923849999999,0.5613548049999999
2024-07-31,44699784000000.0,19540436500000.0,15.51989025,18.1449785,1.2296636e+16,5386246000000000.0,3092042500000000.0,,,461417800000000.0,334.85510999999997,0.8652130499999999,0.28931465,0.454319285
2024-08-01,33392177000000.0,16070332750000.0,17.7333915,19.42046525,3163490200000000.0,1987011233333333.2,3274470075000000.0,-627548480000000.0,1503387000000000.0,328922887500000.0,346.0539925,0.7387999975,0.705615905,1.8911704599999999
2024-08-02,33705982750000.0,22133552250000.0,15.275509750000001,16.15555175,-6126152333333333.0,2.8183164e+16,3262947050000000.0,95922070000000.0,1229355950000000.0,418135050000000.0,347.1377975,0.9034690125,1.055861065,0.836659925
2024-08-03,37411948000000.0,22740291200000.0,15.582875333333334,17.324538,275712533333333.34,2656159656666666.5,3178823700000000.0,-358286130000000.0,1322183900000000.0,452224736000000.0,341.77102,0.9663778539999999,-0.20651058400000002,6.657359912000001
2024-08-04,31530316666666.668,21615847000000.0,19.856592333333335,17.507891666666666,1.096615e+16,5435477000000000.0,2849464533333333.5,,,504203843333333.3,318.53899333333334,0.9048863066666666,-0.7111162666666666,1.7034408799999998
2024-08-05,31994435000000.0,15802466000000.0,,,,,3066633200000000.0,,,236997440000000.0,339.476885,1.3283730500000002,-0.4478084,0.88534245
2024-08-06,31350664142857.145,18986512142857.145,22.078591199999998,18.3661436,5127606842857143.0,3389797335714285.5,3354740057142857.0,-32739689500000.0,1418062550000000.0,380100024285714.3,345.3621442857143,0.8572689857142858,-0.7278670114285715,1.78000099
2024-08-07,29763950000000.0,20588315750000.0,19.52647066666667,18.281681000000003,1.128038015e+16,5742737250000000.0,3215311750000000.0,278253093500000.0,1248503600000000.0,416302190000000.0,326.06537000000003,1.0418432375,-0.27713656,16.019869165
2024-08-08,23570000750000.0,22608358250000.0,16.407188,18.446302,-9468128800000000.0,1.1810957566666666e+16,2970358625000000.0,,,503605310000000.0,313.72432000000003,1.11660805,0.6148393400000001,1.35186307
2024-08-09,53859444500000.0,18023649000000.0,,,,,3038849400000000.0,,,339082607500000.0,322.2848225,1.06777985,0.198597636675,0.701249338625
2024-08-10,37169728000000.0,15532856800000.0,17.70827,20.7318305,3685117000000000.0,2790163450000000.0,3214287300000000.0,363591425000000.0,1183731050000000.0,250420862000000.0,312.42862,1.060675314,-0.5432419948,2.2119712492000003
2024-08-11,40324681000000.0,16719060857142.857,11.96508,20.383434333333334,-2626441266666666.5,1.07720614e+16,3283787000000000.0,647383740000000.0,1089013833333333.4,322236981428571.44,349.18134285714285,0.9266737742857142,0.1359284042857143,1.6317625657142858
2024-08-12,30311729500000.0,19931705000000.0,9.9522415,18.557232,,,3488651500000000.0,,,361171425000000.0,335.05701999999997,0.979467525,-0.379582665,1.037198865
2024-08-13,46865952000000.0,18377890000000.0,12.781196000000001,18.456287,,,3530804400000000.0,,,346238906666666.7,336.52482000000003,0.9406416833333333,-0.065806285,0.5306738366666667
2024-08-14,37980915250000.0,21764476750000.0,16.822574,19.06311875,9375510200000000.0,4114061612500000.0,3047973500000000.0,132283050000000.0,1632387600000000.0,486294300000000.0,315.57601,1.0116051925,0.017655077500000026,2.78791625
2024-08-15,27389386228571.43,19776317142857.145,14.319488999999999,19.680617,9539596980000000.0,6669700350000000.0,3334799014285714.5,1093000400000000.0,1902396550000000.0,430475738571428.56,299.19788,0.9564397785714286,0.70659695,4.099843662857142
2024-08-16,30322609400000.0,19873530000000.0,23.4525545,20.561982999999998,1.107218825e+16,5216156975000000.0,3106676620000000.0,1029965200000000.0,1451352900000000.0,408414734000000.0,283.341552,1.0132608600000002,0.21591285799999996,4.791486494
2024-08-17,8152942500000.0,25207558000000.0,32.44273,18.380749,1.309473e+16,1.507147e+16,3400908500000000.0,2420929700000000.0,1872612600000000.0,525947300000000.0,279.14119000000005,1.17628285,0.01048868,3.1842812
2024-08-18,17848780500000.0,25116827000000.0,28.8797955,18.6701315,1.91582495e+16,7737025750000000.0,3512312600000000.0,,,605012225000000.0,287.92799,1.2645477,-1.14873592,3.3079116
2024-08-19,37903926400000.0,16927876800000.0,,,3755856000000000.0,4929927100000000.0,3266700520000000.0,532246140000000.0,1120409400000000.0,277805656000000.0,292.73148000000003,1.080001152,0.260099679,0.663048896
2024-08-20,34779403200000.0,14506589000000.0,,,,,3438065380000000.0,,,247331388000000.0,296.634314,0.869048456,0.032934129399999984,0.712278568
2024-08-21,32989246666666.668,15752354333333.334,,,,,3213457133333333.5,,,275382493333333.34,291.88191666666665,0.9410690800000001,-0.22482387333333334,1.0102472333333334
2024-08-22,46589985000000.0,21677720000000.0,11.445338,20.345366,,,3218368350000000.0,,,313977165000000.0,295.35918000000004,1.223705,0.8650828500000001,0.608501915
2024-08-23,44320079800000.0,18832367600000.0,,,-1.0968275666666666e+16,2.0826313e+16,2851356360000000.0,-561829063333333.3,955239020000000.0,288761182000000.0,296.678024,1.115810234,0.22826004600000002,0.7483561400000001
2024-08-24,37812941500000.0,21085321000000.0,27.868156499999998,20.0887355,892763000000000.0,6170334450000000.0,3261918500000000.0,,,455131435000000.0,270.4075,1.098208,0.06982307500000001,11.771451780000001
2024-08-25,32542964250000.0,18970194000000.0,18.9984215,19.76113825,1.0574759825e+16,5124272725000000.0,3184727200000000.0,1806521250000000.0,1854325750000000.0,437157767500000.0,273.28157250000004,1.04150385,0.4350787725,0.830854665
2024-08-26,31161710500000.0,18724739500000.0,28.53913,16.424301999999997,,,3079584050000000.0,,,326686875000000.0,272.84076,1.012021435,0.2400877,0.272338175
2024-08-27,16777250500000.0,24366860000000.0,26.912099333333334,19.146157666666667,7690487950000000.0,5904164675000000.0,2951342875000000.0,-606181615000000.0,1548571950000000.0,533034092500000.0,276.619635,1.21715185,-0.09166897749999997,0.95507212
2024-08-28,30729174000000.0,25171760200000.0,17.205591,19.1627192,-208196200000000.0,2.63883029e+16,2870951280000000.0,-1894767850000000.0,1750283500000000.0,597603958000000.0,287.297528,1.1902333600000001,-0.17596743799999998,2.118338912
2024-08-29,34656164000000.0,20403478000000.0,23.184942333333336,20.277935333333332,1799010433333333.2,8697358666666667.0,3327023466666666.5,,,421012860000000.0,284.3930266666667,0.9453583999999999,0.1576700166666667,3.6619357000000003
2024-08-30,32861045428571.43,18752443857142.855,24.750259,21.0073775,6630190928571429.0,1.2037574585714286e+16,2695473285714285.5,297067200000000.0,1478615350000000.0,395677351428571.44,283.2170985714286,0.9334150228571428,-0.15325149285714285,5.050891299999999
2024-08-31,30076149000000.0,18416149000000.0,,,,,3154319700000000.0,,,334908030000000.0,273.3613,1.20923845,-0.2802283,1.0680169
2024-09-01,22676791400000.0,24347740800000.0,14.635114000000002,20.261884000000002,9765585780000000.0,4772582942000000.0,2420141200000000.0,-1352481733333333.2,1905602433333333.2,561984138000000.0,280.17690400000004,1.2232062400000001,-0.6179574486,1.1882155239999999
2024-09-02,46387258500000.0,20356257500000.0,18.3168735,20.8785475,,,2652810300000000.0,,,454558805000000.0,284.492845,1.1035025,1.0297168700000001,0.7202979899999999
2024-09-03,20891925000000.0,19642826500000.0,,,2.03365875e+16,6935537500000000.0,2604820000000000.0,,,428101200000000.0,280.10701500000005,0.9895066749999999,-0.09119005999999999,0.97970484
2024-09-04,36300229444444.445,18157885111111.11,25.169781,20.987918666666666,1.19558611625e+16,1.15494606875e+16,2574521266666666.5,451461295666666.7,1753153050000000.0,366883783333333.3,275.46943333333337,0.9710849711111111,0.3236506844444445,13.81625235111111
2024-09-05,20563643524000.0,25436853000000.0,20.920501,18.945731000000002,1.4505651e+16,1.519504852e+16,2947537200000000.0,1445124500000000.0,2040712400000000.0,627877114000000.0,271.967074,1.22867962,-0.311688592,3.241402108
2024-09-06,30295397550000.0,24177903000000.0,22.639766,19.06727,1174420500000000.0,1.41491715e+16,2966400650000000.0,1191348680000000.0,2197913050000000.0,649158550000000.0,277.33999,1.2503625,0.10744437000000001,1.9268950999999999
2024-09-07,40426966000000.0,23187362000000.0,18.442395666666666,19.955952999999997,7596432000000000.0,9653933333333334.0,2759965766666666.5,,,491932130000000.0,279.41646,1.1222607,0.40456409000000004,2.4170273166666667
2024-09-08,31540706750000.0,17907805500000.0,12.5046625,21.2015655,8646174200000000.0,5097067325000000.0,3035871450000000.0,2766106850000000.0,1875160050000000.0,370084110000000.0,283.6500475,0.9886255,-0.65408613,1.68577594
2024-09-09,24222129333333.332,19578751666666.668,12.728890400000001,21.8112166,1.3268589425e+16,6110161825000000.0,2907506416666666.5,1227162585000000.0,1872236525000000.0,422133995000000.0,285.3445116666667,0.9750642133333334,-0.5208252016666667,10.14313095
2024-09-10,37790763200000.0,20727571800000.0,,,-600409050000000.0,9142248150000000.0,3020808660000000.0,1278611900000000.0,1294768750000000.0,382603978000000.0,279.859766,1.42680776,-0.192112194,1.211272971
2024-09-11,31507040666666.668,20143766333333.332,23.972794000000004,17.23929933333333,,,2989617100000000.0,,,363281483333333.3,285.4352,1.0644392,-0.9885772333333334,2.154760833333333
2024-09-12,47580249500000.0,16358630000000.0,,,,,2533164300000000.0,,,252254435000000.0,287.65866500000004,1.5643592499999999,-0.130141055,0.477413175
2024-09-13,40215067285714.29,13962241571428.572,,,1.22544347e+16,5151281000000000.0,3044086157142857.0,1896338700000000.0,1307516100000000.0,228586500000000.0,283.82246,1.2634465142857143,0.21255646857142857,1.6420263614285713
2024-09-14,39380097714285.71,16698952428571.428,30.893380714285716,18.79424,4422678000000000.0,1.23743415e+16,2638747257142857.0,-193717067500000.0,1049924780000000.0,285361130000000.0,280.23660714285717,0.9425559257142858,0.2885746442857143,1.780887022857143
2024-09-15,46147633000000.0,16400353750000.0,,,,,2345478600000000.0,,,266617632500000.0,264.177575,1.5673685499999999,0.1513570675,0.9636283775
2024-09-16,21377518500000.0,25138271000000.0,15.383219,21.770607,1.45084435e+16,2.55309444e+16,3092472600000000.0,2977601532500000.0,2606531500000000.0,619830100000000.0,271.69145000000003,1.25573575,0.0017081749999999958,84.5575795175
2024-09-17,42544422750000.0,21489702500000.0,19.373672499999998,21.243467250000002,6150424787500000.0,3852925050000000.0,2807062050000000.0,812465430000000.0,1639305250000000.0,468382525000000.0,274.4217275,1.082723615,-0.29252335625000003,2.596199125
2024-09-18,29020868675000.0,17422094750000.0,18.493167285714286,21.562585000000002,8883761750000000.0,1.30058424375e+16,2816162412500000.0,2006792150000000.0,1859037675000000.0,342592490000000.0,293.22767125,0.9309976875,-0.24122772999999997,1.9603083912500001
2024-09-19,17126149000000.0,22849009000000.0,20.462477,20.224456500000002,1.31873935e+16,7448204000000000.0,2855912700000000.0,1351008200000000.0,1631283050000000.0,458275945000000.0,288.32799,1.20324725,-0.1927785500000001,1.66475145
2024-09-20,15278243500000.0,26292919500000.0,22.294,20.506477,1.1448271153e+16,5560732170000000.0,2771686800000000.0,1124891750000000.0,1800459550000000.0,518100610000000.0,271.073615,1.2978124,0.44079433,0.692790225
2024-09-21,48476869500000.0,23331149000000.0,16.9050185,21.444104,5630904500000000.0,1.52839271e+17,2603568900000000.0,567697280000000.0,1941583000000000.0,544934250000000.0,269.18036500000005,1.225247,-0.37010835,1.54039745
2024-09-22,47883233000000.0,20299836000000.0,17.975137500000002,19.6275635,-5908992400000000.0,8710771300000000.0,2455245250000000.0,,,371870015000000.0,274.927505,0.9449463849999999,0.34047365,2.6863842
2024-09-23,30934079833333.332,17960955166666.668,20.18548825,23.013689749999998,-2276389850000000.0,3.2269452766666668e+16,2643993966666666.5,1743477225000000.0,1803513000000000.0,332268538333333.3,294.0411766666667,0.9415783166666666,-0.12581759916666657,1.7362031949999999
2024-09-24,34032228000000.0,24665489000000.0,18.0286495,21.849217,2260727300000000.0,2033950845000000.0,2921376800000000.0,2092215800000000.0,1793011600000000.0,470222295000000.0,288.614185,1.3164311,-0.24046465000000006,1.6929178999999999
2024-09-25,36544597000000.0,19331184000000.0,23.27241,19.030808999999998,,,3050849300000000.0,,,311973435000000.0,287.35402,1.07997135,0.38450344999999997,1.6752708200000002
2024-09-26,26462484400000.0,21069304400000.0,20.638723,22.102242,1.88639044e+16,7438480240000000.0,2673579140000000.0,921178013333333.4,1175873700000000.0,385165556000000.0,307.073436,1.00487854,0.352066424,1.387337922
2024-09-27,45545769000000.0,14893929000000.0,,,,,2463121500000000.0,,,207955765000000.0,292.399215,1.31265735,0.20943114999999998,30.06443695
2024-09-28,31482302600000.0,16037622000000.0,16.1142006,21.1457166,,,3007738660000000.0,,,260953416000000.0,300.226104,0.9142407880000001,0.04357426600000005,1.61047772
2024-09-29,40667363500000.0,20159704000000.0,,,2.5078006e+16,1.3825788e+16,2467422725000000.0,1792488775000000.0,2158142600000000.0,324372842500000.0,309.9679375,1.5334969,-0.3682253325,1.80349818
2024-10-01,46106234500000.0,16466722500000.0,,,,,2300388000000000.0,,,241596365000000.0,310.942595,1.3591023500000001,0.13545190000000001,2.0383119
2024-10-02,38773825000000.0,13772509500000.0,,,,,2289558350000000.0,,,191940445000000.0,306.144975,0.8895004799999999,0.511565345,0.564808505
2024-10-03,36430735875000.0,12627665750000.0,,,8381767900000000.0,4980806700000000.0,2183698487500000.0,45912120000000.0,1244484400000000.0,178487797500000.0,295.20249875,1.58936107125,-0.06212713249999999,1.3314926725
2024-10-04,40469772600000.0,15433518400000.0,15.4671205,18.061414,-2108221000000000.0,7.811849565e+16,2443470580000000.0,814482900000000.0,848188700000000.0,218886358000000.0,291.502648,0.91276495,0.058913336,0.647736112
2024-10-05,38065771000000.0,21706961333333.332,11.825789,19.821400666666666,1.0859617e+16,6726375700000000.0,2421084333333333.5,,,382358290000000.0,288.19177333333334,1.0733720166666667,0.9461510466666666,0.77321294
2024-10-06,42837023500000.0,14372748000000.0,,,,,2043662200000000.0,,,212763435000000.0,286.045195,1.8111815999999998,-0.29886159,1.5884031200000002
2024-10-07,46333781800000.0,15081500200000.0,18.104467,23.729772,-2537747550000000.0,2553619900000000.0,2626034300000000.0,2247703800000000.0,1418005300000000.0,224286410000000.0,284.874722,1.02016953,0.59813798,1.87426774
2024-10-08,40101679875000.0,18569655250000.0,17.253672833333333,21.37739433333333,-8332380200000000.0,2.58884401e+16,2610319237500000.0,2321414986000000.0,1878850500000000.0,344042078750000.0,273.74922125,1.03653530375,0.47859742575,14.87808629375
2024-10-09,12770831692500.0,18730878500000.0,,,1.6890836e+16,7638077350000000.0,2316671975000000.0,517268040000000.0,909374835000000.0,285355455000000.0,272.54733250000004,1.2755394,0.6454581662500001,1.352564702
2024-10-10,50263532666666.664,16910549666666.666,30.971401,22.50487,,,2205678900000000.0,,,253260030000000.0,260.3352033333333,1.0497446666666665,-0.12964355333333333,0.7794317999999999
2024-10-11,42500927000000.0,14349411666666.666,,,,,2400733566666666.5,,,197152220000000.0,273.33473,1.6085006,-0.41398898666666667,1.1634857433333332
2024-10-12,27751911214285.715,17947117000000.0,10.539853,23.5931775,7306138740000000.0,3.1104909e+16,2375600785714285.5,2720196824000000.0,2001040900000000.0,317552187142857.1,300.4927471428572,0.9648879485714286,0.5455826962857142,2.58022961
2024-10-13,35676189375000.0,17564718875000.0,10.268715,27.239069,5658103083333333.0,4135097716666666.5,2200882275000000.0,105183100000000.0,1157889720000000.0,283595500000000.0,299.40931,1.0430637787500001,-0.016900254999999975,1.90879967875
2024-10-14,33570427500000.0,15763182500000.0,,,,,2220389150000000.0,,,217444550000000.0,313.83876,1.0591842,-0.09174187500000003,1.484103125
2024-10-15,41220921500000.0,20443898500000.0,14.69407625,19.38089025,,,2666805000000000.0,,,332587672500000.0,301.84677999999997,1.0001476999999999,1.3183273,1.1921412999999998
2024-10-16,38013810800000.0,19751890800000.0,7.917476766666667,21.818085666666665,1.129826412e+16,1.020587208e+16,2176893080000000.0,602633580000000.0,1653428240000000.0,385092186000000.0,305.364694,1.14395546,-0.6905758600000002,3.3967945999999998
2024-10-17,35648893125000.0,17666530125000.0,9.8773575,24.800337,-1.91884991e+16,8.3901369e+16,2059427987500000.0,704431618766666.6,1895887683333333.2,326500707500000.0,284.21129625,0.95456950375,0.036360123750000015,3.4725433375
2024-10-18,19822508000000.0,22142999500000.0,,,1.39216015e+16,8899467800000000.0,2098453700000000.0,386443675000000.0,1876892350000000.0,402533550000000.0,268.12870499999997,1.1907255499999998,-0.100377782,0.5939117709999999
2024-10-19,44566330000000.0,26618483500000.0,,,-1.14758845e+16,5.909890615e+16,1962660250000000.0,52230850000000.0,1955884200000000.0,493424550000000.0,260.65179,1.2868591,1.498847,1.5002424
2024-10-20,27086904250000.0,23656824250000.0,10.799024,25.030407,933466425000000.0,2.040359725e+16,1975790675000000.0,606852581750000.0,2016514175000000.0,470925570000000.0,256.55915500000003,1.4592421500000001,-0.146156675,2.70911135
2024-10-21,35091469000000.0,19726807666666.668,,,,,1642357233333333.2,-1084660300000000.0,1542927800000000.0,362431140000000.0,251.93244,1.3820105333333335,1.0678890666666667,3.1684709000000004
2024-10-22,34479465714285.715,13014683714285.715,,,,,1845613728571428.5,,,180047647142857.16,246.78377714285716,1.6538489285714284,0.3599561542857143,0.9759106342857142
2024-10-23,36379499000000.0,15845609000000.0,6.8737018,19.98483,,,1996779300000000.0,,,222691580000000.0,264.86084,1.04429855,-0.66014761,1.123237275
2024-10-24,40758010000000.0,15022649000000.0,,,,,1686914500000000.0,,,189339305000000.0,287.80104,0.9739925199999999,0.03190738500000001,25.5908302
2024-10-25,42201605200000.0,15041341200000.0,7.81383825,19.9048595,,,1834455880000000.0,10135050000000.0,1118340780000000.0,209288126000000.0,271.384862,1.06014316,0.85318384,1.329980946
2024-10-26,39973252500000.0,13615300000000.0,,,,,1872931300000000.0,,,192514020000000.0,266.20813,1.49426455,0.6168756950000001,0.8137770249999999
2024-10-27,35653670000000.0,12269681750000.0,,,,,1994953450000000.0,,,173297882500000.0,256.6533475,1.0888718750000002,-0.7409067982499999,3.5033156212499996
2024-10-28,32284079333333.332,18271229666666.668,6.882411149999999,23.523799500000003,,,1620545933333333.2,,,303119746666666.7,258.3322166666667,1.2236002333333333,-0.2516711666666666,2.1375369333333336
2024-10-29,40882708000000.0,15026580428571.428,7.909312666666666,23.891277333333335,,,1439851100000000.0,-1479700400000000.0,1080651583333333.4,201251754285714.28,288.21997,1.1078844,-0.713692552857143,3.4624746
2024-10-30,29717592333333.332,15002846666666.666,,,,,1446450866666666.8,,,226020983333333.34,289.88552333333337,1.3423516,0.5556072533333333,0.756409
2024-10-31,46541493000000.0,14724579000000.0,,,,,1367814800000000.0,,,215853426666666.66,302.50533,1.5383301333333332,1.9898420666666665,1.7340543333333336
2024-11-01,38395415875000.0,12066956875000.0,,,,,1462635975000000.0,-183059703333333.34,1799525166666666.8,169111079375000.0,279.475445,1.33956915,-0.19973381000000004,4.523254325
2024-11-02,46555046500000.0,18072139250000.0,4.647908575000001,25.33903025,,,1526066800000000.0,246491550000000.0,1445856000000000.0,268624970000000.0,337.157125,1.0166896925,-0.667386325,5.537756725
2024-11-03,40675900000000.0,19022132333333.332,,,,,1655025200000000.0,,,256569736666666.66,313.87385,1.3854104333333332,-0.7238910166666667,4.292632833333333
2024-11-04,29481364000000.0,21165957500000.0,5.07827,25.411705,,,1356086150000000.0,-421537400000000.0,2748084600000000.0,359409775000000.0,264.24993,1.3800871,2.2812071,2.1724628
2024-11-05,35444899100000.0,14764521500000.0,,,,,1432539183333333.2,-1668959166666666.8,1872767766666666.8,223569553333333.34,247.85220833333332,1.5852745,0.4320262716666667,2.8460268
2024-11-06,39815687444444.445,12276169666666.666,14.929278333333334,18.556014666666666,,,1275948722222222.2,-2045022966666666.8,1300722833333333.2,168855564444444.44,255.92821333333333,1.1852279777777777,0.6293432466666666,2.6153002333333335
2024-11-07,39360624666666.664,12903247666666.666,9.4334345,25.403708,,,1405248100000000.0,-921925300000000.0,1198176800000000.0,179481136666666.66,267.41357,1.4307086666666666,0.9236978266666668,0.8723227000000001
2024-11-08,37658979666666.664,14570725333333.334,,,,,1299676833333333.2,,,213628903333333.34,263.4820066666667,1.2628946,0.07558892,1.35375189
2024-11-09,26790890000000.0,12609757666666.666,,,,,1365469566666666.8,,,180527870000000.0,251.15994,1.4156335,-0.7812047443333333,1.7525538266666667
2024-11-10,33925262000000.0,12429343571428.572,13.24421975,21.048031,,,1385689742857142.8,1224788960000000.0,1912275800000000.0,171780730000000.0,255.66135,1.321892557142857,-1.2051000457142858,3.0194311671428573
2024-11-11,37110907200000.0,12635227000000.0,16.355299,18.41946,,,1386975120000000.0,-729751200000000.0,1330147300000000.0,167539852000000.0,284.760144,1.37276336,0.49814508,2.52369748
2024-11-12,51896770000000.0,13439068500000.0,,,,,1226518350000000.0,,,189645855000000.0,271.884325,1.2420075000000002,0.6675132,1.59102565
2024-11-13,50587049500000.0,15835541000000.0,,,,,1169811025000000.0,,,201991115000000.0,296.070525,1.3376994,0.06492958999999998,23.8964271
2024-11-14,48888927600000.0,14465405400000.0,8.392170666666667,28.864981,,,994527142000000.0,-1532368366666666.8,1687605666666666.8,189295718000000.0,272.974282,1.6635601000000002,0.8673825039999998,2.71811024
2024-11-15,35064394875000.0,14657523250000.0,11.80302,26.656332,,,855095013750000.0,,,210247996250000.0,276.51992,1.4228759625,1.6836699450000001,3.27975455
2024-11-16,39952070000000.0,14156178500000.0,,,,,1096753780000000.0,,,184809130000000.0,264.51113999999995,1.30073345,-0.9489741500000001,2.69536335
2024-11-17,41982439000000.0,13957071000000.0,,,,,1690566550000000.0,,,187660450000000.0,273.73558,1.3852336,0.8189999350000001,5.734674699999999
2024-11-18,55614340800000.0,14710230800000.0,6.929531,28.950896,,,1463426520000000.0,452044015000000.0,1546661300000000.0,193241546000000.0,337.375894,1.45319624,2.9430953559999997,2.3019948599999998
2024-11-19,50175667500000.0,15015765500000.0,4.3113956,28.419752,,,1624435225000000.0,,,186652215000000.0,367.9002,1.668144975,1.4515917925,4.2972869
2024-11-20,51693711000000.0,11590042600000.0,,,,,1776089120000000.0,,,162904108000000.0,342.318006,2.30681248,1.4309527147999996,2.5582971480000003
2024-11-21,53869412000000.0,14739863666666.666,,,,,2135710633333333.2,,,199913363333333.34,365.40082,1.3347448333333334,-0.9272265813333332,2.2127588466666666
2024-11-22,36522762000000.0,18148475666666.668,,,,,2080528766666666.8,4921502600000000.0,2412663000000000.0,252146006666666.66,324.4298,1.5795842666666668,0.07119258666666657,4.602459566666666
2024-11-23,35643104000000.0,15750385333333.334,4.5291066,25.516434,,,2541083933333333.5,8062632300000000.0,3354096500000000.0,227751943333333.34,348.80859000000004,1.6736295666666667,1.5036598,3.2495142
2024-11-24,36792965000000.0,17222404000000.0,7.4533738,24.856862,,,1655480650000000.0,,,229875410000000.0,317.47254499999997,1.87371775,-5.97296595,5.2365955
2024-11-25,47336269750000.0,14509118625000.0,,,,,1328526317500000.0,,,196637385000000.0,272.77029500000003,2.244539125,-2.4452360625,7.2827710875
2024-11-26,39249029000000.0,18261606500000.0,,,,,1461942450000000.0,,,220749400000000.0,257.20064,1.89500925,-1.6081972599999999,1.851299425
2024-11-27,28414071800000.0,16007030000000.0,8.292657333333333,27.32547,,,1763813940000000.0,2596256433333333.5,1850169833333333.2,208698478000000.0,292.00690199999997,1.6410521200000001,0.250425654,3.96716579
2024-11-28,28249079000000.0,14654654000000.0,,,,,1584561200000000.0,,,191984750000000.0,293.07613000000003,2.4351807,-1.06222035,2.04069945
2024-11-29,47748835500000.0,13783284500000.0,10.850238,25.726582,,,1977904400000000.0,,,186952685000000.0,294.528165,2.2160923500000003,-3.551329,4.3940904000000005
2024-11-30,32050600571428.57,13331321857142.857,,,,,1227640167142857.2,,,159053014285714.28,300.33871142857146,2.4467526,-0.32244130857142866,8.276563942857143
2024-12-01,30417514250000.0,17071218666666.666,,,,,1183833800000000.0,-720452110000000.0,1746823400000000.0,219555698333333.34,298.79133,2.0065063833333334,-1.5450698666666665,3.641262183333333
2024-12-02,48708009250000.0,20401672000000.0,10.40662925,22.443463,,,1922730800000000.0,,,270230480000000.0,303.0621425,1.7096945749999999,-4.0538089675,4.3703658999999995
2024-12-03,29705277500000.0,14673891000000.0,,,,,1504173200000000.0,,,195525125000000.0,307.96081,2.29924405,1.79961005,2.7725910000000002
2024-12-04,38559609750000.0,12154632625000.0,8.75532,31.738794,,,1660772150000000.0,,,164837231250000.0,331.52887625,2.4410300124999997,0.5098822687499999,7.234588425
2024-12-05,31433862666666.668,12589818833333.334,7.49087765,27.525269,,,1579422016666666.8,3654062200000000.0,2236405550000000.0,164094832500000.0,349.6765666666667,2.1356204333333335,5.685687393333333,7.632076183333333
2024-12-06,49058759666666.664,14383340333333.334,,,,,1650140033333333.2,,,178379013333333.34,338.20302,1.7709165333333334,3.0041008,2.461694533333333
2024-12-07,36023639666666.664,16565807000000.0,7.1730704,29.34185,,,1371360033333333.2,,,217931156666666.66,330.89209,2.0282986333333333,-4.048450936666667,4.8814326333333335
2024-12-08,32103410000000.0,15448999250000.0,,,,,1786735100000000.0,,,180711627500000.0,298.6811625,2.4338997,-1.445260675,6.848596025
2024-12-09,42471096375000.0,12010443250000.0,,,,,1270744186250000.0,,,150604035000000.0,276.3045425,2.13490145,3.30561978875,5.6980191125
2024-12-10,36918175433333.336,15174120000000.0,,,,,821429950000000.0,,,180938713333333.34,262.95803666666666,1.8607831333333333,2.992346166666667,1.9736913666666667
2024-12-11,28485279000000.0,16711010500000.0,11.87178,27.462406,,,832198185000000.0,,,212511280000000.0,263.57629,2.1369018,2.1317137500000003,2.73455545
2024-12-12,42495327000000.0,20365514000000.0,2.6351722,28.1526565,,,1191176380000000.0,,,276048755000000.0,292.76286,2.0266128,-1.9072705,6.562758949999999
2024-12-13,39467991320000.0,23392352400000.0,,,,,1426288720000000.0,,,326826702000000.0,298.58223200000003,2.4085664,2.4519907399999994,15.4516714
2024-12-14,36839332400000.0,17035592800000.0,9.523085,29.518612,,,1217822272000000.0,,,219410816000000.0,290.51227800000004,2.28118262,1.9982632599999999,11.16650248
2024-12-15,48818359333333.336,14464883000000.0,,,,,712920766666666.6,,,181686403333333.34,309.23053,1.9993444333333332,1.7023382433333332,2.507698233333333
2024-12-16,62265860500000.0,15221726000000.0,,,,,1172828050000000.0,,,181891335000000.0,326.568195,2.19328235,-1.47768735,3.7807826999999996
2024-12-17,28318648000000.0,22205415000000.0,5.453048625,30.795386500000003,,,1237292775000000.0,,,260952535000000.0,334.29905,2.2907655499999997,4.855434425,8.915967675
2024-12-18,53174143000000.0,20035517333333.332,7.7287602,31.314484,,,872387113333333.4,,,251418023333333.34,309.85233666666664,2.4785407333333334,-0.4242483333333326,16.82396
2024-12-19,29554232400000.0,12674076120000.0,,,,,952315684000000.0,,,165846274000000.0,307.393904,3.540667,3.076352584,7.58398912
2024-12-20,47713272333333.336,16492425333333.334,,,,,1305861966666666.8,,,225016226666666.66,314.28404666666665,2.1299725,-1.5488707000000002,4.336495766666666
2024-12-21,43608569666666.664,21369446333333.332,6.059717366666667,23.656035666666668,,,943390680000000.0,,,292762636666666.7,326.40072333333336,2.0148725,-10.280138066666666,13.198191333333334
2024-12-22,33745990520000.0,17522794000000.0,,,,,968895320000000.0,,,220933192000000.0,344.737212,2.7593532,10.57611988,6.61114022
2024-12-23,15739308000000.0,14923489000000.0,,,,,1317385150000000.0,,,194495415000000.0,351.36366499999997,3.1457217,5.167856,8.660331
2024-12-24,53673913000000.0,13848589750000.0,,,,,1348083600000000.0,,,188196032500000.0,386.89574500000003,2.81074635,1.3986314499999994,9.605487125
2024-12-25,31418031666666.668,19443346333333.332,,,,,1098218766666666.6,,,264932780000000.0,315.67092,1.7141588333333333,-6.8905495,5.975230866666666
2024-12-26,33226250142857.145,17010620714285.715,19.114236857142856,21.239995857142855,,,1126908294285714.2,,,232808984285714.28,311.32432,2.2384197142857145,1.517947128571429,6.185397128571428
2024-12-27,44248522333333.336,20392597666666.668,16.484377666666667,25.542154999999998,,,1242230533333333.2,,,269953236666666.66,279.25693333333334,2.185193133333333,8.256546233333333,8.302868433333334
2024-12-28,37441411000000.0,15215119000000.0,,,,,1073215400000000.0,,,212054750000000.0,314.15840000000003,3.1842495,11.5799295,10.548039
2024-12-29,39571514625000.0,13433778875000.0,,,,,982345782500000.0,,,178878411250000.0,264.35833375,3.5826543,3.9465116625,17.8885945
2024-12-30,36292580000000.0,14882714750000.0,9.072366666666667,30.502642666666663,,,1010855587500000.0,,,209927782500000.0,308.1829525,2.0091537,-0.26322141749999983,3.5515374
2024-12-31,,,,,,,,,,,,,,
2025-01-01,49574772000000.0,15897795500000.0,,,,,1331389900000000.0,,,207273075000000.0,315.144085,3.3188088000000002,7.317636,5.064161
2025-01-02,37800685333333.336,14948297666666.666,,,,,907329086666666.6,,,199964763333333.34,322.37995666666666,3.5322706000000004,7.0763126666666665,11.414757233333333
2025-01-03,44973119500000.0,15817732375000.0,4.774005233333333,34.215122666666666,,,667411723750000.0,218958590000000.0,1921695100000000.0,202893841250000.0,352.248165,3.0053165125000003,-7.27524045,29.144091862499998
2025-01-04,36031293250000.0,17067020250000.0,3.5114503,27.97962475,,,1119837215000000.0,,,257264432500000.0,392.2966675,1.78295325,-5.290496600000001,7.630165925
2025-01-05,45253845333333.336,15563266666666.666,5.056731,29.203697,,,1327043466666666.8,,,217823883333333.34,356.0887,2.2825455,0.26581795000000014,3.8866007000000002
2025-01-06,46293375000000.0,16799609500000.0,,,,,1440838450000000.0,,,236080685000000.0,292.92442,3.40555085,0.11094040000000005,6.1603514
2025-01-07,32709455833333.332,15449840500000.0,,,,,1531461300000000.0,,,228996028333333.34,316.6018166666667,2.9046074666666666,2.650467058333333,25.931165083333337
2025-01-08,39789159571428.57,14324448857142.857,5.164444875,31.84676775,,,2143196442857142.8,8652732700000000.0,3613404600000000.0,218009615714285.72,355.26221285714286,2.5316065,0.03472672999999927,13.61761662857143
2025-01-09,25512502333333.332,15633033333333.334,,,,,1904787333333333.2,,,253015243333333.34,349.2133333333333,2.3814294666666664,0.5132292999999999,4.0087769
2025-01-10,43522425666666.664,14177175000000.0,,,,,1737130766666666.8,,,208931900000000.0,355.27205000000004,2.1654272,-3.7105284,3.626501166666667
2025-01-11,37772790000000.0,15914074333333.334,5.23258985,27.2258995,,,1181939133333333.2,,,223241650000000.0,394.0962333333334,2.4180052333333335,0.36718266666666705,10.392064333333334
2025-01-12,49329003000000.0,13623768285714.285,,,,,1097928578571428.6,,,210993177142857.16,362.61353285714284,2.1876918714285716,7.615386989999998,7.3887189285714285
2025-01-13,48386210600000.0,16990828600000.0,5.5106645499999996,25.50061,,,736692744000000.0,-3340604433333333.5,2607638366666666.5,271429758000000.0,337.35728,1.7742075400000001,5.15333996,14.120203279999998
2025-01-14,30556555500000.0,12868129500000.0,,,,,526435100000000.0,,,217620515000000.0,302.20285,2.9427061,2.27581395,2.44494115
2025-01-15,29980317500000.0,18086214500000.0,11.949594,22.043101,,,815957800000000.0,,,264467670000000.0,329.46795,1.7251978000000001,-0.06791020000000003,4.55570805
2025-01-16,27454535800000.0,14733260000000.0,,,,,843976516000000.0,,,212080048000000.0,291.02603,2.46009352,-0.9481155714,6.540198859999999
2025-01-17,37339697222222.22,11449462000000.0,,,,,1058580138888888.9,,,199781761111111.12,290.3391966666666,2.0138917444444444,-0.5746283155555558,4.348879281111111
2025-01-18,41932953000000.0,12877618500000.0,,,,,1350606200000000.0,,,204915255000000.0,307.57169999999996,1.5763663,-2.34721615,2.14958855
2025-01-19,27814228400000.0,16378919500000.0,16.667623,20.3988655,,,1166346430000000.0,,,266860495000000.0,301.36482,1.6144767999999998,-4.690027049999999,3.6677077000000002
2025-01-20,35164460000000.0,15441009750000.0,8.522896,20.754617000000003,,,1054574800000000.0,1462815000000000.0,1761575900000000.0,241442935000000.0,281.9870975,1.8628974,1.0889218525000002,2.7351797075
2025-01-21,27116576000000.0,14660423000000.0,,,,,1156018080000000.0,,,202498010000000.0,291.297425,2.74811315,0.3681534499999999,4.2991962500000005
2025-01-22,41769236200000.0,11795304200000.0,,,,,790267568000000.0,,,189784564000000.0,319.518128,2.2721766000000003,2.71032451,3.303461714
2025-01-23,37809311000000.0,13242509000000.0,,,,,1100868125000000.0,,,209800370000000.0,295.773735,1.4561315000000001,-0.05466385000000007,2.0753571
2025-01-24,40290016500000.0,15204240000000.0,,,,,1601002400000000.0,,,234282830000000.0,401.1709,1.5637329,-2.523606,3.1271804000000003
2025-01-25,27815930300000.0,15577189000000.0,,,,,1275751720000000.0,522333380000000.0,1512004466666666.8,229469710000000.0,334.474056,2.01223306,-2.51448124,4.297925
2025-01-26,20778369300000.0,17609530000000.0,,,,,1188231650000000.0,,,281667545000000.0,352.72706,1.8027107500000001,16.897851,7.5579585
2025-01-27,30300358833333.332,13269992500000.0,,,,,1329349326666666.8,,,202574383333333.34,377.5909583333334,2.0533706,-0.4510504666666666,8.863292800000002
2025-01-28,38286303000000.0,15036545500000.0,,,,,1425262450000000.0,,,238700435000000.0,306.771805,1.2779691,-0.0333216999999999,2.10670645
2025-01-29,51304222000000.0,16163551800000.0,,,,,1491794740000000.0,3403638166666666.5,1787298200000000.0,262728296000000.0,345.08584,1.36192172,-0.45824584999999995,4.54817642
2025-01-30,50360200500000.0,16577841500000.0,,,,,1512325350000000.0,,,258464365000000.0,390.423675,1.38121775,2.195458,4.2906823
2025-01-31,35827896500000.0,18215178500000.0,,,,,1659232500000000.0,3490091050000000.0,3087827950000000.0,313188285000000.0,327.95779500000003,1.68792935,3.78782825,5.20318595
2025-02-01,51221345857142.86,12631332714285.715,4.945947,29.990473,,,1013822341428571.4,,,197691510000000.0,365.85715857142856,1.6955856142857144,6.6790404,5.0477226
2025-02-02,46922845500000.0,13942421250000.0,4.3086091500000006,27.538785,,,950982045000000.0,-985907500000000.0,1227991650000000.0,237276775000000.0,361.018195,1.20673265,0.45510377500000004,4.613362524999999
2025-02-03,42305827000000.0,15771850750000.0,4.93264585,27.471185,,,1353923575000000.0,1456882450000000.0,1329448300000000.0,256693775000000.0,397.34270000000004,1.295619,0.9818370000000001,2.2168159
2025-02-04,35498237000000.0,14908334000000.0,4.321847,22.668016,,,1013696325000000.0,,,250731405000000.0,317.829215,1.4174305,-2.2244293500000003,3.8045555
2025-02-05,45385618500000.0,13736052000000.0,12.071950000000001,29.6681955,,,1214719050000000.0,,,224638770000000.0,328.311375,1.328036,-0.6554243,6.12156735
2025-02-06,45110550833333.336,12203174000000.0,,,,,1590396233333333.2,4198073900000000.0,2585823550000000.0,173677261666666.66,381.14195333333333,1.5636145666666668,0.1419646738333332,3.7325837476666663
2025-02-07,34624878500000.0,15760356500000.0,2.52194035,20.677202,,,1792824325000000.0,2130755550000000.0,1299543550000000.0,240689855000000.0,379.23753999999997,0.9966668750000001,1.262914941,1.26366443825
2025-02-08,52648763000000.0,14744526000000.0,,,,,1863010933333333.2,,,224724276666666.66,352.04134,1.1620622999999999,1.1596077000000002,3.098921266666667
2025-02-09,49342833500000.0,15682909500000.0,2.8721697,17.889748,,,1592039950000000.0,,,230855650000000.0,339.540955,1.2600457,3.83968365,2.6945391
2025-02-10,41791979600000.0,12974721800000.0,3.4115068,19.020335,,,1630530440000000.0,2408966950000000.0,1836123900000000.0,207728256000000.0,369.703192,1.2976748280000001,-2.89806248,2.614630294
2025-02-11,39730445600000.0,12905132200000.0,3.00043425,17.471409,,,1365581540000000.0,917875715000000.0,1105483650000000.0,221371664000000.0,345.690254,0.9545782239999999,1.4478037719999999,1.570533092
2025-02-12,41927155000000.0,15844838333333.334,3.543386266666667,17.140754666666666,,,1189300333333333.2,195332210000000.0,1060813440000000.0,255875340000000.0,331.67088,1.0998302100000001,-0.2742947833333333,1.9575803399999998
2025-02-13,38724062666666.664,20637735666666.668,3.6863838333333327,20.709554333333333,,,1122732700000000.0,-577292896666666.6,1629463900000000.0,352410603333333.3,328.2225833333333,1.2546602333333334,-0.7937108333333334,6.632342633333333
2025-02-14,42863165500000.0,15210868500000.0,3.4386096,20.592993,,,2239814250000000.0,,,239881795000000.0,350.023375,1.11071955,0.9782376499999998,2.32811645
2025-02-15,46376475428571.43,14051186285714.285,2.820223125,24.81679125,,,1228363862857142.8,1177174195000000.0,1662907700000000.0,219617607142857.16,329.80235285714286,1.2090266357142858,2.16037408,2.4146316285714287
2025-02-16,40779474200000.0,16418554000000.0,3.7016532599999996,18.9039118,-1.699206e+16,1.807949e+17,1414227860000000.0,-265931775000000.0,1500716850000000.0,274953518000000.0,385.969812,1.049367226,0.670202784,3.2626153799999997
2025-02-17,44253698666666.664,16935165666666.666,4.3757201,20.92754533333333,,,1755729066666666.8,,,275833156666666.66,384.37261000000007,1.0471947133333332,-0.8216602333333333,2.280727466666667
2025-02-18,59791004500000.0,15987877000000.0,4.5744715,16.828453,,,2160523600000000.0,,,276709110000000.0,375.585625,1.0043658,-0.3950701875,1.3707869825
2025-02-19,39441894400000.0,16120733800000.0,3.29264242,17.9338192,,,2362826820000000.0,1422949266666666.8,1426548533333333.2,276818568000000.0,421.06638999999996,1.03095706,0.5452952900000001,3.23119744
2025-02-20,45559465000000.0,13788753250000.0,3.9562044000000003,21.021927666666667,1.0853274e+16,7604528000000000.0,2298246825000000.0,,,223727235000000.0,424.4006125,0.93670169625,-0.3759944875,2.7099796124999997
2025-02-21,68733965000000.0,16684681000000.0,4.70134285,15.28601775,,,2425424350000000.0,,,278692500000000.0,411.304565,0.868016475,-2.24507925,3.4648629499999997
2025-02-22,42238162000000.0,13693915666666.666,,,,,1595507166666666.8,,,260057853333333.34,371.6469333333334,1.4978246333333332,0.10489378333333332,18.3781624
2025-02-23,32313443133333.332,18729093000000.0,5.6526667,17.081763666666664,,,2257327033333333.5,1344710000000000.0,1458905100000000.0,346490940000000.0,404.9882,0.9923505833333333,3.278578066666667,2.861243566666667
2025-02-24,31107922333333.332,17339846000000.0,5.4295354,18.320364666666666,,,2742767266666666.5,3870467200000000.0,1908780900000000.0,303209506666666.7,389.2837333333334,1.0191743166666667,1.3889495556666667,1.73409978
2025-02-25,42587440000000.0,15905706571428.572,6.233220042857143,18.884604142857143,1842811600000000.0,1993049100000000.0,2352445414285714.5,2045864366666666.8,2485791566666666.5,290300657142857.1,400.83988857142856,0.8668972571428571,-2.8979635971428577,4.682324457142856
2025-02-26,51386720666666.664,14026172000000.0,,,,,2105361100000000.0,,,249529896666666.66,393.4258633333334,0.8503005199999999,-0.7802894699999999,1.6405432566666667
2025-02-27,34435205000000.0,15564087500000.0,,,,,1714903600000000.0,,,255339160000000.0,359.08193,0.9264995,-0.12143057499999999,1.836210235
2025-02-28,58362158800000.0,14945722000000.0,,,-6943660466666667.0,3.9216443533333336e+16,2101363700000000.0,2452983000000000.0,1383503333333333.2,265056886000000.0,353.31971400000003,0.995628548,0.8809348800000001,2.47319998
2025-03-01,49607182666666.664,13827723666666.666,,,,,1383859433333333.2,,,251452686666666.66,329.1206266666666,0.9835025333333333,-0.8376284171333334,1.9098372416666667
2025-03-02,58904133200000.0,12671879800000.0,,,,,1074200112000000.0,,,223756306000000.0,305.30699,1.0035459100000002,0.575072048,0.93320921
2025-03-03,50050165000000.0,13797242000000.0,,,,,937037480000000.0,,,240536960000000.0,258.29375,1.04334625,0.551328725,0.5291797
2025-03-04,50529642200000.0,14275867200000.0,9.239258666666666,21.416591999999998,-371143000000000.0,1716488733333333.2,650754528000000.0,-2258499200000000.0,956481766666666.6,239344168000000.0,291.636544,1.0618618,0.6948446199999999,2.047052788
2025-03-05,27014676000000.0,17004901000000.0,,,,,710961300000000.0,,,279669645000000.0,231.38788,1.35719195,-0.2467842275,2.49505132
2025-03-06,36742630000000.0,18602572000000.0,,,1.5768266e+16,8702724466666667.0,861618686666666.6,-253312300000000.0,95762620000000.0,314376910000000.0,233.50591,1.4198303,-0.41867721333333335,1.5760578233333333
2025-03-07,33325551125000.0,16675811125000.0,7.362263028571428,24.021366857142855,4378179825000000.0,6009494885000000.0,1568237050000000.0,-408176312857142.9,1956649400000000.0,299822505000000.0,269.15312875,1.0736394575000001,0.29016768374999996,3.3893396375
2025-03-08,26849946550000.0,22131879750000.0,6.903427349999999,19.48290825,8733780250000000.0,2.861787125e+16,1393457487500000.0,-292312656666666.7,1741127666666666.8,449476282500000.0,249.39001000000002,1.4023019749999999,0.5684002750000001,7.7875966750000005
2025-03-09,31267713800000.0,25582398200000.0,9.220150825,21.7119775,1.327931619e+16,7670261772000000.0,1523225300000000.0,-696287032000000.0,1695291500000000.0,478735898000000.0,260.569072,1.4359714799999999,2.481530476,1.240012384
2025-03-10,45210748000000.0,18636723500000.0,,,,,1627183450000000.0,,,322355525000000.0,295.343245,1.49797135,0.742783035,0.78697115
2025-03-11,41743644333333.336,17031154333333.334,,,,,1636395766666666.8,,,288378883333333.3,280.8963,1.1883925333333334,0.64176314,0.69806308
2025-03-12,44499026125000.0,13106918250000.0,11.01014,24.619518,-646874150000000.0,6191136550000000.0,1772340437500000.0,775678085000000.0,1612378000000000.0,214615720000000.0,275.81954875,1.0245191775,-0.041034193249999955,1.74950918125
2025-03-13,38560957000000.0,19188152166666.668,14.725447,20.23693,-3794527666666666.5,9.288435916666667e+16,1646821183333333.2,-207452908666666.66,1069361600000000.0,317630113333333.3,285.21929,1.1126837333333333,-0.25208830499999996,2.3678051549999997
2025-03-14,43348521500000.0,15097660500000.0,,,,,2175726300000000.0,,,244015790000000.0,319.40134,0.9215872,0.41320239000000003,0.38447082499999996
2025-03-15,44077951250000.0,21945846750000.0,4.337683875,20.994325500000002,-1.56922315e+16,7.040569e+16,1726986650000000.0,-1070322412500000.0,2390924200000000.0,451405230000000.0,312.17304,1.10460775,-0.06750454249999993,12.6410564975
2025-03-16,46327578166666.664,17411405000000.0,6.416105616666667,22.816615666666667,1514298560000000.0,1.94778367e+16,1969835983333333.2,-574168270000000.0,2254657720000000.0,334138323333333.3,302.7178916666667,1.0826970333333332,-0.40030269724999995,3.2414445843333333
2025-03-17,56873677142857.14,18085639428571.43,3.6338858999999997,17.065476571428572,3109066400000000.0,4034405300000000.0,1848520928571428.5,384691194000000.0,1277851250000000.0,347895097142857.1,347.28045285714285,0.9782573942857143,-1.3584341000000002,6.2154047
2025-03-18,50144896666666.664,15486983333333.334,,,,,1708712600000000.0,,,301796946666666.7,296.1491833333334,1.0115458333333334,-0.8686620566666666,5.0463872
2025-03-19,49308790000000.0,17336216000000.0,,,,,1522150200000000.0,,,283492285000000.0,269.76464999999996,1.0313645500000002,-0.23680984500000002,1.345805785
2025-03-20,64509162500000.0,20155133500000.0,6.2927912,18.0965615,-3.811267e+16,6.299749e+16,2186178800000000.0,-9788385000000.0,2798340300000000.0,437752950000000.0,293.11995,1.10301595,-1.4409129749999998,1.7191478199999999
2025-03-21,36675080000000.0,17006026428571.428,7.0836076285714284,21.198997428571428,4880194766666667.0,6860775550000000.0,2714659414285714.5,4972349966666667.0,2767824316666666.5,354972977142857.1,328.2423242857143,0.9028607014285714,0.1712924362857143,9.821984142857143
2025-03-22,35231553333333.336,19202013500000.0,6.643422166666667,20.703740666666665,3.007373025e+16,1.1008490875e+16,2561229250000000.0,1758513417500000.0,1831648350000000.0,351540526666666.7,351.650535,0.96317851,-0.1423132275,2.6424569333333334
2025-03-23,51398114333333.336,24401113333333.332,5.071710466666667,18.717949666666666,2628989500000000.0,8700145600000000.0,2222777100000000.0,887599243333333.4,2201758700000000.0,575302933333333.4,336.7812933333333,1.0023431,-0.6512928833333334,8.19232265
2025-03-24,61235641000000.0,15148801666666.666,,,,,3089107066666666.5,,,258785336666666.66,348.49867666666665,1.1056071666666667,0.22837632333333335,0.41879811
2025-03-25,44087938600000.0,15917784200000.0,4.699400766666667,19.018601,4242352400000000.0,3015518450000000.0,2501819360000000.0,1625535100000000.0,1274592633333333.2,244936784000000.0,348.512582,0.907843704,0.441680696,0.849392778
2025-03-26,45751824000000.0,13363829857142.857,,,,,2285127742857143.0,,,202105598571428.56,288.66306285714285,1.3069405285714286,0.07640573028571429,2.286559199
2025-03-27,60279009333333.336,14363568333333.334,,,,,2704097566666666.5,,,247523280000000.0,353.9998333333333,0.8344503133333333,-0.06521860666666668,0.7992848066666668
2025-03-28,29011410333333.332,21565139666666.668,11.685341333333334,18.991137666666667,7438276950000000.0,5001770450000000.0,3051467900000000.0,4345607350000000.0,2779865100000000.0,499123596666666.7,329.09491333333335,1.0844662333333333,-0.35931163666666666,1.0943284
2025-03-29,46195131000000.0,25725568000000.0,8.413822999999999,19.44248,2950565000000000.0,8304629840000000.0,2490034600000000.0,252217240000000.0,2228496760000000.0,608386670000000.0,333.50915999999995,1.15976924,-0.12558468000000006,1.9634885199999998
2025-03-30,30488099500000.0,21616697500000.0,8.715694500000001,20.423396500000003,5.812883e+16,1.6121877e+16,3119806400000000.0,4137634350000000.0,3287308400000000.0,530645475000000.0,351.5179,1.001691275,2.3754033,1.7804826
2025-03-31,43631388833333.336,16010013833333.334,5.577292,20.5487245,,,2793005350000000.0,,,279620616666666.66,362.20602,0.9276948366666667,-0.26495072666666664,5.868616413333334
2025-04-01,40383872000000.0,16710822500000.0,,,,,2735708250000000.0,,,307308135000000.0,367.85312999999996,1.0033782199999999,0.59107611,0.6010331250000001
2025-04-02,41757064500000.0,27704398000000.0,8.8542445,18.7449285,-1.513900735e+16,2.790711775e+16,3083853700000000.0,3112222100000000.0,3051403950000000.0,785927580000000.0,383.59367,0.94478498,-1.8433612499999998,1.8813623
2025-04-03,39066813000000.0,26580089600000.0,13.6594336,19.8315084,5688980600000000.0,3.03095126e+16,2672074512000000.0,1037640828000000.0,2331067020000000.0,594367568000000.0,369.679938,1.08776904,-0.543975662,1.9331802799999998
2025-04-04,21371554333333.332,20629169666666.668,12.289378666666666,20.369264666666666,9062311833333334.0,4794013333333333.0,3105502133333333.5,,,445367776666666.7,328.92663999999996,1.0113937666666668,-1.286246123333333,1.8681808333333334
2025-04-05,56744282166666.664,15282886500000.0,4.600709,21.905064,,,2221203933333333.2,,,253869908333333.34,436.5186816666667,0.8252835166666667,0.3482435416666667,1.6651253716666667
2025-04-06,53202755333333.336,22151130666666.668,2.1941336666666666,18.309155666666665,1046320740000000.0,887754700000000.0,2636813700000000.0,,,397270123333333.3,455.4808633333334,0.7662575199999999,-0.49918789999999996,0.93332081
2025-04-07,26152294260000.0,26522658800000.0,4.059838,19.70591525,1.11600775e+16,1.469896806e+16,2618824500000000.0,695729958000000.0,2180721000000000.0,633381010000000.0,415.750458,1.01348408,-0.8652067500000001,5.45924452
2025-04-08,56136316666666.664,18892373666666.668,3.317716,20.442165000000003,,,2896783666666666.5,,,337162593333333.3,399.4028,0.8712704666666666,0.3370541166666667,0.6424116666666667
2025-04-09,57107525000000.0,19245553000000.0,6.2590966,22.21279,-2.4150893e+16,5.4697706e+16,2731055950000000.0,,,358436510000000.0,394.05017,0.9542330649999999,1.4635713250000002,0.91355312
2025-04-10,49693857142857.14,15310837285714.285,2.9368469333333334,20.746490666666666,1.42486537e+16,6944852050000000.0,2639940042857143.0,328462670000000.0,1471262450000000.0,240016078571428.56,416.8404571428572,0.8449313142857143,-0.2738369248571429,2.6867235620000005
2025-04-11,56942604750000.0,16247059750000.0,9.809282,18.762905,-6401499475000000.0,1.140220547e+16,2506375950000000.0,373322810000000.0,892492190000000.0,233166135000000.0,417.331155,0.859498785,-0.30342666,1.82622338
2025-04-12,23634682300000.0,27463661000000.0,9.535017000000002,19.025135333333335,3.5696925175e+16,1.223912715e+16,2555229950000000.0,165522933333333.34,2202748033333333.2,613105575000000.0,376.85098,0.9824768749999999,0.03088369249999995,5.308503175
2025-04-13,44492059000000.0,15881732500000.0,,,,,2590753950000000.0,,,259797880000000.0,338.16397,0.9055545700000001,0.05124643500000001,1.6473109799999999
2025-04-14,43856689000000.0,16771241333333.334,,,,,2888997100000000.0,,,297026510000000.0,345.8301833333333,1.1910796666666668,-0.1715974166666667,1.0388579633333335
2025-04-15,34684652916666.668,17990629333333.332,15.881712916666666,20.696256166666668,1.68703955e+16,6785573175000000.0,3492348766666666.5,2313518650000000.0,1876821500000000.0,340396786666666.7,348.34832166666666,0.9265467100000001,-0.15118933216666666,0.8177829495000001
2025-04-16,44916092800000.0,15514979000000.0,20.526514,17.507435,-1958510700000000.0,5943687000000000.0,2724638940000000.0,299042860000000.0,937708415000000.0,244464256000000.0,336.737464,1.004053694,-0.19754596899999996,8.371153516000001
2025-04-17,46759645000000.0,25045029000000.0,16.48615633333333,18.097984999999998,2697459666666666.5,6.2345947333333336e+16,3452564733333333.5,2915556566666666.5,2873348433333333.5,611643380000000.0,324.15775666666667,1.2024665666666667,0.9874461466666666,1.2058563666666666
2025-04-18,40546725000000.0,18669378500000.0,,,,,2876165700000000.0,,,372873565000000.0,300.52854,1.59615445,0.668741705,0.54633943
2025-04-19,24819601000000.0,19333774200000.0,22.5434792,20.6631044,9479148620000000.0,4969729520000000.0,2942263720000000.0,2141872050000000.0,1915350500000000.0,377010294000000.0,306.014678,0.970221012,-0.3388663840000001,6.097503594
2025-04-20,42299224571428.57,17479351285714.285,15.14787,18.82364814285714,-1.5755337e+16,7.3024171e+16,3214798728571428.5,1980706450000000.0,1380652350000000.0,302842530000000.0,342.1361042857143,0.9235479828571428,0.0465994557142857,1.134305582857143
2025-04-21,24685304900000.0,24289376333333.332,13.870898,19.01308,4412867233333333.5,4.5604119466666664e+16,2615437333333333.5,,,544223823333333.3,319.5862133333333,1.1184785666666668,-0.4564624,2.9604624533333332
2025-04-22,41796848500000.0,23882156000000.0,,,-5111318000000000.0,1.275670815e+16,2350440300000000.0,,,518430150000000.0,328.689015,0.96170865,0.673410085,0.63054665
2025-04-23,48398758000000.0,16609730400000.0,11.8378525,16.070981500000002,1.27558795e+16,5451699150000000.0,3070712100000000.0,809495520000000.0,1239028100000000.0,251693732000000.0,350.201208,0.8787150699999999,0.13816122299999997,0.781398856
2025-04-24,26783012428571.43,17455450000000.0,,,3.9046806e+16,1.1766935e+16,2724070671428571.5,82455550000000.0,1989274000000000.0,332912248571428.56,342.57595,0.9623115585714286,0.28662436290000004,0.7514529067142858
2025-04-25,49169305250000.0,17826163000000.0,6.547672666666667,16.89796966666667,1.3027729e+16,5801024000000000.0,2581485550000000.0,-66045423000000.0,1097168800000000.0,321750405000000.0,341.37584,0.9530033025,-0.8297758475,1.960541925
2025-04-26,48369033500000.0,21839424500000.0,3.70193635,18.007622,,,2709452600000000.0,,,421550715000000.0,368.562045,1.00023125,0.9592229999999999,0.7396668500000001
2025-04-27,25415020000000.0,22552087333333.332,5.052554533333333,17.887041999999997,1.8268205e+16,7209557300000000.0,3064909866666666.5,,,528926866666666.7,352.7860533333333,0.9487612166666667,-0.01796330666666666,1.3003273666666666
2025-04-28,50461446400000.0,22287865200000.0,,,-2.65917371e+16,5.809453224e+16,3395092560000000.0,1928243233333333.2,2002419833333333.2,457794992000000.0,361.16618200000005,1.00700766,-0.6753291100000001,3.4751485260000003
2025-04-29,51593935500000.0,15839358166666.666,10.819483,16.380491,,,2958659916666666.5,,,300549321666666.7,357.5063016666666,1.0712673166666666,-0.32479556400000004,2.005886185
2025-04-30,33167573000000.0,18366744000000.0,,,,,3493991100000000.0,,,346971766666666.7,361.69074666666666,0.9883583533333332,-0.12693767666666667,2.627154
2025-05-01,59233897000000.0,19366587500000.0,5.0110927,16.729685,,,3452256350000000.0,,,309302025000000.0,378.889315,0.893135725,0.0678980125,0.403549935
2025-05-02,37788119000000.0,23088965400000.0,9.86773675,19.629254500000002,2529667975000000.0,9446781400000000.0,3516558520000000.0,2497223800000000.0,1670391150000000.0,478486482000000.0,381.399542,1.0311686999999998,-0.753238902,1.2783559820000001
2025-05-03,46619235000000.0,22375794250000.0,8.88479025,20.3677095,2553385300000000.0,1.1483119025e+16,3401386975000000.0,,,487803772500000.0,363.2901275,0.926569935,-0.6403502875,45.9329982675
2025-05-04,41736974333333.336,14199888500000.0,,,,,3563978033333333.5,,,243772975000000.0,368.685925,1.2436401750000001,-0.448155125,4.395216466666667
2025-05-05,34457049666666.668,19364899666666.668,3.3042275333333335,17.86516,,,3299461600000000.0,,,378221553333333.3,395.9578333333334,0.9371205133333333,0.8189932666666667,0.7250183699999999
2025-05-06,23529971466666.668,23617850000000.0,,,5959325100000000.0,4222530250000000.0,3825745300000000.0,1435577900000000.0,1484779200000000.0,446403733333333.3,390.2035,0.9285124666666666,-1.2561696866666667,1.7705379133333334
2025-05-07,60993966666666.664,17989355333333.332,3.8822422,18.905132,2077045500000000.0,1164211100000000.0,3331749300000000.0,1035441800000000.0,1125852060000000.0,311850706666666.7,414.53614,0.8993462333333334,-0.6993873,1.0969064166666667
2025-05-08,46229581500000.0,16757869500000.0,,,,,3255124950000000.0,,,282630415000000.0,396.740095,0.929155975,0.38374914,0.48506488
2025-05-09,51601216800000.0,16073952600000.0,4.5403434,19.740735333333333,1.5366532e+16,7057349000000000.0,3336007540000000.0,-70402785000000.0,1430691300000000.0,319381184000000.0,406.380854,0.858626576,0.009139654000000007,6.848613946
2025-05-10,50395384500000.0,19239006000000.0,4.399964000000001,20.225454499999998,,,3444470900000000.0,,,389843275000000.0,412.92655,0.9962785000000001,-0.29430488,1.16288925
2025-05-11,48083617000000.0,20057049500000.0,4.402407350000001,19.4438265,6000824066666667.0,3535568333333333.5,3234158833333333.5,-181192730000000.0,1271334866666666.8,376671345000000.0,418.46458,0.8733758766666666,-0.9590636333333333,4.191643166666666
2025-05-12,43013198000000.0,22821638000000.0,13.185309499999999,17.6579105,1363667000000000.0,1.64111018e+16,3943208950000000.0,,,534908195000000.0,387.675095,0.8564396750000001,0.77702152,0.78708598
2025-05-13,36094191500000.0,20120453000000.0,9.683209,18.563112500000003,2079681000000000.0,8729903000000000.0,3893604050000000.0,,,459697765000000.0,371.14752999999996,0.83592778,1.02995885,0.8652217499999999
2025-05-14,39191105750000.0,15757794125000.0,,,-4128272000000000.0,7.703684893333333e+16,3228751400000000.0,-1088612826666666.6,1441529400000000.0,283798347500000.0,380.09065250000003,0.9733815137499999,-0.06927712074999998,8.682541829249999
2025-05-15,52091081800000.0,18902355400000.0,6.096018999999999,16.835147666666668,-3258833000000000.0,1.4605681e+16,3782525560000000.0,1136159866666666.8,1053478333333333.4,297746206000000.0,446.91187,0.794448338,-0.376323568,0.787102416
2025-05-16,42064879333333.336,20555221333333.332,5.290332299999999,18.229456,,,3820683400000000.0,,,385151546666666.7,425.42386000000005,0.9411323666666668,-0.453125319,0.7571228899999999
2025-05-17,48928127500000.0,17992079500000.0,11.487037,17.473072,,,3632140550000000.0,,,345664565000000.0,377.00138,0.948440255,-0.452249675,9.776076100000001
2025-05-18,40003921833333.336,16289700333333.334,13.3149025,20.162646000000002,2809074000000000.0,5702053500000000.0,3516069350000000.0,1042286000000000.0,1423540600000000.0,299806421666666.7,370.6970066666667,0.8634648,-0.6338908916666667,2.2398350883333333
2025-05-19,40143793000000.0,15521710875000.0,9.7994325,20.270147,-7912379950000000.0,2.95988473e+16,3449951550000000.0,613106870000000.0,1097341120000000.0,296627928750000.0,344.84553875,1.0241516675,-0.066540660625,1.71532077125
2025-05-20,20900356833333.332,25164903333333.332,12.954241333333334,17.077955666666668,1373201366666666.8,7096360933333333.0,3681849833333333.5,561168880000000.0,2202095650000000.0,633323253333333.4,356.5934233333333,1.0413491333333333,-0.29334684,2.3121232333333332
2025-05-21,24780997000000.0,21560525333333.332,,,,,3904272166666666.5,,,427591666666666.7,339.46524666666664,1.1636524233333334,0.16718551466666667,0.7144330666666666
2025-05-22,54739425500000.0,20222465000000.0,16.218298,19.882647,,,4066278550000000.0,,,411689155000000.0,354.59364,1.01044293,0.166883665,6.94714945
2025-05-23,,,,,,,,,,,,,,
2025-05-24,39582404000000.0,15139910666666.666,,,-4632242300000000.0,3468766700000000.0,3512453950000000.0,126976710000000.0,993938700000000.0,258154313333333.34,363.2941,1.26850453,0.3178536138333334,0.4946090383333333
2025-05-25,14580265166666.666,25006994000000.0,10.759373,17.81709,1.63159415e+16,9252582000000000.0,3661299000000000.0,,,537929510000000.0,360.82895,0.9916396466666666,1.1802292366666667,1.5745574999999998
2025-05-26,42741033333333.336,20124088666666.668,,,,,3752035900000000.0,,,353907506666666.7,349.34955999999994,0.94451011,-0.8708399,1.1044802
2025-05-27,39920773166666.664,18353178333333.332,,,6618696000000000.0,4378940066666666.5,3403862150000000.0,-813670476666666.6,1311443700000000.0,323568131666666.7,337.367635,1.1672419766666666,0.2029153783333333,1.0230485783333334
2025-05-28,35660091250000.0,14676778000000.0,,,,,3321582700000000.0,,,276957363750000.0,324.90944375,1.3607759,-0.033856409125,1.17009381125
2025-05-29,44722136666666.664,17077942333333.334,,,,,3750704200000000.0,,,301896020000000.0,337.37656999999996,1.1077181333333332,0.2755146,0.43359376666666666
2025-05-30,52510318500000.0,26547312500000.0,15.888599,17.258958,6101751500000000.0,2.6412378e+16,3429518300000000.0,24070672000000.0,2660577600000000.0,739796025000000.0,342.949905,1.11077875,-0.44354854999999993,1.3654666
2025-05-31,42219795000000.0,20664415000000.0,12.458523,16.559689333333335,1.976559e+16,6185880300000000.0,3745592666666666.5,830545600000000.0,1332878700000000.0,401641740000000.0,337.40559666666667,0.9389817333333333,-0.8442215000000001,1.0360281266666667
2025-06-01,35950269600000.0,19479262200000.0,11.148270000000002,14.312268333333334,1.79172312e+16,8955224650000000.0,3894323660000000.0,1757656600000000.0,1328408550000000.0,350257252000000.0,317.757674,0.9542361180000001,1.048263082,0.9652442279999999
2025-06-02,35171804714285.715,14530616000000.0,,,,,3721263814285714.5,,,290950467142857.1,323.8553157142857,1.1768723600000002,-0.6417368214285715,1.2165178300000001
2025-06-03,29003997666666.668,22473291666666.668,14.369391,17.934706,4821228600000000.0,2866856750000000.0,3738704033333333.5,,,517058556666666.7,327.05369333333334,1.0680091,0.13152939,0.8043036966666667
2025-06-04,9174057930000.0,26964902500000.0,,,8247021650000000.0,4068527100000000.0,3373192400000000.0,,,581786130000000.0,318.0765,1.0994213,-0.37795651999999996,1.2831703
2025-06-05,33253378500000.0,14088086500000.0,,,1.88813485e+16,7948245000000000.0,3994240016666666.5,-76341970000000.0,1067348950000000.0,292516300000000.0,326.0346016666667,1.9836622116666665,0.66376265,1.2317251666666669
2025-06-06,21655746000000.0,17540251500000.0,20.690236,17.978766999999998,,,3902253600000000.0,,,352756465000000.0,333.36485,0.9449093500000001,-0.35667569000000005,0.7760236
2025-06-07,34166991800000.0,18921366600000.0,15.185476666666666,19.687136666666664,-6958683060000000.0,2.910041238e+16,3825153440000000.0,,,403456006000000.0,325.198568,0.845463048,-0.33290968260000003,1.35905496
2025-06-08,39358430000000.0,19478107500000.0,14.568743,16.329318,,,3746984650000000.0,,,392737930000000.0,319.929885,0.9607519499999999,0.5312176399999999,0.9164128
2025-06-09,43131473800000.0,18401316600000.0,13.6191985,14.996512,1.3181286e+16,7086521000000000.0,4333166120000000.0,2022147350000000.0,1186517300000000.0,318490792000000.0,369.03839600000003,0.867061888,1.0255575304,0.8810852199999999
2025-06-10,59748429000000.0,22769620000000.0,6.910591999999999,16.2767075,,,4536942050000000.0,,,451532560000000.0,350.94525,0.88104357,-0.18129845000000003,0.8544026
2025-06-11,32687452500000.0,15371665000000.0,,,,,3654416400000000.0,,,294551155000000.0,360.08004500000004,1.38454115,-0.261326995,0.5917839
2025-06-12,41287978857142.86,15281284714285.715,14.2340615,18.8281125,-9881363500000000.0,1.453968205e+16,4120872257142857.0,1080455350000000.0,1262138550000000.0,272509752857142.84,375.0157557142857,0.78726036,-0.6488332845714285,0.9317177271428572
2025-06-13,48988386800000.0,21699170800000.0,14.8634181,15.7618494,-3952335700000000.0,7591929400000000.0,4107606920000000.0,636172485000000.0,1242299550000000.0,429518954000000.0,360.387372,0.9077959419999999,1.157099504,2.61598584
2025-06-14,34145254100000.0,26098849250000.0,15.969261375,15.577268,139832500000000.0,6.82904708e+16,4262067250000000.0,827680740000000.0,1667141950000000.0,624645712500000.0,338.9279575,1.02491519,1.5187833355,1.2823455074999999
2025-06-15,19067660000000.0,23628447000000.0,15.608028000000001,18.318094000000002,2.1451619e+16,7060952500000000.0,3850116850000000.0,,,605315825000000.0,308.89485,1.0409361499999998,0.527888685,1.1597982999999998
2025-06-16,53250006666666.664,19136068333333.332,,,-4230969166666666.5,8526473833333333.0,3995811766666666.5,,,464637766666666.7,306.9879066666667,0.9499219466666666,-0.49264834333333335,1.1840455666666667
2025-06-17,39714727000000.0,15655442285714.285,18.215308999999998,17.887072500000002,-3192847350000000.0,3866889350000000.0,3942202642857143.0,906498925000000.0,1304470350000000.0,290969634285714.3,347.11824571428576,0.8221691342857144,-0.2234431171428572,1.1140405728571428
2025-06-18,35048056333333.332,17940317666666.668,,,5779941900000000.0,2756383966666666.5,3814647133333333.5,518387316666666.7,1032160813333333.4,354177108333333.3,337.1235566666667,1.0063420433333332,0.18937746433333333,1.3389565583333332
2025-06-19,46911058000000.0,22634000500000.0,11.8702915,16.073363,,,4709468500000000.0,,,398560420000000.0,353.37582499999996,0.9623339,0.467024765,1.0391687
2025-06-20,42926444666666.664,16415460333333.334,,,,,3735624866666666.5,,,296111026666666.7,367.25789333333336,2.3642992666666665,0.10686980266666667,1.4468474866666667
2025-06-21,19747814933333.332,20148730000000.0,16.878666,19.08422,1.4013853416666666e+16,8387301925000000.0,3797997666666666.5,681502737500000.0,1613378325000000.0,431607623333333.3,321.7846416666667,0.9247238066666666,0.02462057333333334,1.6072064166666664
2025-06-22,39905790142857.14,16391952857142.857,10.669015,17.041205333333334,-2598360500000000.0,8475490600000000.0,4121860214285714.5,667297130000000.0,1094209550000000.0,328190922857142.9,361.1612271428572,0.8321323414285714,0.542297728,1.383544
2025-06-23,15377042500000.0,22198479500000.0,,,,,3913703200000000.0,,,455166725000000.0,313.80472,1.081308,-0.0496817,1.06697345
2025-06-24,19057218171428.57,10518096442857.143,12.429051,17.13421,,,4949687600000000.0,,,252693588571428.56,333.64437,2.9213299142857143,0.8576515471428572,2.845903367142857
2025-06-25,32467871000000.0,13228279400000.0,20.521593,17.876913,2190181300000000.0,1124452000000000.0,4560594660000000.0,257889550000000.0,1176306600000000.0,254253688000000.0,343.152186,1.66285682,0.19119374,1.7850164919999998
2025-06-26,33534902000000.0,18276758285714.285,12.045983142857143,17.833348857142855,3114509820000000.0,4840715760000000.0,3959710471428571.5,-613621890000000.0,1342935400000000.0,394769044285714.3,333.6542385714286,0.8745613285714285,0.13686641914285716,1.4322487285714285
2025-06-27,40993026200000.0,14941877200000.0,,,-1475616100000000.0,912064160000000.0,3645151320000000.0,-137724690000000.0,888444860000000.0,276963044000000.0,342.39338200000003,1.7422523679999997,0.0357601982,0.7164092132000001
2025-06-28,42869657000000.0,20903495000000.0,11.708203,16.763187,,,3882755500000000.0,,,361670860000000.0,333.055385,1.010808425,0.20655905500000002,0.8451214199999999
2025-06-29,21293471428571.43,13759821342857.143,22.952389,16.116896,,,4447097042857143.0,,,279809124285714.28,302.1592514285714,2.2369353142857142,2.8117083442857145,3.72666967
2025-06-30,29800396571428.57,14654485200000.0,13.03996,18.56371875,6702628350000000.0,3289767300000000.0,4563892685714286.0,1104042425000000.0,1355547550000000.0,283963504285714.3,346.70879285714284,1.5612293828571429,1.072087732857143,3.5308729999999997
2025-07-01,31228020000000.0,18451894222222.223,15.149891444444442,16.785829555555555,280739500000000.0,2817469600000000.0,4130795211111111.0,,,388648645555555.56,321.1774377777778,0.8863004011111111,0.20819658722222223,1.0508578697777777
2025-07-02,1414533500000.0,24705552500000.0,21.820016000000003,19.259599,935392100000000.0,3136955000000000.0,3654812100000000.0,,,674645325000000.0,279.99863500000004,1.19213515,0.46798733,0.602012905
2025-07-03,21940735500000.0,28474324000000.0,18.674376000000002,17.698148,1.709823805e+16,6364602700000000.0,4315885400000000.0,4414543700000000.0,2396811300000000.0,655699500000000.0,284.39249,1.33578755,-1.23462845,1.9521507000000002
2025-07-04,39075092500000.0,27964118000000.0,11.63680025,17.4198125,-27253275000000.0,3.585647205e+16,4118449000000000.0,1811032250000000.0,1934630300000000.0,664174947500000.0,311.9501775,1.20994865,0.0193427075,3.031363375
2025-07-05,16819719500000.0,21499715000000.0,16.70417,17.682575,9560574000000000.0,4686040700000000.0,3337621500000000.0,,,420311125000000.0,316.034135,1.02924895,-0.412849965,1.148726
2025-07-06,21903794083333.332,17544735333333.334,21.211517,20.246294,,,4094236583333333.5,,,330253920000000.0,315.51782499999996,0.945145605,-0.05822704761666664,1.7767183076666668
2025-07-07,30221730833333.332,19180835666666.668,,,,,4260611233333333.5,,,349397683333333.3,300.2620866666667,1.335971533333333,0.1436455143333333,1.2060577566666666
2025-07-08,31445463500000.0,20026198000000.0,19.675308,16.72461,,,4472265700000000.0,,,392216800000000.0,307.70170499999995,1.0855622,0.01664977999999999,0.67975708
2025-07-09,36717443200000.0,16675825400000.0,,,1.1542416e+16,4310394300000000.0,3321839800000000.0,-544049500000000.0,953698825000000.0,294517912000000.0,332.056716,2.26086796,-0.06625183139999999,0.8100051349999999
2025-07-10,26340330000000.0,14940324500000.0,,,,,3465843600000000.0,,,281047610000000.0,324.33211,2.453601,-0.187939668,0.87232843
2025-07-11,39077591500000.0,14674541750000.0,,,,,3703977175000000.0,,,285893725000000.0,308.37584,0.910955315,-0.16802742675,1.0683832585
2025-07-12,16948389283333.334,24597203333333.332,19.246492,16.997448666666667,1.8700807333333332e+16,7006157800000000.0,3947769066666666.5,,,599493973333333.4,323.31248,1.03128128,-1.4917298233333334,1.25659495
2025-07-13,43089407000000.0,24169889666666.668,21.216553500000003,17.797376,-4258970225000000.0,8838121825000000.0,4413212800000000.0,2092827000000000.0,1614262733333333.2,539546811666666.7,352.25206333333335,1.0401078266666668,0.6998983783333333,1.2019830416666668
2025-07-14,20617830740000.0,19133472700000.0,23.967134,19.125582,2911311600000000.0,1896817300000000.0,4395384000000000.0,,,440306262000000.0,327.67773,1.6268807799999998,-0.277222014,1.469943366
2025-07-15,45888474000000.0,17206488666666.666,,,,,3891402333333333.5,,,354010053333333.3,314.7333433333333,1.1311777833333334,0.10697259333333335,1.4623650333333333
2025-07-16,32889376500000.0,17199843625000.0,28.96380275,17.6173285,-5746539900000000.0,4.3093159833333336e+16,3960358900000000.0,1706861633333333.2,1434641033333333.2,343310450000000.0,310.68111749999997,0.88503563,0.13457173025000002,1.4766300887500001
2025-07-17,28315191000000.0,20218395000000.0,19.102279,17.618244999999998,-843484000000000.0,5714134700000000.0,3643230525000000.0,255950610000000.0,1102985425000000.0,431981650000000.0,321.71304250000003,1.016053615,-1.3863724035,1.3118938500000001
2025-07-18,41454417000000.0,18513310600000.0,27.208419,17.397192500000003,3638716650000000.0,1909683700000000.0,3575927540000000.0,-103677055000000.0,1084453550000000.0,358771506000000.0,328.139872,0.9630719679999998,-0.044076930000000014,3.0710355799999993
2025-07-19,27494999333333.332,18460351666666.668,27.299204,16.686766,,,4217429466666666.5,,,341129426666666.7,320.55365,1.0038039,0.6962555533333333,0.6304768866666667
2025-07-20,44374084000000.0,17642639333333.332,27.210641000000003,17.946788,-1411758000000000.0,902720800000000.0,4043718233333333.5,1417029300000000.0,1275137800000000.0,328151813333333.3,324.15024666666665,0.88794118,-0.006527743333333354,16.1375979
2025-07-21,25709247000000.0,15787399500000.0,28.1874315,16.9732955,1.18547735e+16,5036521450000000.0,3949597975000000.0,1668588700000000.0,1200408400000000.0,302133633750000.0,324.19897875,0.9276293625,0.166697490625,0.55689127
2025-07-22,20490667166666.668,21887089333333.332,27.391243666666668,16.914854000000002,2.0344467566666668e+16,7042242833333333.0,3789661216666666.5,971948575000000.0,1232093050000000.0,448521220000000.0,319.4690116666667,1.0333554416666666,0.06634586433333338,0.8794035383333334
2025-07-23,55676195000000.0,18578178500000.0,,,,,3537244700000000.0,,,344101215000000.0,310.172955,1.43265935,-0.0024522400000000014,0.27489723
2025-07-24,27008114500000.0,19797108500000.0,,,,,3863706150000000.0,,,384281670000000.0,325.139175,1.0646979,0.57888417,0.552971425
2025-07-25,30210185666666.668,16093584833333.334,28.934907666666664,18.023947833333335,2.02290643e+16,5059304420000000.0,3907948566666666.5,1485830850000000.0,1208444550000000.0,277026145000000.0,316.45824166666665,0.9615292633333333,0.4671653283333333,0.6521657466666667
2025-07-26,26767731142857.145,17228994571428.572,23.4642965,19.61086075,7824288366666667.0,6588222933333333.0,3865229185714285.5,1234283853333333.2,1110703980000000.0,330950992857142.9,317.4700085714286,1.0097551628571428,-0.5724024028571428,1.783128275714286
2025-07-27,39377898000000.0,22991496500000.0,21.5417705,19.868039,,,3548412150000000.0,,,451476490000000.0,301.11612,1.1791532999999998,0.720857925,0.63456472
2025-07-28,33256512333333.332,16188951000000.0,,,,,3518220500000000.0,,,309169733333333.3,291.9043833333333,1.9110009666666665,-0.44010360666666665,4.2259263
2025-07-29,30201378750000.0,17512305750000.0,28.7343875,20.68772,2.48753685e+16,7479254000000000.0,4024998325000000.0,1949166800000000.0,1261327200000000.0,293199702500000.0,311.15225250000003,0.9674320125,0.24473359,1.009220435
2025-07-30,38303456000000.0,13892808666666.666,,,,,3396701066666666.5,,,246795696666666.66,309.37923,1.2152843166666667,-0.20817035433333334,4.172592975
2025-07-31,32769146750000.0,14988187250000.0,,,1091218500000000.0,640218600000000.0,3220489600000000.0,-266204050000000.0,809586600000000.0,256255940000000.0,315.92229249999997,2.199836625,-0.02246011249999999,25.6608929175
2025-08-01,40647049666666.664,21227504666666.668,18.0439525,17.638058,,,3970394366666666.5,,,407445873333333.3,322.3196433333333,1.0801085,0.3990240246666666,0.5002630366666666
2025-08-02,30595492000000.0,22090674500000.0,23.3540975,17.8232995,-9598107000000000.0,2.686509095e+16,4060468350000000.0,,,570594100000000.0,304.472525,1.0647048350000001,-1.0499108,2.4946035
2025-08-03,30840404600000.0,22293453800000.0,,,3646073400000000.0,8.512685492e+16,3680330080000000.0,1678108700000000.0,1828434900000000.0,497186314000000.0,296.97064,1.09344222,0.437814978,1.107114576
2025-08-04,32109531142857.145,14683535000000.0,,,,,3711691385714285.5,,,255256384285714.28,295.62446,1.4267151571428571,-0.22873561185714286,2.061951542857143
2025-08-05,29267501500000.0,18981676250000.0,18.28932975,19.914457,,,3517663300000000.0,,,358402907500000.0,287.0422375,1.187674875,-0.01749540075,0.89556746925
2025-08-06,34647487000000.0,18376663000000.0,,,,,3141442300000000.0,,,344040170000000.0,289.4568,1.5542151,-0.14163152629999998,0.95870441715
2025-08-07,35964208800000.0,23549017200000.0,16.920141,17.4671322,-584905850000000.0,1.8755904675e+16,3875450840000000.0,1479120416666666.8,1606520533333333.2,496557220000000.0,335.755598,1.05604353,-1.2761322119999998,2.4844786
2025-08-08,16508488650000.0,17816471000000.0,,,,,3492467450000000.0,,,310946490000000.0,308.14691,1.5515301,-0.23171717,1.7113401
2025-08-09,29464476333333.332,18894090833333.332,17.208038666666667,19.840171,5919818606666667.0,7530460946666667.0,3625717216666666.5,2757955300000000.0,1846335700000000.0,417295866666666.7,313.2631533333333,0.9463634883333333,-0.5397027626666667,1.292416065
2025-08-10,45339071000000.0,15414774666666.666,,,,,3199770333333333.5,,,293303696666666.7,295.3646566666667,2.0064596,-0.10914015266666666,1.0202623400000002
2025-08-11,21212045466666.668,24816843000000.0,13.268056999999999,17.206253,-1009664000000000.0,6.0688893533333336e+16,3693493500000000.0,-326034930000000.0,1324135200000000.0,545809166666666.7,311.03717666666665,1.1014700666666666,-1.3093134666666666,2.6379105333333333
2025-08-12,31491402750000.0,21950542500000.0,12.20098575,17.60229025,6487632650000000.0,3858431850000000.0,3654511900000000.0,1523000200000000.0,1392789550000000.0,382097847500000.0,307.192625,1.0673233500000001,-0.30948757499999996,1.63451546
2025-08-13,35492210333333.336,18276266333333.332,14.912247666666667,18.455293,,,2919041666666666.5,,,320545110000000.0,285.64978,1.0201999833333335,0.04453041666666666,5.1259845
2025-08-14,29503951228571.43,19935393285714.285,20.238869571428573,20.152830714285717,-2422584885714285.5,1.4314969428571428e+16,3293915900000000.0,1097469842500000.0,1763489800000000.0,454331780000000.0,277.1347314285714,1.0428848342857144,-0.2339272857142857,2.628129854285714
2025-08-15,7378294133333.333,24239881666666.668,19.258910333333333,19.884667333333333,2.9491365666666668e+16,1.0687233533333334e+16,3307468300000000.0,915774533333333.4,2194806100000000.0,652881633333333.4,279.5298966666667,1.2184338333333333,-0.0905354433333333,8.3978813
2025-08-16,38293010333333.336,20571594666666.668,19.20942275,17.3238215,1.9066984933333332e+16,7259833033333333.0,3177117250000000.0,294094928666666.7,1129558333333333.2,378821108333333.3,288.81496666666663,1.0565353733333334,-0.05256445833333332,2.2878594616666668
2025-08-17,26145344500000.0,18370510000000.0,,,,,3263996350000000.0,,,286896080000000.0,297.272975,1.17620775,0.19044577499999998,0.78386283
2025-08-18,32784261666666.668,17012327000000.0,17.104801,16.142548,,,3207946166666666.5,,,271811833333333.34,304.46384333333333,0.89971471,0.1614019866666667,1.2850380333333333
2025-08-19,24988444375000.0,17251632750000.0,20.321832,19.659796375,1.6967389573333334e+16,6084626826666667.0,3396886562500000.0,1287713433333333.2,1700769466666666.8,344893600000000.0,292.99924375,0.9804168875,-0.400077342375,6.567696458125
2025-08-20,41333842500000.0,17207102000000.0,17.872072,20.664658,4603296500000000.0,5926625250000000.0,2996733525000000.0,625798485000000.0,956099050000000.0,279998770000000.0,306.2598575,1.1139504625,0.72568303,0.6627703500000001
2025-08-21,25454231000000.0,25548253666666.668,11.611222333333332,18.898981,1.07187085e+16,6924793800000000.0,2964600033333333.5,,,573842493333333.4,311.4461333333333,1.1434285,-0.10799430966666668,1.0814205886666668
2025-08-22,23215270500000.0,24854947500000.0,14.160245,20.354634,8228175200000000.0,6279826500000000.0,3315722550000000.0,,,573964930000000.0,317.1952,1.021969175,0.345164115,1.497705975
2025-08-23,36665275500000.0,19004208666666.668,13.118182916666667,20.565698,9988013250000000.0,4984662500000000.0,3140166016666666.5,1134416350000000.0,1468521800000000.0,380033853333333.3,330.4943,0.94545263,-0.2960174666666667,2.8443920333333335
2025-08-24,42640460714285.71,15133406000000.0,11.279302333333334,20.698965666666666,1.23559253e+16,6447237500000000.0,3030249514285714.5,492699749500000.0,1020141015000000.0,276395971428571.44,354.51928571428573,0.90534199,-0.08845241657142856,1.4493020742857143
2025-08-25,42541237250000.0,16749199000000.0,13.1293745,19.215635,-7226675000000000.0,2.251210765e+16,3086327125000000.0,212848730000000.0,927149220000000.0,294952350000000.0,346.15285,1.0068974675,-0.49051443250000004,3.26443415
2025-08-26,41509170000000.0,18620392000000.0,,,,,3030695500000000.0,,,279065065000000.0,343.433595,0.9809116,-0.53566642,0.994395665
2025-08-27,32230767500000.0,19217766000000.0,14.455485,16.1783625,,,3300701850000000.0,,,323869425000000.0,339.92773,0.9711331,1.2395456500000002,0.88441509
2025-08-28,35830571285714.29,15915672285714.285,,,,,2848832157142857.0,-132569940000000.0,1177447900000000.0,255998408571428.56,314.25681571428566,1.3115769742857142,-0.8039176134285714,2.1535216352857143
2025-08-29,24021666250000.0,19933573375000.0,34.84807,20.680336,,,3795750500000000.0,,,413867936250000.0,292.60118375,1.04785052,-0.120261045,5.4089021275
2025-08-30,21304236000000.0,26489993000000.0,29.378985,21.079949,,,3155082650000000.0,,,582717950000000.0,284.888735,1.2595930499999999,-0.08604699000000002,7.29380485
2025-08-31,22245328500000.0,17692322000000.0,,,,,2786235600000000.0,,,295404280000000.0,277.1948,1.43802235,0.45666466,0.3202258335
2025-09-01,30113743057142.855,18375969142857.145,20.3811522,17.6995926,1.3063348333333334e+16,6077982100000000.0,2915193728571428.5,-181640063333333.34,1278821766666666.8,317326215714285.7,283.19135857142857,1.0652185214285714,0.34275582714285713,0.9293299842857142
2025-09-02,19277500250000.0,19158660000000.0,26.053239833333333,20.739095000000002,1.5236891483333334e+16,6932394916666667.0,3079047333333333.5,1757286775000000.0,1955088600000000.0,426496371666666.7,280.58219333333335,1.0477501949999999,0.31990852,1.0382904633333332
2025-09-03,42029475000000.0,22263222333333.332,31.1129325,20.661015,5851780700000000.0,9753185033333334.0,3443475633333333.5,,,457598703333333.3,266.69554999999997,1.2024077666666668,0.49743979666666666,15.197370026666666
2025-09-04,45671703500000.0,17619795500000.0,,,,,2787050150000000.0,,,266836790000000.0,267.805025,1.0918409,-0.6196922885,0.6012519949999999
2025-09-05,26559059666666.668,23932048666666.668,27.492179999999998,19.5126065,1.76168415e+16,7179086150000000.0,2781373133333333.5,,,444314070000000.0,249.99057000000002,1.3768482333333332,0.7047465466666666,0.79534824
2025-09-06,32231960500000.0,20041844750000.0,,,1.40702955e+16,5955936250000000.0,2915762275000000.0,-364306325000000.0,1428256300000000.0,357648295000000.0,255.1670825,1.229325175,0.2551578025,1.28403132
2025-09-07,27288118142857.145,18350219142857.145,28.760793285714282,20.229154285714287,6473513600000000.0,5693919520000000.0,3030434171428571.5,1063561500000000.0,1724663300000000.0,381117732857142.9,248.89952142857143,1.1391837285714286,0.4062924042857143,1.112094622857143
2025-09-08,29649031500000.0,22204281500000.0,17.160518500000002,18.588042,6495008200000000.0,3851786080000000.0,3278500350000000.0,,,500576690000000.0,241.341725,1.31889525,0.145945255,0.655230125
2025-09-09,28159373666666.668,21419608000000.0,12.33907075,20.9607235,,,2683997166666666.5,,,434113230000000.0,244.81030666666666,1.3136233666666666,0.3788543733333333,4.24083964
2025-09-10,26134591177000.0,23911845800000.0,26.978678666666667,20.038795333333336,7149886100000000.0,1.22981892e+16,3316137780000000.0,1530411433333333.2,1709750800000000.0,519945454000000.0,252.317728,1.34073252,0.18333455200000004,1.9271692000000002
2025-09-11,20765258500000.0,18497651500000.0,,,,,2437615000000000.0,,,333712335000000.0,238.827195,1.68406295,0.51777973,0.955699625
2025-09-12,39717225000000.0,13100624400000.0,,,,,2569691200000000.0,,,191310034000000.0,243.81401999999997,2.6589624,0.27950242799999997,0.411309376
2025-09-13,41785606500000.0,14794556500000.0,,,,,3084571850000000.0,,,226487160000000.0,239.992415,1.077334,-0.050461069,0.2727647475
2025-09-14,41037997200000.0,23254826400000.0,,,-3405828333333333.5,4.9738650333333336e+16,2595686120000000.0,1111189285000000.0,1520553700000000.0,475714908000000.0,250.58934399999998,1.34351298,0.14341189399999998,4.3851304419999995
2025-09-15,48358934000000.0,15933077666666.666,24.998768,21.567236,8572009000000000.0,3919990600000000.0,3045706466666666.5,519097900000000.0,842806700000000.0,233210466666666.66,277.3523666666667,1.1887231666666667,-0.09649458,1.45976524
2025-09-16,35252402500000.0,15014198500000.0,,,,,2824093500000000.0,,,217552615000000.0,259.3923,1.7184305,0.10189311000000001,2.290431875
2025-09-17,48220322250000.0,14884479250000.0,18.6781915,21.585127999999997,-5951133500000000.0,6122820050000000.0,2816557850000000.0,496086400000000.0,1417767950000000.0,244601410000000.0,275.71166375,1.07693261875,0.63681715125,1.12157297875
2025-09-18,34879523000000.0,18658399000000.0,17.190137999999997,17.3496755,715508150000000.0,4147219850000000.0,2482166225000000.0,-481153940000000.0,1010906915000000.0,316342640000000.0,267.407555,1.04073868,0.38946707250000007,1.0397228675
2025-09-19,18989723340000.0,19352161200000.0,12.953725600000002,19.4483456,1704455400000000.0,2077761330000000.0,2717141740000000.0,227626590000000.0,958537500000000.0,320393288000000.0,262.348668,1.18494546,-0.358399478,2.9889542239999995
2025-09-20,42870016666666.664,17368415666666.666,,,,,2423479433333333.5,,,250713736666666.66,241.96563666666665,1.1021030666666667,0.19212558666666665,2.803312593333333
2025-09-21,33271085000000.0,19992287500000.0,,,7866840250000000.0,4704344000000000.0,2715667500000000.0,,,428607890000000.0,247.36965,1.1737829,-0.28647838,3.1063987
2025-09-22,34857227375000.0,15762849125000.0,24.451259333333336,22.297599,3081280500000000.0,5050720933333333.0,2839052062500000.0,622681856666666.6,1362590633333333.2,246424960000000.0,255.423975,1.0581155875000001,-0.5370798345,1.53244468625
2025-09-23,21563257750000.0,20184577250000.0,13.381233,21.888885,1.44184882e+16,5655627300000000.0,2590713950000000.0,564485688500000.0,1032706800000000.0,341375985000000.0,281.028055,1.15340785,-0.07837467999999997,1.7531705425
2025-09-24,19771424785000.0,25180671250000.0,8.730920000000001,21.7735795,1.54904922e+16,8679890000000000.0,2433738425000000.0,99307200000000.0,1894647966666666.8,466290052500000.0,307.0204625,1.20781245,0.0024449850000000106,6.8241385
2025-09-25,49020628750000.0,24562742750000.0,12.0196375,21.50116625,-7319714125000000.0,1.386674365e+16,2729614800000000.0,1262162800000000.0,1651061800000000.0,463228187500000.0,290.97548,1.21886955,0.3664406174999999,2.197376175
2025-09-26,38021430200000.0,18736853200000.0,12.668899666666666,23.092566666666666,-6203094552000000.0,2.47036454e+16,2748962980000000.0,1825927533333333.2,1653487900000000.0,347364824000000.0,277.333164,1.05744696,-0.09264834199999998,2.0052499399999997
2025-09-27,36522661833333.336,14923413166666.666,,,-2842951200000000.0,8598643900000000.0,2280775416666666.5,-3389315000000.0,851432600000000.0,217062616666666.66,283.6347183333333,1.5227849333333332,-0.2887432128333333,1.269441925
2025-09-28,46844246000000.0,17949283500000.0,12.488174,18.358824,,,2045997800000000.0,,,239270840000000.0,290.41547,1.008082125,-0.423826975,2.04230235
2025-09-29,34312858333333.332,16152580333333.334,,,,,2693929733333333.5,,,228464236666666.66,303.40120333333334,0.96155281,-0.03958728666666663,0.8449103466666666
2025-09-30,55559246333333.336,15146112333333.334,12.74209,20.301235,1.0418238e+16,4467084000000000.0,2132105500000000.0,-53439620000000.0,890288940000000.0,205049306666666.66,300.1989966666667,1.0396048666666668,-0.03226210333333335,1.3435206666666666
2025-10-01,35877563500000.0,16794386625000.0,,,1.4870458866666666e+16,9422577100000000.0,2380655312500000.0,-48279970000000.0,1356054450000000.0,279860313750000.0,293.00149875,1.073967805,0.49369981875,2.28105075
2025-10-02,37497193000000.0,17985571500000.0,10.916792,23.286966,1.23311285e+16,6442669350000000.0,2697220800000000.0,1983602700000000.0,1205515300000000.0,324992525000000.0,300.280535,0.9902007349999999,0.476411125,1.615058625
2025-10-03,40600507500000.0,24351994500000.0,11.333565,21.3946095,2.630057e+16,1.1690066e+16,2640323750000000.0,,,387877860000000.0,305.31719999999996,1.09619025,-0.21596383500000005,1.7683677
2025-10-04,43812384500000.0,18157843500000.0,15.012383,18.855152,,,2456441450000000.0,,,279956750000000.0,269.81239500000004,1.16676095,0.21264983999999998,73.85759007
2025-10-05,34931973200000.0,14740231000000.0,,,3235278833333333.5,3424629866666666.5,2496812140000000.0,1580361033333333.2,1151410400000000.0,193281168000000.0,266.33765400000004,1.385971526,0.496461108,1.123307698
2025-10-06,39016177750000.0,14305917750000.0,,,,,2568224512500000.0,,,200869040000000.0,296.46029125,1.145391975,-0.19521729,1.47490402
2025-10-07,41228104000000.0,16668289000000.0,,,,,2397108300000000.0,,,207810295000000.0,289.601395,1.1937635,0.322603038,0.470113637
2025-10-08,40095275500000.0,24873701500000.0,15.368048,23.566568,-4697953500000000.0,4.692114225e+16,2488774750000000.0,1868673000000000.0,2148700000000000.0,531455200000000.0,276.77482499999996,1.2327384000000001,-1.6074674500000001,2.3553585000000004
2025-10-09,35843931200000.0,22902547600000.0,16.305058,23.46912,-2678614514000000.0,6.444376940325e+16,2343374460000000.0,253117665000000.0,1137963250000000.0,383441794000000.0,259.554282,1.3225601,-0.073180828,2.1621059199999997
2025-10-10,43427108000000.0,14146782500000.0,,,,,2278287050000000.0,,,199106915000000.0,275.499785,1.5470878,-0.14659057500000003,1.1968261
2025-10-11,36735359625000.0,13122882000000.0,,,,,1855595975000000.0,,,187689478750000.0,250.703345,1.8078040125,-0.256351592125,1.176840015
2025-10-12,38715894000000.0,14417579000000.0,,,,,1743014066666666.8,,,191725340000000.0,273.3420366666667,1.3795586333333334,-0.08317223333333335,1.4695359000000001
2025-10-13,49201255000000.0,20464235500000.0,7.1386614,23.343029,,,1753235500000000.0,,,323894020000000.0,326.65608,1.07956025,0.641925625,0.80462553
2025-10-14,39340274200000.0,18758300800000.0,8.784526375,20.379967999999998,-1.19060805e+16,2.4997354e+16,2059824900000000.0,575333155000000.0,1081148720000000.0,272061656000000.0,290.82484400000004,1.107192312,-0.715431202,2.214350454
2025-10-15,41806403000000.0,17275048500000.0,8.941579,22.890154,,,1895441500000000.0,,,249953735000000.0,290.592485,1.0183550000000001,2.2968933,1.60923715
2025-10-16,43986599400000.0,13173784400000.0,,,,,1811739220000000.0,,,188902546000000.0,282.832566,1.14952234,0.010610372000000002,2.6560002
2025-10-17,45766780333333.336,14033726333333.334,,,,,2158884200000000.0,,,189366246666666.66,283.38254,1.0249813,-0.08458163333333331,0.9159133133333334
2025-10-18,44546344600000.0,14876846000000.0,,,3389925266666666.5,3113921433333333.5,2150198520000000.0,288653136000000.0,898005813333333.4,193240306000000.0,319.77027,1.1150041439999998,-1.1044494200000001,2.69221626
2025-10-19,34547487000000.0,22358276500000.0,9.712103,25.344965,-1.6455091e+16,8.922289e+16,2206586250000000.0,,,332081085000000.0,281.229415,1.2858582,-1.2282903,2.2377654
2025-10-20,31124790500000.0,20282443000000.0,,,,,2078302700000000.0,559704250000000.0,2226508000000000.0,333299715000000.0,267.022245,1.1622743,7.10790355,2.07861025
2025-10-21,32462737714285.715,16280188714285.715,9.837183714285715,22.727191285714287,,,2017745971428571.5,676460400000000.0,1842068500000000.0,255032538571428.56,256.7574742857143,1.1778706428571428,-0.2537711800000001,2.8053853242857145
2025-10-22,39917154000000.0,19995230000000.0,,,2859783500000000.0,4.667026e+16,2584083380000000.0,2548731335000000.0,1607559650000000.0,309468116000000.0,268.251316,1.18587178,-0.564399914,2.480703216
2025-10-23,48300184000000.0,15155352750000.0,,,-4701500400000000.0,5361968700000000.0,2126452025000000.0,1067849520000000.0,1040475150000000.0,201218875000000.0,286.9997075,1.4295448375,0.2798186225,1.99719293
2025-10-24,31127095000000.0,14243333000000.0,,,,,2277605850000000.0,,,185159195000000.0,285.365155,1.46836,-0.44411032500000003,1.0277905
2025-10-25,31091269000000.0,12120882500000.0,,,,,2084629200000000.0,,,159724650000000.0,278.36342,2.36659895,-0.7535791403500001,0.990491131
2025-10-26,47338595428571.43,13890062857142.857,,,,,2106084557142857.2,2445844500000000.0,1975213250000000.0,198429110000000.0,289.43550571428574,1.3570737857142858,-0.4060693028571428,2.499213042857143
2025-10-27,45306018600000.0,15542323200000.0,10.223953,25.92426,,,2116056700000000.0,1606854400000000.0,1211886466666666.8,212483120000000.0,306.605796,1.05918113,-0.12890556600000008,3.5386373000000004
2025-10-28,57389761666666.664,15272451000000.0,,,,,2497846166666666.5,,,225207483333333.34,305.6470266666667,1.1442762333333334,0.60139167,0.97447149
2025-10-29,41413245000000.0,18389289500000.0,11.774536999999999,23.479102,,,2081622100000000.0,,,249290170000000.0,305.19626,1.11456785,0.28698003499999997,3.9104437499999998
2025-10-30,28970823125000.0,15736579375000.0,,,,,1531249987500000.0,1038082446666666.6,1815503933333333.2,229087095000000.0,268.0122425,1.8062448125000001,2.25766689625,2.9755056375
2025-10-31,43470763714285.71,12374545857142.857,10.520093333333334,24.898835000000002,,,2693292600000000.0,5145031566666667.0,2117909133333333.2,167267078571428.56,284.94276,1.20799445,0.3126228342857142,2.4562174
2025-11-01,38490420666666.664,14029950000000.0,,,,,1414884666666666.8,-359422860000000.0,1057239350000000.0,188551103333333.34,265.83552333333336,1.6972517,-0.7297621599999999,1.5633316
2025-11-02,39632083500000.0,14073383000000.0,,,,,1112825650000000.0,,,221241190000000.0,257.665575,2.2594096,0.27063114,0.69474903
2025-11-03,40775559000000.0,14054741000000.0,,,,,1264731366666666.8,-681691640000000.0,1343771400000000.0,180215700000000.0,287.8245733333333,1.7664849333333335,-0.34262979,7.023403300000001
2025-11-04,33564587857142.855,13666006285714.285,11.5566235,25.705693,,,1594849971428571.5,889100480000000.0,2007020400000000.0,186082192857142.84,283.7514085714286,1.307006942857143,1.5433665264285714,5.38965178
2025-11-05,35459045833333.336,14029454000000.0,17.4663975,24.4175725,,,1444674283333333.2,-30468300000000.0,1333979000000000.0,191746570000000.0,274.84955833333333,1.5099655666666667,-2.0355332633333334,2.6722964499999997
2025-11-06,32168413250000.0,16385718000000.0,,,,,1523615750000000.0,,,231183310000000.0,267.24679000000003,2.02343705,-1.68836385,18.04357245
2025-11-07,46603933000000.0,20938706500000.0,17.672432,24.374905,,,1997036650000000.0,,,266893970000000.0,250.10791,1.53305125,-0.98665173,4.3049447
2025-11-08,47213814250000.0,15373014250000.0,15.3656085,20.35773,,,1765921200000000.0,1170950600000000.0,1710486250000000.0,195083162500000.0,259.6239825,1.433402625,0.14730257349999998,14.4108849275
2025-11-09,38907697750000.0,12461645875000.0,,,,,1429585850000000.0,,,172847148750000.0,271.515175,1.3004957,-1.5568836094999998,1.4260225945
2025-11-10,46376551500000.0,14710123000000.0,,,,,1623549850000000.0,,,194430200000000.0,257.85861,1.25615955,0.028107560000000004,0.6217751
2025-11-11,57516700500000.0,14570876000000.0,,,,,1702133000000000.0,,,204182720000000.0,275.082515,1.5908079499999999,-1.4961579999999999,4.505359
2025-11-12,33220405000000.0,15951929250000.0,11.44381,28.083817,,,1542793650000000.0,-489808210000000.0,1632115350000000.0,210929497500000.0,268.1523325,1.532208575,-1.313070515,4.371770832499999
2025-11-13,33642942500000.0,19156988750000.0,,,,,1495883675000000.0,-51525175000000.0,1965144650000000.0,239411237500000.0,263.683905,1.9254233250000001,1.8560847499999997,7.63604415
2025-11-14,34432550142857.145,14054274857142.857,,,,,1603712671428571.5,,,178439355714285.72,277.0024785714286,1.935564542857143,-4.803808318571428,7.250259934285714
2025-11-15,35478629666666.664,20312868333333.332,,,,,1826502666666666.8,1325571266666666.8,3747818833333333.5,421377380000000.0,322.94337666666667,1.3402429666666666,-10.649847066666666,3.5558132666666666
2025-11-16,68683239000000.0,25461654500000.0,,,,,1345609920000000.0,1795946300000000.0,3900265700000000.0,381183980000000.0,302.667875,1.5353462000000002,0.34445049999999977,5.8796009
2025-11-17,46833638600000.0,16192397800000.0,12.267664499999999,27.9566515,,,2380389280000000.0,6548550766666667.0,2825771366666666.5,206650822000000.0,294.895914,1.6696632999999999,-2.32913802,3.8822938999999996
2025-11-18,46580189000000.0,19300031500000.0,6.8675654999999995,26.342836,,,1563771950000000.0,,,219702175000000.0,312.31183,1.7491387500000002,-5.38243865,5.3128756500000005
2025-11-19,61540376500000.0,12320109500000.0,,,,,1642245350000000.0,,,165954275000000.0,295.6707,1.8002946,-1.6611382499999998,1.76837965
2025-11-20,44998449666666.664,15449483333333.334,,,,,1686067166666666.8,,,198395320000000.0,301.4313233333333,1.7916263000000001,1.3201326362666668,0.6609641441999999
2025-11-21,32323860000000.0,17122737000000.0,,,,,2182110875000000.0,3827116400000000.0,2103600500000000.0,204659412500000.0,294.1445925,1.77718255,-4.54049045,4.98624885
2025-11-22,37541941500000.0,16439271000000.0,,,,,1749374950000000.0,,,185249445000000.0,299.05797,2.65098035,8.630851,2.4196876
2025-11-23,22076856666666.668,18112608333333.332,,,,,1348607066666666.8,,,239596670000000.0,278.68992333333335,2.640872633333333,17.112225333333335,7.637615333333333
2025-11-24,46287807250000.0,13255522875000.0,6.262702,33.229736,,,1477731687500000.0,,,160267798250000.0,282.05134375,2.3568243125,8.5879329,21.605773562499998
2025-11-25,41051910000000.0,15314379500000.0,,,,,1699412375000000.0,5438745000000000.0,2546030300000000.0,200132320000000.0,288.444385,1.926637925,-1.274006375,4.029430525
2025-11-26,32759605000000.0,14786417200000.0,,,,,1326581540000000.0,2320361050000000.0,1786774600000000.0,164308318000000.0,302.55725,2.25424486,2.9487451800000004,3.87758988
2025-11-27,54228230000000.0,14780347000000.0,,,,,2846017400000000.0,,,180976090000000.0,317.89314666666667,2.1176295333333335,-3.6495436666666676,3.930070566666666
2025-11-28,36909466000000.0,15560726000000.0,,,,,1036646416666666.6,,,170971863333333.34,279.3564166666667,2.6094941333333335,7.597429166666667,14.281696766666668
2025-11-29,27618664666666.668,13737192500000.0,5.79014,25.88452033333333,,,1513370766666666.8,,,157186891666666.66,304.7675683333334,2.627895833333333,49.831366955,77.1550249
2025-11-30,46824217666666.664,15111965000000.0,13.12159625,25.65917525,,,1680290833333333.2,3358214166666666.5,2071455466666666.8,197759930000000.0,294.13366,1.7840819333333335,-6.2579380166666665,5.883048466666668
2025-12-01,26915645666666.668,16939853666666.666,,,,,1431175100000000.0,,,192846733333333.34,309.78299666666663,2.404583966666667,2.68868026,2.7380559000000004
2025-12-02,63387345250000.0,18721509250000.0,9.356503499999999,24.470948749999998,,,1153725925000000.0,,,217103527500000.0,313.037925,2.410408625,-6.585305249999999,11.071948625000001
2025-12-03,35453639600000.0,15457193800000.0,13.3111255,26.6185905,,,1360496920000000.0,,,173324178000000.0,284.750082,2.6870686800000003,22.18688882,117.0399676
2025-12-04,39687242666666.664,13463612222222.223,,,,,1281104177777777.8,3239038633333333.5,2196093833333333.2,172595156666666.66,259.56984444444447,2.563212077777778,-0.8639291577777782,59.51414824888889
2025-12-05,31124633906666.668,16563780333333.334,10.0165915,29.944508,,,965668350000000.0,338265080000000.0,1728202000000000.0,221825466666666.66,289.70533,1.9368604333333332,9.353745333333334,6.010470233333333
2025-12-06,43292543500000.0,15478549000000.0,,,,,1429428950000000.0,,,189075775000000.0,298.75627,2.7511712499999996,3.6212456,2.9996605
2025-12-07,44079696666666.664,15925092000000.0,,,,,2787481600000000.0,,,191244916666666.66,289.54238333333336,2.912198233333333,9.120259266666666,6.4272611
2025-12-08,23381694166666.668,14521975500000.0,,,,,780858105000000.0,,,169639198333333.34,300.78541666666666,2.820626666666667,16.276623400000002,24.244752183333333
2025-12-09,44806088200000.0,13864018800000.0,,,,,863042430000000.0,-1196325815000000.0,2006674150000000.0,172848872000000.0,318.284778,2.64423034,-59.69515786000001,20.82825764
2025-12-10,24131412500000.0,22047681500000.0,,,,,1020261650000000.0,,,305050200000000.0,288.69175,2.03697625,13.653846999999999,6.91406415
2025-12-11,42530944500000.0,18995694333333.332,,,,,1219051546666666.8,,,205468470000000.0,326.33692666666667,2.742195166666667,11.063196099999999,11.741985399999999
2025-12-12,45080071000000.0,20200833200000.0,8.853397699999999,30.582266600000004,,,952736260000000.0,,,230039206000000.0,316.73255200000006,2.93973194,-23.3878616,30.6825084
2025-12-13,16953984666666.666,21280680666666.668,,,,,996374500000000.0,,,200899536666666.66,338.75074666666666,3.587910266666667,-12.288444333333333,52.41756233333333
2025-12-14,42361047000000.0,14210055666666.666,,,,,1628774933333333.2,,,187357873333333.34,364.94785333333334,2.0727227333333333,9.1290854,9.6275252
2025-12-15,39193170000000.0,15411284000000.0,,,,,1148753500000000.0,,,179600075000000.0,298.55627,2.6226646000000002,-1.0529842500000002,5.297261499999999
2025-12-16,33644682600000.0,17381763400000.0,10.2106885,20.7821115,,,1361136980000000.0,,,208412118000000.0,291.448042,2.7252241,1.84218562,18.598435079999998
2025-12-17,25905341000000.0,19374180333333.332,,,,,1272486200000000.0,,,199309676666666.66,279.43984666666665,3.464483733333333,7.737949366666666,15.099324000000001
2025-12-18,33048006375000.0,11998602600000.0,,,,,1054256250000000.0,,,145669325000000.0,279.43486,3.137626125,-3.1731382750000003,112.17155989999999
2025-12-19,27835986000000.0,14919751000000.0,,,,,1058391450000000.0,,,188319720000000.0,259.62117,2.21614945,-2.30296945,4.767202285
2025-12-20,63942100000000.0,16222348500000.0,,,,,1239580700000000.0,,,175187275000000.0,312.1606,2.58492445,-4.157519991,3.27182411
2025-12-21,37226821750000.0,19892886000000.0,6.125777325,27.32742575,,,615883952500000.0,,,217578160000000.0,274.3240075,2.922116925,11.647867375,19.610915925
2025-12-22,46251265500000.0,19212836000000.0,6.1413931999999996,25.6620965,,,836937400000000.0,,,200968220000000.0,276.93902,3.60068835,38.335589999999996,17.823383999999997
2025-12-23,53932667666666.664,14159925483333.334,2.61460635,31.795595499999997,,,566370811666666.6,,,158144433333333.34,366.6700616666667,3.0717816666666664,-81.29779271666666,39.85502345
2025-12-24,41857370500000.0,21939125000000.0,5.1103344,30.170553,,,700617860000000.0,,,358414680000000.0,312.19928,1.7952892,18.425809,10.341269
2025-12-25,44574845000000.0,18875214200000.0,6.87776068,25.6623604,,,634981748000000.0,,,223093464000000.0,314.03794800000003,2.4937793800000003,-1.8096139999999992,15.6781294
2025-12-26,39794355000000.0,25821301500000.0,5.90767025,27.450346,,,531323430000000.0,,,361131455000000.0,297.02878,2.4291964000000004,52.0673715,21.1754045
2025-12-27,30189962666666.668,17591756666666.666,,,,,902164136666666.6,,,188960350000000.0,304.43964,3.8152093333333332,-40.441775666666665,25.992283666666665
2025-12-28,34915641000000.0,15544690920000.0,5.8632812,36.605976,,,890874915000000.0,,,160003710000000.0,350.0048266666667,3.9748799333333333,-111.63040986799999,99.230563236
2025-12-29,49757445000000.0,16038735000000.0,5.526692,29.006111,,,1024869130000000.0,,,206858583333333.34,378.71350333333334,2.2463797666666667,-1.3957716666666669,9.828367866666667
2025-12-30,42909782000000.0,18451980000000.0,3.5862158,31.097762000000003,,,895552942500000.0,,,220823197500000.0,392.7954975,2.479005375,-22.5567425,14.165563
2025-12-31,45729682666666.664,20363627000000.0,3.1433237666666667,31.666839333333332,,,775153266666666.6,,,231469273333333.34,397.89816333333334,2.8807457999999997,-7.820565000000001,35.05966
2026-01-01,26734850000000.0,21929085333333.332,,,,,555302483333333.3,,,215965373333333.34,330.8960533333333,3.4840898333333334,,0.72116341
2026-01-02,47861904714285.71,15171368428571.428,,,,,1007587297142857.1,,,166729811428571.44,379.91815142857143,3.6940900285714284,,1.1592240842857144
2026-01-03,50333624285714.29,14532863142857.143,,,,,1458433871428571.5,,,169950427142857.16,424.5490414285714,2.250378242857143,,2.937584084285714
2026-01-04,49907363750000.0,16883066750000.0,,,,,2669273775000000.0,,,200729617500000.0,394.6959325,2.614232425,,0.7392716875
2026-01-05,24455713500000.0,19674070000000.0,5.76914905,23.037214,,,2037191150000000.0,,,219997235000000.0,371.35843,3.0150703,,0.5693120700000001
2026-01-06,40781268250000.0,18255192750000.0,,,,,1478567000000000.0,,,204187170000000.0,434.75828,3.60706645,,1.69593804
2026-01-07,41115279750000.0,15442574750000.0,6.0060935,23.824633,,,2094621100000000.0,,,188994218888888.88,394.65496444444443,2.9710714333333335,,0.86770686375
2026-01-11,40072585666666.664,15626421500000.0,5.7665014,32.83478,,,1940648250000000.0,,,185670425000000.0,365.0903433333333,2.521547883333333,65.93790996666667,33.44672988333333
2026-01-12,43136064940000.0,16348055600000.0,4.44126385,33.3651915,,,1403430420000000.0,1593244600000000.0,1762367800000000.0,191699482000000.0,367.20627,2.90252262,16.063215619999998,34.542617719999996
2026-01-13,47087215500000.0,16374335000000.0,,,,,1236960350000000.0,,,201784150000000.0,360.924135,2.1008167,-8.1759545,8.8088962
2026-01-14,46650700666666.664,17789227000000.0,4.719505,19.762281,,,2967703500000000.0,,,231346660000000.0,326.75293,2.3348164,1.3587454,11.2589616
2026-01-15,40208127166666.664,18141100833333.332,6.979494,24.947612000000003,,,1925045366666666.8,,,195535961666666.66,368.66822499999995,2.69288035,37.07205583333333,35.09561583333333
2026-01-16,39713223375000.0,14314951000000.0,7.67018788,23.3187784,,,1920496450000000.0,,,187503405000000.0,322.36986875,2.0118139999999998,-36.9644054,28.980696475
2026-01-17,56214937000000.0,15604221000000.0,5.1773237,19.8615465,,,1444447300000000.0,,,217360040000000.0,339.91216,1.6106554499999999,0.10165374999999988,10.5404628
2026-01-18,21865757866666.668,18549809000000.0,3.0488226333333333,18.902995333333333,,,1817030866666666.8,,,219829716666666.66,317.87217333333336,1.7254306999999998,3.531802933333333,19.324777366666666
2026-01-19,45200856000000.0,18805114000000.0,,,,,1709275600000000.0,,,224770102500000.0,376.60733,2.1410557,12.69741775,11.659700125
2026-01-20,53265613500000.0,19893677500000.0,2.5358404,28.9952165,,,1481109700000000.0,,,238618785000000.0,359.466495,2.12671665,-16.874822,31.590372000000002
2026-01-21,47474257666666.664,14670785333333.334,5.1045552333333335,21.8664485,,,2372223766666666.5,,,195912988333333.34,350.57260833333333,1.8772562833333335,-63.68430755,31.04269306666667
2026-01-22,42276914000000.0,15672160000000.0,4.5835695,20.927187,,,1850605750000000.0,,,213770150000000.0,396.67015000000004,1.5670535,14.2163065,3.9715325999999997
2026-01-23,37519024500000.0,16740584500000.0,2.6280347,22.119412500000003,,,1908266850000000.0,,,233409465000000.0,418.84625,1.65648545,17.6438025,6.19344755
2026-01-24,,19615972200000.0,3.7761848799999997,20.73373,,,1462780200000000.0,,,229633516000000.0,405.22321,1.83538078,-5.171638799999999,14.573497
2026-01-25,,18190713666666.668,4.2194403,25.794173,,,1303638453333333.2,,,205009643333333.34,377.16555666666665,1.9463567666666668,8.362371466666668,76.55107966666667
2026-01-26,,13461874750000.0,,,,,1366840175000000.0,,,171303335000000.0,377.838615,3.04053285,9.179032075,11.494501750000001
2026-01-27,,13805312666666.666,,,,,1580704266666666.8,,,168939743333333.34,395.7455433333333,1.8997603666666667,1.579084333333333,2.3361401999999996
2026-01-28,,16549160166666.666,6.4845514,29.467594,,,2127232133333333.2,2507012466666666.5,1568064366666666.8,196920378333333.34,450.40448833333335,1.5280032,9.651209199999998,7.722571733333333
2026-01-29,,15390218666666.666,,,,,1917223133333333.2,,,296814750000000.0,353.6997166666667,1.8229002666666665,0.2531128333333334,22.874023499999996
2026-01-30,,17090780000000.0,2.3297412,20.4088835,,,1820647900000000.0,,,208649165000000.0,414.61,1.79125875,3.472624999999999,16.026225500000002
2026-01-31,,15443325166666.666,2.33513525,21.75641416666667,,,1376497083333333.2,,,177590246666666.66,438.35305666666665,1.9349769166666668,-4.254354266666667,29.055624833333336
2026-02-01,,17022393000000.0,1.85792548,16.946019,,,1909935140000000.0,2490245200000000.0,1511734650000000.0,228839346000000.0,396.645994,1.2277214,3.3972546019999994,2.450696354
2026-02-02,,19139129000000.0,2.83158318,17.473504400000003,,,1887867160000000.0,1386708330000000.0,1348980250000000.0,241121192000000.0,455.66490999999996,1.34750722,1.22819386,6.46392628
2026-02-03,23966498500000.0,18467541500000.0,7.00283415,18.872042,,,2218482150000000.0,,,221883170000000.0,358.476775,1.5104134999999999,-2.12303,5.4991465
2026-02-04,29033352000000.0,17472589333333.334,5.9253411,20.808983666666666,,,1969570433333333.2,,,190177216666666.66,349.7335666666666,1.5647529666666664,0.6236280000000006,13.124684333333335
2026-02-05,32824229875000.0,13864605250000.0,,,,,1492041075000000.0,29725429000000.0,1147707700000000.0,165295461250000.0,410.33589875,1.669291775,-6.478720912500001,14.68030787875
2026-02-06,44084626250000.0,15141743250000.0,,,,,1428013800000000.0,142245221500000.0,1069052030000000.0,204178622500000.0,408.3810575,1.172072875,2.74116959,6.24982785
2026-02-07,47174668000000.0,15806729000000.0,,,,,1627549833333333.2,,,205486456666666.66,370.6086133333333,1.4398142666666667,0.07751566666666669,23.421544933333333
2026-02-08,38210863500000.0,17499325000000.0,3.20397245,18.137675,,,1582283450000000.0,,,199273885000000.0,398.598885,1.48383205,-3.3846514999999995,5.039345
2026-02-09,40159506875000.0,15211973875000.0,2.13143785,18.27917575,,,1863109500000000.0,3205230433333333.5,2082914866666666.8,190321201250000.0,411.250135,1.4193721937500001,14.195100795,8.1828023375
2026-02-10,41911530428571.43,15163782142857.143,2.7479857666666665,20.4699605,,,1955401342857142.8,2109050550000000.0,1370500950000000.0,202934542857142.84,406.19083714285716,1.3573449285714285,-1.9816402367142867,10.100479910571428
2026-02-11,48301875500000.0,13853375000000.0,,,,,2059352000000000.0,,,187729540000000.0,401.98149,1.23669875,-2.64393775,1.06074358
2026-02-12,,,,,,,,,,,,,,
2026-02-13,49058251000000.0,15950238000000.0,,,,,1915777966666666.8,3664282200000000.0,1864022800000000.0,256873113333333.34,437.5598166666667,1.379208,3.5505210333333337,1.8335161
2026-02-14,48133104000000.0,13546746000000.0,7.2700205,24.24336,,,2293477042857143.0,5895325550000000.0,2458690050000000.0,199001032857142.84,449.2501685714286,1.14945028,5.017059091428571,39.24091608571428
2026-02-15,38456778500000.0,14833280000000.0,,,,,1968640750000000.0,,,232271390000000.0,420.860775,1.11968435,0.30382275000000003,1.805920815
2026-02-16,40804129000000.0,17001554000000.0,2.2293301999999997,16.6398255,,,2004581300000000.0,,,269581740000000.0,364.96564,1.1925940499999999,1.178896,2.8281065
2026-02-17,38517231000000.0,18131959500000.0,1.9092675999999997,21.838047000000003,,,2131834650000000.0,,,234527440000000.0,392.967605,1.27070535,2.9950638000000005,4.54362755
2026-02-18,47263567000000.0,17179497400000.0,,,,,1464713140000000.0,1027643953333333.4,1315815133333333.2,209731998000000.0,368.31855,1.3193118,3.1535664,81.06521253999999
2026-02-19,49147280857142.86,13992497000000.0,,,,,1327733171428571.5,,,208848475714285.72,373.4531414285714,1.1135448542857143,-0.7784250642857142,2.1322422
2026-02-20,54967134250000.0,16374168250000.0,4.1866407,15.267725,,,1441922400000000.0,,,244228320000000.0,361.8592375,1.1333197,-0.5256021750000001,11.5058811875
2026-02-21,42410924000000.0,16731073500000.0,3.7850745,23.981607,,,871967780000000.0,,,256710230000000.0,304.472975,1.1958886,1.5473429,0.49029702
2026-02-22,46480261000000.0,15997768200000.0,4.641435250000001,24.6861375,,,1486826660000000.0,-866625050000000.0,1015286300000000.0,231090226000000.0,335.225192,1.14676292,1.836573988,1.68889697
2026-02-23,37235267500000.0,16224790000000.0,,,,,1153689650000000.0,,,225162720000000.0,322.60754,1.1861038000000002,-2.93626235,1.6989801999999998
2026-02-24,60656569400000.0,13746741400000.0,,,,,1109856536000000.0,,,198087490000000.0,339.650268,1.0529090140000001,-0.7174769639999999,1.9687893232
2026-02-25,45441985000000.0,15731587500000.0,,,,,1217890650000000.0,,,234523960000000.0,391.2856,1.04120575,-0.43710197000000006,2.0282196
2026-02-26,59550012000000.0,17888270000000.0,7.921142,16.61671,-4962694600000000.0,4208096500000000.0,1578743266666666.8,-529970880000000.0,978635750000000.0,269467696666666.66,385.41588333333334,1.0418437666666667,-0.16315779999999994,2.97983192
2026-02-27,40559136000000.0,17821847800000.0,,,,,1622285320000000.0,-1138189700000000.0,1096092650000000.0,254208218000000.0,335.29571599999997,1.10526778,-0.50924334,3.79298522
2026-02-28,42877492000000.0,17386240500000.0,14.9614635,19.610622499999998,,,2063446050000000.0,,,257582435000000.0,321.719875,1.14106775,2.1770192,1.06090903
2026-03-01,35939750000000.0,15665580333333.334,12.424837833333333,20.480791666666665,,,1791907216666666.8,,,265076903333333.34,349.9390383333334,1.0000263166666665,2.031194326,1.4477177883333334
2026-03-02,67489589500000.0,18228111000000.0,,,,,1862004650000000.0,,,283224000000000.0,430.16913999999997,0.87446372,-0.7269307500000001,1.1593086499999998
2026-03-03,53078968400000.0,18317078400000.0,6.2615488,15.974855999999999,-781523000000000.0,1.5775035e+16,1292561992000000.0,-1296693000000000.0,1087198300000000.0,310594224000000.0,399.809796,1.0719612939999998,0.5277786052,1.165262446
2026-03-04,57927147000000.0,18301153500000.0,,,,,1482216350000000.0,,,277727190000000.0,407.607115,1.1388609,0.41659500000000005,2.6908078
2026-03-05,37653800000000.0,16950027500000.0,9.30066425,20.430746499999998,,,1357454700000000.0,,,287653615000000.0,372.069885,0.95700502,-0.735503586,3.7582003349999997
2026-03-06,43735044875000.0,15469071750000.0,10.603984800000001,20.130545,,,1288192716250000.0,-2887662966666666.5,1898309766666666.8,289576887500000.0,362.1664075,0.9910110625,2.61384756625,1.73909020625
2026-03-07,54925590000000.0,20600824750000.0,10.182327,15.665996,3.2931997e+16,1.2960537e+16,2235034850000000.0,1339864215000000.0,1422450900000000.0,420683867500000.0,410.01856,1.00209385,0.5420117175,0.6017691675000001
2026-03-08,51189060000000.0,22845298666666.668,7.999156800000001,16.274222666666667,,,1255555433333333.2,,,431803533333333.3,356.81716000000006,1.1024707666666667,-0.08419532,2.09563183
2026-03-09,41504562000000.0,21049993333333.332,6.199953866666667,17.539474000000002,,,1623271500000000.0,,,411045346666666.7,338.79294666666664,1.0528490666666668,-1.8315425666666665,11.7192669
2026-03-10,32572548500000.0,19412218750000.0,7.593208499999999,20.101312999999998,-2.548864e+16,1.346693285e+17,2142449650000000.0,-438163425000000.0,1798819250000000.0,351091352500000.0,363.3364325,1.039926525,0.18777102499999998,8.204055175
2026-03-11,47041379571428.57,17527406142857.143,11.575037333333333,20.528097833333334,-964924250000000.0,2860849150000000.0,2210367957142857.2,2269552850000000.0,1703964300000000.0,368571864285714.3,370.62007714285716,0.9290241928571429,1.461110777142857,1.9962063342857144
2026-03-12,28587316800000.0,22454907400000.0,12.120166999999999,20.0621484,2.6229283e+16,1.072294725e+16,2661307540000000.0,3746391400000000.0,2563251475000000.0,501158480000000.0,381.956306,1.1246622,-1.315270596,2.522899788
2026-03-13,28948596650000.0,26231373000000.0,14.794381999999999,18.870559999999998,1.266646985e+16,8159503500000000.0,2822456650000000.0,4392315500000000.0,2692291150000000.0,486620265000000.0,375.68266,1.1040005000000002,5.5290212499999996,1.51140955
2026-03-14,55797759500000.0,25134297500000.0,12.5017475,21.3856925,-1.9288181e+16,5.1687555e+16,2757800150000000.0,5930672050000000.0,3523329750000000.0,519787070000000.0,369.59512,1.0903342,-0.90293201,2.9936859100000004
2026-03-15,40642617285714.29,20202766285714.285,6.988358214285715,22.114676714285714,1.1507622028571428e+16,5602149414285714.0,2538753257142857.0,4509821800000000.0,3294132540000000.0,433753311428571.44,374.4524314285714,0.9608123142857143,0.23356714485714283,2.7545347207142856
2026-03-16,37168105875000.0,20448021125000.0,7.136546624999999,21.658015,1.1299806646e+16,7981021040000000.0,2207225537500000.0,2207091860000000.0,2587234960000000.0,473959090000000.0,475.63801625,0.8843526349999999,-0.10731314624999999,4.296956586875
2026-03-17,39823960333333.336,24975245333333.332,10.003898333333334,19.127425,1.4017463e+16,6050665033333333.0,1921841000000000.0,821738820000000.0,2635882200000000.0,533598416666666.7,428.75359,0.9791774666666667,1.2508282533333333,0.9686644000000001
2026-03-18,33120180066666.668,20402384666666.668,7.894799266666666,19.711844666666668,,,1807979366666666.8,,,510519406666666.7,357.61215999999996,1.0412512233333333,0.2704762233333334,4.141634333333333
2026-03-19,57844554750000.0,23577741000000.0,8.674332,19.15414825,-8598834433333333.0,5.7394717e+16,1496112350000000.0,-1024336200000000.0,2334106966666666.5,514441200000000.0,371.949735,1.093571175,0.32823688749999996,5.864621025
2026-03-20,55221284500000.0,14841824500000.0,,,,,1774382316666666.8,,,405511208333333.3,394.87113500000004,0.9058643216666667,-0.5470255816666667,1.0632905166666669
2026-03-21,35256773533333.336,16636668666666.666,,,,,1731311833333333.2,,,474158370000000.0,356.8252666666667,0.9376358533333334,-0.11473333000000001,0.7854944700000001
2026-03-22,,,,,,,,,,,,,,
2026-03-23,53191752333333.336,24373896000000.0,5.815161533333334,21.777050333333335,-2.6228923e+16,6.796981e+17,1848840700000000.0,671811600000000.0,1840109200000000.0,569778903333333.4,373.54362999999995,1.1350872333333333,-0.5346786666666666,3.0743650000000002
2026-03-24,36795457800000.0,22329082000000.0,,,2.452046737e+16,8051482326000000.0,2102799060000000.0,2339669685000000.0,3116712875000000.0,527822936000000.0,376.87547,1.0564634659999999,0.8445532339999999,2.0918736
2026-03-25,35951768428571.43,18069970714285.715,,,,,2118242528571428.5,,,429149972857142.9,364.84141714285715,1.2682024,-0.7673091371428572,2.376156284285714
2026-03-26,57362025000000.0,16737003500000.0,,,,,2206160350000000.0,,,430929270000000.0,376.16954,1.2003715000000001,-0.400340465,0.69490288
2026-03-27,50138533500000.0,21342595500000.0,,,,,2404687500000000.0,,,539006100000000.0,399.90243,1.0751840000000001,0.22802924999999996,2.24471343
2026-03-28,40550844200000.0,25902930800000.0,12.625734900000001,19.5419308,1.546795166e+16,8533670920000000.0,2334343880000000.0,1454508379000000.0,2662406620000000.0,701032600000000.0,393.429938,1.10186972,0.719330026,3.4052925200000006
2026-03-29,36290882500000.0,23466596000000.0,11.493263500000001,21.340351,1.49036432e+16,7085457000000000.0,2149347850000000.0,394773235000000.0,3388854000000000.0,554108100000000.0,417.095225,0.9787016799999999,0.540819785,0.41687897
2026-03-30,51781989000000.0,18994807166666.668,12.183933249999999,21.56335175,,,2465995800000000.0,2154763900000000.0,2714221000000000.0,491210181666666.7,407.6019533333333,0.9596227933333333,-0.4278176843333333,4.6959912133333335
2026-03-31,52310260666666.664,16634882000000.0,,,,,2247429566666666.8,,,482472330000000.0,373.99779000000007,1.2554453333333333,-0.13446704166666665,0.20232496333333336
